created_at,lead_1,lead_2,lead_3
2026-08-04T04:57:03-04:00,12.238506317138672,0.312392920255661,-11.92611312866211
2026-08-04T04:57:03.004000-04:00,12.251601219177246,0.3234996795654297,-11.928101539611816
2026-08-04T04:57:03.008000-04:00,12.247391700744629,0.32537031173706055,-11.922021865844727
2026-08-04T04:57:03.012000-04:00,12.244001388549805,0.32782548666000366,-11.916175842285156
2026-08-04T04:57:03.016000-04:00,12.251951217651367,0.3429073393344879,-11.90904426574707
2026-08-04T04:57:03.020000-04:00,12.259551048278809,0.33016377687454224,-11.929387092590332
2026-08-04T04:57:03.024000-04:00,12.256277084350586,0.34454411268234253,-11.91173267364502
2026-08-04T04:57:03.028000-04:00,12.255342483520508,0.348051518201828,-11.907291412353516
2026-08-04T04:57:03.032000-04:00,12.249262809753418,0.35354647040367126,-11.895716667175293
2026-08-04T04:57:03.036000-04:00,12.255692481994629,0.35190966725349426,-11.903782844543457
2026-08-04T04:57:03.040000-04:00,12.258030891418457,0.3696805238723755,-11.888350486755371
2026-08-04T04:57:03.044000-04:00,12.263994216918945,0.37026509642601013,-11.893729209899902
2026-08-04T04:57:03.048000-04:00,12.255576133728027,0.358223021030426,-11.897353172302246
2026-08-04T04:57:03.052000-04:00,12.255692481994629,0.3697974383831024,-11.885894775390625
2026-08-04T04:57:03.056000-04:00,12.255576133728027,0.3537802994251251,-11.901795387268066
2026-08-04T04:57:03.060000-04:00,12.267851829528809,0.3693297803401947,-11.89852237701416
2026-08-04T04:57:03.064000-04:00,12.275100708007812,0.37587693333625793,-11.899223327636719
2026-08-04T04:57:03.068000-04:00,12.26375961303711,0.36956360936164856,-11.894195556640625
2026-08-04T04:57:03.072000-04:00,12.25908374786377,0.36558854579925537,-11.893495559692383
2026-08-04T04:57:03.076000-04:00,12.26352596282959,0.35261115431785583,-11.910914421081543
2026-08-04T04:57:03.080000-04:00,12.263409614562988,0.34220585227012634,-11.92120361328125
2026-08-04T04:57:03.084000-04:00,12.27568531036377,0.3440764844417572,-11.931609153747559
2026-08-04T04:57:03.088000-04:00,12.2615385055542,0.360912024974823,-11.900626182556152
2026-08-04T04:57:03.092000-04:00,12.253939628601074,0.3459470868110657,-11.907992362976074
2026-08-04T04:57:03.096000-04:00,12.255809783935547,0.32490265369415283,-11.930907249450684
2026-08-04T04:57:03.100000-04:00,12.256277084350586,0.3295792043209076,-11.926697731018066
2026-08-04T04:57:03.104000-04:00,12.261422157287598,0.31858932971954346,-11.942832946777344
2026-08-04T04:57:03.108000-04:00,12.257914543151855,0.3224474787712097,-11.935466766357422
2026-08-04T04:57:03.112000-04:00,12.245521545410156,0.3163679540157318,-11.929153442382812
2026-08-04T04:57:03.116000-04:00,12.24937915802002,0.3074825406074524,-11.941896438598633
2026-08-04T04:57:03.120000-04:00,12.256277084350586,0.30607956647872925,-11.950197219848633
2026-08-04T04:57:03.124000-04:00,12.25545883178711,0.3167186975479126,-11.938739776611328
2026-08-04T04:57:03.128000-04:00,12.25908374786377,0.3171863555908203,-11.94189739227295
2026-08-04T04:57:03.132000-04:00,12.242131233215332,0.3005846440792084,-11.941546440124512
2026-08-04T04:57:03.136000-04:00,12.24107837677002,0.30081847310066223,-11.94025993347168
2026-08-04T04:57:03.140000-04:00,12.244118690490723,0.31180834770202637,-11.932310104370117
2026-08-04T04:57:03.144000-04:00,12.258732795715332,0.3148480951786041,-11.94388484954834
2026-08-04T04:57:03.148000-04:00,12.258381843566895,0.3083009421825409,-11.950080871582031
2026-08-04T04:57:03.152000-04:00,12.239675521850586,0.3175370991230011,-11.922138214111328
2026-08-04T04:57:03.156000-04:00,12.236285209655762,0.2943882346153259,-11.94189739227295
2026-08-04T04:57:03.160000-04:00,12.253588676452637,0.3026890754699707,-11.950899124145508
2026-08-04T04:57:03.164000-04:00,12.260135650634766,0.3025721609592438,-11.957563400268555
2026-08-04T04:57:03.168000-04:00,12.243767738342285,0.29251760244369507,-11.951250076293945
2026-08-04T04:57:03.172000-04:00,12.2283353805542,0.28515204787254333,-11.943182945251465
2026-08-04T04:57:03.176000-04:00,12.243534088134766,0.29123157262802124,-11.952302932739258
2026-08-04T04:57:03.180000-04:00,12.241546630859375,0.2807093560695648,-11.960837364196777
2026-08-04T04:57:03.184000-04:00,12.244585990905762,0.2801247835159302,-11.964461326599121
2026-08-04T04:57:03.188000-04:00,12.245404243469238,0.29403749108314514,-11.951366424560547
2026-08-04T04:57:03.192000-04:00,12.23453140258789,0.2733438014984131,-11.961187362670898
2026-08-04T04:57:03.196000-04:00,12.23885726928711,0.28690576553344727,-11.95195198059082
2026-08-04T04:57:03.200000-04:00,12.246106147766113,0.2773188650608063,-11.96878719329834
2026-08-04T04:57:03.204000-04:00,12.245404243469238,0.281410813331604,-11.963993072509766
2026-08-04T04:57:03.208000-04:00,12.234415054321289,0.27509748935699463,-11.959317207336426
2026-08-04T04:57:03.212000-04:00,12.234882354736328,0.2722915709018707,-11.962591171264648
2026-08-04T04:57:03.216000-04:00,12.23453140258789,0.263873815536499,-11.970657348632812
2026-08-04T04:57:03.220000-04:00,12.23640251159668,0.2698363959789276,-11.96656608581543
2026-08-04T04:57:03.224000-04:00,12.23640251159668,0.2698363959789276,-11.96656608581543
2026-08-04T04:57:03.228000-04:00,12.23838996887207,0.26925182342529297,-11.969138145446777
2026-08-04T04:57:03.232000-04:00,12.2325439453125,0.2589634358882904,-11.973580360412598
2026-08-04T04:57:03.236000-04:00,12.232894897460938,0.2624708414077759,-11.970423698425293
2026-08-04T04:57:03.240000-04:00,12.233128547668457,0.2621200978755951,-11.97100830078125
2026-08-04T04:57:03.244000-04:00,12.250198364257812,0.28445059061050415,-11.965747833251953
2026-08-04T04:57:03.248000-04:00,12.241195678710938,0.28690576553344727,-11.954290390014648
2026-08-04T04:57:03.252000-04:00,12.225763320922852,0.27392837405204773,-11.951834678649902
2026-08-04T04:57:03.256000-04:00,12.235233306884766,0.2789556384086609,-11.956277847290039
2026-08-04T04:57:03.260000-04:00,12.23885726928711,0.25393614172935486,-11.9849214553833
2026-08-04T04:57:03.264000-04:00,12.23885726928711,0.2634061574935913,-11.975451469421387
2026-08-04T04:57:03.268000-04:00,12.225879669189453,0.2544037997722626,-11.971475601196289
2026-08-04T04:57:03.272000-04:00,12.219566345214844,0.25031182169914246,-11.969254493713379
2026-08-04T04:57:03.276000-04:00,12.225646018981934,0.24949343502521515,-11.976152420043945
2026-08-04T04:57:03.280000-04:00,12.23862361907959,0.25908035039901733,-11.979543685913086
2026-08-04T04:57:03.284000-04:00,12.2366361618042,0.2629384994506836,-11.973697662353516
2026-08-04T04:57:03.288000-04:00,12.23453140258789,0.2532346844673157,-11.98129653930664
2026-08-04T04:57:03.292000-04:00,12.227166175842285,0.25031182169914246,-11.97685432434082
2026-08-04T04:57:03.296000-04:00,12.22178840637207,0.25381922721862793,-11.967968940734863
2026-08-04T04:57:03.300000-04:00,12.239441871643066,0.25545603036880493,-11.983985900878906
2026-08-04T04:57:03.304000-04:00,12.23885726928711,0.2572097182273865,-11.981647491455078
2026-08-04T04:57:03.308000-04:00,12.222840309143066,0.249727264046669,-11.973113059997559
2026-08-04T04:57:03.312000-04:00,12.229153633117676,0.2698363959789276,-11.959317207336426
2026-08-04T04:57:03.316000-04:00,12.245755195617676,0.28047552704811096,-11.965279579162598
2026-08-04T04:57:03.320000-04:00,12.25475788116455,0.2922837734222412,-11.96247386932373
2026-08-04T04:57:03.324000-04:00,12.254289627075195,0.33016377687454224,-11.924125671386719
2026-08-04T04:57:03.328000-04:00,12.24446964263916,0.315081924200058,-11.929388046264648
2026-08-04T04:57:03.332000-04:00,12.236869812011719,0.33425572514533997,-11.902613639831543
2026-08-04T04:57:03.336000-04:00,12.247742652893066,0.34056907892227173,-11.907173156738281
2026-08-04T04:57:03.340000-04:00,12.273346900939941,0.3561185598373413,-11.917228698730469
2026-08-04T04:57:03.344000-04:00,12.266566276550293,0.41247087717056274,-11.854095458984375
2026-08-04T04:57:03.348000-04:00,12.241897583007812,0.40814507007598877,-11.833752632141113
2026-08-04T04:57:03.352000-04:00,12.21839714050293,0.406742125749588,-11.811655044555664
2026-08-04T04:57:03.356000-04:00,12.232076644897461,0.39037421345710754,-11.841702461242676
2026-08-04T04:57:03.360000-04:00,12.236167907714844,0.41212013363838196,-11.824048042297363
2026-08-04T04:57:03.364000-04:00,12.246807098388672,0.42696815729141235,-11.819838523864746
2026-08-04T04:57:03.368000-04:00,12.26352596282959,0.4170305132865906,-11.846495628356934
2026-08-04T04:57:03.372000-04:00,12.26738452911377,0.3834763169288635,-11.88390827178955
2026-08-04T04:57:03.376000-04:00,12.256978988647461,0.354949414730072,-11.902029991149902
2026-08-04T04:57:03.380000-04:00,12.247976303100586,0.31823858618736267,-11.92973804473877
2026-08-04T04:57:03.384000-04:00,12.25475788116455,0.3224474787712097,-11.932310104370117
2026-08-04T04:57:03.388000-04:00,12.245988845825195,0.3151988387107849,-11.930789947509766
2026-08-04T04:57:03.392000-04:00,12.225646018981934,0.27918946743011475,-11.946456909179688
2026-08-04T04:57:03.396000-04:00,12.2242431640625,0.2597818374633789,-11.964461326599121
2026-08-04T04:57:03.400000-04:00,12.217812538146973,0.2561575174331665,-11.961654663085938
2026-08-04T04:57:03.404000-04:00,12.20986270904541,0.23978962004184723,-11.970072746276855
2026-08-04T04:57:03.408000-04:00,12.201444625854492,0.21816061437129974,-11.983283996582031
2026-08-04T04:57:03.412000-04:00,12.207290649414062,0.20682001113891602,-12.000471115112305
2026-08-04T04:57:03.416000-04:00,12.210213661193848,0.1982853263616562,-12.01192855834961
2026-08-04T04:57:03.420000-04:00,12.21617603302002,0.19688235223293304,-12.019293785095215
2026-08-04T04:57:03.424000-04:00,12.212785720825195,0.19922062754631042,-12.013565063476562
2026-08-04T04:57:03.428000-04:00,12.212434768676758,0.2027280330657959,-12.009706497192383
2026-08-04T04:57:03.432000-04:00,12.204133987426758,0.19021828472614288,-12.013916015625
2026-08-04T04:57:03.436000-04:00,12.202263832092285,0.17934532463550568,-12.022918701171875
2026-08-04T04:57:03.440000-04:00,12.213019371032715,0.17537027597427368,-12.037649154663086
2026-08-04T04:57:03.444000-04:00,12.207056999206543,0.18472334742546082,-12.022334098815918
2026-08-04T04:57:03.448000-04:00,12.194897651672363,0.18636013567447662,-12.008537292480469
2026-08-04T04:57:03.452000-04:00,12.180400848388672,0.17957915365695953,-12.000822067260742
2026-08-04T04:57:03.456000-04:00,12.17689323425293,0.18530791997909546,-11.991585731506348
2026-08-04T04:57:03.460000-04:00,12.163915634155273,0.22213567793369293,-11.941780090332031
2026-08-04T04:57:03.464000-04:00,12.138311386108398,0.2432970255613327,-11.895014762878418
2026-08-04T04:57:03.468000-04:00,12.175606727600098,0.2680826783180237,-11.907524108886719
2026-08-04T04:57:03.472000-04:00,12.220619201660156,0.27404528856277466,-11.946574211120605
2026-08-04T04:57:03.476000-04:00,12.354484558105469,0.3793843388557434,-11.97510051727295
2026-08-04T04:57:03.480000-04:00,12.520735740661621,0.6612628102302551,-11.85947322845459
2026-08-04T04:57:03.484000-04:00,12.549847602844238,0.9915435314178467,-11.558303833007812
2026-08-04T04:57:03.488000-04:00,12.473152160644531,1.7222529649734497,-10.750899314880371
2026-08-04T04:57:03.492000-04:00,12.40580940246582,2.217498540878296,-10.188310623168945
2026-08-04T04:57:03.496000-04:00,12.332856178283691,2.588932752609253,-9.74392318725586
2026-08-04T04:57:03.500000-04:00,12.319293975830078,2.601325750350952,-9.717967987060547
2026-08-04T04:57:03.504000-04:00,12.256394386291504,2.2604057788848877,-9.995988845825195
2026-08-04T04:57:03.508000-04:00,12.21372127532959,1.5576387643814087,-10.656082153320312
2026-08-04T04:57:03.512000-04:00,12.219099044799805,1.1867890357971191,-11.032310485839844
2026-08-04T04:57:03.516000-04:00,12.240260124206543,0.6237335801124573,-11.61652660369873
2026-08-04T04:57:03.520000-04:00,12.300236701965332,0.5575605630874634,-11.74267578125
2026-08-04T04:57:03.524000-04:00,12.339987754821777,0.5143025517463684,-11.825685501098633
2026-08-04T04:57:03.528000-04:00,12.291468620300293,0.4696415960788727,-11.821826934814453
2026-08-04T04:57:03.532000-04:00,12.269254684448242,0.38593152165412903,-11.883322715759277
2026-08-04T04:57:03.536000-04:00,12.267735481262207,0.3701481819152832,-11.897586822509766
2026-08-04T04:57:03.540000-04:00,12.276620864868164,0.34056907892227173,-11.936051368713379
2026-08-04T04:57:03.544000-04:00,12.273580551147461,0.3264225423336029,-11.947157859802246
2026-08-04T04:57:03.548000-04:00,12.263175010681152,0.31449735164642334,-11.948678016662598
2026-08-04T04:57:03.552000-04:00,12.262590408325195,0.2886594533920288,-11.973931312561035
2026-08-04T04:57:03.556000-04:00,12.264695167541504,0.27965712547302246,-11.985037803649902
2026-08-04T04:57:03.560000-04:00,12.283868789672852,0.31613415479660034,-11.967734336853027
2026-08-04T04:57:03.564000-04:00,12.271475791931152,0.3199922740459442,-11.951483726501465
2026-08-04T04:57:03.568000-04:00,12.28597354888916,0.32653945684432983,-11.959434509277344
2026-08-04T04:57:03.572000-04:00,12.295092582702637,0.31742018461227417,-11.977672576904297
2026-08-04T04:57:03.576000-04:00,12.288779258728027,0.3251364827156067,-11.963643074035645
2026-08-04T04:57:03.580000-04:00,12.291000366210938,0.33343735337257385,-11.957563400268555
2026-08-04T04:57:03.584000-04:00,12.293807029724121,0.3372955024242401,-11.956511497497559
2026-08-04T04:57:03.588000-04:00,12.299067497253418,0.34255659580230713,-11.956510543823242
2026-08-04T04:57:03.592000-04:00,12.30456256866455,0.3484022617340088,-11.956160545349121
2026-08-04T04:57:03.596000-04:00,12.306783676147461,0.3465316593647003,-11.960251808166504
2026-08-04T04:57:03.600000-04:00,12.315319061279297,0.3620811402797699,-11.953237533569336
2026-08-04T04:57:03.604000-04:00,12.323619842529297,0.3777475655078888,-11.94587230682373
2026-08-04T04:57:03.608000-04:00,12.325958251953125,0.38031965494155884,-11.945638656616211
2026-08-04T04:57:03.612000-04:00,12.320112228393555,0.3809042274951935,-11.939208030700684
2026-08-04T04:57:03.616000-04:00,12.326776504516602,0.3958691656589508,-11.930907249450684
2026-08-04T04:57:03.620000-04:00,12.348404884338379,0.4110679030418396,-11.937336921691895
2026-08-04T04:57:03.624000-04:00,12.365241050720215,0.43012481927871704,-11.935115814208984
2026-08-04T04:57:03.628000-04:00,12.355887413024902,0.4408808648586273,-11.915006637573242
2026-08-04T04:57:03.632000-04:00,12.350509643554688,0.45783331990242004,-11.89267635345459
2026-08-04T04:57:03.636000-04:00,12.352263450622559,0.4623929560184479,-11.889870643615723
2026-08-04T04:57:03.640000-04:00,12.372957229614258,0.4730320870876312,-11.899925231933594
2026-08-04T04:57:03.644000-04:00,12.392949104309082,0.5037803053855896,-11.889168739318848
2026-08-04T04:57:03.648000-04:00,12.389558792114258,0.5183945298194885,-11.871164321899414
2026-08-04T04:57:03.652000-04:00,12.409785270690918,0.5428294539451599,-11.866955757141113
2026-08-04T04:57:03.656000-04:00,12.419605255126953,0.564458429813385,-11.855146408081055
2026-08-04T04:57:03.660000-04:00,12.44287109375,0.6059627532958984,-11.836908340454102
2026-08-04T04:57:03.664000-04:00,12.455848693847656,0.6234997510910034,-11.832348823547363
2026-08-04T04:57:03.668000-04:00,12.484492301940918,0.6676930785179138,-11.81679916381836
2026-08-04T04:57:03.672000-04:00,12.487648963928223,0.7055730819702148,-11.782075881958008
2026-08-04T04:57:03.676000-04:00,12.508810997009277,0.7274358868598938,-11.78137493133545
2026-08-04T04:57:03.680000-04:00,12.544235229492188,0.7690570950508118,-11.775177955627441
2026-08-04T04:57:03.684000-04:00,12.554758071899414,0.7908030152320862,-11.763955116271973
2026-08-04T04:57:03.688000-04:00,12.560135841369629,0.8236557245254517,-11.736479759216309
2026-08-04T04:57:03.692000-04:00,12.575801849365234,0.8421280384063721,-11.733674049377441
2026-08-04T04:57:03.696000-04:00,12.586324691772461,0.8664460778236389,-11.719878196716309
2026-08-04T04:57:03.700000-04:00,12.598600387573242,0.8946222066879272,-11.703978538513184
2026-08-04T04:57:03.704000-04:00,12.608771324157715,0.9050275087356567,-11.703743934631348
2026-08-04T04:57:03.708000-04:00,12.601055145263672,0.913211464881897,-11.687843322753906
2026-08-04T04:57:03.712000-04:00,12.596028327941895,0.9144974946975708,-11.681530952453613
2026-08-04T04:57:03.716000-04:00,12.60725212097168,0.9196416735649109,-11.687610626220703
2026-08-04T04:57:03.720000-04:00,12.60140609741211,0.9129776358604431,-11.68842887878418
2026-08-04T04:57:03.724000-04:00,12.59287166595459,0.8948560357093811,-11.698015213012695
2026-08-04T04:57:03.728000-04:00,12.563643455505371,0.876968264579773,-11.686675071716309
2026-08-04T04:57:03.732000-04:00,12.53312873840332,0.8361654281616211,-11.6969633102417
2026-08-04T04:57:03.736000-04:00,12.522138595581055,0.799103856086731,-11.723034858703613
2026-08-04T04:57:03.740000-04:00,12.502964973449707,0.7619253993034363,-11.741039276123047
2026-08-04T04:57:03.744000-04:00,12.469644546508789,0.7000781297683716,-11.769566535949707
2026-08-04T04:57:03.748000-04:00,12.442170143127441,0.6651209592819214,-11.77704906463623
2026-08-04T04:57:03.752000-04:00,12.405108451843262,0.6029229760169983,-11.80218505859375
2026-08-04T04:57:03.756000-04:00,12.384648323059082,0.5643415451049805,-11.820306777954102
2026-08-04T04:57:03.760000-04:00,12.374126434326172,0.5231879949569702,-11.85093879699707
2026-08-04T04:57:03.764000-04:00,12.356940269470215,0.4934919476509094,-11.863448143005371
2026-08-04T04:57:03.768000-04:00,12.320112228393555,0.44298529624938965,-11.877126693725586
2026-08-04T04:57:03.772000-04:00,12.295209884643555,0.4021824896335602,-11.893027305603027
2026-08-04T04:57:03.776000-04:00,12.28796100616455,0.38593152165412903,-11.902029037475586
2026-08-04T04:57:03.780000-04:00,12.278491020202637,0.3557678163051605,-11.922722816467285
2026-08-04T04:57:03.784000-04:00,12.273346900939941,0.33788004517555237,-11.935466766357422
2026-08-04T04:57:03.788000-04:00,12.259784698486328,0.30409204959869385,-11.955692291259766
2026-08-04T04:57:03.792000-04:00,12.248210906982422,0.28164464235305786,-11.96656608581543
2026-08-04T04:57:03.796000-04:00,12.238272666931152,0.2586126923561096,-11.979660034179688
2026-08-04T04:57:03.800000-04:00,12.248794555664062,0.2558067739009857,-11.992987632751465
2026-08-04T04:57:03.804000-04:00,12.244118690490723,0.2617693543434143,-11.982349395751953
2026-08-04T04:57:03.808000-04:00,12.2366361618042,0.26679664850234985,-11.969839096069336
2026-08-04T04:57:03.812000-04:00,12.227867126464844,0.2558067739009857,-11.972060203552246
2026-08-04T04:57:03.816000-04:00,12.233946800231934,0.24961034953594208,-11.984336853027344
2026-08-04T04:57:03.820000-04:00,12.221203804016113,0.24680443108081818,-11.97439956665039
2026-08-04T04:57:03.824000-04:00,12.220735549926758,0.233242467045784,-11.987493515014648
2026-08-04T04:57:03.828000-04:00,12.213603973388672,0.23815283179283142,-11.975451469421387
2026-08-04T04:57:03.832000-04:00,12.205185890197754,0.24551838636398315,-11.959667205810547
2026-08-04T04:57:03.836000-04:00,12.208810806274414,0.24294628202915192,-11.965864181518555
2026-08-04T04:57:03.840000-04:00,12.216059684753418,0.2416602373123169,-11.97439956665039
2026-08-04T04:57:03.844000-04:00,12.210213661193848,0.23429468274116516,-11.975918769836426
2026-08-04T04:57:03.848000-04:00,12.207757949829102,0.24107566475868225,-11.966682434082031
2026-08-04T04:57:03.852000-04:00,12.206939697265625,0.2508963942527771,-11.956043243408203
2026-08-04T04:57:03.856000-04:00,12.204133987426758,0.2525331974029541,-11.951601028442383
2026-08-04T04:57:03.860000-04:00,12.214422225952148,0.27346071600914,-11.940961837768555
2026-08-04T04:57:03.864000-04:00,12.216293334960938,0.2609509527683258,-11.955342292785645
2026-08-04T04:57:03.868000-04:00,12.204251289367676,0.27451291680336,-11.92973804473877
2026-08-04T04:57:03.872000-04:00,12.208693504333496,0.2630554139614105,-11.945637702941895
2026-08-04T04:57:03.876000-04:00,12.222489356994629,0.285736620426178,-11.936752319335938
2026-08-04T04:57:03.880000-04:00,12.220619201660156,0.2781372368335724,-11.942481994628906
2026-08-04T04:57:03.884000-04:00,12.221904754638672,0.2738114595413208,-11.94809341430664
2026-08-04T04:57:03.888000-04:00,12.225996971130371,0.28316453099250793,-11.942831993103027
2026-08-04T04:57:03.892000-04:00,12.22447681427002,0.2754482328891754,-11.949028968811035
2026-08-04T04:57:03.896000-04:00,12.227517127990723,0.2883087396621704,-11.939208030700684
2026-08-04T04:57:03.900000-04:00,12.237571716308594,0.2977787256240845,-11.93979263305664
2026-08-04T04:57:03.904000-04:00,12.240260124206543,0.3180047571659088,-11.922255516052246
2026-08-04T04:57:03.908000-04:00,12.234999656677246,0.312392920255661,-11.922606468200684
2026-08-04T04:57:03.912000-04:00,12.23476505279541,0.3015199601650238,-11.933244705200195
2026-08-04T04:57:03.916000-04:00,12.239324569702148,0.32256439328193665,-11.916760444641113
2026-08-04T04:57:03.920000-04:00,12.243300437927246,0.31613415479660034,-11.927165985107422
2026-08-04T04:57:03.924000-04:00,12.244118690490723,0.31052228808403015,-11.93359661102295
2026-08-04T04:57:03.928000-04:00,12.238039016723633,0.31169143319129944,-11.926347732543945
2026-08-04T04:57:03.932000-04:00,12.239792823791504,0.3071317970752716,-11.932661056518555
2026-08-04T04:57:03.936000-04:00,12.23008918762207,0.31087303161621094,-11.91921615600586
2026-08-04T04:57:03.940000-04:00,12.242364883422852,0.3043258786201477,-11.93803882598877
2026-08-04T04:57:03.944000-04:00,12.242013931274414,0.3391661047935486,-11.902848243713379
2026-08-04T04:57:03.948000-04:00,12.240728378295898,0.3383477032184601,-11.90238094329834
2026-08-04T04:57:03.952000-04:00,12.238039016723633,0.32209673523902893,-11.915942192077637
2026-08-04T04:57:03.956000-04:00,12.238506317138672,0.3175370991230011,-11.920969009399414
2026-08-04T04:57:03.960000-04:00,12.248210906982422,0.31531575322151184,-11.932894706726074
2026-08-04T04:57:03.964000-04:00,12.244819641113281,0.32221364974975586,-11.922605514526367
2026-08-04T04:57:03.968000-04:00,12.245521545410156,0.31005463004112244,-11.935466766357422
2026-08-04T04:57:03.972000-04:00,12.23838996887207,0.3015199601650238,-11.936869621276855
2026-08-04T04:57:03.976000-04:00,12.248210906982422,0.29450514912605286,-11.953705787658691
2026-08-04T04:57:03.980000-04:00,12.262941360473633,0.283047616481781,-11.979893684387207
2026-08-04T04:57:03.984000-04:00,12.253705024719238,0.2829307019710541,-11.97077465057373
2026-08-04T04:57:03.988000-04:00,12.236285209655762,0.27837106585502625,-11.957914352416992
2026-08-04T04:57:03.992000-04:00,12.239324569702148,0.2786048948764801,-11.96072006225586
2026-08-04T04:57:03.996000-04:00,12.246106147766113,0.27077171206474304,-11.975334167480469
2026-08-04T04:57:04-04:00,12.239559173583984,0.2706547975540161,-11.968904495239258
2026-08-04T04:57:04.004000-04:00,12.256043434143066,0.28807491064071655,-11.967968940734863
2026-08-04T04:57:04.008000-04:00,12.236051559448242,0.2765004634857178,-11.959550857543945
2026-08-04T04:57:04.012000-04:00,12.231492042541504,0.2714731693267822,-11.9600191116333
2026-08-04T04:57:04.016000-04:00,12.234180450439453,0.2513640522956848,-11.982816696166992
2026-08-04T04:57:04.020000-04:00,12.24306583404541,0.24598602950572968,-11.997079849243164
2026-08-04T04:57:04.024000-04:00,12.243534088134766,0.2566251754760742,-11.986908912658691
2026-08-04T04:57:04.028000-04:00,12.241546630859375,0.2576773762702942,-11.983869552612305
2026-08-04T04:57:04.032000-04:00,12.229620933532715,0.2729930579662323,-11.95662784576416
2026-08-04T04:57:04.036000-04:00,12.223775863647461,0.24879196286201477,-11.974984169006348
2026-08-04T04:57:04.040000-04:00,12.227166175842285,0.24037417769432068,-11.986791610717773
2026-08-04T04:57:04.044000-04:00,12.242013931274414,0.255339115858078,-11.986675262451172
2026-08-04T04:57:04.048000-04:00,12.234648704528809,0.23978962004184723,-11.994858741760254
2026-08-04T04:57:04.052000-04:00,12.218280792236328,0.2212003618478775,-11.99708080291748
2026-08-04T04:57:04.056000-04:00,12.231725692749023,0.22868283092975616,-12.003043174743652
2026-08-04T04:57:04.060000-04:00,12.218981742858887,0.21769295632839203,-12.001288414001465
2026-08-04T04:57:04.064000-04:00,12.226815223693848,0.23137184977531433,-11.995443344116211
2026-08-04T04:57:04.068000-04:00,12.220852851867676,0.23698368668556213,-11.983869552612305
2026-08-04T04:57:04.072000-04:00,12.217345237731934,0.22716295719146729,-11.990181922912598
2026-08-04T04:57:04.076000-04:00,12.227984428405762,0.23055344820022583,-11.997430801391602
2026-08-04T04:57:04.080000-04:00,12.2367525100708,0.2385035753250122,-11.998249053955078
2026-08-04T04:57:04.084000-04:00,12.233128547668457,0.2335931956768036,-11.99953556060791
2026-08-04T04:57:04.088000-04:00,12.223307609558105,0.23335936665534973,-11.989948272705078
2026-08-04T04:57:04.092000-04:00,12.211265563964844,0.22751370072364807,-11.983752250671387
2026-08-04T04:57:04.096000-04:00,12.222723007202148,0.22412320971488953,-11.998600006103516
2026-08-04T04:57:04.100000-04:00,12.228218078613281,0.21827752888202667,-12.009940147399902
2026-08-04T04:57:04.104000-04:00,12.226932525634766,0.22739678621292114,-11.99953556060791
2026-08-04T04:57:04.108000-04:00,12.216877937316895,0.22061580419540405,-11.996262550354004
2026-08-04T04:57:04.112000-04:00,12.217227935791016,0.21453629434108734,-12.002691268920898
2026-08-04T04:57:04.116000-04:00,12.207290649414062,0.22575999796390533,-11.98153018951416
2026-08-04T04:57:04.120000-04:00,12.225763320922852,0.2183944433927536,-12.007369041442871
2026-08-04T04:57:04.124000-04:00,12.228218078613281,0.2192128449678421,-12.009005546569824
2026-08-04T04:57:04.128000-04:00,12.220619201660156,0.21067814528942108,-12.009941101074219
2026-08-04T04:57:04.132000-04:00,12.217462539672852,0.20366333425045013,-12.013799667358398
2026-08-04T04:57:04.136000-04:00,12.21792984008789,0.21769295632839203,-12.000236511230469
2026-08-04T04:57:04.140000-04:00,12.232661247253418,0.22213567793369293,-12.010525703430176
2026-08-04T04:57:04.144000-04:00,12.224360466003418,0.2183944433927536,-12.005966186523438
2026-08-04T04:57:04.148000-04:00,12.220852851867676,0.2007405012845993,-12.020112037658691
2026-08-04T04:57:04.152000-04:00,12.211265563964844,0.19384260475635529,-12.017422676086426
2026-08-04T04:57:04.156000-04:00,12.217578887939453,0.21056124567985535,-12.007018089294434
2026-08-04T04:57:04.160000-04:00,12.233362197875977,0.20646926760673523,-12.02689266204834
2026-08-04T04:57:04.164000-04:00,12.213837623596191,0.203897163271904,-12.009940147399902
2026-08-04T04:57:04.168000-04:00,12.217578887939453,0.21418555080890656,-12.003393173217773
2026-08-04T04:57:04.172000-04:00,12.219216346740723,0.2119642049074173,-12.007251739501953
2026-08-04T04:57:04.176000-04:00,12.212318420410156,0.21909593045711517,-11.9932222366333
2026-08-04T04:57:04.180000-04:00,12.221437454223633,0.20857371389865875,-12.012864112854004
2026-08-04T04:57:04.184000-04:00,12.222606658935547,0.20693692564964294,-12.015669822692871
2026-08-04T04:57:04.188000-04:00,12.215825080871582,0.21488703787326813,-12.000938415527344
2026-08-04T04:57:04.192000-04:00,12.206121444702148,0.21021050214767456,-11.99591064453125
2026-08-04T04:57:04.196000-04:00,12.218631744384766,0.1906859427690506,-12.027945518493652
2026-08-04T04:57:04.200000-04:00,12.224710464477539,0.18963371217250824,-12.035077095031738
2026-08-04T04:57:04.204000-04:00,12.225763320922852,0.19337494671344757,-12.032388687133789
2026-08-04T04:57:04.208000-04:00,12.214305877685547,0.19501173496246338,-12.019293785095215
2026-08-04T04:57:04.212000-04:00,12.207056999206543,0.19091977179050446,-12.01613712310791
2026-08-04T04:57:04.216000-04:00,12.227984428405762,0.20132507383823395,-12.02665901184082
2026-08-04T04:57:04.220000-04:00,12.224360466003418,0.20378024876117706,-12.020580291748047
2026-08-04T04:57:04.224000-04:00,12.221320152282715,0.20705384016036987,-12.014266014099121
2026-08-04T04:57:04.228000-04:00,12.221437454223633,0.19770075380802155,-12.023736953735352
2026-08-04T04:57:04.232000-04:00,12.214539527893066,0.2091582715511322,-12.00538158416748
2026-08-04T04:57:04.236000-04:00,12.213136672973633,0.20003902912139893,-12.013097763061523
2026-08-04T04:57:04.240000-04:00,12.218514442443848,0.1991037130355835,-12.019411087036133
2026-08-04T04:57:04.244000-04:00,12.225996971130371,0.2099766731262207,-12.016019821166992
2026-08-04T04:57:04.248000-04:00,12.225295066833496,0.20576778054237366,-12.019527435302734
2026-08-04T04:57:04.252000-04:00,12.212318420410156,0.19255656003952026,-12.01976203918457
2026-08-04T04:57:04.256000-04:00,12.213136672973633,0.1962977945804596,-12.016839027404785
2026-08-04T04:57:04.260000-04:00,12.215124130249023,0.20342952013015747,-12.01169490814209
2026-08-04T04:57:04.264000-04:00,12.226932525634766,0.20378024876117706,-12.023152351379395
2026-08-04T04:57:04.268000-04:00,12.217578887939453,0.2055339515209198,-12.012044906616211
2026-08-04T04:57:04.272000-04:00,12.21839714050293,0.2116134613752365,-12.006783485412598
2026-08-04T04:57:04.276000-04:00,12.225996971130371,0.20728765428066254,-12.018709182739258
2026-08-04T04:57:04.280000-04:00,12.240377426147461,0.21126271784305573,-12.029114723205566
2026-08-04T04:57:04.284000-04:00,12.233830451965332,0.20623543858528137,-12.027594566345215
2026-08-04T04:57:04.288000-04:00,12.207757949829102,0.18074829876422882,-12.027009963989258
2026-08-04T04:57:04.292000-04:00,12.218748092651367,0.19536247849464417,-12.023386001586914
2026-08-04T04:57:04.296000-04:00,12.218047142028809,0.20050667226314545,-12.01754093170166
2026-08-04T04:57:04.300000-04:00,12.218865394592285,0.20985975861549377,-12.009005546569824
2026-08-04T04:57:04.304000-04:00,12.23277759552002,0.2259938269853592,-12.006783485412598
2026-08-04T04:57:04.308000-04:00,12.237220764160156,0.22938431799411774,-12.00783634185791
2026-08-04T04:57:04.312000-04:00,12.241429328918457,0.24259553849697113,-11.998833656311035
2026-08-04T04:57:04.316000-04:00,12.239675521850586,0.26480910181999207,-11.97486686706543
2026-08-04T04:57:04.320000-04:00,12.244235038757324,0.2701871395111084,-11.974047660827637
2026-08-04T04:57:04.324000-04:00,12.245637893676758,0.26200318336486816,-11.983634948730469
2026-08-04T04:57:04.328000-04:00,12.239675521850586,0.2713562548160553,-11.968318939208984
2026-08-04T04:57:04.332000-04:00,12.2574462890625,0.32010918855667114,-11.937336921691895
2026-08-04T04:57:04.336000-04:00,12.253822326660156,0.36664077639579773,-11.887181282043457
2026-08-04T04:57:04.340000-04:00,12.2408447265625,0.35144200921058655,-11.889402389526367
2026-08-04T04:57:04.344000-04:00,12.227867126464844,0.310756117105484,-11.91711139678955
2026-08-04T04:57:04.348000-04:00,12.22400951385498,0.3369447588920593,-11.887064933776855
2026-08-04T04:57:04.352000-04:00,12.218981742858887,0.36792683601379395,-11.851055145263672
2026-08-04T04:57:04.356000-04:00,12.231608390808105,0.34384265542030334,-11.887765884399414
2026-08-04T04:57:04.360000-04:00,12.25499153137207,0.3408029079437256,-11.914188385009766
2026-08-04T04:57:04.364000-04:00,12.263994216918945,0.3231489658355713,-11.940845489501953
2026-08-04T04:57:04.368000-04:00,12.265279769897461,0.2798909544944763,-11.98538875579834
2026-08-04T04:57:04.372000-04:00,12.24470329284668,0.2733438014984131,-11.971359252929688
2026-08-04T04:57:04.376000-04:00,12.240026473999023,0.2855027914047241,-11.954524040222168
2026-08-04T04:57:04.380000-04:00,12.240026473999023,0.27007022500038147,-11.969956398010254
2026-08-04T04:57:04.384000-04:00,12.242247581481934,0.2548714578151703,-11.98737621307373
2026-08-04T04:57:04.388000-04:00,12.223892211914062,0.20904135704040527,-12.014850616455078
2026-08-04T04:57:04.392000-04:00,12.200510025024414,0.19419334828853607,-12.006317138671875
2026-08-04T04:57:04.396000-04:00,12.201094627380371,0.1814497709274292,-12.019644737243652
2026-08-04T04:57:04.400000-04:00,12.19571590423584,0.17922841012477875,-12.016487121582031
2026-08-04T04:57:04.404000-04:00,12.212668418884277,0.18203434348106384,-12.030633926391602
2026-08-04T04:57:04.408000-04:00,12.213603973388672,0.16917385160923004,-12.044429779052734
2026-08-04T04:57:04.412000-04:00,12.208108901977539,0.18565866351127625,-12.02245044708252
2026-08-04T04:57:04.416000-04:00,12.217345237731934,0.16356199979782104,-12.053783416748047
2026-08-04T04:57:04.420000-04:00,12.225529670715332,0.16788780689239502,-12.057641983032227
2026-08-04T04:57:04.424000-04:00,12.211265563964844,0.1312938779592514,-12.079971313476562
2026-08-04T04:57:04.428000-04:00,12.202964782714844,0.13199535012245178,-12.070969581604004
2026-08-04T04:57:04.432000-04:00,12.198638916015625,0.1517537385225296,-12.04688549041748
2026-08-04T04:57:04.436000-04:00,12.193612098693848,0.15759941935539246,-12.036012649536133
2026-08-04T04:57:04.440000-04:00,12.210564613342285,0.142868310213089,-12.067696571350098
2026-08-04T04:57:04.444000-04:00,12.18519401550293,0.12462980300188065,-12.060564041137695
2026-08-04T04:57:04.448000-04:00,12.170228958129883,0.14392054080963135,-12.026308059692383
2026-08-04T04:57:04.452000-04:00,12.145793914794922,0.18413878977298737,-11.961654663085938
2026-08-04T04:57:04.456000-04:00,12.18741512298584,0.2155885249376297,-11.971826553344727
2026-08-04T04:57:04.460000-04:00,12.257680892944336,0.20144198834896088,-12.056239128112793
2026-08-04T04:57:04.464000-04:00,12.343729019165039,0.2927514314651489,-12.05097770690918
2026-08-04T04:57:04.468000-04:00,12.49793815612793,0.5186283588409424,-11.979310035705566
2026-08-04T04:57:04.472000-04:00,12.56656551361084,0.9620813131332397,-11.604484558105469
2026-08-04T04:57:04.476000-04:00,12.503082275390625,1.4425958395004272,-11.060486793518066
2026-08-04T04:57:04.480000-04:00,12.444624900817871,2.1775143146514893,-10.267110824584961
2026-08-04T04:57:04.484000-04:00,12.37669849395752,2.5107176303863525,-9.865981101989746
2026-08-04T04:57:04.488000-04:00,12.36231803894043,2.480086326599121,-9.882231712341309
2026-08-04T04:57:04.492000-04:00,12.315903663635254,2.2933754920959473,-10.022527694702148
2026-08-04T04:57:04.496000-04:00,12.238272666931152,1.6482467651367188,-10.590025901794434
2026-08-04T04:57:04.500000-04:00,12.20542049407959,1.1057679653167725,-11.099652290344238
2026-08-04T04:57:04.504000-04:00,12.2159423828125,0.7433361411094666,-11.472606658935547
2026-08-04T04:57:04.508000-04:00,12.28351879119873,0.5245909094810486,-11.758928298950195
2026-08-04T04:57:04.512000-04:00,12.328062057495117,0.48226824402809143,-11.845793724060059
2026-08-04T04:57:04.516000-04:00,12.306082725524902,0.40814507007598877,-11.897937774658203
2026-08-04T04:57:04.520000-04:00,12.27790641784668,0.35109129548072815,-11.926815032958984
2026-08-04T04:57:04.524000-04:00,12.288896560668945,0.3323851227760315,-11.956511497497559
2026-08-04T04:57:04.528000-04:00,12.270072937011719,0.27790340781211853,-11.992169380187988
2026-08-04T04:57:04.532000-04:00,12.28012752532959,0.27159008383750916,-12.008537292480469
2026-08-04T04:57:04.536000-04:00,12.274749755859375,0.26714739203453064,-12.00760269165039
2026-08-04T04:57:04.540000-04:00,12.276386260986328,0.2686672508716583,-12.007719039916992
2026-08-04T04:57:04.544000-04:00,12.275568008422852,0.2677319347858429,-12.00783634185791
2026-08-04T04:57:04.548000-04:00,12.291117668151855,0.2558067739009857,-12.035310745239258
2026-08-04T04:57:04.552000-04:00,12.284921646118164,0.23335936665534973,-12.051562309265137
2026-08-04T04:57:04.556000-04:00,12.287610054016113,0.23371011018753052,-12.053899765014648
2026-08-04T04:57:04.560000-04:00,12.296028137207031,0.25101330876350403,-12.045014381408691
2026-08-04T04:57:04.564000-04:00,12.303159713745117,0.2690179944038391,-12.034141540527344
2026-08-04T04:57:04.568000-04:00,12.292520523071289,0.2650429308414459,-12.027477264404297
2026-08-04T04:57:04.572000-04:00,12.292871475219727,0.27088862657546997,-12.02198314666748
2026-08-04T04:57:04.576000-04:00,12.293456077575684,0.27392837405204773,-12.019527435302734
2026-08-04T04:57:04.580000-04:00,12.313331604003906,0.2770850360393524,-12.036246299743652
2026-08-04T04:57:04.584000-04:00,12.316488265991211,0.29006242752075195,-12.026426315307617
2026-08-04T04:57:04.588000-04:00,12.315085411071777,0.315081924200058,-12.000003814697266
2026-08-04T04:57:04.592000-04:00,12.32502269744873,0.3111068606376648,-12.013916015625
2026-08-04T04:57:04.596000-04:00,12.318475723266602,0.3206937611103058,-11.997781753540039
2026-08-04T04:57:04.600000-04:00,12.324087142944336,0.3307483196258545,-11.993338584899902
2026-08-04T04:57:04.604000-04:00,12.339754104614258,0.33378809690475464,-12.005966186523438
2026-08-04T04:57:04.608000-04:00,12.332387924194336,0.3397506773471832,-11.992637634277344
2026-08-04T04:57:04.612000-04:00,12.340806007385254,0.3692128658294678,-11.971592903137207
2026-08-04T04:57:04.616000-04:00,12.344898223876953,0.37190189957618713,-11.972996711730957
2026-08-04T04:57:04.620000-04:00,12.354601860046387,0.3954015076160431,-11.959199905395508
2026-08-04T04:57:04.624000-04:00,12.37085247039795,0.40814507007598877,-11.96270751953125
2026-08-04T04:57:04.628000-04:00,12.371203422546387,0.42018717527389526,-11.951016426086426
2026-08-04T04:57:04.632000-04:00,12.373190879821777,0.43141087889671326,-11.941780090332031
2026-08-04T04:57:04.636000-04:00,12.39107894897461,0.45982083678245544,-11.931258201599121
2026-08-04T04:57:04.640000-04:00,12.414111137390137,0.46543270349502563,-11.948678016662598
2026-08-04T04:57:04.644000-04:00,12.410837173461914,0.4765394926071167,-11.934297561645508
2026-08-04T04:57:04.648000-04:00,12.419488906860352,0.5002729296684265,-11.91921615600586
2026-08-04T04:57:04.652000-04:00,12.435856819152832,0.5399066209793091,-11.895950317382812
2026-08-04T04:57:04.656000-04:00,12.46286392211914,0.5784880518913269,-11.88437557220459
2026-08-04T04:57:04.660000-04:00,12.475373268127441,0.6042090654373169,-11.871164321899414
2026-08-04T04:57:04.664000-04:00,12.496417999267578,0.6349573135375977,-11.86146068572998
2026-08-04T04:57:04.668000-04:00,12.513721466064453,0.6619642972946167,-11.851757049560547
2026-08-04T04:57:04.672000-04:00,12.53558349609375,0.7074436545372009,-11.828140258789062
2026-08-04T04:57:04.676000-04:00,12.53944206237793,0.7380750179290771,-11.801366806030273
2026-08-04T04:57:04.680000-04:00,12.569839477539062,0.7954795360565186,-11.774359703063965
2026-08-04T04:57:04.684000-04:00,12.568903923034668,0.8097429871559143,-11.759160995483398
2026-08-04T04:57:04.688000-04:00,12.581765174865723,0.8216681480407715,-11.76009750366211
2026-08-04T04:57:04.692000-04:00,12.585038185119629,0.8185114860534668,-11.76652717590332
2026-08-04T04:57:04.696000-04:00,12.600354194641113,0.8407250642776489,-11.759629249572754
2026-08-04T04:57:04.700000-04:00,12.595794677734375,0.8504288792610168,-11.745366096496582
2026-08-04T04:57:04.704000-04:00,12.583518028259277,0.8586128354072571,-11.724905014038086
2026-08-04T04:57:04.708000-04:00,12.578958511352539,0.8590804934501648,-11.719878196716309
2026-08-04T04:57:04.712000-04:00,12.564812660217285,0.8432971835136414,-11.721515655517578
2026-08-04T04:57:04.716000-04:00,12.566916465759277,0.8531178832054138,-11.713798522949219
2026-08-04T04:57:04.720000-04:00,12.557563781738281,0.8093922734260559,-11.74817180633545
2026-08-04T04:57:04.724000-04:00,12.529854774475098,0.7654327750205994,-11.764422416687012
2026-08-04T04:57:04.728000-04:00,12.498872756958008,0.7434530258178711,-11.755419731140137
2026-08-04T04:57:04.732000-04:00,12.466838836669922,0.6873345375061035,-11.779504776000977
2026-08-04T04:57:04.736000-04:00,12.453276634216309,0.6252534985542297,-11.828022956848145
2026-08-04T04:57:04.740000-04:00,12.4345703125,0.5981295108795166,-11.836441040039062
2026-08-04T04:57:04.744000-04:00,12.405926704406738,0.522837221622467,-11.883089065551758
2026-08-04T04:57:04.748000-04:00,12.374593734741211,0.48916614055633545,-11.885427474975586
2026-08-04T04:57:04.752000-04:00,12.350393295288086,0.45736566185951233,-11.893027305603027
2026-08-04T04:57:04.756000-04:00,12.335428237915039,0.41293853521347046,-11.922490119934082
2026-08-04T04:57:04.760000-04:00,12.326659202575684,0.3814888000488281,-11.945170402526855
2026-08-04T04:57:04.764000-04:00,12.30058765411377,0.34583017230033875,-11.954757690429688
2026-08-04T04:57:04.768000-04:00,12.28819465637207,0.3227982223033905,-11.965396881103516
2026-08-04T04:57:04.772000-04:00,12.277789115905762,0.283047616481781,-11.994741439819336
2026-08-04T04:57:04.776000-04:00,12.27206039428711,0.26632899045944214,-12.005731582641602
2026-08-04T04:57:04.780000-04:00,12.262123107910156,0.23417776823043823,-12.027945518493652
2026-08-04T04:57:04.784000-04:00,12.248093605041504,0.23908813297748566,-12.009005546569824
2026-08-04T04:57:04.788000-04:00,12.243885040283203,0.23335936665534973,-12.010525703430176
2026-08-04T04:57:04.792000-04:00,12.24061107635498,0.2183944433927536,-12.022216796875
2026-08-04T04:57:04.796000-04:00,12.242481231689453,0.19805149734020233,-12.044429779052734
2026-08-04T04:57:04.800000-04:00,12.23862361907959,0.21266567707061768,-12.025958061218262
2026-08-04T04:57:04.804000-04:00,12.23476505279541,0.2099766731262207,-12.024787902832031
2026-08-04T04:57:04.808000-04:00,12.235934257507324,0.20494939386844635,-12.030984878540039
2026-08-04T04:57:04.812000-04:00,12.224594116210938,0.19922062754631042,-12.025373458862305
2026-08-04T04:57:04.816000-04:00,12.225763320922852,0.19559630751609802,-12.030166625976562
2026-08-04T04:57:04.820000-04:00,12.231023788452148,0.20787222683429718,-12.023151397705078
2026-08-04T04:57:04.824000-04:00,12.21395492553711,0.19220581650733948,-12.021749496459961
2026-08-04T04:57:04.828000-04:00,12.206472396850586,0.19735001027584076,-12.009122848510742
2026-08-04T04:57:04.832000-04:00,12.214188575744629,0.1979345828294754,-12.016254425048828
2026-08-04T04:57:04.836000-04:00,12.21570873260498,0.19699926674365997,-12.018709182739258
2026-08-04T04:57:04.840000-04:00,12.216877937316895,0.21149654686450958,-12.00538158416748
2026-08-04T04:57:04.844000-04:00,12.22202205657959,0.22669529914855957,-11.99532699584961
2026-08-04T04:57:04.848000-04:00,12.212785720825195,0.21301642060279846,-11.99976921081543
2026-08-04T04:57:04.852000-04:00,12.208693504333496,0.20144198834896088,-12.007251739501953
2026-08-04T04:57:04.856000-04:00,12.217462539672852,0.21932975947856903,-11.998132705688477
2026-08-04T04:57:04.860000-04:00,12.222723007202148,0.21968048810958862,-12.003042221069336
2026-08-04T04:57:04.864000-04:00,12.233830451965332,0.23137184977531433,-12.002458572387695
2026-08-04T04:57:04.868000-04:00,12.227750778198242,0.22891665995121002,-11.998833656311035
2026-08-04T04:57:04.872000-04:00,12.214305877685547,0.2365160435438156,-11.977789878845215
2026-08-04T04:57:04.876000-04:00,12.232427597045898,0.24703826010227203,-11.985389709472656
2026-08-04T04:57:04.880000-04:00,12.24306583404541,0.2632892429828644,-11.979776382446289
2026-08-04T04:57:04.884000-04:00,12.244235038757324,0.26831650733947754,-11.975918769836426
2026-08-04T04:57:04.888000-04:00,12.234297752380371,0.25557294487953186,-11.978724479675293
2026-08-04T04:57:04.892000-04:00,12.23032283782959,0.2581450343132019,-11.972177505493164
2026-08-04T04:57:04.896000-04:00,12.237805366516113,0.27802032232284546,-11.959785461425781
2026-08-04T04:57:04.900000-04:00,12.249496459960938,0.28515204787254333,-11.964344024658203
2026-08-04T04:57:04.904000-04:00,12.240728378295898,0.2927514314651489,-11.947977066040039
2026-08-04T04:57:04.908000-04:00,12.238039016723633,0.28129392862319946,-11.956745147705078
2026-08-04T04:57:04.912000-04:00,12.236987113952637,0.2805924415588379,-11.95639419555664
2026-08-04T04:57:04.916000-04:00,12.239675521850586,0.2853858768939972,-11.954289436340332
2026-08-04T04:57:04.920000-04:00,12.251367568969727,0.27918946743011475,-11.97217845916748
2026-08-04T04:57:04.924000-04:00,12.240962028503418,0.2833983600139618,-11.957563400268555
2026-08-04T04:57:04.928000-04:00,12.248794555664062,0.285736620426178,-11.963057518005371
2026-08-04T04:57:04.932000-04:00,12.242364883422852,0.2833983600139618,-11.958966255187988
2026-08-04T04:57:04.936000-04:00,12.249730110168457,0.2843336760997772,-11.965396881103516
2026-08-04T04:57:04.940000-04:00,12.25943374633789,0.2959080934524536,-11.963525772094727
2026-08-04T04:57:04.944000-04:00,12.253355026245117,0.2898285984992981,-11.963526725769043
2026-08-04T04:57:04.948000-04:00,12.248327255249023,0.28561970591545105,-11.96270751953125
2026-08-04T04:57:04.952000-04:00,12.244819641113281,0.27392837405204773,-11.970890998840332
2026-08-04T04:57:04.956000-04:00,12.25545883178711,0.2793063819408417,-11.976152420043945
2026-08-04T04:57:04.960000-04:00,12.257329940795898,0.26714739203453064,-11.990182876586914
2026-08-04T04:57:04.964000-04:00,12.250432014465332,0.2698363959789276,-11.980595588684082
2026-08-04T04:57:04.968000-04:00,12.237805366516113,0.26106786727905273,-11.976737976074219
2026-08-04T04:57:04.972000-04:00,12.247859954833984,0.25872960686683655,-11.989130020141602
2026-08-04T04:57:04.976000-04:00,12.244585990905762,0.25989875197410583,-11.984686851501465
2026-08-04T04:57:04.980000-04:00,12.255576133728027,0.26726430654525757,-11.988311767578125
2026-08-04T04:57:04.984000-04:00,12.249262809753418,0.2714731693267822,-11.977789878845215
2026-08-04T04:57:04.988000-04:00,12.232894897460938,0.2480904757976532,-11.984804153442383
2026-08-04T04:57:04.992000-04:00,12.237337112426758,0.23476234078407288,-12.002574920654297
2026-08-04T04:57:04.996000-04:00,12.232076644897461,0.23628221452236176,-11.995794296264648
2026-08-04T04:57:05-04:00,12.240260124206543,0.2344115972518921,-12.00584888458252
2026-08-04T04:57:05.004000-04:00,12.238506317138672,0.2272798717021942,-12.011226654052734
2026-08-04T04:57:05.008000-04:00,12.228218078613281,0.22073271870613098,-12.007485389709473
2026-08-04T04:57:05.012000-04:00,12.217812538146973,0.2111458033323288,-12.006667137145996
2026-08-04T04:57:05.016000-04:00,12.233245849609375,0.22272025048732758,-12.010525703430176
2026-08-04T04:57:05.020000-04:00,12.237337112426758,0.22950123250484467,-12.00783634185791
2026-08-04T04:57:05.024000-04:00,12.228218078613281,0.23031961917877197,-11.99789810180664
2026-08-04T04:57:05.028000-04:00,12.232894897460938,0.23067036271095276,-12.002224922180176
2026-08-04T04:57:05.032000-04:00,12.238974571228027,0.22657838463783264,-12.012395858764648
2026-08-04T04:57:05.036000-04:00,12.240143775939941,0.2312549352645874,-12.008889198303223
2026-08-04T04:57:05.040000-04:00,12.244118690490723,0.22938431799411774,-12.014734268188477
2026-08-04T04:57:05.044000-04:00,12.22669792175293,0.22424012422561646,-12.002457618713379
2026-08-04T04:57:05.048000-04:00,12.217227935791016,0.22131727635860443,-11.99591064453125
2026-08-04T04:57:05.052000-04:00,12.223191261291504,0.21325024962425232,-12.009941101074219
2026-08-04T04:57:05.056000-04:00,12.243183135986328,0.21827752888202667,-12.02490520477295
2026-08-04T04:57:05.060000-04:00,12.239792823791504,0.23102110624313354,-12.008771896362305
2026-08-04T04:57:05.064000-04:00,12.232192993164062,0.22505851089954376,-12.007134437561035
2026-08-04T04:57:05.068000-04:00,12.230673789978027,0.2147701233625412,-12.01590347290039
2026-08-04T04:57:05.072000-04:00,12.221671104431152,0.21605616807937622,-12.005615234375
2026-08-04T04:57:05.076000-04:00,12.23838996887207,0.23394393920898438,-12.004446029663086
2026-08-04T04:57:05.080000-04:00,12.235700607299805,0.22540925443172455,-12.01029109954834
2026-08-04T04:57:05.084000-04:00,12.214539527893066,0.23452851176261902,-11.980010986328125
2026-08-04T04:57:05.088000-04:00,12.2076416015625,0.21266567707061768,-11.994976043701172
2026-08-04T04:57:05.092000-04:00,12.208342552185059,0.20448173582553864,-12.003860473632812
2026-08-04T04:57:05.096000-04:00,12.219917297363281,0.20541703701019287,-12.014500617980957
2026-08-04T04:57:05.100000-04:00,12.23008918762207,0.21009358763694763,-12.01999568939209
2026-08-04T04:57:05.104000-04:00,12.231492042541504,0.2256430834531784,-12.00584888458252
2026-08-04T04:57:05.108000-04:00,12.221671104431152,0.2002728432416916,-12.021398544311523
2026-08-04T04:57:05.112000-04:00,12.2201509475708,0.18133285641670227,-12.038818359375
2026-08-04T04:57:05.116000-04:00,12.228218078613281,0.2099766731262207,-12.018241882324219
2026-08-04T04:57:05.120000-04:00,12.23055648803711,0.2007405012845993,-12.029815673828125
2026-08-04T04:57:05.124000-04:00,12.220735549926758,0.20705384016036987,-12.013681411743164
2026-08-04T04:57:05.128000-04:00,12.219216346740723,0.2103274166584015,-12.008889198303223
2026-08-04T04:57:05.132000-04:00,12.219216346740723,0.20541703701019287,-12.013799667358398
2026-08-04T04:57:05.136000-04:00,12.2284517288208,0.21219803392887115,-12.016253471374512
2026-08-04T04:57:05.140000-04:00,12.227867126464844,0.20226037502288818,-12.025607109069824
2026-08-04T04:57:05.144000-04:00,12.218280792236328,0.1982853263616562,-12.01999568939209
2026-08-04T04:57:05.148000-04:00,12.2117338180542,0.19290730357170105,-12.018826484680176
2026-08-04T04:57:05.152000-04:00,12.213837623596191,0.18811383843421936,-12.025723457336426
2026-08-04T04:57:05.156000-04:00,12.2200345993042,0.18764619529247284,-12.032388687133789
2026-08-04T04:57:05.160000-04:00,12.218280792236328,0.2071707397699356,-12.011110305786133
2026-08-04T04:57:05.164000-04:00,12.21617603302002,0.20530013740062714,-12.010875701904297
2026-08-04T04:57:05.168000-04:00,12.20986270904541,0.20845679938793182,-12.001405715942383
2026-08-04T04:57:05.172000-04:00,12.205887794494629,0.20167581737041473,-12.004212379455566
2026-08-04T04:57:05.176000-04:00,12.210914611816406,0.21137963235378265,-11.999534606933594
2026-08-04T04:57:05.180000-04:00,12.220268249511719,0.1995713710784912,-12.020696640014648
2026-08-04T04:57:05.184000-04:00,12.218981742858887,0.20530013740062714,-12.013681411743164
2026-08-04T04:57:05.188000-04:00,12.214305877685547,0.1974669247865677,-12.016839027404785
2026-08-04T04:57:05.192000-04:00,12.223191261291504,0.2079891413450241,-12.015202522277832
2026-08-04T04:57:05.196000-04:00,12.241546630859375,0.22915048897266388,-12.012395858764648
2026-08-04T04:57:05.200000-04:00,12.247742652893066,0.2703040540218353,-11.977438926696777
2026-08-04T04:57:05.204000-04:00,12.23862361907959,0.2669135630130768,-11.971710205078125
2026-08-04T04:57:05.208000-04:00,12.223541259765625,0.27638354897499084,-11.947157859802246
2026-08-04T04:57:05.212000-04:00,12.221437454223633,0.2818784713745117,-11.939558982849121
2026-08-04T04:57:05.216000-04:00,12.256861686706543,0.3059626519680023,-11.950899124145508
2026-08-04T04:57:05.220000-04:00,12.256628036499023,0.3180047571659088,-11.938623428344727
2026-08-04T04:57:05.224000-04:00,12.23476505279541,0.3613796830177307,-11.873385429382324
2026-08-04T04:57:05.228000-04:00,12.21208381652832,0.3501559793949127,-11.86192798614502
2026-08-04T04:57:05.232000-04:00,12.206706047058105,0.33028069138526917,-11.876425743103027
2026-08-04T04:57:05.236000-04:00,12.223307609558105,0.34349191188812256,-11.879816055297852
2026-08-04T04:57:05.240000-04:00,12.229036331176758,0.3512082099914551,-11.877828598022461
2026-08-04T04:57:05.244000-04:00,12.234415054321289,0.3464147448539734,-11.88800048828125
2026-08-04T04:57:05.248000-04:00,12.23815631866455,0.33308660984039307,-11.905069351196289
2026-08-04T04:57:05.252000-04:00,12.244819641113281,0.31180834770202637,-11.933011054992676
2026-08-04T04:57:05.256000-04:00,12.245637893676758,0.29041317105293274,-11.955224990844727
2026-08-04T04:57:05.260000-04:00,12.23885726928711,0.25428688526153564,-11.984570503234863
2026-08-04T04:57:05.264000-04:00,12.231141090393066,0.24750590324401855,-11.983634948730469
2026-08-04T04:57:05.268000-04:00,12.214305877685547,0.23172257840633392,-11.982583045959473
2026-08-04T04:57:05.272000-04:00,12.215357780456543,0.2051832228899002,-12.010174751281738
2026-08-04T04:57:05.276000-04:00,12.213136672973633,0.19571322202682495,-12.017423629760742
2026-08-04T04:57:05.280000-04:00,12.202146530151367,0.17209669947624207,-12.030050277709961
2026-08-04T04:57:05.284000-04:00,12.198522567749023,0.1641465723514557,-12.03437614440918
2026-08-04T04:57:05.288000-04:00,12.18519401550293,0.1654326170682907,-12.019761085510254
2026-08-04T04:57:05.292000-04:00,12.185076713562012,0.15607954561710358,-12.028997421264648
2026-08-04T04:57:05.296000-04:00,12.193845748901367,0.15280596911907196,-12.04103946685791
2026-08-04T04:57:05.300000-04:00,12.200977325439453,0.15163682401180267,-12.04934024810791
2026-08-04T04:57:05.304000-04:00,12.195014953613281,0.15643027424812317,-12.03858470916748
2026-08-04T04:57:05.308000-04:00,12.180400848388672,0.15303978323936462,-12.027360916137695
2026-08-04T04:57:05.312000-04:00,12.177711486816406,0.1392439901828766,-12.038467407226562
2026-08-04T04:57:05.316000-04:00,12.186245918273926,0.1308262199163437,-12.055419921875
2026-08-04T04:57:05.320000-04:00,12.17934799194336,0.13585349917411804,-12.04349422454834
2026-08-04T04:57:05.324000-04:00,12.17665958404541,0.14438818395137787,-12.032271385192871
2026-08-04T04:57:05.328000-04:00,12.170930862426758,0.14275139570236206,-12.028179168701172
2026-08-04T04:57:05.332000-04:00,12.167305946350098,0.15105226635932922,-12.016253471374512
2026-08-04T04:57:05.336000-04:00,12.138195037841797,0.19968828558921814,-11.938507080078125
2026-08-04T04:57:05.340000-04:00,12.132933616638184,0.22891665995121002,-11.904016494750977
2026-08-04T04:57:05.344000-04:00,12.168241500854492,0.23955579102039337,-11.928686141967773
2026-08-04T04:57:05.348000-04:00,12.208226203918457,0.2251754254102707,-11.983050346374512
2026-08-04T04:57:05.352000-04:00,12.344780921936035,0.3696805238723755,-11.97510051727295
2026-08-04T04:57:05.356000-04:00,12.468475341796875,0.5558068156242371,-11.912668228149414
2026-08-04T04:57:05.360000-04:00,12.503198623657227,1.0164461135864258,-11.4867525100708
2026-08-04T04:57:05.364000-04:00,12.442403793334961,1.7617697715759277,-10.680633544921875
2026-08-04T04:57:05.368000-04:00,12.383011817932129,2.2474284172058105,-10.135583877563477
2026-08-04T04:57:05.372000-04:00,12.309590339660645,2.545440912246704,-9.76414966583252
2026-08-04T04:57:05.376000-04:00,12.285037994384766,2.561575174331665,-9.72346305847168
2026-08-04T04:57:05.380000-04:00,12.2366361618042,2.1424400806427,-10.094196319580078
2026-08-04T04:57:05.384000-04:00,12.214655876159668,1.643687129020691,-10.570968627929688
2026-08-04T04:57:05.388000-04:00,12.202731132507324,1.0918552875518799,-11.110876083374023
2026-08-04T04:57:05.392000-04:00,12.210680961608887,0.6751755475997925,-11.535505294799805
2026-08-04T04:57:05.396000-04:00,12.286675453186035,0.5243570804595947,-11.76231861114502
2026-08-04T04:57:05.400000-04:00,12.313916206359863,0.48156675696372986,-11.83234977722168
2026-08-04T04:57:05.404000-04:00,12.249029159545898,0.4176150858402252,-11.831414222717285
2026-08-04T04:57:05.408000-04:00,12.248327255249023,0.33460646867752075,-11.913721084594727
2026-08-04T04:57:05.412000-04:00,12.255576133728027,0.3180047571659088,-11.93757152557373
2026-08-04T04:57:05.416000-04:00,12.255809783935547,0.30000007152557373,-11.955809593200684
2026-08-04T04:57:05.420000-04:00,12.256277084350586,0.2866719365119934,-11.969605445861816
2026-08-04T04:57:05.424000-04:00,12.251483917236328,0.27521440386772156,-11.976269721984863
2026-08-04T04:57:05.428000-04:00,12.259200096130371,0.26925182342529297,-11.989948272705078
2026-08-04T04:57:05.432000-04:00,12.251367568969727,0.2641076147556305,-11.987259864807129
2026-08-04T04:57:05.436000-04:00,12.265630722045898,0.2601325809955597,-12.005497932434082
2026-08-04T04:57:05.440000-04:00,12.263175010681152,0.2680826783180237,-11.995092391967773
2026-08-04T04:57:05.444000-04:00,12.262825012207031,0.26399070024490356,-11.998834609985352
2026-08-04T04:57:05.448000-04:00,12.26352596282959,0.27322688698768616,-11.990299224853516
2026-08-04T04:57:05.452000-04:00,12.271475791931152,0.2784879803657532,-11.992987632751465
2026-08-04T04:57:05.456000-04:00,12.270423889160156,0.289945513010025,-11.980478286743164
2026-08-04T04:57:05.460000-04:00,12.289481163024902,0.2982463836669922,-11.99123477935791
2026-08-04T04:57:05.464000-04:00,12.288078308105469,0.3075994551181793,-11.98047924041748
2026-08-04T04:57:05.468000-04:00,12.281296730041504,0.3025721609592438,-11.978724479675293
2026-08-04T04:57:05.472000-04:00,12.293923377990723,0.3312159776687622,-11.96270751953125
2026-08-04T04:57:05.476000-04:00,12.287493705749512,0.34103670716285706,-11.946456909179688
2026-08-04T04:57:05.480000-04:00,12.30620002746582,0.34337499737739563,-11.962824821472168
2026-08-04T04:57:05.484000-04:00,12.30620002746582,0.3467654883861542,-11.959434509277344
2026-08-04T04:57:05.488000-04:00,12.309005737304688,0.3568200469017029,-11.95218563079834
2026-08-04T04:57:05.492000-04:00,12.308772087097168,0.3551832437515259,-11.953588485717773
2026-08-04T04:57:05.496000-04:00,12.322450637817383,0.37435707449913025,-11.94809341430664
2026-08-04T04:57:05.500000-04:00,12.334259033203125,0.3894389271736145,-11.944820404052734
2026-08-04T04:57:05.504000-04:00,12.340104103088379,0.39598608016967773,-11.94411849975586
2026-08-04T04:57:05.508000-04:00,12.334959983825684,0.406742125749588,-11.928217887878418
2026-08-04T04:57:05.512000-04:00,12.344429969787598,0.4178488850593567,-11.926581382751465
2026-08-04T04:57:05.516000-04:00,12.362435340881348,0.44181618094444275,-11.920619010925293
2026-08-04T04:57:05.520000-04:00,12.373892784118652,0.4749026894569397,-11.8989896774292
2026-08-04T04:57:05.524000-04:00,12.388155937194824,0.5084568858146667,-11.879698753356934
2026-08-04T04:57:05.528000-04:00,12.396223068237305,0.5297351479530334,-11.866487503051758
2026-08-04T04:57:05.532000-04:00,12.404523849487305,0.5422448515892029,-11.862278938293457
2026-08-04T04:57:05.536000-04:00,12.438311576843262,0.5726423859596252,-11.865669250488281
2026-08-04T04:57:05.540000-04:00,12.454445838928223,0.5984802842140198,-11.855965614318848
2026-08-04T04:57:05.544000-04:00,12.4635648727417,0.6342558264732361,-11.829309463500977
2026-08-04T04:57:05.548000-04:00,12.479581832885742,0.6540141701698303,-11.825567245483398
2026-08-04T04:57:05.552000-04:00,12.50436782836914,0.6885036826133728,-11.815864562988281
2026-08-04T04:57:05.556000-04:00,12.526113510131836,0.7211225628852844,-11.804990768432617
2026-08-04T04:57:05.560000-04:00,12.552886962890625,0.7540921568870544,-11.798794746398926
2026-08-04T04:57:05.564000-04:00,12.56411075592041,0.7840220332145691,-11.780088424682617
2026-08-04T04:57:05.568000-04:00,12.572295188903809,0.8082231283187866,-11.76407241821289
2026-08-04T04:57:05.572000-04:00,12.594040870666504,0.8298521041870117,-11.764188766479492
2026-08-04T04:57:05.576000-04:00,12.605965614318848,0.8479737043380737,-11.757991790771484
2026-08-04T04:57:05.580000-04:00,12.616838455200195,0.8733439445495605,-11.743494033813477
2026-08-04T04:57:05.584000-04:00,12.629231452941895,0.880241870880127,-11.74898910522461
2026-08-04T04:57:05.588000-04:00,12.60701847076416,0.867264449596405,-11.739753723144531
2026-08-04T04:57:05.592000-04:00,12.606550216674805,0.8708887696266174,-11.735661506652832
2026-08-04T04:57:05.596000-04:00,12.608771324157715,0.8808264136314392,-11.727945327758789
2026-08-04T04:57:05.600000-04:00,12.59310531616211,0.8611849546432495,-11.73192024230957
2026-08-04T04:57:05.604000-04:00,12.579543113708496,0.850195050239563,-11.729348182678223
2026-08-04T04:57:05.608000-04:00,12.538506507873535,0.8060017824172974,-11.732504844665527
2026-08-04T04:57:05.612000-04:00,12.52307415008545,0.7717460989952087,-11.751328468322754
2026-08-04T04:57:05.616000-04:00,12.503666877746582,0.7286050319671631,-11.77506160736084
2026-08-04T04:57:05.620000-04:00,12.486830711364746,0.6841778755187988,-11.802652359008789
2026-08-04T04:57:05.624000-04:00,12.445560455322266,0.6279425024986267,-11.817618370056152
2026-08-04T04:57:05.628000-04:00,12.40160083770752,0.5594311356544495,-11.842169761657715
2026-08-04T04:57:05.632000-04:00,12.389676094055176,0.522837221622467,-11.866838455200195
2026-08-04T04:57:05.636000-04:00,12.37260627746582,0.4593532085418701,-11.913252830505371
2026-08-04T04:57:05.640000-04:00,12.344664573669434,0.4296571612358093,-11.915007591247559
2026-08-04T04:57:05.644000-04:00,12.310993194580078,0.3724864423274994,-11.938507080078125
2026-08-04T04:57:05.648000-04:00,12.292871475219727,0.35342955589294434,-11.939441680908203
2026-08-04T04:57:05.652000-04:00,12.274516105651855,0.32572105526924133,-11.948795318603516
2026-08-04T04:57:05.656000-04:00,12.274867057800293,0.3143804371356964,-11.96048641204834
2026-08-04T04:57:05.660000-04:00,12.257680892944336,0.2774357795715332,-11.980245590209961
2026-08-04T04:57:05.664000-04:00,12.245521545410156,0.23745134472846985,-12.00806999206543
2026-08-04T04:57:05.668000-04:00,12.229504585266113,0.21968048810958862,-12.0098237991333
2026-08-04T04:57:05.672000-04:00,12.223658561706543,0.21184729039669037,-12.011811256408691
2026-08-04T04:57:05.676000-04:00,12.236285209655762,0.21827752888202667,-12.018007278442383
2026-08-04T04:57:05.680000-04:00,12.231842994689941,0.19489482045173645,-12.036948204040527
2026-08-04T04:57:05.684000-04:00,12.227517127990723,0.18939989805221558,-12.038117408752441
2026-08-04T04:57:05.688000-04:00,12.212785720825195,0.18519100546836853,-12.027594566345215
2026-08-04T04:57:05.692000-04:00,12.21208381652832,0.1882307529449463,-12.023853302001953
2026-08-04T04:57:05.696000-04:00,12.213019371032715,0.19723309576511383,-12.015786170959473
2026-08-04T04:57:05.700000-04:00,12.20156192779541,0.17957915365695953,-12.02198314666748
2026-08-04T04:57:05.704000-04:00,12.2034330368042,0.1794622391462326,-12.023970603942871
2026-08-04T04:57:05.708000-04:00,12.191390037536621,0.18378804624080658,-12.007601737976074
2026-08-04T04:57:05.712000-04:00,12.198522567749023,0.1846064329147339,-12.013916015625
2026-08-04T04:57:05.716000-04:00,12.213136672973633,0.18180051445960999,-12.031335830688477
2026-08-04T04:57:05.720000-04:00,12.213486671447754,0.1906859427690506,-12.02280044555664
2026-08-04T04:57:05.724000-04:00,12.209044456481934,0.19583013653755188,-12.013214111328125
2026-08-04T04:57:05.728000-04:00,12.189753532409668,0.194310262799263,-11.995443344116211
2026-08-04T04:57:05.732000-04:00,12.198638916015625,0.1915043294429779,-12.007134437561035
2026-08-04T04:57:05.736000-04:00,12.210564613342285,0.20226037502288818,-12.008304595947266
2026-08-04T04:57:05.740000-04:00,12.21208381652832,0.2027280330657959,-12.009355545043945
2026-08-04T04:57:05.744000-04:00,12.204484939575195,0.20062358677387238,-12.003861427307129
2026-08-04T04:57:05.748000-04:00,12.195365905761719,0.19103668630123138,-12.004329681396484
2026-08-04T04:57:05.752000-04:00,12.1993408203125,0.20226037502288818,-11.99708080291748
2026-08-04T04:57:05.756000-04:00,12.206005096435547,0.22166801989078522,-11.984336853027344
2026-08-04T04:57:05.760000-04:00,12.212552070617676,0.2139517366886139,-11.998600006103516
2026-08-04T04:57:05.764000-04:00,12.203315734863281,0.2047155648469925,-11.998600006103516
2026-08-04T04:57:05.768000-04:00,12.21395492553711,0.20728765428066254,-12.006667137145996
2026-08-04T04:57:05.772000-04:00,12.21009635925293,0.19805149734020233,-12.012044906616211
2026-08-04T04:57:05.776000-04:00,12.221671104431152,0.2272798717021942,-11.994391441345215
2026-08-04T04:57:05.780000-04:00,12.228802680969238,0.23756825923919678,-11.99123477935791
2026-08-04T04:57:05.784000-04:00,12.23008918762207,0.2492596060037613,-11.980829238891602
2026-08-04T04:57:05.788000-04:00,12.225412368774414,0.23534689843654633,-11.990065574645996
2026-08-04T04:57:05.792000-04:00,12.221203804016113,0.24236170947551727,-11.978841781616211
2026-08-04T04:57:05.796000-04:00,12.217578887939453,0.2545207142829895,-11.963058471679688
2026-08-04T04:57:05.800000-04:00,12.249262809753418,0.26118478178977966,-11.988078117370605
2026-08-04T04:57:05.804000-04:00,12.239909172058105,0.25639134645462036,-11.98351764678955
2026-08-04T04:57:05.808000-04:00,12.231492042541504,0.25159788131713867,-11.979894638061523
2026-08-04T04:57:05.812000-04:00,12.224827766418457,0.2385035753250122,-11.986324310302734
2026-08-04T04:57:05.816000-04:00,12.234064102172852,0.24259553849697113,-11.99146842956543
2026-08-04T04:57:05.820000-04:00,12.239324569702148,0.2625877559185028,-11.976737022399902
2026-08-04T04:57:05.824000-04:00,12.235934257507324,0.2565082609653473,-11.979426383972168
2026-08-04T04:57:05.828000-04:00,12.227633476257324,0.24025727808475494,-11.98737621307373
2026-08-04T04:57:05.832000-04:00,12.232192993164062,0.23908813297748566,-11.993104934692383
2026-08-04T04:57:05.836000-04:00,12.239090919494629,0.26749810576438904,-11.971592903137207
2026-08-04T04:57:05.840000-04:00,12.245988845825195,0.25148096680641174,-11.994507789611816
2026-08-04T04:57:05.844000-04:00,12.225879669189453,0.2287997454404831,-11.997079849243164
2026-08-04T04:57:05.848000-04:00,12.218280792236328,0.2344115972518921,-11.983869552612305
2026-08-04T04:57:05.852000-04:00,12.227867126464844,0.22307097911834717,-12.004796028137207
2026-08-04T04:57:05.856000-04:00,12.216760635375977,0.2223695069551468,-11.994391441345215
2026-08-04T04:57:05.860000-04:00,12.223073959350586,0.23546381294727325,-11.98760986328125
2026-08-04T04:57:05.864000-04:00,12.2159423828125,0.20904135704040527,-12.006900787353516
2026-08-04T04:57:05.868000-04:00,12.236987113952637,0.21371790766716003,-12.023269653320312
2026-08-04T04:57:05.872000-04:00,12.235466957092285,0.22424012422561646,-12.011226654052734
2026-08-04T04:57:05.876000-04:00,12.227166175842285,0.20424790680408478,-12.022918701171875
2026-08-04T04:57:05.880000-04:00,12.214305877685547,0.1834373027086258,-12.030868530273438
2026-08-04T04:57:05.884000-04:00,12.211149215698242,0.19021828472614288,-12.020931243896484
2026-08-04T04:57:05.888000-04:00,12.233595848083496,0.21056124567985535,-12.023035049438477
2026-08-04T04:57:05.892000-04:00,12.211382865905762,0.17899459600448608,-12.032388687133789
2026-08-04T04:57:05.896000-04:00,12.198287963867188,0.1601715087890625,-12.038116455078125
2026-08-04T04:57:05.900000-04:00,12.245404243469238,0.19980520009994507,-12.045598983764648
2026-08-04T04:57:05.904000-04:00,12.249963760375977,0.177474707365036,-12.072488784790039
2026-08-04T04:57:05.908000-04:00,12.211382865905762,0.17677323520183563,-12.0346097946167
2026-08-04T04:57:05.912000-04:00,12.200626373291016,0.17478570342063904,-12.025840759277344
2026-08-04T04:57:05.916000-04:00,12.20132827758789,0.1637958288192749,-12.037532806396484
2026-08-04T04:57:05.920000-04:00,12.209278106689453,0.17887768149375916,-12.030400276184082
2026-08-04T04:57:05.924000-04:00,12.2118501663208,0.16309435665607452,-12.048755645751953
2026-08-04T04:57:05.928000-04:00,12.214188575744629,0.1682385504245758,-12.045949935913086
2026-08-04T04:57:05.932000-04:00,12.21980094909668,0.1842557042837143,-12.035545349121094
2026-08-04T04:57:05.936000-04:00,12.220501899719238,0.1867108792066574,-12.033790588378906
2026-08-04T04:57:05.940000-04:00,12.23055648803711,0.1959470510482788,-12.0346097946167
2026-08-04T04:57:05.944000-04:00,12.211382865905762,0.1742011308670044,-12.037181854248047
2026-08-04T04:57:05.948000-04:00,12.212318420410156,0.17922841012477875,-12.033089637756348
2026-08-04T04:57:05.952000-04:00,12.218047142028809,0.18659396469593048,-12.031453132629395
2026-08-04T04:57:05.956000-04:00,12.222606658935547,0.17349965870380402,-12.04910659790039
2026-08-04T04:57:05.960000-04:00,12.215591430664062,0.17735780775547028,-12.038233757019043
2026-08-04T04:57:05.964000-04:00,12.211967468261719,0.1685892939567566,-12.043377876281738
2026-08-04T04:57:05.968000-04:00,12.211967468261719,0.16964150965213776,-12.042325973510742
2026-08-04T04:57:05.972000-04:00,12.217578887939453,0.15888546407222748,-12.058693885803223
2026-08-04T04:57:05.976000-04:00,12.22646427154541,0.1557288020849228,-12.070735931396484
2026-08-04T04:57:05.980000-04:00,12.224827766418457,0.17490261793136597,-12.049924850463867
2026-08-04T04:57:05.984000-04:00,12.21792984008789,0.16613410413265228,-12.051795959472656
2026-08-04T04:57:05.988000-04:00,12.2035493850708,0.16040533781051636,-12.043144226074219
2026-08-04T04:57:05.992000-04:00,12.208693504333496,0.15607954561710358,-12.052614212036133
2026-08-04T04:57:05.996000-04:00,12.220852851867676,0.1509353518486023,-12.069917678833008
2026-08-04T04:57:06-04:00,12.212668418884277,0.16975842416286469,-12.042909622192383
2026-08-04T04:57:06.004000-04:00,12.216409683227539,0.16554953157901764,-12.050860404968262
2026-08-04T04:57:06.008000-04:00,12.210213661193848,0.16367891430854797,-12.046534538269043
2026-08-04T04:57:06.012000-04:00,12.212318420410156,0.16660176217556,-12.045716285705566
2026-08-04T04:57:06.016000-04:00,12.213486671447754,0.17712397873401642,-12.036362648010254
2026-08-04T04:57:06.020000-04:00,12.2201509475708,0.18472334742546082,-12.035428047180176
2026-08-04T04:57:06.024000-04:00,12.212552070617676,0.16075608134269714,-12.051795959472656
2026-08-04T04:57:06.028000-04:00,12.207173347473145,0.15233831107616425,-12.054835319519043
2026-08-04T04:57:06.032000-04:00,12.219566345214844,0.16391274333000183,-12.05565357208252
2026-08-04T04:57:06.036000-04:00,12.227166175842285,0.1590023785829544,-12.068163871765137
2026-08-04T04:57:06.040000-04:00,12.230673789978027,0.1521044820547104,-12.078569412231445
2026-08-04T04:57:06.044000-04:00,12.224125862121582,0.14964929223060608,-12.07447624206543
2026-08-04T04:57:06.048000-04:00,12.222489356994629,0.14602497220039368,-12.076464653015137
2026-08-04T04:57:06.052000-04:00,12.22225570678711,0.1449727565050125,-12.077282905578613
2026-08-04T04:57:06.056000-04:00,12.234999656677246,0.14953237771987915,-12.085467338562012
2026-08-04T04:57:06.060000-04:00,12.2408447265625,0.1698753386735916,-12.070969581604004
2026-08-04T04:57:06.064000-04:00,12.236987113952637,0.18378804624080658,-12.05319881439209
2026-08-04T04:57:06.068000-04:00,12.2408447265625,0.21909593045711517,-12.021748542785645
2026-08-04T04:57:06.072000-04:00,12.231258392333984,0.2047155648469925,-12.026542663574219
2026-08-04T04:57:06.076000-04:00,12.231842994689941,0.22809825837612152,-12.003745079040527
2026-08-04T04:57:06.080000-04:00,12.246339797973633,0.24469998478889465,-12.001639366149902
2026-08-04T04:57:06.084000-04:00,12.247859954833984,0.2520655393600464,-11.995794296264648
2026-08-04T04:57:06.088000-04:00,12.270190238952637,0.30292290449142456,-11.967267036437988
2026-08-04T04:57:06.092000-04:00,12.246807098388672,0.3264225423336029,-11.920384407043457
2026-08-04T04:57:06.096000-04:00,12.240728378295898,0.34863609075546265,-11.89209270477295
2026-08-04T04:57:06.100000-04:00,12.224360466003418,0.3114576041698456,-11.91290283203125
2026-08-04T04:57:06.104000-04:00,12.24061107635498,0.32209673523902893,-11.918514251708984
2026-08-04T04:57:06.108000-04:00,12.21980094909668,0.324668824672699,-11.895132064819336
2026-08-04T04:57:06.112000-04:00,12.233946800231934,0.33296969532966614,-11.90097713470459
2026-08-04T04:57:06.116000-04:00,12.247275352478027,0.3218629062175751,-11.92541217803955
2026-08-04T04:57:06.120000-04:00,12.270190238952637,0.28678885102272034,-11.98340129852295
2026-08-04T04:57:06.124000-04:00,12.247626304626465,0.24703826010227203,-12.000588417053223
2026-08-04T04:57:06.128000-04:00,12.237337112426758,0.21208111941814423,-12.025256156921387
2026-08-04T04:57:06.132000-04:00,12.246222496032715,0.2063523530960083,-12.039870262145996
2026-08-04T04:57:06.136000-04:00,12.252185821533203,0.20038975775241852,-12.051795959472656
2026-08-04T04:57:06.140000-04:00,12.241429328918457,0.18448951840400696,-12.056940078735352
2026-08-04T04:57:06.144000-04:00,12.214188575744629,0.1593531221151352,-12.054835319519043
2026-08-04T04:57:06.148000-04:00,12.204952239990234,0.14602497220039368,-12.058927536010742
2026-08-04T04:57:06.152000-04:00,12.198872566223145,0.11983635276556015,-12.079035758972168
2026-08-04T04:57:06.156000-04:00,12.2034330368042,0.1248636320233345,-12.078569412231445
2026-08-04T04:57:06.160000-04:00,12.2159423828125,0.1360873281955719,-12.079854965209961
2026-08-04T04:57:06.164000-04:00,12.202263832092285,0.10709277540445328,-12.095170974731445
2026-08-04T04:57:06.168000-04:00,12.201444625854492,0.11352302134037018,-12.087921142578125
2026-08-04T04:57:06.172000-04:00,12.204718589782715,0.11656277626752853,-12.088155746459961
2026-08-04T04:57:06.176000-04:00,12.209395408630371,0.08838661760091782,-12.12100887298584
2026-08-04T04:57:06.180000-04:00,12.2035493850708,0.13585349917411804,-12.067695617675781
2026-08-04T04:57:06.184000-04:00,12.200510025024414,0.11317227780818939,-12.087337493896484
2026-08-04T04:57:06.188000-04:00,12.189987182617188,0.11013253033161163,-12.079854965209961
2026-08-04T04:57:06.192000-04:00,12.1869478225708,0.11948560923337936,-12.067461967468262
2026-08-04T04:57:06.196000-04:00,12.1910400390625,0.12825413048267365,-12.062786102294922
2026-08-04T04:57:06.200000-04:00,12.185076713562012,0.11609511822462082,-12.068981170654297
2026-08-04T04:57:06.204000-04:00,12.15175724029541,0.12895560264587402,-12.022801399230957
2026-08-04T04:57:06.208000-04:00,12.14181900024414,0.16554953157901764,-11.976269721984863
2026-08-04T04:57:06.212000-04:00,12.159707069396973,0.18834766745567322,-11.971359252929688
2026-08-04T04:57:06.216000-04:00,12.2242431640625,0.17197978496551514,-12.052263259887695
2026-08-04T04:57:06.220000-04:00,12.30058765411377,0.23300863802433014,-12.06757926940918
2026-08-04T04:57:06.224000-04:00,12.47993278503418,0.48600947856903076,-11.99392318725586
2026-08-04T04:57:06.228000-04:00,12.579192161560059,0.8947391510009766,-11.684453010559082
2026-08-04T04:57:06.232000-04:00,12.53067398071289,1.3888156414031982,-11.141858100891113
2026-08-04T04:57:06.236000-04:00,12.487883567810059,2.1560020446777344,-10.331881523132324
2026-08-04T04:57:06.240000-04:00,12.406744956970215,2.490140914916992,-9.916604042053223
2026-08-04T04:57:06.244000-04:00,12.368748664855957,2.4916608333587646,-9.877087593078613
2026-08-04T04:57:06.248000-04:00,12.312396049499512,2.307755947113037,-10.004640579223633
2026-08-04T04:57:06.252000-04:00,12.247275352478027,1.6561968326568604,-10.591078758239746
2026-08-04T04:57:06.256000-04:00,12.194313049316406,1.2496885061264038,-10.944624900817871
2026-08-04T04:57:06.260000-04:00,12.19302749633789,0.7215902209281921,-11.471437454223633
2026-08-04T04:57:06.264000-04:00,12.263876914978027,0.5092752575874329,-11.75460147857666
2026-08-04T04:57:06.268000-04:00,12.319994926452637,0.466484934091568,-11.853509902954102
2026-08-04T04:57:06.272000-04:00,12.284453392028809,0.3837101459503174,-11.90074348449707
2026-08-04T04:57:06.276000-04:00,12.260369300842285,0.34431028366088867,-11.916059494018555
2026-08-04T04:57:06.280000-04:00,12.284337043762207,0.326305627822876,-11.95803165435791
2026-08-04T04:57:06.284000-04:00,12.280244827270508,0.2855027914047241,-11.994742393493652
2026-08-04T04:57:06.288000-04:00,12.255576133728027,0.2690179944038391,-11.986557960510254
2026-08-04T04:57:06.292000-04:00,12.28211498260498,0.2652767598628998,-12.016838073730469
2026-08-04T04:57:06.296000-04:00,12.280712127685547,0.262237012386322,-12.018475532531738
2026-08-04T04:57:06.300000-04:00,12.262356758117676,0.23067036271095276,-12.031686782836914
2026-08-04T04:57:06.304000-04:00,12.268436431884766,0.23195640742778778,-12.036479949951172
2026-08-04T04:57:06.308000-04:00,12.274632453918457,0.25159788131713867,-12.023035049438477
2026-08-04T04:57:06.312000-04:00,12.278608322143555,0.25346848368644714,-12.025139808654785
2026-08-04T04:57:06.316000-04:00,12.289130210876465,0.2586126923561096,-12.030517578125
2026-08-04T04:57:06.320000-04:00,12.279309272766113,0.26118478178977966,-12.0181245803833
2026-08-04T04:57:06.324000-04:00,12.281998634338379,0.2697194814682007,-12.012279510498047
2026-08-04T04:57:06.328000-04:00,12.275918960571289,0.27159008383750916,-12.004328727722168
2026-08-04T04:57:06.332000-04:00,12.292637825012207,0.2770850360393524,-12.015552520751953
2026-08-04T04:57:06.336000-04:00,12.304913520812988,0.29614192247390747,-12.008771896362305
2026-08-04T04:57:06.340000-04:00,12.309239387512207,0.3058457672595978,-12.003393173217773
2026-08-04T04:57:06.344000-04:00,12.298600196838379,0.3023383617401123,-11.996261596679688
2026-08-04T04:57:06.348000-04:00,12.297080039978027,0.30818402767181396,-11.988896369934082
2026-08-04T04:57:06.352000-04:00,12.320345878601074,0.327240914106369,-11.993104934692383
2026-08-04T04:57:06.356000-04:00,12.315903663635254,0.3492206633090973,-11.966683387756348
2026-08-04T04:57:06.360000-04:00,12.311694145202637,0.3564693033695221,-11.955224990844727
2026-08-04T04:57:06.364000-04:00,12.327945709228516,0.36558854579925537,-11.962357521057129
2026-08-04T04:57:06.368000-04:00,12.321983337402344,0.3701481819152832,-11.951835632324219
2026-08-04T04:57:06.372000-04:00,12.342559814453125,0.38593152165412903,-11.95662784576416
2026-08-04T04:57:06.376000-04:00,12.344429969787598,0.40522223711013794,-11.939208030700684
2026-08-04T04:57:06.380000-04:00,12.360681533813477,0.4496493637561798,-11.911031723022461
2026-08-04T04:57:06.384000-04:00,12.34992504119873,0.43854260444641113,-11.911382675170898
2026-08-04T04:57:06.388000-04:00,12.356355667114258,0.474435031414032,-11.88192081451416
2026-08-04T04:57:06.392000-04:00,12.374360084533691,0.48881539702415466,-11.885544776916504
2026-08-04T04:57:06.396000-04:00,12.396690368652344,0.5009744167327881,-11.895715713500977
2026-08-04T04:57:06.400000-04:00,12.414111137390137,0.5351131558418274,-11.878997802734375
2026-08-04T04:57:06.404000-04:00,12.434921264648438,0.5455184578895569,-11.889402389526367
2026-08-04T04:57:06.408000-04:00,12.441936492919922,0.5624709129333496,-11.879465103149414
2026-08-04T04:57:06.412000-04:00,12.436441421508789,0.5756821632385254,-11.860759735107422
2026-08-04T04:57:06.416000-04:00,12.483907699584961,0.6427904963493347,-11.841116905212402
2026-08-04T04:57:06.420000-04:00,12.497118949890137,0.6748247742652893,-11.822294235229492
2026-08-04T04:57:06.424000-04:00,12.503432273864746,0.6970383524894714,-11.80639362335205
2026-08-04T04:57:06.428000-04:00,12.52096939086914,0.7342168688774109,-11.786752700805664
2026-08-04T04:57:06.432000-04:00,12.540026664733887,0.7697585821151733,-11.770268440246582
2026-08-04T04:57:06.436000-04:00,12.583284378051758,0.8258770704269409,-11.757407188415527
2026-08-04T04:57:06.440000-04:00,12.588194847106934,0.8409588932991028,-11.747236251831055
2026-08-04T04:57:06.444000-04:00,12.585389137268066,0.8547546863555908,-11.730634689331055
2026-08-04T04:57:06.448000-04:00,12.608537673950195,0.8739284873008728,-11.734609603881836
2026-08-04T04:57:06.452000-04:00,12.59287166595459,0.8717071413993835,-11.72116470336914
2026-08-04T04:57:06.456000-04:00,12.603277206420898,0.8970773816108704,-11.706199645996094
2026-08-04T04:57:06.460000-04:00,12.5993013381958,0.9213954210281372,-11.677906036376953
2026-08-04T04:57:06.464000-04:00,12.578958511352539,0.9040921926498413,-11.674866676330566
2026-08-04T04:57:06.468000-04:00,12.583986282348633,0.880241870880127,-11.703744888305664
2026-08-04T04:57:06.472000-04:00,12.561071395874023,0.8457523584365845,-11.71531867980957
2026-08-04T04:57:06.476000-04:00,12.561187744140625,0.8290337324142456,-11.73215389251709
2026-08-04T04:57:06.480000-04:00,12.5328950881958,0.7960641384124756,-11.736830711364746
2026-08-04T04:57:06.484000-04:00,12.501562118530273,0.7749027609825134,-11.726659774780273
2026-08-04T04:57:06.488000-04:00,12.475139617919922,0.7102496027946472,-11.76488971710205
2026-08-04T04:57:06.492000-04:00,12.437142372131348,0.6478177905082703,-11.789324760437012
2026-08-04T04:57:06.496000-04:00,12.41574764251709,0.5984802842140198,-11.817267417907715
2026-08-04T04:57:06.500000-04:00,12.410837173461914,0.5657445192337036,-11.8450927734375
2026-08-04T04:57:06.504000-04:00,12.386402130126953,0.5306704640388489,-11.855731964111328
2026-08-04T04:57:06.508000-04:00,12.330634117126465,0.47864392399787903,-11.85198974609375
2026-08-04T04:57:06.512000-04:00,12.333206176757812,0.45713183283805847,-11.87607479095459
2026-08-04T04:57:06.516000-04:00,12.324905395507812,0.40405309200286865,-11.920852661132812
2026-08-04T04:57:06.520000-04:00,12.316488265991211,0.3798519968986511,-11.936635971069336
2026-08-04T04:57:06.524000-04:00,12.290884017944336,0.3533126413822174,-11.93757152557373
2026-08-04T04:57:06.528000-04:00,12.23277759552002,0.2997662425041199,-11.933011054992676
2026-08-04T04:57:06.532000-04:00,12.228218078613281,0.29333600401878357,-11.934882164001465
2026-08-04T04:57:06.536000-04:00,12.270657539367676,0.29964932799339294,-11.97100830078125
2026-08-04T04:57:06.540000-04:00,12.264344215393066,0.27369454503059387,-11.990649223327637
2026-08-04T04:57:06.544000-04:00,12.23277759552002,0.2645752727985382,-11.968202590942383
2026-08-04T04:57:06.548000-04:00,12.238740921020508,0.23780208826065063,-12.000938415527344
2026-08-04T04:57:06.552000-04:00,12.21839714050293,0.2461029440164566,-11.972293853759766
2026-08-04T04:57:06.556000-04:00,12.217812538146973,0.2292674034833908,-11.988545417785645
2026-08-04T04:57:06.560000-04:00,12.21009635925293,0.23511306941509247,-11.974983215332031
2026-08-04T04:57:06.564000-04:00,12.21395492553711,0.23020270466804504,-11.983752250671387
2026-08-04T04:57:06.568000-04:00,12.208810806274414,0.23558072745800018,-11.973230361938477
2026-08-04T04:57:06.572000-04:00,12.221553802490234,0.23546381294727325,-11.986089706420898
2026-08-04T04:57:06.576000-04:00,12.18496036529541,0.21465320885181427,-11.970307350158691
2026-08-04T04:57:06.580000-04:00,12.232076644897461,0.24961034953594208,-11.982466697692871
2026-08-04T04:57:06.584000-04:00,12.221553802490234,0.2264614701271057,-11.995092391967773
2026-08-04T04:57:06.588000-04:00,12.186480522155762,0.22143419086933136,-11.965045928955078
2026-08-04T04:57:06.592000-04:00,12.212552070617676,0.24621985852718353,-11.96633243560791
2026-08-04T04:57:06.596000-04:00,12.226114273071289,0.25346848368644714,-11.97264575958252
2026-08-04T04:57:06.600000-04:00,12.213603973388672,0.24949343502521515,-11.964110374450684
2026-08-04T04:57:06.604000-04:00,12.220852851867676,0.2568590044975281,-11.963994026184082
2026-08-04T04:57:06.608000-04:00,12.189168930053711,0.2586126923561096,-11.930556297302246
2026-08-04T04:57:06.612000-04:00,12.214773178100586,0.2573266327381134,-11.957446098327637
2026-08-04T04:57:06.616000-04:00,12.219683647155762,0.2781372368335724,-11.941546440124512
2026-08-04T04:57:06.620000-04:00,12.2283353805542,0.27509748935699463,-11.953237533569336
2026-08-04T04:57:06.624000-04:00,12.218748092651367,0.27918946743011475,-11.939558982849121
2026-08-04T04:57:06.628000-04:00,12.210447311401367,0.2821123003959656,-11.928335189819336
2026-08-04T04:57:06.632000-04:00,12.21839714050293,0.2829307019710541,-11.935466766357422
2026-08-04T04:57:06.636000-04:00,12.236518859863281,0.29415440559387207,-11.942364692687988
2026-08-04T04:57:06.640000-04:00,12.233245849609375,0.3083009421825409,-11.924944877624512
2026-08-04T04:57:06.644000-04:00,12.234064102172852,0.3175370991230011,-11.916526794433594
2026-08-04T04:57:06.648000-04:00,12.221904754638672,0.2990647554397583,-11.922840118408203
2026-08-04T04:57:06.652000-04:00,12.237571716308594,0.3215121626853943,-11.916059494018555
2026-08-04T04:57:06.656000-04:00,12.23231029510498,0.3143804371356964,-11.917929649353027
2026-08-04T04:57:06.660000-04:00,12.245637893676758,0.3187062442302704,-11.926931381225586
2026-08-04T04:57:06.664000-04:00,12.237220764160156,0.3252533972263336,-11.911967277526855
2026-08-04T04:57:06.668000-04:00,12.2283353805542,0.3312159776687622,-11.897119522094727
2026-08-04T04:57:06.672000-04:00,12.215357780456543,0.31812167167663574,-11.897235870361328
2026-08-04T04:57:06.676000-04:00,12.23815631866455,0.3328527808189392,-11.905303955078125
2026-08-04T04:57:06.680000-04:00,12.260018348693848,0.35144200921058655,-11.908576011657715
2026-08-04T04:57:06.684000-04:00,12.248210906982422,0.3351910412311554,-11.913020133972168
2026-08-04T04:57:06.688000-04:00,12.235817909240723,0.35261115431785583,-11.883206367492676
2026-08-04T04:57:06.692000-04:00,12.257096290588379,0.33308660984039307,-11.924009323120117
2026-08-04T04:57:06.696000-04:00,12.240493774414062,0.3323851227760315,-11.908108711242676
2026-08-04T04:57:06.700000-04:00,12.242364883422852,0.31777092814445496,-11.924593925476074
2026-08-04T04:57:06.704000-04:00,12.233011245727539,0.3198753595352173,-11.913135528564453
2026-08-04T04:57:06.708000-04:00,12.235116004943848,0.31823858618736267,-11.916877746582031
2026-08-04T04:57:06.712000-04:00,12.240728378295898,0.3151988387107849,-11.925529479980469
2026-08-04T04:57:06.716000-04:00,12.248560905456543,0.3211614191532135,-11.927399635314941
2026-08-04T04:57:06.720000-04:00,12.244118690490723,0.3218629062175751,-11.922255516052246
2026-08-04T04:57:06.724000-04:00,12.236518859863281,0.3018707036972046,-11.934648513793945
2026-08-04T04:57:06.728000-04:00,12.233245849609375,0.31379586458206177,-11.919449806213379
2026-08-04T04:57:06.732000-04:00,12.249262809753418,0.3282931447029114,-11.92096996307373
2026-08-04T04:57:06.736000-04:00,12.237805366516113,0.315081924200058,-11.922723770141602
2026-08-04T04:57:06.740000-04:00,12.223892211914062,0.3111068606376648,-11.912785530090332
2026-08-04T04:57:06.744000-04:00,12.240260124206543,0.3050273656845093,-11.935233116149902
2026-08-04T04:57:06.748000-04:00,12.227166175842285,0.312392920255661,-11.914772987365723
2026-08-04T04:57:06.752000-04:00,12.20787525177002,0.2829307019710541,-11.924944877624512
2026-08-04T04:57:06.756000-04:00,12.215825080871582,0.30654722452163696,-11.90927791595459
2026-08-04T04:57:06.760000-04:00,12.247391700744629,0.3211614191532135,-11.926230430603027
2026-08-04T04:57:06.764000-04:00,12.216526985168457,0.2962588369846344,-11.920268058776855
2026-08-04T04:57:06.768000-04:00,12.213370323181152,0.29567426443099976,-11.917695999145508
2026-08-04T04:57:06.772000-04:00,12.221086502075195,0.2893609404563904,-11.93172550201416
2026-08-04T04:57:06.776000-04:00,12.233128547668457,0.3018707036972046,-11.931258201599121
2026-08-04T04:57:06.780000-04:00,12.222840309143066,0.283047616481781,-11.93979263305664
2026-08-04T04:57:06.784000-04:00,12.231023788452148,0.2845675051212311,-11.946455955505371
2026-08-04T04:57:06.788000-04:00,12.2284517288208,0.27965712547302246,-11.9487943649292
2026-08-04T04:57:06.792000-04:00,12.229738235473633,0.28678885102272034,-11.942949295043945
2026-08-04T04:57:06.796000-04:00,12.237337112426758,0.2798909544944763,-11.957446098327637
2026-08-04T04:57:06.800000-04:00,12.224125862121582,0.28246304392814636,-11.941662788391113
2026-08-04T04:57:06.804000-04:00,12.217578887939453,0.27872180938720703,-11.938857078552246
2026-08-04T04:57:06.808000-04:00,12.196184158325195,0.2645752727985382,-11.931609153747559
2026-08-04T04:57:06.812000-04:00,12.225996971130371,0.2934529185295105,-11.932543754577637
2026-08-04T04:57:06.816000-04:00,12.219449996948242,0.2770850360393524,-11.942364692687988
2026-08-04T04:57:06.820000-04:00,12.235700607299805,0.2725253999233246,-11.963174819946289
2026-08-04T04:57:06.824000-04:00,12.225295066833496,0.29006242752075195,-11.935232162475586
2026-08-04T04:57:06.828000-04:00,12.216059684753418,0.2773188650608063,-11.938740730285645
2026-08-04T04:57:06.832000-04:00,12.213253021240234,0.28772416710853577,-11.925528526306152
2026-08-04T04:57:06.836000-04:00,12.225996971130371,0.28246304392814636,-11.943533897399902
2026-08-04T04:57:06.840000-04:00,12.220268249511719,0.2829307019710541,-11.937337875366211
2026-08-04T04:57:06.844000-04:00,12.213486671447754,0.2838660180568695,-11.929620742797852
2026-08-04T04:57:06.848000-04:00,12.216059684753418,0.2729930579662323,-11.943066596984863
2026-08-04T04:57:06.852000-04:00,12.218047142028809,0.27439600229263306,-11.94365119934082
2026-08-04T04:57:06.856000-04:00,12.236987113952637,0.27965712547302246,-11.957329750061035
2026-08-04T04:57:06.860000-04:00,12.233128547668457,0.2722915709018707,-11.960837364196777
2026-08-04T04:57:06.864000-04:00,12.206706047058105,0.25989875197410583,-11.946806907653809
2026-08-04T04:57:06.868000-04:00,12.214655876159668,0.25545603036880493,-11.959199905395508
2026-08-04T04:57:06.872000-04:00,12.212668418884277,0.2705378830432892,-11.942130088806152
2026-08-04T04:57:06.876000-04:00,12.217111587524414,0.26749810576438904,-11.949613571166992
2026-08-04T04:57:06.880000-04:00,12.225061416625977,0.2717069983482361,-11.953354835510254
2026-08-04T04:57:06.884000-04:00,12.226815223693848,0.28129392862319946,-11.945521354675293
2026-08-04T04:57:06.888000-04:00,12.21372127532959,0.2685503363609314,-11.945171356201172
2026-08-04T04:57:06.892000-04:00,12.225646018981934,0.2790725529193878,-11.946573257446289
2026-08-04T04:57:06.896000-04:00,12.230439186096191,0.2714731693267822,-11.958966255187988
2026-08-04T04:57:06.900000-04:00,12.229387283325195,0.2974279820919037,-11.93195915222168
2026-08-04T04:57:06.904000-04:00,12.221086502075195,0.2878410816192627,-11.933245658874512
2026-08-04T04:57:06.908000-04:00,12.245054244995117,0.33098214864730835,-11.914072036743164
2026-08-04T04:57:06.912000-04:00,12.251834869384766,0.3653547167778015,-11.886480331420898
2026-08-04T04:57:06.916000-04:00,12.244819641113281,0.35272806882858276,-11.892091751098633
2026-08-04T04:57:06.920000-04:00,12.231608390808105,0.36184731125831604,-11.86976146697998
2026-08-04T04:57:06.924000-04:00,12.223658561706543,0.3561185598373413,-11.86754035949707
2026-08-04T04:57:06.928000-04:00,12.272644996643066,0.4001949727535248,-11.87244987487793
2026-08-04T04:57:06.932000-04:00,12.276269912719727,0.419018030166626,-11.85725212097168
2026-08-04T04:57:06.936000-04:00,12.249847412109375,0.4588855504989624,-11.790962219238281
2026-08-04T04:57:06.940000-04:00,12.237337112426758,0.4544428288936615,-11.782894134521484
2026-08-04T04:57:06.944000-04:00,12.231725692749023,0.4066252112388611,-11.825100898742676
2026-08-04T04:57:06.948000-04:00,12.22623062133789,0.43702271580696106,-11.789207458496094
2026-08-04T04:57:06.952000-04:00,12.233128547668457,0.4491817057132721,-11.783946990966797
2026-08-04T04:57:06.956000-04:00,12.249730110168457,0.43772420287132263,-11.812005996704102
2026-08-04T04:57:06.960000-04:00,12.274165153503418,0.41527679562568665,-11.858888626098633
2026-08-04T04:57:06.964000-04:00,12.260135650634766,0.3894389271736145,-11.870697021484375
2026-08-04T04:57:06.968000-04:00,12.253588676452637,0.35261115431785583,-11.90097713470459
2026-08-04T04:57:06.972000-04:00,12.2200345993042,0.34337499737739563,-11.876659393310547
2026-08-04T04:57:06.976000-04:00,12.249262809753418,0.3650040030479431,-11.884259223937988
2026-08-04T04:57:06.980000-04:00,12.232661247253418,0.3340218961238861,-11.898639678955078
2026-08-04T04:57:06.984000-04:00,12.240143775939941,0.2934529185295105,-11.946690559387207
2026-08-04T04:57:06.988000-04:00,12.213019371032715,0.24937652051448822,-11.963643074035645
2026-08-04T04:57:06.992000-04:00,12.206589698791504,0.2524162828922272,-11.95417308807373
2026-08-04T04:57:06.996000-04:00,12.198756217956543,0.24469998478889465,-11.954055786132812
2026-08-04T04:57:07-04:00,12.219099044799805,0.2513640522956848,-11.967735290527344
2026-08-04T04:57:07.004000-04:00,12.204718589782715,0.23616530001163483,-11.96855354309082
2026-08-04T04:57:07.008000-04:00,12.192442893981934,0.24399849772453308,-11.948444366455078
2026-08-04T04:57:07.012000-04:00,12.214305877685547,0.24306319653987885,-11.971242904663086
2026-08-04T04:57:07.016000-04:00,12.208342552185059,0.233242467045784,-11.97510051727295
2026-08-04T04:57:07.020000-04:00,12.19770336151123,0.21886210143566132,-11.978840827941895
2026-08-04T04:57:07.024000-04:00,12.183206558227539,0.21465320885181427,-11.96855354309082
2026-08-04T04:57:07.028000-04:00,12.207290649414062,0.24680443108081818,-11.96048641204834
2026-08-04T04:57:07.032000-04:00,12.202731132507324,0.24703826010227203,-11.955693244934082
2026-08-04T04:57:07.036000-04:00,12.192559242248535,0.23733443021774292,-11.955224990844727
2026-08-04T04:57:07.040000-04:00,12.1869478225708,0.2236555516719818,-11.963292121887207
2026-08-04T04:57:07.044000-04:00,12.173970222473145,0.25066256523132324,-11.923307418823242
2026-08-04T04:57:07.048000-04:00,12.158888816833496,0.24037417769432068,-11.918514251708984
2026-08-04T04:57:07.052000-04:00,12.133167266845703,0.3026890754699707,-11.83047866821289
2026-08-04T04:57:07.056000-04:00,12.183440208435059,0.28363218903541565,-11.899807929992676
2026-08-04T04:57:07.060000-04:00,12.227867126464844,0.291582316160202,-11.936285018920898
2026-08-04T04:57:07.064000-04:00,12.35986328125,0.41843345761299133,-11.94143009185791
2026-08-04T04:57:07.068000-04:00,12.48554515838623,0.591231644153595,-11.89431381225586
2026-08-04T04:57:07.072000-04:00,12.553705215454102,1.0221748352050781,-11.531530380249023
2026-08-04T04:57:07.076000-04:00,12.501444816589355,1.4892443418502808,-11.012200355529785
2026-08-04T04:57:07.080000-04:00,12.44088363647461,2.2580676078796387,-10.182815551757812
2026-08-04T04:57:07.084000-04:00,12.386635780334473,2.5464932918548584,-9.840142250061035
2026-08-04T04:57:07.088000-04:00,12.332856178283691,2.5849578380584717,-9.74789810180664
2026-08-04T04:57:07.092000-04:00,12.256628036499023,2.212003707885742,-10.044624328613281
2026-08-04T04:57:07.096000-04:00,12.244585990905762,1.750662922859192,-10.49392318725586
2026-08-04T04:57:07.100000-04:00,12.225763320922852,1.2128608226776123,-11.01290225982666
2026-08-04T04:57:07.104000-04:00,12.216994285583496,0.8090415000915527,-11.407953262329102
2026-08-04T04:57:07.108000-04:00,12.297313690185547,0.6144974231719971,-11.682816505432129
2026-08-04T04:57:07.112000-04:00,12.320112228393555,0.564458429813385,-11.755653381347656
2026-08-04T04:57:07.116000-04:00,12.285506248474121,0.4906860291957855,-11.794819831848145
2026-08-04T04:57:07.120000-04:00,12.286324501037598,0.4315277934074402,-11.854796409606934
2026-08-04T04:57:07.124000-04:00,12.268553733825684,0.4087296426296234,-11.859824180603027
2026-08-04T04:57:07.128000-04:00,12.274516105651855,0.37833213806152344,-11.896183967590332
2026-08-04T04:57:07.132000-04:00,12.273113250732422,0.37155115604400635,-11.901561737060547
2026-08-04T04:57:07.136000-04:00,12.28211498260498,0.3569369614124298,-11.925177574157715
2026-08-04T04:57:07.140000-04:00,12.286909103393555,0.35506632924079895,-11.931842803955078
2026-08-04T04:57:07.144000-04:00,12.264110565185547,0.33904919028282166,-11.925061225891113
2026-08-04T04:57:07.148000-04:00,12.280478477478027,0.3465316593647003,-11.93394660949707
2026-08-04T04:57:07.152000-04:00,12.28796100616455,0.33542487025260925,-11.952536582946777
2026-08-04T04:57:07.156000-04:00,12.291117668151855,0.348051518201828,-11.943066596984863
2026-08-04T04:57:07.160000-04:00,12.279192924499512,0.34255659580230713,-11.936635971069336
2026-08-04T04:57:07.164000-04:00,12.29205322265625,0.35027289390563965,-11.941780090332031
2026-08-04T04:57:07.168000-04:00,12.287142753601074,0.348051518201828,-11.939091682434082
2026-08-04T04:57:07.172000-04:00,12.299886703491211,0.35869064927101135,-11.94119644165039
2026-08-04T04:57:07.176000-04:00,12.31894302368164,0.3726033568382263,-11.94633960723877
2026-08-04T04:57:07.180000-04:00,12.307952880859375,0.39680445194244385,-11.911148071289062
2026-08-04T04:57:07.184000-04:00,12.309590339660645,0.39879199862480164,-11.910798072814941
2026-08-04T04:57:07.188000-04:00,12.305615425109863,0.3917771875858307,-11.913838386535645
2026-08-04T04:57:07.192000-04:00,12.324204444885254,0.399844229221344,-11.924360275268555
2026-08-04T04:57:07.196000-04:00,12.332505226135254,0.3969213664531708,-11.93558406829834
2026-08-04T04:57:07.200000-04:00,12.330985069274902,0.42860493063926697,-11.902379989624023
2026-08-04T04:57:07.204000-04:00,12.336713790893555,0.4308263063430786,-11.905887603759766
2026-08-04T04:57:07.208000-04:00,12.34384536743164,0.43936097621917725,-11.904484748840332
2026-08-04T04:57:07.212000-04:00,12.351327896118164,0.460522323846817,-11.8908052444458
2026-08-04T04:57:07.216000-04:00,12.362435340881348,0.466484934091568,-11.895950317382812
2026-08-04T04:57:07.220000-04:00,12.365357398986816,0.48191750049591064,-11.883440017700195
2026-08-04T04:57:07.224000-04:00,12.37669849395752,0.5024942755699158,-11.874204635620117
2026-08-04T04:57:07.228000-04:00,12.384414672851562,0.5305535197257996,-11.853860855102539
2026-08-04T04:57:07.232000-04:00,12.395755767822266,0.5285660028457642,-11.867189407348633
2026-08-04T04:57:07.236000-04:00,12.407797813415527,0.5415434241294861,-11.866254806518555
2026-08-04T04:57:07.240000-04:00,12.414227485656738,0.5674982070922852,-11.846729278564453
2026-08-04T04:57:07.244000-04:00,12.415163040161133,0.5988309979438782,-11.81633186340332
2026-08-04T04:57:07.248000-04:00,12.44263744354248,0.6036244630813599,-11.83901309967041
2026-08-04T04:57:07.252000-04:00,12.479114532470703,0.6502729654312134,-11.828841209411621
2026-08-04T04:57:07.256000-04:00,12.50238037109375,0.6817227005958557,-11.820657730102539
2026-08-04T04:57:07.260000-04:00,12.507173538208008,0.7167967557907104,-11.790376663208008
2026-08-04T04:57:07.264000-04:00,12.53722095489502,0.7681217789649963,-11.769099235534668
2026-08-04T04:57:07.268000-04:00,12.542131423950195,0.7753704190254211,-11.76676082611084
2026-08-04T04:57:07.272000-04:00,12.572060585021973,0.8208497762680054,-11.751211166381836
2026-08-04T04:57:07.276000-04:00,12.589597702026367,0.8562746047973633,-11.733323097229004
2026-08-04T04:57:07.280000-04:00,12.602341651916504,0.8921670317649841,-11.710174560546875
2026-08-04T04:57:07.284000-04:00,12.620930671691895,0.906196653842926,-11.714734077453613
2026-08-04T04:57:07.288000-04:00,12.620813369750977,0.9371787309646606,-11.683634757995605
2026-08-04T04:57:07.292000-04:00,12.643729209899902,0.9519098401069641,-11.691819190979004
2026-08-04T04:57:07.296000-04:00,12.661499977111816,0.9844117760658264,-11.677087783813477
2026-08-04T04:57:07.300000-04:00,12.644781112670898,0.9937648773193359,-11.651016235351562
2026-08-04T04:57:07.304000-04:00,12.641157150268555,0.9720189571380615,-11.669137954711914
2026-08-04T04:57:07.308000-04:00,12.617423057556152,0.9527282118797302,-11.664694786071777
2026-08-04T04:57:07.312000-04:00,12.6199951171875,0.9507406949996948,-11.669254302978516
2026-08-04T04:57:07.316000-04:00,12.608070373535156,0.928644061088562,-11.679426193237305
2026-08-04T04:57:07.320000-04:00,12.579075813293457,0.891816258430481,-11.687259674072266
2026-08-04T04:57:07.324000-04:00,12.55990219116211,0.8636401295661926,-11.69626235961914
2026-08-04T04:57:07.328000-04:00,12.533011436462402,0.8210836052894592,-11.71192741394043
2026-08-04T04:57:07.332000-04:00,12.50039291381836,0.76017165184021,-11.74022102355957
2026-08-04T04:57:07.336000-04:00,12.47525691986084,0.7111849188804626,-11.76407241821289
2026-08-04T04:57:07.340000-04:00,12.453042984008789,0.6820734143257141,-11.77096939086914
2026-08-04T04:57:07.344000-04:00,12.419839859008789,0.6332035660743713,-11.786636352539062
2026-08-04T04:57:07.348000-04:00,12.400782585144043,0.5886595249176025,-11.81212329864502
2026-08-04T04:57:07.352000-04:00,12.381024360656738,0.5249416828155518,-11.856082916259766
2026-08-04T04:57:07.356000-04:00,12.357407569885254,0.49442726373672485,-11.862979888916016
2026-08-04T04:57:07.360000-04:00,12.338934898376465,0.4511692523956299,-11.887765884399414
2026-08-04T04:57:07.364000-04:00,12.305849075317383,0.42018717527389526,-11.885662078857422
2026-08-04T04:57:07.368000-04:00,12.29427433013916,0.4042869210243225,-11.889986991882324
2026-08-04T04:57:07.372000-04:00,12.289714813232422,0.3821902871131897,-11.907524108886719
2026-08-04T04:57:07.376000-04:00,12.280478477478027,0.3734217584133148,-11.90705680847168
2026-08-04T04:57:07.380000-04:00,12.268553733825684,0.3451286852359772,-11.92342472076416
2026-08-04T04:57:07.384000-04:00,12.253939628601074,0.3291115462779999,-11.92482852935791
2026-08-04T04:57:07.388000-04:00,12.238974571228027,0.32092759013175964,-11.918046951293945
2026-08-04T04:57:07.392000-04:00,12.251834869384766,0.31215909123420715,-11.939675331115723
2026-08-04T04:57:07.396000-04:00,12.255692481994629,0.2998831570148468,-11.955809593200684
2026-08-04T04:57:07.400000-04:00,12.238039016723633,0.29088082909584045,-11.947157859802246
2026-08-04T04:57:07.404000-04:00,12.231258392333984,0.2918161451816559,-11.93944263458252
2026-08-04T04:57:07.408000-04:00,12.225996971130371,0.28281378746032715,-11.943182945251465
2026-08-04T04:57:07.412000-04:00,12.219332695007324,0.2902962565422058,-11.929036140441895
2026-08-04T04:57:07.416000-04:00,12.243534088134766,0.2935698330402374,-11.94996452331543
2026-08-04T04:57:07.420000-04:00,12.231959342956543,0.29333600401878357,-11.938623428344727
2026-08-04T04:57:07.424000-04:00,12.23277759552002,0.2855027914047241,-11.947275161743164
2026-08-04T04:57:07.428000-04:00,12.218748092651367,0.2630554139614105,-11.955692291259766
2026-08-04T04:57:07.432000-04:00,12.216760635375977,0.27194082736968994,-11.944819450378418
2026-08-04T04:57:07.436000-04:00,12.233595848083496,0.2833983600139618,-11.950197219848633
2026-08-04T04:57:07.440000-04:00,12.233479499816895,0.2837491035461426,-11.949729919433594
2026-08-04T04:57:07.444000-04:00,12.206823348999023,0.29053008556365967,-11.916293144226074
2026-08-04T04:57:07.448000-04:00,12.220619201660156,0.2849182188510895,-11.935701370239258
2026-08-04T04:57:07.452000-04:00,12.222606658935547,0.287373423576355,-11.935233116149902
2026-08-04T04:57:07.456000-04:00,12.227399826049805,0.30163687467575073,-11.925763130187988
2026-08-04T04:57:07.460000-04:00,12.220735549926758,0.29368674755096436,-11.927048683166504
2026-08-04T04:57:07.464000-04:00,12.216760635375977,0.3014030456542969,-11.91535758972168
2026-08-04T04:57:07.468000-04:00,12.231842994689941,0.3026890754699707,-11.929153442382812
2026-08-04T04:57:07.472000-04:00,12.23815631866455,0.30935314297676086,-11.928803443908691
2026-08-04T04:57:07.476000-04:00,12.2242431640625,0.31660178303718567,-11.907641410827637
2026-08-04T04:57:07.480000-04:00,12.233595848083496,0.31461426615715027,-11.918981552124023
2026-08-04T04:57:07.484000-04:00,12.2367525100708,0.3143804371356964,-11.922371864318848
2026-08-04T04:57:07.488000-04:00,12.22810173034668,0.33320352435112,-11.894898414611816
2026-08-04T04:57:07.492000-04:00,12.2284517288208,0.33776313066482544,-11.8906888961792
2026-08-04T04:57:07.496000-04:00,12.2408447265625,0.36278262734413147,-11.87806224822998
2026-08-04T04:57:07.500000-04:00,12.243416786193848,0.3610289394855499,-11.8823881149292
2026-08-04T04:57:07.504000-04:00,12.247509002685547,0.34384265542030334,-11.903666496276855
2026-08-04T04:57:07.508000-04:00,12.245637893676758,0.35062363743782043,-11.895013809204102
2026-08-04T04:57:07.512000-04:00,12.24306583404541,0.34992215037345886,-11.893143653869629
2026-08-04T04:57:07.516000-04:00,12.253355026245117,0.3505067229270935,-11.902848243713379
2026-08-04T04:57:07.520000-04:00,12.2491455078125,0.3536633849143982,-11.895482063293457
2026-08-04T04:57:07.524000-04:00,12.237454414367676,0.3353079557418823,-11.902146339416504
2026-08-04T04:57:07.528000-04:00,12.248444557189941,0.33144980669021606,-11.91699504852295
2026-08-04T04:57:07.532000-04:00,12.247742652893066,0.34056907892227173,-11.907173156738281
2026-08-04T04:57:07.536000-04:00,12.247509002685547,0.3557678163051605,-11.891740798950195
2026-08-04T04:57:07.540000-04:00,12.248444557189941,0.3680437505245209,-11.880400657653809
2026-08-04T04:57:07.544000-04:00,12.24061107635498,0.34173819422721863,-11.898873329162598
2026-08-04T04:57:07.548000-04:00,12.24891185760498,0.34536251425743103,-11.903549194335938
2026-08-04T04:57:07.552000-04:00,12.24692440032959,0.3412705361843109,-11.905653953552246
2026-08-04T04:57:07.556000-04:00,12.251250267028809,0.3537802994251251,-11.897469520568848
2026-08-04T04:57:07.560000-04:00,12.252419471740723,0.3648870885372162,-11.887532234191895
2026-08-04T04:57:07.564000-04:00,12.2366361618042,0.34255659580230713,-11.894079208374023
2026-08-04T04:57:07.568000-04:00,12.2366361618042,0.33261895179748535,-11.904017448425293
2026-08-04T04:57:07.572000-04:00,12.23838996887207,0.3360094428062439,-11.90238094329834
2026-08-04T04:57:07.576000-04:00,12.241312980651855,0.31531575322151184,-11.925996780395508
2026-08-04T04:57:07.580000-04:00,12.24715805053711,0.3139127790927887,-11.933245658874512
2026-08-04T04:57:07.584000-04:00,12.239675521850586,0.29333600401878357,-11.94633960723877
2026-08-04T04:57:07.588000-04:00,12.231725692749023,0.3025721609592438,-11.929153442382812
2026-08-04T04:57:07.592000-04:00,12.239792823791504,0.29204994440078735,-11.947742462158203
2026-08-04T04:57:07.596000-04:00,12.251016616821289,0.28526896238327026,-11.965747833251953
2026-08-04T04:57:07.600000-04:00,12.24061107635498,0.2837491035461426,-11.95686149597168
2026-08-04T04:57:07.604000-04:00,12.232076644897461,0.27322688698768616,-11.958849906921387
2026-08-04T04:57:07.608000-04:00,12.236518859863281,0.2601325809955597,-11.976386070251465
2026-08-04T04:57:07.612000-04:00,12.226932525634766,0.276149719953537,-11.950782775878906
2026-08-04T04:57:07.616000-04:00,12.227048873901367,0.2741622030735016,-11.952886581420898
2026-08-04T04:57:07.620000-04:00,12.22623062133789,0.2809431850910187,-11.945287704467773
2026-08-04T04:57:07.624000-04:00,12.227867126464844,0.3025721609592438,-11.925294876098633
2026-08-04T04:57:07.628000-04:00,12.217462539672852,0.2987140417098999,-11.91874885559082
2026-08-04T04:57:07.632000-04:00,12.227867126464844,0.30175378918647766,-11.92611312866211
2026-08-04T04:57:07.636000-04:00,12.23277759552002,0.27240848541259766,-11.960369110107422
2026-08-04T04:57:07.640000-04:00,12.234180450439453,0.2754482328891754,-11.958732604980469
2026-08-04T04:57:07.644000-04:00,12.229620933532715,0.27837106585502625,-11.951250076293945
2026-08-04T04:57:07.648000-04:00,12.223307609558105,0.2817615568637848,-11.941546440124512
2026-08-04T04:57:07.652000-04:00,12.21792984008789,0.2669135630130768,-11.951016426086426
2026-08-04T04:57:07.656000-04:00,12.229854583740234,0.2662120759487152,-11.963642120361328
2026-08-04T04:57:07.660000-04:00,12.229620933532715,0.25475454330444336,-11.97486686706543
2026-08-04T04:57:07.664000-04:00,12.212552070617676,0.24516764283180237,-11.967384338378906
2026-08-04T04:57:07.668000-04:00,12.209511756896973,0.2344115972518921,-11.97510051727295
2026-08-04T04:57:07.672000-04:00,12.229387283325195,0.24516764283180237,-11.984219551086426
2026-08-04T04:57:07.676000-04:00,12.231608390808105,0.25954800844192505,-11.972060203552246
2026-08-04T04:57:07.680000-04:00,12.223892211914062,0.2634061574935913,-11.96048641204834
2026-08-04T04:57:07.684000-04:00,12.21208381652832,0.25592368841171265,-11.956160545349121
2026-08-04T04:57:07.688000-04:00,12.213019371032715,0.25183171033859253,-11.961187362670898
2026-08-04T04:57:07.692000-04:00,12.213019371032715,0.25428688526153564,-11.958732604980469
2026-08-04T04:57:07.696000-04:00,12.223775863647461,0.24318011105060577,-11.980595588684082
2026-08-04T04:57:07.700000-04:00,12.221904754638672,0.24014036357402802,-11.981764793395996
2026-08-04T04:57:07.704000-04:00,12.216994285583496,0.24867504835128784,-11.968318939208984
2026-08-04T04:57:07.708000-04:00,12.210680961608887,0.2657444179058075,-11.944936752319336
2026-08-04T04:57:07.712000-04:00,12.2201509475708,0.28082627058029175,-11.939324378967285
2026-08-04T04:57:07.716000-04:00,12.233011245727539,0.2650429308414459,-11.967967987060547
2026-08-04T04:57:07.720000-04:00,12.214305877685547,0.23990653455257416,-11.97439956665039
2026-08-04T04:57:07.724000-04:00,12.20565414428711,0.22704604268074036,-11.978608131408691
2026-08-04T04:57:07.728000-04:00,12.202263832092285,0.22529233992099762,-11.976971626281738
2026-08-04T04:57:07.732000-04:00,12.20202922821045,0.22622765600681305,-11.975801467895508
2026-08-04T04:57:07.736000-04:00,12.209044456481934,0.2268122136592865,-11.982232093811035
2026-08-04T04:57:07.740000-04:00,12.219099044799805,0.22950123250484467,-11.989598274230957
2026-08-04T04:57:07.744000-04:00,12.188350677490234,0.22412320971488953,-11.964227676391602
2026-08-04T04:57:07.748000-04:00,12.206706047058105,0.210795059800148,-11.99591064453125
2026-08-04T04:57:07.752000-04:00,12.206472396850586,0.21149654686450958,-11.994976043701172
2026-08-04T04:57:07.756000-04:00,12.220619201660156,0.21851135790348053,-12.002107620239258
2026-08-04T04:57:07.760000-04:00,12.229387283325195,0.23090419173240662,-11.998482704162598
2026-08-04T04:57:07.764000-04:00,12.234882354736328,0.23254097998142242,-12.002341270446777
2026-08-04T04:57:07.768000-04:00,12.235116004943848,0.25756046175956726,-11.977555274963379
2026-08-04T04:57:07.772000-04:00,12.223191261291504,0.2733438014984131,-11.949847221374512
2026-08-04T04:57:07.776000-04:00,12.23453140258789,0.2935698330402374,-11.940961837768555
2026-08-04T04:57:07.780000-04:00,12.2325439453125,0.29883095622062683,-11.93371295928955
2026-08-04T04:57:07.784000-04:00,12.243300437927246,0.3155495822429657,-11.927750587463379
2026-08-04T04:57:07.788000-04:00,12.250665664672852,0.3375293016433716,-11.91313648223877
2026-08-04T04:57:07.792000-04:00,12.252419471740723,0.3700312674045563,-11.8823881149292
2026-08-04T04:57:07.796000-04:00,12.235116004943848,0.3902572989463806,-11.84485912322998
2026-08-04T04:57:07.800000-04:00,12.200977325439453,0.3610289394855499,-11.839948654174805
2026-08-04T04:57:07.804000-04:00,12.197587013244629,0.36278262734413147,-11.83480453491211
2026-08-04T04:57:07.808000-04:00,12.20986270904541,0.36792683601379395,-11.841936111450195
2026-08-04T04:57:07.812000-04:00,12.220735549926758,0.37388941645622253,-11.846846580505371
2026-08-04T04:57:07.816000-04:00,12.253120422363281,0.36348411440849304,-11.889636039733887
2026-08-04T04:57:07.820000-04:00,12.239909172058105,0.3353079557418823,-11.904601097106934
2026-08-04T04:57:07.824000-04:00,12.2325439453125,0.2978956401348114,-11.934648513793945
2026-08-04T04:57:07.828000-04:00,12.233830451965332,0.24458307027816772,-11.98924732208252
2026-08-04T04:57:07.832000-04:00,12.231725692749023,0.2416602373123169,-11.990065574645996
2026-08-04T04:57:07.836000-04:00,12.2284517288208,0.24201098084449768,-11.986440658569336
2026-08-04T04:57:07.840000-04:00,12.221086502075195,0.2212003618478775,-11.999886512756348
2026-08-04T04:57:07.844000-04:00,12.2118501663208,0.19618088006973267,-12.015668869018555
2026-08-04T04:57:07.848000-04:00,12.194781303405762,0.1878800243139267,-12.006901741027832
2026-08-04T04:57:07.852000-04:00,12.188117027282715,0.16169138252735138,-12.0264253616333
2026-08-04T04:57:07.856000-04:00,12.189168930053711,0.16952459514141083,-12.019644737243652
2026-08-04T04:57:07.860000-04:00,12.19910717010498,0.15759941935539246,-12.041507720947266
2026-08-04T04:57:07.864000-04:00,12.180868148803711,0.16812163591384888,-12.012746810913086
2026-08-04T04:57:07.868000-04:00,12.192091941833496,0.15151990950107574,-12.040572166442871
2026-08-04T04:57:07.872000-04:00,12.19548225402832,0.14801250398159027,-12.047470092773438
2026-08-04T04:57:07.876000-04:00,12.199457168579102,0.1585347205400467,-12.040922164916992
2026-08-04T04:57:07.880000-04:00,12.196184158325195,0.16332818567752838,-12.032855987548828
2026-08-04T04:57:07.884000-04:00,12.190338134765625,0.15268905460834503,-12.037649154663086
2026-08-04T04:57:07.888000-04:00,12.18741512298584,0.14883090555667877,-12.038583755493164
2026-08-04T04:57:07.892000-04:00,12.187649726867676,0.13515202701091766,-12.052497863769531
2026-08-04T04:57:07.896000-04:00,12.193143844604492,0.14146535098552704,-12.051678657531738
2026-08-04T04:57:07.900000-04:00,12.181570053100586,0.1525721400976181,-12.028998374938965
2026-08-04T04:57:07.904000-04:00,12.173619270324707,0.15713176131248474,-12.016487121582031
2026-08-04T04:57:07.908000-04:00,12.136090278625488,0.16402965784072876,-11.972060203552246
2026-08-04T04:57:07.912000-04:00,12.15619945526123,0.19898679852485657,-11.957212448120117
2026-08-04T04:57:07.916000-04:00,12.204251289367676,0.18484026193618774,-12.019411087036133
2026-08-04T04:57:07.920000-04:00,12.319994926452637,0.27369454503059387,-12.046299934387207
2026-08-04T04:57:07.924000-04:00,12.418787002563477,0.41095098853111267,-12.00783634185791
2026-08-04T04:57:07.928000-04:00,12.620463371276855,0.7588856220245361,-11.861577987670898
2026-08-04T04:57:07.932000-04:00,12.576737403869629,1.163055658340454,-11.413681983947754
2026-08-04T04:57:07.936000-04:00,12.529036521911621,1.9612241983413696,-10.567811965942383
2026-08-04T04:57:07.940000-04:00,12.466605186462402,2.381995916366577,-10.084609031677246
2026-08-04T04:57:07.944000-04:00,12.410369873046875,2.5076780319213867,-9.902691841125488
2026-08-04T04:57:07.948000-04:00,12.381725311279297,2.270811080932617,-10.11091423034668
2026-08-04T04:57:07.952000-04:00,12.283050537109375,1.8886208534240723,-10.394430160522461
2026-08-04T04:57:07.956000-04:00,12.19372844696045,1.2486363649368286,-10.94509220123291
2026-08-04T04:57:07.960000-04:00,12.168475151062012,0.8928685188293457,-11.275606155395508
2026-08-04T04:57:07.964000-04:00,12.228218078613281,0.5487920045852661,-11.679426193237305
2026-08-04T04:57:07.968000-04:00,12.28983211517334,0.48074835538864136,-11.809083938598633
2026-08-04T04:57:07.972000-04:00,12.307952880859375,0.4240453243255615,-11.883907318115234
2026-08-04T04:57:07.976000-04:00,12.287727355957031,0.37798139452934265,-11.909746170043945
2026-08-04T04:57:07.980000-04:00,12.276970863342285,0.3238504230976105,-11.953120231628418
2026-08-04T04:57:07.984000-04:00,12.276386260986328,0.31332820653915405,-11.963058471679688
2026-08-04T04:57:07.988000-04:00,12.272528648376465,0.2954404354095459,-11.97708797454834
2026-08-04T04:57:07.992000-04:00,12.296612739562988,0.29532355070114136,-12.001289367675781
2026-08-04T04:57:07.996000-04:00,12.293923377990723,0.2652767598628998,-12.028646469116211
2026-08-04T04:57:08-04:00,12.295794486999512,0.2681995928287506,-12.027594566345215
2026-08-04T04:57:08.004000-04:00,12.278958320617676,0.25919726490974426,-12.019761085510254
2026-08-04T04:57:08.008000-04:00,12.27545166015625,0.2376851737499237,-12.037766456604004
2026-08-04T04:57:08.012000-04:00,12.277088165283203,0.24621985852718353,-12.030868530273438
2026-08-04T04:57:08.016000-04:00,12.296730041503906,0.2552222013473511,-12.041507720947266
2026-08-04T04:57:08.020000-04:00,12.30257511138916,0.27556514739990234,-12.027009963989258
2026-08-04T04:57:08.024000-04:00,12.292404174804688,0.2621200978755951,-12.03028392791748
2026-08-04T04:57:08.028000-04:00,12.284570693969727,0.2608340382575989,-12.023736953735352
2026-08-04T04:57:08.032000-04:00,12.298482894897461,0.27755269408226013,-12.020930290222168
2026-08-04T04:57:08.036000-04:00,12.306082725524902,0.2987140417098999,-12.007369041442871
2026-08-04T04:57:08.040000-04:00,12.310291290283203,0.3023383617401123,-12.007952690124512
2026-08-04T04:57:08.044000-04:00,12.304211616516113,0.28328144550323486,-12.020930290222168
2026-08-04T04:57:08.048000-04:00,12.30234146118164,0.2870226800441742,-12.015318870544434
2026-08-04T04:57:08.052000-04:00,12.325958251953125,0.30900242924690247,-12.016955375671387
2026-08-04T04:57:08.056000-04:00,12.33355712890625,0.3243180811405182,-12.009239196777344
2026-08-04T04:57:08.060000-04:00,12.3391695022583,0.3279424011707306,-12.011226654052734
2026-08-04T04:57:08.064000-04:00,12.333674430847168,0.3335542678833008,-12.000120162963867
2026-08-04T04:57:08.068000-04:00,12.340572357177734,0.35997670888900757,-11.980595588684082
2026-08-04T04:57:08.072000-04:00,12.355420112609863,0.359275221824646,-11.996145248413086
2026-08-04T04:57:08.076000-04:00,12.377634048461914,0.3806703984737396,-11.996963500976562
2026-08-04T04:57:08.080000-04:00,12.368748664855957,0.39318016171455383,-11.975568771362305
2026-08-04T04:57:08.084000-04:00,12.377634048461914,0.4270850718021393,-11.950549125671387
2026-08-04T04:57:08.088000-04:00,12.390961647033691,0.4519876539707184,-11.938974380493164
2026-08-04T04:57:08.092000-04:00,12.40990161895752,0.4604054093360901,-11.949496269226074
2026-08-04T04:57:08.096000-04:00,12.405926704406738,0.45467665791511536,-11.951250076293945
2026-08-04T04:57:08.100000-04:00,12.424983978271484,0.4737335443496704,-11.951250076293945
2026-08-04T04:57:08.104000-04:00,12.431530952453613,0.49243971705436707,-11.939091682434082
2026-08-04T04:57:08.108000-04:00,12.445677757263184,0.5197975039482117,-11.925880432128906
2026-08-04T04:57:08.112000-04:00,12.455147743225098,0.5352300405502319,-11.919918060302734
2026-08-04T04:57:08.116000-04:00,12.492325782775879,0.5982464551925659,-11.894079208374023
2026-08-04T04:57:08.120000-04:00,12.506355285644531,0.6341388821601868,-11.87221622467041
2026-08-04T04:57:08.124000-04:00,12.517345428466797,0.6773968935012817,-11.839948654174805
2026-08-04T04:57:08.128000-04:00,12.538039207458496,0.7122371196746826,-11.825801849365234
2026-08-04T04:57:08.132000-04:00,12.56633186340332,0.738308846950531,-11.828022956848145
2026-08-04T04:57:08.136000-04:00,12.583868980407715,0.7757211923599243,-11.808147430419922
2026-08-04T04:57:08.140000-04:00,12.594625473022461,0.7908030152320862,-11.80382251739502
2026-08-04T04:57:08.144000-04:00,12.607368469238281,0.8242402672767639,-11.783127784729004
2026-08-04T04:57:08.148000-04:00,12.617891311645508,0.8630555868148804,-11.754836082458496
2026-08-04T04:57:08.152000-04:00,12.618475914001465,0.8579113483428955,-11.760564804077148
2026-08-04T04:57:08.156000-04:00,12.6157865524292,0.861301839351654,-11.754485130310059
2026-08-04T04:57:08.160000-04:00,12.613565444946289,0.857794463634491,-11.755770683288574
2026-08-04T04:57:08.164000-04:00,12.604680061340332,0.8444663286209106,-11.760213851928711
2026-08-04T04:57:08.168000-04:00,12.594274520874023,0.836399257183075,-11.757875442504883
2026-08-04T04:57:08.172000-04:00,12.588428497314453,0.8262277841567993,-11.762200355529785
2026-08-04T04:57:08.176000-04:00,12.569254875183105,0.792673647403717,-11.776580810546875
2026-08-04T04:57:08.180000-04:00,12.533946990966797,0.7385426759719849,-11.795404434204102
2026-08-04T04:57:08.184000-04:00,12.498756408691406,0.6795013546943665,-11.819254875183105
2026-08-04T04:57:08.188000-04:00,12.48577880859375,0.6648871302604675,-11.820891380310059
2026-08-04T04:57:08.192000-04:00,12.463214874267578,0.610405445098877,-11.85280990600586
2026-08-04T04:57:08.196000-04:00,12.441234588623047,0.5950897932052612,-11.846144676208496
2026-08-04T04:57:08.200000-04:00,12.411539077758789,0.5201482176780701,-11.891390800476074
2026-08-04T04:57:08.204000-04:00,12.383479118347168,0.47759169340133667,-11.905887603759766
2026-08-04T04:57:08.208000-04:00,12.356822967529297,0.4254482686519623,-11.931374549865723
2026-08-04T04:57:08.212000-04:00,12.348989486694336,0.40007805824279785,-11.948911666870117
2026-08-04T04:57:08.216000-04:00,12.338467597961426,0.354949414730072,-11.983518600463867
2026-08-04T04:57:08.220000-04:00,12.320229530334473,0.31742018461227417,-12.002809524536133
2026-08-04T04:57:08.224000-04:00,12.30865478515625,0.2922837734222412,-12.01637077331543
2026-08-04T04:57:08.228000-04:00,12.287259101867676,0.2694856524467468,-12.017773628234863
2026-08-04T04:57:08.232000-04:00,12.282232284545898,0.2528839409351349,-12.029348373413086
2026-08-04T04:57:08.236000-04:00,12.277205467224121,0.22622765600681305,-12.05097770690918
2026-08-04T04:57:08.240000-04:00,12.259668350219727,0.21301642060279846,-12.046651840209961
2026-08-04T04:57:08.244000-04:00,12.246339797973633,0.1926734745502472,-12.053666114807129
2026-08-04T04:57:08.248000-04:00,12.241780281066895,0.18939989805221558,-12.052380561828613
2026-08-04T04:57:08.252000-04:00,12.240493774414062,0.1710444688796997,-12.069449424743652
2026-08-04T04:57:08.256000-04:00,12.239559173583984,0.1730320006608963,-12.066527366638184
2026-08-04T04:57:08.260000-04:00,12.223424911499023,0.15666410326957703,-12.066761016845703
2026-08-04T04:57:08.264000-04:00,12.2242431640625,0.16706940531730652,-12.057173728942871
2026-08-04T04:57:08.268000-04:00,12.21208381652832,0.14555732905864716,-12.066526412963867
2026-08-04T04:57:08.272000-04:00,12.224710464477539,0.15888546407222748,-12.065825462341309
2026-08-04T04:57:08.276000-04:00,12.231374740600586,0.1669524908065796,-12.064422607421875
2026-08-04T04:57:08.280000-04:00,12.210680961608887,0.1713952124118805,-12.039285659790039
2026-08-04T04:57:08.284000-04:00,12.2159423828125,0.16250978410243988,-12.05343246459961
2026-08-04T04:57:08.288000-04:00,12.222373008728027,0.1613406538963318,-12.06103229522705
2026-08-04T04:57:08.292000-04:00,12.229504585266113,0.1545596718788147,-12.074944496154785
2026-08-04T04:57:08.296000-04:00,12.237805366516113,0.1585347205400467,-12.079270362854004
2026-08-04T04:57:08.300000-04:00,12.235466957092285,0.16402965784072876,-12.071436882019043
2026-08-04T04:57:08.304000-04:00,12.222840309143066,0.17174595594406128,-12.051094055175781
2026-08-04T04:57:08.308000-04:00,12.222373008728027,0.17209669947624207,-12.050276756286621
2026-08-04T04:57:08.312000-04:00,12.229270935058594,0.1710444688796997,-12.058226585388184
2026-08-04T04:57:08.316000-04:00,12.229504585266113,0.1702260822057724,-12.05927848815918
2026-08-04T04:57:08.320000-04:00,12.225061416625977,0.18647705018520355,-12.03858470916748
2026-08-04T04:57:08.324000-04:00,12.221086502075195,0.20261111855506897,-12.018475532531738
2026-08-04T04:57:08.328000-04:00,12.227633476257324,0.19968828558921814,-12.027945518493652
2026-08-04T04:57:08.332000-04:00,12.23885726928711,0.2088075429201126,-12.030049324035645
2026-08-04T04:57:08.336000-04:00,12.243416786193848,0.2099766731262207,-12.033439636230469
2026-08-04T04:57:08.340000-04:00,12.238039016723633,0.22470776736736298,-12.013331413269043
2026-08-04T04:57:08.344000-04:00,12.230205535888672,0.2312549352645874,-11.998950958251953
2026-08-04T04:57:08.348000-04:00,12.236285209655762,0.2335931956768036,-12.002692222595215
2026-08-04T04:57:08.352000-04:00,12.247041702270508,0.2356976419687271,-12.011343955993652
2026-08-04T04:57:08.356000-04:00,12.255342483520508,0.25077947974205017,-12.004563331604004
2026-08-04T04:57:08.360000-04:00,12.25908374786377,0.24037417769432068,-12.018709182739258
2026-08-04T04:57:08.364000-04:00,12.24669075012207,0.24762281775474548,-11.999068260192871
2026-08-04T04:57:08.368000-04:00,12.253822326660156,0.2586126923561096,-11.995209693908691
2026-08-04T04:57:08.372000-04:00,12.258499145507812,0.2614186108112335,-11.99708080291748
2026-08-04T04:57:08.376000-04:00,12.249847412109375,0.2485581338405609,-12.001289367675781
2026-08-04T04:57:08.380000-04:00,12.254524230957031,0.2556898593902588,-11.998834609985352
2026-08-04T04:57:08.384000-04:00,12.2491455078125,0.258028119802475,-11.991117477416992
2026-08-04T04:57:08.388000-04:00,12.243650436401367,0.24598602950572968,-11.997664451599121
2026-08-04T04:57:08.392000-04:00,12.243885040283203,0.23745134472846985,-12.006433486938477
2026-08-04T04:57:08.396000-04:00,12.25545883178711,0.24142640829086304,-12.014032363891602
2026-08-04T04:57:08.400000-04:00,12.248678207397461,0.24212788045406342,-12.006550788879395
2026-08-04T04:57:08.404000-04:00,12.248678207397461,0.2489088773727417,-11.99976921081543
2026-08-04T04:57:08.408000-04:00,12.240493774414062,0.231605663895607,-12.008888244628906
2026-08-04T04:57:08.412000-04:00,12.251834869384766,0.24259553849697113,-12.009239196777344
2026-08-04T04:57:08.416000-04:00,12.258849143981934,0.2444661557674408,-12.014383316040039
2026-08-04T04:57:08.420000-04:00,12.251016616821289,0.24236170947551727,-12.008654594421387
2026-08-04T04:57:08.424000-04:00,12.246339797973633,0.22821517288684845,-12.0181245803833
2026-08-04T04:57:08.428000-04:00,12.250314712524414,0.23230715095996857,-12.018007278442383
2026-08-04T04:57:08.432000-04:00,12.251834869384766,0.22260333597660065,-12.029231071472168
2026-08-04T04:57:08.436000-04:00,12.252535820007324,0.22634455561637878,-12.026191711425781
2026-08-04T04:57:08.440000-04:00,12.24446964263916,0.22739678621292114,-12.017072677612305
2026-08-04T04:57:08.444000-04:00,12.241195678710938,0.21512086689472198,-12.026074409484863
2026-08-04T04:57:08.448000-04:00,12.249029159545898,0.21067814528942108,-12.038351058959961
2026-08-04T04:57:08.452000-04:00,12.258265495300293,0.20857371389865875,-12.049692153930664
2026-08-04T04:57:08.456000-04:00,12.257329940795898,0.2079891413450241,-12.049341201782227
2026-08-04T04:57:08.460000-04:00,12.242364883422852,0.2007405012845993,-12.041624069213867
2026-08-04T04:57:08.464000-04:00,12.230673789978027,0.19898679852485657,-12.031686782836914
2026-08-04T04:57:08.468000-04:00,12.23640251159668,0.19559630751609802,-12.04080581665039
2026-08-04T04:57:08.472000-04:00,12.24306583404541,0.19395951926708221,-12.04910659790039
2026-08-04T04:57:08.476000-04:00,12.24470329284668,0.19653162360191345,-12.048171997070312
2026-08-04T04:57:08.480000-04:00,12.2366361618042,0.18519100546836853,-12.051445007324219
2026-08-04T04:57:08.484000-04:00,12.230907440185547,0.19103668630123138,-12.039871215820312
2026-08-04T04:57:08.488000-04:00,12.243183135986328,0.19524556398391724,-12.047937393188477
2026-08-04T04:57:08.492000-04:00,12.243300437927246,0.19618088006973267,-12.047119140625
2026-08-04T04:57:08.496000-04:00,12.240377426147461,0.19676543772220612,-12.043611526489258
2026-08-04T04:57:08.500000-04:00,12.237688064575195,0.19173815846443176,-12.045949935913086
2026-08-04T04:57:08.504000-04:00,12.236987113952637,0.19886988401412964,-12.038117408752441
2026-08-04T04:57:08.508000-04:00,12.23885726928711,0.1966485232114792,-12.042208671569824
2026-08-04T04:57:08.512000-04:00,12.258615493774414,0.23674987256526947,-12.021865844726562
2026-08-04T04:57:08.516000-04:00,12.265397071838379,0.2666797339916229,-11.998717308044434
2026-08-04T04:57:08.520000-04:00,12.260486602783203,0.2669135630130768,-11.993573188781738
2026-08-04T04:57:08.524000-04:00,12.252068519592285,0.2713562548160553,-11.980711936950684
2026-08-04T04:57:08.528000-04:00,12.249613761901855,0.2513640522956848,-11.998250007629395
2026-08-04T04:57:08.532000-04:00,12.257563591003418,0.264926016330719,-11.992637634277344
2026-08-04T04:57:08.536000-04:00,12.276737213134766,0.3224474787712097,-11.954289436340332
2026-08-04T04:57:08.540000-04:00,12.247626304626465,0.3520265817642212,-11.895599365234375
2026-08-04T04:57:08.544000-04:00,12.228218078613281,0.3465316593647003,-11.881686210632324
2026-08-04T04:57:08.548000-04:00,12.233128547668457,0.33706167340278625,-11.896066665649414
2026-08-04T04:57:08.552000-04:00,12.24107837677002,0.34910374879837036,-11.891974449157715
2026-08-04T04:57:08.556000-04:00,12.2408447265625,0.3531957268714905,-11.887648582458496
2026-08-04T04:57:08.560000-04:00,12.256745338439941,0.34466102719306946,-11.912084579467773
2026-08-04T04:57:08.564000-04:00,12.262005805969238,0.3296961188316345,-11.932310104370117
2026-08-04T04:57:08.568000-04:00,12.252185821533203,0.30537810921669006,-11.946807861328125
2026-08-04T04:57:08.572000-04:00,12.26083755493164,0.2835152745246887,-11.977322578430176
2026-08-04T04:57:08.576000-04:00,12.259317398071289,0.2548714578151703,-12.004446029663086
2026-08-04T04:57:08.580000-04:00,12.25943374633789,0.24072492122650146,-12.018709182739258
2026-08-04T04:57:08.584000-04:00,12.241662979125977,0.2272798717021942,-12.014383316040039
2026-08-04T04:57:08.588000-04:00,12.244819641113281,0.20927518606185913,-12.035544395446777
2026-08-04T04:57:08.592000-04:00,12.230790138244629,0.17934532463550568,-12.051445007324219
2026-08-04T04:57:08.596000-04:00,12.224710464477539,0.1694076806306839,-12.055302619934082
2026-08-04T04:57:08.600000-04:00,12.222723007202148,0.16952459514141083,-12.05319881439209
2026-08-04T04:57:08.604000-04:00,12.215240478515625,0.17326582968235016,-12.041975021362305
2026-08-04T04:57:08.608000-04:00,12.227517127990723,0.16391274333000183,-12.063604354858398
2026-08-04T04:57:08.612000-04:00,12.225996971130371,0.14064696431159973,-12.085350036621094
2026-08-04T04:57:08.616000-04:00,12.21980094909668,0.12942326068878174,-12.090377807617188
2026-08-04T04:57:08.620000-04:00,12.21980094909668,0.14590807259082794,-12.073892593383789
2026-08-04T04:57:08.624000-04:00,12.211031913757324,0.14918164908885956,-12.061850547790527
2026-08-04T04:57:08.628000-04:00,12.212201118469238,0.12287610024213791,-12.089324951171875
2026-08-04T04:57:08.632000-04:00,12.205303192138672,0.11293845623731613,-12.092364311218262
2026-08-04T04:57:08.636000-04:00,12.20378303527832,0.11539363861083984,-12.08838939666748
2026-08-04T04:57:08.640000-04:00,12.198287963867188,0.10943105071783066,-12.08885669708252
2026-08-04T04:57:08.644000-04:00,12.198054313659668,0.12346067279577255,-12.074593544006348
2026-08-04T04:57:08.648000-04:00,12.196184158325195,0.12731881439685822,-12.068865776062012
2026-08-04T04:57:08.652000-04:00,12.192910194396973,0.14941547811031342,-12.043495178222656
2026-08-04T04:57:08.656000-04:00,12.164851188659668,0.17630557715892792,-11.988545417785645
2026-08-04T04:57:08.660000-04:00,12.154796600341797,0.1991037130355835,-11.955693244934082
2026-08-04T04:57:08.664000-04:00,12.211265563964844,0.19127051532268524,-12.019994735717773
2026-08-04T04:57:08.668000-04:00,12.260486602783203,0.21769295632839203,-12.042793273925781
2026-08-04T04:57:08.672000-04:00,12.443690299987793,0.41293853521347046,-12.030752182006836
2026-08-04T04:57:08.676000-04:00,12.578958511352539,0.6356588006019592,-11.943299293518066
2026-08-04T04:57:08.680000-04:00,12.539091110229492,1.2070151567459106,-11.332076072692871
2026-08-04T04:57:08.684000-04:00,12.485194206237793,1.9958306550979614,-10.489363670349121
2026-08-04T04:57:08.688000-04:00,12.42182731628418,2.418355941772461,-10.003471374511719
2026-08-04T04:57:08.692000-04:00,12.371788024902344,2.5293068885803223,-9.84248161315918
2026-08-04T04:57:08.696000-04:00,12.33156967163086,2.497974157333374,-9.833595275878906
2026-08-04T04:57:08.700000-04:00,12.273580551147461,1.9148095846176147,-10.358771324157715
2026-08-04T04:57:08.704000-04:00,12.227048873901367,1.4483245611190796,-10.778724670410156
2026-08-04T04:57:08.708000-04:00,12.224945068359375,0.8876073956489563,-11.337337493896484
2026-08-04T04:57:08.712000-04:00,12.290182113647461,0.5418941378593445,-11.74828815460205
2026-08-04T04:57:08.716000-04:00,12.343962669372559,0.49805158376693726,-11.845911026000977
2026-08-04T04:57:08.720000-04:00,12.322684288024902,0.4336322247982025,-11.889052391052246
2026-08-04T04:57:08.724000-04:00,12.267618179321289,0.38043656945228577,-11.887181282043457
2026-08-04T04:57:08.728000-04:00,12.28573989868164,0.3254872262477875,-11.96025276184082
2026-08-04T04:57:08.732000-04:00,12.295443534851074,0.31929081678390503,-11.976152420043945
2026-08-04T04:57:08.736000-04:00,12.293456077575684,0.31414660811424255,-11.97930908203125
2026-08-04T04:57:08.740000-04:00,12.287493705749512,0.2893609404563904,-11.998132705688477
2026-08-04T04:57:08.744000-04:00,12.286909103393555,0.27322688698768616,-12.01368236541748
2026-08-04T04:57:08.748000-04:00,12.282232284545898,0.27439600229263306,-12.00783634185791
2026-08-04T04:57:08.752000-04:00,12.294858932495117,0.2729930579662323,-12.021865844726562
2026-08-04T04:57:08.756000-04:00,12.289948463439941,0.2630554139614105,-12.02689266204834
2026-08-04T04:57:08.760000-04:00,12.283284187316895,0.2548714578151703,-12.028412818908691
2026-08-04T04:57:08.764000-04:00,12.289247512817383,0.2645752727985382,-12.024672508239746
2026-08-04T04:57:08.768000-04:00,12.285622596740723,0.26188626885414124,-12.023736000061035
2026-08-04T04:57:08.772000-04:00,12.304095268249512,0.27673429250717163,-12.027360916137695
2026-08-04T04:57:08.776000-04:00,12.301756858825684,0.2939205765724182,-12.00783634185791
2026-08-04T04:57:08.780000-04:00,12.306550025939941,0.3025721609592438,-12.00397777557373
2026-08-04T04:57:08.784000-04:00,12.306783676147461,0.31496500968933105,-11.99181842803955
2026-08-04T04:57:08.788000-04:00,12.30842113494873,0.32092759013175964,-11.987493515014648
2026-08-04T04:57:08.792000-04:00,12.324555397033691,0.3275916576385498,-11.996963500976562
2026-08-04T04:57:08.796000-04:00,12.324671745300293,0.33261895179748535,-11.992053031921387
2026-08-04T04:57:08.800000-04:00,12.334375381469727,0.33378809690475464,-12.000587463378906
2026-08-04T04:57:08.804000-04:00,12.320345878601074,0.3444271981716156,-11.975918769836426
2026-08-04T04:57:08.808000-04:00,12.337766647338867,0.3785659670829773,-11.959200859069824
2026-08-04T04:57:08.812000-04:00,12.350977897644043,0.39154335856437683,-11.959434509277344
2026-08-04T04:57:08.816000-04:00,12.341741561889648,0.40007805824279785,-11.94166374206543
2026-08-04T04:57:08.820000-04:00,12.350393295288086,0.3993765711784363,-11.951016426086426
2026-08-04T04:57:08.824000-04:00,12.35647201538086,0.41375693678855896,-11.94271469116211
2026-08-04T04:57:08.828000-04:00,12.368631362915039,0.4443882703781128,-11.924242973327637
2026-08-04T04:57:08.832000-04:00,12.378101348876953,0.45911937952041626,-11.918981552124023
2026-08-04T04:57:08.836000-04:00,12.387804985046387,0.4781762659549713,-11.909628868103027
2026-08-04T04:57:08.840000-04:00,12.39891242980957,0.48916614055633545,-11.909746170043945
2026-08-04T04:57:08.844000-04:00,12.401951789855957,0.5037803053855896,-11.898171424865723
2026-08-04T04:57:08.848000-04:00,12.42358112335205,0.5501949787139893,-11.87338638305664
2026-08-04T04:57:08.852000-04:00,12.44626235961914,0.5826969742774963,-11.863565444946289
2026-08-04T04:57:08.856000-04:00,12.461811065673828,0.6126267910003662,-11.849184036254883
2026-08-04T04:57:08.860000-04:00,12.468592643737793,0.6281763315200806,-11.840415954589844
2026-08-04T04:57:08.864000-04:00,12.482037544250488,0.6687452793121338,-11.813292503356934
2026-08-04T04:57:08.868000-04:00,12.49407958984375,0.6907250285148621,-11.803354263305664
2026-08-04T04:57:08.872000-04:00,12.526348114013672,0.7543259859085083,-11.772022247314453
2026-08-04T04:57:08.876000-04:00,12.546573638916016,0.7837882041931152,-11.762784957885742
2026-08-04T04:57:08.880000-04:00,12.55826473236084,0.8268123865127563,-11.731451988220215
2026-08-04T04:57:08.884000-04:00,12.569254875183105,0.8607172966003418,-11.708538055419922
2026-08-04T04:57:08.888000-04:00,12.58047866821289,0.8814109563827515,-11.699068069458008
2026-08-04T04:57:08.892000-04:00,12.596379280090332,0.9122761487960815,-11.684103012084961
2026-08-04T04:57:08.896000-04:00,12.603744506835938,0.9197586178779602,-11.683985710144043
2026-08-04T04:57:08.900000-04:00,12.604913711547852,0.9381140470504761,-11.666799545288086
2026-08-04T04:57:08.904000-04:00,12.600236892700195,0.9473502039909363,-11.652886390686035
2026-08-04T04:57:08.908000-04:00,12.596028327941895,0.9402185082435608,-11.65580940246582
2026-08-04T04:57:08.912000-04:00,12.598834037780762,0.9335544109344482,-11.665279388427734
2026-08-04T04:57:08.916000-04:00,12.586207389831543,0.9239674806594849,-11.662240028381348
2026-08-04T04:57:08.920000-04:00,12.557563781738281,0.8832815885543823,-11.67428207397461
2026-08-04T04:57:08.924000-04:00,12.546573638916016,0.8531178832054138,-11.693455696105957
2026-08-04T04:57:08.928000-04:00,12.519332885742188,0.8167577981948853,-11.702574729919434
2026-08-04T04:57:08.932000-04:00,12.509160995483398,0.7761887907981873,-11.732972145080566
2026-08-04T04:57:08.936000-04:00,12.481101989746094,0.7134062647819519,-11.767695426940918
2026-08-04T04:57:08.940000-04:00,12.453978538513184,0.6871007084846497,-11.766878128051758
2026-08-04T04:57:08.944000-04:00,12.42182731628418,0.6067811250686646,-11.815046310424805
2026-08-04T04:57:08.948000-04:00,12.398677825927734,0.5562744736671448,-11.842403411865234
2026-08-04T04:57:08.952000-04:00,12.377399444580078,0.5136010646820068,-11.863798141479492
2026-08-04T04:57:08.956000-04:00,12.357524871826172,0.47712406516075134,-11.880400657653809
2026-08-04T04:57:08.960000-04:00,12.330284118652344,0.4358535706996918,-11.894430160522461
2026-08-04T04:57:08.964000-04:00,12.311928749084473,0.39481693506240845,-11.91711139678955
2026-08-04T04:57:08.968000-04:00,12.299535751342773,0.37400633096694946,-11.925529479980469
2026-08-04T04:57:08.972000-04:00,12.290299415588379,0.3529618978500366,-11.937337875366211
2026-08-04T04:57:08.976000-04:00,12.288078308105469,0.3336711823940277,-11.95440673828125
2026-08-04T04:57:08.980000-04:00,12.267969131469727,0.31262674927711487,-11.955342292785645
2026-08-04T04:57:08.984000-04:00,12.255809783935547,0.289945513010025,-11.965864181518555
2026-08-04T04:57:08.988000-04:00,12.257680892944336,0.28316453099250793,-11.974515914916992
2026-08-04T04:57:08.992000-04:00,12.264695167541504,0.27918946743011475,-11.985506057739258
2026-08-04T04:57:08.996000-04:00,12.259784698486328,0.2701871395111084,-11.98959732055664
2026-08-04T04:57:09-04:00,12.247976303100586,0.26726430654525757,-11.980711936950684
2026-08-04T04:57:09.004000-04:00,12.237571716308594,0.2540530562400818,-11.983518600463867
2026-08-04T04:57:09.008000-04:00,12.24107837677002,0.25101330876350403,-11.99006462097168
2026-08-04T04:57:09.012000-04:00,12.245755195617676,0.25919726490974426,-11.986557960510254
2026-08-04T04:57:09.016000-04:00,12.24061107635498,0.2609509527683258,-11.979660034179688
2026-08-04T04:57:09.020000-04:00,12.234415054321289,0.2608340382575989,-11.973581314086914
2026-08-04T04:57:09.024000-04:00,12.23277759552002,0.25346848368644714,-11.97930908203125
2026-08-04T04:57:09.028000-04:00,12.226114273071289,0.25428688526153564,-11.971827507019043
2026-08-04T04:57:09.032000-04:00,12.240026473999023,0.2658613324165344,-11.974164962768555
2026-08-04T04:57:09.036000-04:00,12.236167907714844,0.2552222013473511,-11.980945587158203
2026-08-04T04:57:09.040000-04:00,12.229738235473633,0.26726430654525757,-11.96247386932373
2026-08-04T04:57:09.044000-04:00,12.222138404846191,0.2576773762702942,-11.964461326599121
2026-08-04T04:57:09.048000-04:00,12.220268249511719,0.2566251754760742,-11.963643074035645
2026-08-04T04:57:09.052000-04:00,12.224827766418457,0.2613016963005066,-11.963525772094727
2026-08-04T04:57:09.056000-04:00,12.224945068359375,0.2789556384086609,-11.945989608764648
2026-08-04T04:57:09.060000-04:00,12.224594116210938,0.2725253999233246,-11.952068328857422
2026-08-04T04:57:09.064000-04:00,12.217227935791016,0.27404528856277466,-11.943182945251465
2026-08-04T04:57:09.068000-04:00,12.221904754638672,0.26913490891456604,-11.952770233154297
2026-08-04T04:57:09.072000-04:00,12.240260124206543,0.29251760244369507,-11.947742462158203
2026-08-04T04:57:09.076000-04:00,12.24107837677002,0.294271320104599,-11.946806907653809
2026-08-04T04:57:09.080000-04:00,12.234297752380371,0.29883095622062683,-11.935466766357422
2026-08-04T04:57:09.084000-04:00,12.227282524108887,0.3015199601650238,-11.925762176513672
2026-08-04T04:57:09.088000-04:00,12.233946800231934,0.305495023727417,-11.928451538085938
2026-08-04T04:57:09.092000-04:00,12.251367568969727,0.315081924200058,-11.936285972595215
2026-08-04T04:57:09.096000-04:00,12.250548362731934,0.3295792043209076,-11.920969009399414
2026-08-04T04:57:09.100000-04:00,12.242715835571289,0.33495721220970154,-11.907758712768555
2026-08-04T04:57:09.104000-04:00,12.239675521850586,0.3459470868110657,-11.893728256225586
2026-08-04T04:57:09.108000-04:00,12.243300437927246,0.3556509017944336,-11.887649536132812
2026-08-04T04:57:09.112000-04:00,12.261655807495117,0.3545987010002136,-11.90705680847168
2026-08-04T04:57:09.116000-04:00,12.258030891418457,0.3468824028968811,-11.911148071289062
2026-08-04T04:57:09.120000-04:00,12.257563591003418,0.3503898084163666,-11.907174110412598
2026-08-04T04:57:09.124000-04:00,12.256745338439941,0.34910374879837036,-11.907641410827637
2026-08-04T04:57:09.128000-04:00,12.250081062316895,0.36664077639579773,-11.883440017700195
2026-08-04T04:57:09.132000-04:00,12.265162467956543,0.36465325951576233,-11.900508880615234
2026-08-04T04:57:09.136000-04:00,12.262474060058594,0.3713173270225525,-11.891157150268555
2026-08-04T04:57:09.140000-04:00,12.254874229431152,0.3584568202495575,-11.896417617797852
2026-08-04T04:57:09.144000-04:00,12.251951217651367,0.360912024974823,-11.89103889465332
2026-08-04T04:57:09.148000-04:00,12.251483917236328,0.3630164563655853,-11.888467788696289
2026-08-04T04:57:09.152000-04:00,12.2574462890625,0.37482473254203796,-11.882621765136719
2026-08-04T04:57:09.156000-04:00,12.25943374633789,0.36874523758888245,-11.8906888961792
2026-08-04T04:57:09.160000-04:00,12.260252952575684,0.36430251598358154,-11.895950317382812
2026-08-04T04:57:09.164000-04:00,12.251951217651367,0.3531957268714905,-11.898755073547363
2026-08-04T04:57:09.168000-04:00,12.256160736083984,0.3464147448539734,-11.909746170043945
2026-08-04T04:57:09.172000-04:00,12.253120422363281,0.35027289390563965,-11.902847290039062
2026-08-04T04:57:09.176000-04:00,12.253471374511719,0.34898683428764343,-11.904484748840332
2026-08-04T04:57:09.180000-04:00,12.243885040283203,0.33671092987060547,-11.907174110412598
2026-08-04T04:57:09.184000-04:00,12.241780281066895,0.3347233831882477,-11.90705680847168
2026-08-04T04:57:09.188000-04:00,12.242013931274414,0.3319174647331238,-11.910096168518066
2026-08-04T04:57:09.192000-04:00,12.254055976867676,0.3256041407585144,-11.928451538085938
2026-08-04T04:57:09.196000-04:00,12.252302169799805,0.3420889377593994,-11.910213470458984
2026-08-04T04:57:09.200000-04:00,12.238039016723633,0.3251364827156067,-11.91290283203125
2026-08-04T04:57:09.204000-04:00,12.227517127990723,0.3279424011707306,-11.899574279785156
2026-08-04T04:57:09.208000-04:00,12.237337112426758,0.32934537529945374,-11.907991409301758
2026-08-04T04:57:09.212000-04:00,12.249963760375977,0.34349191188812256,-11.906472206115723
2026-08-04T04:57:09.216000-04:00,12.247391700744629,0.3280593156814575,-11.919332504272461
2026-08-04T04:57:09.220000-04:00,12.23885726928711,0.31847241520881653,-11.920384407043457
2026-08-04T04:57:09.224000-04:00,12.231141090393066,0.312392920255661,-11.918747901916504
2026-08-04T04:57:09.228000-04:00,12.233830451965332,0.30210453271865845,-11.93172550201416
2026-08-04T04:57:09.232000-04:00,12.243300437927246,0.31098994612693787,-11.932310104370117
2026-08-04T04:57:09.236000-04:00,12.243300437927246,0.32689017057418823,-11.916410446166992
2026-08-04T04:57:09.240000-04:00,12.240143775939941,0.32770857214927673,-11.912435531616211
2026-08-04T04:57:09.244000-04:00,12.231023788452148,0.29848021268844604,-11.932543754577637
2026-08-04T04:57:09.248000-04:00,12.232894897460938,0.29801255464553833,-11.934882164001465
2026-08-04T04:57:09.252000-04:00,12.240143775939941,0.28678885102272034,-11.953354835510254
2026-08-04T04:57:09.256000-04:00,12.238740921020508,0.31449735164642334,-11.924243927001953
2026-08-04T04:57:09.260000-04:00,12.241897583007812,0.3099377155303955,-11.931960105895996
2026-08-04T04:57:09.264000-04:00,12.225529670715332,0.29801255464553833,-11.92751693725586
2026-08-04T04:57:09.268000-04:00,12.222606658935547,0.3003508150577545,-11.922255516052246
2026-08-04T04:57:09.272000-04:00,12.240377426147461,0.3130943775177002,-11.92728328704834
2026-08-04T04:57:09.276000-04:00,12.233245849609375,0.31250983476638794,-11.920736312866211
2026-08-04T04:57:09.280000-04:00,12.228919982910156,0.31087303161621094,-11.918046951293945
2026-08-04T04:57:09.284000-04:00,12.223775863647461,0.3025721609592438,-11.92120361328125
2026-08-04T04:57:09.288000-04:00,12.224360466003418,0.3031567335128784,-11.92120361328125
2026-08-04T04:57:09.292000-04:00,12.240493774414062,0.3098208010196686,-11.930672645568848
2026-08-04T04:57:09.296000-04:00,12.233830451965332,0.32139524817466736,-11.912435531616211
2026-08-04T04:57:09.300000-04:00,12.254289627075195,0.33904919028282166,-11.915240287780762
2026-08-04T04:57:09.304000-04:00,12.255576133728027,0.3672253489494324,-11.888350486755371
2026-08-04T04:57:09.308000-04:00,12.239090919494629,0.37996891140937805,-11.859122276306152
2026-08-04T04:57:09.312000-04:00,12.249029159545898,0.4018317461013794,-11.847197532653809
2026-08-04T04:57:09.316000-04:00,12.239324569702148,0.3885036110877991,-11.850820541381836
2026-08-04T04:57:09.320000-04:00,12.253822326660156,0.4047545790672302,-11.849067687988281
2026-08-04T04:57:09.324000-04:00,12.254874229431152,0.4291895031929016,-11.825684547424316
2026-08-04T04:57:09.328000-04:00,12.241897583007812,0.4625098705291748,-11.779387474060059
2026-08-04T04:57:09.332000-04:00,12.2201509475708,0.47560417652130127,-11.744546890258789
2026-08-04T04:57:09.336000-04:00,12.226815223693848,0.4777086079120636,-11.749106407165527
2026-08-04T04:57:09.340000-04:00,12.231374740600586,0.4704599678516388,-11.76091480255127
2026-08-04T04:57:09.344000-04:00,12.225412368774414,0.48869848251342773,-11.736713409423828
2026-08-04T04:57:09.348000-04:00,12.237688064575195,0.4818005859851837,-11.755887031555176
2026-08-04T04:57:09.352000-04:00,12.258966445922852,0.47186294198036194,-11.787103652954102
2026-08-04T04:57:09.356000-04:00,12.262356758117676,0.4559627175331116,-11.80639362335205
2026-08-04T04:57:09.360000-04:00,12.253355026245117,0.41726434230804443,-11.836091041564941
2026-08-04T04:57:09.364000-04:00,12.237220764160156,0.3845285475254059,-11.852692604064941
2026-08-04T04:57:09.368000-04:00,12.242013931274414,0.37950125336647034,-11.862512588500977
2026-08-04T04:57:09.372000-04:00,12.241546630859375,0.36675769090652466,-11.874789237976074
2026-08-04T04:57:09.376000-04:00,12.232192993164062,0.32864388823509216,-11.903549194335938
2026-08-04T04:57:09.380000-04:00,12.228218078613281,0.3094700574874878,-11.918747901916504
2026-08-04T04:57:09.384000-04:00,12.203082084655762,0.28690576553344727,-11.916175842285156
2026-08-04T04:57:09.388000-04:00,12.1993408203125,0.27965712547302246,-11.919683456420898
2026-08-04T04:57:09.392000-04:00,12.209395408630371,0.28000786900520325,-11.929387092590332
2026-08-04T04:57:09.396000-04:00,12.214071273803711,0.2807093560695648,-11.933362007141113
2026-08-04T04:57:09.400000-04:00,12.2034330368042,0.27474674582481384,-11.928686141967773
2026-08-04T04:57:09.404000-04:00,12.202263832092285,0.2662120759487152,-11.936051368713379
2026-08-04T04:57:09.408000-04:00,12.197937965393066,0.2650429308414459,-11.932894706726074
2026-08-04T04:57:09.412000-04:00,12.209161758422852,0.26551058888435364,-11.94365119934082
2026-08-04T04:57:09.416000-04:00,12.202964782714844,0.2616524398326874,-11.941312789916992
2026-08-04T04:57:09.420000-04:00,12.198756217956543,0.2520655393600464,-11.946690559387207
2026-08-04T04:57:09.424000-04:00,12.18905258178711,0.23932196199893951,-11.94973087310791
2026-08-04T04:57:09.428000-04:00,12.193963050842285,0.2504287362098694,-11.943533897399902
2026-08-04T04:57:09.432000-04:00,12.205185890197754,0.25393614172935486,-11.951250076293945
2026-08-04T04:57:09.436000-04:00,12.199925422668457,0.24259553849697113,-11.957329750061035
2026-08-04T04:57:09.440000-04:00,12.184493064880371,0.2485581338405609,-11.935935020446777
2026-08-04T04:57:09.444000-04:00,12.152107238769531,0.2805924415588379,-11.871515274047852
2026-08-04T04:57:09.448000-04:00,12.13562297821045,0.3275916576385498,-11.80803108215332
2026-08-04T04:57:09.452000-04:00,12.177595138549805,0.34431028366088867,-11.833284378051758
2026-08-04T04:57:09.456000-04:00,12.25300407409668,0.34711623191833496,-11.905887603759766
2026-08-04T04:57:09.460000-04:00,12.347586631774902,0.4556119740009308,-11.891974449157715
2026-08-04T04:57:09.464000-04:00,12.522723197937012,0.7146922945976257,-11.80803108215332
2026-08-04T04:57:09.468000-04:00,12.551835060119629,1.0236947536468506,-11.5281400680542
2026-08-04T04:57:09.472000-04:00,12.486948013305664,1.7245912551879883,-10.762356758117676
2026-08-04T04:57:09.476000-04:00,12.408031463623047,2.4591588973999023,-9.948872566223145
2026-08-04T04:57:09.480000-04:00,12.346183776855469,2.658379554748535,-9.687804222106934
2026-08-04T04:57:09.484000-04:00,12.282349586486816,2.6540536880493164,-9.6282958984375
2026-08-04T04:57:09.488000-04:00,12.242364883422852,2.3650434017181396,-9.877321243286133
2026-08-04T04:57:09.492000-04:00,12.221320152282715,1.6661344766616821,-10.555185317993164
2026-08-04T04:57:09.496000-04:00,12.225646018981934,1.3070931434631348,-10.91855239868164
2026-08-04T04:57:09.500000-04:00,12.235466957092285,0.7530399560928345,-11.482426643371582
2026-08-04T04:57:09.504000-04:00,12.279075622558594,0.656118631362915,-11.622957229614258
2026-08-04T04:57:09.508000-04:00,12.317306518554688,0.5918161869049072,-11.72549057006836
2026-08-04T04:57:09.512000-04:00,12.264110565185547,0.5238894820213318,-11.74022102355957
2026-08-04T04:57:09.516000-04:00,12.275801658630371,0.47829318046569824,-11.797508239746094
2026-08-04T04:57:09.520000-04:00,12.275217056274414,0.4431022107601166,-11.832115173339844
2026-08-04T04:57:09.524000-04:00,12.266215324401855,0.420654833316803,-11.845560073852539
2026-08-04T04:57:09.528000-04:00,12.276152610778809,0.4083788990974426,-11.86777400970459
2026-08-04T04:57:09.532000-04:00,12.280712127685547,0.39727210998535156,-11.883440017700195
2026-08-04T04:57:09.536000-04:00,12.279777526855469,0.40370237827301025,-11.87607479095459
2026-08-04T04:57:09.540000-04:00,12.269956588745117,0.37669533491134644,-11.893260955810547
2026-08-04T04:57:09.544000-04:00,12.264461517333984,0.3717849850654602,-11.89267635345459
2026-08-04T04:57:09.548000-04:00,12.277321815490723,0.39972731471061707,-11.877594947814941
2026-08-04T04:57:09.552000-04:00,12.28597354888916,0.39434927701950073,-11.891624450683594
2026-08-04T04:57:09.556000-04:00,12.284921646118164,0.40007805824279785,-11.884843826293945
2026-08-04T04:57:09.560000-04:00,12.281063079833984,0.4034685492515564,-11.877594947814941
2026-08-04T04:57:09.564000-04:00,12.274749755859375,0.40522223711013794,-11.869527816772461
2026-08-04T04:57:09.568000-04:00,12.288779258728027,0.416329026222229,-11.87244987487793
2026-08-04T04:57:09.572000-04:00,12.30234146118164,0.43889331817626953,-11.863448143005371
2026-08-04T04:57:09.576000-04:00,12.303510665893555,0.4580671489238739,-11.845443725585938
2026-08-04T04:57:09.580000-04:00,12.30643367767334,0.4556119740009308,-11.850821495056152
2026-08-04T04:57:09.584000-04:00,12.310524940490723,0.45713183283805847,-11.8533935546875
2026-08-04T04:57:09.588000-04:00,12.312629699707031,0.4694077670574188,-11.843221664428711
2026-08-04T04:57:09.592000-04:00,12.327010154724121,0.47548726201057434,-11.851522445678711
2026-08-04T04:57:09.596000-04:00,12.327828407287598,0.4825020730495453,-11.84532642364502
2026-08-04T04:57:09.600000-04:00,12.328646659851074,0.4943103492259979,-11.834336280822754
2026-08-04T04:57:09.604000-04:00,12.326425552368164,0.5099767446517944,-11.816449165344238
2026-08-04T04:57:09.608000-04:00,12.33718204498291,0.530436635017395,-11.806745529174805
2026-08-04T04:57:09.612000-04:00,12.350275993347168,0.5386205315589905,-11.811655044555664
2026-08-04T04:57:09.616000-04:00,12.360681533813477,0.5443493127822876,-11.81633186340332
2026-08-04T04:57:09.620000-04:00,12.356822967529297,0.5750975608825684,-11.78172492980957
2026-08-04T04:57:09.624000-04:00,12.360564231872559,0.5839830040931702,-11.776580810546875
2026-08-04T04:57:09.628000-04:00,12.393651008605957,0.6102885603904724,-11.78336238861084
2026-08-04T04:57:09.632000-04:00,12.402536392211914,0.6277086734771729,-11.77482795715332
2026-08-04T04:57:09.636000-04:00,12.411304473876953,0.6534296274185181,-11.757874488830566
2026-08-04T04:57:09.640000-04:00,12.4221773147583,0.6888543963432312,-11.733323097229004
2026-08-04T04:57:09.644000-04:00,12.447665214538574,0.7059237957000732,-11.741741180419922
2026-08-04T04:57:09.648000-04:00,12.464851379394531,0.7429853677749634,-11.7218656539917
2026-08-04T04:57:09.652000-04:00,12.488584518432617,0.7854250073432922,-11.70315933227539
2026-08-04T04:57:09.656000-04:00,12.496651649475098,0.808573842048645,-11.688077926635742
2026-08-04T04:57:09.660000-04:00,12.51091480255127,0.8360485434532166,-11.674866676330566
2026-08-04T04:57:09.664000-04:00,12.528218269348145,0.8811771273612976,-11.647041320800781
2026-08-04T04:57:09.668000-04:00,12.547625541687012,0.9092363715171814,-11.638389587402344
2026-08-04T04:57:09.672000-04:00,12.577789306640625,0.9458303451538086,-11.631958961486816
2026-08-04T04:57:09.676000-04:00,12.591702461242676,0.9830088019371033,-11.608694076538086
2026-08-04T04:57:09.680000-04:00,12.591351509094238,0.9911927580833435,-11.60015869140625
2026-08-04T04:57:09.684000-04:00,12.591235160827637,1.0076775550842285,-11.58355712890625
2026-08-04T04:57:09.688000-04:00,12.60900592803955,1.0283712148666382,-11.580635070800781
2026-08-04T04:57:09.692000-04:00,12.619527816772461,1.0480127334594727,-11.571515083312988
2026-08-04T04:57:09.696000-04:00,12.620579719543457,1.0498833656311035,-11.570695877075195
2026-08-04T04:57:09.700000-04:00,12.598132133483887,1.0379581451416016,-11.560173988342285
2026-08-04T04:57:09.704000-04:00,12.596379280090332,1.0338661670684814,-11.56251335144043
2026-08-04T04:57:09.708000-04:00,12.58924674987793,1.0203042030334473,-11.56894302368164
2026-08-04T04:57:09.712000-04:00,12.572762489318848,0.9818397164344788,-11.590922355651855
2026-08-04T04:57:09.716000-04:00,12.548678398132324,0.9572878479957581,-11.591390609741211
2026-08-04T04:57:09.720000-04:00,12.518163681030273,0.9058458805084229,-11.61231803894043
2026-08-04T04:57:09.724000-04:00,12.492443084716797,0.8665629625320435,-11.625880241394043
2026-08-04T04:57:09.728000-04:00,12.464033126831055,0.8057679533958435,-11.658265113830566
2026-08-04T04:57:09.732000-04:00,12.451991081237793,0.7803977131843567,-11.67159366607666
2026-08-04T04:57:09.736000-04:00,12.414695739746094,0.7227593660354614,-11.691936492919922
2026-08-04T04:57:09.740000-04:00,12.381258010864258,0.6616135835647583,-11.719644546508789
2026-08-04T04:57:09.744000-04:00,12.359044075012207,0.6289947032928467,-11.730049133300781
2026-08-04T04:57:09.748000-04:00,12.347119331359863,0.5874903798103333,-11.759629249572754
2026-08-04T04:57:09.752000-04:00,12.335428237915039,0.5680827498435974,-11.767345428466797
2026-08-04T04:57:09.756000-04:00,12.30643367767334,0.5238894820213318,-11.782544136047363
2026-08-04T04:57:09.760000-04:00,12.299535751342773,0.49524563550949097,-11.804289817810059
2026-08-04T04:57:09.764000-04:00,12.27743911743164,0.460522323846817,-11.816916465759277
2026-08-04T04:57:09.768000-04:00,12.277321815490723,0.45713183283805847,-11.8201904296875
2026-08-04T04:57:09.772000-04:00,12.265864372253418,0.44777876138687134,-11.818085670471191
2026-08-04T04:57:09.776000-04:00,12.24715805053711,0.4279034733772278,-11.819254875183105
2026-08-04T04:57:09.780000-04:00,12.230907440185547,0.41644594073295593,-11.814461708068848
2026-08-04T04:57:09.784000-04:00,12.222489356994629,0.3969213664531708,-11.825568199157715
2026-08-04T04:57:09.788000-04:00,12.2367525100708,0.38686680793762207,-11.849885940551758
2026-08-04T04:57:09.792000-04:00,12.24061107635498,0.39247867465019226,-11.848132133483887
2026-08-04T04:57:09.796000-04:00,12.232076644897461,0.39282941818237305,-11.83924674987793
2026-08-04T04:57:09.800000-04:00,12.219683647155762,0.3789167106151581,-11.840766906738281
2026-08-04T04:57:09.804000-04:00,12.209044456481934,0.37716299295425415,-11.831881523132324
2026-08-04T04:57:09.808000-04:00,12.226581573486328,0.38441163301467896,-11.842169761657715
2026-08-04T04:57:09.812000-04:00,12.229504585266113,0.38639914989471436,-11.84310531616211
2026-08-04T04:57:09.816000-04:00,12.218748092651367,0.38990655541419983,-11.828841209411621
2026-08-04T04:57:09.820000-04:00,12.217696189880371,0.38639914989471436,-11.831296920776367
2026-08-04T04:57:09.824000-04:00,12.2118501663208,0.3780983090400696,-11.833751678466797
2026-08-04T04:57:09.828000-04:00,12.227166175842285,0.38359323143959045,-11.843572616577148
2026-08-04T04:57:09.832000-04:00,12.225061416625977,0.3825410306453705,-11.842520713806152
2026-08-04T04:57:09.836000-04:00,12.220969200134277,0.37950125336647034,-11.84146785736084
2026-08-04T04:57:09.840000-04:00,12.214539527893066,0.372135728597641,-11.842403411865234
2026-08-04T04:57:09.844000-04:00,12.207992553710938,0.37763065099716187,-11.830362319946289
2026-08-04T04:57:09.848000-04:00,12.2283353805542,0.3994934856891632,-11.828842163085938
2026-08-04T04:57:09.852000-04:00,12.227282524108887,0.3985581696033478,-11.828723907470703
2026-08-04T04:57:09.856000-04:00,12.2242431640625,0.39972731471061707,-11.824516296386719
2026-08-04T04:57:09.860000-04:00,12.20740795135498,0.4095480442047119,-11.797860145568848
2026-08-04T04:57:09.864000-04:00,12.209511756896973,0.40931421518325806,-11.80019760131836
2026-08-04T04:57:09.868000-04:00,12.216409683227539,0.40919730067253113,-11.807212829589844
2026-08-04T04:57:09.872000-04:00,12.223892211914062,0.4059237241744995,-11.817968368530273
2026-08-04T04:57:09.876000-04:00,12.225646018981934,0.42217469215393066,-11.803471565246582
2026-08-04T04:57:09.880000-04:00,12.225529670715332,0.4235776662826538,-11.801952362060547
2026-08-04T04:57:09.884000-04:00,12.215006828308105,0.42591592669487,-11.789091110229492
2026-08-04T04:57:09.888000-04:00,12.225295066833496,0.43106013536453247,-11.794235229492188
2026-08-04T04:57:09.892000-04:00,12.232427597045898,0.44976627826690674,-11.782661437988281
2026-08-04T04:57:09.896000-04:00,12.234882354736328,0.44064703583717346,-11.794235229492188
2026-08-04T04:57:09.900000-04:00,12.231492042541504,0.45303985476493835,-11.778451919555664
2026-08-04T04:57:09.904000-04:00,12.227867126464844,0.4511692523956299,-11.776698112487793
2026-08-04T04:57:09.908000-04:00,12.233713150024414,0.4681217074394226,-11.765591621398926
2026-08-04T04:57:09.912000-04:00,12.243885040283203,0.4657834470272064,-11.778101921081543
2026-08-04T04:57:09.916000-04:00,12.244585990905762,0.4704599678516388,-11.774126052856445
2026-08-04T04:57:09.920000-04:00,12.235233306884766,0.4644973874092102,-11.770735740661621
2026-08-04T04:57:09.924000-04:00,12.229738235473633,0.453624427318573,-11.776113510131836
2026-08-04T04:57:09.928000-04:00,12.237337112426758,0.4666018486022949,-11.770734786987305
2026-08-04T04:57:09.932000-04:00,12.247509002685547,0.45467665791511536,-11.792832374572754
2026-08-04T04:57:09.936000-04:00,12.250548362731934,0.4641466438770294,-11.786401748657227
2026-08-04T04:57:09.940000-04:00,12.23453140258789,0.4512861669063568,-11.783245086669922
2026-08-04T04:57:09.944000-04:00,12.235934257507324,0.45549505949020386,-11.780439376831055
2026-08-04T04:57:09.948000-04:00,12.237220764160156,0.45654726028442383,-11.78067398071289
2026-08-04T04:57:09.952000-04:00,12.243416786193848,0.459587037563324,-11.783829689025879
2026-08-04T04:57:09.956000-04:00,12.234297752380371,0.4491817057132721,-11.785116195678711
2026-08-04T04:57:09.960000-04:00,12.231023788452148,0.44988319277763367,-11.781140327453613
2026-08-04T04:57:09.964000-04:00,12.220852851867676,0.4391271471977234,-11.781725883483887
2026-08-04T04:57:09.968000-04:00,12.2367525100708,0.42977407574653625,-11.806978225708008
2026-08-04T04:57:09.972000-04:00,12.236167907714844,0.43374913930892944,-11.80241870880127
2026-08-04T04:57:09.976000-04:00,12.230907440185547,0.4394778907299042,-11.79142951965332
2026-08-04T04:57:09.980000-04:00,12.227517127990723,0.4282541871070862,-11.799263000488281
2026-08-04T04:57:09.984000-04:00,12.2283353805542,0.4179657995700836,-11.810369491577148
2026-08-04T04:57:09.988000-04:00,12.230673789978027,0.40931421518325806,-11.821359634399414
2026-08-04T04:57:09.992000-04:00,12.242481231689453,0.4049884080886841,-11.837492942810059
2026-08-04T04:57:09.996000-04:00,12.242598533630371,0.40568989515304565,-11.836908340454102
2026-08-04T04:57:10-04:00,12.230673789978027,0.4153937101364136,-11.815279960632324
2026-08-04T04:57:10.004000-04:00,12.233245849609375,0.4087296426296234,-11.824516296386719
2026-08-04T04:57:10.008000-04:00,12.233830451965332,0.4054560661315918,-11.828374862670898
2026-08-04T04:57:10.012000-04:00,12.241546630859375,0.4070928692817688,-11.834453582763672
2026-08-04T04:57:10.016000-04:00,12.235349655151367,0.41936877369880676,-11.815980911254883
2026-08-04T04:57:10.020000-04:00,12.224827766418457,0.41644594073295593,-11.808382034301758
2026-08-04T04:57:10.024000-04:00,12.218748092651367,0.41212013363838196,-11.806628227233887
2026-08-04T04:57:10.028000-04:00,12.231842994689941,0.3986750841140747,-11.833168029785156
2026-08-04T04:57:10.032000-04:00,12.234648704528809,0.3990258276462555,-11.835622787475586
2026-08-04T04:57:10.036000-04:00,12.223775863647461,0.3833594024181366,-11.84041690826416
2026-08-04T04:57:10.040000-04:00,12.211382865905762,0.3825410306453705,-11.828842163085938
2026-08-04T04:57:10.044000-04:00,12.219216346740723,0.384294718503952,-11.834921836853027
2026-08-04T04:57:10.048000-04:00,12.226815223693848,0.39762285351753235,-11.829192161560059
2026-08-04T04:57:10.052000-04:00,12.226815223693848,0.3904911279678345,-11.836323738098145
2026-08-04T04:57:10.056000-04:00,12.231258392333984,0.3861653506755829,-11.8450927734375
2026-08-04T04:57:10.060000-04:00,12.229738235473633,0.3910757005214691,-11.838662147521973
2026-08-04T04:57:10.064000-04:00,12.219449996948242,0.3818395435810089,-11.837610244750977
2026-08-04T04:57:10.068000-04:00,12.22623062133789,0.37307101488113403,-11.85315990447998
2026-08-04T04:57:10.072000-04:00,12.238740921020508,0.3792674243450165,-11.85947322845459
2026-08-04T04:57:10.076000-04:00,12.229504585266113,0.3858146071434021,-11.843689918518066
2026-08-04T04:57:10.080000-04:00,12.218981742858887,0.3823072016239166,-11.836674690246582
2026-08-04T04:57:10.084000-04:00,12.21009635925293,0.38125497102737427,-11.828841209411621
2026-08-04T04:57:10.088000-04:00,12.222957611083984,0.3854638636112213,-11.837493896484375
2026-08-04T04:57:10.092000-04:00,12.229738235473633,0.37879979610443115,-11.85093879699707
2026-08-04T04:57:10.096000-04:00,12.22646427154541,0.37599384784698486,-11.850470542907715
2026-08-04T04:57:10.100000-04:00,12.213837623596191,0.3581061065196991,-11.855731964111328
2026-08-04T04:57:10.104000-04:00,12.209395408630371,0.35424795746803284,-11.855147361755371
2026-08-04T04:57:10.108000-04:00,12.219449996948242,0.3668746054172516,-11.852575302124023
2026-08-04T04:57:10.112000-04:00,12.229387283325195,0.38207337260246277,-11.84731388092041
2026-08-04T04:57:10.116000-04:00,12.225646018981934,0.3849962055683136,-11.840649604797363
2026-08-04T04:57:10.120000-04:00,12.220619201660156,0.39166027307510376,-11.828958511352539
2026-08-04T04:57:10.124000-04:00,12.215475082397461,0.3786828815937042,-11.8367919921875
2026-08-04T04:57:10.128000-04:00,12.235934257507324,0.3749416470527649,-11.860992431640625
2026-08-04T04:57:10.132000-04:00,12.24891185760498,0.40568989515304565,-11.843221664428711
2026-08-04T04:57:10.136000-04:00,12.255107879638672,0.4394778907299042,-11.815629959106445
2026-08-04T04:57:10.140000-04:00,12.231141090393066,0.44380369782447815,-11.787337303161621
2026-08-04T04:57:10.144000-04:00,12.2367525100708,0.44544050097465515,-11.791312217712402
2026-08-04T04:57:10.148000-04:00,12.242598533630371,0.4517538249492645,-11.790844917297363
2026-08-04T04:57:10.152000-04:00,12.247626304626465,0.4681217074394226,-11.779504776000977
2026-08-04T04:57:10.156000-04:00,12.256628036499023,0.5145363807678223,-11.74209213256836
2026-08-04T04:57:10.160000-04:00,12.224945068359375,0.528215229511261,-11.69672966003418
2026-08-04T04:57:10.164000-04:00,12.210914611816406,0.5410757660865784,-11.669838905334473
2026-08-04T04:57:10.168000-04:00,12.210447311401367,0.519329845905304,-11.691117286682129
2026-08-04T04:57:10.172000-04:00,12.22447681427002,0.5238894820213318,-11.700587272644043
2026-08-04T04:57:10.176000-04:00,12.226581573486328,0.5361653566360474,-11.69041633605957
2026-08-04T04:57:10.180000-04:00,12.239090919494629,0.5340609550476074,-11.70503044128418
2026-08-04T04:57:10.184000-04:00,12.25499153137207,0.5159393548965454,-11.739051818847656
2026-08-04T04:57:10.188000-04:00,12.257797241210938,0.489867627620697,-11.767930030822754
2026-08-04T04:57:10.192000-04:00,12.25078296661377,0.448363333940506,-11.802419662475586
2026-08-04T04:57:10.196000-04:00,12.244235038757324,0.4420500099658966,-11.80218505859375
2026-08-04T04:57:10.200000-04:00,12.232427597045898,0.4436867833137512,-11.788741111755371
2026-08-04T04:57:10.204000-04:00,12.21792984008789,0.38756829500198364,-11.830361366271973
2026-08-04T04:57:10.208000-04:00,12.228686332702637,0.3862822353839874,-11.84240436553955
2026-08-04T04:57:10.212000-04:00,12.212318420410156,0.348051518201828,-11.864267349243164
2026-08-04T04:57:10.216000-04:00,12.213253021240234,0.3557678163051605,-11.857484817504883
2026-08-04T04:57:10.220000-04:00,12.195131301879883,0.35272806882858276,-11.842403411865234
2026-08-04T04:57:10.224000-04:00,12.198522567749023,0.3465316593647003,-11.851990699768066
2026-08-04T04:57:10.228000-04:00,12.213603973388672,0.34898683428764343,-11.864617347717285
2026-08-04T04:57:10.232000-04:00,12.217578887939453,0.34419339895248413,-11.873385429382324
2026-08-04T04:57:10.236000-04:00,12.214422225952148,0.33261895179748535,-11.881803512573242
2026-08-04T04:57:10.240000-04:00,12.18741512298584,0.3224474787712097,-11.864967346191406
2026-08-04T04:57:10.244000-04:00,12.193143844604492,0.31742018461227417,-11.875723838806152
2026-08-04T04:57:10.248000-04:00,12.194313049316406,0.31648486852645874,-11.877828598022461
2026-08-04T04:57:10.252000-04:00,12.202146530151367,0.3247857391834259,-11.877360343933105
2026-08-04T04:57:10.256000-04:00,12.198522567749023,0.33098214864730835,-11.86754035949707
2026-08-04T04:57:10.260000-04:00,12.189753532409668,0.32490265369415283,-11.864850997924805
2026-08-04T04:57:10.264000-04:00,12.188817977905273,0.3094700574874878,-11.879347801208496
2026-08-04T04:57:10.268000-04:00,12.195599555969238,0.32256439328193665,-11.873035430908203
2026-08-04T04:57:10.272000-04:00,12.185778617858887,0.3327358663082123,-11.853042602539062
2026-08-04T04:57:10.276000-04:00,12.147431373596191,0.37470781803131104,-11.772723197937012
2026-08-04T04:57:10.280000-04:00,12.144391059875488,0.40007805824279785,-11.74431324005127
2026-08-04T04:57:10.284000-04:00,12.206121444702148,0.3851131200790405,-11.821008682250977
2026-08-04T04:57:10.288000-04:00,12.278023719787598,0.42217469215393066,-11.855849266052246
2026-08-04T04:57:10.292000-04:00,12.460058212280273,0.621512234210968,-11.838545799255371
2026-08-04T04:57:10.296000-04:00,12.584453582763672,0.8541701436042786,-11.730283737182617
2026-08-04T04:57:10.300000-04:00,12.540727615356445,1.4289169311523438,-11.111810684204102
2026-08-04T04:57:10.304000-04:00,12.485895156860352,2.2094316482543945,-10.276463508605957
2026-08-04T04:57:10.308000-04:00,12.435038566589355,2.6272804737091064,-9.807758331298828
2026-08-04T04:57:10.312000-04:00,12.384181022644043,2.7240848541259766,-9.660096168518066
2026-08-04T04:57:10.316000-04:00,12.340806007385254,2.6565089225769043,-9.684297561645508
2026-08-04T04:57:10.320000-04:00,12.251601219177246,2.064692735671997,-10.186908721923828
2026-08-04T04:57:10.324000-04:00,12.202613830566406,1.6179661750793457,-10.584648132324219
2026-08-04T04:57:10.328000-04:00,12.194196701049805,1.0668357610702515,-11.127361297607422
2026-08-04T04:57:10.332000-04:00,12.237805366516113,0.780982255935669,-11.456823348999023
2026-08-04T04:57:10.336000-04:00,12.327828407287598,0.6990259289741516,-11.628802299499512
2026-08-04T04:57:10.340000-04:00,12.315552711486816,0.6310991644859314,-11.684453964233398
2026-08-04T04:57:10.344000-04:00,12.265981674194336,0.5800079703330994,-11.68597412109375
2026-08-04T04:57:10.348000-04:00,12.280362129211426,0.5362823009490967,-11.74407958984375
2026-08-04T04:57:10.352000-04:00,12.281998634338379,0.5190960168838501,-11.76290225982666
2026-08-04T04:57:10.356000-04:00,12.280712127685547,0.48834773898124695,-11.792364120483398
2026-08-04T04:57:10.360000-04:00,12.278023719787598,0.46110689640045166,-11.816916465759277
2026-08-04T04:57:10.364000-04:00,12.27135944366455,0.4623929560184479,-11.808966636657715
2026-08-04T04:57:10.368000-04:00,12.27743911743164,0.46098998188972473,-11.816449165344238
2026-08-04T04:57:10.372000-04:00,12.286090850830078,0.45023393630981445,-11.835857391357422
2026-08-04T04:57:10.376000-04:00,12.278841972351074,0.4432191252708435,-11.835622787475586
2026-08-04T04:57:10.380000-04:00,12.270657539367676,0.446726530790329,-11.823930740356445
2026-08-04T04:57:10.384000-04:00,12.282465934753418,0.4411146938800812,-11.841351509094238
2026-08-04T04:57:10.388000-04:00,12.291000366210938,0.4567810893058777,-11.834218978881836
2026-08-04T04:57:10.392000-04:00,12.297664642333984,0.4780593514442444,-11.819604873657227
2026-08-04T04:57:10.396000-04:00,12.299184799194336,0.4864771366119385,-11.812707901000977
2026-08-04T04:57:10.400000-04:00,12.296846389770508,0.482969731092453,-11.81387710571289
2026-08-04T04:57:10.404000-04:00,12.29626178741455,0.4778255224227905,-11.818436622619629
2026-08-04T04:57:10.408000-04:00,12.305498123168945,0.48788008093833923,-11.817618370056152
2026-08-04T04:57:10.412000-04:00,12.312278747558594,0.4985192120075226,-11.813759803771973
2026-08-04T04:57:10.416000-04:00,12.309122085571289,0.52120041847229,-11.787921905517578
2026-08-04T04:57:10.420000-04:00,12.31274700164795,0.5127826929092407,-11.79996395111084
2026-08-04T04:57:10.424000-04:00,12.314617156982422,0.5196805596351624,-11.794936180114746
2026-08-04T04:57:10.428000-04:00,12.329231262207031,0.5345286130905151,-11.794702529907227
2026-08-04T04:57:10.432000-04:00,12.340572357177734,0.5590804219245911,-11.781492233276367
2026-08-04T04:57:10.436000-04:00,12.345832824707031,0.5745130181312561,-11.771319389343262
2026-08-04T04:57:10.440000-04:00,12.347002029418945,0.589594841003418,-11.757407188415527
2026-08-04T04:57:10.444000-04:00,12.342910766601562,0.5909978151321411,-11.751913070678711
2026-08-04T04:57:10.448000-04:00,12.377283096313477,0.6142635941505432,-11.763019561767578
2026-08-04T04:57:10.452000-04:00,12.37447738647461,0.6177710294723511,-11.756706237792969
2026-08-04T04:57:10.456000-04:00,12.38499927520752,0.6478177905082703,-11.737181663513184
2026-08-04T04:57:10.460000-04:00,12.389792442321777,0.664770245552063,-11.725022315979004
2026-08-04T04:57:10.464000-04:00,12.39528751373291,0.6762277483940125,-11.719059944152832
2026-08-04T04:57:10.468000-04:00,12.430946350097656,0.7184335589408875,-11.712512969970703
2026-08-04T04:57:10.472000-04:00,12.444624900817871,0.7274358868598938,-11.717188835144043
2026-08-04T04:57:10.476000-04:00,12.45678424835205,0.7681217789649963,-11.6886625289917
2026-08-04T04:57:10.480000-04:00,12.465786933898926,0.7916213870048523,-11.674165725708008
2026-08-04T04:57:10.484000-04:00,12.484258651733398,0.8174592852592468,-11.666799545288086
2026-08-04T04:57:10.488000-04:00,12.511850357055664,0.85077965259552,-11.661070823669434
2026-08-04T04:57:10.492000-04:00,12.535818099975586,0.8921670317649841,-11.643651008605957
2026-08-04T04:57:10.496000-04:00,12.556628227233887,0.9224476218223572,-11.634181022644043
2026-08-04T04:57:10.500000-04:00,12.557212829589844,0.9575216770172119,-11.599691390991211
2026-08-04T04:57:10.504000-04:00,12.580829620361328,0.985697865486145,-11.595131874084473
2026-08-04T04:57:10.508000-04:00,12.599885940551758,1.009782075881958,-11.590104103088379
2026-08-04T04:57:10.512000-04:00,12.614266395568848,1.038659691810608,-11.575606346130371
2026-08-04T04:57:10.516000-04:00,12.613448143005371,1.0509356260299683,-11.562512397766113
2026-08-04T04:57:10.520000-04:00,12.612396240234375,1.0676542520523071,-11.5447416305542
2026-08-04T04:57:10.524000-04:00,12.616722106933594,1.0667189359664917,-11.550003051757812
2026-08-04T04:57:10.528000-04:00,12.61777400970459,1.0529230833053589,-11.564850807189941
2026-08-04T04:57:10.532000-04:00,12.61146068572998,1.0674203634262085,-11.54404067993164
2026-08-04T04:57:10.536000-04:00,12.592988014221191,1.0524554252624512,-11.540533065795898
2026-08-04T04:57:10.540000-04:00,12.574867248535156,1.0214734077453613,-11.553394317626953
2026-08-04T04:57:10.544000-04:00,12.553938865661621,1.006508469581604,-11.547430038452148
2026-08-04T04:57:10.548000-04:00,12.542481422424316,0.9672254920005798,-11.57525634765625
2026-08-04T04:57:10.552000-04:00,12.518630981445312,0.929696261882782,-11.588934898376465
2026-08-04T04:57:10.556000-04:00,12.485076904296875,0.8803587555885315,-11.604718208312988
2026-08-04T04:57:10.560000-04:00,12.45257568359375,0.8192129731178284,-11.633362770080566
2026-08-04T04:57:10.564000-04:00,12.421242713928223,0.7614577412605286,-11.659785270690918
2026-08-04T04:57:10.568000-04:00,12.411188125610352,0.7167967557907104,-11.694391250610352
2026-08-04T04:57:10.572000-04:00,12.392715454101562,0.6841778755187988,-11.708538055419922
2026-08-04T04:57:10.576000-04:00,12.36617660522461,0.6234997510910034,-11.742676734924316
2026-08-04T04:57:10.580000-04:00,12.334726333618164,0.5919331312179565,-11.742793083190918
2026-08-04T04:57:10.584000-04:00,12.319060325622559,0.5482074618339539,-11.770853042602539
2026-08-04T04:57:10.588000-04:00,12.310291290283203,0.5319564938545227,-11.778334617614746
2026-08-04T04:57:10.592000-04:00,12.299418449401855,0.49512872099876404,-11.804289817810059
2026-08-04T04:57:10.596000-04:00,12.2864408493042,0.48191750049591064,-11.804523468017578
2026-08-04T04:57:10.600000-04:00,12.263994216918945,0.44660961627960205,-11.817384719848633
2026-08-04T04:57:10.604000-04:00,12.255692481994629,0.43293073773384094,-11.822761535644531
2026-08-04T04:57:10.608000-04:00,12.260720252990723,0.4267343282699585,-11.833986282348633
2026-08-04T04:57:10.612000-04:00,12.24937915802002,0.4118863046169281,-11.837492942810059
2026-08-04T04:57:10.616000-04:00,12.253822326660156,0.40931421518325806,-11.844508171081543
2026-08-04T04:57:10.620000-04:00,12.233595848083496,0.41176939010620117,-11.821826934814453
2026-08-04T04:57:10.624000-04:00,12.225646018981934,0.3874513804912567,-11.838194847106934
2026-08-04T04:57:10.628000-04:00,12.247391700744629,0.39037421345710754,-11.857017517089844
2026-08-04T04:57:10.632000-04:00,12.237688064575195,0.3845285475254059,-11.85315990447998
2026-08-04T04:57:10.636000-04:00,12.233362197875977,0.39727210998535156,-11.836090087890625
2026-08-04T04:57:10.640000-04:00,12.224125862121582,0.37073275446891785,-11.8533935546875
2026-08-04T04:57:10.644000-04:00,12.219216346740723,0.3673422634601593,-11.851874351501465
2026-08-04T04:57:10.648000-04:00,12.2325439453125,0.39119261503219604,-11.841351509094238
2026-08-04T04:57:10.652000-04:00,12.23885726928711,0.38791903853416443,-11.850937843322754
2026-08-04T04:57:10.656000-04:00,12.2283353805542,0.3874513804912567,-11.8408842086792
2026-08-04T04:57:10.660000-04:00,12.2159423828125,0.3909587860107422,-11.824983596801758
2026-08-04T04:57:10.664000-04:00,12.21570873260498,0.3921279311180115,-11.823580741882324
2026-08-04T04:57:10.668000-04:00,12.229036331176758,0.39528459310531616,-11.833751678466797
2026-08-04T04:57:10.672000-04:00,12.241312980651855,0.41971951723098755,-11.821593284606934
2026-08-04T04:57:10.676000-04:00,12.224594116210938,0.3957522511482239,-11.828842163085938
2026-08-04T04:57:10.680000-04:00,12.220268249511719,0.40732666850090027,-11.812941551208496
2026-08-04T04:57:10.684000-04:00,12.225996971130371,0.41095098853111267,-11.815046310424805
2026-08-04T04:57:10.688000-04:00,12.23277759552002,0.40931421518325806,-11.823463439941406
2026-08-04T04:57:10.692000-04:00,12.239208221435547,0.42135629057884216,-11.817852020263672
2026-08-04T04:57:10.696000-04:00,12.233479499816895,0.4291895031929016,-11.804289817810059
2026-08-04T04:57:10.700000-04:00,12.231725692749023,0.42007026076316833,-11.811655044555664
2026-08-04T04:57:10.704000-04:00,12.239559173583984,0.442400723695755,-11.797158241271973
2026-08-04T04:57:10.708000-04:00,12.241195678710938,0.4392440617084503,-11.80195140838623
2026-08-04T04:57:10.712000-04:00,12.241312980651855,0.43620431423187256,-11.805109024047852
2026-08-04T04:57:10.716000-04:00,12.239441871643066,0.4374903738498688,-11.80195140838623
2026-08-04T04:57:10.720000-04:00,12.23032283782959,0.4436867833137512,-11.786636352539062
2026-08-04T04:57:10.724000-04:00,12.223307609558105,0.44345295429229736,-11.779854774475098
2026-08-04T04:57:10.728000-04:00,12.236285209655762,0.4556119740009308,-11.780673027038574
2026-08-04T04:57:10.732000-04:00,12.249613761901855,0.46473121643066406,-11.784882545471191
2026-08-04T04:57:10.736000-04:00,12.249029159545898,0.471746027469635,-11.77728271484375
2026-08-04T04:57:10.740000-04:00,12.249029159545898,0.4730320870876312,-11.775997161865234
2026-08-04T04:57:10.744000-04:00,12.250432014465332,0.4753703474998474,-11.77506160736084
2026-08-04T04:57:10.748000-04:00,12.249262809753418,0.4805145561695099,-11.76874828338623
2026-08-04T04:57:10.752000-04:00,12.25499153137207,0.4965316951274872,-11.75846004486084
2026-08-04T04:57:10.756000-04:00,12.25499153137207,0.49968835711479187,-11.755303382873535
2026-08-04T04:57:10.760000-04:00,12.250665664672852,0.49243971705436707,-11.75822639465332
2026-08-04T04:57:10.764000-04:00,12.2615385055542,0.489867627620697,-11.771671295166016
2026-08-04T04:57:10.768000-04:00,12.249730110168457,0.48063144087791443,-11.769098281860352
2026-08-04T04:57:10.772000-04:00,12.26913833618164,0.48191750049591064,-11.78722095489502
2026-08-04T04:57:10.776000-04:00,12.256394386291504,0.48834773898124695,-11.768046379089355
2026-08-04T04:57:10.780000-04:00,12.25545883178711,0.46987542510032654,-11.78558349609375
2026-08-04T04:57:10.784000-04:00,12.268787384033203,0.4607561528682709,-11.80803108215332
2026-08-04T04:57:10.788000-04:00,12.258849143981934,0.48144984245300293,-11.777399063110352
2026-08-04T04:57:10.792000-04:00,12.263409614562988,0.4772409498691559,-11.786169052124023
2026-08-04T04:57:10.796000-04:00,12.261655807495117,0.46835553646087646,-11.79330062866211
2026-08-04T04:57:10.800000-04:00,12.247976303100586,0.45701491832733154,-11.790961265563965
2026-08-04T04:57:10.804000-04:00,12.253705024719238,0.4644973874092102,-11.789207458496094
2026-08-04T04:57:10.808000-04:00,12.253939628601074,0.453624427318573,-11.800314903259277
2026-08-04T04:57:10.812000-04:00,12.251250267028809,0.4415823519229889,-11.809667587280273
2026-08-04T04:57:10.816000-04:00,12.249963760375977,0.4295402467250824,-11.820423126220703
2026-08-04T04:57:10.820000-04:00,12.237571716308594,0.4387764036655426,-11.798795700073242
2026-08-04T04:57:10.824000-04:00,12.243767738342285,0.43538591265678406,-11.808382034301758
2026-08-04T04:57:10.828000-04:00,12.2532377243042,0.43620431423187256,-11.817033767700195
2026-08-04T04:57:10.832000-04:00,12.254406929016113,0.44462209939956665,-11.809784889221191
2026-08-04T04:57:10.836000-04:00,12.248678207397461,0.4387764036655426,-11.80990219116211
2026-08-04T04:57:10.840000-04:00,12.234180450439453,0.42591592669487,-11.80826473236084
2026-08-04T04:57:10.844000-04:00,12.242715835571289,0.41890111565589905,-11.823814392089844
2026-08-04T04:57:10.848000-04:00,12.242949485778809,0.41890111565589905,-11.824048042297363
2026-08-04T04:57:10.852000-04:00,12.250899314880371,0.41527679562568665,-11.835622787475586
2026-08-04T04:57:10.856000-04:00,12.243183135986328,0.4214732050895691,-11.821709632873535
2026-08-04T04:57:10.860000-04:00,12.239675521850586,0.41738125681877136,-11.822294235229492
2026-08-04T04:57:10.864000-04:00,12.236051559448242,0.42381149530410767,-11.812239646911621
2026-08-04T04:57:10.868000-04:00,12.26329231262207,0.46098998188972473,-11.802302360534668
2026-08-04T04:57:10.872000-04:00,12.274165153503418,0.4999221861362457,-11.774243354797363
2026-08-04T04:57:10.876000-04:00,12.24107837677002,0.49407652020454407,-11.747001647949219
2026-08-04T04:57:10.880000-04:00,12.236285209655762,0.48823082447052,-11.748054504394531
2026-08-04T04:57:10.884000-04:00,12.250899314880371,0.47957924008369446,-11.771320343017578
2026-08-04T04:57:10.888000-04:00,12.245170593261719,0.48998454213142395,-11.755186080932617
2026-08-04T04:57:10.892000-04:00,12.261655807495117,0.5332425236701965,-11.728413581848145
2026-08-04T04:57:10.896000-04:00,12.24107837677002,0.5594311356544495,-11.681647300720215
2026-08-04T04:57:10.900000-04:00,12.219449996948242,0.5774358510971069,-11.642014503479004
2026-08-04T04:57:10.904000-04:00,12.234180450439453,0.5646922588348389,-11.669487953186035
2026-08-04T04:57:10.908000-04:00,12.236518859863281,0.5780203938484192,-11.658498764038086
2026-08-04T04:57:10.912000-04:00,12.243767738342285,0.5797741413116455,-11.663993835449219
2026-08-04T04:57:10.916000-04:00,12.245755195617676,0.5873734951019287,-11.658381462097168
2026-08-04T04:57:10.920000-04:00,12.254406929016113,0.5736945867538452,-11.680712699890137
2026-08-04T04:57:10.924000-04:00,12.256861686706543,0.5504288077354431,-11.706433296203613
2026-08-04T04:57:10.928000-04:00,12.262474060058594,0.5061185956001282,-11.756355285644531
2026-08-04T04:57:10.932000-04:00,12.2491455078125,0.48881539702415466,-11.760330200195312
2026-08-04T04:57:10.936000-04:00,12.253588676452637,0.44415444135665894,-11.809433937072754
2026-08-04T04:57:10.940000-04:00,12.233479499816895,0.43655505776405334,-11.796924591064453
2026-08-04T04:57:10.944000-04:00,12.233245849609375,0.4162121117115021,-11.817033767700195
2026-08-04T04:57:10.948000-04:00,12.226114273071289,0.38406088948249817,-11.842053413391113
2026-08-04T04:57:10.952000-04:00,12.2201509475708,0.3754093050956726,-11.844741821289062
2026-08-04T04:57:10.956000-04:00,12.211031913757324,0.3713173270225525,-11.839715003967285
2026-08-04T04:57:10.960000-04:00,12.20179557800293,0.360912024974823,-11.840883255004883
2026-08-04T04:57:10.964000-04:00,12.2035493850708,0.3624318838119507,-11.841117858886719
2026-08-04T04:57:10.968000-04:00,12.209044456481934,0.34945449233055115,-11.859589576721191
2026-08-04T04:57:10.972000-04:00,12.215240478515625,0.3412705361843109,-11.873970031738281
2026-08-04T04:57:10.976000-04:00,12.211499214172363,0.34349191188812256,-11.86800765991211
2026-08-04T04:57:10.980000-04:00,12.20401668548584,0.3340218961238861,-11.8699951171875
2026-08-04T04:57:10.984000-04:00,12.197587013244629,0.32455191016197205,-11.873035430908203
2026-08-04T04:57:10.988000-04:00,12.192793846130371,0.3251364827156067,-11.867657661437988
2026-08-04T04:57:10.992000-04:00,12.197236061096191,0.3232658803462982,-11.873970031738281
2026-08-04T04:57:10.996000-04:00,12.197820663452148,0.32537031173706055,-11.87244987487793
2026-08-04T04:57:11-04:00,12.190221786499023,0.32092759013175964,-11.869294166564941
2026-08-04T04:57:11.004000-04:00,12.192676544189453,0.31613415479660034,-11.876542091369629
2026-08-04T04:57:11.008000-04:00,12.178997993469238,0.3218629062175751,-11.857134819030762
2026-08-04T04:57:11.012000-04:00,12.159707069396973,0.36067819595336914,-11.799028396606445
2026-08-04T04:57:11.016000-04:00,12.145793914794922,0.3934139609336853,-11.75238037109375
2026-08-04T04:57:11.020000-04:00,12.1786470413208,0.38441163301467896,-11.794235229492188
2026-08-04T04:57:11.024000-04:00,12.242598533630371,0.39516767859458923,-11.847431182861328
2026-08-04T04:57:11.028000-04:00,12.392481803894043,0.5553392171859741,-11.837142944335938
2026-08-04T04:57:11.032000-04:00,12.527867317199707,0.8948560357093811,-11.633010864257812
2026-08-04T04:57:11.036000-04:00,12.533246040344238,1.2589247226715088,-11.274321556091309
2026-08-04T04:57:11.040000-04:00,12.473152160644531,2.0435314178466797,-10.429620742797852
2026-08-04T04:57:11.044000-04:00,12.426971435546875,2.5132896900177,-9.913681983947754
2026-08-04T04:57:11.048000-04:00,12.370736122131348,2.7462985515594482,-9.62443733215332
2026-08-04T04:57:11.052000-04:00,12.330284118652344,2.739400625228882,-9.590883255004883
2026-08-04T04:57:11.056000-04:00,12.258849143981934,2.2481298446655273,-10.010719299316406
2026-08-04T04:57:11.060000-04:00,12.22178840637207,1.7622374296188354,-10.459550857543945
2026-08-04T04:57:11.064000-04:00,12.221671104431152,1.1901795864105225,-11.03149127960205
2026-08-04T04:57:11.068000-04:00,12.275801658630371,0.7602885961532593,-11.51551342010498
2026-08-04T04:57:11.072000-04:00,12.333674430847168,0.7180827856063843,-11.615592002868652
2026-08-04T04:57:11.076000-04:00,12.319878578186035,0.6485192775726318,-11.671359062194824
2026-08-04T04:57:11.080000-04:00,12.260018348693848,0.5735777020454407,-11.686440467834473
2026-08-04T04:57:11.084000-04:00,12.274867057800293,0.5088075995445251,-11.766059875488281
2026-08-04T04:57:11.088000-04:00,12.272294998168945,0.499454528093338,-11.77284049987793
2026-08-04T04:57:11.092000-04:00,12.276970863342285,0.476071834564209,-11.800899505615234
2026-08-04T04:57:11.096000-04:00,12.273697853088379,0.4656665325164795,-11.80803108215332
2026-08-04T04:57:11.100000-04:00,12.266799926757812,0.448363333940506,-11.818436622619629
2026-08-04T04:57:11.104000-04:00,12.266098022460938,0.43024173378944397,-11.835856437683105
2026-08-04T04:57:11.108000-04:00,12.276737213134766,0.4400624632835388,-11.836674690246582
2026-08-04T04:57:11.112000-04:00,12.279426574707031,0.4359704852104187,-11.843456268310547
2026-08-04T04:57:11.116000-04:00,12.280945777893066,0.43865951895713806,-11.842286109924316
2026-08-04T04:57:11.120000-04:00,12.272294998168945,0.43573665618896484,-11.83655834197998
2026-08-04T04:57:11.124000-04:00,12.278608322143555,0.4367888867855072,-11.841819763183594
2026-08-04T04:57:11.128000-04:00,12.297313690185547,0.4521045684814453,-11.845209121704102
2026-08-04T04:57:11.132000-04:00,12.302224159240723,0.4708107113838196,-11.831413269042969
2026-08-04T04:57:11.136000-04:00,12.295443534851074,0.450935423374176,-11.844508171081543
2026-08-04T04:57:11.140000-04:00,12.28796100616455,0.4709276258945465,-11.817033767700195
2026-08-04T04:57:11.144000-04:00,12.300236701965332,0.4846065044403076,-11.815629959106445
2026-08-04T04:57:11.148000-04:00,12.313447952270508,0.4938426911830902,-11.819604873657227
2026-08-04T04:57:11.152000-04:00,12.316137313842773,0.4958302080631256,-11.820306777954102
2026-08-04T04:57:11.156000-04:00,12.31274700164795,0.4978177547454834,-11.814929008483887
2026-08-04T04:57:11.160000-04:00,12.315903663635254,0.5119642615318298,-11.803939819335938
2026-08-04T04:57:11.164000-04:00,12.323502540588379,0.5125488638877869,-11.810954093933105
2026-08-04T04:57:11.168000-04:00,12.33133602142334,0.5330086946487427,-11.798327445983887
2026-08-04T04:57:11.172000-04:00,12.333674430847168,0.5416603088378906,-11.792014122009277
2026-08-04T04:57:11.176000-04:00,12.344313621520996,0.5584958791732788,-11.785818099975586
2026-08-04T04:57:11.180000-04:00,12.343144416809082,0.5615355968475342,-11.781608581542969
2026-08-04T04:57:11.184000-04:00,12.351678848266602,0.5768512487411499,-11.77482795715332
2026-08-04T04:57:11.188000-04:00,12.363720893859863,0.5956743359565735,-11.768046379089355
2026-08-04T04:57:11.192000-04:00,12.379972457885742,0.6346065402030945,-11.745366096496582
2026-08-04T04:57:11.196000-04:00,12.389091491699219,0.6486361622810364,-11.740455627441406
2026-08-04T04:57:11.200000-04:00,12.393182754516602,0.6623150706291199,-11.730867385864258
2026-08-04T04:57:11.204000-04:00,12.41528034210205,0.70042884349823,-11.714851379394531
2026-08-04T04:57:11.208000-04:00,12.441701889038086,0.7176151275634766,-11.72408676147461
2026-08-04T04:57:11.212000-04:00,12.454094886779785,0.7551443576812744,-11.69895076751709
2026-08-04T04:57:11.216000-04:00,12.461928367614746,0.79103684425354,-11.670891761779785
2026-08-04T04:57:11.220000-04:00,12.467423439025879,0.8185114860534668,-11.64891242980957
2026-08-04T04:57:11.224000-04:00,12.529504776000977,0.8846845626831055,-11.644820213317871
2026-08-04T04:57:11.228000-04:00,12.529504776000977,0.8846845626831055,-11.644820213317871
2026-08-04T04:57:11.232000-04:00,12.558382034301758,0.9396339058876038,-11.61874771118164
2026-08-04T04:57:11.236000-04:00,12.567384719848633,0.9683946371078491,-11.598990440368652
2026-08-04T04:57:11.240000-04:00,12.581998825073242,0.997856855392456,-11.584141731262207
2026-08-04T04:57:11.244000-04:00,12.58901309967041,1.0254484415054321,-11.56356430053711
2026-08-04T04:57:11.248000-04:00,12.610175132751465,1.048948049545288,-11.561226844787598
2026-08-04T04:57:11.252000-04:00,12.616838455200195,1.0625100135803223,-11.554328918457031
2026-08-04T04:57:11.256000-04:00,12.615435600280762,1.0704600811004639,-11.544975280761719
2026-08-04T04:57:11.260000-04:00,12.607603073120117,1.0690572261810303,-11.538545608520508
2026-08-04T04:57:11.264000-04:00,12.603510856628418,1.0536246299743652,-11.549886703491211
2026-08-04T04:57:11.268000-04:00,12.60538101196289,1.0571320056915283,-11.548249244689941
2026-08-04T04:57:11.272000-04:00,12.593689918518066,1.0553783178329468,-11.538311958312988
2026-08-04T04:57:11.276000-04:00,12.565397262573242,1.0158615112304688,-11.549535751342773
2026-08-04T04:57:11.280000-04:00,12.550899505615234,0.9796183109283447,-11.571281433105469
2026-08-04T04:57:11.284000-04:00,12.515591621398926,0.9319176077842712,-11.583674430847168
2026-08-04T04:57:11.288000-04:00,12.503783226013184,0.8984803557395935,-11.605302810668945
2026-08-04T04:57:11.292000-04:00,12.47969913482666,0.8393220901489258,-11.640377044677734
2026-08-04T04:57:11.296000-04:00,12.451406478881836,0.8043649792671204,-11.647041320800781
2026-08-04T04:57:11.300000-04:00,12.41352653503418,0.7308263778686523,-11.682700157165527
2026-08-04T04:57:11.304000-04:00,12.378101348876953,0.6741233468055725,-11.703977584838867
2026-08-04T04:57:11.308000-04:00,12.375996589660645,0.6469993591308594,-11.728997230529785
2026-08-04T04:57:11.312000-04:00,12.344429969787598,0.6032737493515015,-11.741156578063965
2026-08-04T04:57:11.316000-04:00,12.323970794677734,0.561769425868988,-11.762201309204102
2026-08-04T04:57:11.320000-04:00,12.30842113494873,0.5268123149871826,-11.781608581542969
2026-08-04T04:57:11.324000-04:00,12.29006576538086,0.4938426911830902,-11.796222686767578
2026-08-04T04:57:11.328000-04:00,12.278491020202637,0.4757210910320282,-11.802769660949707
2026-08-04T04:57:11.332000-04:00,12.27545166015625,0.44508975744247437,-11.830362319946289
2026-08-04T04:57:11.336000-04:00,12.263409614562988,0.43094322085380554,-11.832466125488281
2026-08-04T04:57:11.340000-04:00,12.242247581481934,0.42135629057884216,-11.820891380310059
2026-08-04T04:57:11.344000-04:00,12.237571716308594,0.39879199862480164,-11.83877944946289
2026-08-04T04:57:11.348000-04:00,12.24061107635498,0.39844125509262085,-11.842169761657715
2026-08-04T04:57:11.352000-04:00,12.24715805053711,0.40159791707992554,-11.845560073852539
2026-08-04T04:57:11.356000-04:00,12.233713150024414,0.39645373821258545,-11.837259292602539
2026-08-04T04:57:11.360000-04:00,12.228218078613281,0.38791903853416443,-11.840298652648926
2026-08-04T04:57:11.364000-04:00,12.230205535888672,0.3761107623577118,-11.854094505310059
2026-08-04T04:57:11.368000-04:00,12.232076644897461,0.38359323143959045,-11.848483085632324
2026-08-04T04:57:11.372000-04:00,12.225879669189453,0.3769291639328003,-11.848950386047363
2026-08-04T04:57:11.376000-04:00,12.217111587524414,0.36629003286361694,-11.850821495056152
2026-08-04T04:57:11.380000-04:00,12.215475082397461,0.37236952781677246,-11.84310531616211
2026-08-04T04:57:11.384000-04:00,12.218280792236328,0.3696805238723755,-11.848600387573242
2026-08-04T04:57:11.388000-04:00,12.220735549926758,0.36710843443870544,-11.85362720489502
2026-08-04T04:57:11.392000-04:00,12.225996971130371,0.37681224942207336,-11.8491849899292
2026-08-04T04:57:11.396000-04:00,12.2159423828125,0.35950905084609985,-11.856432914733887
2026-08-04T04:57:11.400000-04:00,12.210914611816406,0.3597428798675537,-11.851171493530273
2026-08-04T04:57:11.404000-04:00,12.22225570678711,0.3726033568382263,-11.849652290344238
2026-08-04T04:57:11.408000-04:00,12.217578887939453,0.35833990573883057,-11.859238624572754
2026-08-04T04:57:11.412000-04:00,12.218865394592285,0.3645363450050354,-11.854329109191895
2026-08-04T04:57:11.416000-04:00,12.223658561706543,0.36512091755867004,-11.858537673950195
2026-08-04T04:57:11.420000-04:00,12.217812538146973,0.3696805238723755,-11.848132133483887
2026-08-04T04:57:11.424000-04:00,12.216409683227539,0.37669533491134644,-11.839714050292969
2026-08-04T04:57:11.428000-04:00,12.227048873901367,0.3813718855381012,-11.845677375793457
2026-08-04T04:57:11.432000-04:00,12.227399826049805,0.3881528675556183,-11.83924674987793
2026-08-04T04:57:11.436000-04:00,12.223191261291504,0.3914264440536499,-11.831765174865723
2026-08-04T04:57:11.440000-04:00,12.217227935791016,0.3866329789161682,-11.830595016479492
2026-08-04T04:57:11.444000-04:00,12.221203804016113,0.4074435830116272,-11.813759803771973
2026-08-04T04:57:11.448000-04:00,12.2367525100708,0.4199533462524414,-11.81679916381836
2026-08-04T04:57:11.452000-04:00,12.233713150024414,0.3965706527233124,-11.837142944335938
2026-08-04T04:57:11.456000-04:00,12.235817909240723,0.43328148126602173,-11.802536010742188
2026-08-04T04:57:11.460000-04:00,12.233011245727539,0.4395948052406311,-11.793416023254395
2026-08-04T04:57:11.464000-04:00,12.235349655151367,0.4459081292152405,-11.789441108703613
2026-08-04T04:57:11.468000-04:00,12.250899314880371,0.45549505949020386,-11.795404434204102
2026-08-04T04:57:11.472000-04:00,12.256511688232422,0.4584178924560547,-11.798093795776367
2026-08-04T04:57:11.476000-04:00,12.245404243469238,0.4640297293663025,-11.78137493133545
2026-08-04T04:57:11.480000-04:00,12.232192993164062,0.4612238109111786,-11.77096939086914
2026-08-04T04:57:11.484000-04:00,12.233128547668457,0.452572226524353,-11.780556678771973
2026-08-04T04:57:11.488000-04:00,12.241429328918457,0.4628606140613556,-11.778568267822266
2026-08-04T04:57:11.492000-04:00,12.24715805053711,0.46905702352523804,-11.778100967407227
2026-08-04T04:57:11.496000-04:00,12.24937915802002,0.4677709639072418,-11.781608581542969
2026-08-04T04:57:11.500000-04:00,12.245521545410156,0.4544428288936615,-11.791078567504883
2026-08-04T04:57:11.504000-04:00,12.246339797973633,0.45947012305259705,-11.786870002746582
2026-08-04T04:57:11.508000-04:00,12.2574462890625,0.4524553120136261,-11.804990768432617
2026-08-04T04:57:11.512000-04:00,12.253822326660156,0.4649650454521179,-11.788857460021973
2026-08-04T04:57:11.516000-04:00,12.245170593261719,0.45947012305259705,-11.785700798034668
2026-08-04T04:57:11.520000-04:00,12.241662979125977,0.46192529797554016,-11.77973747253418
2026-08-04T04:57:11.524000-04:00,12.245637893676758,0.45105233788490295,-11.794585227966309
2026-08-04T04:57:11.528000-04:00,12.252419471740723,0.4384256899356842,-11.813993453979492
2026-08-04T04:57:11.532000-04:00,12.259784698486328,0.453624427318573,-11.806159973144531
2026-08-04T04:57:11.536000-04:00,12.255692481994629,0.4511692523956299,-11.804523468017578
2026-08-04T04:57:11.540000-04:00,12.251717567443848,0.4427514672279358,-11.808965682983398
2026-08-04T04:57:11.544000-04:00,12.250899314880371,0.44427135586738586,-11.806628227233887
2026-08-04T04:57:11.548000-04:00,12.27159309387207,0.4463757872581482,-11.825217247009277
2026-08-04T04:57:11.552000-04:00,12.274165153503418,0.46753713488578796,-11.806628227233887
2026-08-04T04:57:11.556000-04:00,12.275334358215332,0.5113797187805176,-11.763954162597656
2026-08-04T04:57:11.560000-04:00,12.259551048278809,0.5027281045913696,-11.75682258605957
2026-08-04T04:57:11.564000-04:00,12.264344215393066,0.5110289454460144,-11.753314971923828
2026-08-04T04:57:11.568000-04:00,12.266799926757812,0.5005067586898804,-11.7662935256958
2026-08-04T04:57:11.572000-04:00,12.279075622558594,0.5206158757209778,-11.75846004486084
2026-08-04T04:57:11.576000-04:00,12.27568531036377,0.5680827498435974,-11.707602500915527
2026-08-04T04:57:11.580000-04:00,12.258381843566895,0.5957912802696228,-11.662590980529785
2026-08-04T04:57:11.584000-04:00,12.240728378295898,0.6010524034500122,-11.639676094055176
2026-08-04T04:57:11.588000-04:00,12.247742652893066,0.5839830040931702,-11.663759231567383
2026-08-04T04:57:11.592000-04:00,12.259551048278809,0.6063134670257568,-11.653237342834473
2026-08-04T04:57:11.596000-04:00,12.25300407409668,0.601753830909729,-11.651249885559082
2026-08-04T04:57:11.600000-04:00,12.26130485534668,0.5941544771194458,-11.667150497436523
2026-08-04T04:57:11.604000-04:00,12.290533065795898,0.581527829170227,-11.709005355834961
2026-08-04T04:57:11.608000-04:00,12.286558151245117,0.5525332689285278,-11.734025001525879
2026-08-04T04:57:11.612000-04:00,12.275100708007812,0.5050663948059082,-11.770034790039062
2026-08-04T04:57:11.616000-04:00,12.256628036499023,0.48390504717826843,-11.772723197937012
2026-08-04T04:57:11.620000-04:00,12.238740921020508,0.46262678503990173,-11.776114463806152
2026-08-04T04:57:11.624000-04:00,12.245637893676758,0.44053012132644653,-11.805108070373535
2026-08-04T04:57:11.628000-04:00,12.23885726928711,0.42287617921829224,-11.815980911254883
2026-08-04T04:57:11.632000-04:00,12.223191261291504,0.39890891313552856,-11.8242826461792
2026-08-04T04:57:11.636000-04:00,12.218280792236328,0.3810211420059204,-11.837259292602539
2026-08-04T04:57:11.640000-04:00,12.214071273803711,0.3531957268714905,-11.860875129699707
2026-08-04T04:57:11.644000-04:00,12.22202205657959,0.3447779417037964,-11.877243995666504
2026-08-04T04:57:11.648000-04:00,12.226347923278809,0.35541707277297974,-11.870930671691895
2026-08-04T04:57:11.652000-04:00,12.226932525634766,0.35635238885879517,-11.870579719543457
2026-08-04T04:57:11.656000-04:00,12.217578887939453,0.3451286852359772,-11.87244987487793
2026-08-04T04:57:11.660000-04:00,12.20378303527832,0.34150436520576477,-11.862278938293457
2026-08-04T04:57:11.664000-04:00,12.207992553710938,0.3251364827156067,-11.882856369018555
2026-08-04T04:57:11.668000-04:00,12.214890480041504,0.3303975760936737,-11.884492874145508
2026-08-04T04:57:11.672000-04:00,12.211382865905762,0.33051449060440063,-11.880867958068848
2026-08-04T04:57:11.676000-04:00,12.202731132507324,0.31940773129463196,-11.883323669433594
2026-08-04T04:57:11.680000-04:00,12.192793846130371,0.32209673523902893,-11.870697021484375
2026-08-04T04:57:11.684000-04:00,12.19080638885498,0.3252533972263336,-11.86555290222168
2026-08-04T04:57:11.688000-04:00,12.207173347473145,0.32665637135505676,-11.88051700592041
2026-08-04T04:57:11.692000-04:00,12.192091941833496,0.33986759185791016,-11.852224349975586
2026-08-04T04:57:11.696000-04:00,12.176308631896973,0.34138745069503784,-11.834920883178711
2026-08-04T04:57:11.700000-04:00,12.139715194702148,0.3660562038421631,-11.773658752441406
2026-08-04T04:57:11.704000-04:00,12.167423248291016,0.4035854637622833,-11.763837814331055
2026-08-04T04:57:11.708000-04:00,12.22400951385498,0.3975059390068054,-11.82650375366211
2026-08-04T04:57:11.712000-04:00,12.342442512512207,0.4889323115348816,-11.853509902954102
2026-08-04T04:57:11.716000-04:00,12.453744888305664,0.6177710294723511,-11.835973739624023
2026-08-04T04:57:11.720000-04:00,12.584921836853027,1.0125879049301147,-11.572334289550781
2026-08-04T04:57:11.724000-04:00,12.514656066894531,1.4374516010284424,-11.077204704284668
2026-08-04T04:57:11.728000-04:00,12.471749305725098,2.2505850791931152,-10.22116470336914
2026-08-04T04:57:11.732000-04:00,12.381842613220215,2.745713949203491,-9.636128425598145
2026-08-04T04:57:11.736000-04:00,12.338934898376465,2.7818400859832764,-9.55709457397461
2026-08-04T04:57:11.740000-04:00,12.247041702270508,2.5160956382751465,-9.730945587158203
2026-08-04T04:57:11.744000-04:00,12.234648704528809,2.03324294090271,-10.20140552520752
2026-08-04T04:57:11.748000-04:00,12.234882354736328,1.4210838079452515,-10.813798904418945
2026-08-04T04:57:11.752000-04:00,12.247509002685547,1.013289451599121,-11.234219551086426
2026-08-04T04:57:11.756000-04:00,12.309473037719727,0.7110679745674133,-11.598404884338379
2026-08-04T04:57:11.760000-04:00,12.340338706970215,0.6557679176330566,-11.6845703125
2026-08-04T04:57:11.764000-04:00,12.304328918457031,0.6063134670257568,-11.698015213012695
2026-08-04T04:57:11.768000-04:00,12.288311958312988,0.5140687227249146,-11.774243354797363
2026-08-04T04:57:11.772000-04:00,12.294391632080078,0.5093922019004822,-11.78499984741211
2026-08-04T04:57:11.776000-04:00,12.28351879119873,0.48226824402809143,-11.801250457763672
2026-08-04T04:57:11.780000-04:00,12.272879600524902,0.45420899987220764,-11.818670272827148
2026-08-04T04:57:11.784000-04:00,12.278023719787598,0.44427135586738586,-11.833752632141113
2026-08-04T04:57:11.788000-04:00,12.284804344177246,0.4311770498752594,-11.85362720489502
2026-08-04T04:57:11.792000-04:00,12.271944046020508,0.4348013699054718,-11.837142944335938
2026-08-04T04:57:11.796000-04:00,12.276269912719727,0.4348013699054718,-11.841468811035156
2026-08-04T04:57:11.800000-04:00,12.27135944366455,0.41890111565589905,-11.852458000183105
2026-08-04T04:57:11.804000-04:00,12.28211498260498,0.4155106246471405,-11.866604804992676
2026-08-04T04:57:11.808000-04:00,12.289130210876465,0.43386605381965637,-11.855263710021973
2026-08-04T04:57:11.812000-04:00,12.292404174804688,0.4445051848888397,-11.847899436950684
2026-08-04T04:57:11.816000-04:00,12.28620719909668,0.4475449323654175,-11.838662147521973
2026-08-04T04:57:11.820000-04:00,12.284804344177246,0.4468434453010559,-11.837961196899414
2026-08-04T04:57:11.824000-04:00,12.29228687286377,0.4484802484512329,-11.843806266784668
2026-08-04T04:57:11.828000-04:00,12.299652099609375,0.46098998188972473,-11.838662147521973
2026-08-04T04:57:11.832000-04:00,12.299886703491211,0.48355430364608765,-11.816332817077637
2026-08-04T04:57:11.836000-04:00,12.303977966308594,0.47560417652130127,-11.828373908996582
2026-08-04T04:57:11.840000-04:00,12.302926063537598,0.48507416248321533,-11.817852020263672
2026-08-04T04:57:11.844000-04:00,12.305731773376465,0.4985192120075226,-11.807212829589844
2026-08-04T04:57:11.848000-04:00,12.323619842529297,0.5130165219306946,-11.810603141784668
2026-08-04T04:57:11.852000-04:00,12.325607299804688,0.5215511918067932,-11.804056167602539
2026-08-04T04:57:11.856000-04:00,12.333089828491211,0.528215229511261,-11.804874420166016
2026-08-04T04:57:11.860000-04:00,12.329231262207031,0.5362823009490967,-11.792948722839355
2026-08-04T04:57:11.864000-04:00,12.340338706970215,0.5627047419548035,-11.777633666992188
2026-08-04T04:57:11.868000-04:00,12.35401725769043,0.5761498212814331,-11.777867317199707
2026-08-04T04:57:11.872000-04:00,12.361967086791992,0.5849183201789856,-11.77704906463623
2026-08-04T04:57:11.876000-04:00,12.36652660369873,0.6091194152832031,-11.757407188415527
2026-08-04T04:57:11.880000-04:00,12.367695808410645,0.6038582921028137,-11.763837814331055
2026-08-04T04:57:11.884000-04:00,12.388273239135742,0.6453626155853271,-11.742910385131836
2026-08-04T04:57:11.888000-04:00,12.404056549072266,0.6575216054916382,-11.746535301208496
2026-08-04T04:57:11.892000-04:00,12.417150497436523,0.688269853591919,-11.728880882263184
2026-08-04T04:57:11.896000-04:00,12.430479049682617,0.7293065190315247,-11.701172828674316
2026-08-04T04:57:11.900000-04:00,12.441701889038086,0.7556120157241821,-11.686089515686035
2026-08-04T04:57:11.904000-04:00,12.477360725402832,0.7895169854164124,-11.687843322753906
2026-08-04T04:57:11.908000-04:00,12.497236251831055,0.8212005496025085,-11.67603588104248
2026-08-04T04:57:11.912000-04:00,12.513837814331055,0.8602496385574341,-11.65358829498291
2026-08-04T04:57:11.916000-04:00,12.523892402648926,0.8839830756187439,-11.639909744262695
2026-08-04T04:57:11.920000-04:00,12.54142951965332,0.9263057708740234,-11.615123748779297
2026-08-04T04:57:11.924000-04:00,12.555459022521973,0.9514421820640564,-11.60401725769043
2026-08-04T04:57:11.928000-04:00,12.589481353759766,0.9936479330062866,-11.595833778381348
2026-08-04T04:57:11.932000-04:00,12.600354194641113,1.0210057497024536,-11.57934856414795
2026-08-04T04:57:11.936000-04:00,12.601639747619629,1.0336323976516724,-11.568007469177246
2026-08-04T04:57:11.940000-04:00,12.604562759399414,1.0337493419647217,-11.570813179016113
2026-08-04T04:57:11.944000-04:00,12.602692604064941,1.0418163537979126,-11.56087589263916
2026-08-04T04:57:11.948000-04:00,12.608421325683594,1.0414656400680542,-11.56695556640625
2026-08-04T04:57:11.952000-04:00,12.605030059814453,1.0474281311035156,-11.557601928710938
2026-08-04T04:57:11.956000-04:00,12.579309463500977,1.0218241214752197,-11.557485580444336
2026-08-04T04:57:11.960000-04:00,12.559083938598633,1.0049885511398315,-11.554095268249512
2026-08-04T04:57:11.964000-04:00,12.54996395111084,0.9541311860084534,-11.595832824707031
2026-08-04T04:57:11.968000-04:00,12.52927017211914,0.9037414789199829,-11.625528335571289
2026-08-04T04:57:11.972000-04:00,12.511032104492188,0.8679659366607666,-11.64306640625
2026-08-04T04:57:11.976000-04:00,12.460992813110352,0.805884838104248,-11.655107498168945
2026-08-04T04:57:11.980000-04:00,12.442403793334961,0.7637959718704224,-11.678607940673828
2026-08-04T04:57:11.984000-04:00,12.41598129272461,0.6973891258239746,-11.718591690063477
2026-08-04T04:57:11.988000-04:00,12.400665283203125,0.6736556887626648,-11.727009773254395
2026-08-04T04:57:11.992000-04:00,12.368748664855957,0.6280593872070312,-11.740689277648926
2026-08-04T04:57:11.996000-04:00,12.33963680267334,0.571473240852356,-11.768163681030273
2026-08-04T04:57:12-04:00,12.324555397033691,0.546336829662323,-11.778218269348145
2026-08-04T04:57:12.004000-04:00,12.310291290283203,0.5054171085357666,-11.804874420166016
2026-08-04T04:57:12.008000-04:00,12.299769401550293,0.4870617091655731,-11.812707901000977
2026-08-04T04:57:12.012000-04:00,12.278724670410156,0.45151999592781067,-11.827204704284668
2026-08-04T04:57:12.016000-04:00,12.264812469482422,0.4445051848888397,-11.820307731628418
2026-08-04T04:57:12.020000-04:00,12.255342483520508,0.4072097837924957,-11.848133087158203
2026-08-04T04:57:12.024000-04:00,12.249496459960938,0.39844125509262085,-11.851055145263672
2026-08-04T04:57:12.028000-04:00,12.250081062316895,0.3830086588859558,-11.867072105407715
2026-08-04T04:57:12.032000-04:00,12.233595848083496,0.3889712691307068,-11.844624519348145
2026-08-04T04:57:12.036000-04:00,12.230439186096191,0.37915053963661194,-11.851288795471191
2026-08-04T04:57:12.040000-04:00,12.211967468261719,0.35588473081588745,-11.856082916259766
2026-08-04T04:57:12.044000-04:00,12.216409683227539,0.35915830731391907,-11.857251167297363
2026-08-04T04:57:12.048000-04:00,12.230790138244629,0.35869064927101135,-11.872099876403809
2026-08-04T04:57:12.052000-04:00,12.230439186096191,0.354949414730072,-11.875490188598633
2026-08-04T04:57:12.056000-04:00,12.216409683227539,0.35342955589294434,-11.862979888916016
2026-08-04T04:57:12.060000-04:00,12.213486671447754,0.34898683428764343,-11.864500045776367
2026-08-04T04:57:12.064000-04:00,12.220852851867676,0.3444271981716156,-11.876425743103027
2026-08-04T04:57:12.068000-04:00,12.220268249511719,0.354949414730072,-11.86531925201416
2026-08-04T04:57:12.072000-04:00,12.212903022766113,0.34664857387542725,-11.866254806518555
2026-08-04T04:57:12.076000-04:00,12.2159423828125,0.3484022617340088,-11.86754035949707
2026-08-04T04:57:12.080000-04:00,12.210914611816406,0.3472331464290619,-11.86368179321289
2026-08-04T04:57:12.084000-04:00,12.210564613342285,0.32864388823509216,-11.88192081451416
2026-08-04T04:57:12.088000-04:00,12.213019371032715,0.34337499737739563,-11.869644165039062
2026-08-04T04:57:12.092000-04:00,12.22178840637207,0.3577553629875183,-11.864032745361328
2026-08-04T04:57:12.096000-04:00,12.206472396850586,0.3515589237213135,-11.854913711547852
2026-08-04T04:57:12.100000-04:00,12.202263832092285,0.36593928933143616,-11.836324691772461
2026-08-04T04:57:12.104000-04:00,12.217345237731934,0.3648870885372162,-11.852458000183105
2026-08-04T04:57:12.108000-04:00,12.219332695007324,0.372135728597641,-11.847196578979492
2026-08-04T04:57:12.112000-04:00,12.222840309143066,0.38523003458976746,-11.837610244750977
2026-08-04T04:57:12.116000-04:00,12.222489356994629,0.37833213806152344,-11.844157218933105
2026-08-04T04:57:12.120000-04:00,12.21033000946045,0.3792674243450165,-11.831062316894531
2026-08-04T04:57:12.124000-04:00,12.218865394592285,0.3906080424785614,-11.82825756072998
2026-08-04T04:57:12.128000-04:00,12.22202205657959,0.39972731471061707,-11.822295188903809
2026-08-04T04:57:12.132000-04:00,12.22225570678711,0.4027670621871948,-11.819488525390625
2026-08-04T04:57:12.136000-04:00,12.223073959350586,0.4041700065135956,-11.818903923034668
2026-08-04T04:57:12.140000-04:00,12.23055648803711,0.4001949727535248,-11.830361366271973
2026-08-04T04:57:12.144000-04:00,12.225412368774414,0.41176939010620117,-11.813642501831055
2026-08-04T04:57:12.148000-04:00,12.229738235473633,0.4106002748012543,-11.819137573242188
2026-08-04T04:57:12.152000-04:00,12.231258392333984,0.41480913758277893,-11.816449165344238
2026-08-04T04:57:12.156000-04:00,12.227633476257324,0.4179657995700836,-11.809667587280273
2026-08-04T04:57:12.160000-04:00,12.2284517288208,0.41971951723098755,-11.808732032775879
2026-08-04T04:57:12.164000-04:00,12.232894897460938,0.42930641770362854,-11.8035888671875
2026-08-04T04:57:12.168000-04:00,12.241780281066895,0.43129396438598633,-11.81048583984375
2026-08-04T04:57:12.172000-04:00,12.233362197875977,0.43702271580696106,-11.79633903503418
2026-08-04T04:57:12.176000-04:00,12.240026473999023,0.43129396438598633,-11.808732986450195
2026-08-04T04:57:12.180000-04:00,12.234415054321289,0.427552729845047,-11.806861877441406
2026-08-04T04:57:12.184000-04:00,12.22810173034668,0.421590119600296,-11.806511878967285
2026-08-04T04:57:12.188000-04:00,12.235349655151367,0.42369458079338074,-11.811655044555664
2026-08-04T04:57:12.192000-04:00,12.245872497558594,0.4356197416782379,-11.810253143310547
2026-08-04T04:57:12.196000-04:00,12.236518859863281,0.4174981713294983,-11.81902027130127
2026-08-04T04:57:12.200000-04:00,12.23055648803711,0.41293853521347046,-11.817618370056152
2026-08-04T04:57:12.204000-04:00,12.225529670715332,0.4102495312690735,-11.815279960632324
2026-08-04T04:57:12.208000-04:00,12.241662979125977,0.41410768032073975,-11.827555656433105
2026-08-04T04:57:12.212000-04:00,12.231608390808105,0.40335163474082947,-11.828256607055664
2026-08-04T04:57:12.216000-04:00,12.22400951385498,0.40697595477104187,-11.817033767700195
2026-08-04T04:57:12.220000-04:00,12.229036331176758,0.3969213664531708,-11.832115173339844
2026-08-04T04:57:12.224000-04:00,12.22447681427002,0.3925955891609192,-11.831881523132324
2026-08-04T04:57:12.228000-04:00,12.247041702270508,0.40241631865501404,-11.844625473022461
2026-08-04T04:57:12.232000-04:00,12.234648704528809,0.3985581696033478,-11.836090087890625
2026-08-04T04:57:12.236000-04:00,12.235700607299805,0.3873344659805298,-11.848365783691406
2026-08-04T04:57:12.240000-04:00,12.235466957092285,0.3934139609336853,-11.842053413391113
2026-08-04T04:57:12.244000-04:00,12.234415054321289,0.3894389271736145,-11.844976425170898
2026-08-04T04:57:12.248000-04:00,12.238506317138672,0.38312557339668274,-11.85538101196289
2026-08-04T04:57:12.252000-04:00,12.243183135986328,0.3798519968986511,-11.863330841064453
2026-08-04T04:57:12.256000-04:00,12.233595848083496,0.3744739890098572,-11.859122276306152
2026-08-04T04:57:12.260000-04:00,12.219683647155762,0.36114585399627686,-11.858537673950195
2026-08-04T04:57:12.264000-04:00,12.233245849609375,0.3697974383831024,-11.863448143005371
2026-08-04T04:57:12.268000-04:00,12.243650436401367,0.3729541003704071,-11.870696067810059
2026-08-04T04:57:12.272000-04:00,12.233946800231934,0.3641856014728546,-11.86976146697998
2026-08-04T04:57:12.276000-04:00,12.23277759552002,0.35752153396606445,-11.875255584716797
2026-08-04T04:57:12.280000-04:00,12.22447681427002,0.33951684832572937,-11.884960174560547
2026-08-04T04:57:12.284000-04:00,12.21792984008789,0.3392830193042755,-11.878646850585938
2026-08-04T04:57:12.288000-04:00,12.23231029510498,0.34945449233055115,-11.882855415344238
2026-08-04T04:57:12.292000-04:00,12.236285209655762,0.3524942398071289,-11.883790969848633
2026-08-04T04:57:12.296000-04:00,12.219216346740723,0.3316836357116699,-11.887533187866211
2026-08-04T04:57:12.300000-04:00,12.211499214172363,0.32653945684432983,-11.884960174560547
2026-08-04T04:57:12.304000-04:00,12.218865394592285,0.32174599170684814,-11.897119522094727
2026-08-04T04:57:12.308000-04:00,12.22623062133789,0.3383477032184601,-11.887883186340332
2026-08-04T04:57:12.312000-04:00,12.224125862121582,0.32770857214927673,-11.896417617797852
2026-08-04T04:57:12.316000-04:00,12.216877937316895,0.32665637135505676,-11.89022159576416
2026-08-04T04:57:12.320000-04:00,12.203198432922363,0.326305627822876,-11.876893043518066
2026-08-04T04:57:12.324000-04:00,12.216409683227539,0.32490265369415283,-11.891507148742676
2026-08-04T04:57:12.328000-04:00,12.227867126464844,0.32057684659957886,-11.9072904586792
2026-08-04T04:57:12.332000-04:00,12.22178840637207,0.3210445046424866,-11.90074348449707
2026-08-04T04:57:12.336000-04:00,12.209278106689453,0.31777092814445496,-11.891507148742676
2026-08-04T04:57:12.340000-04:00,12.212434768676758,0.31625106930732727,-11.896183967590332
2026-08-04T04:57:12.344000-04:00,12.221671104431152,0.3092362582683563,-11.912434577941895
2026-08-04T04:57:12.348000-04:00,12.216526985168457,0.3275916576385498,-11.888935089111328
2026-08-04T04:57:12.352000-04:00,12.231608390808105,0.324668824672699,-11.906939506530762
2026-08-04T04:57:12.356000-04:00,12.218981742858887,0.32501956820487976,-11.893961906433105
2026-08-04T04:57:12.360000-04:00,12.22178840637207,0.312392920255661,-11.909395217895508
2026-08-04T04:57:12.364000-04:00,12.223541259765625,0.3178878426551819,-11.90565299987793
2026-08-04T04:57:12.368000-04:00,12.228802680969238,0.32770857214927673,-11.901094436645508
2026-08-04T04:57:12.372000-04:00,12.223775863647461,0.32057684659957886,-11.903199195861816
2026-08-04T04:57:12.376000-04:00,12.216059684753418,0.3139127790927887,-11.90214729309082
2026-08-04T04:57:12.380000-04:00,12.21839714050293,0.299532413482666,-11.918865203857422
2026-08-04T04:57:12.384000-04:00,12.227048873901367,0.30537810921669006,-11.921670913696289
2026-08-04T04:57:12.388000-04:00,12.228919982910156,0.30736562609672546,-11.921554565429688
2026-08-04T04:57:12.392000-04:00,12.224125862121582,0.31098994612693787,-11.913135528564453
2026-08-04T04:57:12.396000-04:00,12.218047142028809,0.3083009421825409,-11.909746170043945
2026-08-04T04:57:12.400000-04:00,12.21617603302002,0.3015199601650238,-11.914655685424805
2026-08-04T04:57:12.404000-04:00,12.221203804016113,0.30537810921669006,-11.915825843811035
2026-08-04T04:57:12.408000-04:00,12.214539527893066,0.29614192247390747,-11.918397903442383
2026-08-04T04:57:12.412000-04:00,12.230205535888672,0.3098208010196686,-11.920384407043457
2026-08-04T04:57:12.416000-04:00,12.21792984008789,0.315081924200058,-11.902848243713379
2026-08-04T04:57:12.420000-04:00,12.207173347473145,0.3043258786201477,-11.902847290039062
2026-08-04T04:57:12.424000-04:00,12.216877937316895,0.3114576041698456,-11.905420303344727
2026-08-04T04:57:12.428000-04:00,12.225178718566895,0.31847241520881653,-11.906705856323242
2026-08-04T04:57:12.432000-04:00,12.227517127990723,0.3155495822429657,-11.911967277526855
2026-08-04T04:57:12.436000-04:00,12.223307609558105,0.3142635226249695,-11.90904426574707
2026-08-04T04:57:12.440000-04:00,12.240260124206543,0.3299299478530884,-11.910329818725586
2026-08-04T04:57:12.444000-04:00,12.25113296508789,0.34419339895248413,-11.906939506530762
2026-08-04T04:57:12.448000-04:00,12.256277084350586,0.3798519968986511,-11.876424789428711
2026-08-04T04:57:12.452000-04:00,12.235233306884766,0.3681606650352478,-11.867073059082031
2026-08-04T04:57:12.456000-04:00,12.231258392333984,0.3830086588859558,-11.848249435424805
2026-08-04T04:57:12.460000-04:00,12.237337112426758,0.3754093050956726,-11.86192798614502
2026-08-04T04:57:12.464000-04:00,12.267969131469727,0.4072097837924957,-11.860759735107422
2026-08-04T04:57:12.468000-04:00,12.279309272766113,0.45713183283805847,-11.82217788696289
2026-08-04T04:57:12.472000-04:00,12.243416786193848,0.46636801958084106,-11.77704906463623
2026-08-04T04:57:12.476000-04:00,12.210213661193848,0.44871407747268677,-11.761499404907227
2026-08-04T04:57:12.480000-04:00,12.220619201660156,0.43456754088401794,-11.786051750183105
2026-08-04T04:57:12.484000-04:00,12.223658561706543,0.44941553473472595,-11.774243354797363
2026-08-04T04:57:12.488000-04:00,12.228569030761719,0.4580671489238739,-11.770502090454102
2026-08-04T04:57:12.492000-04:00,12.250899314880371,0.45151999592781067,-11.799379348754883
2026-08-04T04:57:12.496000-04:00,12.239090919494629,0.4159782826900482,-11.823112487792969
2026-08-04T04:57:12.500000-04:00,12.245054244995117,0.39282941818237305,-11.852224349975586
2026-08-04T04:57:12.504000-04:00,12.243300437927246,0.358223021030426,-11.885077476501465
2026-08-04T04:57:12.508000-04:00,12.237220764160156,0.36757609248161316,-11.869645118713379
2026-08-04T04:57:12.512000-04:00,12.23862361907959,0.359275221824646,-11.879348754882812
2026-08-04T04:57:12.516000-04:00,12.227867126464844,0.34536251425743103,-11.8825044631958
2026-08-04T04:57:12.520000-04:00,12.214539527893066,0.3047935366630554,-11.909746170043945
2026-08-04T04:57:12.524000-04:00,12.199223518371582,0.2756820619106293,-11.923541069030762
2026-08-04T04:57:12.528000-04:00,12.195131301879883,0.26913490891456604,-11.925996780395508
2026-08-04T04:57:12.532000-04:00,12.187883377075195,0.2677319347858429,-11.920151710510254
2026-08-04T04:57:12.536000-04:00,12.193143844604492,0.2597818374633789,-11.933362007141113
2026-08-04T04:57:12.540000-04:00,12.190571784973145,0.2432970255613327,-11.947275161743164
2026-08-04T04:57:12.544000-04:00,12.194313049316406,0.24961034953594208,-11.944703102111816
2026-08-04T04:57:12.548000-04:00,12.2076416015625,0.2566251754760742,-11.951016426086426
2026-08-04T04:57:12.552000-04:00,12.201210975646973,0.23978962004184723,-11.961421012878418
2026-08-04T04:57:12.556000-04:00,12.192559242248535,0.2268122136592865,-11.965746879577637
2026-08-04T04:57:12.560000-04:00,12.193963050842285,0.23113802075386047,-11.962824821472168
2026-08-04T04:57:12.564000-04:00,12.1869478225708,0.2344115972518921,-11.952536582946777
2026-08-04T04:57:12.568000-04:00,12.189519882202148,0.23639912903308868,-11.953121185302734
2026-08-04T04:57:12.572000-04:00,12.186245918273926,0.2472720891237259,-11.938973426818848
2026-08-04T04:57:12.576000-04:00,12.17888069152832,0.23943887650966644,-11.939441680908203
2026-08-04T04:57:12.580000-04:00,12.177360534667969,0.24341394007205963,-11.93394660949707
2026-08-04T04:57:12.584000-04:00,12.155381202697754,0.2576773762702942,-11.897704124450684
2026-08-04T04:57:12.588000-04:00,12.143572807312012,0.2818784713745117,-11.8616943359375
2026-08-04T04:57:12.592000-04:00,12.153627395629883,0.3168356120586395,-11.8367919921875
2026-08-04T04:57:12.596000-04:00,12.214655876159668,0.30444279313087463,-11.910213470458984
2026-08-04T04:57:12.600000-04:00,12.303393363952637,0.38967275619506836,-11.913721084594727
2026-08-04T04:57:12.604000-04:00,12.499223709106445,0.6334373950958252,-11.8657865524292
2026-08-04T04:57:12.608000-04:00,12.578373908996582,0.9126268625259399,-11.665746688842773
2026-08-04T04:57:12.612000-04:00,12.498872756958008,1.5930635929107666,-10.90580940246582
2026-08-04T04:57:12.616000-04:00,12.455848693847656,2.137880563735962,-10.317968368530273
2026-08-04T04:57:12.620000-04:00,12.353315353393555,2.634061574935913,-9.719253540039062
2026-08-04T04:57:12.624000-04:00,12.344780921936035,2.625760555267334,-9.71902084350586
2026-08-04T04:57:12.628000-04:00,12.264928817749023,2.42665696144104,-9.838272094726562
2026-08-04T04:57:12.632000-04:00,12.223191261291504,1.7510137557983398,-10.472177505493164
2026-08-04T04:57:12.636000-04:00,12.181686401367188,1.3545600175857544,-10.827126502990723
2026-08-04T04:57:12.640000-04:00,12.207524299621582,0.7834374308586121,-11.424086570739746
2026-08-04T04:57:12.644000-04:00,12.256745338439941,0.6408029794692993,-11.615942001342773
2026-08-04T04:57:12.648000-04:00,12.321515083312988,0.5927515029907227,-11.728763580322266
2026-08-04T04:57:12.652000-04:00,12.300470352172852,0.5407249927520752,-11.759745597839355
2026-08-04T04:57:12.656000-04:00,12.248678207397461,0.4463757872581482,-11.802302360534668
2026-08-04T04:57:12.660000-04:00,12.264110565185547,0.4083788990974426,-11.855731964111328
2026-08-04T04:57:12.664000-04:00,12.270072937011719,0.3901403844356537,-11.879932403564453
2026-08-04T04:57:12.668000-04:00,12.265864372253418,0.36547163128852844,-11.900392532348633
2026-08-04T04:57:12.672000-04:00,12.263409614562988,0.35985979437828064,-11.903550148010254
2026-08-04T04:57:12.676000-04:00,12.258381843566895,0.3381138741970062,-11.920268058776855
2026-08-04T04:57:12.680000-04:00,12.253120422363281,0.3252533972263336,-11.92786693572998
2026-08-04T04:57:12.684000-04:00,12.263876914978027,0.34056907892227173,-11.923307418823242
2026-08-04T04:57:12.688000-04:00,12.271125793457031,0.3472331464290619,-11.923892974853516
2026-08-04T04:57:12.692000-04:00,12.270892143249512,0.34302425384521484,-11.927867889404297
2026-08-04T04:57:12.696000-04:00,12.27182674407959,0.3488699197769165,-11.922956466674805
2026-08-04T04:57:12.700000-04:00,12.266331672668457,0.3460640013217926,-11.920268058776855
2026-08-04T04:57:12.704000-04:00,12.281296730041504,0.36874523758888245,-11.912551879882812
2026-08-04T04:57:12.708000-04:00,12.285388946533203,0.3665238618850708,-11.918865203857422
2026-08-04T04:57:12.712000-04:00,12.284570693969727,0.3809042274951935,-11.903666496276855
2026-08-04T04:57:12.716000-04:00,12.289481163024902,0.3780983090400696,-11.911382675170898
2026-08-04T04:57:12.720000-04:00,12.289597511291504,0.3854638636112213,-11.904133796691895
2026-08-04T04:57:12.724000-04:00,12.295092582702637,0.3921279311180115,-11.90296459197998
2026-08-04T04:57:12.728000-04:00,12.309473037719727,0.38838669657707214,-11.921086311340332
2026-08-04T04:57:12.732000-04:00,12.301172256469727,0.3904911279678345,-11.910680770874023
2026-08-04T04:57:12.736000-04:00,12.30620002746582,0.4087296426296234,-11.897470474243164
2026-08-04T04:57:12.740000-04:00,12.307368278503418,0.4224085211753845,-11.884960174560547
2026-08-04T04:57:12.744000-04:00,12.311811447143555,0.43094322085380554,-11.880867958068848
2026-08-04T04:57:12.748000-04:00,12.334959983825684,0.4445051848888397,-11.89045524597168
2026-08-04T04:57:12.752000-04:00,12.338701248168945,0.4635620713233948,-11.875139236450195
2026-08-04T04:57:12.756000-04:00,12.344898223876953,0.4633282423019409,-11.881569862365723
2026-08-04T04:57:12.760000-04:00,12.344313621520996,0.48425576090812683,-11.860057830810547
2026-08-04T04:57:12.764000-04:00,12.35647201538086,0.5068200826644897,-11.849652290344238
2026-08-04T04:57:12.768000-04:00,12.37915325164795,0.5399066209793091,-11.83924674987793
2026-08-04T04:57:12.772000-04:00,12.391195297241211,0.5672643780708313,-11.823930740356445
2026-08-04T04:57:12.776000-04:00,12.396223068237305,0.5691350102424622,-11.827088356018066
2026-08-04T04:57:12.780000-04:00,12.398795127868652,0.5840998888015747,-11.814695358276367
2026-08-04T04:57:12.784000-04:00,12.424165725708008,0.6183555722236633,-11.80580997467041
2026-08-04T04:57:12.788000-04:00,12.42404842376709,0.6299300193786621,-11.794118881225586
2026-08-04T04:57:12.792000-04:00,12.456550598144531,0.6824241876602173,-11.774126052856445
2026-08-04T04:57:12.796000-04:00,12.476893424987793,0.7225255370140076,-11.75436782836914
2026-08-04T04:57:12.800000-04:00,12.483440399169922,0.7293065190315247,-11.754134178161621
2026-08-04T04:57:12.804000-04:00,12.513253211975098,0.7718630433082581,-11.741390228271484
2026-08-04T04:57:12.808000-04:00,12.5411958694458,0.811847448348999,-11.729348182678223
2026-08-04T04:57:12.812000-04:00,12.548561096191406,0.8358147144317627,-11.712746620178223
2026-08-04T04:57:12.816000-04:00,12.548210144042969,0.8595481514930725,-11.688661575317383
2026-08-04T04:57:12.820000-04:00,12.56212329864502,0.8721747994422913,-11.689948081970215
2026-08-04T04:57:12.824000-04:00,12.580361366271973,0.9064304828643799,-11.673931121826172
2026-08-04T04:57:12.828000-04:00,12.58924674987793,0.9091194868087769,-11.680127143859863
2026-08-04T04:57:12.832000-04:00,12.588312149047852,0.9187064170837402,-11.669605255126953
2026-08-04T04:57:12.836000-04:00,12.578958511352539,0.9195247888565063,-11.659433364868164
2026-08-04T04:57:12.840000-04:00,12.576152801513672,0.9284102320671082,-11.64774227142334
2026-08-04T04:57:12.844000-04:00,12.578373908996582,0.9395170211791992,-11.638856887817383
2026-08-04T04:57:12.848000-04:00,12.576971054077148,0.9285271167755127,-11.648444175720215
2026-08-04T04:57:12.852000-04:00,12.56434440612793,0.9206939339637756,-11.64365005493164
2026-08-04T04:57:12.856000-04:00,12.533479690551758,0.8787219524383545,-11.654757499694824
2026-08-04T04:57:12.860000-04:00,12.508109092712402,0.829969048500061,-11.678139686584473
2026-08-04T04:57:12.864000-04:00,12.492910385131836,0.8000391721725464,-11.69287109375
2026-08-04T04:57:12.868000-04:00,12.467423439025879,0.7381919026374817,-11.729231834411621
2026-08-04T04:57:12.872000-04:00,12.441936492919922,0.7061576247215271,-11.73577880859375
2026-08-04T04:57:12.876000-04:00,12.408732414245605,0.6320344805717468,-11.776698112487793
2026-08-04T04:57:12.880000-04:00,12.382193565368652,0.6019876599311829,-11.780205726623535
2026-08-04T04:57:12.884000-04:00,12.358694076538086,0.5538192987442017,-11.804874420166016
2026-08-04T04:57:12.888000-04:00,12.35425090789795,0.5203820466995239,-11.833868980407715
2026-08-04T04:57:12.892000-04:00,12.337298393249512,0.48074835538864136,-11.856550216674805
2026-08-04T04:57:12.896000-04:00,12.303159713745117,0.4407639503479004,-11.862396240234375
2026-08-04T04:57:12.900000-04:00,12.294391632080078,0.40919730067253113,-11.885194778442383
2026-08-04T04:57:12.904000-04:00,12.28211498260498,0.3929463326931,-11.889168739318848
2026-08-04T04:57:12.908000-04:00,12.275568008422852,0.36149659752845764,-11.914071083068848
2026-08-04T04:57:12.912000-04:00,12.267735481262207,0.340101420879364,-11.927634239196777
2026-08-04T04:57:12.916000-04:00,12.253822326660156,0.3280593156814575,-11.925763130187988
2026-08-04T04:57:12.920000-04:00,12.242364883422852,0.3033905625343323,-11.938974380493164
2026-08-04T04:57:12.924000-04:00,12.241546630859375,0.29883095622062683,-11.942715644836426
2026-08-04T04:57:12.928000-04:00,12.245521545410156,0.3010523021221161,-11.944469451904297
2026-08-04T04:57:12.932000-04:00,12.240377426147461,0.28526896238327026,-11.955108642578125
2026-08-04T04:57:12.936000-04:00,12.231608390808105,0.2634061574935913,-11.968202590942383
2026-08-04T04:57:12.940000-04:00,12.221320152282715,0.26235392689704895,-11.958966255187988
2026-08-04T04:57:12.944000-04:00,12.231492042541504,0.2645752727985382,-11.966917037963867
2026-08-04T04:57:12.948000-04:00,12.22810173034668,0.2738114595413208,-11.954290390014648
2026-08-04T04:57:12.952000-04:00,12.232076644897461,0.27509748935699463,-11.956978797912598
2026-08-04T04:57:12.956000-04:00,12.216760635375977,0.2733438014984131,-11.943416595458984
2026-08-04T04:57:12.960000-04:00,12.20962905883789,0.28047552704811096,-11.929153442382812
2026-08-04T04:57:12.964000-04:00,12.224710464477539,0.2753313183784485,-11.949378967285156
2026-08-04T04:57:12.968000-04:00,12.224827766418457,0.2894778549671173,-11.935349464416504
2026-08-04T04:57:12.972000-04:00,12.222489356994629,0.2906470000743866,-11.931842803955078
2026-08-04T04:57:12.976000-04:00,12.217578887939453,0.2729930579662323,-11.944585800170898
2026-08-04T04:57:12.980000-04:00,12.209746360778809,0.28445059061050415,-11.92529582977295
2026-08-04T04:57:12.984000-04:00,12.217462539672852,0.28480133414268494,-11.932661056518555
2026-08-04T04:57:12.988000-04:00,12.217111587524414,0.2997662425041199,-11.91734504699707
2026-08-04T04:57:12.992000-04:00,12.220268249511719,0.29848021268844604,-11.921788215637207
2026-08-04T04:57:12.996000-04:00,12.211499214172363,0.30455970764160156,-11.906939506530762
