created_at,lead_1,lead_2,lead_3
2026-08-04T04:59:14-04:00,11.811538696289062,-0.015198756940662861,-11.826737403869629
2026-08-04T04:59:14.004000-04:00,11.801250457763672,-0.023382702842354774,-11.824633598327637
2026-08-04T04:59:14.008000-04:00,11.79973030090332,-0.020342951640486717,-11.820073127746582
2026-08-04T04:59:14.012000-04:00,11.814929008483887,0.00011691351392073557,-11.814811706542969
2026-08-04T04:59:14.016000-04:00,11.817501068115234,0.04793453961610794,-11.769566535949707
2026-08-04T04:59:14.020000-04:00,11.804757118225098,0.05880749598145485,-11.745949745178223
2026-08-04T04:59:14.024000-04:00,11.810836791992188,0.05588465929031372,-11.754952430725098
2026-08-04T04:59:14.028000-04:00,11.80382251739502,0.047349974513053894,-11.75647258758545
2026-08-04T04:59:14.032000-04:00,11.81820297241211,0.059158239513635635,-11.759044647216797
2026-08-04T04:59:14.036000-04:00,11.82287883758545,0.10381919890642166,-11.719059944152832
2026-08-04T04:59:14.040000-04:00,11.777750015258789,0.14789558947086334,-11.629854202270508
2026-08-04T04:59:14.044000-04:00,11.777750015258789,0.14181609451770782,-11.635933876037598
2026-08-04T04:59:14.048000-04:00,11.772372245788574,0.12159005552530289,-11.650782585144043
2026-08-04T04:59:14.052000-04:00,11.777984619140625,0.13316449522972107,-11.644820213317871
2026-08-04T04:59:14.056000-04:00,11.780906677246094,0.1481294184923172,-11.632777214050293
2026-08-04T04:59:14.060000-04:00,11.817734718322754,0.14801250398159027,-11.669722557067871
2026-08-04T04:59:14.064000-04:00,11.826386451721191,0.13386596739292145,-11.692520141601562
2026-08-04T04:59:14.068000-04:00,11.813526153564453,0.08908809721469879,-11.724437713623047
2026-08-04T04:59:14.072000-04:00,11.79973030090332,0.08125489205121994,-11.718475341796875
2026-08-04T04:59:14.076000-04:00,11.807329177856445,0.041855037212371826,-11.765474319458008
2026-08-04T04:59:14.080000-04:00,11.809082984924316,0.03180047497153282,-11.77728271484375
2026-08-04T04:59:14.084000-04:00,11.790727615356445,0.001870616222731769,-11.788857460021973
2026-08-04T04:59:14.088000-04:00,11.79388427734375,-0.02022603712975979,-11.81411075592041
2026-08-04T04:59:14.092000-04:00,11.763955116271973,-0.04770071431994438,-11.81165599822998
2026-08-04T04:59:14.096000-04:00,11.763720512390137,-0.04512861743569374,-11.808849334716797
2026-08-04T04:59:14.100000-04:00,11.762317657470703,-0.05284490808844566,-11.815162658691406
2026-08-04T04:59:14.104000-04:00,11.757173538208008,-0.061028853058815,-11.818202018737793
2026-08-04T04:59:14.108000-04:00,11.759979248046875,-0.06897897273302078,-11.828958511352539
2026-08-04T04:59:14.112000-04:00,11.756706237792969,-0.08862044662237167,-11.84532642364502
2026-08-04T04:59:14.116000-04:00,11.753315925598145,-0.09399846196174622,-11.847314834594727
2026-08-04T04:59:14.120000-04:00,11.759862899780273,-0.10054562240839005,-11.860408782958984
2026-08-04T04:59:14.124000-04:00,11.754952430725098,-0.0979735255241394,-11.852926254272461
2026-08-04T04:59:14.128000-04:00,11.743377685546875,-0.10487142205238342,-11.848249435424805
2026-08-04T04:59:14.132000-04:00,11.74045467376709,-0.11048327386379242,-11.850937843322754
2026-08-04T04:59:14.136000-04:00,11.739870071411133,-0.10954796522855759,-11.849417686462402
2026-08-04T04:59:14.140000-04:00,11.748405456542969,-0.11188623309135437,-11.860291481018066
2026-08-04T04:59:14.144000-04:00,11.741741180419922,-0.11106783896684647,-11.852808952331543
2026-08-04T04:59:14.148000-04:00,11.747002601623535,-0.11422450095415115,-11.861227035522461
2026-08-04T04:59:14.152000-04:00,11.723268508911133,-0.09586907923221588,-11.819137573242188
2026-08-04T04:59:14.156000-04:00,11.706199645996094,-0.0545986108481884,-11.760798454284668
2026-08-04T04:59:14.160000-04:00,11.710408210754395,-0.027474675327539444,-11.737882614135742
2026-08-04T04:59:14.164000-04:00,11.743962287902832,-0.03285269811749458,-11.776815414428711
2026-08-04T04:59:14.168000-04:00,11.836323738098145,0.009119254536926746,-11.827204704284668
2026-08-04T04:59:14.172000-04:00,11.935115814208984,0.11703042685985565,-11.818085670471191
2026-08-04T04:59:14.176000-04:00,12.10861587524414,0.45783331990242004,-11.650782585144043
2026-08-04T04:59:14.180000-04:00,12.099145889282227,0.7933751344680786,-11.305770874023438
2026-08-04T04:59:14.184000-04:00,12.036479949951172,1.563133716583252,-10.473346710205078
2026-08-04T04:59:14.188000-04:00,11.973464012145996,2.061769723892212,-9.911694526672363
2026-08-04T04:59:14.192000-04:00,11.894547462463379,2.342712879180908,-9.551834106445312
2026-08-04T04:59:14.196000-04:00,11.808382034301758,2.264965534210205,-9.543416976928711
2026-08-04T04:59:14.200000-04:00,11.791078567504883,1.8904914855957031,-9.90058708190918
2026-08-04T04:59:14.204000-04:00,11.753665924072266,1.1948561668395996,-10.558809280395508
2026-08-04T04:59:14.208000-04:00,11.765825271606445,0.8339440822601318,-10.931880950927734
2026-08-04T04:59:14.212000-04:00,11.810135841369629,0.3605612814426422,-11.44957447052002
2026-08-04T04:59:14.216000-04:00,11.873035430908203,0.305495023727417,-11.567540168762207
2026-08-04T04:59:14.220000-04:00,11.87560749053955,0.2416602373123169,-11.633947372436523
2026-08-04T04:59:14.224000-04:00,11.81434440612793,0.15724867582321167,-11.657095909118652
2026-08-04T04:59:14.228000-04:00,11.833284378051758,0.12346067279577255,-11.709823608398438
2026-08-04T04:59:14.232000-04:00,11.8284912109375,0.09469994902610779,-11.73379135131836
2026-08-04T04:59:14.236000-04:00,11.82217788696289,0.08324242383241653,-11.738935470581055
2026-08-04T04:59:14.240000-04:00,11.829776763916016,0.05845675617456436,-11.771320343017578
2026-08-04T04:59:14.244000-04:00,11.8284912109375,0.05728762224316597,-11.771203994750977
2026-08-04T04:59:14.248000-04:00,11.818670272827148,0.02244739420711994,-11.796222686767578
2026-08-04T04:59:14.252000-04:00,11.827438354492188,0.025487145408988,-11.80195140838623
2026-08-04T04:59:14.256000-04:00,11.82463264465332,0.03963368013501167,-11.784998893737793
2026-08-04T04:59:14.260000-04:00,11.837843894958496,0.04945441707968712,-11.788389205932617
2026-08-04T04:59:14.264000-04:00,11.839597702026367,0.051325034350156784,-11.788272857666016
2026-08-04T04:59:14.268000-04:00,11.826620101928711,0.04688232019543648,-11.77973747253418
2026-08-04T04:59:14.272000-04:00,11.833635330200195,0.06243181601166725,-11.77120304107666
2026-08-04T04:59:14.276000-04:00,11.840533256530762,0.07985193282365799,-11.76068115234375
2026-08-04T04:59:14.280000-04:00,11.852458000183105,0.07599378377199173,-11.776464462280273
2026-08-04T04:59:14.284000-04:00,11.862746238708496,0.0859314352273941,-11.776814460754395
2026-08-04T04:59:14.288000-04:00,11.860876083374023,0.07844896614551544,-11.782426834106445
2026-08-04T04:59:14.292000-04:00,11.858420372009277,0.0795011892914772,-11.778919219970703
2026-08-04T04:59:14.296000-04:00,11.864733695983887,0.08616525679826736,-11.778568267822266
2026-08-04T04:59:14.300000-04:00,11.8699951171875,0.09984414279460907,-11.770151138305664
2026-08-04T04:59:14.304000-04:00,11.872800827026367,0.0979735255241394,-11.774827003479004
2026-08-04T04:59:14.308000-04:00,11.869410514831543,0.10101327300071716,-11.768397331237793
2026-08-04T04:59:14.312000-04:00,11.878997802734375,0.1128215417265892,-11.766176223754883
2026-08-04T04:59:14.316000-04:00,11.886246681213379,0.1312938779592514,-11.754952430725098
2026-08-04T04:59:14.320000-04:00,11.894312858581543,0.14707720279693604,-11.747235298156738
2026-08-04T04:59:14.324000-04:00,11.910798072814941,0.18016372621059418,-11.730634689331055
2026-08-04T04:59:14.328000-04:00,11.897353172302246,0.1677708923816681,-11.729581832885742
2026-08-04T04:59:14.332000-04:00,11.91734504699707,0.1962977945804596,-11.721047401428223
2026-08-04T04:59:14.336000-04:00,11.929153442382812,0.22260333597660065,-11.706549644470215
2026-08-04T04:59:14.340000-04:00,11.946456909179688,0.2307872772216797,-11.715669631958008
2026-08-04T04:59:14.344000-04:00,11.96048641204834,0.24715517461299896,-11.71333122253418
2026-08-04T04:59:14.348000-04:00,11.952301979064941,0.27451291680336,-11.677788734436035
2026-08-04T04:59:14.352000-04:00,11.969605445861816,0.2983632981777191,-11.671241760253906
2026-08-04T04:59:14.356000-04:00,11.97930908203125,0.3215121626853943,-11.657796859741211
2026-08-04T04:59:14.360000-04:00,12.011226654052734,0.3685114085674286,-11.642715454101562
2026-08-04T04:59:14.364000-04:00,12.026191711425781,0.39247867465019226,-11.633712768554688
2026-08-04T04:59:14.368000-04:00,12.033907890319824,0.42135629057884216,-11.61255168914795
2026-08-04T04:59:14.372000-04:00,12.045833587646484,0.44134852290153503,-11.604485511779785
2026-08-04T04:59:14.376000-04:00,12.081024169921875,0.5098598599433899,-11.57116413116455
2026-08-04T04:59:14.380000-04:00,12.105341911315918,0.5334763526916504,-11.57186508178711
2026-08-04T04:59:14.384000-04:00,12.117852210998535,0.5521825551986694,-11.565670013427734
2026-08-04T04:59:14.388000-04:00,12.128725051879883,0.586905837059021,-11.54181957244873
2026-08-04T04:59:14.392000-04:00,12.13562297821045,0.6038582921028137,-11.53176498413086
2026-08-04T04:59:14.396000-04:00,12.164851188659668,0.6382308602333069,-11.526619911193848
2026-08-04T04:59:14.400000-04:00,12.165084838867188,0.6321513652801514,-11.532933235168457
2026-08-04T04:59:14.404000-04:00,12.165202140808105,0.6633672714233398,-11.501834869384766
2026-08-04T04:59:14.408000-04:00,12.156784057617188,0.6537803411483765,-11.50300407409668
2026-08-04T04:59:14.412000-04:00,12.153510093688965,0.6432581543922424,-11.510251998901367
2026-08-04T04:59:14.416000-04:00,12.157953262329102,0.6696805953979492,-11.488272666931152
2026-08-04T04:59:14.420000-04:00,12.146262168884277,0.6507406234741211,-11.495521545410156
2026-08-04T04:59:14.424000-04:00,12.134687423706055,0.6134452223777771,-11.521242141723633
2026-08-04T04:59:14.428000-04:00,12.104056358337402,0.5851521492004395,-11.518903732299805
2026-08-04T04:59:14.432000-04:00,12.079036712646484,0.5544039011001587,-11.524632453918457
2026-08-04T04:59:14.436000-04:00,12.06757926940918,0.5151209235191345,-11.552458763122559
2026-08-04T04:59:14.440000-04:00,12.035544395446777,0.4753703474998474,-11.560173988342285
2026-08-04T04:59:14.444000-04:00,12.015552520751953,0.4207717478275299,-11.594780921936035
2026-08-04T04:59:14.448000-04:00,11.972762107849121,0.35588473081588745,-11.616877555847168
2026-08-04T04:59:14.452000-04:00,11.950899124145508,0.3187062442302704,-11.632192611694336
2026-08-04T04:59:14.456000-04:00,11.925061225891113,0.2753313183784485,-11.64972972869873
2026-08-04T04:59:14.460000-04:00,11.907758712768555,0.22108346223831177,-11.686675071716309
2026-08-04T04:59:14.464000-04:00,11.888818740844727,0.1862432211637497,-11.70257568359375
2026-08-04T04:59:14.468000-04:00,11.860642433166504,0.15116918087005615,-11.709473609924316
2026-08-04T04:59:14.472000-04:00,11.8408842086792,0.12287610024213791,-11.718008041381836
2026-08-04T04:59:14.476000-04:00,11.839130401611328,0.09668747335672379,-11.742443084716797
2026-08-04T04:59:14.480000-04:00,11.829543113708496,0.07482464611530304,-11.754718780517578
2026-08-04T04:59:14.484000-04:00,11.808732986450195,0.06161342188715935,-11.747119903564453
2026-08-04T04:59:14.488000-04:00,11.79142951965332,0.04080281779170036,-11.750626564025879
2026-08-04T04:59:14.492000-04:00,11.790260314941406,0.03448948636651039,-11.755770683288574
2026-08-04T04:59:14.496000-04:00,11.789909362792969,0.016718631610274315,-11.77319049835205
2026-08-04T04:59:14.500000-04:00,11.792014122009277,0.0052611082792282104,-11.786752700805664
2026-08-04T04:59:14.504000-04:00,11.785467147827148,0.00935308076441288,-11.776114463806152
2026-08-04T04:59:14.508000-04:00,11.779387474060059,0.0032735783606767654,-11.776113510131836
2026-08-04T04:59:14.512000-04:00,11.76699447631836,-0.0038581460248678923,-11.770853042602539
2026-08-04T04:59:14.516000-04:00,11.765474319458008,-0.012392832897603512,-11.777867317199707
2026-08-04T04:59:14.520000-04:00,11.771086692810059,-0.014380361884832382,-11.785467147827148
2026-08-04T04:59:14.524000-04:00,11.764656066894531,-0.0035074055194854736,-11.768163681030273
2026-08-04T04:59:14.528000-04:00,11.761850357055664,-0.0077162920497357845,-11.769566535949707
2026-08-04T04:59:14.532000-04:00,11.761265754699707,-0.005144194699823856,-11.766409873962402
2026-08-04T04:59:14.536000-04:00,11.766058921813965,-0.003624318866059184,-11.769682884216309
2026-08-04T04:59:14.540000-04:00,11.769566535949707,-0.0032735783606767654,-11.77284049987793
2026-08-04T04:59:14.544000-04:00,11.761383056640625,-0.0057287621311843395,-11.767111778259277
2026-08-04T04:59:14.548000-04:00,11.756237983703613,-0.016718631610274315,-11.772956848144531
2026-08-04T04:59:14.552000-04:00,11.76091480255127,-0.019290730357170105,-11.780205726623535
2026-08-04T04:59:14.556000-04:00,11.764071464538574,0.007131724152714014,-11.756939888000488
2026-08-04T04:59:14.560000-04:00,11.763370513916016,-0.006897897459566593,-11.770268440246582
2026-08-04T04:59:14.564000-04:00,11.771787643432617,-0.0028059242758899927,-11.774593353271484
2026-08-04T04:59:14.568000-04:00,11.755069732666016,0.003624318866059184,-11.751445770263672
2026-08-04T04:59:14.572000-04:00,11.76091480255127,0.013211227022111416,-11.747703552246094
2026-08-04T04:59:14.576000-04:00,11.775879859924316,0.018121594563126564,-11.757758140563965
2026-08-04T04:59:14.580000-04:00,11.782660484313965,0.020576778799295425,-11.762084007263184
2026-08-04T04:59:14.584000-04:00,11.77751636505127,0.032618869096040726,-11.744897842407227
2026-08-04T04:59:14.588000-04:00,11.770618438720703,0.0369446687400341,-11.733674049377441
2026-08-04T04:59:14.592000-04:00,11.782426834106445,0.042205777019262314,-11.74022102355957
2026-08-04T04:59:14.596000-04:00,11.77751636505127,0.019407643005251884,-11.758109092712402
2026-08-04T04:59:14.600000-04:00,11.788506507873535,0.05085738003253937,-11.737648963928223
2026-08-04T04:59:14.604000-04:00,11.790611267089844,0.051325034350156784,-11.739286422729492
2026-08-04T04:59:14.608000-04:00,11.777633666992188,0.0361262746155262,-11.741507530212402
2026-08-04T04:59:14.612000-04:00,11.77120304107666,0.053897131234407425,-11.717306137084961
2026-08-04T04:59:14.616000-04:00,11.78359603881836,0.07120033353567123,-11.712395668029785
2026-08-04T04:59:14.620000-04:00,11.782544136047363,0.06254872679710388,-11.719995498657227
2026-08-04T04:59:14.624000-04:00,11.777867317199707,0.05214342847466469,-11.725724220275879
2026-08-04T04:59:14.628000-04:00,11.776698112487793,0.059392064809799194,-11.717306137084961
2026-08-04T04:59:14.632000-04:00,11.77927017211914,0.06395169347524643,-11.71531867980957
2026-08-04T04:59:14.636000-04:00,11.784063339233398,0.07049884647130966,-11.7135648727417
2026-08-04T04:59:14.640000-04:00,11.796924591064453,0.06371786445379257,-11.733206748962402
2026-08-04T04:59:14.644000-04:00,11.790611267089844,0.05997663363814354,-11.730634689331055
2026-08-04T04:59:14.648000-04:00,11.78581714630127,0.051325034350156784,-11.734492301940918
2026-08-04T04:59:14.652000-04:00,11.782193183898926,0.04360873997211456,-11.738584518432617
2026-08-04T04:59:14.656000-04:00,11.78312873840332,0.0646531730890274,-11.718475341796875
2026-08-04T04:59:14.660000-04:00,11.789091110229492,0.05997663363814354,-11.729114532470703
2026-08-04T04:59:14.664000-04:00,11.782310485839844,0.04688232019543648,-11.735427856445312
2026-08-04T04:59:14.668000-04:00,11.781608581542969,0.036593928933143616,-11.745014190673828
2026-08-04T04:59:14.672000-04:00,11.778334617614746,0.021862827241420746,-11.756471633911133
2026-08-04T04:59:14.676000-04:00,11.788039207458496,0.02022603712975979,-11.767812728881836
2026-08-04T04:59:14.680000-04:00,11.794001579284668,0.024785665795207024,-11.76921558380127
2026-08-04T04:59:14.684000-04:00,11.789091110229492,0.026890108361840248,-11.762201309204102
2026-08-04T04:59:14.688000-04:00,11.767461776733398,0.004442713689059019,-11.763018608093262
2026-08-04T04:59:14.692000-04:00,11.77319049835205,0.009586907923221588,-11.763603210449219
2026-08-04T04:59:14.696000-04:00,11.772723197937012,0.0016367891803383827,-11.771086692810059
2026-08-04T04:59:14.700000-04:00,11.777633666992188,-0.01975838467478752,-11.797391891479492
2026-08-04T04:59:14.704000-04:00,11.77096939086914,-0.008417773060500622,-11.779387474060059
2026-08-04T04:59:14.708000-04:00,11.762084007263184,0.00046765405568294227,-11.761616706848145
2026-08-04T04:59:14.712000-04:00,11.767111778259277,0.010171475820243359,-11.756939888000488
2026-08-04T04:59:14.716000-04:00,11.761265754699707,0.0057287621311843395,-11.755537033081055
2026-08-04T04:59:14.720000-04:00,11.769332885742188,0.003039751434698701,-11.7662935256958
2026-08-04T04:59:14.724000-04:00,11.76453971862793,-0.008300859481096268,-11.77284049987793
2026-08-04T04:59:14.728000-04:00,11.764071464538574,-0.012275919318199158,-11.776347160339355
2026-08-04T04:59:14.732000-04:00,11.756121635437012,-0.0016367891803383827,-11.757758140563965
2026-08-04T04:59:14.736000-04:00,11.771671295166016,-0.004559627268463373,-11.776230812072754
2026-08-04T04:59:14.740000-04:00,11.770502090454102,-0.01461418904364109,-11.785116195678711
2026-08-04T04:59:14.744000-04:00,11.765942573547363,-0.01332814060151577,-11.779271125793457
2026-08-04T04:59:14.748000-04:00,11.757057189941406,-0.01742011308670044,-11.774477005004883
2026-08-04T04:59:14.752000-04:00,11.764422416687012,-0.010989869944751263,-11.775412559509277
2026-08-04T04:59:14.756000-04:00,11.763720512390137,-0.03577553480863571,-11.799495697021484
2026-08-04T04:59:14.760000-04:00,11.76898193359375,-0.02127826027572155,-11.790260314941406
2026-08-04T04:59:14.764000-04:00,11.763370513916016,-0.013094313442707062,-11.776464462280273
2026-08-04T04:59:14.768000-04:00,11.782193183898926,0.0052611082792282104,-11.776931762695312
2026-08-04T04:59:14.772000-04:00,11.790493965148926,0.04314108565449715,-11.747352600097656
2026-08-04T04:59:14.776000-04:00,11.775177955627441,0.05296182259917259,-11.722216606140137
2026-08-04T04:59:14.780000-04:00,11.780439376831055,0.04805145412683487,-11.73238754272461
2026-08-04T04:59:14.784000-04:00,11.771553993225098,0.056469228118658066,-11.71508502960205
2026-08-04T04:59:14.788000-04:00,11.784647941589355,0.07424008101224899,-11.710408210754395
2026-08-04T04:59:14.792000-04:00,11.78757095336914,0.08487921208143234,-11.702692031860352
2026-08-04T04:59:14.796000-04:00,11.778218269348145,0.1413484364748001,-11.636869430541992
2026-08-04T04:59:14.800000-04:00,11.749106407165527,0.14684337377548218,-11.602263450622559
2026-08-04T04:59:14.804000-04:00,11.751328468322754,0.14345288276672363,-11.60787582397461
2026-08-04T04:59:14.808000-04:00,11.756355285644531,0.138893261551857,-11.617462158203125
2026-08-04T04:59:14.812000-04:00,11.75436782836914,0.15607954561710358,-11.598288536071777
2026-08-04T04:59:14.816000-04:00,11.763720512390137,0.16040533781051636,-11.603315353393555
2026-08-04T04:59:14.820000-04:00,11.794001579284668,0.13901016116142273,-11.654991149902344
2026-08-04T04:59:14.824000-04:00,11.807680130004883,0.13830868899822235,-11.669371604919434
2026-08-04T04:59:14.828000-04:00,11.779387474060059,0.07891662418842316,-11.700470924377441
2026-08-04T04:59:14.832000-04:00,11.772489547729492,0.04793453961610794,-11.724555015563965
2026-08-04T04:59:14.836000-04:00,11.784765243530273,0.05623539909720421,-11.728529930114746
2026-08-04T04:59:14.840000-04:00,11.778919219970703,0.02244739420711994,-11.756471633911133
2026-08-04T04:59:14.844000-04:00,11.771086692810059,0.007248637732118368,-11.763837814331055
2026-08-04T04:59:14.848000-04:00,11.75682258605957,-0.031332820653915405,-11.788155555725098
2026-08-04T04:59:14.852000-04:00,11.746651649475098,-0.0397505946457386,-11.786402702331543
2026-08-04T04:59:14.856000-04:00,11.739402770996094,-0.06371786445379257,-11.803120613098145
2026-08-04T04:59:14.860000-04:00,11.733440399169922,-0.07517538964748383,-11.808615684509277
2026-08-04T04:59:14.864000-04:00,11.734025001525879,-0.07739674299955368,-11.811421394348145
2026-08-04T04:59:14.868000-04:00,11.725022315979004,-0.07342168688774109,-11.798443794250488
2026-08-04T04:59:14.872000-04:00,11.727009773254395,-0.07120033353567123,-11.798210144042969
2026-08-04T04:59:14.876000-04:00,11.732738494873047,-0.0778644010424614,-11.810603141784668
2026-08-04T04:59:14.880000-04:00,11.735076904296875,-0.07096650451421738,-11.80604362487793
2026-08-04T04:59:14.884000-04:00,11.727360725402832,-0.08125489205121994,-11.808615684509277
2026-08-04T04:59:14.888000-04:00,11.717423439025879,-0.08815278857946396,-11.80557632446289
2026-08-04T04:59:14.892000-04:00,11.722450256347656,-0.10007796436548233,-11.822527885437012
2026-08-04T04:59:14.896000-04:00,11.711577415466309,-0.11551055312156677,-11.827088356018066
2026-08-04T04:59:14.900000-04:00,11.720813751220703,-0.1212393119931221,-11.842053413391113
2026-08-04T04:59:14.904000-04:00,11.720345497131348,-0.10978178679943085,-11.830127716064453
2026-08-04T04:59:14.908000-04:00,11.7301664352417,-0.08768513798713684,-11.817852020263672
2026-08-04T04:59:14.912000-04:00,11.688545227050781,-0.0658223107457161,-11.75436782836914
2026-08-04T04:59:14.916000-04:00,11.659784317016602,-0.03963368013501167,-11.699418067932129
2026-08-04T04:59:14.920000-04:00,11.705615043640137,-0.0198752973228693,-11.72549057006836
2026-08-04T04:59:14.924000-04:00,11.796924591064453,-0.011691351421177387,-11.808615684509277
2026-08-04T04:59:14.928000-04:00,11.886713981628418,0.06769292801618576,-11.819021224975586
2026-08-04T04:59:14.932000-04:00,12.068280220031738,0.32373350858688354,-11.744546890258789
2026-08-04T04:59:14.936000-04:00,12.112473487854004,0.6111069321632385,-11.50136661529541
2026-08-04T04:59:14.940000-04:00,12.028179168701172,1.2907252311706543,-10.73745346069336
2026-08-04T04:59:14.944000-04:00,11.977672576904297,1.8157837390899658,-10.16188907623291
2026-08-04T04:59:14.948000-04:00,11.886947631835938,2.2730324268341064,-9.61391544342041
2026-08-04T04:59:14.952000-04:00,11.8533935546875,2.302377939224243,-9.551015853881836
2026-08-04T04:59:14.956000-04:00,11.749223709106445,2.020733118057251,-9.728490829467773
2026-08-04T04:59:14.960000-04:00,11.730868339538574,1.314692497253418,-10.416175842285156
2026-08-04T04:59:14.964000-04:00,11.746651649475098,0.9586908221244812,-10.78796100616455
2026-08-04T04:59:14.968000-04:00,11.761499404907227,0.39680445194244385,-11.364694595336914
2026-08-04T04:59:14.972000-04:00,11.8118896484375,0.29450514912605286,-11.51738452911377
2026-08-04T04:59:14.976000-04:00,11.8574857711792,0.2119642049074173,-11.64552116394043
2026-08-04T04:59:14.980000-04:00,11.820540428161621,0.1802806407213211,-11.640259742736816
2026-08-04T04:59:14.984000-04:00,11.796106338500977,0.11176931858062744,-11.68433666229248
2026-08-04T04:59:14.988000-04:00,11.807446479797363,0.07727983593940735,-11.7301664352417
2026-08-04T04:59:14.992000-04:00,11.817267417907715,0.07634452730417252,-11.740922927856445
2026-08-04T04:59:14.996000-04:00,11.806744575500488,0.03881528601050377,-11.767929077148438
2026-08-04T04:59:15-04:00,11.819605827331543,0.018238509073853493,-11.80136775970459
2026-08-04T04:59:15.004000-04:00,11.827322006225586,-0.0016367891803383827,-11.828958511352539
2026-08-04T04:59:15.008000-04:00,11.815747261047363,-0.00046765405568294227,-11.816214561462402
2026-08-04T04:59:15.012000-04:00,11.81434440612793,0.01870616152882576,-11.795638084411621
2026-08-04T04:59:15.016000-04:00,11.818085670471191,0.02642245404422283,-11.79166316986084
2026-08-04T04:59:15.020000-04:00,11.824165344238281,0.03554170951247215,-11.788623809814453
2026-08-04T04:59:15.024000-04:00,11.834920883178711,0.027474675327539444,-11.807446479797363
2026-08-04T04:59:15.028000-04:00,11.83316707611084,0.02922837808728218,-11.803938865661621
2026-08-04T04:59:15.032000-04:00,11.827555656433105,0.040568988770246506,-11.786986351013184
2026-08-04T04:59:15.036000-04:00,11.828140258789062,0.04267343133687973,-11.785467147827148
2026-08-04T04:59:15.040000-04:00,11.852691650390625,0.06605613231658936,-11.786635398864746
2026-08-04T04:59:15.044000-04:00,11.858186721801758,0.061964161694049835,-11.796222686767578
2026-08-04T04:59:15.048000-04:00,11.848834037780762,0.061730336397886276,-11.787103652954102
2026-08-04T04:59:15.052000-04:00,11.85117244720459,0.061730336397886276,-11.78944206237793
2026-08-04T04:59:15.056000-04:00,11.848950386047363,0.08359315991401672,-11.76535701751709
2026-08-04T04:59:15.060000-04:00,11.854562759399414,0.09341389685869217,-11.761148452758789
2026-08-04T04:59:15.064000-04:00,11.8659029006958,0.08815278857946396,-11.777750015258789
2026-08-04T04:59:15.068000-04:00,11.854562759399414,0.09750586748123169,-11.757057189941406
2026-08-04T04:59:15.072000-04:00,11.860758781433105,0.1272018998861313,-11.733556747436523
2026-08-04T04:59:15.076000-04:00,11.891858100891113,0.1492985635995865,-11.742559432983398
2026-08-04T04:59:15.080000-04:00,11.899574279785156,0.13830868899822235,-11.761265754699707
2026-08-04T04:59:15.084000-04:00,11.91126537322998,0.1669524908065796,-11.74431324005127
2026-08-04T04:59:15.088000-04:00,11.895599365234375,0.18764619529247284,-11.707953453063965
2026-08-04T04:59:15.092000-04:00,11.930088996887207,0.2047155648469925,-11.725373268127441
2026-08-04T04:59:15.096000-04:00,11.926932334899902,0.23464542627334595,-11.692286491394043
2026-08-04T04:59:15.100000-04:00,11.933128356933594,0.25194862484931946,-11.681180000305176
2026-08-04T04:59:15.104000-04:00,11.938506126403809,0.24937652051448822,-11.689129829406738
2026-08-04T04:59:15.108000-04:00,11.946456909179688,0.2597818374633789,-11.686675071716309
2026-08-04T04:59:15.112000-04:00,11.963525772094727,0.3056119382381439,-11.657914161682129
2026-08-04T04:59:15.116000-04:00,11.99146842956543,0.33343735337257385,-11.658031463623047
2026-08-04T04:59:15.120000-04:00,12.026191711425781,0.3379969596862793,-11.688194274902344
2026-08-04T04:59:15.124000-04:00,12.014383316040039,0.38160571455955505,-11.632777214050293
2026-08-04T04:59:15.128000-04:00,12.025022506713867,0.40966495871543884,-11.615357398986816
2026-08-04T04:59:15.132000-04:00,12.065240859985352,0.4476618468761444,-11.617579460144043
2026-08-04T04:59:15.136000-04:00,12.078569412231445,0.4848403334617615,-11.593729019165039
2026-08-04T04:59:15.140000-04:00,12.107797622680664,0.5320733785629272,-11.575724601745605
2026-08-04T04:59:15.144000-04:00,12.121827125549316,0.552299439907074,-11.569527626037598
2026-08-04T04:59:15.148000-04:00,12.135856628417969,0.5705379247665405,-11.565319061279297
2026-08-04T04:59:15.152000-04:00,12.130946159362793,0.578254222869873,-11.552692413330078
2026-08-04T04:59:15.156000-04:00,12.156082153320312,0.6253703832626343,-11.530712127685547
2026-08-04T04:59:15.160000-04:00,12.15444564819336,0.6211615204811096,-11.533284187316895
2026-08-04T04:59:15.164000-04:00,12.171164512634277,0.6390492916107178,-11.53211498260498
2026-08-04T04:59:15.168000-04:00,12.163448333740234,0.6538972854614258,-11.509551048278809
2026-08-04T04:59:15.172000-04:00,12.162980079650879,0.6508575081825256,-11.51212215423584
2026-08-04T04:59:15.176000-04:00,12.15199089050293,0.6595091223716736,-11.49248218536377
2026-08-04T04:59:15.180000-04:00,12.136557579040527,0.6389323472976685,-11.497625350952148
2026-08-04T04:59:15.184000-04:00,12.121827125549316,0.5860874652862549,-11.53573989868164
2026-08-04T04:59:15.188000-04:00,12.105692863464355,0.5275138020515442,-11.578179359436035
2026-08-04T04:59:15.192000-04:00,12.08640193939209,0.48308664560317993,-11.603315353393555
2026-08-04T04:59:15.196000-04:00,12.029699325561523,0.45303985476493835,-11.576659202575684
2026-08-04T04:59:15.200000-04:00,12.003861427307129,0.40077951550483704,-11.603081703186035
2026-08-04T04:59:15.204000-04:00,11.993104934692383,0.36757609248161316,-11.625529289245605
2026-08-04T04:59:15.208000-04:00,11.976386070251465,0.34103670716285706,-11.63534927368164
2026-08-04T04:59:15.212000-04:00,11.926815032958984,0.25639134645462036,-11.67042350769043
2026-08-04T04:59:15.216000-04:00,11.92728328704834,0.23335936665534973,-11.693923950195312
2026-08-04T04:59:15.220000-04:00,11.908576965332031,0.2063523530960083,-11.702224731445312
2026-08-04T04:59:15.224000-04:00,11.862278938293457,0.1240452378988266,-11.73823356628418
2026-08-04T04:59:15.228000-04:00,11.847898483276367,0.10335154831409454,-11.744546890258789
2026-08-04T04:59:15.232000-04:00,11.8533935546875,0.09528451412916183,-11.758109092712402
2026-08-04T04:59:15.236000-04:00,11.827322006225586,0.08043649792671204,-11.746885299682617
2026-08-04T04:59:15.240000-04:00,11.81434440612793,0.05085738003253937,-11.763486862182617
2026-08-04T04:59:15.244000-04:00,11.795053482055664,0.012626659125089645,-11.782426834106445
2026-08-04T04:59:15.248000-04:00,11.801600456237793,0.016250979155302048,-11.78534984588623
2026-08-04T04:59:15.252000-04:00,11.798443794250488,0.005144194699823856,-11.793299674987793
2026-08-04T04:59:15.256000-04:00,11.804640769958496,0.022330481559038162,-11.782310485839844
2026-08-04T04:59:15.260000-04:00,11.801366806030273,0.0008183945901691914,-11.800548553466797
2026-08-04T04:59:15.264000-04:00,11.801366806030273,-0.014731102623045444,-11.8160982131958
2026-08-04T04:59:15.268000-04:00,11.767345428466797,-0.011340610682964325,-11.778685569763184
2026-08-04T04:59:15.272000-04:00,11.766176223754883,-0.00993764866143465,-11.776113510131836
2026-08-04T04:59:15.276000-04:00,11.767461776733398,-0.005845675710588694,-11.773307800292969
2026-08-04T04:59:15.280000-04:00,11.775412559509277,0.0053780218586325645,-11.770034790039062
2026-08-04T04:59:15.284000-04:00,11.757641792297363,-0.03682775795459747,-11.794469833374023
2026-08-04T04:59:15.288000-04:00,11.755653381347656,-0.03881528601050377,-11.794468879699707
2026-08-04T04:59:15.292000-04:00,11.761733055114746,-0.04127047210931778,-11.803003311157227
2026-08-04T04:59:15.296000-04:00,11.772138595581055,-0.027240848168730736,-11.799379348754883
2026-08-04T04:59:15.300000-04:00,11.785934448242188,-0.018355421721935272,-11.804289817810059
2026-08-04T04:59:15.304000-04:00,11.779854774475098,-0.01332814060151577,-11.793183326721191
2026-08-04T04:59:15.308000-04:00,11.767461776733398,-0.021862827241420746,-11.789324760437012
2026-08-04T04:59:15.312000-04:00,11.755419731140137,-0.02537023276090622,-11.780790328979492
2026-08-04T04:59:15.316000-04:00,11.758927345275879,-0.012743572704494,-11.771671295166016
2026-08-04T04:59:15.320000-04:00,11.782544136047363,-0.011574437841773033,-11.794118881225586
2026-08-04T04:59:15.324000-04:00,11.787921905517578,-0.004208886530250311,-11.792130470275879
2026-08-04T04:59:15.328000-04:00,11.786636352539062,0.007482464890927076,-11.779153823852539
2026-08-04T04:59:15.332000-04:00,11.767579078674316,-0.01461418904364109,-11.782193183898926
2026-08-04T04:59:15.336000-04:00,11.733556747436523,-0.0369446687400341,-11.770501136779785
2026-08-04T04:59:15.340000-04:00,11.792481422424316,0.021862827241420746,-11.770618438720703
2026-08-04T04:59:15.344000-04:00,11.807095527648926,0.04653158038854599,-11.760563850402832
2026-08-04T04:59:15.348000-04:00,11.792247772216797,0.04828527942299843,-11.743962287902832
2026-08-04T04:59:15.352000-04:00,11.794001579284668,0.054130956530570984,-11.73987102508545
2026-08-04T04:59:15.356000-04:00,11.796807289123535,0.061730336397886276,-11.735076904296875
2026-08-04T04:59:15.360000-04:00,11.795989036560059,0.06336712092161179,-11.732622146606445
2026-08-04T04:59:15.364000-04:00,11.799145698547363,0.060795027762651443,-11.738350868225098
2026-08-04T04:59:15.368000-04:00,11.779387474060059,0.04080281779170036,-11.738584518432617
2026-08-04T04:59:15.372000-04:00,11.775879859924316,0.04372565448284149,-11.73215389251709
2026-08-04T04:59:15.376000-04:00,11.792247772216797,0.047466885298490524,-11.744780540466309
2026-08-04T04:59:15.380000-04:00,11.82042407989502,0.05681996792554855,-11.763604164123535
2026-08-04T04:59:15.384000-04:00,11.806160926818848,0.023031963035464287,-11.78312873840332
2026-08-04T04:59:15.388000-04:00,11.788623809814453,0.026890108361840248,-11.761734008789062
2026-08-04T04:59:15.392000-04:00,11.7994966506958,0.053897131234407425,-11.745599746704102
2026-08-04T04:59:15.396000-04:00,11.821125030517578,0.06395169347524643,-11.757173538208008
2026-08-04T04:59:15.400000-04:00,11.8243989944458,0.057755276560783386,-11.766643524169922
2026-08-04T04:59:15.404000-04:00,11.817968368530273,0.027474675327539444,-11.790493965148926
2026-08-04T04:59:15.408000-04:00,11.802653312683105,0.03846454620361328,-11.764188766479492
2026-08-04T04:59:15.412000-04:00,11.792365074157715,0.037763066589832306,-11.754602432250977
2026-08-04T04:59:15.416000-04:00,11.787921905517578,0.029696032404899597,-11.758225440979004
2026-08-04T04:59:15.420000-04:00,11.80557632446289,0.0369446687400341,-11.768631935119629
2026-08-04T04:59:15.424000-04:00,11.794702529907227,0.03484022617340088,-11.759861946105957
2026-08-04T04:59:15.428000-04:00,11.786986351013184,0.022213567048311234,-11.764772415161133
2026-08-04T04:59:15.432000-04:00,11.786285400390625,0.014731102623045444,-11.771553993225098
2026-08-04T04:59:15.436000-04:00,11.799379348754883,0.02279813587665558,-11.776580810546875
2026-08-04T04:59:15.440000-04:00,11.788623809814453,0.006780983880162239,-11.781843185424805
2026-08-04T04:59:15.444000-04:00,11.774710655212402,-0.014731102623045444,-11.78944206237793
2026-08-04T04:59:15.448000-04:00,11.790026664733887,0.007014811038970947,-11.783011436462402
2026-08-04T04:59:15.452000-04:00,11.78967571258545,0.0033904919400811195,-11.786285400390625
2026-08-04T04:59:15.456000-04:00,11.794468879699707,-0.0035074055194854736,-11.79797649383545
2026-08-04T04:59:15.460000-04:00,11.788272857666016,-0.019641470164060593,-11.807914733886719
2026-08-04T04:59:15.464000-04:00,11.801835060119629,-0.003624318866059184,-11.805459022521973
2026-08-04T04:59:15.468000-04:00,11.78944206237793,-0.01391270849853754,-11.80335521697998
2026-08-04T04:59:15.472000-04:00,11.785934448242188,-0.019524557515978813,-11.805459022521973
2026-08-04T04:59:15.476000-04:00,11.795170783996582,-0.009820735082030296,-11.804991722106934
2026-08-04T04:59:15.480000-04:00,11.794586181640625,-0.013561967760324478,-11.808148384094238
2026-08-04T04:59:15.484000-04:00,11.79388427734375,-0.028526896610856056,-11.82241153717041
2026-08-04T04:59:15.488000-04:00,11.77506160736084,-0.0369446687400341,-11.812005996704102
2026-08-04T04:59:15.492000-04:00,11.767345428466797,-0.03916602581739426,-11.806511878967285
2026-08-04T04:59:15.496000-04:00,11.786870002746582,-0.03600936383008957,-11.822879791259766
2026-08-04T04:59:15.500000-04:00,11.776464462280273,-0.033320352435112,-11.809784889221191
2026-08-04T04:59:15.504000-04:00,11.765007019042969,-0.050038982182741165,-11.815046310424805
2026-08-04T04:59:15.508000-04:00,11.758576393127441,-0.049805156886577606,-11.808381080627441
2026-08-04T04:59:15.512000-04:00,11.763837814331055,-0.04770071431994438,-11.811538696289062
2026-08-04T04:59:15.516000-04:00,11.759278297424316,-0.034021832048892975,-11.793299674987793
2026-08-04T04:59:15.520000-04:00,11.773658752441406,-0.0453624427318573,-11.819021224975586
2026-08-04T04:59:15.524000-04:00,11.773658752441406,-0.06535465270280838,-11.83901309967041
2026-08-04T04:59:15.528000-04:00,11.765591621398926,-0.0730709433555603,-11.838662147521973
2026-08-04T04:59:15.532000-04:00,11.762317657470703,-0.06617304682731628,-11.828490257263184
2026-08-04T04:59:15.536000-04:00,11.783713340759277,-0.030163686722517014,-11.81387710571289
2026-08-04T04:59:15.540000-04:00,11.777750015258789,-0.043491825461387634,-11.82124137878418
2026-08-04T04:59:15.544000-04:00,11.773307800292969,-0.07003119587898254,-11.843338966369629
2026-08-04T04:59:15.548000-04:00,11.745949745178223,-0.11083400994539261,-11.856783866882324
2026-08-04T04:59:15.552000-04:00,11.751444816589355,-0.09692130237817764,-11.848365783691406
2026-08-04T04:59:15.556000-04:00,11.79388427734375,-0.0638347789645195,-11.857719421386719
2026-08-04T04:59:15.560000-04:00,11.781608581542969,-0.05845675617456436,-11.840065002441406
2026-08-04T04:59:15.564000-04:00,11.77307415008545,-0.04395947977900505,-11.817033767700195
2026-08-04T04:59:15.568000-04:00,11.757407188415527,-0.07120033353567123,-11.828607559204102
2026-08-04T04:59:15.572000-04:00,11.767345428466797,-0.08102106302976608,-11.848366737365723
2026-08-04T04:59:15.576000-04:00,11.761032104492188,-0.07412316650152206,-11.835155487060547
2026-08-04T04:59:15.580000-04:00,11.767111778259277,-0.05600157380104065,-11.823113441467285
2026-08-04T04:59:15.584000-04:00,11.76921558380127,-0.05974280461668968,-11.828958511352539
2026-08-04T04:59:15.588000-04:00,11.758576393127441,-0.06979736685752869,-11.828373908996582
2026-08-04T04:59:15.592000-04:00,11.756939888000488,-0.07704600691795349,-11.833986282348633
2026-08-04T04:59:15.596000-04:00,11.768280029296875,-0.06137959659099579,-11.829659461975098
2026-08-04T04:59:15.600000-04:00,11.76874828338623,-0.0658223107457161,-11.83457088470459
2026-08-04T04:59:15.604000-04:00,11.755186080932617,-0.0823071151971817,-11.837492942810059
2026-08-04T04:59:15.608000-04:00,11.745248794555664,-0.09236167371273041,-11.837610244750977
2026-08-04T04:59:15.612000-04:00,11.747352600097656,-0.11492598056793213,-11.862278938293457
2026-08-04T04:59:15.616000-04:00,11.775177955627441,-0.07272020727396011,-11.847898483276367
2026-08-04T04:59:15.620000-04:00,11.788857460021973,-0.05623539909720421,-11.8450927734375
2026-08-04T04:59:15.624000-04:00,11.804874420166016,-0.035424795001745224,-11.840299606323242
2026-08-04T04:59:15.628000-04:00,11.784882545471191,-0.020342951640486717,-11.805225372314453
2026-08-04T04:59:15.632000-04:00,11.774126052856445,-0.040685903280973434,-11.814811706542969
2026-08-04T04:59:15.636000-04:00,11.76921558380127,-0.015549497678875923,-11.784765243530273
2026-08-04T04:59:15.640000-04:00,11.787454605102539,0.014497275464236736,-11.772957801818848
2026-08-04T04:59:15.644000-04:00,11.799847602844238,0.007833205163478851,-11.792014122009277
2026-08-04T04:59:15.648000-04:00,11.786752700805664,0.053780216723680496,-11.732972145080566
2026-08-04T04:59:15.652000-04:00,11.772489547729492,0.06570539623498917,-11.70678424835205
2026-08-04T04:59:15.656000-04:00,11.779972076416016,0.09972722828388214,-11.680244445800781
2026-08-04T04:59:15.660000-04:00,11.781959533691406,0.06406860798597336,-11.717890739440918
2026-08-04T04:59:15.664000-04:00,11.784297943115234,0.07494156062602997,-11.709356307983398
2026-08-04T04:59:15.668000-04:00,11.780205726623535,0.0694466307759285,-11.710759162902832
2026-08-04T04:59:15.672000-04:00,11.788857460021973,0.07798131555318832,-11.71087646484375
2026-08-04T04:59:15.676000-04:00,11.819137573242188,0.06091194227337837,-11.758225440979004
2026-08-04T04:59:15.680000-04:00,11.821242332458496,0.03495714068412781,-11.786285400390625
2026-08-04T04:59:15.684000-04:00,11.786752700805664,-0.016718631610274315,-11.803471565246582
2026-08-04T04:59:15.688000-04:00,11.780205726623535,-0.035074055194854736,-11.815279960632324
2026-08-04T04:59:15.692000-04:00,11.774009704589844,-0.038113806396722794,-11.81212329864502
2026-08-04T04:59:15.696000-04:00,11.783479690551758,-0.043024174869060516,-11.82650375366211
2026-08-04T04:59:15.700000-04:00,11.796106338500977,-0.048519108444452286,-11.844625473022461
2026-08-04T04:59:15.704000-04:00,11.757173538208008,-0.09411537647247314,-11.851288795471191
2026-08-04T04:59:15.708000-04:00,11.743377685546875,-0.10592364519834518,-11.8493013381958
2026-08-04T04:59:15.712000-04:00,11.74606704711914,-0.13304758071899414,-11.879114151000977
2026-08-04T04:59:15.716000-04:00,11.750509262084961,-0.12533128261566162,-11.875840187072754
2026-08-04T04:59:15.720000-04:00,11.753665924072266,-0.12778647243976593,-11.881452560424805
2026-08-04T04:59:15.724000-04:00,11.755069732666016,-0.13749028742313385,-11.892560005187988
2026-08-04T04:59:15.728000-04:00,11.75039291381836,-0.1413484364748001,-11.891741752624512
2026-08-04T04:59:15.732000-04:00,11.74384593963623,-0.14754486083984375,-11.891390800476074
2026-08-04T04:59:15.736000-04:00,11.742208480834961,-0.15046769380569458,-11.89267635345459
2026-08-04T04:59:15.740000-04:00,11.759394645690918,-0.14473892748355865,-11.904133796691895
2026-08-04T04:59:15.744000-04:00,11.737064361572266,-0.1629774421453476,-11.900041580200195
2026-08-04T04:59:15.748000-04:00,11.73998737335205,-0.1626266986131668,-11.902613639831543
2026-08-04T04:59:15.752000-04:00,11.727009773254395,-0.16800472140312195,-11.895014762878418
2026-08-04T04:59:15.756000-04:00,11.739402770996094,-0.14836324751377106,-11.887765884399414
2026-08-04T04:59:15.760000-04:00,11.739169120788574,-0.13795794546604156,-11.877126693725586
2026-08-04T04:59:15.764000-04:00,11.731335639953613,-0.11936869472265244,-11.850704193115234
2026-08-04T04:59:15.768000-04:00,11.696378707885742,-0.09107562899589539,-11.787454605102539
2026-08-04T04:59:15.772000-04:00,11.72385311126709,-0.0730709433555603,-11.796923637390137
2026-08-04T04:59:15.776000-04:00,11.799847602844238,-0.08639908581972122,-11.886246681213379
2026-08-04T04:59:15.780000-04:00,11.88414192199707,0.05307873710989952,-11.831063270568848
2026-08-04T04:59:15.784000-04:00,12.08616828918457,0.2144193798303604,-11.871748924255371
2026-08-04T04:59:15.788000-04:00,12.170112609863281,0.6824241876602173,-11.487688064575195
2026-08-04T04:59:15.792000-04:00,12.10031509399414,1.178605079650879,-10.921710014343262
2026-08-04T04:59:15.796000-04:00,12.054835319519043,1.947311520576477,-10.107523918151855
2026-08-04T04:59:15.800000-04:00,11.962240219116211,2.224630355834961,-9.73760986328125
2026-08-04T04:59:15.804000-04:00,11.938623428344727,2.213406562805176,-9.72521686553955
2026-08-04T04:59:15.808000-04:00,11.844157218933105,1.991621732711792,-9.852535247802734
2026-08-04T04:59:15.812000-04:00,11.777867317199707,1.3461421728134155,-10.43172550201416
2026-08-04T04:59:15.816000-04:00,11.698599815368652,0.7789947390556335,-10.919605255126953
2026-08-04T04:59:15.820000-04:00,11.72139835357666,0.40124717354774475,-11.320151329040527
2026-08-04T04:59:15.824000-04:00,11.803354263305664,0.1954793930053711,-11.607874870300293
2026-08-04T04:59:15.828000-04:00,11.855147361755371,0.1505846083164215,-11.70456314086914
2026-08-04T04:59:15.832000-04:00,11.85783576965332,0.10171476006507874,-11.756120681762695
2026-08-04T04:59:15.836000-04:00,11.827322006225586,0.06675761938095093,-11.760564804077148
2026-08-04T04:59:15.840000-04:00,11.8367919921875,0.03074825368821621,-11.80604362487793
2026-08-04T04:59:15.844000-04:00,11.837843894958496,0.012275919318199158,-11.825568199157715
2026-08-04T04:59:15.848000-04:00,11.81411075592041,-0.04431022331118584,-11.858421325683594
2026-08-04T04:59:15.852000-04:00,11.829425811767578,-0.05085738003253937,-11.88028335571289
2026-08-04T04:59:15.856000-04:00,11.835389137268066,-0.05436478555202484,-11.889754295349121
2026-08-04T04:59:15.860000-04:00,11.831530570983887,-0.05331256240606308,-11.884842872619629
2026-08-04T04:59:15.864000-04:00,11.837610244750977,-0.05062355101108551,-11.88823413848877
2026-08-04T04:59:15.868000-04:00,11.820891380310059,-0.05237725377082825,-11.873269081115723
2026-08-04T04:59:15.872000-04:00,11.809433937072754,-0.05962589383125305,-11.869059562683105
2026-08-04T04:59:15.876000-04:00,11.838662147521973,-0.03916602581739426,-11.877828598022461
2026-08-04T04:59:15.880000-04:00,11.84731388092041,-0.06547156721353531,-11.912785530090332
2026-08-04T04:59:15.884000-04:00,11.835271835327148,-0.05728762224316597,-11.892559051513672
2026-08-04T04:59:15.888000-04:00,11.844040870666504,-0.04559627175331116,-11.889636993408203
2026-08-04T04:59:15.892000-04:00,11.84731388092041,-0.043491825461387634,-11.8908052444458
2026-08-04T04:59:15.896000-04:00,11.849652290344238,-0.023616530001163483,-11.873269081115723
2026-08-04T04:59:15.900000-04:00,11.859004974365234,-0.008885427378118038,-11.867890357971191
2026-08-04T04:59:15.904000-04:00,11.850003242492676,-0.01742011308670044,-11.867423057556152
2026-08-04T04:59:15.908000-04:00,11.853042602539062,-0.018004681915044785,-11.871047019958496
2026-08-04T04:59:15.912000-04:00,11.870579719543457,-0.001870616222731769,-11.87244987487793
2026-08-04T04:59:15.916000-04:00,11.88460922241211,0.03741232305765152,-11.847196578979492
2026-08-04T04:59:15.920000-04:00,11.88437557220459,0.005494934972375631,-11.878880500793457
2026-08-04T04:59:15.924000-04:00,11.902379989624023,0.03682775795459747,-11.865551948547363
2026-08-04T04:59:15.928000-04:00,11.883323669433594,0.04290726035833359,-11.840415954589844
2026-08-04T04:59:15.932000-04:00,11.893494606018066,0.06605613231658936,-11.827438354492188
2026-08-04T04:59:15.936000-04:00,11.902263641357422,0.07073267549276352,-11.831530570983887
2026-08-04T04:59:15.940000-04:00,11.912551879882812,0.07575995475053787,-11.8367919921875
2026-08-04T04:59:15.944000-04:00,11.920034408569336,0.09645365178585052,-11.823580741882324
2026-08-04T04:59:15.948000-04:00,11.927633285522461,0.11808265000581741,-11.809550285339355
2026-08-04T04:59:15.952000-04:00,11.946223258972168,0.13024164736270905,-11.8159818649292
2026-08-04T04:59:15.956000-04:00,11.9683198928833,0.17525336146354675,-11.79306697845459
2026-08-04T04:59:15.960000-04:00,11.97708797454834,0.1875292807817459,-11.789558410644531
2026-08-04T04:59:15.964000-04:00,11.989948272705078,0.19360877573490143,-11.79633903503418
2026-08-04T04:59:15.968000-04:00,11.9766206741333,0.20261111855506897,-11.774009704589844
2026-08-04T04:59:15.972000-04:00,12.003159523010254,0.22634455561637878,-11.776815414428711
2026-08-04T04:59:15.976000-04:00,12.026074409484863,0.26551058888435364,-11.760563850402832
2026-08-04T04:59:15.980000-04:00,12.042559623718262,0.2798909544944763,-11.76266860961914
2026-08-04T04:59:15.984000-04:00,12.070267677307129,0.299532413482666,-11.770734786987305
2026-08-04T04:59:15.988000-04:00,12.076231002807617,0.34536251425743103,-11.730868339538574
2026-08-04T04:59:15.992000-04:00,12.082777976989746,0.37961816787719727,-11.70315933227539
2026-08-04T04:59:15.996000-04:00,12.139013290405273,0.4243960678577423,-11.714616775512695
2026-08-04T04:59:16-04:00,12.131881713867188,0.4199533462524414,-11.711928367614746
2026-08-04T04:59:16.004000-04:00,12.135154724121094,0.44579121470451355,-11.689363479614258
2026-08-04T04:59:16.008000-04:00,12.136557579040527,0.46461430191993713,-11.671943664550781
2026-08-04T04:59:16.012000-04:00,12.155732154846191,0.4929073750972748,-11.662824630737305
2026-08-04T04:59:16.016000-04:00,12.172450065612793,0.5121980905532837,-11.66025161743164
2026-08-04T04:59:16.020000-04:00,12.164617538452148,0.5058847665786743,-11.658732414245605
2026-08-04T04:59:16.024000-04:00,12.142988204956055,0.5037803053855896,-11.63920783996582
2026-08-04T04:59:16.028000-04:00,12.141000747680664,0.5140687227249146,-11.626932144165039
2026-08-04T04:59:16.032000-04:00,12.135038375854492,0.4808652698993683,-11.654172897338867
2026-08-04T04:59:16.036000-04:00,12.127204895019531,0.462159126996994,-11.665045738220215
2026-08-04T04:59:16.040000-04:00,12.099028587341309,0.4343337118625641,-11.664694786071777
2026-08-04T04:59:16.044000-04:00,12.070384979248047,0.40697595477104187,-11.663409233093262
2026-08-04T04:59:16.048000-04:00,12.047119140625,0.36874523758888245,-11.678374290466309
2026-08-04T04:59:16.052000-04:00,12.023035049438477,0.31777092814445496,-11.7052640914917
2026-08-04T04:59:16.056000-04:00,12.01005744934082,0.27685120701789856,-11.733205795288086
2026-08-04T04:59:16.060000-04:00,11.980361938476562,0.23628221452236176,-11.74407958984375
2026-08-04T04:59:16.064000-04:00,11.953939437866211,0.19851914048194885,-11.755420684814453
2026-08-04T04:59:16.068000-04:00,11.914072036743164,0.11515980958938599,-11.798912048339844
2026-08-04T04:59:16.072000-04:00,11.887064933776855,0.08441155403852463,-11.802653312683105
2026-08-04T04:59:16.076000-04:00,11.887532234191895,0.01975838467478752,-11.86777400970459
2026-08-04T04:59:16.080000-04:00,11.87198257446289,-0.010405302979052067,-11.8823881149292
2026-08-04T04:59:16.084000-04:00,11.848132133483887,-0.036593928933143616,-11.884726524353027
2026-08-04T04:59:16.088000-04:00,11.836908340454102,-0.02946220524609089,-11.86637020111084
2026-08-04T04:59:16.092000-04:00,11.83480453491211,-0.060795027762651443,-11.895599365234375
2026-08-04T04:59:16.096000-04:00,11.835622787475586,-0.08452846854925156,-11.920151710510254
2026-08-04T04:59:16.100000-04:00,11.812474250793457,-0.11048327386379242,-11.922957420349121
2026-08-04T04:59:16.104000-04:00,11.795638084411621,-0.1176149919629097,-11.913252830505371
2026-08-04T04:59:16.108000-04:00,11.79166316986084,-0.1296570897102356,-11.921319961547852
2026-08-04T04:59:16.112000-04:00,11.77728271484375,-0.14403745532035828,-11.921319961547852
2026-08-04T04:59:16.116000-04:00,11.774359703063965,-0.1344505399465561,-11.90881061553955
2026-08-04T04:59:16.120000-04:00,11.795053482055664,-0.13141079246997833,-11.926464080810547
2026-08-04T04:59:16.124000-04:00,11.782660484313965,-0.138893261551857,-11.921553611755371
2026-08-04T04:59:16.128000-04:00,11.763486862182617,-0.16344508528709412,-11.926932334899902
2026-08-04T04:59:16.132000-04:00,11.77482795715332,-0.1512860804796219,-11.926114082336426
2026-08-04T04:59:16.136000-04:00,11.769683837890625,-0.15303978323936462,-11.922723770141602
2026-08-04T04:59:16.140000-04:00,11.780323028564453,-0.1549104005098343,-11.935233116149902
2026-08-04T04:59:16.144000-04:00,11.767579078674316,-0.1786438524723053,-11.946223258972168
2026-08-04T04:59:16.148000-04:00,11.767579078674316,-0.1802806407213211,-11.947859764099121
2026-08-04T04:59:16.152000-04:00,11.763253211975098,-0.188698410987854,-11.95195198059082
2026-08-04T04:59:16.156000-04:00,11.774477005004883,-0.1694076806306839,-11.94388484954834
2026-08-04T04:59:16.160000-04:00,11.772489547729492,-0.15432584285736084,-11.926815032958984
2026-08-04T04:59:16.164000-04:00,11.775412559509277,-0.15409201383590698,-11.92950439453125
2026-08-04T04:59:16.168000-04:00,11.761148452758789,-0.1473110318183899,-11.908459663391113
2026-08-04T04:59:16.172000-04:00,11.77284049987793,-0.155378058552742,-11.928218841552734
2026-08-04T04:59:16.176000-04:00,11.78359603881836,-0.14684337377548218,-11.930438995361328
2026-08-04T04:59:16.180000-04:00,11.777867317199707,-0.1433359682559967,-11.92120361328125
2026-08-04T04:59:16.184000-04:00,11.770618438720703,-0.13550275564193726,-11.906121253967285
2026-08-04T04:59:16.188000-04:00,11.774009704589844,-0.13257992267608643,-11.90658950805664
2026-08-04T04:59:16.192000-04:00,11.796924591064453,-0.12381140887737274,-11.920736312866211
2026-08-04T04:59:16.196000-04:00,11.80604362487793,-0.12170697003602982,-11.927750587463379
2026-08-04T04:59:16.200000-04:00,11.817734718322754,-0.10311771929264069,-11.920852661132812
2026-08-04T04:59:16.204000-04:00,11.808966636657715,-0.10568981617689133,-11.914656639099121
2026-08-04T04:59:16.208000-04:00,11.784297943115234,-0.10428685694932938,-11.888585090637207
2026-08-04T04:59:16.212000-04:00,11.79166316986084,-0.11632894724607468,-11.907992362976074
2026-08-04T04:59:16.216000-04:00,11.8077974319458,-0.09306316077709198,-11.900860786437988
2026-08-04T04:59:16.220000-04:00,11.809200286865234,-0.09446612000465393,-11.903666496276855
2026-08-04T04:59:16.224000-04:00,11.808966636657715,-0.09037414938211441,-11.899340629577637
2026-08-04T04:59:16.228000-04:00,11.793416976928711,-0.09750586748123169,-11.890922546386719
2026-08-04T04:59:16.232000-04:00,11.785232543945312,-0.09060797095298767,-11.875840187072754
2026-08-04T04:59:16.236000-04:00,11.801250457763672,-0.10229932516813278,-11.903550148010254
2026-08-04T04:59:16.240000-04:00,11.803237915039062,-0.10218241065740585,-11.905420303344727
2026-08-04T04:59:16.244000-04:00,11.79388427734375,-0.10908030718564987,-11.90296459197998
2026-08-04T04:59:16.248000-04:00,11.795404434204102,-0.12439598143100739,-11.919800758361816
2026-08-04T04:59:16.252000-04:00,11.816214561462402,-0.11667968332767487,-11.932894706726074
2026-08-04T04:59:16.256000-04:00,11.827555656433105,-0.08826970309019089,-11.915824890136719
2026-08-04T04:59:16.260000-04:00,11.821008682250977,-0.11317227780818939,-11.934181213378906
2026-08-04T04:59:16.264000-04:00,11.80803108215332,-0.13643807172775269,-11.944469451904297
2026-08-04T04:59:16.268000-04:00,11.803587913513184,-0.13901016116142273,-11.942598342895508
2026-08-04T04:59:16.272000-04:00,11.818436622619629,-0.1204209178686142,-11.938857078552246
2026-08-04T04:59:16.276000-04:00,11.811655044555664,-0.1256820261478424,-11.937336921691895
2026-08-04T04:59:16.280000-04:00,11.800081253051758,-0.14356979727745056,-11.94365119934082
2026-08-04T04:59:16.284000-04:00,11.79973030090332,-0.13176153600215912,-11.93149185180664
2026-08-04T04:59:16.288000-04:00,11.799612998962402,-0.12626659870147705,-11.92587947845459
2026-08-04T04:59:16.292000-04:00,11.793767929077148,-0.1369057297706604,-11.930673599243164
2026-08-04T04:59:16.296000-04:00,11.787103652954102,-0.13503511250019073,-11.922139167785645
2026-08-04T04:59:16.300000-04:00,11.7994966506958,-0.12392832338809967,-11.92342472076416
2026-08-04T04:59:16.304000-04:00,11.80417251586914,-0.12813721597194672,-11.932310104370117
2026-08-04T04:59:16.308000-04:00,11.797274589538574,-0.1272018998861313,-11.924476623535156
2026-08-04T04:59:16.312000-04:00,11.795638084411621,-0.1477786749601364,-11.943416595458984
2026-08-04T04:59:16.316000-04:00,11.793183326721191,-0.15385818481445312,-11.947041511535645
2026-08-04T04:59:16.320000-04:00,11.78967571258545,-0.1657833606004715,-11.955458641052246
2026-08-04T04:59:16.324000-04:00,11.791780471801758,-0.17934532463550568,-11.971125602722168
2026-08-04T04:59:16.328000-04:00,11.783011436462402,-0.17326582968235016,-11.956276893615723
2026-08-04T04:59:16.332000-04:00,11.779387474060059,-0.15876854956150055,-11.938156127929688
2026-08-04T04:59:16.336000-04:00,11.78149127960205,-0.15771633386611938,-11.939208030700684
2026-08-04T04:59:16.340000-04:00,11.793299674987793,-0.1601715087890625,-11.953471183776855
2026-08-04T04:59:16.344000-04:00,11.788973808288574,-0.1601715087890625,-11.949145317077637
2026-08-04T04:59:16.348000-04:00,11.800314903259277,-0.1385425180196762,-11.938857078552246
2026-08-04T04:59:16.352000-04:00,11.786401748657227,-0.11375685036182404,-11.900158882141113
2026-08-04T04:59:16.356000-04:00,11.786051750183105,-0.11621203273534775,-11.902263641357422
2026-08-04T04:59:16.360000-04:00,11.802653312683105,-0.10101327300071716,-11.903666496276855
2026-08-04T04:59:16.364000-04:00,11.798443794250488,-0.11948560923337936,-11.917929649353027
2026-08-04T04:59:16.368000-04:00,11.808849334716797,-0.10054562240839005,-11.909395217895508
2026-08-04T04:59:16.372000-04:00,11.817267417907715,-0.04688232019543648,-11.864150047302246
2026-08-04T04:59:16.376000-04:00,11.808382034301758,-0.003975059371441603,-11.812356948852539
2026-08-04T04:59:16.380000-04:00,11.784647941589355,0.019407643005251884,-11.765240669250488
2026-08-04T04:59:16.384000-04:00,11.784998893737793,-0.003624318866059184,-11.788622856140137
2026-08-04T04:59:16.388000-04:00,11.771904945373535,-0.009119254536926746,-11.781023979187012
2026-08-04T04:59:16.392000-04:00,11.777166366577148,-0.020927518606185913,-11.798093795776367
2026-08-04T04:59:16.396000-04:00,11.815630912780762,0.013211227022111416,-11.802419662475586
2026-08-04T04:59:16.400000-04:00,11.818670272827148,0.0008183945901691914,-11.817852020263672
2026-08-04T04:59:16.404000-04:00,11.819371223449707,-0.05331256240606308,-11.87268352508545
2026-08-04T04:59:16.408000-04:00,11.806160926818848,-0.07575995475053787,-11.88192081451416
2026-08-04T04:59:16.412000-04:00,11.801484107971191,-0.09949339926242828,-11.90097713470459
2026-08-04T04:59:16.416000-04:00,11.801250457763672,-0.13094313442707062,-11.932193756103516
2026-08-04T04:59:16.420000-04:00,11.80627727508545,-0.14672645926475525,-11.953003883361816
2026-08-04T04:59:16.424000-04:00,11.775412559509277,-0.1903351992368698,-11.965747833251953
2026-08-04T04:59:16.428000-04:00,11.760096549987793,-0.19699926674365997,-11.957096099853516
2026-08-04T04:59:16.432000-04:00,11.761032104492188,-0.19407643377780914,-11.955108642578125
2026-08-04T04:59:16.436000-04:00,11.761733055114746,-0.21009358763694763,-11.971826553344727
2026-08-04T04:59:16.440000-04:00,11.763604164123535,-0.20646926760673523,-11.970073699951172
2026-08-04T04:59:16.444000-04:00,11.767812728881836,-0.2063523530960083,-11.974164962768555
2026-08-04T04:59:16.448000-04:00,11.735895156860352,-0.20565086603164673,-11.941546440124512
2026-08-04T04:59:16.452000-04:00,11.729348182678223,-0.23219023644924164,-11.961538314819336
2026-08-04T04:59:16.456000-04:00,11.719995498657227,-0.23265789449214935,-11.952652931213379
2026-08-04T04:59:16.460000-04:00,11.756939888000488,-0.22190184891223907,-11.978841781616211
2026-08-04T04:59:16.464000-04:00,11.759044647216797,-0.2360483855009079,-11.99509334564209
2026-08-04T04:59:16.468000-04:00,11.767930030822754,-0.2268122136592865,-11.994742393493652
2026-08-04T04:59:16.472000-04:00,11.777750015258789,-0.22716295719146729,-12.004913330078125
2026-08-04T04:59:16.476000-04:00,11.769566535949707,-0.22938431799411774,-11.998950958251953
2026-08-04T04:59:16.480000-04:00,11.759629249572754,-0.2535853981971741,-12.013215065002441
2026-08-04T04:59:16.484000-04:00,11.744195938110352,-0.2517147958278656,-11.99591064453125
2026-08-04T04:59:16.488000-04:00,11.731569290161133,-0.24107566475868225,-11.972644805908203
2026-08-04T04:59:16.492000-04:00,11.72747802734375,-0.2007405012845993,-11.928218841552734
2026-08-04T04:59:16.496000-04:00,11.718592643737793,-0.1770070642232895,-11.895599365234375
2026-08-04T04:59:16.500000-04:00,11.738818168640137,-0.1782931089401245,-11.91711139678955
2026-08-04T04:59:16.504000-04:00,11.837843894958496,-0.13901016116142273,-11.97685432434082
2026-08-04T04:59:16.508000-04:00,11.911149024963379,-0.041971951723098755,-11.953121185302734
2026-08-04T04:59:16.512000-04:00,12.134336471557617,0.25311776995658875,-11.881218910217285
2026-08-04T04:59:16.516000-04:00,12.134453773498535,0.8506627082824707,-11.283790588378906
2026-08-04T04:59:16.520000-04:00,12.081141471862793,1.401442289352417,-10.679698944091797
2026-08-04T04:59:16.524000-04:00,11.988896369934082,2.087958335876465,-9.900938034057617
2026-08-04T04:59:16.528000-04:00,11.916059494018555,2.2005462646484375,-9.715513229370117
2026-08-04T04:59:16.532000-04:00,11.897704124450684,2.0722920894622803,-9.825411796569824
2026-08-04T04:59:16.536000-04:00,11.831414222717285,1.7551056146621704,-10.076308250427246
2026-08-04T04:59:16.540000-04:00,11.742325782775879,1.0551444292068481,-10.68718147277832
2026-08-04T04:59:16.544000-04:00,11.661538124084473,0.48144984245300293,-11.18008804321289
2026-08-04T04:59:16.548000-04:00,11.715669631958008,0.2360483855009079,-11.479620933532715
2026-08-04T04:59:16.552000-04:00,11.840415954589844,0.1405300498008728,-11.699886322021484
2026-08-04T04:59:16.556000-04:00,11.866955757141113,0.10522216558456421,-11.761734008789062
2026-08-04T04:59:16.560000-04:00,11.8367919921875,0.004442713689059019,-11.832348823547363
2026-08-04T04:59:16.564000-04:00,11.82241153717041,-0.056586138904094696,-11.878997802734375
2026-08-04T04:59:16.568000-04:00,11.827438354492188,-0.07155106961727142,-11.8989896774292
2026-08-04T04:59:16.572000-04:00,11.84123420715332,-0.06839440762996674,-11.909628868103027
2026-08-04T04:59:16.576000-04:00,11.840182304382324,-0.08967266231775284,-11.929855346679688
2026-08-04T04:59:16.580000-04:00,11.841702461242676,-0.08815278857946396,-11.929855346679688
2026-08-04T04:59:16.584000-04:00,11.840649604797363,-0.09925957024097443,-11.939908981323242
2026-08-04T04:59:16.588000-04:00,11.830829620361328,-0.12053783237934113,-11.951367378234863
2026-08-04T04:59:16.592000-04:00,11.819722175598145,-0.13561967015266418,-11.955342292785645
2026-08-04T04:59:16.596000-04:00,11.848365783691406,-0.10931413620710373,-11.957679748535156
2026-08-04T04:59:16.600000-04:00,11.851288795471191,-0.10674203932285309,-11.958030700683594
2026-08-04T04:59:16.604000-04:00,11.845209121704102,-0.10580673068761826,-11.95101547241211
2026-08-04T04:59:16.608000-04:00,11.843923568725586,-0.08862044662237167,-11.932543754577637
2026-08-04T04:59:16.612000-04:00,11.836908340454102,-0.08897118270397186,-11.92587947845459
2026-08-04T04:59:16.616000-04:00,11.854796409606934,-0.06325021386146545,-11.918046951293945
2026-08-04T04:59:16.620000-04:00,11.844040870666504,-0.0823071151971817,-11.926347732543945
2026-08-04T04:59:16.624000-04:00,11.862045288085938,-0.08242402970790863,-11.944469451904297
2026-08-04T04:59:16.628000-04:00,11.853510856628418,-0.0786827951669693,-11.932193756103516
2026-08-04T04:59:16.632000-04:00,11.856901168823242,-0.037763066589832306,-11.89466381072998
2026-08-04T04:59:16.636000-04:00,11.872567176818848,-0.018004681915044785,-11.890571594238281
2026-08-04T04:59:16.640000-04:00,11.8906888961792,-0.010756043717265129,-11.901445388793945
2026-08-04T04:59:16.644000-04:00,11.868474960327148,-0.03320343792438507,-11.901678085327148
2026-08-04T04:59:16.648000-04:00,11.878646850585938,-0.026890108361840248,-11.905536651611328
2026-08-04T04:59:16.652000-04:00,11.895833015441895,-0.014848016202449799,-11.910680770874023
2026-08-04T04:59:16.656000-04:00,11.906238555908203,0.002455183770507574,-11.903783798217773
2026-08-04T04:59:16.660000-04:00,11.905770301818848,0.011340610682964325,-11.894430160522461
2026-08-04T04:59:16.664000-04:00,11.902848243713379,0.02934529259800911,-11.873502731323242
2026-08-04T04:59:16.668000-04:00,11.90881061553955,0.06453625857830048,-11.844274520874023
2026-08-04T04:59:16.672000-04:00,11.922372817993164,0.08522994816303253,-11.837142944335938
2026-08-04T04:59:16.676000-04:00,11.933362007141113,0.08663291484117508,-11.846729278564453
2026-08-04T04:59:16.680000-04:00,11.956511497497559,0.12264227867126465,-11.833868980407715
2026-08-04T04:59:16.684000-04:00,11.957680702209473,0.12264227867126465,-11.835038185119629
2026-08-04T04:59:16.688000-04:00,11.958732604980469,0.1637958288192749,-11.794937133789062
2026-08-04T04:59:16.692000-04:00,11.976036071777344,0.1758379191160202,-11.800198554992676
2026-08-04T04:59:16.696000-04:00,11.998483657836914,0.21091197431087494,-11.787571907043457
2026-08-04T04:59:16.700000-04:00,12.007369041442871,0.23090419173240662,-11.776464462280273
2026-08-04T04:59:16.704000-04:00,12.021281242370605,0.2722915709018707,-11.748990058898926
2026-08-04T04:59:16.708000-04:00,12.02853012084961,0.29812946915626526,-11.730401039123535
2026-08-04T04:59:16.712000-04:00,12.0513277053833,0.3624318838119507,-11.688896179199219
2026-08-04T04:59:16.716000-04:00,12.080673217773438,0.4131723642349243,-11.667500495910645
2026-08-04T04:59:16.720000-04:00,12.092948913574219,0.4364381432533264,-11.656510353088379
2026-08-04T04:59:16.724000-04:00,12.103705406188965,0.44181618094444275,-11.66188907623291
2026-08-04T04:59:16.728000-04:00,12.117267608642578,0.45537814497947693,-11.66188907623291
2026-08-04T04:59:16.732000-04:00,12.125100135803223,0.4600546658039093,-11.665045738220215
2026-08-04T04:59:16.736000-04:00,12.150588035583496,0.4812160134315491,-11.669371604919434
2026-08-04T04:59:16.740000-04:00,12.135856628417969,0.48752936720848083,-11.648326873779297
2026-08-04T04:59:16.744000-04:00,12.122528076171875,0.49594712257385254,-11.626581192016602
2026-08-04T04:59:16.748000-04:00,12.11492919921875,0.5065862536430359,-11.608343124389648
2026-08-04T04:59:16.752000-04:00,12.11083698272705,0.4933750331401825,-11.617462158203125
2026-08-04T04:59:16.756000-04:00,12.105692863464355,0.48788008093833923,-11.617813110351562
2026-08-04T04:59:16.760000-04:00,12.106043815612793,0.4694077670574188,-11.636635780334473
2026-08-04T04:59:16.764000-04:00,12.081257820129395,0.40896347165107727,-11.672294616699219
2026-08-04T04:59:16.768000-04:00,12.035778999328613,0.348051518201828,-11.687727928161621
2026-08-04T04:59:16.772000-04:00,12.033556938171387,0.3308652341365814,-11.702692031860352
2026-08-04T04:59:16.776000-04:00,12.014967918395996,0.30081847310066223,-11.714149475097656
2026-08-04T04:59:16.780000-04:00,11.996612548828125,0.25826194882392883,-11.738350868225098
2026-08-04T04:59:16.784000-04:00,11.96072006225586,0.20050667226314545,-11.760213851928711
2026-08-04T04:59:16.788000-04:00,11.92143726348877,0.1445050984621048,-11.776931762695312
2026-08-04T04:59:16.792000-04:00,11.908108711242676,0.11773190647363663,-11.790376663208008
2026-08-04T04:59:16.796000-04:00,11.890806198120117,0.07435699552297592,-11.816449165344238
2026-08-04T04:59:16.800000-04:00,11.882505416870117,0.04115355759859085,-11.841351509094238
2026-08-04T04:59:16.804000-04:00,11.864733695983887,-0.009586907923221588,-11.874320983886719
2026-08-04T04:59:16.808000-04:00,11.8450927734375,-0.03846454620361328,-11.883557319641113
2026-08-04T04:59:16.812000-04:00,11.827555656433105,-0.07248637825250626,-11.900041580200195
2026-08-04T04:59:16.816000-04:00,11.855965614318848,-0.09107562899589539,-11.947041511535645
2026-08-04T04:59:16.820000-04:00,11.845443725585938,-0.08885426819324493,-11.934297561645508
2026-08-04T04:59:16.824000-04:00,11.797040939331055,-0.1184333860874176,-11.915473937988281
2026-08-04T04:59:16.828000-04:00,11.798561096191406,-0.11691351234912872,-11.915474891662598
2026-08-04T04:59:16.832000-04:00,11.798093795776367,-0.15187065303325653,-11.94996452331543
2026-08-04T04:59:16.836000-04:00,11.787103652954102,-0.1698753386735916,-11.956978797912598
2026-08-04T04:59:16.840000-04:00,11.786285400390625,-0.15222139656543732,-11.938507080078125
2026-08-04T04:59:16.844000-04:00,11.784531593322754,-0.16753706336021423,-11.952068328857422
2026-08-04T04:59:16.848000-04:00,11.784882545471191,-0.1613406538963318,-11.946223258972168
2026-08-04T04:59:16.852000-04:00,11.776815414428711,-0.17034299671649933,-11.947158813476562
2026-08-04T04:59:16.856000-04:00,11.781725883483887,-0.17233051359653473,-11.954056739807129
2026-08-04T04:59:16.860000-04:00,11.77482795715332,-0.17127829790115356,-11.94610595703125
2026-08-04T04:59:16.864000-04:00,11.79142951965332,-0.15502731502056122,-11.946456909179688
2026-08-04T04:59:16.868000-04:00,11.765942573547363,-0.18495717644691467,-11.950900077819824
2026-08-04T04:59:16.872000-04:00,11.763370513916016,-0.19080285727977753,-11.95417308807373
2026-08-04T04:59:16.876000-04:00,11.768630981445312,-0.16660176217556,-11.935233116149902
2026-08-04T04:59:16.880000-04:00,11.772723197937012,-0.16718631982803345,-11.939909934997559
2026-08-04T04:59:16.884000-04:00,11.776815414428711,-0.16473114490509033,-11.941546440124512
2026-08-04T04:59:16.888000-04:00,11.7828950881958,-0.1626266986131668,-11.945521354675293
2026-08-04T04:59:16.892000-04:00,11.777984619140625,-0.1565471887588501,-11.934532165527344
2026-08-04T04:59:16.896000-04:00,11.795989036560059,-0.15222139656543732,-11.948210716247559
2026-08-04T04:59:16.900000-04:00,11.78780460357666,-0.16040533781051636,-11.948209762573242
2026-08-04T04:59:16.904000-04:00,11.798443794250488,-0.14438818395137787,-11.942831993103027
2026-08-04T04:59:16.908000-04:00,11.783245086669922,-0.13842560350894928,-11.921670913696289
2026-08-04T04:59:16.912000-04:00,11.788389205932617,-0.1268511563539505,-11.915240287780762
2026-08-04T04:59:16.916000-04:00,11.780439376831055,-0.13024164736270905,-11.910680770874023
2026-08-04T04:59:16.920000-04:00,11.789091110229492,-0.1256820261478424,-11.914772987365723
2026-08-04T04:59:16.924000-04:00,11.793416976928711,-0.11328919231891632,-11.906705856323242
2026-08-04T04:59:16.928000-04:00,11.807913780212402,-0.10054562240839005,-11.908459663391113
2026-08-04T04:59:16.932000-04:00,11.799263000488281,-0.10066253691911697,-11.899925231933594
2026-08-04T04:59:16.936000-04:00,11.811772346496582,-0.09727204591035843,-11.90904426574707
2026-08-04T04:59:16.940000-04:00,11.80627727508545,-0.10744351893663406,-11.913721084594727
2026-08-04T04:59:16.944000-04:00,11.795755386352539,-0.101948581635952,-11.897704124450684
2026-08-04T04:59:16.948000-04:00,11.80826473236084,-0.09119254350662231,-11.899456977844238
2026-08-04T04:59:16.952000-04:00,11.804991722106934,-0.07833205163478851,-11.883323669433594
2026-08-04T04:59:16.956000-04:00,11.815513610839844,-0.0927124172449112,-11.908226013183594
2026-08-04T04:59:16.960000-04:00,11.817968368530273,-0.08698365092277527,-11.904952049255371
2026-08-04T04:59:16.964000-04:00,11.812005996704102,-0.08639908581972122,-11.898405075073242
2026-08-04T04:59:16.968000-04:00,11.811655044555664,-0.0935308113694191,-11.90518569946289
2026-08-04T04:59:16.972000-04:00,11.802068710327148,-0.09423229098320007,-11.89630126953125
2026-08-04T04:59:16.976000-04:00,11.8118896484375,-0.09621982276439667,-11.908109664916992
2026-08-04T04:59:16.980000-04:00,11.80557632446289,-0.09236167371273041,-11.897937774658203
2026-08-04T04:59:16.984000-04:00,11.801484107971191,-0.10931413620710373,-11.910798072814941
2026-08-04T04:59:16.988000-04:00,11.805926322937012,-0.1120031476020813,-11.917929649353027
2026-08-04T04:59:16.992000-04:00,11.806628227233887,-0.1007794514298439,-11.907407760620117
2026-08-04T04:59:16.996000-04:00,11.821826934814453,-0.11726425588130951,-11.939090728759766
2026-08-04T04:59:17-04:00,11.809200286865234,-0.11960252374410629,-11.928802490234375
2026-08-04T04:59:17.004000-04:00,11.808148384094238,-0.12556511163711548,-11.933713912963867
2026-08-04T04:59:17.008000-04:00,11.796924591064453,-0.12264227867126465,-11.919567108154297
2026-08-04T04:59:17.012000-04:00,11.799612998962402,-0.1304754763841629,-11.93008804321289
2026-08-04T04:59:17.016000-04:00,11.812824249267578,-0.12895560264587402,-11.941780090332031
2026-08-04T04:59:17.020000-04:00,11.824516296386719,-0.11621203273534775,-11.940728187561035
2026-08-04T04:59:17.024000-04:00,11.82264518737793,-0.07342168688774109,-11.896066665649414
2026-08-04T04:59:17.028000-04:00,11.809433937072754,-0.07751365751028061,-11.886947631835938
2026-08-04T04:59:17.032000-04:00,11.804523468017578,-0.055300090461969376,-11.859823226928711
2026-08-04T04:59:17.036000-04:00,11.813408851623535,-0.051441945135593414,-11.864850997924805
2026-08-04T04:59:17.040000-04:00,11.824048042297363,-0.07342168688774109,-11.897469520568848
2026-08-04T04:59:17.044000-04:00,11.811070442199707,-0.06406860798597336,-11.875139236450195
2026-08-04T04:59:17.048000-04:00,11.818085670471191,-0.027007021009922028,-11.8450927734375
2026-08-04T04:59:17.052000-04:00,11.792715072631836,0.02525331825017929,-11.767461776733398
2026-08-04T04:59:17.056000-04:00,11.791780471801758,0.028877638280391693,-11.762903213500977
2026-08-04T04:59:17.060000-04:00,11.814461708068848,0.030397513881325722,-11.784064292907715
2026-08-04T04:59:17.064000-04:00,11.794586181640625,0.028994550928473473,-11.765591621398926
2026-08-04T04:59:17.068000-04:00,11.782075881958008,0.029696032404899597,-11.752379417419434
2026-08-04T04:59:17.072000-04:00,11.795989036560059,0.032735783606767654,-11.763253211975098
2026-08-04T04:59:17.076000-04:00,11.823229789733887,0.005144194699823856,-11.818085670471191
2026-08-04T04:59:17.080000-04:00,11.831530570983887,-0.012159005738794804,-11.843689918518066
2026-08-04T04:59:17.084000-04:00,11.817267417907715,-0.033788006752729416,-11.851055145263672
2026-08-04T04:59:17.088000-04:00,11.80604362487793,-0.0778644010424614,-11.88390827178955
2026-08-04T04:59:17.092000-04:00,11.818436622619629,-0.09411537647247314,-11.912551879882812
2026-08-04T04:59:17.096000-04:00,11.807563781738281,-0.12907251715660095,-11.936635971069336
2026-08-04T04:59:17.100000-04:00,11.789324760437012,-0.16601718962192535,-11.955342292785645
2026-08-04T04:59:17.104000-04:00,11.763720512390137,-0.16601718962192535,-11.92973804473877
2026-08-04T04:59:17.108000-04:00,11.768280029296875,-0.17373348772525787,-11.94201374053955
2026-08-04T04:59:17.112000-04:00,11.782426834106445,-0.16367891430854797,-11.94610595703125
2026-08-04T04:59:17.116000-04:00,11.778218269348145,-0.16239286959171295,-11.940610885620117
2026-08-04T04:59:17.120000-04:00,11.78137493133545,-0.16473114490509033,-11.94610595703125
2026-08-04T04:59:17.124000-04:00,11.770735740661621,-0.18939989805221558,-11.960135459899902
2026-08-04T04:59:17.128000-04:00,11.767579078674316,-0.21605616807937622,-11.983634948730469
2026-08-04T04:59:17.132000-04:00,11.765007019042969,-0.20144198834896088,-11.966448783874512
2026-08-04T04:59:17.136000-04:00,11.770033836364746,-0.20202654600143433,-11.972060203552246
2026-08-04T04:59:17.140000-04:00,11.765357971191406,-0.1966485232114792,-11.962006568908691
2026-08-04T04:59:17.144000-04:00,11.748990058898926,-0.2192128449678421,-11.968202590942383
2026-08-04T04:59:17.148000-04:00,11.748990058898926,-0.2248246818780899,-11.973814964294434
2026-08-04T04:59:17.152000-04:00,11.757991790771484,-0.22424012422561646,-11.982232093811035
2026-08-04T04:59:17.156000-04:00,11.772138595581055,-0.2055339515209198,-11.977672576904297
2026-08-04T04:59:17.160000-04:00,11.759511947631836,-0.20378024876117706,-11.963292121887207
2026-08-04T04:59:17.164000-04:00,11.75436782836914,-0.19419334828853607,-11.94856071472168
2026-08-04T04:59:17.168000-04:00,11.720930099487305,-0.17677323520183563,-11.897703170776367
2026-08-04T04:59:17.172000-04:00,11.707953453063965,-0.13632115721702576,-11.844274520874023
2026-08-04T04:59:17.176000-04:00,11.76898193359375,-0.11796573549509048,-11.886947631835938
2026-08-04T04:59:17.180000-04:00,11.852341651916504,-0.06886205822229385,-11.92120361328125
2026-08-04T04:59:17.184000-04:00,11.944936752319336,0.04279034584760666,-11.902146339416504
2026-08-04T04:59:17.188000-04:00,12.124515533447266,0.3556509017944336,-11.768864631652832
2026-08-04T04:59:17.192000-04:00,12.111421585083008,0.7670695781707764,-11.344351768493652
2026-08-04T04:59:17.196000-04:00,12.05273151397705,1.567225694656372,-10.485506057739258
2026-08-04T04:59:17.200000-04:00,11.996612548828125,2.0487923622131348,-9.947820663452148
2026-08-04T04:59:17.204000-04:00,11.905069351196289,2.2818009853363037,-9.623268127441406
2026-08-04T04:59:17.208000-04:00,11.88028335571289,2.1593925952911377,-9.720890998840332
2026-08-04T04:59:17.212000-04:00,11.820073127746582,1.7655109167099,-10.05456256866455
2026-08-04T04:59:17.216000-04:00,11.753783226013184,1.030826449394226,-10.722956657409668
2026-08-04T04:59:17.220000-04:00,11.732037544250488,0.6626657843589783,-11.069372177124023
2026-08-04T04:59:17.224000-04:00,11.776347160339355,0.25908035039901733,-11.517267227172852
2026-08-04T04:59:17.228000-04:00,11.833518028259277,0.19091977179050446,-11.642598152160645
2026-08-04T04:59:17.232000-04:00,11.877360343933105,0.11527672410011292,-11.762084007263184
2026-08-04T04:59:17.236000-04:00,11.844274520874023,0.07272020727396011,-11.771553993225098
2026-08-04T04:59:17.240000-04:00,11.820540428161621,-0.0077162920497357845,-11.828256607055664
2026-08-04T04:59:17.244000-04:00,11.82241153717041,-0.021745912730693817,-11.844157218933105
2026-08-04T04:59:17.248000-04:00,11.819605827331543,-0.042205777019262314,-11.861811637878418
2026-08-04T04:59:17.252000-04:00,11.829543113708496,-0.060678113251924515,-11.89022159576416
2026-08-04T04:59:17.256000-04:00,11.828373908996582,-0.07038193196058273,-11.89875602722168
2026-08-04T04:59:17.260000-04:00,11.844274520874023,-0.08932192623615265,-11.93359661102295
2026-08-04T04:59:17.264000-04:00,11.837142944335938,-0.10171476006507874,-11.938858032226562
2026-08-04T04:59:17.268000-04:00,11.837492942810059,-0.09551834315061569,-11.933011054992676
2026-08-04T04:59:17.272000-04:00,11.836441040039062,-0.0895557552576065,-11.925996780395508
2026-08-04T04:59:17.276000-04:00,11.846378326416016,-0.10054562240839005,-11.946924209594727
2026-08-04T04:59:17.280000-04:00,11.8450927734375,-0.06816057860851288,-11.913253784179688
2026-08-04T04:59:17.284000-04:00,11.845911026000977,-0.06371786445379257,-11.909628868103027
2026-08-04T04:59:17.288000-04:00,11.8450927734375,-0.06617304682731628,-11.91126537322998
2026-08-04T04:59:17.292000-04:00,11.852691650390625,-0.046180836856365204,-11.898872375488281
2026-08-04T04:59:17.296000-04:00,11.861811637878418,-0.03823072090744972,-11.900042533874512
2026-08-04T04:59:17.300000-04:00,11.868124961853027,-0.03215121477842331,-11.900276184082031
2026-08-04T04:59:17.304000-04:00,11.851055145263672,-0.03834763169288635,-11.889402389526367
2026-08-04T04:59:17.308000-04:00,11.86555290222168,-0.016601718962192535,-11.88215446472168
2026-08-04T04:59:17.312000-04:00,11.877243995666504,-0.001870616222731769,-11.879114151000977
2026-08-04T04:59:17.316000-04:00,11.889753341674805,0.021979739889502525,-11.86777400970459
2026-08-04T04:59:17.320000-04:00,11.877360343933105,0.023616530001163483,-11.853743553161621
2026-08-04T04:59:17.324000-04:00,11.889403343200684,0.0453624427318573,-11.844040870666504
2026-08-04T04:59:17.328000-04:00,11.889870643615723,0.04933750256896019,-11.840533256530762
2026-08-04T04:59:17.332000-04:00,11.918631553649902,0.06979736685752869,-11.848834037780762
2026-08-04T04:59:17.336000-04:00,11.933479309082031,0.06874514371156693,-11.864733695983887
2026-08-04T04:59:17.340000-04:00,11.952068328857422,0.10229932516813278,-11.84976863861084
2026-08-04T04:59:17.344000-04:00,11.954991340637207,0.11901795864105225,-11.835973739624023
2026-08-04T04:59:17.348000-04:00,11.93558406829834,0.11597820371389389,-11.819605827331543
2026-08-04T04:59:17.352000-04:00,11.933128356933594,0.1321122646331787,-11.801015853881836
2026-08-04T04:59:17.356000-04:00,11.923073768615723,0.14403745532035828,-11.779036521911621
2026-08-04T04:59:17.360000-04:00,11.934297561645508,0.17244742810726166,-11.761850357055664
2026-08-04T04:59:17.364000-04:00,11.959083557128906,0.19922062754631042,-11.759862899780273
2026-08-04T04:59:17.368000-04:00,11.994742393493652,0.23873738944530487,-11.75600528717041
2026-08-04T04:59:17.372000-04:00,12.027360916137695,0.27965712547302246,-11.747703552246094
2026-08-04T04:59:17.376000-04:00,12.056589126586914,0.32022610306739807,-11.736363410949707
2026-08-04T04:59:17.380000-04:00,12.052029609680176,0.3399845063686371,-11.712044715881348
2026-08-04T04:59:17.384000-04:00,12.045716285705566,0.34781768918037415,-11.697898864746094
2026-08-04T04:59:17.388000-04:00,12.067111015319824,0.3865160644054413,-11.680595397949219
2026-08-04T04:59:17.392000-04:00,12.082193374633789,0.40966495871543884,-11.672528266906738
2026-08-04T04:59:17.396000-04:00,12.124515533447266,0.4599377512931824,-11.66457748413086
2026-08-04T04:59:17.400000-04:00,12.14813232421875,0.5068200826644897,-11.641312599182129
2026-08-04T04:59:17.404000-04:00,12.141936302185059,0.5352300405502319,-11.606706619262695
2026-08-04T04:59:17.408000-04:00,12.11492919921875,0.5248247385025024,-11.590104103088379
2026-08-04T04:59:17.412000-04:00,12.115396499633789,0.5257600545883179,-11.58963680267334
2026-08-04T04:59:17.416000-04:00,12.141118049621582,0.5576774477958679,-11.583440780639648
2026-08-04T04:59:17.420000-04:00,12.135154724121094,0.5611848831176758,-11.573969841003418
2026-08-04T04:59:17.424000-04:00,12.141234397888184,0.5542869567871094,-11.586947441101074
2026-08-04T04:59:17.428000-04:00,12.136557579040527,0.5404911637306213,-11.59606647491455
2026-08-04T04:59:17.432000-04:00,12.119722366333008,0.5337101817131042,-11.58601188659668
2026-08-04T04:59:17.436000-04:00,12.118319511413574,0.5174592137336731,-11.600860595703125
2026-08-04T04:59:17.440000-04:00,12.09201431274414,0.47104454040527344,-11.620969772338867
2026-08-04T04:59:17.444000-04:00,12.063253402709961,0.4194856882095337,-11.643767356872559
2026-08-04T04:59:17.448000-04:00,12.04513168334961,0.37996891140937805,-11.665163040161133
2026-08-04T04:59:17.452000-04:00,12.020462989807129,0.3208106756210327,-11.699652671813965
2026-08-04T04:59:17.456000-04:00,12.008888244628906,0.2922837734222412,-11.716604232788086
2026-08-04T04:59:17.460000-04:00,11.978139877319336,0.22973506152629852,-11.748404502868652
2026-08-04T04:59:17.464000-04:00,11.968085289001465,0.20144198834896088,-11.766643524169922
2026-08-04T04:59:17.468000-04:00,11.925763130187988,0.14076386392116547,-11.784998893737793
2026-08-04T04:59:17.472000-04:00,11.914422035217285,0.08850353211164474,-11.825918197631836
2026-08-04T04:59:17.476000-04:00,11.883323669433594,0.06418552249670029,-11.819138526916504
2026-08-04T04:59:17.480000-04:00,11.888935089111328,0.04828527942299843,-11.840649604797363
2026-08-04T04:59:17.484000-04:00,11.8782958984375,0.00233827019110322,-11.875957489013672
2026-08-04T04:59:17.488000-04:00,11.862629890441895,-0.028293069452047348,-11.890922546386719
2026-08-04T04:59:17.492000-04:00,11.859940528869629,-0.04033516347408295,-11.900275230407715
2026-08-04T04:59:17.496000-04:00,11.855147361755371,-0.05693688243627548,-11.912084579467773
2026-08-04T04:59:17.500000-04:00,11.83071231842041,-0.05974280461668968,-11.89045524597168
2026-08-04T04:59:17.504000-04:00,11.816682815551758,-0.07120033353567123,-11.887883186340332
2026-08-04T04:59:17.508000-04:00,11.803004264831543,-0.0879189595580101,-11.890923500061035
2026-08-04T04:59:17.512000-04:00,11.808966636657715,-0.08639908581972122,-11.895365715026855
2026-08-04T04:59:17.516000-04:00,11.82486629486084,-0.09551834315061569,-11.920384407043457
2026-08-04T04:59:17.520000-04:00,11.812474250793457,-0.08616525679826736,-11.898639678955078
2026-08-04T04:59:17.524000-04:00,11.808382034301758,-0.10335154831409454,-11.911733627319336
2026-08-04T04:59:17.528000-04:00,11.802653312683105,-0.10779426246881485,-11.910447120666504
2026-08-04T04:59:17.532000-04:00,11.800782203674316,-0.10849574208259583,-11.90927791595459
2026-08-04T04:59:17.536000-04:00,11.80627727508545,-0.09925957024097443,-11.905536651611328
2026-08-04T04:59:17.540000-04:00,11.807446479797363,-0.10568981617689133,-11.91313648223877
2026-08-04T04:59:17.544000-04:00,11.791312217712402,-0.1469602882862091,-11.938272476196289
2026-08-04T04:59:17.548000-04:00,11.776581764221191,-0.13503511250019073,-11.911617279052734
2026-08-04T04:59:17.552000-04:00,11.79797649383545,-0.12252536416053772,-11.920501708984375
2026-08-04T04:59:17.556000-04:00,11.802068710327148,-0.09961031377315521,-11.901679039001465
2026-08-04T04:59:17.560000-04:00,11.80627727508545,-0.09446612000465393,-11.90074348449707
2026-08-04T04:59:17.564000-04:00,11.80382251739502,-0.09773969650268555,-11.901561737060547
2026-08-04T04:59:17.568000-04:00,11.796924591064453,-0.10218241065740585,-11.899106979370117
2026-08-04T04:59:17.572000-04:00,11.790844917297363,-0.09060797095298767,-11.881452560424805
2026-08-04T04:59:17.576000-04:00,11.79587173461914,-0.08803587406873703,-11.883907318115234
2026-08-04T04:59:17.580000-04:00,11.80580997467041,-0.10066253691911697,-11.906472206115723
2026-08-04T04:59:17.584000-04:00,11.806628227233887,-0.08815278857946396,-11.894781112670898
2026-08-04T04:59:17.588000-04:00,11.803120613098145,-0.09201093763113022,-11.89513111114502
2026-08-04T04:59:17.592000-04:00,11.81411075592041,-0.07049884647130966,-11.88460922241211
2026-08-04T04:59:17.596000-04:00,11.813526153564453,-0.04781762883067131,-11.861343383789062
2026-08-04T04:59:17.600000-04:00,11.813642501831055,-0.05155885964632034,-11.865200996398926
2026-08-04T04:59:17.604000-04:00,11.810018539428711,-0.052494168281555176,-11.862512588500977
2026-08-04T04:59:17.608000-04:00,11.82241153717041,-0.034138746559619904,-11.856550216674805
2026-08-04T04:59:17.612000-04:00,11.815747261047363,-0.029579119756817818,-11.84532642364502
2026-08-04T04:59:17.616000-04:00,11.810369491577148,-0.05284490808844566,-11.863214492797852
2026-08-04T04:59:17.620000-04:00,11.823814392089844,-0.037763066589832306,-11.861577033996582
2026-08-04T04:59:17.624000-04:00,11.809433937072754,-0.0369446687400341,-11.846378326416016
2026-08-04T04:59:17.628000-04:00,11.827088356018066,-0.030280599370598793,-11.857369422912598
2026-08-04T04:59:17.632000-04:00,11.81633186340332,-0.03156664967536926,-11.847898483276367
2026-08-04T04:59:17.636000-04:00,11.822060585021973,-0.022096654400229454,-11.844157218933105
2026-08-04T04:59:17.640000-04:00,11.825568199157715,-0.0015198757173493505,-11.827088356018066
2026-08-04T04:59:17.644000-04:00,11.809667587280273,-0.04162121191620827,-11.851288795471191
2026-08-04T04:59:17.648000-04:00,11.810603141784668,-0.03367109224200249,-11.844274520874023
2026-08-04T04:59:17.652000-04:00,11.823697090148926,-0.01742011308670044,-11.841116905212402
2026-08-04T04:59:17.656000-04:00,11.827906608581543,-0.023733442649245262,-11.851639747619629
2026-08-04T04:59:17.660000-04:00,11.829660415649414,-0.025954799726605415,-11.855615615844727
2026-08-04T04:59:17.664000-04:00,11.82264518737793,-0.030280599370598793,-11.852926254272461
2026-08-04T04:59:17.668000-04:00,11.811421394348145,-0.03752923756837845,-11.848950386047363
2026-08-04T04:59:17.672000-04:00,11.82241153717041,-0.028760723769664764,-11.85117244720459
2026-08-04T04:59:17.676000-04:00,11.826035499572754,-0.03180047497153282,-11.85783576965332
2026-08-04T04:59:17.680000-04:00,11.812824249267578,-0.037996891885995865,-11.850821495056152
2026-08-04T04:59:17.684000-04:00,11.809551239013672,-0.0658223107457161,-11.875373840332031
2026-08-04T04:59:17.688000-04:00,11.815980911254883,-0.07283712178468704,-11.88881778717041
2026-08-04T04:59:17.692000-04:00,11.811538696289062,-0.07236946374177933,-11.88390827178955
2026-08-04T04:59:17.696000-04:00,11.826269149780273,-0.04968824237585068,-11.875957489013672
2026-08-04T04:59:17.700000-04:00,11.829660415649414,-0.023031963035464287,-11.852692604064941
2026-08-04T04:59:17.704000-04:00,11.820891380310059,0.006196416448801756,-11.814695358276367
2026-08-04T04:59:17.708000-04:00,11.805692672729492,0.004910367541015148,-11.800782203674316
2026-08-04T04:59:17.712000-04:00,11.813175201416016,0.008183945901691914,-11.804991722106934
2026-08-04T04:59:17.716000-04:00,11.818903923034668,0.02794232964515686,-11.790961265563965
2026-08-04T04:59:17.720000-04:00,11.824048042297363,0.016484806314110756,-11.807562828063965
2026-08-04T04:59:17.724000-04:00,11.821826934814453,0.02525331825017929,-11.796573638916016
2026-08-04T04:59:17.728000-04:00,11.813993453979492,0.05752144753932953,-11.756471633911133
2026-08-04T04:59:17.732000-04:00,11.78944206237793,0.09294624626636505,-11.69649600982666
2026-08-04T04:59:17.736000-04:00,11.801600456237793,0.10650821030139923,-11.69509220123291
2026-08-04T04:59:17.740000-04:00,11.803354263305664,0.11352302134037018,-11.689830780029297
2026-08-04T04:59:17.744000-04:00,11.800899505615234,0.11796573549509048,-11.682933807373047
2026-08-04T04:59:17.748000-04:00,11.79797649383545,0.09621982276439667,-11.701756477355957
2026-08-04T04:59:17.752000-04:00,11.813642501831055,0.11317227780818939,-11.700469970703125
2026-08-04T04:59:17.756000-04:00,11.82872486114502,0.08569760620594025,-11.743027687072754
2026-08-04T04:59:17.760000-04:00,11.825100898742676,0.05050663650035858,-11.7745943069458
2026-08-04T04:59:17.764000-04:00,11.813408851623535,0.02794232964515686,-11.785466194152832
2026-08-04T04:59:17.768000-04:00,11.81457805633545,0.007833205163478851,-11.806744575500488
2026-08-04T04:59:17.772000-04:00,11.805108070373535,-0.01590023748576641,-11.821008682250977
2026-08-04T04:59:17.776000-04:00,11.804523468017578,-0.029929859563708305,-11.834453582763672
2026-08-04T04:59:17.780000-04:00,11.790026664733887,-0.06114576756954193,-11.85117244720459
2026-08-04T04:59:17.784000-04:00,11.784647941589355,-0.07704600691795349,-11.8616943359375
2026-08-04T04:59:17.788000-04:00,11.767579078674316,-0.10101327300071716,-11.868592262268066
2026-08-04T04:59:17.792000-04:00,11.778100967407227,-0.09668747335672379,-11.874788284301758
2026-08-04T04:59:17.796000-04:00,11.788740158081055,-0.10861265659332275,-11.897353172302246
2026-08-04T04:59:17.800000-04:00,11.780556678771973,-0.09469994902610779,-11.875256538391113
2026-08-04T04:59:17.804000-04:00,11.776931762695312,-0.12556511163711548,-11.902497291564941
2026-08-04T04:59:17.808000-04:00,11.773658752441406,-0.1344505399465561,-11.908109664916992
2026-08-04T04:59:17.812000-04:00,11.77319049835205,-0.1512860804796219,-11.924476623535156
2026-08-04T04:59:17.816000-04:00,11.774944305419922,-0.13982856273651123,-11.914772987365723
2026-08-04T04:59:17.820000-04:00,11.76676082611084,-0.14158226549625397,-11.908343315124512
2026-08-04T04:59:17.824000-04:00,11.736948013305664,-0.15116918087005615,-11.888116836547852
2026-08-04T04:59:17.828000-04:00,11.750626564025879,-0.1657833606004715,-11.916409492492676
2026-08-04T04:59:17.832000-04:00,11.754016876220703,-0.1702260822057724,-11.924242973327637
2026-08-04T04:59:17.836000-04:00,11.761383056640625,-0.16636793315410614,-11.927750587463379
2026-08-04T04:59:17.840000-04:00,11.738117218017578,-0.16274361312389374,-11.900860786437988
2026-08-04T04:59:17.844000-04:00,11.743144035339355,-0.13550275564193726,-11.878646850585938
2026-08-04T04:59:17.848000-04:00,11.727360725402832,-0.10615747421979904,-11.833518028259277
2026-08-04T04:59:17.852000-04:00,11.72361946105957,-0.06500391662120819,-11.788623809814453
2026-08-04T04:59:17.856000-04:00,11.759511947631836,-0.05494935065507889,-11.814461708068848
2026-08-04T04:59:17.860000-04:00,11.826035499572754,-0.0035074055194854736,-11.829543113708496
2026-08-04T04:59:17.864000-04:00,11.910213470458984,0.10966487973928452,-11.800548553466797
2026-08-04T04:59:17.868000-04:00,12.088857650756836,0.4585348069667816,-11.630322456359863
2026-08-04T04:59:17.872000-04:00,12.05319881439209,1.0321124792099,-11.021086692810059
2026-08-04T04:59:17.876000-04:00,12.040688514709473,1.5952849388122559,-10.445404052734375
2026-08-04T04:59:17.880000-04:00,11.96247386932373,2.298168897628784,-9.664304733276367
2026-08-04T04:59:17.884000-04:00,11.927165985107422,2.4256045818328857,-9.501561164855957
2026-08-04T04:59:17.888000-04:00,11.868124961853027,2.3272805213928223,-9.540843963623047
2026-08-04T04:59:17.892000-04:00,11.823463439941406,1.9530402421951294,-9.870423316955566
2026-08-04T04:59:17.896000-04:00,11.794001579284668,1.224902868270874,-10.569098472595215
2026-08-04T04:59:17.900000-04:00,11.800431251525879,0.8358147144317627,-10.964616775512695
2026-08-04T04:59:17.904000-04:00,11.817618370056152,0.3505067229270935,-11.467111587524414
2026-08-04T04:59:17.908000-04:00,11.890571594238281,0.2703040540218353,-11.620267868041992
2026-08-04T04:59:17.912000-04:00,11.885427474975586,0.21710839867591858,-11.668318748474121
2026-08-04T04:59:17.916000-04:00,11.822996139526367,0.12661734223365784,-11.696378707885742
2026-08-04T04:59:17.920000-04:00,11.833518028259277,0.09095871448516846,-11.742559432983398
2026-08-04T04:59:17.924000-04:00,11.826269149780273,0.051441945135593414,-11.774827003479004
2026-08-04T04:59:17.928000-04:00,11.819371223449707,0.016718631610274315,-11.802652359008789
2026-08-04T04:59:17.932000-04:00,11.824516296386719,0.006547156721353531,-11.81796932220459
2026-08-04T04:59:17.936000-04:00,11.827204704284668,0.009469994343817234,-11.817734718322754
2026-08-04T04:59:17.940000-04:00,11.82264518737793,-0.001286048674955964,-11.823931694030762
2026-08-04T04:59:17.944000-04:00,11.827438354492188,-0.0053780218586325645,-11.832816123962402
2026-08-04T04:59:17.948000-04:00,11.829425811767578,-0.008768513798713684,-11.838193893432617
2026-08-04T04:59:17.952000-04:00,11.829309463500977,-0.02642245404422283,-11.855731964111328
2026-08-04T04:59:17.956000-04:00,11.828607559204102,-0.006547156721353531,-11.83515453338623
2026-08-04T04:59:17.960000-04:00,11.838662147521973,0.007248637732118368,-11.831413269042969
2026-08-04T04:59:17.964000-04:00,11.842052459716797,-0.015081843361258507,-11.857133865356445
2026-08-04T04:59:17.968000-04:00,11.832466125488281,0.0,-11.832466125488281
2026-08-04T04:59:17.972000-04:00,11.852341651916504,0.011691351421177387,-11.84065055847168
2026-08-04T04:59:17.976000-04:00,11.844741821289062,0.02268122136592865,-11.822060585021973
2026-08-04T04:59:17.980000-04:00,11.854329109191895,0.03916602581739426,-11.815162658691406
2026-08-04T04:59:17.984000-04:00,11.844975471496582,0.03203430399298668,-11.812941551208496
2026-08-04T04:59:17.988000-04:00,11.854562759399414,0.04243960604071617,-11.81212329864502
2026-08-04T04:59:17.992000-04:00,11.850236892700195,0.046180836856365204,-11.804056167602539
2026-08-04T04:59:17.996000-04:00,11.865084648132324,0.059275150299072266,-11.805809020996094
2026-08-04T04:59:18-04:00,11.869644165039062,0.09025723487138748,-11.779386520385742
2026-08-04T04:59:18.004000-04:00,11.866722106933594,0.09002340584993362,-11.77669906616211
2026-08-04T04:59:18.008000-04:00,11.862629890441895,0.09809044003486633,-11.76453971862793
2026-08-04T04:59:18.012000-04:00,11.874320983886719,0.1083788275718689,-11.765942573547363
2026-08-04T04:59:18.016000-04:00,11.887649536132812,0.14017930626869202,-11.747469902038574
2026-08-04T04:59:18.020000-04:00,11.893845558166504,0.15362435579299927,-11.74022102355957
2026-08-04T04:59:18.024000-04:00,11.887064933776855,0.1593531221151352,-11.72771167755127
2026-08-04T04:59:18.028000-04:00,11.901679039001465,0.18039755523204803,-11.721281051635742
2026-08-04T04:59:18.032000-04:00,11.913019180297852,0.21348407864570618,-11.699535369873047
2026-08-04T04:59:18.036000-04:00,11.909862518310547,0.23932196199893951,-11.670540809631348
2026-08-04T04:59:18.040000-04:00,11.925529479980469,0.2432970255613327,-11.682232856750488
2026-08-04T04:59:18.044000-04:00,11.94587230682373,0.26352307200431824,-11.68234920501709
2026-08-04T04:59:18.048000-04:00,11.954874038696289,0.28234612941741943,-11.672528266906738
2026-08-04T04:59:18.052000-04:00,11.969371795654297,0.3260717988014221,-11.64330005645752
2026-08-04T04:59:18.056000-04:00,11.981180191040039,0.34980523586273193,-11.631375312805176
2026-08-04T04:59:18.060000-04:00,12.01835823059082,0.37400633096694946,-11.644351959228516
2026-08-04T04:59:18.064000-04:00,12.0181245803833,0.3963368237018585,-11.621788024902344
2026-08-04T04:59:18.068000-04:00,12.032271385192871,0.446726530790329,-11.58554458618164
2026-08-04T04:59:18.072000-04:00,12.064422607421875,0.5103275179862976,-11.554095268249512
2026-08-04T04:59:18.076000-04:00,12.081375122070312,0.5195636749267578,-11.561811447143555
2026-08-04T04:59:18.080000-04:00,12.082427024841309,0.5285660028457642,-11.553860664367676
2026-08-04T04:59:18.084000-04:00,12.08195972442627,0.5558068156242371,-11.526152610778809
2026-08-04T04:59:18.088000-04:00,12.086285591125488,0.5697195529937744,-11.516566276550293
2026-08-04T04:59:18.092000-04:00,12.086519241333008,0.5822293162345886,-11.504289627075195
2026-08-04T04:59:18.096000-04:00,12.108498573303223,0.6102885603904724,-11.498209953308105
2026-08-04T04:59:18.100000-04:00,12.098093032836914,0.6086517572402954,-11.48944091796875
2026-08-04T04:59:18.104000-04:00,12.09423542022705,0.5765005350112915,-11.51773452758789
2026-08-04T04:59:18.108000-04:00,12.087571144104004,0.5898286700248718,-11.497742652893066
2026-08-04T04:59:18.112000-04:00,12.078218460083008,0.5642246007919312,-11.513994216918945
2026-08-04T04:59:18.116000-04:00,12.073775291442871,0.5505457520484924,-11.523229598999023
2026-08-04T04:59:18.120000-04:00,12.04934024810791,0.5119642615318298,-11.537376403808594
2026-08-04T04:59:18.124000-04:00,12.01613712310791,0.46753713488578796,-11.548600196838379
2026-08-04T04:59:18.128000-04:00,11.993573188781738,0.42299309372901917,-11.57058048248291
2026-08-04T04:59:18.132000-04:00,11.966448783874512,0.3569369614124298,-11.609511375427246
2026-08-04T04:59:18.136000-04:00,11.940728187561035,0.30455970764160156,-11.636168479919434
2026-08-04T04:59:18.140000-04:00,11.923073768615723,0.27954021096229553,-11.643533706665039
2026-08-04T04:59:18.144000-04:00,11.899807929992676,0.22026506066322327,-11.679542541503906
2026-08-04T04:59:18.148000-04:00,11.877243995666504,0.1906859427690506,-11.68655776977539
2026-08-04T04:59:18.152000-04:00,11.848834037780762,0.1272018998861313,-11.72163200378418
2026-08-04T04:59:18.156000-04:00,11.8408842086792,0.10416994243860245,-11.736714363098145
2026-08-04T04:59:18.160000-04:00,11.82685375213623,0.06652379035949707,-11.760330200195312
2026-08-04T04:59:18.164000-04:00,11.81411075592041,0.05050663650035858,-11.763604164123535
2026-08-04T04:59:18.168000-04:00,11.782193183898926,0.011574437841773033,-11.770618438720703
2026-08-04T04:59:18.172000-04:00,11.781257629394531,0.004442713689059019,-11.776814460754395
2026-08-04T04:59:18.176000-04:00,11.784180641174316,-0.014263448305428028,-11.798443794250488
2026-08-04T04:59:18.180000-04:00,11.779854774475098,-0.009820735082030296,-11.78967571258545
2026-08-04T04:59:18.184000-04:00,11.771787643432617,-0.02022603712975979,-11.792014122009277
2026-08-04T04:59:18.188000-04:00,11.763486862182617,-0.04805145412683487,-11.811538696289062
2026-08-04T04:59:18.192000-04:00,11.760213851928711,-0.04758379980921745,-11.8077974319458
2026-08-04T04:59:18.196000-04:00,11.761850357055664,-0.047466885298490524,-11.809317588806152
2026-08-04T04:59:18.200000-04:00,11.765942573547363,-0.05588465929031372,-11.821826934814453
2026-08-04T04:59:18.204000-04:00,11.744780540466309,-0.0758768692612648,-11.820657730102539
2026-08-04T04:59:18.208000-04:00,11.750509262084961,-0.07903353869915009,-11.829543113708496
2026-08-04T04:59:18.212000-04:00,11.745248794555664,-0.0758768692612648,-11.821125984191895
2026-08-04T04:59:18.216000-04:00,11.746885299682617,-0.06535465270280838,-11.812239646911621
2026-08-04T04:59:18.220000-04:00,11.750743865966797,-0.05471552535891533,-11.805459022521973
2026-08-04T04:59:18.224000-04:00,11.73554515838623,-0.07879970967769623,-11.81434440612793
2026-08-04T04:59:18.228000-04:00,11.735076904296875,-0.06792674958705902,-11.803003311157227
2026-08-04T04:59:18.232000-04:00,11.740104675292969,-0.057989101856946945,-11.798093795776367
2026-08-04T04:59:18.236000-04:00,11.75658893585205,-0.04279034584760666,-11.799379348754883
2026-08-04T04:59:18.240000-04:00,11.744780540466309,-0.04828527942299843,-11.793066024780273
2026-08-04T04:59:18.244000-04:00,11.733674049377441,-0.04021824896335602,-11.773892402648926
2026-08-04T04:59:18.248000-04:00,11.728647232055664,-0.0453624427318573,-11.774009704589844
2026-08-04T04:59:18.252000-04:00,11.745716094970703,-0.03296961262822151,-11.778685569763184
2026-08-04T04:59:18.256000-04:00,11.745716094970703,-0.03191738948225975,-11.777633666992188
2026-08-04T04:59:18.260000-04:00,11.74244213104248,-0.016952458769083023,-11.759394645690918
2026-08-04T04:59:18.264000-04:00,11.739636421203613,-0.01858924888074398,-11.758225440979004
2026-08-04T04:59:18.268000-04:00,11.73823356628418,-0.02934529259800911,-11.767579078674316
2026-08-04T04:59:18.272000-04:00,11.739520072937012,-0.003741232445463538,-11.743261337280273
2026-08-04T04:59:18.276000-04:00,11.751562118530273,0.0022213568445295095,-11.749341011047363
2026-08-04T04:59:18.280000-04:00,11.747469902038574,0.011106783524155617,-11.736363410949707
2026-08-04T04:59:18.284000-04:00,11.745598793029785,0.00467654038220644,-11.740921974182129
2026-08-04T04:59:18.288000-04:00,11.75238037109375,0.004793453961610794,-11.747587203979492
2026-08-04T04:59:18.292000-04:00,11.76477336883545,-0.0021044432651251554,-11.766878128051758
2026-08-04T04:59:18.296000-04:00,11.769566535949707,0.00993764866143465,-11.759629249572754
2026-08-04T04:59:18.300000-04:00,11.768864631652832,0.018939988687634468,-11.749924659729004
2026-08-04T04:59:18.304000-04:00,11.75822639465332,0.024318011477589607,-11.733908653259277
2026-08-04T04:59:18.308000-04:00,11.759160995483398,0.018355421721935272,-11.740805625915527
2026-08-04T04:59:18.312000-04:00,11.760798454284668,0.02268122136592865,-11.738117218017578
2026-08-04T04:59:18.316000-04:00,11.758109092712402,0.027357762679457664,-11.730751037597656
2026-08-04T04:59:18.320000-04:00,11.757407188415527,0.018939988687634468,-11.7384672164917
2026-08-04T04:59:18.324000-04:00,11.757057189941406,0.019056903198361397,-11.73799991607666
2026-08-04T04:59:18.328000-04:00,11.757641792297363,0.015432584099471569,-11.742209434509277
2026-08-04T04:59:18.332000-04:00,11.758927345275879,0.025019491091370583,-11.733907699584961
2026-08-04T04:59:18.336000-04:00,11.766877174377441,0.028643811121582985,-11.73823356628418
2026-08-04T04:59:18.340000-04:00,11.76488971710205,0.020927518606185913,-11.743962287902832
2026-08-04T04:59:18.344000-04:00,11.745131492614746,0.03238504379987717,-11.712746620178223
2026-08-04T04:59:18.348000-04:00,11.75261402130127,0.0240841843187809,-11.728529930114746
2026-08-04T04:59:18.352000-04:00,11.767579078674316,0.011925178579986095,-11.755654335021973
2026-08-04T04:59:18.356000-04:00,11.770853042602539,0.02127826027572155,-11.749574661254883
2026-08-04T04:59:18.360000-04:00,11.754485130310059,-0.0038581460248678923,-11.758343696594238
2026-08-04T04:59:18.364000-04:00,11.751444816589355,0.00011691351392073557,-11.751327514648438
2026-08-04T04:59:18.368000-04:00,11.753665924072266,-0.010288389399647713,-11.763954162597656
2026-08-04T04:59:18.372000-04:00,11.749223709106445,-0.004208886530250311,-11.753432273864746
2026-08-04T04:59:18.376000-04:00,11.758810043334961,-0.000584567547775805,-11.759394645690918
2026-08-04T04:59:18.380000-04:00,11.759629249572754,0.000584567547775805,-11.759044647216797
2026-08-04T04:59:18.384000-04:00,11.75015926361084,-0.006313329562544823,-11.75647258758545
2026-08-04T04:59:18.388000-04:00,11.754485130310059,-0.01718628592789173,-11.771671295166016
2026-08-04T04:59:18.392000-04:00,11.749808311462402,-0.023616530001163483,-11.773425102233887
2026-08-04T04:59:18.396000-04:00,11.757057189941406,-0.0022213568445295095,-11.759278297424316
2026-08-04T04:59:18.400000-04:00,11.747703552246094,-0.027007021009922028,-11.774710655212402
2026-08-04T04:59:18.404000-04:00,11.73414134979248,-0.030865168198943138,-11.765006065368652
2026-08-04T04:59:18.408000-04:00,11.74045467376709,-0.030046772211790085,-11.770501136779785
2026-08-04T04:59:18.412000-04:00,11.73823356628418,-0.03846454620361328,-11.776698112487793
2026-08-04T04:59:18.416000-04:00,11.754250526428223,-0.020342951640486717,-11.774593353271484
2026-08-04T04:59:18.420000-04:00,11.753900527954102,-0.02642245404422283,-11.780323028564453
2026-08-04T04:59:18.424000-04:00,11.740922927856445,-0.03472331538796425,-11.775646209716797
2026-08-04T04:59:18.428000-04:00,11.7384672164917,-0.048519108444452286,-11.786986351013184
2026-08-04T04:59:18.432000-04:00,11.742676734924316,-0.041971951723098755,-11.784648895263672
2026-08-04T04:59:18.436000-04:00,11.750743865966797,-0.03823072090744972,-11.78897476196289
2026-08-04T04:59:18.440000-04:00,11.759044647216797,-0.022213567048311234,-11.781258583068848
2026-08-04T04:59:18.444000-04:00,11.773307800292969,0.01461418904364109,-11.75869369506836
2026-08-04T04:59:18.448000-04:00,11.763019561767578,0.029812946915626526,-11.733206748962402
2026-08-04T04:59:18.452000-04:00,11.743494987487793,0.029929859563708305,-11.7135648727417
2026-08-04T04:59:18.456000-04:00,11.753665924072266,0.03706158325076103,-11.716604232788086
2026-08-04T04:59:18.460000-04:00,11.75214672088623,0.04103664308786392,-11.71111011505127
2026-08-04T04:59:18.464000-04:00,11.752964973449707,0.05869058519601822,-11.694273948669434
2026-08-04T04:59:18.468000-04:00,11.74852180480957,0.09002340584993362,-11.658498764038086
2026-08-04T04:59:18.472000-04:00,11.737064361572266,0.1329306662082672,-11.604133605957031
2026-08-04T04:59:18.476000-04:00,11.731335639953613,0.13912707567214966,-11.592208862304688
2026-08-04T04:59:18.480000-04:00,11.740338325500488,0.12065474689006805,-11.619683265686035
2026-08-04T04:59:18.484000-04:00,11.731569290161133,0.11539363861083984,-11.616175651550293
2026-08-04T04:59:18.488000-04:00,11.730751037597656,0.13094313442707062,-11.599807739257812
2026-08-04T04:59:18.492000-04:00,11.751795768737793,0.13620424270629883,-11.615591049194336
2026-08-04T04:59:18.496000-04:00,11.776931762695312,0.13094313442707062,-11.645988464355469
2026-08-04T04:59:18.500000-04:00,11.771904945373535,0.08604834973812103,-11.685856819152832
2026-08-04T04:59:18.504000-04:00,11.750041961669922,0.045947011560201645,-11.704094886779785
2026-08-04T04:59:18.508000-04:00,11.737064361572266,0.006664070300757885,-11.730400085449219
2026-08-04T04:59:18.512000-04:00,11.743728637695312,0.022213567048311234,-11.721514701843262
2026-08-04T04:59:18.516000-04:00,11.748405456542969,0.01613406464457512,-11.732271194458008
2026-08-04T04:59:18.520000-04:00,11.74653434753418,-0.016367891803383827,-11.76290225982666
2026-08-04T04:59:18.524000-04:00,11.730050086975098,-0.05494935065507889,-11.78499984741211
2026-08-04T04:59:18.528000-04:00,11.726425170898438,-0.06874514371156693,-11.795170783996582
2026-08-04T04:59:18.532000-04:00,11.71333122253418,-0.0823071151971817,-11.795638084411621
2026-08-04T04:59:18.536000-04:00,11.72385311126709,-0.08862044662237167,-11.81247329711914
2026-08-04T04:59:18.540000-04:00,11.71941089630127,-0.09668747335672379,-11.8160982131958
2026-08-04T04:59:18.544000-04:00,11.712512969970703,-0.10861265659332275,-11.821125984191895
2026-08-04T04:59:18.548000-04:00,11.718008041381836,-0.11773190647363663,-11.835740089416504
2026-08-04T04:59:18.552000-04:00,11.718708992004395,-0.10744351893663406,-11.826152801513672
2026-08-04T04:59:18.556000-04:00,11.712980270385742,-0.11352302134037018,-11.82650375366211
2026-08-04T04:59:18.560000-04:00,11.707368850708008,-0.10756043344736099,-11.814929008483887
2026-08-04T04:59:18.564000-04:00,11.69848346710205,-0.11714734137058258,-11.815630912780762
2026-08-04T04:59:18.568000-04:00,11.695911407470703,-0.1301247477531433,-11.82603645324707
2026-08-04T04:59:18.572000-04:00,11.697430610656738,-0.12708498537540436,-11.824515342712402
2026-08-04T04:59:18.576000-04:00,11.703042984008789,-0.11375685036182404,-11.816800117492676
2026-08-04T04:59:18.580000-04:00,11.694157600402832,-0.10171476006507874,-11.795872688293457
2026-08-04T04:59:18.584000-04:00,11.686206817626953,-0.09809044003486633,-11.784296989440918
2026-08-04T04:59:18.588000-04:00,11.658498764038086,-0.07435699552297592,-11.732855796813965
2026-08-04T04:59:18.592000-04:00,11.636284828186035,-0.04477787762880325,-11.681062698364258
2026-08-04T04:59:18.596000-04:00,11.700237274169922,-0.02268122136592865,-11.722918510437012
2026-08-04T04:59:18.600000-04:00,11.761265754699707,0.01730320043861866,-11.743962287902832
2026-08-04T04:59:18.604000-04:00,11.881336212158203,0.1312938779592514,-11.750041961669922
2026-08-04T04:59:18.608000-04:00,12.000236511230469,0.4644973874092102,-11.535738945007324
2026-08-04T04:59:18.612000-04:00,11.974282264709473,0.810795247554779,-11.163487434387207
2026-08-04T04:59:18.616000-04:00,11.935349464416504,1.5965709686279297,-10.338778495788574
2026-08-04T04:59:18.620000-04:00,11.894781112670898,2.0660955905914307,-9.828685760498047
2026-08-04T04:59:18.624000-04:00,11.827322006225586,2.3497278690338135,-9.477594375610352
2026-08-04T04:59:18.628000-04:00,11.757407188415527,2.3466880321502686,-9.41071891784668
2026-08-04T04:59:18.632000-04:00,11.738117218017578,1.8554174900054932,-9.882699966430664
2026-08-04T04:59:18.636000-04:00,11.741390228271484,1.1784882545471191,-10.562902450561523
2026-08-04T04:59:18.640000-04:00,11.756121635437012,0.8123151063919067,-10.943806648254395
2026-08-04T04:59:18.644000-04:00,11.759862899780273,0.338464617729187,-11.421398162841797
2026-08-04T04:59:18.648000-04:00,11.808849334716797,0.26749810576438904,-11.541351318359375
2026-08-04T04:59:18.652000-04:00,11.802302360534668,0.2027280330657959,-11.599574089050293
2026-08-04T04:59:18.656000-04:00,11.757173538208008,0.1377241164445877,-11.619449615478516
2026-08-04T04:59:18.660000-04:00,11.77096939086914,0.08838661760091782,-11.68258285522461
2026-08-04T04:59:18.664000-04:00,11.773775100708008,0.08277476578950882,-11.690999984741211
2026-08-04T04:59:18.668000-04:00,11.777166366577148,0.028994550928473473,-11.74817180633545
2026-08-04T04:59:18.672000-04:00,11.776464462280273,0.015198756940662861,-11.761265754699707
2026-08-04T04:59:18.676000-04:00,11.780790328979492,0.013561967760324478,-11.767228126525879
2026-08-04T04:59:18.680000-04:00,11.782310485839844,0.007248637732118368,-11.77506160736084
2026-08-04T04:59:18.684000-04:00,11.777867317199707,0.0038581460248678923,-11.774008750915527
2026-08-04T04:59:18.688000-04:00,11.777750015258789,-0.006196416448801756,-11.78394603729248
2026-08-04T04:59:18.692000-04:00,11.788039207458496,-0.004325800109654665,-11.792365074157715
2026-08-04T04:59:18.696000-04:00,11.789324760437012,0.0003507405344862491,-11.788973808288574
2026-08-04T04:59:18.700000-04:00,11.795638084411621,0.011574437841773033,-11.784063339233398
2026-08-04T04:59:18.704000-04:00,11.793066024780273,0.027007021009922028,-11.766058921813965
2026-08-04T04:59:18.708000-04:00,11.798210144042969,0.019173815846443176,-11.779036521911621
2026-08-04T04:59:18.712000-04:00,11.7994966506958,0.02127826027572155,-11.778218269348145
2026-08-04T04:59:18.716000-04:00,11.815162658691406,0.02513640560209751,-11.790026664733887
2026-08-04T04:59:18.720000-04:00,11.80849838256836,0.03285269811749458,-11.77564525604248
2026-08-04T04:59:18.724000-04:00,11.811187744140625,0.0517926849424839,-11.759394645690918
2026-08-04T04:59:18.728000-04:00,11.816214561462402,0.05109120532870293,-11.76512336730957
2026-08-04T04:59:18.732000-04:00,11.820073127746582,0.06231490150094032,-11.757758140563965
2026-08-04T04:59:18.736000-04:00,11.83094596862793,0.08055341243743896,-11.75039291381836
2026-08-04T04:59:18.740000-04:00,11.828022956848145,0.08616525679826736,-11.741857528686523
2026-08-04T04:59:18.744000-04:00,11.833518028259277,0.09388155490159988,-11.739636421203613
2026-08-04T04:59:18.748000-04:00,11.833751678466797,0.10604055970907211,-11.727710723876953
2026-08-04T04:59:18.752000-04:00,11.83702564239502,0.11691351234912872,-11.720111846923828
2026-08-04T04:59:18.756000-04:00,11.853510856628418,0.1148090735077858,-11.738701820373535
2026-08-04T04:59:18.760000-04:00,11.858070373535156,0.1377241164445877,-11.720346450805664
2026-08-04T04:59:18.764000-04:00,11.862980842590332,0.14964929223060608,-11.71333122253418
2026-08-04T04:59:18.768000-04:00,11.871397972106934,0.1605222523212433,-11.710875511169434
2026-08-04T04:59:18.772000-04:00,11.891740798950195,0.199922114610672,-11.691818237304688
2026-08-04T04:59:18.776000-04:00,11.895482063293457,0.1987529695034027,-11.696728706359863
2026-08-04T04:59:18.780000-04:00,11.910213470458984,0.22950123250484467,-11.680712699890137
2026-08-04T04:59:18.784000-04:00,11.918747901916504,0.2376851737499237,-11.681062698364258
2026-08-04T04:59:18.788000-04:00,11.937687873840332,0.2757989764213562,-11.66188907623291
2026-08-04T04:59:18.792000-04:00,11.953003883361816,0.3023383617401123,-11.650665283203125
2026-08-04T04:59:18.796000-04:00,11.976269721984863,0.33706167340278625,-11.63920783996582
2026-08-04T04:59:18.800000-04:00,11.986908912658691,0.35553398728370667,-11.631375312805176
2026-08-04T04:59:18.804000-04:00,11.996378898620605,0.3733048439025879,-11.62307357788086
2026-08-04T04:59:18.808000-04:00,12.023853302001953,0.4134061932563782,-11.61044692993164
2026-08-04T04:59:18.812000-04:00,12.042793273925781,0.4511692523956299,-11.59162425994873
2026-08-04T04:59:18.816000-04:00,12.067461967468262,0.4742012023925781,-11.593260765075684
2026-08-04T04:59:18.820000-04:00,12.066410064697266,0.5075215697288513,-11.55888843536377
2026-08-04T04:59:18.824000-04:00,12.085817337036133,0.5264615416526794,-11.559355735778809
2026-08-04T04:59:18.828000-04:00,12.088973999023438,0.5359315276145935,-11.5530424118042
2026-08-04T04:59:18.832000-04:00,12.102185249328613,0.5472721457481384,-11.554913520812988
2026-08-04T04:59:18.836000-04:00,12.10300350189209,0.5590804219245911,-11.543923377990723
2026-08-04T04:59:18.840000-04:00,12.105692863464355,0.5718240141868591,-11.533868789672852
2026-08-04T04:59:18.844000-04:00,12.099496841430664,0.5748637318611145,-11.524633407592773
2026-08-04T04:59:18.848000-04:00,12.090376853942871,0.5638738870620728,-11.52650260925293
2026-08-04T04:59:18.852000-04:00,12.081608772277832,0.534762442111969,-11.546846389770508
2026-08-04T04:59:18.856000-04:00,12.077516555786133,0.5471552610397339,-11.53036117553711
2026-08-04T04:59:18.860000-04:00,12.055068969726562,0.5146532654762268,-11.54041576385498
2026-08-04T04:59:18.864000-04:00,12.03075122833252,0.4625098705291748,-11.568241119384766
2026-08-04T04:59:18.868000-04:00,12.000704765319824,0.42533135414123535,-11.575373649597168
2026-08-04T04:59:18.872000-04:00,11.971826553344727,0.39037421345710754,-11.581452369689941
2026-08-04T04:59:18.876000-04:00,11.961889266967773,0.34267351031303406,-11.619215965270996
2026-08-04T04:59:18.880000-04:00,11.936753273010254,0.29053008556365967,-11.646223068237305
2026-08-04T04:59:18.884000-04:00,11.90074348449707,0.2632892429828644,-11.63745403289795
2026-08-04T04:59:18.888000-04:00,11.868474960327148,0.18168359994888306,-11.68679141998291
2026-08-04T04:59:18.892000-04:00,11.860408782958984,0.16660176217556,-11.693806648254395
2026-08-04T04:59:18.896000-04:00,11.839130401611328,0.13632115721702576,-11.70280933380127
2026-08-04T04:59:18.900000-04:00,11.822060585021973,0.09844117611646652,-11.72361946105957
2026-08-04T04:59:18.904000-04:00,11.801484107971191,0.07166798412799835,-11.729816436767578
2026-08-04T04:59:18.908000-04:00,11.784063339233398,0.03577553480863571,-11.74828815460205
2026-08-04T04:59:18.912000-04:00,11.780323028564453,0.027123935520648956,-11.753198623657227
2026-08-04T04:59:18.916000-04:00,11.776113510131836,0.008534686639904976,-11.767579078674316
2026-08-04T04:59:18.920000-04:00,11.771553993225098,-0.005845675710588694,-11.777400016784668
2026-08-04T04:59:18.924000-04:00,11.747002601623535,-0.027007021009922028,-11.774009704589844
2026-08-04T04:59:18.928000-04:00,11.747118949890137,-0.030982080847024918,-11.778100967407227
2026-08-04T04:59:18.932000-04:00,11.743026733398438,-0.04571318253874779,-11.788740158081055
2026-08-04T04:59:18.936000-04:00,11.73823356628418,-0.05202651396393776,-11.790260314941406
2026-08-04T04:59:18.940000-04:00,11.738117218017578,-0.06804366409778595,-11.806160926818848
2026-08-04T04:59:18.944000-04:00,11.728763580322266,-0.06523773819208145,-11.794001579284668
2026-08-04T04:59:18.948000-04:00,11.730634689331055,-0.07494156062602997,-11.80557632446289
2026-08-04T04:59:18.952000-04:00,11.730400085449219,-0.07061576098203659,-11.801015853881836
2026-08-04T04:59:18.956000-04:00,11.743261337280273,-0.06921280175447464,-11.812474250793457
2026-08-04T04:59:18.960000-04:00,11.734025001525879,-0.07564304023981094,-11.809667587280273
2026-08-04T04:59:18.964000-04:00,11.733556747436523,-0.06126268208026886,-11.794819831848145
2026-08-04T04:59:18.968000-04:00,11.730050086975098,-0.06313329935073853,-11.793183326721191
2026-08-04T04:59:18.972000-04:00,11.73601245880127,-0.056586138904094696,-11.792598724365234
2026-08-04T04:59:18.976000-04:00,11.737064361572266,-0.050974290817976,-11.78803825378418
2026-08-04T04:59:18.980000-04:00,11.736363410949707,-0.04571318253874779,-11.782076835632324
2026-08-04T04:59:18.984000-04:00,11.726893424987793,-0.04758379980921745,-11.774477005004883
2026-08-04T04:59:18.988000-04:00,11.72993278503418,-0.05319564789533615,-11.78312873840332
2026-08-04T04:59:18.992000-04:00,11.73577880859375,-0.05027281120419502,-11.786051750183105
2026-08-04T04:59:18.996000-04:00,11.73554515838623,-0.034138746559619904,-11.769683837890625
2026-08-04T04:59:19-04:00,11.734725952148438,-0.02805924415588379,-11.762784957885742
2026-08-04T04:59:19.004000-04:00,11.726776123046875,-0.02677319385111332,-11.753549575805664
2026-08-04T04:59:19.008000-04:00,11.735427856445312,-0.02537023276090622,-11.760798454284668
2026-08-04T04:59:19.012000-04:00,11.735895156860352,-0.01847233437001705,-11.75436782836914
2026-08-04T04:59:19.016000-04:00,11.737648963928223,-0.014964929781854153,-11.75261402130127
2026-08-04T04:59:19.020000-04:00,11.73823356628418,-0.007014811038970947,-11.745248794555664
2026-08-04T04:59:19.024000-04:00,11.735427856445312,0.0038581460248678923,-11.731569290161133
2026-08-04T04:59:19.028000-04:00,11.731452941894531,-0.0021044432651251554,-11.73355770111084
2026-08-04T04:59:19.032000-04:00,11.73823356628418,-0.002455183770507574,-11.74068832397461
2026-08-04T04:59:19.036000-04:00,11.755419731140137,0.013094313442707062,-11.742325782775879
2026-08-04T04:59:19.040000-04:00,11.750626564025879,0.014964929781854153,-11.735661506652832
2026-08-04T04:59:19.044000-04:00,11.738818168640137,0.0053780218586325645,-11.733440399169922
2026-08-04T04:59:19.048000-04:00,11.750275611877441,0.006780983880162239,-11.743494987487793
2026-08-04T04:59:19.052000-04:00,11.747002601623535,0.014380361884832382,-11.732622146606445
2026-08-04T04:59:19.056000-04:00,11.749457359313965,0.011457524262368679,-11.73799991607666
2026-08-04T04:59:19.060000-04:00,11.748990058898926,0.015432584099471569,-11.73355770111084
2026-08-04T04:59:19.064000-04:00,11.743026733398438,0.002572097349911928,-11.74045467376709
2026-08-04T04:59:19.068000-04:00,11.750860214233398,0.0019875296857208014,-11.748872756958008
2026-08-04T04:59:19.072000-04:00,11.75039291381836,0.006196416448801756,-11.744196891784668
2026-08-04T04:59:19.076000-04:00,11.757173538208008,0.003975059371441603,-11.753198623657227
2026-08-04T04:59:19.080000-04:00,11.753081321716309,0.010522216558456421,-11.742559432983398
2026-08-04T04:59:19.084000-04:00,11.753900527954102,-0.009586907923221588,-11.763487815856934
2026-08-04T04:59:19.088000-04:00,11.754952430725098,-0.019524557515978813,-11.774477005004883
2026-08-04T04:59:19.092000-04:00,11.747118949890137,-0.009002340957522392,-11.756121635437012
2026-08-04T04:59:19.096000-04:00,11.750041961669922,-0.02946220524609089,-11.77950382232666
2026-08-04T04:59:19.100000-04:00,11.758342742919922,-0.01847233437001705,-11.776815414428711
2026-08-04T04:59:19.104000-04:00,11.75436782836914,-0.028409983962774277,-11.782777786254883
2026-08-04T04:59:19.108000-04:00,11.744664192199707,-0.03986750915646553,-11.784531593322754
2026-08-04T04:59:19.112000-04:00,11.74817180633545,-0.039399854838848114,-11.787571907043457
2026-08-04T04:59:19.116000-04:00,11.750275611877441,-0.03706158325076103,-11.787337303161621
2026-08-04T04:59:19.120000-04:00,11.748639106750488,-0.023382702842354774,-11.772022247314453
2026-08-04T04:59:19.124000-04:00,11.736479759216309,-0.04711614549160004,-11.78359603881836
2026-08-04T04:59:19.128000-04:00,11.737882614135742,-0.0517926849424839,-11.78967571258545
2026-08-04T04:59:19.132000-04:00,11.750860214233398,-0.04524552822113037,-11.79610538482666
2026-08-04T04:59:19.136000-04:00,11.737648963928223,-0.051441945135593414,-11.789091110229492
2026-08-04T04:59:19.140000-04:00,11.741039276123047,-0.056586138904094696,-11.797625541687012
2026-08-04T04:59:19.144000-04:00,11.736479759216309,-0.0489867627620697,-11.785466194152832
2026-08-04T04:59:19.148000-04:00,11.736713409423828,-0.059275150299072266,-11.795988082885742
2026-08-04T04:59:19.152000-04:00,11.749457359313965,-0.05763836205005646,-11.807095527648926
2026-08-04T04:59:19.156000-04:00,11.755887985229492,-0.05857367068529129,-11.814461708068848
2026-08-04T04:59:19.160000-04:00,11.749924659729004,-0.060561198741197586,-11.81048583984375
2026-08-04T04:59:19.164000-04:00,11.748639106750488,-0.07774748653173447,-11.826386451721191
2026-08-04T04:59:19.168000-04:00,11.749924659729004,-0.0927124172449112,-11.842637062072754
2026-08-04T04:59:19.172000-04:00,11.751562118530273,-0.08113797754049301,-11.8326997756958
2026-08-04T04:59:19.176000-04:00,11.743144035339355,-0.07727983593940735,-11.82042407989502
2026-08-04T04:59:19.180000-04:00,11.745365142822266,-0.08090414851903915,-11.826269149780273
2026-08-04T04:59:19.184000-04:00,11.745833396911621,-0.08780205249786377,-11.833635330200195
2026-08-04T04:59:19.188000-04:00,11.742325782775879,-0.07903353869915009,-11.821359634399414
2026-08-04T04:59:19.192000-04:00,11.735310554504395,-0.08219020068645477,-11.817501068115234
2026-08-04T04:59:19.196000-04:00,11.734258651733398,-0.07213563472032547,-11.806394577026367
2026-08-04T04:59:19.200000-04:00,11.72408676147461,-0.09329698234796524,-11.817383766174316
2026-08-04T04:59:19.204000-04:00,11.733206748962402,-0.09364772588014603,-11.826854705810547
2026-08-04T04:59:19.208000-04:00,11.743962287902832,-0.1007794514298439,-11.844741821289062
2026-08-04T04:59:19.212000-04:00,11.751328468322754,-0.07330477237701416,-11.824633598327637
2026-08-04T04:59:19.216000-04:00,11.74852180480957,-0.08815278857946396,-11.836674690246582
2026-08-04T04:59:19.220000-04:00,11.742208480834961,-0.0834762454032898,-11.825684547424316
2026-08-04T04:59:19.224000-04:00,11.736597061157227,-0.09820735454559326,-11.83480453491211
2026-08-04T04:59:19.228000-04:00,11.735310554504395,-0.11387376487255096,-11.849184036254883
2026-08-04T04:59:19.232000-04:00,11.733206748962402,-0.10031179338693619,-11.833518981933594
2026-08-04T04:59:19.236000-04:00,11.75015926361084,-0.09610290825366974,-11.846261978149414
2026-08-04T04:59:19.240000-04:00,11.742325782775879,-0.1260327696800232,-11.868358612060547
2026-08-04T04:59:19.244000-04:00,11.738117218017578,-0.11060018092393875,-11.84871768951416
2026-08-04T04:59:19.248000-04:00,11.728997230529785,-0.11340610682964325,-11.842403411865234
2026-08-04T04:59:19.252000-04:00,11.731569290161133,-0.11212006211280823,-11.84368896484375
2026-08-04T04:59:19.256000-04:00,11.738935470581055,-0.1047545075416565,-11.843689918518066
2026-08-04T04:59:19.260000-04:00,11.726776123046875,-0.12392832338809967,-11.850704193115234
2026-08-04T04:59:19.264000-04:00,11.73601245880127,-0.10405302792787552,-11.840065956115723
2026-08-04T04:59:19.268000-04:00,11.742676734924316,-0.08885426819324493,-11.831530570983887
2026-08-04T04:59:19.272000-04:00,11.767812728881836,-0.034138746559619904,-11.80195140838623
2026-08-04T04:59:19.276000-04:00,11.76652717590332,-0.030865168198943138,-11.797391891479492
2026-08-04T04:59:19.280000-04:00,11.754718780517578,-0.016367891803383827,-11.771086692810059
2026-08-04T04:59:19.284000-04:00,11.744546890258789,-0.02805924415588379,-11.772605895996094
2026-08-04T04:59:19.288000-04:00,11.758109092712402,-0.02116134576499462,-11.77927017211914
2026-08-04T04:59:19.292000-04:00,11.777984619140625,-0.014731102623045444,-11.792716026306152
2026-08-04T04:59:19.296000-04:00,11.789793014526367,0.037996891885995865,-11.751795768737793
2026-08-04T04:59:19.300000-04:00,11.746417999267578,0.04501170292496681,-11.701406478881836
2026-08-04T04:59:19.304000-04:00,11.739169120788574,0.05342947691679001,-11.685739517211914
2026-08-04T04:59:19.308000-04:00,11.733206748962402,0.03203430399298668,-11.701172828674316
2026-08-04T04:59:19.312000-04:00,11.74384593963623,0.047233060002326965,-11.696613311767578
2026-08-04T04:59:19.316000-04:00,11.759862899780273,0.05997663363814354,-11.699886322021484
2026-08-04T04:59:19.320000-04:00,11.770735740661621,0.05237725377082825,-11.718358039855957
2026-08-04T04:59:19.324000-04:00,11.79142951965332,0.041971951723098755,-11.749457359313965
2026-08-04T04:59:19.328000-04:00,11.778802871704102,0.025837887078523636,-11.752964973449707
2026-08-04T04:59:19.332000-04:00,11.779387474060059,-0.023733442649245262,-11.803120613098145
2026-08-04T04:59:19.336000-04:00,11.76453971862793,-0.051208119839429855,-11.81574821472168
2026-08-04T04:59:19.340000-04:00,11.76266860961914,-0.04688232019543648,-11.809551239013672
2026-08-04T04:59:19.344000-04:00,11.751444816589355,-0.06687452644109726,-11.818319320678711
2026-08-04T04:59:19.348000-04:00,11.740689277648926,-0.1063912957906723,-11.84708023071289
2026-08-04T04:59:19.352000-04:00,11.73998737335205,-0.11551055312156677,-11.855498313903809
2026-08-04T04:59:19.356000-04:00,11.736479759216309,-0.11387376487255096,-11.850353240966797
2026-08-04T04:59:19.360000-04:00,11.730868339538574,-0.14672645926475525,-11.877594947814941
2026-08-04T04:59:19.364000-04:00,11.724788665771484,-0.13374905288219452,-11.858537673950195
2026-08-04T04:59:19.368000-04:00,11.716370582580566,-0.1512860804796219,-11.867656707763672
2026-08-04T04:59:19.372000-04:00,11.74817180633545,-0.15187065303325653,-11.900042533874512
2026-08-04T04:59:19.376000-04:00,11.748872756958008,-0.15163682401180267,-11.90050983428955
2026-08-04T04:59:19.380000-04:00,11.732855796813965,-0.16391274333000183,-11.896768569946289
2026-08-04T04:59:19.384000-04:00,11.73379135131836,-0.1585347205400467,-11.892326354980469
2026-08-04T04:59:19.388000-04:00,11.719761848449707,-0.16391274333000183,-11.883674621582031
2026-08-04T04:59:19.392000-04:00,11.728296279907227,-0.16812163591384888,-11.896417617797852
2026-08-04T04:59:19.396000-04:00,11.722801208496094,-0.16449731588363647,-11.887298583984375
2026-08-04T04:59:19.400000-04:00,11.727360725402832,-0.1621590405702591,-11.889519691467285
2026-08-04T04:59:19.404000-04:00,11.717306137084961,-0.17759162187576294,-11.8948974609375
2026-08-04T04:59:19.408000-04:00,11.710057258605957,-0.18858149647712708,-11.898638725280762
2026-08-04T04:59:19.412000-04:00,11.700002670288086,-0.16438040137290955,-11.86438274383545
2026-08-04T04:59:19.416000-04:00,11.685388565063477,-0.10007796436548233,-11.785466194152832
2026-08-04T04:59:19.420000-04:00,11.686206817626953,-0.07833205163478851,-11.764538764953613
2026-08-04T04:59:19.424000-04:00,11.747236251831055,-0.10335154831409454,-11.850587844848633
2026-08-04T04:59:19.428000-04:00,11.828022956848145,0.006196416448801756,-11.821826934814453
2026-08-04T04:59:19.432000-04:00,12.011577606201172,0.18355421721935272,-11.828022956848145
2026-08-04T04:59:19.436000-04:00,12.091312408447266,0.5878411531448364,-11.503471374511719
2026-08-04T04:59:19.440000-04:00,12.031453132629395,1.0578334331512451,-10.97361946105957
2026-08-04T04:59:19.444000-04:00,11.97708797454834,1.8242015838623047,-10.152886390686035
2026-08-04T04:59:19.448000-04:00,11.93394660949707,2.1596264839172363,-9.774320602416992
2026-08-04T04:59:19.452000-04:00,11.908343315124512,2.2094316482543945,-9.698911666870117
2026-08-04T04:59:19.456000-04:00,11.83655834197998,2.0656280517578125,-9.770930290222168
2026-08-04T04:59:19.460000-04:00,11.783245086669922,1.4058849811553955,-10.377360343933105
2026-08-04T04:59:19.464000-04:00,11.737532615661621,0.8219019770622253,-10.915630340576172
2026-08-04T04:59:19.468000-04:00,11.743611335754395,0.4191349446773529,-11.32447624206543
2026-08-04T04:59:19.472000-04:00,11.812474250793457,0.2051832228899002,-11.607291221618652
2026-08-04T04:59:19.476000-04:00,11.856783866882324,0.1778254508972168,-11.678958892822266
2026-08-04T04:59:19.480000-04:00,11.825568199157715,0.11153548955917358,-11.714033126831055
2026-08-04T04:59:19.484000-04:00,11.80417251586914,0.06266564130783081,-11.741506576538086
2026-08-04T04:59:19.488000-04:00,11.817618370056152,0.016835546121001244,-11.800783157348633
2026-08-04T04:59:19.492000-04:00,11.819839477539062,-0.004091972950845957,-11.823931694030762
2026-08-04T04:59:19.496000-04:00,11.815046310424805,-0.023148875683546066,-11.838194847106934
2026-08-04T04:59:19.500000-04:00,11.80803108215332,-0.033904917538166046,-11.841936111450195
2026-08-04T04:59:19.504000-04:00,11.814227104187012,-0.04524552822113037,-11.859472274780273
2026-08-04T04:59:19.508000-04:00,11.811772346496582,-0.06453625857830048,-11.87630844116211
2026-08-04T04:59:19.512000-04:00,11.804640769958496,-0.066640704870224,-11.871281623840332
2026-08-04T04:59:19.516000-04:00,11.816682815551758,-0.039049115031957626,-11.855731964111328
2026-08-04T04:59:19.520000-04:00,11.818436622619629,-0.05436478555202484,-11.872801780700684
2026-08-04T04:59:19.524000-04:00,11.823697090148926,-0.05284490808844566,-11.876542091369629
2026-08-04T04:59:19.528000-04:00,11.83117961883545,-0.05833984166383743,-11.889519691467285
2026-08-04T04:59:19.532000-04:00,11.832817077636719,-0.05752144753932953,-11.890338897705078
2026-08-04T04:59:19.536000-04:00,11.842754364013672,-0.04267343133687973,-11.885427474975586
2026-08-04T04:59:19.540000-04:00,11.83655834197998,-0.04395947977900505,-11.880517959594727
2026-08-04T04:59:19.544000-04:00,11.829660415649414,-0.03589244931936264,-11.86555290222168
2026-08-04T04:59:19.548000-04:00,11.842169761657715,-0.03203430399298668,-11.8742036819458
2026-08-04T04:59:19.552000-04:00,11.852458000183105,-0.005027281120419502,-11.857484817504883
2026-08-04T04:59:19.556000-04:00,11.862396240234375,-0.000584567547775805,-11.862980842590332
2026-08-04T04:59:19.560000-04:00,11.869059562683105,0.014380361884832382,-11.854679107666016
2026-08-04T04:59:19.564000-04:00,11.86555290222168,0.014964929781854153,-11.850587844848633
2026-08-04T04:59:19.568000-04:00,11.875957489013672,0.009703821502625942,-11.866253852844238
2026-08-04T04:59:19.572000-04:00,11.884258270263672,0.031215908005833626,-11.853042602539062
2026-08-04T04:59:19.576000-04:00,11.882972717285156,0.04957133159041405,-11.833401679992676
2026-08-04T04:59:19.580000-04:00,11.888701438903809,0.0582229308784008,-11.83047866821289
2026-08-04T04:59:19.584000-04:00,11.888467788696289,0.07003119587898254,-11.818436622619629
2026-08-04T04:59:19.588000-04:00,11.90121078491211,0.08417773246765137,-11.817032814025879
2026-08-04T04:59:19.592000-04:00,11.920501708984375,0.09785661101341248,-11.82264518737793
2026-08-04T04:59:19.596000-04:00,11.936635971069336,0.10943105071783066,-11.827204704284668
2026-08-04T04:59:19.600000-04:00,11.932076454162598,0.11293845623731613,-11.819137573242188
2026-08-04T04:59:19.604000-04:00,11.951016426086426,0.13421671092510223,-11.816800117492676
2026-08-04T04:59:19.608000-04:00,11.967500686645508,0.16964150965213776,-11.797859191894531
2026-08-04T04:59:19.612000-04:00,11.970657348632812,0.1770070642232895,-11.79365062713623
2026-08-04T04:59:19.616000-04:00,11.994507789611816,0.21547161042690277,-11.779036521911621
2026-08-04T04:59:19.620000-04:00,12.0098237991333,0.23277480900287628,-11.77704906463623
2026-08-04T04:59:19.624000-04:00,12.027127265930176,0.2558067739009857,-11.771320343017578
2026-08-04T04:59:19.628000-04:00,12.052380561828613,0.3058457672595978,-11.74653434753418
2026-08-04T04:59:19.632000-04:00,12.06103229522705,0.32899463176727295,-11.732037544250488
2026-08-04T04:59:19.636000-04:00,12.077750205993652,0.35705387592315674,-11.720696449279785
2026-08-04T04:59:19.640000-04:00,12.095871925354004,0.37026509642601013,-11.725606918334961
2026-08-04T04:59:19.644000-04:00,12.1093168258667,0.3975059390068054,-11.711811065673828
2026-08-04T04:59:19.648000-04:00,12.12743854522705,0.42661741375923157,-11.700820922851562
2026-08-04T04:59:19.652000-04:00,12.132349014282227,0.4600546658039093,-11.672294616699219
2026-08-04T04:59:19.656000-04:00,12.136090278625488,0.48156675696372986,-11.654523849487305
2026-08-04T04:59:19.660000-04:00,12.142169952392578,0.4833204746246338,-11.658849716186523
2026-08-04T04:59:19.664000-04:00,12.152341842651367,0.4922058880329132,-11.660136222839355
2026-08-04T04:59:19.668000-04:00,12.155732154846191,0.48402196168899536,-11.671710014343262
2026-08-04T04:59:19.672000-04:00,12.143572807312012,0.49033528566360474,-11.653237342834473
2026-08-04T04:59:19.676000-04:00,12.156784057617188,0.5045987367630005,-11.652185440063477
2026-08-04T04:59:19.680000-04:00,12.140416145324707,0.4812160134315491,-11.659199714660645
2026-08-04T04:59:19.684000-04:00,12.116799354553223,0.4363212287425995,-11.6804780960083
2026-08-04T04:59:19.688000-04:00,12.105459213256836,0.4343337118625641,-11.671125411987305
2026-08-04T04:59:19.692000-04:00,12.085700988769531,0.4034685492515564,-11.682232856750488
2026-08-04T04:59:19.696000-04:00,12.060564041137695,0.36991435289382935,-11.69064998626709
2026-08-04T04:59:19.700000-04:00,12.02665901184082,0.3243180811405182,-11.702341079711914
2026-08-04T04:59:19.704000-04:00,12.017072677612305,0.3010523021221161,-11.716020584106445
2026-08-04T04:59:19.708000-04:00,11.972411155700684,0.22178493440151215,-11.750626564025879
2026-08-04T04:59:19.712000-04:00,11.952536582946777,0.19255656003952026,-11.759980201721191
2026-08-04T04:59:19.716000-04:00,11.939441680908203,0.14427126944065094,-11.795170783996582
2026-08-04T04:59:19.720000-04:00,11.909161567687988,0.10568981617689133,-11.803471565246582
2026-08-04T04:59:19.724000-04:00,11.885544776916504,0.06231490150094032,-11.823229789733887
2026-08-04T04:59:19.728000-04:00,11.870813369750977,0.03846454620361328,-11.832348823547363
2026-08-04T04:59:19.732000-04:00,11.8616943359375,0.017653940245509148,-11.844040870666504
2026-08-04T04:59:19.736000-04:00,11.840182304382324,-0.009002340957522392,-11.8491849899292
2026-08-04T04:59:19.740000-04:00,11.832817077636719,-0.032618869096040726,-11.865435600280762
2026-08-04T04:59:19.744000-04:00,11.800431251525879,-0.06325021386146545,-11.86368179321289
2026-08-04T04:59:19.748000-04:00,11.80019760131836,-0.07657834887504578,-11.876775741577148
2026-08-04T04:59:19.752000-04:00,11.80604362487793,-0.08885426819324493,-11.8948974609375
2026-08-04T04:59:19.756000-04:00,11.801015853881836,-0.09364772588014603,-11.89466381072998
2026-08-04T04:59:19.760000-04:00,11.791312217712402,-0.1083788275718689,-11.899690628051758
2026-08-04T04:59:19.764000-04:00,11.782777786254883,-0.11878412961959839,-11.901561737060547
2026-08-04T04:59:19.768000-04:00,11.785934448242188,-0.11796573549509048,-11.903900146484375
2026-08-04T04:59:19.772000-04:00,11.780323028564453,-0.12369449436664581,-11.904017448425293
2026-08-04T04:59:19.776000-04:00,11.789558410644531,-0.1425175666809082,-11.932075500488281
2026-08-04T04:59:19.780000-04:00,11.784297943115234,-0.1296570897102356,-11.913954734802246
2026-08-04T04:59:19.784000-04:00,11.778451919555664,-0.13094313442707062,-11.909395217895508
2026-08-04T04:59:19.788000-04:00,11.771904945373535,-0.12942326068878174,-11.901328086853027
2026-08-04T04:59:19.792000-04:00,11.772723197937012,-0.12287610024213791,-11.895599365234375
2026-08-04T04:59:19.796000-04:00,11.779036521911621,-0.0963367372751236,-11.875372886657715
2026-08-04T04:59:19.800000-04:00,11.767812728881836,-0.11176931858062744,-11.879582405090332
2026-08-04T04:59:19.804000-04:00,11.776581764221191,-0.11913487315177917,-11.895716667175293
2026-08-04T04:59:19.808000-04:00,11.770618438720703,-0.12310992926359177,-11.893728256225586
2026-08-04T04:59:19.812000-04:00,11.783829689025879,-0.1044037714600563,-11.888233184814453
2026-08-04T04:59:19.816000-04:00,11.784647941589355,-0.09598599374294281,-11.880634307861328
2026-08-04T04:59:19.820000-04:00,11.77927017211914,-0.09247858822345734,-11.871748924255371
2026-08-04T04:59:19.824000-04:00,11.775997161865234,-0.0899064913392067,-11.865903854370117
2026-08-04T04:59:19.828000-04:00,11.773425102233887,-0.09505068510770798,-11.868475914001465
2026-08-04T04:59:19.832000-04:00,11.783245086669922,-0.0722525492310524,-11.855497360229492
2026-08-04T04:59:19.836000-04:00,11.795287132263184,-0.05027281120419502,-11.845560073852539
2026-08-04T04:59:19.840000-04:00,11.798327445983887,-0.05763836205005646,-11.855965614318848
2026-08-04T04:59:19.844000-04:00,11.786051750183105,-0.07973501831293106,-11.8657865524292
2026-08-04T04:59:19.848000-04:00,11.793066024780273,-0.07470773905515671,-11.86777400970459
2026-08-04T04:59:19.852000-04:00,11.792014122009277,-0.059158239513635635,-11.85117244720459
2026-08-04T04:59:19.856000-04:00,11.803354263305664,-0.060795027762651443,-11.86414909362793
2026-08-04T04:59:19.860000-04:00,11.80580997467041,-0.0582229308784008,-11.864032745361328
2026-08-04T04:59:19.864000-04:00,11.790961265563965,-0.05483243986964226,-11.845793724060059
2026-08-04T04:59:19.868000-04:00,11.79587173461914,-0.06652379035949707,-11.862395286560059
2026-08-04T04:59:19.872000-04:00,11.809433937072754,-0.048752933740615845,-11.858186721801758
2026-08-04T04:59:19.876000-04:00,11.807329177856445,-0.05319564789533615,-11.860525131225586
2026-08-04T04:59:19.880000-04:00,11.795404434204102,-0.04115355759859085,-11.83655834197998
2026-08-04T04:59:19.884000-04:00,11.802302360534668,-0.043491825461387634,-11.845793724060059
2026-08-04T04:59:19.888000-04:00,11.798794746398926,-0.05494935065507889,-11.853744506835938
2026-08-04T04:59:19.892000-04:00,11.807212829589844,-0.054014042019844055,-11.861227035522461
2026-08-04T04:59:19.896000-04:00,11.806510925292969,-0.053780216723680496,-11.860291481018066
2026-08-04T04:59:19.900000-04:00,11.809901237487793,-0.0481683686375618,-11.85806941986084
2026-08-04T04:59:19.904000-04:00,11.806744575500488,-0.0730709433555603,-11.879815101623535
2026-08-04T04:59:19.908000-04:00,11.788272857666016,-0.08359315991401672,-11.871866226196289
2026-08-04T04:59:19.912000-04:00,11.788155555725098,-0.08324242383241653,-11.871397972106934
2026-08-04T04:59:19.916000-04:00,11.797040939331055,-0.0971551313996315,-11.894196510314941
2026-08-04T04:59:19.920000-04:00,11.795053482055664,-0.09961031377315521,-11.89466381072998
2026-08-04T04:59:19.924000-04:00,11.794819831848145,-0.09049105644226074,-11.885311126708984
2026-08-04T04:59:19.928000-04:00,11.795404434204102,-0.07213563472032547,-11.86754035949707
2026-08-04T04:59:19.932000-04:00,11.798327445983887,-0.08183945715427399,-11.880167007446289
2026-08-04T04:59:19.936000-04:00,11.796222686767578,-0.09855809062719345,-11.894781112670898
2026-08-04T04:59:19.940000-04:00,11.78757095336914,-0.11188623309135437,-11.899456977844238
2026-08-04T04:59:19.944000-04:00,11.781725883483887,-0.12135622650384903,-11.903081893920898
2026-08-04T04:59:19.948000-04:00,11.792598724365234,-0.11106783896684647,-11.903666496276855
2026-08-04T04:59:19.952000-04:00,11.801366806030273,-0.1072096899151802,-11.908576965332031
2026-08-04T04:59:19.956000-04:00,11.788623809814453,-0.1256820261478424,-11.914305686950684
2026-08-04T04:59:19.960000-04:00,11.788155555725098,-0.12989091873168945,-11.918046951293945
2026-08-04T04:59:19.964000-04:00,11.782193183898926,-0.13024164736270905,-11.912434577941895
2026-08-04T04:59:19.968000-04:00,11.777984619140625,-0.14064696431159973,-11.918631553649902
2026-08-04T04:59:19.972000-04:00,11.792832374572754,-0.12825413048267365,-11.921086311340332
2026-08-04T04:59:19.976000-04:00,11.791545867919922,-0.12790338695049286,-11.919448852539062
2026-08-04T04:59:19.980000-04:00,11.779153823852539,-0.11749808490276337,-11.896652221679688
2026-08-04T04:59:19.984000-04:00,11.778569221496582,-0.1248636320233345,-11.903432846069336
2026-08-04T04:59:19.988000-04:00,11.786519050598145,-0.12556511163711548,-11.912084579467773
2026-08-04T04:59:19.992000-04:00,11.780323028564453,-0.12731881439685822,-11.907641410827637
2026-08-04T04:59:19.996000-04:00,11.777984619140625,-0.12053783237934113,-11.89852237701416
2026-08-04T04:59:20-04:00,11.777867317199707,-0.13830868899822235,-11.916175842285156
2026-08-04T04:59:20.004000-04:00,11.772138595581055,-0.1304754763841629,-11.902613639831543
2026-08-04T04:59:20.008000-04:00,11.777750015258789,-0.14111460745334625,-11.918864250183105
2026-08-04T04:59:20.012000-04:00,11.780088424682617,-0.15385818481445312,-11.93394660949707
2026-08-04T04:59:20.016000-04:00,11.780673027038574,-0.13456745445728302,-11.915240287780762
2026-08-04T04:59:20.020000-04:00,11.782544136047363,-0.13433362543582916,-11.916877746582031
2026-08-04T04:59:20.024000-04:00,11.77529525756836,-0.15151990950107574,-11.926815032958984
2026-08-04T04:59:20.028000-04:00,11.772138595581055,-0.15724867582321167,-11.929387092590332
2026-08-04T04:59:20.032000-04:00,11.778451919555664,-0.1433359682559967,-11.921788215637207
2026-08-04T04:59:20.036000-04:00,11.785232543945312,-0.14356979727745056,-11.928802490234375
2026-08-04T04:59:20.040000-04:00,11.769332885742188,-0.14392054080963135,-11.913253784179688
2026-08-04T04:59:20.044000-04:00,11.768163681030273,-0.14204992353916168,-11.910213470458984
2026-08-04T04:59:20.048000-04:00,11.78534984588623,-0.13585349917411804,-11.92120361328125
2026-08-04T04:59:20.052000-04:00,11.803004264831543,-0.1100156158208847,-11.913020133972168
2026-08-04T04:59:20.056000-04:00,11.810603141784668,-0.07739674299955368,-11.887999534606934
2026-08-04T04:59:20.060000-04:00,11.783245086669922,-0.08803587406873703,-11.871280670166016
2026-08-04T04:59:20.064000-04:00,11.790376663208008,-0.08464538305997849,-11.875021934509277
2026-08-04T04:59:20.068000-04:00,11.796573638916016,-0.07821513712406158,-11.874789237976074
2026-08-04T04:59:20.072000-04:00,11.795287132263184,-0.06839440762996674,-11.86368179321289
2026-08-04T04:59:20.076000-04:00,11.799028396606445,-0.01718628592789173,-11.816214561462402
2026-08-04T04:59:20.080000-04:00,11.773307800292969,0.008183945901691914,-11.765124320983887
2026-08-04T04:59:20.084000-04:00,11.760563850402832,0.013795794919133186,-11.7467679977417
2026-08-04T04:59:20.088000-04:00,11.776931762695312,0.007365551311522722,-11.769566535949707
2026-08-04T04:59:20.092000-04:00,11.778100967407227,0.01858924888074398,-11.759511947631836
2026-08-04T04:59:20.096000-04:00,11.771671295166016,0.025019491091370583,-11.746651649475098
2026-08-04T04:59:20.100000-04:00,11.794235229492188,0.013445054180920124,-11.780790328979492
2026-08-04T04:59:20.104000-04:00,11.802886962890625,-0.006313329562544823,-11.809200286865234
2026-08-04T04:59:20.108000-04:00,11.806861877441406,-0.04010133445262909,-11.846962928771973
2026-08-04T04:59:20.112000-04:00,11.807913780212402,-0.06897897273302078,-11.876893043518066
2026-08-04T04:59:20.116000-04:00,11.789793014526367,-0.07891662418842316,-11.868709564208984
2026-08-04T04:59:20.120000-04:00,11.787103652954102,-0.09469994902610779,-11.881803512573242
2026-08-04T04:59:20.124000-04:00,11.775177955627441,-0.11691351234912872,-11.892091751098633
2026-08-04T04:59:20.128000-04:00,11.768046379089355,-0.16613410413265228,-11.93418025970459
2026-08-04T04:59:20.132000-04:00,11.760798454284668,-0.17841002345085144,-11.939208030700684
2026-08-04T04:59:20.136000-04:00,11.757991790771484,-0.17010916769504547,-11.9281005859375
2026-08-04T04:59:20.140000-04:00,11.754718780517578,-0.18378804624080658,-11.938507080078125
2026-08-04T04:59:20.144000-04:00,11.743611335754395,-0.19442717730998993,-11.93803882598877
2026-08-04T04:59:20.148000-04:00,11.750509262084961,-0.19606396555900574,-11.946573257446289
2026-08-04T04:59:20.152000-04:00,11.751211166381836,-0.1923227310180664,-11.943533897399902
2026-08-04T04:59:20.156000-04:00,11.763019561767578,-0.17817619442939758,-11.941195487976074
2026-08-04T04:59:20.160000-04:00,11.756939888000488,-0.19208890199661255,-11.949028968811035
2026-08-04T04:59:20.164000-04:00,11.747820854187012,-0.20705384016036987,-11.954874992370605
2026-08-04T04:59:20.168000-04:00,11.73776626586914,-0.21266567707061768,-11.950431823730469
2026-08-04T04:59:20.172000-04:00,11.750041961669922,-0.19606396555900574,-11.94610595703125
2026-08-04T04:59:20.176000-04:00,11.752731323242188,-0.1926734745502472,-11.945405006408691
2026-08-04T04:59:20.180000-04:00,11.744195938110352,-0.19851914048194885,-11.94271469116211
2026-08-04T04:59:20.184000-04:00,11.738117218017578,-0.20214346051216125,-11.940260887145996
2026-08-04T04:59:20.188000-04:00,11.724671363830566,-0.21488703787326813,-11.939558029174805
2026-08-04T04:59:20.192000-04:00,11.72584056854248,-0.19407643377780914,-11.919917106628418
2026-08-04T04:59:20.196000-04:00,11.696027755737305,-0.16028842329978943,-11.856316566467285
2026-08-04T04:59:20.200000-04:00,11.710290908813477,-0.13304758071899414,-11.843338012695312
2026-08-04T04:59:20.204000-04:00,11.75039291381836,-0.15795016288757324,-11.908343315124512
2026-08-04T04:59:20.208000-04:00,11.847664833068848,-0.11223697662353516,-11.959901809692383
2026-08-04T04:59:20.212000-04:00,11.964110374450684,0.039049115031957626,-11.925061225891113
2026-08-04T04:59:20.216000-04:00,12.127087593078613,0.4135231077671051,-11.7135648727417
2026-08-04T04:59:20.220000-04:00,12.06173324584961,0.8265785574913025,-11.23515510559082
2026-08-04T04:59:20.224000-04:00,12.017657279968262,1.611769676208496,-10.405887603759766
2026-08-04T04:59:20.228000-04:00,11.92564582824707,2.1650044918060303,-9.760641098022461
2026-08-04T04:59:20.232000-04:00,11.917228698730469,2.1958696842193604,-9.721359252929688
2026-08-04T04:59:20.236000-04:00,11.848483085632324,2.0164074897766113,-9.832075119018555
2026-08-04T04:59:20.240000-04:00,11.788039207458496,1.5712007284164429,-10.216838836669922
2026-08-04T04:59:20.244000-04:00,11.70701789855957,0.9141467809677124,-10.792871475219727
2026-08-04T04:59:20.248000-04:00,11.716020584106445,0.5595480799674988,-11.156472206115723
2026-08-04T04:59:20.252000-04:00,11.802886962890625,0.23674987256526947,-11.566137313842773
2026-08-04T04:59:20.256000-04:00,11.86414909362793,0.1862432211637497,-11.677906036376953
2026-08-04T04:59:20.260000-04:00,11.86192798614502,0.12942326068878174,-11.732504844665527
2026-08-04T04:59:20.264000-04:00,11.795989036560059,0.015198756940662861,-11.780790328979492
2026-08-04T04:59:20.268000-04:00,11.81434440612793,-0.019407643005251884,-11.833751678466797
2026-08-04T04:59:20.272000-04:00,11.819722175598145,-0.03717849776148796,-11.856900215148926
2026-08-04T04:59:20.276000-04:00,11.819254875183105,-0.06336712092161179,-11.882621765136719
2026-08-04T04:59:20.280000-04:00,11.811655044555664,-0.08043649792671204,-11.892091751098633
2026-08-04T04:59:20.284000-04:00,11.808849334716797,-0.09505068510770798,-11.903900146484375
2026-08-04T04:59:20.288000-04:00,11.808849334716797,-0.09505068510770798,-11.903900146484375
2026-08-04T04:59:20.292000-04:00,11.818319320678711,-0.09224475920200348,-11.910564422607422
2026-08-04T04:59:20.296000-04:00,11.817734718322754,-0.0907248854637146,-11.908459663391113
2026-08-04T04:59:20.300000-04:00,11.83094596862793,-0.088737353682518,-11.919683456420898
2026-08-04T04:59:20.304000-04:00,11.82463264465332,-0.09002340584993362,-11.914655685424805
2026-08-04T04:59:20.308000-04:00,11.831764221191406,-0.07120033353567123,-11.90296459197998
2026-08-04T04:59:20.312000-04:00,11.832232475280762,-0.07751365751028061,-11.909746170043945
2026-08-04T04:59:20.316000-04:00,11.835389137268066,-0.06418552249670029,-11.899574279785156
2026-08-04T04:59:20.320000-04:00,11.829192161560059,-0.05717070773243904,-11.88636302947998
2026-08-04T04:59:20.324000-04:00,11.8367919921875,-0.05342947691679001,-11.89022159576416
2026-08-04T04:59:20.328000-04:00,11.836090087890625,-0.049805156886577606,-11.885894775390625
2026-08-04T04:59:20.332000-04:00,11.831881523132324,-0.04372565448284149,-11.87560749053955
2026-08-04T04:59:20.336000-04:00,11.8533935546875,-0.01742011308670044,-11.870813369750977
2026-08-04T04:59:20.340000-04:00,11.861227035522461,-0.016952458769083023,-11.878179550170898
2026-08-04T04:59:20.344000-04:00,11.856432914733887,-0.001870616222731769,-11.85830307006836
2026-08-04T04:59:20.348000-04:00,11.845443725585938,-0.023031963035464287,-11.868475914001465
2026-08-04T04:59:20.352000-04:00,11.862161636352539,0.005962589289993048,-11.856199264526367
2026-08-04T04:59:20.356000-04:00,11.869410514831543,0.042088866233825684,-11.827322006225586
2026-08-04T04:59:20.360000-04:00,11.8699951171875,0.05576774477958679,-11.814227104187012
2026-08-04T04:59:20.364000-04:00,11.885311126708984,0.05892441049218178,-11.826386451721191
2026-08-04T04:59:20.368000-04:00,11.887532234191895,0.06395169347524643,-11.823580741882324
2026-08-04T04:59:20.372000-04:00,11.901561737060547,0.08967266231775284,-11.811888694763184
2026-08-04T04:59:20.376000-04:00,11.909746170043945,0.10791117697954178,-11.801835060119629
2026-08-04T04:59:20.380000-04:00,11.916644096374512,0.11469215899705887,-11.801952362060547
2026-08-04T04:59:20.384000-04:00,11.92587947845459,0.13374905288219452,-11.792130470275879
2026-08-04T04:59:20.388000-04:00,11.938389778137207,0.16028842329978943,-11.778100967407227
2026-08-04T04:59:20.392000-04:00,11.956160545349121,0.17957915365695953,-11.776581764221191
2026-08-04T04:59:20.396000-04:00,11.967968940734863,0.20097433030605316,-11.76699447631836
2026-08-04T04:59:20.400000-04:00,11.974749565124512,0.24236170947551727,-11.73238754272461
2026-08-04T04:59:20.404000-04:00,11.986090660095215,0.26632899045944214,-11.719761848449707
2026-08-04T04:59:20.408000-04:00,12.010408401489258,0.3074825406074524,-11.702925682067871
2026-08-04T04:59:20.412000-04:00,12.033206939697266,0.34349191188812256,-11.689715385437012
2026-08-04T04:59:20.416000-04:00,12.052263259887695,0.3772799074649811,-11.674983024597168
2026-08-04T04:59:20.420000-04:00,12.056940078735352,0.38686680793762207,-11.670073509216309
2026-08-04T04:59:20.424000-04:00,12.064538955688477,0.4134061932563782,-11.651132583618164
2026-08-04T04:59:20.428000-04:00,12.08394718170166,0.44660961627960205,-11.637337684631348
2026-08-04T04:59:20.432000-04:00,12.100197792053223,0.46554961800575256,-11.634648323059082
2026-08-04T04:59:20.436000-04:00,12.113877296447754,0.4874124526977539,-11.62646484375
2026-08-04T04:59:20.440000-04:00,12.109785079956055,0.47712406516075134,-11.632660865783691
2026-08-04T04:59:20.444000-04:00,12.09423542022705,0.4857756495475769,-11.60845947265625
2026-08-04T04:59:20.448000-04:00,12.110954284667969,0.4922058880329132,-11.618748664855957
2026-08-04T04:59:20.452000-04:00,12.115630149841309,0.509626030921936,-11.606003761291504
2026-08-04T04:59:20.456000-04:00,12.115280151367188,0.5081061124801636,-11.607173919677734
2026-08-04T04:59:20.460000-04:00,12.078569412231445,0.49232280254364014,-11.586246490478516
2026-08-04T04:59:20.464000-04:00,12.069449424743652,0.4547935724258423,-11.614655494689941
2026-08-04T04:59:20.468000-04:00,12.06126594543457,0.44497284293174744,-11.616292953491211
2026-08-04T04:59:20.472000-04:00,12.037415504455566,0.40159791707992554,-11.635817527770996
2026-08-04T04:59:20.476000-04:00,12.031335830688477,0.3777475655078888,-11.65358829498291
2026-08-04T04:59:20.480000-04:00,11.983985900878906,0.3188231587409973,-11.665163040161133
2026-08-04T04:59:20.484000-04:00,11.964461326599121,0.281410813331604,-11.683050155639648
2026-08-04T04:59:20.488000-04:00,11.943182945251465,0.22213567793369293,-11.721047401428223
2026-08-04T04:59:20.492000-04:00,11.916994094848633,0.17092755436897278,-11.746066093444824
2026-08-04T04:59:20.496000-04:00,11.895248413085938,0.14485584199428558,-11.75039291381836
2026-08-04T04:59:20.500000-04:00,11.868241310119629,0.09820735454559326,-11.770033836364746
2026-08-04T04:59:20.504000-04:00,11.845560073852539,0.06710835546255112,-11.778451919555664
2026-08-04T04:59:20.508000-04:00,11.825450897216797,0.01999220997095108,-11.805459022521973
2026-08-04T04:59:20.512000-04:00,11.817734718322754,-0.0016367891803383827,-11.819371223449707
2026-08-04T04:59:20.516000-04:00,11.804523468017578,-0.025604059919714928,-11.830127716064453
2026-08-04T04:59:20.520000-04:00,11.785934448242188,-0.048636022955179214,-11.83457088470459
2026-08-04T04:59:20.524000-04:00,11.77704906463623,-0.07003119587898254,-11.84708023071289
2026-08-04T04:59:20.528000-04:00,11.772372245788574,-0.07272020727396011,-11.8450927734375
2026-08-04T04:59:20.532000-04:00,11.77143669128418,-0.08102106302976608,-11.852458000183105
2026-08-04T04:59:20.536000-04:00,11.762084007263184,-0.09727204591035843,-11.859355926513672
2026-08-04T04:59:20.540000-04:00,11.751562118530273,-0.10463759303092957,-11.856199264526367
2026-08-04T04:59:20.544000-04:00,11.750626564025879,-0.1164458617568016,-11.867072105407715
2026-08-04T04:59:20.548000-04:00,11.739051818847656,-0.1316446214914322,-11.870696067810059
2026-08-04T04:59:20.552000-04:00,11.748054504394531,-0.11913487315177917,-11.867189407348633
2026-08-04T04:59:20.556000-04:00,11.753783226013184,-0.11936869472265244,-11.873151779174805
2026-08-04T04:59:20.560000-04:00,11.73823356628418,-0.12498054653406143,-11.863214492797852
2026-08-04T04:59:20.564000-04:00,11.737532615661621,-0.13222917914390564,-11.86976146697998
2026-08-04T04:59:20.568000-04:00,11.734375953674316,-0.13234609365463257,-11.866722106933594
2026-08-04T04:59:20.572000-04:00,11.753549575805664,-0.11060018092393875,-11.864150047302246
2026-08-04T04:59:20.576000-04:00,11.746885299682617,-0.10019487887620926,-11.84708023071289
2026-08-04T04:59:20.580000-04:00,11.7301664352417,-0.13176153600215912,-11.86192798614502
2026-08-04T04:59:20.584000-04:00,11.720229148864746,-0.12498054653406143,-11.845210075378418
2026-08-04T04:59:20.588000-04:00,11.730050086975098,-0.13316449522972107,-11.863214492797852
2026-08-04T04:59:20.592000-04:00,11.726542472839355,-0.11352302134037018,-11.840065956115723
2026-08-04T04:59:20.596000-04:00,11.729114532470703,-0.1047545075416565,-11.833868980407715
2026-08-04T04:59:20.600000-04:00,11.737415313720703,-0.09645365178585052,-11.833868980407715
2026-08-04T04:59:20.604000-04:00,11.733907699584961,-0.09610290825366974,-11.830010414123535
2026-08-04T04:59:20.608000-04:00,11.745015144348145,-0.08277476578950882,-11.827790260314941
2026-08-04T04:59:20.612000-04:00,11.746417999267578,-0.06512082368135452,-11.811538696289062
2026-08-04T04:59:20.616000-04:00,11.75436782836914,-0.05681996792554855,-11.811187744140625
2026-08-04T04:59:20.620000-04:00,11.74244213104248,-0.06909588724374771,-11.811537742614746
2026-08-04T04:59:20.624000-04:00,11.741039276123047,-0.05307873710989952,-11.79411792755127
2026-08-04T04:59:20.628000-04:00,11.751562118530273,-0.04805145412683487,-11.799613952636719
2026-08-04T04:59:20.632000-04:00,11.758810043334961,-0.0425565205514431,-11.801366806030273
2026-08-04T04:59:20.636000-04:00,11.770384788513184,-0.018004681915044785,-11.788389205932617
2026-08-04T04:59:20.640000-04:00,11.767812728881836,-0.02022603712975979,-11.788039207458496
2026-08-04T04:59:20.644000-04:00,11.759629249572754,-0.03764615207910538,-11.79727554321289
2026-08-04T04:59:20.648000-04:00,11.769917488098145,-0.03074825368821621,-11.800665855407715
2026-08-04T04:59:20.652000-04:00,11.771787643432617,-0.03460640087723732,-11.80639362335205
2026-08-04T04:59:20.656000-04:00,11.767228126525879,-0.027123935520648956,-11.794352531433105
2026-08-04T04:59:20.660000-04:00,11.764656066894531,-0.04442713409662247,-11.809082984924316
2026-08-04T04:59:20.664000-04:00,11.75261402130127,-0.05074046552181244,-11.803354263305664
2026-08-04T04:59:20.668000-04:00,11.751912117004395,-0.05190959945321083,-11.803821563720703
2026-08-04T04:59:20.672000-04:00,11.761032104492188,-0.052727993577718735,-11.813759803771973
2026-08-04T04:59:20.676000-04:00,11.756355285644531,-0.04080281779170036,-11.797158241271973
2026-08-04T04:59:20.680000-04:00,11.759044647216797,-0.04512861743569374,-11.804173469543457
2026-08-04T04:59:20.684000-04:00,11.749691009521484,-0.04501170292496681,-11.794702529907227
2026-08-04T04:59:20.688000-04:00,11.752029418945312,-0.05728762224316597,-11.809316635131836
2026-08-04T04:59:20.692000-04:00,11.764656066894531,-0.04267343133687973,-11.807329177856445
2026-08-04T04:59:20.696000-04:00,11.764422416687012,-0.04360873997211456,-11.80803108215332
2026-08-04T04:59:20.700000-04:00,11.75647258758545,-0.05190959945321083,-11.808382034301758
2026-08-04T04:59:20.704000-04:00,11.756121635437012,-0.05296182259917259,-11.809082984924316
2026-08-04T04:59:20.708000-04:00,11.756706237792969,-0.05693688243627548,-11.813643455505371
2026-08-04T04:59:20.712000-04:00,11.762084007263184,-0.06687452644109726,-11.828958511352539
2026-08-04T04:59:20.716000-04:00,11.76068115234375,-0.062081076204776764,-11.822762489318848
2026-08-04T04:59:20.720000-04:00,11.759278297424316,-0.06593922525644302,-11.825217247009277
2026-08-04T04:59:20.724000-04:00,11.749691009521484,-0.08569760620594025,-11.83538818359375
2026-08-04T04:59:20.728000-04:00,11.757057189941406,-0.08125489205121994,-11.838312149047852
2026-08-04T04:59:20.732000-04:00,11.757875442504883,-0.09236167371273041,-11.850236892700195
2026-08-04T04:59:20.736000-04:00,11.7384672164917,-0.09984414279460907,-11.838311195373535
2026-08-04T04:59:20.740000-04:00,11.731219291687012,-0.10966487973928452,-11.8408842086792
2026-08-04T04:59:20.744000-04:00,11.732037544250488,-0.11855030059814453,-11.850587844848633
2026-08-04T04:59:20.748000-04:00,11.731569290161133,-0.1139906793832779,-11.845560073852539
2026-08-04T04:59:20.752000-04:00,11.740571975708008,-0.10311771929264069,-11.843689918518066
2026-08-04T04:59:20.756000-04:00,11.742793083190918,-0.09680438786745071,-11.839597702026367
2026-08-04T04:59:20.760000-04:00,11.7384672164917,-0.10101327300071716,-11.83948040008545
2026-08-04T04:59:20.764000-04:00,11.734258651733398,-0.10662512481212616,-11.8408842086792
2026-08-04T04:59:20.768000-04:00,11.730868339538574,-0.09247858822345734,-11.823347091674805
2026-08-04T04:59:20.772000-04:00,11.733323097229004,-0.1015978455543518,-11.834920883178711
2026-08-04T04:59:20.776000-04:00,11.738935470581055,-0.08850353211164474,-11.827439308166504
2026-08-04T04:59:20.780000-04:00,11.734609603881836,-0.09060797095298767,-11.825217247009277
2026-08-04T04:59:20.784000-04:00,11.726191520690918,-0.10054562240839005,-11.826737403869629
2026-08-04T04:59:20.788000-04:00,11.730283737182617,-0.09762278199195862,-11.827906608581543
2026-08-04T04:59:20.792000-04:00,11.74185848236084,-0.08943884074687958,-11.831296920776367
2026-08-04T04:59:20.796000-04:00,11.741741180419922,-0.094349205493927,-11.836090087890625
2026-08-04T04:59:20.800000-04:00,11.73414134979248,-0.10054562240839005,-11.834687232971191
2026-08-04T04:59:20.804000-04:00,11.733089447021484,-0.10229932516813278,-11.835389137268066
2026-08-04T04:59:20.808000-04:00,11.733556747436523,-0.10662512481212616,-11.840182304382324
2026-08-04T04:59:20.812000-04:00,11.741273880004883,-0.09879191964864731,-11.840065956115723
2026-08-04T04:59:20.816000-04:00,11.733440399169922,-0.10265006870031357,-11.836090087890625
2026-08-04T04:59:20.820000-04:00,11.725373268127441,-0.1120031476020813,-11.837376594543457
2026-08-04T04:59:20.824000-04:00,11.711928367614746,-0.1192517876625061,-11.831180572509766
2026-08-04T04:59:20.828000-04:00,11.731101989746094,-0.1027669757604599,-11.833868980407715
2026-08-04T04:59:20.832000-04:00,11.73823356628418,-0.0971551313996315,-11.835389137268066
2026-08-04T04:59:20.836000-04:00,11.731803894042969,-0.12100549042224884,-11.852808952331543
2026-08-04T04:59:20.840000-04:00,11.714967727661133,-0.11890104413032532,-11.833868980407715
2026-08-04T04:59:20.844000-04:00,11.72549057006836,-0.10463759303092957,-11.830127716064453
2026-08-04T04:59:20.848000-04:00,11.744546890258789,-0.09364772588014603,-11.838194847106934
2026-08-04T04:59:20.852000-04:00,11.753665924072266,-0.03764615207910538,-11.791312217712402
2026-08-04T04:59:20.856000-04:00,11.737064361572266,-0.026071714237332344,-11.76313591003418
2026-08-04T04:59:20.860000-04:00,11.734960556030273,-0.024902578443288803,-11.759862899780273
2026-08-04T04:59:20.864000-04:00,11.740571975708008,-0.03998441994190216,-11.780556678771973
2026-08-04T04:59:20.868000-04:00,11.746183395385742,-0.02127826027572155,-11.767461776733398
2026-08-04T04:59:20.872000-04:00,11.756121635437012,0.02537023276090622,-11.730751037597656
2026-08-04T04:59:20.876000-04:00,11.728062629699707,0.060795027762651443,-11.667267799377441
2026-08-04T04:59:20.880000-04:00,11.708888053894043,0.06313329935073853,-11.64575481414795
2026-08-04T04:59:20.884000-04:00,11.716136932373047,0.048636022955179214,-11.667500495910645
2026-08-04T04:59:20.888000-04:00,11.723970413208008,0.06395169347524643,-11.660018920898438
2026-08-04T04:59:20.892000-04:00,11.729348182678223,0.057755276560783386,-11.671592712402344
2026-08-04T04:59:20.896000-04:00,11.74431324005127,0.06453625857830048,-11.679777145385742
2026-08-04T04:59:20.900000-04:00,11.754485130310059,0.05506626516580582,-11.699419021606445
2026-08-04T04:59:20.904000-04:00,11.753783226013184,0.04419330880045891,-11.709589958190918
2026-08-04T04:59:20.908000-04:00,11.747587203979492,-0.031215908005833626,-11.778802871704102
2026-08-04T04:59:20.912000-04:00,11.74606704711914,-0.03156664967536926,-11.777633666992188
2026-08-04T04:59:20.916000-04:00,11.741039276123047,-0.03308652341365814,-11.774126052856445
2026-08-04T04:59:20.920000-04:00,11.7301664352417,-0.07470773905515671,-11.804874420166016
2026-08-04T04:59:20.924000-04:00,11.724321365356445,-0.09493377059698105,-11.819254875183105
2026-08-04T04:59:20.928000-04:00,11.71333122253418,-0.155378058552742,-11.868709564208984
2026-08-04T04:59:20.932000-04:00,11.696846008300781,-0.13374905288219452,-11.830595016479492
2026-08-04T04:59:20.936000-04:00,11.697314262390137,-0.1284879446029663,-11.825801849365234
2026-08-04T04:59:20.940000-04:00,11.695209503173828,-0.13865943253040314,-11.833868980407715
2026-08-04T04:59:20.944000-04:00,11.694157600402832,-0.1425175666809082,-11.836675643920898
2026-08-04T04:59:20.948000-04:00,11.69672966003418,-0.1436867117881775,-11.840415954589844
2026-08-04T04:59:20.952000-04:00,11.71111011505127,-0.15467657148838043,-11.8657865524292
2026-08-04T04:59:20.956000-04:00,11.69649600982666,-0.14544041454792023,-11.841936111450195
2026-08-04T04:59:20.960000-04:00,11.69672966003418,-0.1512860804796219,-11.848015785217285
2026-08-04T04:59:20.964000-04:00,11.693572998046875,-0.1573655903339386,-11.85093879699707
2026-08-04T04:59:20.968000-04:00,11.687726974487305,-0.16882310807704926,-11.856550216674805
2026-08-04T04:59:20.972000-04:00,11.685622215270996,-0.16753706336021423,-11.853158950805664
2026-08-04T04:59:20.976000-04:00,11.698366165161133,-0.15993767976760864,-11.858304023742676
2026-08-04T04:59:20.980000-04:00,11.6887788772583,-0.1742011308670044,-11.862979888916016
2026-08-04T04:59:20.984000-04:00,11.681180000305176,-0.16274361312389374,-11.843923568725586
2026-08-04T04:59:20.988000-04:00,11.666916847229004,-0.14602497220039368,-11.812941551208496
2026-08-04T04:59:20.992000-04:00,11.643767356872559,-0.11036635935306549,-11.754134178161621
2026-08-04T04:59:20.996000-04:00,11.658616065979004,-0.08862044662237167,-11.747236251831055
2026-08-04T04:59:21-04:00,11.725255966186523,-0.10756043344736099,-11.832816123962402
2026-08-04T04:59:21.004000-04:00,11.799379348754883,-0.056586138904094696,-11.855965614318848
2026-08-04T04:59:21.008000-04:00,11.965981483459473,0.1694076806306839,-11.796573638916016
2026-08-04T04:59:21.012000-04:00,12.026074409484863,0.42381149530410767,-11.602262496948242
2026-08-04T04:59:21.016000-04:00,11.958849906921387,1.0704600811004639,-10.888389587402344
2026-08-04T04:59:21.020000-04:00,11.913019180297852,1.825838327407837,-10.087181091308594
2026-08-04T04:59:21.024000-04:00,11.816449165344238,2.188270330429077,-9.628178596496582
2026-08-04T04:59:21.028000-04:00,11.782193183898926,2.2670700550079346,-9.51512336730957
2026-08-04T04:59:21.032000-04:00,11.722567558288574,2.1197588443756104,-9.602808952331543
2026-08-04T04:59:21.036000-04:00,11.700704574584961,1.4589637517929077,-10.241741180419922
2026-08-04T04:59:21.040000-04:00,11.68655776977539,1.0678880214691162,-10.618669509887695
2026-08-04T04:59:21.044000-04:00,11.700820922851562,0.4532736837863922,-11.247547149658203
2026-08-04T04:59:21.048000-04:00,11.745482444763184,0.2558067739009857,-11.489675521850586
2026-08-04T04:59:21.052000-04:00,11.8160982131958,0.2172253131866455,-11.598873138427734
2026-08-04T04:59:21.056000-04:00,11.762201309204102,0.13234609365463257,-11.629855155944824
2026-08-04T04:59:21.060000-04:00,11.762201309204102,0.08464538305997849,-11.677556037902832
2026-08-04T04:59:21.064000-04:00,11.768864631652832,0.03858146071434021,-11.7302827835083
2026-08-04T04:59:21.068000-04:00,11.76874828338623,0.010054562240839005,-11.75869369506836
2026-08-04T04:59:21.072000-04:00,11.774710655212402,0.005611848551779985,-11.769099235534668
2026-08-04T04:59:21.076000-04:00,11.771787643432617,-0.007131724152714014,-11.778919219970703
2026-08-04T04:59:21.080000-04:00,11.772021293640137,-0.02268122136592865,-11.794702529907227
2026-08-04T04:59:21.084000-04:00,11.767579078674316,-0.04571318253874779,-11.813292503356934
2026-08-04T04:59:21.088000-04:00,11.770268440246582,-0.04115355759859085,-11.811422348022461
2026-08-04T04:59:21.092000-04:00,11.781023979187012,-0.038113806396722794,-11.819137573242188
2026-08-04T04:59:21.096000-04:00,11.778334617614746,-0.029579119756817818,-11.807913780212402
2026-08-04T04:59:21.100000-04:00,11.783011436462402,-0.019524557515978813,-11.802536010742188
2026-08-04T04:59:21.104000-04:00,11.784998893737793,-0.015198756940662861,-11.80019760131836
2026-08-04T04:59:21.108000-04:00,11.783829689025879,-0.016835546121001244,-11.800664901733398
2026-08-04T04:59:21.112000-04:00,11.787220001220703,-0.022096654400229454,-11.809316635131836
2026-08-04T04:59:21.116000-04:00,11.789091110229492,-0.00806703232228756,-11.797158241271973
2026-08-04T04:59:21.120000-04:00,11.788389205932617,-0.004793453961610794,-11.793182373046875
2026-08-04T04:59:21.124000-04:00,11.795989036560059,0.002922837855294347,-11.793066024780273
2026-08-04T04:59:21.128000-04:00,11.804407119750977,0.010288389399647713,-11.794118881225586
2026-08-04T04:59:21.132000-04:00,11.81457805633545,0.023499615490436554,-11.791078567504883
2026-08-04T04:59:21.136000-04:00,11.818085670471191,0.037879977375268936,-11.780205726623535
2026-08-04T04:59:21.140000-04:00,11.808615684509277,0.04676540568470955,-11.761850357055664
2026-08-04T04:59:21.144000-04:00,11.822996139526367,0.05027281120419502,-11.772723197937012
2026-08-04T04:59:21.148000-04:00,11.821359634399414,0.06243181601166725,-11.758927345275879
2026-08-04T04:59:21.152000-04:00,11.840182304382324,0.07763057202100754,-11.762551307678223
2026-08-04T04:59:21.156000-04:00,11.842287063598633,0.08078724145889282,-11.761499404907227
2026-08-04T04:59:21.160000-04:00,11.835622787475586,0.094349205493927,-11.741273880004883
2026-08-04T04:59:21.164000-04:00,11.83293342590332,0.09528451412916183,-11.737648963928223
2026-08-04T04:59:21.168000-04:00,11.850003242492676,0.12813721597194672,-11.7218656539917
2026-08-04T04:59:21.172000-04:00,11.87852954864502,0.1537412703037262,-11.724788665771484
2026-08-04T04:59:21.176000-04:00,11.882855415344238,0.1542089283466339,-11.728646278381348
2026-08-04T04:59:21.180000-04:00,11.89045524597168,0.17770853638648987,-11.712746620178223
2026-08-04T04:59:21.184000-04:00,11.8989896774292,0.2019096314907074,-11.6970796585083
2026-08-04T04:59:21.188000-04:00,11.911849975585938,0.23031961917877197,-11.681529998779297
2026-08-04T04:59:21.192000-04:00,11.936168670654297,0.24598602950572968,-11.69018268585205
2026-08-04T04:59:21.196000-04:00,11.942598342895508,0.2742791175842285,-11.668319702148438
2026-08-04T04:59:21.200000-04:00,11.958148002624512,0.30280598998069763,-11.655342102050781
2026-08-04T04:59:21.204000-04:00,11.963759422302246,0.3275916576385498,-11.636167526245117
2026-08-04T04:59:21.208000-04:00,11.993104934692383,0.35144200921058655,-11.64166259765625
2026-08-04T04:59:21.212000-04:00,12.01192855834961,0.3785659670829773,-11.633362770080566
2026-08-04T04:59:21.216000-04:00,12.033089637756348,0.4187842011451721,-11.61430549621582
2026-08-04T04:59:21.220000-04:00,12.041741371154785,0.4600546658039093,-11.581686973571777
2026-08-04T04:59:21.224000-04:00,12.05343246459961,0.46987542510032654,-11.58355712890625
2026-08-04T04:59:21.228000-04:00,12.06956672668457,0.5019097328186035,-11.567657470703125
2026-08-04T04:59:21.232000-04:00,12.08230972290039,0.5190960168838501,-11.563213348388672
2026-08-04T04:59:21.236000-04:00,12.083245277404785,0.5434139966964722,-11.539831161499023
2026-08-04T04:59:21.240000-04:00,12.083128929138184,0.5459861159324646,-11.537142753601074
2026-08-04T04:59:21.244000-04:00,12.075061798095703,0.5421279668807983,-11.532934188842773
2026-08-04T04:59:21.248000-04:00,12.082894325256348,0.5442324280738831,-11.53866195678711
2026-08-04T04:59:21.252000-04:00,12.0761137008667,0.5353469848632812,-11.540766716003418
2026-08-04T04:59:21.256000-04:00,12.071436882019043,0.534762442111969,-11.536674499511719
2026-08-04T04:59:21.260000-04:00,12.044429779052734,0.5147702097892761,-11.529659271240234
2026-08-04T04:59:21.264000-04:00,12.026191711425781,0.47466886043548584,-11.551523208618164
2026-08-04T04:59:21.268000-04:00,12.009121894836426,0.4549104869365692,-11.554211616516113
2026-08-04T04:59:21.272000-04:00,12.000236511230469,0.41410768032073975,-11.586129188537598
2026-08-04T04:59:21.276000-04:00,11.971359252929688,0.388620525598526,-11.582738876342773
2026-08-04T04:59:21.280000-04:00,11.932894706726074,0.32209673523902893,-11.610797882080078
2026-08-04T04:59:21.284000-04:00,11.914539337158203,0.292634516954422,-11.621904373168945
2026-08-04T04:59:21.288000-04:00,11.89466381072998,0.25229936838150024,-11.642364501953125
2026-08-04T04:59:21.292000-04:00,11.868358612060547,0.19805149734020233,-11.670307159423828
2026-08-04T04:59:21.296000-04:00,11.84953498840332,0.1730320006608963,-11.67650318145752
2026-08-04T04:59:21.300000-04:00,11.82685375213623,0.12077166140079498,-11.706082344055176
2026-08-04T04:59:21.304000-04:00,11.814227104187012,0.088737353682518,-11.725489616394043
2026-08-04T04:59:21.308000-04:00,11.795989036560059,0.06243181601166725,-11.733556747436523
2026-08-04T04:59:21.312000-04:00,11.78967571258545,0.03869837149977684,-11.750977516174316
2026-08-04T04:59:21.316000-04:00,11.77506160736084,0.020576778799295425,-11.754485130310059
2026-08-04T04:59:21.320000-04:00,11.75460147857666,-0.0031566647812724113,-11.757758140563965
2026-08-04T04:59:21.324000-04:00,11.747469902038574,-0.024902578443288803,-11.772372245788574
2026-08-04T04:59:21.328000-04:00,11.741156578063965,-0.03191738948225975,-11.77307415008545
2026-08-04T04:59:21.332000-04:00,11.741390228271484,-0.03986750915646553,-11.781257629394531
2026-08-04T04:59:21.336000-04:00,11.740571975708008,-0.04279034584760666,-11.78336238861084
2026-08-04T04:59:21.340000-04:00,11.727945327758789,-0.057755276560783386,-11.785700798034668
2026-08-04T04:59:21.344000-04:00,11.7177734375,-0.07003119587898254,-11.78780460357666
2026-08-04T04:59:21.348000-04:00,11.724671363830566,-0.05623539909720421,-11.780906677246094
2026-08-04T04:59:21.352000-04:00,11.722918510437012,-0.06722526997327805,-11.790143966674805
2026-08-04T04:59:21.356000-04:00,11.725022315979004,-0.06149650737643242,-11.786519050598145
2026-08-04T04:59:21.360000-04:00,11.715435981750488,-0.062081076204776764,-11.777517318725586
2026-08-04T04:59:21.364000-04:00,11.710875511169434,-0.06231490150094032,-11.77319049835205
2026-08-04T04:59:21.368000-04:00,11.721514701843262,-0.06851132214069366,-11.79002571105957
2026-08-04T04:59:21.372000-04:00,11.726308822631836,-0.0602104589343071,-11.786519050598145
2026-08-04T04:59:21.376000-04:00,11.726191520690918,-0.04384256899356842,-11.770033836364746
2026-08-04T04:59:21.380000-04:00,11.719761848449707,-0.04664849117398262,-11.766409873962402
2026-08-04T04:59:21.384000-04:00,11.712746620178223,-0.055300090461969376,-11.768046379089355
2026-08-04T04:59:21.388000-04:00,11.716838836669922,-0.045947011560201645,-11.762785911560059
2026-08-04T04:59:21.392000-04:00,11.720229148864746,-0.03296961262822151,-11.753198623657227
2026-08-04T04:59:21.396000-04:00,11.719644546508789,-0.020342951640486717,-11.73998737335205
2026-08-04T04:59:21.400000-04:00,11.72338581085205,-0.022096654400229454,-11.745482444763184
2026-08-04T04:59:21.404000-04:00,11.72385311126709,-0.02279813587665558,-11.746651649475098
2026-08-04T04:59:21.408000-04:00,11.726425170898438,-0.011691351421177387,-11.738116264343262
2026-08-04T04:59:21.412000-04:00,11.73414134979248,-0.0028059242758899927,-11.736947059631348
2026-08-04T04:59:21.416000-04:00,11.730634689331055,-0.0032735783606767654,-11.733908653259277
2026-08-04T04:59:21.420000-04:00,11.732504844665527,-0.01122369710355997,-11.743728637695312
2026-08-04T04:59:21.424000-04:00,11.734609603881836,-0.009586907923221588,-11.744196891784668
2026-08-04T04:59:21.428000-04:00,11.749223709106445,-0.0015198757173493505,-11.750743865966797
2026-08-04T04:59:21.432000-04:00,11.752964973449707,0.012159005738794804,-11.740805625915527
2026-08-04T04:59:21.436000-04:00,11.747937202453613,0.016601718962192535,-11.731335639953613
2026-08-04T04:59:21.440000-04:00,11.751093864440918,0.014146534726023674,-11.736947059631348
2026-08-04T04:59:21.444000-04:00,11.74828815460205,0.016367891803383827,-11.73192024230957
2026-08-04T04:59:21.448000-04:00,11.750509262084961,0.012275919318199158,-11.73823356628418
2026-08-04T04:59:21.452000-04:00,11.754016876220703,0.02396726980805397,-11.730049133300781
2026-08-04T04:59:21.456000-04:00,11.755537033081055,0.026890108361840248,-11.728647232055664
2026-08-04T04:59:21.460000-04:00,11.746417999267578,0.01742011308670044,-11.728998184204102
2026-08-04T04:59:21.464000-04:00,11.744430541992188,0.012626659125089645,-11.731803894042969
2026-08-04T04:59:21.468000-04:00,11.747587203979492,0.010872956365346909,-11.736714363098145
2026-08-04T04:59:21.472000-04:00,11.759745597839355,0.025604059919714928,-11.73414134979248
2026-08-04T04:59:21.476000-04:00,11.757758140563965,0.012743572704494,-11.745014190673828
2026-08-04T04:59:21.480000-04:00,11.74407958984375,0.0022213568445295095,-11.74185848236084
2026-08-04T04:59:21.484000-04:00,11.740922927856445,-0.0019875296857208014,-11.742910385131836
2026-08-04T04:59:21.488000-04:00,11.745833396911621,0.00116913509555161,-11.744664192199707
2026-08-04T04:59:21.492000-04:00,11.750509262084961,0.0052611082792282104,-11.745247840881348
2026-08-04T04:59:21.496000-04:00,11.749457359313965,0.005027281120419502,-11.744430541992188
2026-08-04T04:59:21.500000-04:00,11.744195938110352,0.0021044432651251554,-11.742091178894043
2026-08-04T04:59:21.504000-04:00,11.733323097229004,-0.008885427378118038,-11.742208480834961
2026-08-04T04:59:21.508000-04:00,11.741741180419922,-0.011457524262368679,-11.753198623657227
2026-08-04T04:59:21.512000-04:00,11.748054504394531,-0.009469994343817234,-11.757524490356445
2026-08-04T04:59:21.516000-04:00,11.73998737335205,-0.011106783524155617,-11.751093864440918
2026-08-04T04:59:21.520000-04:00,11.736713409423828,-0.007833205163478851,-11.744546890258789
2026-08-04T04:59:21.524000-04:00,11.733907699584961,-0.013445054180920124,-11.747352600097656
2026-08-04T04:59:21.528000-04:00,11.732622146606445,-0.03858146071434021,-11.771203994750977
2026-08-04T04:59:21.532000-04:00,11.7384672164917,-0.031449735164642334,-11.769916534423828
2026-08-04T04:59:21.536000-04:00,11.736479759216309,-0.024318011477589607,-11.760797500610352
2026-08-04T04:59:21.540000-04:00,11.73379135131836,-0.03951676934957504,-11.773307800292969
2026-08-04T04:59:21.544000-04:00,11.723502159118652,-0.04279034584760666,-11.766292572021484
2026-08-04T04:59:21.548000-04:00,11.725724220275879,-0.04688232019543648,-11.77260684967041
2026-08-04T04:59:21.552000-04:00,11.728647232055664,-0.04290726035833359,-11.771554946899414
2026-08-04T04:59:21.556000-04:00,11.735661506652832,-0.024434924125671387,-11.760096549987793
2026-08-04T04:59:21.560000-04:00,11.72549057006836,-0.04758379980921745,-11.77307415008545
2026-08-04T04:59:21.564000-04:00,11.725606918334961,-0.04933750256896019,-11.774944305419922
2026-08-04T04:59:21.568000-04:00,11.727243423461914,-0.043374914675951004,-11.770618438720703
2026-08-04T04:59:21.572000-04:00,11.736597061157227,-0.04372565448284149,-11.780323028564453
2026-08-04T04:59:21.576000-04:00,11.725606918334961,-0.04384256899356842,-11.769449234008789
2026-08-04T04:59:21.580000-04:00,11.717072486877441,-0.05167577415704727,-11.76874828338623
2026-08-04T04:59:21.584000-04:00,11.71508502960205,-0.06009354442358017,-11.775178909301758
2026-08-04T04:59:21.588000-04:00,11.718475341796875,-0.04793453961610794,-11.766409873962402
2026-08-04T04:59:21.592000-04:00,11.72584056854248,-0.04501170292496681,-11.770852088928223
2026-08-04T04:59:21.596000-04:00,11.72408676147461,-0.04524552822113037,-11.769331932067871
2026-08-04T04:59:21.600000-04:00,11.720462799072266,-0.06254872679710388,-11.783011436462402
2026-08-04T04:59:21.604000-04:00,11.714967727661133,-0.05693688243627548,-11.771904945373535
2026-08-04T04:59:21.608000-04:00,11.714032173156738,-0.07120033353567123,-11.785232543945312
2026-08-04T04:59:21.612000-04:00,11.716487884521484,-0.06243181601166725,-11.77892017364502
2026-08-04T04:59:21.616000-04:00,11.72116470336914,-0.07038193196058273,-11.791546821594238
2026-08-04T04:59:21.620000-04:00,11.714734077453613,-0.07856588065624237,-11.793299674987793
2026-08-04T04:59:21.624000-04:00,11.714266777038574,-0.07856588065624237,-11.792832374572754
2026-08-04T04:59:21.628000-04:00,11.709940910339355,-0.07178489863872528,-11.781725883483887
2026-08-04T04:59:21.632000-04:00,11.721514701843262,-0.05997663363814354,-11.78149127960205
2026-08-04T04:59:21.636000-04:00,11.71578598022461,-0.06839440762996674,-11.784180641174316
2026-08-04T04:59:21.640000-04:00,11.710641860961914,-0.06617304682731628,-11.776814460754395
2026-08-04T04:59:21.644000-04:00,11.715201377868652,-0.06816057860851288,-11.78336238861084
2026-08-04T04:59:21.648000-04:00,11.713447570800781,-0.06874514371156693,-11.782193183898926
2026-08-04T04:59:21.652000-04:00,11.72163200378418,-0.06558848172426224,-11.78722095489502
2026-08-04T04:59:21.656000-04:00,11.715669631958008,-0.06605613231658936,-11.781725883483887
2026-08-04T04:59:21.660000-04:00,11.707836151123047,-0.08113797754049301,-11.788973808288574
2026-08-04T04:59:21.664000-04:00,11.707718849182129,-0.07961810380220413,-11.787337303161621
2026-08-04T04:59:21.668000-04:00,11.712746620178223,-0.07798131555318832,-11.790727615356445
2026-08-04T04:59:21.672000-04:00,11.720229148864746,-0.06032737344503403,-11.780556678771973
2026-08-04T04:59:21.676000-04:00,11.716020584106445,-0.06430242955684662,-11.780323028564453
2026-08-04T04:59:21.680000-04:00,11.707368850708008,-0.07038193196058273,-11.777750968933105
2026-08-04T04:59:21.684000-04:00,11.703861236572266,-0.08277476578950882,-11.786636352539062
2026-08-04T04:59:21.688000-04:00,11.712279319763184,-0.08055341243743896,-11.792832374572754
2026-08-04T04:59:21.692000-04:00,11.716487884521484,-0.07295403629541397,-11.78944206237793
2026-08-04T04:59:21.696000-04:00,11.710759162902832,-0.07131724059581757,-11.782076835632324
2026-08-04T04:59:21.700000-04:00,11.704328536987305,-0.07014811038970947,-11.774477005004883
2026-08-04T04:59:21.704000-04:00,11.702341079711914,-0.08043649792671204,-11.782777786254883
2026-08-04T04:59:21.708000-04:00,11.709122657775879,-0.06956353783607483,-11.7786865234375
2026-08-04T04:59:21.712000-04:00,11.717072486877441,-0.061964161694049835,-11.779036521911621
2026-08-04T04:59:21.716000-04:00,11.710290908813477,-0.05155885964632034,-11.761849403381348
2026-08-04T04:59:21.720000-04:00,11.730400085449219,-0.042205777019262314,-11.772605895996094
2026-08-04T04:59:21.724000-04:00,11.730283737182617,-0.03180047497153282,-11.762084007263184
2026-08-04T04:59:21.728000-04:00,11.72946548461914,-0.0019875296857208014,-11.731452941894531
2026-08-04T04:59:21.732000-04:00,11.734725952148438,0.010054562240839005,-11.724671363830566
2026-08-04T04:59:21.736000-04:00,11.726075172424316,0.028293069452047348,-11.697782516479492
2026-08-04T04:59:21.740000-04:00,11.734843254089355,0.025604059919714928,-11.70923900604248
2026-08-04T04:59:21.744000-04:00,11.739402770996094,0.057872191071510315,-11.681530952453613
2026-08-04T04:59:21.748000-04:00,11.744546890258789,0.09294624626636505,-11.65160083770752
2026-08-04T04:59:21.752000-04:00,11.713682174682617,0.10592364519834518,-11.607758522033691
2026-08-04T04:59:21.756000-04:00,11.707953453063965,0.10381919890642166,-11.604134559631348
2026-08-04T04:59:21.760000-04:00,11.712629318237305,0.0730709433555603,-11.639558792114258
2026-08-04T04:59:21.764000-04:00,11.712512969970703,0.09306316077709198,-11.619449615478516
2026-08-04T04:59:21.768000-04:00,11.719761848449707,0.10849574208259583,-11.611266136169434
2026-08-04T04:59:21.772000-04:00,11.754485130310059,0.10908030718564987,-11.645404815673828
2026-08-04T04:59:21.776000-04:00,11.75846004486084,0.09458303451538086,-11.663877487182617
2026-08-04T04:59:21.780000-04:00,11.749457359313965,0.04688232019543648,-11.702574729919434
2026-08-04T04:59:21.784000-04:00,11.736597061157227,0.006430243141949177,-11.7301664352417
2026-08-04T04:59:21.788000-04:00,11.743494987487793,0.01590023748576641,-11.727594375610352
2026-08-04T04:59:21.792000-04:00,11.728763580322266,0.007950118742883205,-11.720813751220703
2026-08-04T04:59:21.796000-04:00,11.720462799072266,-0.023148875683546066,-11.743611335754395
2026-08-04T04:59:21.800000-04:00,11.70503044128418,-0.04489478841423988,-11.74992561340332
2026-08-04T04:59:21.804000-04:00,11.692403793334961,-0.05717070773243904,-11.749574661254883
2026-08-04T04:59:21.808000-04:00,11.69088363647461,-0.0823071151971817,-11.77319049835205
2026-08-04T04:59:21.812000-04:00,11.692286491394043,-0.08534686267375946,-11.777633666992188
2026-08-04T04:59:21.816000-04:00,11.691117286682129,-0.09201093763113022,-11.783127784729004
2026-08-04T04:59:21.820000-04:00,11.683284759521484,-0.09376464039087296,-11.77704906463623
2026-08-04T04:59:21.824000-04:00,11.68211555480957,-0.09762278199195862,-11.779738426208496
2026-08-04T04:59:21.828000-04:00,11.695676803588867,-0.09937648475170135,-11.795053482055664
2026-08-04T04:59:21.832000-04:00,11.693222045898438,-0.09505068510770798,-11.788272857666016
2026-08-04T04:59:21.836000-04:00,11.679893493652344,-0.10206549614667892,-11.78195858001709
2026-08-04T04:59:21.840000-04:00,11.679075241088867,-0.11936869472265244,-11.798443794250488
2026-08-04T04:59:21.844000-04:00,11.668553352355957,-0.12357758730649948,-11.792130470275879
2026-08-04T04:59:21.848000-04:00,11.667851448059082,-0.12240844964981079,-11.790260314941406
2026-08-04T04:59:21.852000-04:00,11.675684928894043,-0.12135622650384903,-11.797040939331055
2026-08-04T04:59:21.856000-04:00,11.673346519470215,-0.10931413620710373,-11.782660484313965
2026-08-04T04:59:21.860000-04:00,11.6555757522583,-0.10533907264471054,-11.76091480255127
2026-08-04T04:59:21.864000-04:00,11.624711036682129,-0.08219020068645477,-11.706901550292969
2026-08-04T04:59:21.868000-04:00,11.619449615478516,-0.05307873710989952,-11.672528266906738
2026-08-04T04:59:21.872000-04:00,11.687259674072266,-0.05950897932052612,-11.746768951416016
2026-08-04T04:59:21.876000-04:00,11.746651649475098,-0.032501958310604095,-11.779153823852539
2026-08-04T04:59:21.880000-04:00,11.903900146484375,0.13842560350894928,-11.765474319458008
2026-08-04T04:59:21.884000-04:00,12.033323287963867,0.48191750049591064,-11.551405906677246
2026-08-04T04:59:21.888000-04:00,11.983283996582031,0.8636401295661926,-11.119644165039062
2026-08-04T04:59:21.892000-04:00,11.936518669128418,1.651987910270691,-10.284530639648438
2026-08-04T04:59:21.896000-04:00,11.883206367492676,2.096843957901001,-9.786362648010254
2026-08-04T04:59:21.900000-04:00,11.795053482055664,2.267303705215454,-9.527750015258789
2026-08-04T04:59:21.904000-04:00,11.739636421203613,2.253040313720703,-9.48659610748291
2026-08-04T04:59:21.908000-04:00,11.708888053894043,1.7195639610290527,-9.989324569702148
2026-08-04T04:59:21.912000-04:00,11.6845703125,1.2708499431610107,-10.41372013092041
2026-08-04T04:59:21.916000-04:00,11.698599815368652,0.7162122130393982,-10.98238754272461
2026-08-04T04:59:21.920000-04:00,11.72747802734375,0.30327364802360535,-11.42420482635498
2026-08-04T04:59:21.924000-04:00,11.789558410644531,0.24189406633377075,-11.547664642333984
2026-08-04T04:59:21.928000-04:00,11.793066024780273,0.20202654600143433,-11.591039657592773
2026-08-04T04:59:21.932000-04:00,11.753315925598145,0.15643027424812317,-11.596885681152344
2026-08-04T04:59:21.936000-04:00,11.771787643432617,0.09247858822345734,-11.679308891296387
2026-08-04T04:59:21.940000-04:00,11.760798454284668,0.06523773819208145,-11.695560455322266
2026-08-04T04:59:21.944000-04:00,11.755537033081055,0.03706158325076103,-11.718475341796875
2026-08-04T04:59:21.948000-04:00,11.752496719360352,0.03156664967536926,-11.720930099487305
2026-08-04T04:59:21.952000-04:00,11.770618438720703,0.032735783606767654,-11.737882614135742
2026-08-04T04:59:21.956000-04:00,11.76512336730957,0.027591589838266373,-11.737531661987305
2026-08-04T04:59:21.960000-04:00,11.759160995483398,0.014029622077941895,-11.745131492614746
2026-08-04T04:59:21.964000-04:00,11.762317657470703,0.006664070300757885,-11.755653381347656
2026-08-04T04:59:21.968000-04:00,11.758927345275879,0.012392832897603512,-11.74653434753418
2026-08-04T04:59:21.972000-04:00,11.776113510131836,0.02513640560209751,-11.750977516174316
2026-08-04T04:59:21.976000-04:00,11.775412559509277,0.030280599370598793,-11.745131492614746
2026-08-04T04:59:21.980000-04:00,11.767461776733398,0.03460640087723732,-11.732855796813965
2026-08-04T04:59:21.984000-04:00,11.783829689025879,0.037996891885995865,-11.745832443237305
2026-08-04T04:59:21.988000-04:00,11.788623809814453,0.05950897932052612,-11.729114532470703
2026-08-04T04:59:21.992000-04:00,11.796573638916016,0.07190181314945221,-11.724671363830566
2026-08-04T04:59:21.996000-04:00,11.797274589538574,0.07938427478075027,-11.717890739440918
2026-08-04T04:59:22-04:00,11.797391891479492,0.06757601350545883,-11.729815483093262
2026-08-04T04:59:22.004000-04:00,11.7994966506958,0.06699144095182419,-11.732504844665527
2026-08-04T04:59:22.008000-04:00,11.807913780212402,0.0862821713089943,-11.72163200378418
2026-08-04T04:59:22.012000-04:00,11.821008682250977,0.10054562240839005,-11.720462799072266
2026-08-04T04:59:22.016000-04:00,11.822294235229492,0.09809044003486633,-11.724204063415527
2026-08-04T04:59:22.020000-04:00,11.825568199157715,0.10884647816419601,-11.716721534729004
2026-08-04T04:59:22.024000-04:00,11.830829620361328,0.11749808490276337,-11.71333122253418
2026-08-04T04:59:22.028000-04:00,11.846261978149414,0.1413484364748001,-11.704913139343262
2026-08-04T04:59:22.032000-04:00,11.8450927734375,0.14719411730766296,-11.697898864746094
2026-08-04T04:59:22.036000-04:00,11.852341651916504,0.15607954561710358,-11.69626235961914
2026-08-04T04:59:22.040000-04:00,11.8574857711792,0.17712397873401642,-11.6803617477417
2026-08-04T04:59:22.044000-04:00,11.861109733581543,0.1718628704547882,-11.689247131347656
2026-08-04T04:59:22.048000-04:00,11.866722106933594,0.20658618211746216,-11.660136222839355
2026-08-04T04:59:22.052000-04:00,11.882270812988281,0.22388938069343567,-11.658381462097168
2026-08-04T04:59:22.056000-04:00,11.901094436645508,0.2385035753250122,-11.662590980529785
2026-08-04T04:59:22.060000-04:00,11.913837432861328,0.253702312707901,-11.660135269165039
2026-08-04T04:59:22.064000-04:00,11.931374549865723,0.27042096853256226,-11.660953521728516
2026-08-04T04:59:22.068000-04:00,11.944703102111816,0.29637575149536133,-11.648326873779297
2026-08-04T04:59:22.072000-04:00,11.964812278747559,0.3404521644115448,-11.624360084533691
2026-08-04T04:59:22.076000-04:00,11.978257179260254,0.36792683601379395,-11.610330581665039
2026-08-04T04:59:22.080000-04:00,11.994391441345215,0.3833594024181366,-11.611032485961914
2026-08-04T04:59:22.084000-04:00,12.010408401489258,0.4235776662826538,-11.586831092834473
2026-08-04T04:59:22.088000-04:00,12.027127265930176,0.4431022107601166,-11.584025382995605
2026-08-04T04:59:22.092000-04:00,12.04910659790039,0.47361665964126587,-11.57548999786377
2026-08-04T04:59:22.096000-04:00,12.059863090515137,0.4889323115348816,-11.570930480957031
2026-08-04T04:59:22.100000-04:00,12.070852279663086,0.5226033926010132,-11.548249244689941
2026-08-04T04:59:22.104000-04:00,12.078803062438965,0.5273968577384949,-11.551405906677246
2026-08-04T04:59:22.108000-04:00,12.099379539489746,0.5501949787139893,-11.549184799194336
2026-08-04T04:59:22.112000-04:00,12.103354454040527,0.5625878572463989,-11.540766716003418
2026-08-04T04:59:22.116000-04:00,12.106160163879395,0.5837491750717163,-11.522411346435547
2026-08-04T04:59:22.120000-04:00,12.09470272064209,0.589594841003418,-11.505107879638672
2026-08-04T04:59:22.124000-04:00,12.096807479858398,0.5931022763252258,-11.503705024719238
2026-08-04T04:59:22.128000-04:00,12.089442253112793,0.5818785429000854,-11.507563591003418
2026-08-04T04:59:22.132000-04:00,12.06980037689209,0.5574436187744141,-11.512356758117676
2026-08-04T04:59:22.136000-04:00,12.059394836425781,0.5365161299705505,-11.522878646850586
2026-08-04T04:59:22.140000-04:00,12.036713600158691,0.5219019055366516,-11.514811515808105
2026-08-04T04:59:22.144000-04:00,12.009706497192383,0.4841388463973999,-11.525568008422852
2026-08-04T04:59:22.148000-04:00,11.986557960510254,0.4459081292152405,-11.5406494140625
2026-08-04T04:59:22.152000-04:00,11.97685432434082,0.41609519720077515,-11.560759544372559
2026-08-04T04:59:22.156000-04:00,11.934297561645508,0.36558854579925537,-11.568709373474121
2026-08-04T04:59:22.160000-04:00,11.913603782653809,0.3327358663082123,-11.580867767333984
2026-08-04T04:59:22.164000-04:00,11.886246681213379,0.28281378746032715,-11.603432655334473
2026-08-04T04:59:22.168000-04:00,11.879348754882812,0.2565082609653473,-11.622840881347656
2026-08-04T04:59:22.172000-04:00,11.845443725585938,0.1979345828294754,-11.647509574890137
2026-08-04T04:59:22.176000-04:00,11.837142944335938,0.17957915365695953,-11.657564163208008
2026-08-04T04:59:22.180000-04:00,11.804407119750977,0.12778647243976593,-11.676620483398438
2026-08-04T04:59:22.184000-04:00,11.788506507873535,0.09621982276439667,-11.692286491394043
2026-08-04T04:59:22.188000-04:00,11.785467147827148,0.07318785786628723,-11.712279319763184
2026-08-04T04:59:22.192000-04:00,11.777984619140625,0.0489867627620697,-11.728998184204102
2026-08-04T04:59:22.196000-04:00,11.76921558380127,0.033788006752729416,-11.735427856445312
2026-08-04T04:59:22.200000-04:00,11.754016876220703,0.01718628592789173,-11.736830711364746
2026-08-04T04:59:22.204000-04:00,11.739520072937012,-0.016952458769083023,-11.75647258758545
2026-08-04T04:59:22.208000-04:00,11.736948013305664,-0.013561967760324478,-11.750510215759277
2026-08-04T04:59:22.212000-04:00,11.737532615661621,-0.013445054180920124,-11.750977516174316
2026-08-04T04:59:22.216000-04:00,11.72747802734375,-0.023148875683546066,-11.750626564025879
2026-08-04T04:59:22.220000-04:00,11.719059944152832,-0.034021832048892975,-11.753081321716309
2026-08-04T04:59:22.224000-04:00,11.708538055419922,-0.03600936383008957,-11.744547843933105
2026-08-04T04:59:22.228000-04:00,11.705848693847656,-0.02665628120303154,-11.732504844665527
2026-08-04T04:59:22.232000-04:00,11.723970413208008,-0.02139517292380333,-11.745365142822266
2026-08-04T04:59:22.236000-04:00,11.714149475097656,-0.020576778799295425,-11.734725952148438
2026-08-04T04:59:22.240000-04:00,11.712044715881348,-0.02420109696686268,-11.736246109008789
2026-08-04T04:59:22.244000-04:00,11.71508502960205,-0.0425565205514431,-11.757641792297363
2026-08-04T04:59:22.248000-04:00,11.715201377868652,-0.02934529259800911,-11.744546890258789
2026-08-04T04:59:22.252000-04:00,11.716605186462402,-0.026071714237332344,-11.742676734924316
2026-08-04T04:59:22.256000-04:00,11.719293594360352,-0.02922837808728218,-11.74852180480957
2026-08-04T04:59:22.260000-04:00,11.718008041381836,-0.019641470164060593,-11.737649917602539
2026-08-04T04:59:22.264000-04:00,11.710759162902832,-0.015549497678875923,-11.726308822631836
2026-08-04T04:59:22.268000-04:00,11.721982955932617,-0.008885427378118038,-11.730868339538574
2026-08-04T04:59:22.272000-04:00,11.729231834411621,0.017770854756236076,-11.711461067199707
2026-08-04T04:59:22.276000-04:00,11.728412628173828,0.019173815846443176,-11.70923900604248
2026-08-04T04:59:22.280000-04:00,11.726542472839355,0.011691351421177387,-11.714851379394531
2026-08-04T04:59:22.284000-04:00,11.730517387390137,0.007950118742883205,-11.722567558288574
2026-08-04T04:59:22.288000-04:00,11.741156578063965,0.03156664967536926,-11.709589958190918
2026-08-04T04:59:22.292000-04:00,11.753549575805664,0.03589244931936264,-11.717657089233398
2026-08-04T04:59:22.296000-04:00,11.73799991607666,0.043024174869060516,-11.694975852966309
2026-08-04T04:59:22.300000-04:00,11.737298011779785,0.04080281779170036,-11.696495056152344
2026-08-04T04:59:22.304000-04:00,11.735427856445312,0.03203430399298668,-11.703393936157227
2026-08-04T04:59:22.308000-04:00,11.740689277648926,0.028994550928473473,-11.711694717407227
2026-08-04T04:59:22.312000-04:00,11.752496719360352,0.03869837149977684,-11.713798522949219
2026-08-04T04:59:22.316000-04:00,11.754718780517578,0.05062355101108551,-11.704094886779785
2026-08-04T04:59:22.320000-04:00,11.738701820373535,0.03226812928915024,-11.706433296203613
2026-08-04T04:59:22.324000-04:00,11.741974830627441,0.03636010363698006,-11.705615043640137
2026-08-04T04:59:22.328000-04:00,11.750977516174316,0.03074825368821621,-11.720229148864746
2026-08-04T04:59:22.332000-04:00,11.75214672088623,0.03472331538796425,-11.717423439025879
2026-08-04T04:59:22.336000-04:00,11.749223709106445,0.031215908005833626,-11.718008041381836
2026-08-04T04:59:22.340000-04:00,11.743962287902832,0.03180047497153282,-11.712162017822266
2026-08-04T04:59:22.344000-04:00,11.747236251831055,0.029812946915626526,-11.717423439025879
2026-08-04T04:59:22.348000-04:00,11.74630069732666,0.02268122136592865,-11.72361946105957
2026-08-04T04:59:22.352000-04:00,11.753081321716309,0.0240841843187809,-11.728997230529785
2026-08-04T04:59:22.356000-04:00,11.743377685546875,0.008417773060500622,-11.734959602355957
2026-08-04T04:59:22.360000-04:00,11.747118949890137,0.006313329562544823,-11.740805625915527
2026-08-04T04:59:22.364000-04:00,11.74209213256836,0.004208886530250311,-11.737883567810059
2026-08-04T04:59:22.368000-04:00,11.736363410949707,-0.003741232445463538,-11.740104675292969
2026-08-04T04:59:22.372000-04:00,11.748990058898926,-0.0026890109293162823,-11.751679420471191
2026-08-04T04:59:22.376000-04:00,11.74384593963623,-0.0003507405344862491,-11.744196891784668
2026-08-04T04:59:22.380000-04:00,11.734492301940918,-0.004325800109654665,-11.738818168640137
2026-08-04T04:59:22.384000-04:00,11.732388496398926,-0.010405302979052067,-11.742794036865234
2026-08-04T04:59:22.388000-04:00,11.74185848236084,-0.006196416448801756,-11.748054504394531
2026-08-04T04:59:22.392000-04:00,11.744780540466309,-0.022915048524737358,-11.767695426940918
2026-08-04T04:59:22.396000-04:00,11.732504844665527,-0.03320343792438507,-11.765707969665527
2026-08-04T04:59:22.400000-04:00,11.72338581085205,-0.03752923756837845,-11.76091480255127
2026-08-04T04:59:22.404000-04:00,11.722918510437012,-0.043024174869060516,-11.765942573547363
2026-08-04T04:59:22.408000-04:00,11.734725952148438,-0.04232269152998924,-11.77704906463623
2026-08-04T04:59:22.412000-04:00,11.732855796813965,-0.02022603712975979,-11.753082275390625
2026-08-04T04:59:22.416000-04:00,11.728412628173828,-0.027708502486348152,-11.756120681762695
2026-08-04T04:59:22.420000-04:00,11.721982955932617,-0.044544048607349396,-11.76652717590332
2026-08-04T04:59:22.424000-04:00,11.723736763000488,-0.04653158038854599,-11.770268440246582
2026-08-04T04:59:22.428000-04:00,11.723502159118652,-0.036710843443870544,-11.760212898254395
2026-08-04T04:59:22.432000-04:00,11.725957870483398,-0.036593928933143616,-11.762552261352539
2026-08-04T04:59:22.436000-04:00,11.728880882263184,-0.043491825461387634,-11.772372245788574
2026-08-04T04:59:22.440000-04:00,11.71941089630127,-0.05424787104129791,-11.773658752441406
2026-08-04T04:59:22.444000-04:00,11.720813751220703,-0.06430242955684662,-11.785116195678711
2026-08-04T04:59:22.448000-04:00,11.728296279907227,-0.057989101856946945,-11.786285400390625
2026-08-04T04:59:22.452000-04:00,11.74209213256836,-0.05038972571492195,-11.792481422424316
2026-08-04T04:59:22.456000-04:00,11.722683906555176,-0.05717070773243904,-11.779854774475098
2026-08-04T04:59:22.460000-04:00,11.71531867980957,-0.05623539909720421,-11.771553993225098
2026-08-04T04:59:22.464000-04:00,11.71146011352539,-0.07061576098203659,-11.782075881958008
2026-08-04T04:59:22.468000-04:00,11.717890739440918,-0.08604834973812103,-11.803938865661621
2026-08-04T04:59:22.472000-04:00,11.724321365356445,-0.06289947032928467,-11.78722095489502
2026-08-04T04:59:22.476000-04:00,11.722567558288574,-0.060678113251924515,-11.783246040344238
2026-08-04T04:59:22.480000-04:00,11.715201377868652,-0.07844896614551544,-11.79365062713623
2026-08-04T04:59:22.484000-04:00,11.710641860961914,-0.0879189595580101,-11.798561096191406
2026-08-04T04:59:22.488000-04:00,11.716605186462402,-0.0795011892914772,-11.796106338500977
2026-08-04T04:59:22.492000-04:00,11.718708992004395,-0.06617304682731628,-11.784881591796875
2026-08-04T04:59:22.496000-04:00,11.713447570800781,-0.05950897932052612,-11.772956848144531
2026-08-04T04:59:22.500000-04:00,11.710408210754395,-0.088737353682518,-11.799145698547363
2026-08-04T04:59:22.504000-04:00,11.714734077453613,-0.08815278857946396,-11.802886962890625
2026-08-04T04:59:22.508000-04:00,11.715669631958008,-0.09762278199195862,-11.813292503356934
2026-08-04T04:59:22.512000-04:00,11.722450256347656,-0.08499612659215927,-11.807446479797363
2026-08-04T04:59:22.516000-04:00,11.720813751220703,-0.08698365092277527,-11.8077974319458
2026-08-04T04:59:22.520000-04:00,11.711694717407227,-0.08219020068645477,-11.793885231018066
2026-08-04T04:59:22.524000-04:00,11.717423439025879,-0.09540142863988876,-11.812825202941895
2026-08-04T04:59:22.528000-04:00,11.712980270385742,-0.0935308113694191,-11.806510925292969
2026-08-04T04:59:22.532000-04:00,11.717188835144043,-0.088737353682518,-11.805926322937012
2026-08-04T04:59:22.536000-04:00,11.711694717407227,-0.08768513798713684,-11.7993803024292
2026-08-04T04:59:22.540000-04:00,11.702107429504395,-0.0895557552576065,-11.79166316986084
2026-08-04T04:59:22.544000-04:00,11.70315933227539,-0.10405302792787552,-11.807212829589844
2026-08-04T04:59:22.548000-04:00,11.714032173156738,-0.10580673068761826,-11.819838523864746
2026-08-04T04:59:22.552000-04:00,11.72408676147461,-0.08441155403852463,-11.80849838256836
2026-08-04T04:59:22.556000-04:00,11.714032173156738,-0.08721747994422913,-11.801249504089355
2026-08-04T04:59:22.560000-04:00,11.709005355834961,-0.09867500513792038,-11.807680130004883
2026-08-04T04:59:22.564000-04:00,11.711226463317871,-0.0951675996184349,-11.80639362335205
2026-08-04T04:59:22.568000-04:00,11.713798522949219,-0.09130945801734924,-11.805108070373535
2026-08-04T04:59:22.572000-04:00,11.716254234313965,-0.0963367372751236,-11.812590599060059
2026-08-04T04:59:22.576000-04:00,11.71531867980957,-0.09563525766134262,-11.810954093933105
2026-08-04T04:59:22.580000-04:00,11.703627586364746,-0.09680438786745071,-11.800432205200195
2026-08-04T04:59:22.584000-04:00,11.700119972229004,-0.10580673068761826,-11.805926322937012
2026-08-04T04:59:22.588000-04:00,11.707602500915527,-0.10031179338693619,-11.807914733886719
2026-08-04T04:59:22.592000-04:00,11.712044715881348,-0.09738896042108536,-11.809433937072754
2026-08-04T04:59:22.596000-04:00,11.723268508911133,-0.09002340584993362,-11.813291549682617
2026-08-04T04:59:22.600000-04:00,11.738935470581055,-0.05214342847466469,-11.791078567504883
2026-08-04T04:59:22.604000-04:00,11.730634689331055,-0.05085738003253937,-11.781492233276367
2026-08-04T04:59:22.608000-04:00,11.729231834411621,-0.04676540568470955,-11.775997161865234
2026-08-04T04:59:22.612000-04:00,11.720580101013184,-0.03285269811749458,-11.753433227539062
2026-08-04T04:59:22.616000-04:00,11.736128807067871,-0.029929859563708305,-11.766058921813965
2026-08-04T04:59:22.620000-04:00,11.737298011779785,-0.006313329562544823,-11.743611335754395
2026-08-04T04:59:22.624000-04:00,11.741039276123047,0.02642245404422283,-11.714616775512695
2026-08-04T04:59:22.628000-04:00,11.71508502960205,0.06371786445379257,-11.6513671875
2026-08-04T04:59:22.632000-04:00,11.720462799072266,0.0842946469783783,-11.636168479919434
2026-08-04T04:59:22.636000-04:00,11.714967727661133,0.05611848831176758,-11.658849716186523
2026-08-04T04:59:22.640000-04:00,11.709122657775879,0.05319564789533615,-11.655926704406738
2026-08-04T04:59:22.644000-04:00,11.718124389648438,0.048752933740615845,-11.669371604919434
2026-08-04T04:59:22.648000-04:00,11.743261337280273,0.032501958310604095,-11.710759162902832
2026-08-04T04:59:22.652000-04:00,11.748990058898926,0.02139517292380333,-11.727595329284668
2026-08-04T04:59:22.656000-04:00,11.739402770996094,-0.01590023748576641,-11.755303382873535
2026-08-04T04:59:22.660000-04:00,11.728178977966309,-0.04138738289475441,-11.769566535949707
2026-08-04T04:59:22.664000-04:00,11.718826293945312,-0.06512082368135452,-11.783946990966797
2026-08-04T04:59:22.668000-04:00,11.718124389648438,-0.07447391003370285,-11.792598724365234
2026-08-04T04:59:22.672000-04:00,11.718241691589355,-0.0831255093216896,-11.801366806030273
2026-08-04T04:59:22.676000-04:00,11.707602500915527,-0.11024944484233856,-11.817852020263672
2026-08-04T04:59:22.680000-04:00,11.69509220123291,-0.11632894724607468,-11.811421394348145
2026-08-04T04:59:22.684000-04:00,11.69041633605957,-0.1340997964143753,-11.824516296386719
2026-08-04T04:59:22.688000-04:00,11.700704574584961,-0.13398288190364838,-11.834687232971191
2026-08-04T04:59:22.692000-04:00,11.697664260864258,-0.13316449522972107,-11.830828666687012
2026-08-04T04:59:22.696000-04:00,11.692520141601562,-0.14719411730766296,-11.839714050292969
2026-08-04T04:59:22.700000-04:00,11.68655776977539,-0.1461418867111206,-11.8326997756958
2026-08-04T04:59:22.704000-04:00,11.682231903076172,-0.15958695113658905,-11.841818809509277
2026-08-04T04:59:22.708000-04:00,11.688194274902344,-0.1573655903339386,-11.845560073852539
2026-08-04T04:59:22.712000-04:00,11.689247131347656,-0.1561964601278305,-11.845443725585938
2026-08-04T04:59:22.716000-04:00,11.68433666229248,-0.17069372534751892,-11.855030059814453
2026-08-04T04:59:22.720000-04:00,11.673230171203613,-0.16402965784072876,-11.837260246276855
2026-08-04T04:59:22.724000-04:00,11.672995567321777,-0.1702260822057724,-11.843221664428711
2026-08-04T04:59:22.728000-04:00,11.680244445800781,-0.15584571659564972,-11.836090087890625
2026-08-04T04:59:22.732000-04:00,11.683167457580566,-0.1537412703037262,-11.836908340454102
2026-08-04T04:59:22.736000-04:00,11.667617797851562,-0.14590807259082794,-11.813526153564453
2026-08-04T04:59:22.740000-04:00,11.639325141906738,-0.13281375169754028,-11.772138595581055
2026-08-04T04:59:22.744000-04:00,11.64505386352539,-0.10533907264471054,-11.75039291381836
2026-08-04T04:59:22.748000-04:00,11.714149475097656,-0.12579894065856934,-11.839948654174805
2026-08-04T04:59:22.752000-04:00,11.782426834106445,-0.07084959000349045,-11.853276252746582
2026-08-04T04:59:22.756000-04:00,11.958030700683594,0.14356979727745056,-11.814460754394531
2026-08-04T04:59:22.760000-04:00,12.07541275024414,0.37435707449913025,-11.701055526733398
2026-08-04T04:59:22.764000-04:00,11.999886512756348,1.0247468948364258,-10.975139617919922
2026-08-04T04:59:22.768000-04:00,11.970891952514648,1.5489871501922607,-10.421904563903809
2026-08-04T04:59:22.772000-04:00,11.8574857711792,2.154482126235962,-9.703003883361816
2026-08-04T04:59:22.776000-04:00,11.829075813293457,2.2297744750976562,-9.5993013381958
2026-08-04T04:59:22.780000-04:00,11.77704906463623,2.0804760456085205,-9.696573257446289
2026-08-04T04:59:22.784000-04:00,11.702107429504395,1.4683167934417725,-10.233790397644043
2026-08-04T04:59:22.788000-04:00,11.644585609436035,1.0438038110733032,-10.600781440734863
2026-08-04T04:59:22.792000-04:00,11.648561477661133,0.4974670112133026,-11.151094436645508
2026-08-04T04:59:22.796000-04:00,11.708888053894043,0.283047616481781,-11.425840377807617
2026-08-04T04:59:22.800000-04:00,11.790260314941406,0.2047155648469925,-11.58554458618164
2026-08-04T04:59:22.804000-04:00,11.78944206237793,0.1570148468017578,-11.632427215576172
2026-08-04T04:59:22.808000-04:00,11.748405456542969,0.0831255093216896,-11.66528034210205
2026-08-04T04:59:22.812000-04:00,11.757290840148926,0.03296961262822151,-11.724321365356445
2026-08-04T04:59:22.816000-04:00,11.762785911560059,0.008534686639904976,-11.754251480102539
2026-08-04T04:59:22.820000-04:00,11.760096549987793,-0.020459864288568497,-11.780556678771973
2026-08-04T04:59:22.824000-04:00,11.754952430725098,-0.03998441994190216,-11.794937133789062
2026-08-04T04:59:22.828000-04:00,11.759979248046875,-0.032501958310604095,-11.792481422424316
2026-08-04T04:59:22.832000-04:00,11.759979248046875,-0.04267343133687973,-11.802652359008789
2026-08-04T04:59:22.836000-04:00,11.758810043334961,-0.05342947691679001,-11.812239646911621
2026-08-04T04:59:22.840000-04:00,11.754952430725098,-0.046180836856365204,-11.801133155822754
2026-08-04T04:59:22.844000-04:00,11.759862899780273,-0.04758379980921745,-11.807446479797363
2026-08-04T04:59:22.848000-04:00,11.769449234008789,-0.04629775136709213,-11.815747261047363
2026-08-04T04:59:22.852000-04:00,11.774593353271484,-0.02817615680396557,-11.802769660949707
2026-08-04T04:59:22.856000-04:00,11.777633666992188,-0.017537027597427368,-11.795170783996582
2026-08-04T04:59:22.860000-04:00,11.771671295166016,-0.013094313442707062,-11.784765243530273
2026-08-04T04:59:22.864000-04:00,11.766643524169922,-0.02022603712975979,-11.786870002746582
2026-08-04T04:59:22.868000-04:00,11.782310485839844,-0.00993764866143465,-11.792247772216797
2026-08-04T04:59:22.872000-04:00,11.788740158081055,0.003741232445463538,-11.784998893737793
2026-08-04T04:59:22.876000-04:00,11.793534278869629,0.022330481559038162,-11.771203994750977
2026-08-04T04:59:22.880000-04:00,11.78359603881836,0.026890108361840248,-11.756706237792969
2026-08-04T04:59:22.884000-04:00,11.782660484313965,0.01999220997095108,-11.76266860961914
2026-08-04T04:59:22.888000-04:00,11.803705215454102,0.02653936855494976,-11.777165412902832
2026-08-04T04:59:22.892000-04:00,11.807680130004883,0.04524552822113037,-11.762434959411621
2026-08-04T04:59:22.896000-04:00,11.811772346496582,0.05974280461668968,-11.752029418945312
2026-08-04T04:59:22.900000-04:00,11.812005996704102,0.0714341551065445,-11.740571975708008
2026-08-04T04:59:22.904000-04:00,11.82264518737793,0.06780983507633209,-11.75483512878418
2026-08-04T04:59:22.908000-04:00,11.846612930297852,0.08195637166500092,-11.764657020568848
2026-08-04T04:59:22.912000-04:00,11.843221664428711,0.09750586748123169,-11.745716094970703
2026-08-04T04:59:22.916000-04:00,11.849418640136719,0.11469215899705887,-11.734726905822754
2026-08-04T04:59:22.920000-04:00,11.856901168823242,0.13702264428138733,-11.719878196716309
2026-08-04T04:59:22.924000-04:00,11.860291481018066,0.1400623917579651,-11.720229148864746
2026-08-04T04:59:22.928000-04:00,11.874788284301758,0.16788780689239502,-11.706900596618652
2026-08-04T04:59:22.932000-04:00,11.89045524597168,0.20132507383823395,-11.689129829406738
2026-08-04T04:59:22.936000-04:00,11.905186653137207,0.21944665908813477,-11.685739517211914
2026-08-04T04:59:22.940000-04:00,11.910330772399902,0.2215511053800583,-11.688779830932617
2026-08-04T04:59:22.944000-04:00,11.922606468200684,0.2545207142829895,-11.668086051940918
2026-08-04T04:59:22.948000-04:00,11.948678016662598,0.2802416980266571,-11.668436050415039
2026-08-04T04:59:22.952000-04:00,11.961889266967773,0.3119252622127533,-11.649964332580566
2026-08-04T04:59:22.956000-04:00,11.972177505493164,0.3444271981716156,-11.627750396728516
2026-08-04T04:59:22.960000-04:00,11.980127334594727,0.3645363450050354,-11.615591049194336
2026-08-04T04:59:22.964000-04:00,12.00397777557373,0.40978187322616577,-11.594196319580078
2026-08-04T04:59:22.968000-04:00,12.01590347290039,0.4343337118625641,-11.58156967163086
2026-08-04T04:59:22.972000-04:00,12.03495979309082,0.46227604150772095,-11.572683334350586
2026-08-04T04:59:22.976000-04:00,12.038701057434082,0.4961809515953064,-11.542520523071289
2026-08-04T04:59:22.980000-04:00,12.054250717163086,0.5119642615318298,-11.54228687286377
2026-08-04T04:59:22.984000-04:00,12.063136100769043,0.5171085000038147,-11.546027183532715
2026-08-04T04:59:22.988000-04:00,12.061382293701172,0.527163028717041,-11.534219741821289
2026-08-04T04:59:22.992000-04:00,12.068748474121094,0.5375683307647705,-11.531180381774902
2026-08-04T04:59:22.996000-04:00,12.066643714904785,0.5380359888076782,-11.528607368469238
2026-08-04T04:59:23-04:00,12.052614212036133,0.5290336608886719,-11.523580551147461
2026-08-04T04:59:23.004000-04:00,12.051094055175781,0.5285660028457642,-11.522527694702148
2026-08-04T04:59:23.008000-04:00,12.036948204040527,0.5131334066390991,-11.523815155029297
2026-08-04T04:59:23.012000-04:00,12.021865844726562,0.4910367727279663,-11.530829429626465
2026-08-04T04:59:23.016000-04:00,12.001405715942383,0.45140308141708374,-11.550003051757812
2026-08-04T04:59:23.020000-04:00,11.977789878845215,0.40802815556526184,-11.569761276245117
2026-08-04T04:59:23.024000-04:00,11.94633960723877,0.368862122297287,-11.57747745513916
2026-08-04T04:59:23.028000-04:00,11.934414863586426,0.32946228981018066,-11.604952812194824
2026-08-04T04:59:23.032000-04:00,11.926932334899902,0.31496500968933105,-11.611967086791992
2026-08-04T04:59:23.036000-04:00,11.88858413696289,0.25229936838150024,-11.636284828186035
2026-08-04T04:59:23.040000-04:00,11.86146068572998,0.21628999710083008,-11.645170211791992
2026-08-04T04:59:23.044000-04:00,11.834219932556152,0.17513644695281982,-11.659083366394043
2026-08-04T04:59:23.048000-04:00,11.819021224975586,0.12614968419075012,-11.69287109375
2026-08-04T04:59:23.052000-04:00,11.806628227233887,0.10136401653289795,-11.7052640914917
2026-08-04T04:59:23.056000-04:00,11.78359603881836,0.07038193196058273,-11.713213920593262
2026-08-04T04:59:23.060000-04:00,11.771086692810059,0.03472331538796425,-11.736363410949707
2026-08-04T04:59:23.064000-04:00,11.761032104492188,-0.007131724152714014,-11.768163681030273
2026-08-04T04:59:23.068000-04:00,11.753198623657227,-0.01613406464457512,-11.769332885742188
2026-08-04T04:59:23.072000-04:00,11.744195938110352,-0.020927518606185913,-11.76512336730957
2026-08-04T04:59:23.076000-04:00,11.736363410949707,-0.03823072090744972,-11.7745943069458
2026-08-04T04:59:23.080000-04:00,11.730517387390137,-0.06161342188715935,-11.792130470275879
2026-08-04T04:59:23.084000-04:00,11.72993278503418,-0.07611069828271866,-11.80604362487793
2026-08-04T04:59:23.088000-04:00,11.72747802734375,-0.07646144181489944,-11.803939819335938
2026-08-04T04:59:23.092000-04:00,11.725724220275879,-0.0831255093216896,-11.808849334716797
2026-08-04T04:59:23.096000-04:00,11.717306137084961,-0.088737353682518,-11.80604362487793
2026-08-04T04:59:23.100000-04:00,11.703510284423828,-0.09586907923221588,-11.799379348754883
2026-08-04T04:59:23.104000-04:00,11.700587272644043,-0.09201093763113022,-11.792597770690918
2026-08-04T04:59:23.108000-04:00,11.712746620178223,-0.08581452071666718,-11.798561096191406
2026-08-04T04:59:23.112000-04:00,11.70479679107666,-0.08803587406873703,-11.792832374572754
2026-08-04T04:59:23.116000-04:00,11.70725154876709,-0.07985193282365799,-11.787103652954102
2026-08-04T04:59:23.120000-04:00,11.699886322021484,-0.07985193282365799,-11.779738426208496
2026-08-04T04:59:23.124000-04:00,11.693806648254395,-0.09820735454559326,-11.792014122009277
2026-08-04T04:59:23.128000-04:00,11.70140552520752,-0.07646144181489944,-11.777867317199707
2026-08-04T04:59:23.132000-04:00,11.713798522949219,-0.07061576098203659,-11.784414291381836
2026-08-04T04:59:23.136000-04:00,11.707134246826172,-0.059275150299072266,-11.766408920288086
2026-08-04T04:59:23.140000-04:00,11.71146011352539,-0.05062355101108551,-11.762084007263184
2026-08-04T04:59:23.144000-04:00,11.706666946411133,-0.049922071397304535,-11.75658893585205
2026-08-04T04:59:23.148000-04:00,11.717890739440918,-0.03916602581739426,-11.757057189941406
2026-08-04T04:59:23.152000-04:00,11.72139835357666,-0.036593928933143616,-11.7579927444458
2026-08-04T04:59:23.156000-04:00,11.71578598022461,-0.04419330880045891,-11.759979248046875
2026-08-04T04:59:23.160000-04:00,11.714032173156738,-0.04372565448284149,-11.757758140563965
2026-08-04T04:59:23.164000-04:00,11.723034858703613,-0.03074825368821621,-11.753783226013184
2026-08-04T04:59:23.168000-04:00,11.732855796813965,-0.02256430871784687,-11.755419731140137
2026-08-04T04:59:23.172000-04:00,11.734843254089355,-0.018939988687634468,-11.753783226013184
2026-08-04T04:59:23.176000-04:00,11.738935470581055,-0.018121594563126564,-11.757057189941406
2026-08-04T04:59:23.180000-04:00,11.734492301940918,-0.023733442649245262,-11.758225440979004
2026-08-04T04:59:23.184000-04:00,11.732388496398926,-0.0389322005212307,-11.771320343017578
2026-08-04T04:59:23.188000-04:00,11.743728637695312,-0.020927518606185913,-11.764656066894531
2026-08-04T04:59:23.192000-04:00,11.741039276123047,0.0021044432651251554,-11.738934516906738
2026-08-04T04:59:23.196000-04:00,11.7467679977417,-0.009469994343817234,-11.756237983703613
2026-08-04T04:59:23.200000-04:00,11.742676734924316,-0.012275919318199158,-11.754952430725098
2026-08-04T04:59:23.204000-04:00,11.739051818847656,-0.028877638280391693,-11.767929077148438
2026-08-04T04:59:23.208000-04:00,11.74606704711914,-0.01847233437001705,-11.76453971862793
2026-08-04T04:59:23.212000-04:00,11.753315925598145,-0.01742011308670044,-11.770735740661621
2026-08-04T04:59:23.216000-04:00,11.74431324005127,-0.021862827241420746,-11.766176223754883
2026-08-04T04:59:23.220000-04:00,11.736128807067871,-0.025837887078523636,-11.761966705322266
2026-08-04T04:59:23.224000-04:00,11.73776626586914,-0.03367109224200249,-11.771437644958496
2026-08-04T04:59:23.228000-04:00,11.73577880859375,-0.032618869096040726,-11.768397331237793
2026-08-04T04:59:23.232000-04:00,11.740922927856445,-0.02653936855494976,-11.767462730407715
2026-08-04T04:59:23.236000-04:00,11.738350868225098,-0.04080281779170036,-11.779153823852539
2026-08-04T04:59:23.240000-04:00,11.727127075195312,-0.047349974513053894,-11.774477005004883
2026-08-04T04:59:23.244000-04:00,11.724905967712402,-0.05880749598145485,-11.783713340759277
2026-08-04T04:59:23.248000-04:00,11.73554515838623,-0.06406860798597336,-11.799613952636719
2026-08-04T04:59:23.252000-04:00,11.731569290161133,-0.05635231360793114,-11.787921905517578
2026-08-04T04:59:23.256000-04:00,11.726542472839355,-0.06512082368135452,-11.79166316986084
2026-08-04T04:59:23.260000-04:00,11.723736763000488,-0.07213563472032547,-11.795872688293457
2026-08-04T04:59:23.264000-04:00,11.727594375610352,-0.08300859481096268,-11.810603141784668
2026-08-04T04:59:23.268000-04:00,11.730634689331055,-0.09259550273418427,-11.823229789733887
2026-08-04T04:59:23.272000-04:00,11.732855796813965,-0.0795011892914772,-11.812356948852539
2026-08-04T04:59:23.276000-04:00,11.723268508911133,-0.09107562899589539,-11.81434440612793
2026-08-04T04:59:23.280000-04:00,11.72139835357666,-0.09809044003486633,-11.819488525390625
2026-08-04T04:59:23.284000-04:00,11.716838836669922,-0.09879191964864731,-11.815630912780762
2026-08-04T04:59:23.288000-04:00,11.731335639953613,-0.08090414851903915,-11.812239646911621
2026-08-04T04:59:23.292000-04:00,11.732388496398926,-0.08324242383241653,-11.815630912780762
2026-08-04T04:59:23.296000-04:00,11.716838836669922,-0.0899064913392067,-11.806745529174805
2026-08-04T04:59:23.300000-04:00,11.71508502960205,-0.09236167371273041,-11.807446479797363
2026-08-04T04:59:23.304000-04:00,11.71753978729248,-0.10405302792787552,-11.821593284606934
2026-08-04T04:59:23.308000-04:00,11.710759162902832,-0.11048327386379242,-11.821242332458496
2026-08-04T04:59:23.312000-04:00,11.711226463317871,-0.11223697662353516,-11.823463439941406
2026-08-04T04:59:23.316000-04:00,11.715435981750488,-0.11890104413032532,-11.83433723449707
2026-08-04T04:59:23.320000-04:00,11.704212188720703,-0.1212393119931221,-11.825451850891113
2026-08-04T04:59:23.324000-04:00,11.7052640914917,-0.1260327696800232,-11.831296920776367
2026-08-04T04:59:23.328000-04:00,11.707134246826172,-0.11855030059814453,-11.825684547424316
2026-08-04T04:59:23.332000-04:00,11.716838836669922,-0.1072096899151802,-11.82404899597168
2026-08-04T04:59:23.336000-04:00,11.703743934631348,-0.11586128920316696,-11.819604873657227
2026-08-04T04:59:23.340000-04:00,11.70479679107666,-0.13059239089488983,-11.835389137268066
2026-08-04T04:59:23.344000-04:00,11.70503044128418,-0.10966487973928452,-11.814695358276367
2026-08-04T04:59:23.348000-04:00,11.709356307983398,-0.11060018092393875,-11.81995677947998
2026-08-04T04:59:23.352000-04:00,11.718008041381836,-0.10498833656311035,-11.822996139526367
2026-08-04T04:59:23.356000-04:00,11.701873779296875,-0.12240844964981079,-11.8242826461792
2026-08-04T04:59:23.360000-04:00,11.70140552520752,-0.11808265000581741,-11.819488525390625
2026-08-04T04:59:23.364000-04:00,11.705146789550781,-0.12112239748239517,-11.826269149780273
2026-08-04T04:59:23.368000-04:00,11.702224731445312,-0.11913487315177917,-11.821359634399414
2026-08-04T04:59:23.372000-04:00,11.705381393432617,-0.11422450095415115,-11.819605827331543
2026-08-04T04:59:23.376000-04:00,11.702925682067871,-0.12989091873168945,-11.832817077636719
2026-08-04T04:59:23.380000-04:00,11.695911407470703,-0.1240452378988266,-11.81995677947998
2026-08-04T04:59:23.384000-04:00,11.698015213012695,-0.12743572890758514,-11.825450897216797
2026-08-04T04:59:23.388000-04:00,11.702692031860352,-0.12872177362442017,-11.831414222717285
2026-08-04T04:59:23.392000-04:00,11.70748519897461,-0.12299301475286484,-11.83047866821289
2026-08-04T04:59:23.396000-04:00,11.70503044128418,-0.13760720193386078,-11.84263801574707
2026-08-04T04:59:23.400000-04:00,11.701873779296875,-0.15140299499034882,-11.853277206420898
2026-08-04T04:59:23.404000-04:00,11.705381393432617,-0.1449727565050125,-11.850354194641113
2026-08-04T04:59:23.408000-04:00,11.706082344055176,-0.14321905374526978,-11.8493013381958
2026-08-04T04:59:23.412000-04:00,11.696261405944824,-0.13749028742313385,-11.833751678466797
2026-08-04T04:59:23.416000-04:00,11.69672966003418,-0.14941547811031342,-11.846144676208496
2026-08-04T04:59:23.420000-04:00,11.690065383911133,-0.1441543698310852,-11.834219932556152
2026-08-04T04:59:23.424000-04:00,11.692170143127441,-0.13643807172775269,-11.828608512878418
2026-08-04T04:59:23.428000-04:00,11.696027755737305,-0.13865943253040314,-11.834687232971191
2026-08-04T04:59:23.432000-04:00,11.698015213012695,-0.13024164736270905,-11.828256607055664
2026-08-04T04:59:23.436000-04:00,11.72408676147461,-0.1083788275718689,-11.832465171813965
2026-08-04T04:59:23.440000-04:00,11.719059944152832,-0.08125489205121994,-11.800314903259277
2026-08-04T04:59:23.444000-04:00,11.709122657775879,-0.07681217789649963,-11.785934448242188
2026-08-04T04:59:23.448000-04:00,11.71753978729248,-0.05167577415704727,-11.76921558380127
2026-08-04T04:59:23.452000-04:00,11.71578598022461,-0.052611082792282104,-11.768397331237793
2026-08-04T04:59:23.456000-04:00,11.719293594360352,-0.03858146071434021,-11.757875442504883
2026-08-04T04:59:23.460000-04:00,11.719995498657227,-0.00935308076441288,-11.729348182678223
2026-08-04T04:59:23.464000-04:00,11.701990127563477,0.021979739889502525,-11.680010795593262
2026-08-04T04:59:23.468000-04:00,11.69485855102539,0.014029622077941895,-11.680829048156738
2026-08-04T04:59:23.472000-04:00,11.702458381652832,0.004793453961610794,-11.697665214538574
2026-08-04T04:59:23.476000-04:00,11.694157600402832,0.0240841843187809,-11.670073509216309
2026-08-04T04:59:23.480000-04:00,11.696027755737305,0.023733442649245262,-11.672294616699219
2026-08-04T04:59:23.484000-04:00,11.72163200378418,0.009002340957522392,-11.712629318237305
2026-08-04T04:59:23.488000-04:00,11.742325782775879,0.0022213568445295095,-11.740104675292969
2026-08-04T04:59:23.492000-04:00,11.736479759216309,-0.026890108361840248,-11.7633695602417
2026-08-04T04:59:23.496000-04:00,11.722918510437012,-0.07190181314945221,-11.794820785522461
2026-08-04T04:59:23.500000-04:00,11.70947265625,-0.08850353211164474,-11.79797649383545
2026-08-04T04:59:23.504000-04:00,11.710992813110352,-0.08733439445495605,-11.798327445983887
2026-08-04T04:59:23.508000-04:00,11.707836151123047,-0.09738896042108536,-11.805225372314453
2026-08-04T04:59:23.512000-04:00,11.707718849182129,-0.13316449522972107,-11.840883255004883
2026-08-04T04:59:23.516000-04:00,11.691350936889648,-0.1578332483768463,-11.849184036254883
2026-08-04T04:59:23.520000-04:00,11.666799545288086,-0.1782931089401245,-11.8450927734375
2026-08-04T04:59:23.524000-04:00,11.663642883300781,-0.19302421808242798,-11.856667518615723
2026-08-04T04:59:23.528000-04:00,11.67626953125,-0.1814497709274292,-11.857719421386719
2026-08-04T04:59:23.532000-04:00,11.675567626953125,-0.17876076698303223,-11.854328155517578
2026-08-04T04:59:23.536000-04:00,11.678023338317871,-0.18741236627101898,-11.865435600280762
2026-08-04T04:59:23.540000-04:00,11.671125411987305,-0.20576778054237366,-11.876893043518066
2026-08-04T04:59:23.544000-04:00,11.658147811889648,-0.21091197431087494,-11.869059562683105
2026-08-04T04:59:23.548000-04:00,11.67381477355957,-0.2079891413450241,-11.881803512573242
2026-08-04T04:59:23.552000-04:00,11.668319702148438,-0.21383482217788696,-11.88215446472168
2026-08-04T04:59:23.556000-04:00,11.656978607177734,-0.2264614701271057,-11.883440017700195
2026-08-04T04:59:23.560000-04:00,11.65358829498291,-0.22833208739757538,-11.88192081451416
2026-08-04T04:59:23.564000-04:00,11.6554594039917,-0.21780987083911896,-11.873269081115723
2026-08-04T04:59:23.568000-04:00,11.658031463623047,-0.21418555080890656,-11.872217178344727
2026-08-04T04:59:23.572000-04:00,11.652068138122559,-0.22213567793369293,-11.8742036819458
2026-08-04T04:59:23.576000-04:00,11.623541831970215,-0.20331260561943054,-11.826854705810547
2026-08-04T04:59:23.580000-04:00,11.603899955749512,-0.16683559119701385,-11.770735740661621
2026-08-04T04:59:23.584000-04:00,11.658498764038086,-0.1657833606004715,-11.824281692504883
2026-08-04T04:59:23.588000-04:00,11.710759162902832,-0.16590027511119843,-11.876659393310547
2026-08-04T04:59:23.592000-04:00,11.871281623840332,-0.011808265000581741,-11.883090019226074
2026-08-04T04:59:23.596000-04:00,11.989714622497559,0.17490261793136597,-11.814811706542969
2026-08-04T04:59:23.600000-04:00,11.997197151184082,0.6377632021903992,-11.359434127807617
2026-08-04T04:59:23.604000-04:00,11.942481994628906,1.1379191875457764,-10.80456256866455
2026-08-04T04:59:23.608000-04:00,11.873736381530762,1.8776310682296753,-9.996105194091797
2026-08-04T04:59:23.612000-04:00,11.795287132263184,2.173422336578369,-9.621864318847656
2026-08-04T04:59:23.616000-04:00,11.75261402130127,2.171668529510498,-9.58094596862793
2026-08-04T04:59:23.620000-04:00,11.685856819152832,1.7114969491958618,-9.974359512329102
2026-08-04T04:59:23.624000-04:00,11.660252571105957,1.2191741466522217,-10.441078186035156
2026-08-04T04:59:23.628000-04:00,11.668436050415039,0.693414032459259,-10.975022315979004
2026-08-04T04:59:23.632000-04:00,11.691585540771484,0.30163687467575073,-11.389948844909668
2026-08-04T04:59:23.636000-04:00,11.756355285644531,0.16812163591384888,-11.588233947753906
2026-08-04T04:59:23.640000-04:00,11.782075881958008,0.10662512481212616,-11.675450325012207
2026-08-04T04:59:23.644000-04:00,11.71578598022461,0.0481683686375618,-11.667617797851562
2026-08-04T04:59:23.648000-04:00,11.734492301940918,-0.020810605958104134,-11.755303382873535
2026-08-04T04:59:23.652000-04:00,11.742325782775879,-0.028877638280391693,-11.77120304107666
2026-08-04T04:59:23.656000-04:00,11.738117218017578,-0.048519108444452286,-11.786636352539062
2026-08-04T04:59:23.660000-04:00,11.732622146606445,-0.07575995475053787,-11.808382034301758
2026-08-04T04:59:23.664000-04:00,11.72946548461914,-0.08534686267375946,-11.814812660217285
2026-08-04T04:59:23.668000-04:00,11.741507530212402,-0.09411537647247314,-11.835622787475586
2026-08-04T04:59:23.672000-04:00,11.741273880004883,-0.09598599374294281,-11.837260246276855
2026-08-04T04:59:23.676000-04:00,11.740338325500488,-0.09060797095298767,-11.83094596862793
2026-08-04T04:59:23.680000-04:00,11.737064361572266,-0.0871005654335022,-11.824165344238281
2026-08-04T04:59:23.684000-04:00,11.747820854187012,-0.10183166712522507,-11.849652290344238
2026-08-04T04:59:23.688000-04:00,11.757407188415527,-0.09949339926242828,-11.856900215148926
2026-08-04T04:59:23.692000-04:00,11.766058921813965,-0.07482464611530304,-11.840883255004883
2026-08-04T04:59:23.696000-04:00,11.76652717590332,-0.07751365751028061,-11.844040870666504
2026-08-04T04:59:23.700000-04:00,11.761966705322266,-0.07482464611530304,-11.836791038513184
2026-08-04T04:59:23.704000-04:00,11.769099235534668,-0.07061576098203659,-11.839715003967285
2026-08-04T04:59:23.708000-04:00,11.778919219970703,-0.06558848172426224,-11.844508171081543
2026-08-04T04:59:23.712000-04:00,11.780906677246094,-0.043491825461387634,-11.824398040771484
2026-08-04T04:59:23.716000-04:00,11.78359603881836,-0.050155896693468094,-11.833751678466797
2026-08-04T04:59:23.720000-04:00,11.782544136047363,-0.04559627175331116,-11.828140258789062
2026-08-04T04:59:23.724000-04:00,11.795053482055664,-0.03869837149977684,-11.833751678466797
2026-08-04T04:59:23.728000-04:00,11.789091110229492,-0.02396726980805397,-11.813058853149414
2026-08-04T04:59:23.732000-04:00,11.807446479797363,-0.002922837855294347,-11.810369491577148
2026-08-04T04:59:23.736000-04:00,11.803938865661621,0.009586907923221588,-11.794351577758789
2026-08-04T04:59:23.740000-04:00,11.805926322937012,0.013211227022111416,-11.792715072631836
2026-08-04T04:59:23.744000-04:00,11.814461708068848,0.026188626885414124,-11.788272857666016
2026-08-04T04:59:23.748000-04:00,11.833635330200195,0.04828527942299843,-11.78534984588623
2026-08-04T04:59:23.752000-04:00,11.833868980407715,0.06009354442358017,-11.773775100708008
2026-08-04T04:59:23.756000-04:00,11.848132133483887,0.07985193282365799,-11.768280029296875
2026-08-04T04:59:23.760000-04:00,11.851288795471191,0.08452846854925156,-11.766759872436523
2026-08-04T04:59:23.764000-04:00,11.861577033996582,0.0823071151971817,-11.77927017211914
2026-08-04T04:59:23.768000-04:00,11.877243995666504,0.10978178679943085,-11.767461776733398
2026-08-04T04:59:23.772000-04:00,11.894079208374023,0.13947781920433044,-11.75460147857666
2026-08-04T04:59:23.776000-04:00,11.899223327636719,0.17443495988845825,-11.724788665771484
2026-08-04T04:59:23.780000-04:00,11.915708541870117,0.19851914048194885,-11.71718978881836
2026-08-04T04:59:23.784000-04:00,11.929036140441895,0.22330480813980103,-11.705731391906738
2026-08-04T04:59:23.788000-04:00,11.954874038696289,0.2480904757976532,-11.706783294677734
2026-08-04T04:59:23.792000-04:00,11.979893684387207,0.2726423144340515,-11.70725154876709
2026-08-04T04:59:23.796000-04:00,11.994274139404297,0.30210453271865845,-11.692169189453125
2026-08-04T04:59:23.800000-04:00,11.999651908874512,0.3412705361843109,-11.658381462097168
2026-08-04T04:59:23.804000-04:00,12.023502349853516,0.3492206633090973,-11.67428207397461
2026-08-04T04:59:23.808000-04:00,12.046418190002441,0.3889712691307068,-11.65744686126709
2026-08-04T04:59:23.812000-04:00,12.073074340820312,0.43971171975135803,-11.633362770080566
2026-08-04T04:59:23.816000-04:00,12.069215774536133,0.4471941888332367,-11.622021675109863
2026-08-04T04:59:23.820000-04:00,12.07541275024414,0.46028849482536316,-11.615124702453613
2026-08-04T04:59:23.824000-04:00,12.085232734680176,0.47104454040527344,-11.614188194274902
2026-08-04T04:59:23.828000-04:00,12.087688446044922,0.4836712181568146,-11.60401725769043
2026-08-04T04:59:23.832000-04:00,12.094118118286133,0.4909198582172394,-11.603198051452637
2026-08-04T04:59:23.836000-04:00,12.083245277404785,0.49150440096855164,-11.591740608215332
2026-08-04T04:59:23.840000-04:00,12.064071655273438,0.4780593514442444,-11.58601188659668
2026-08-04T04:59:23.844000-04:00,12.06149959564209,0.4798130691051483,-11.581686973571777
2026-08-04T04:59:23.848000-04:00,12.054017066955566,0.45339059829711914,-11.600625991821289
2026-08-04T04:59:23.852000-04:00,12.043261528015137,0.4287218451499939,-11.614540100097656
2026-08-04T04:59:23.856000-04:00,12.002808570861816,0.3821902871131897,-11.620617866516113
2026-08-04T04:59:23.860000-04:00,11.97510051727295,0.3460640013217926,-11.629036903381348
2026-08-04T04:59:23.864000-04:00,11.949613571166992,0.29964932799339294,-11.649964332580566
2026-08-04T04:59:23.868000-04:00,11.927048683166504,0.2694856524467468,-11.657563209533691
2026-08-04T04:59:23.872000-04:00,11.90705680847168,0.21617308259010315,-11.69088363647461
2026-08-04T04:59:23.876000-04:00,11.865084648132324,0.17092755436897278,-11.694156646728516
2026-08-04T04:59:23.880000-04:00,11.842754364013672,0.1280203014612198,-11.714734077453613
2026-08-04T04:59:23.884000-04:00,11.822996139526367,0.0702650249004364,-11.752731323242188
2026-08-04T04:59:23.888000-04:00,11.811538696289062,0.058106016367673874,-11.753432273864746
2026-08-04T04:59:23.892000-04:00,11.781257629394531,0.007131724152714014,-11.774126052856445
2026-08-04T04:59:23.896000-04:00,11.768046379089355,-0.01601715199649334,-11.784063339233398
2026-08-04T04:59:23.900000-04:00,11.747002601623535,-0.05950897932052612,-11.806511878967285
2026-08-04T04:59:23.904000-04:00,11.745248794555664,-0.08183945715427399,-11.827088356018066
2026-08-04T04:59:23.908000-04:00,11.73823356628418,-0.09855809062719345,-11.8367919921875
2026-08-04T04:59:23.912000-04:00,11.730634689331055,-0.11410758644342422,-11.844741821289062
2026-08-04T04:59:23.916000-04:00,11.710174560546875,-0.12544819712638855,-11.835622787475586
2026-08-04T04:59:23.920000-04:00,11.699535369873047,-0.13281375169754028,-11.832348823547363
2026-08-04T04:59:23.924000-04:00,11.689948081970215,-0.13597041368484497,-11.825918197631836
2026-08-04T04:59:23.928000-04:00,11.696261405944824,-0.13655498623847961,-11.832816123962402
2026-08-04T04:59:23.932000-04:00,11.70140552520752,-0.142868310213089,-11.844273567199707
2026-08-04T04:59:23.936000-04:00,11.686441421508789,-0.15479348599910736,-11.841235160827637
2026-08-04T04:59:23.940000-04:00,11.683634757995605,-0.16964150965213776,-11.853276252746582
2026-08-04T04:59:23.944000-04:00,11.679543495178223,-0.16087299585342407,-11.84041690826416
2026-08-04T04:59:23.948000-04:00,11.689831733703613,-0.14555732905864716,-11.835389137268066
2026-08-04T04:59:23.952000-04:00,11.687259674072266,-0.14181609451770782,-11.829075813293457
2026-08-04T04:59:23.956000-04:00,11.679659843444824,-0.14859707653522491,-11.828256607055664
2026-08-04T04:59:23.960000-04:00,11.681647300720215,-0.15888546407222748,-11.840532302856445
2026-08-04T04:59:23.964000-04:00,11.679659843444824,-0.1521044820547104,-11.831764221191406
2026-08-04T04:59:23.968000-04:00,11.67849063873291,-0.14427126944065094,-11.822761535644531
2026-08-04T04:59:23.972000-04:00,11.69064998626709,-0.1385425180196762,-11.829192161560059
2026-08-04T04:59:23.976000-04:00,11.690065383911133,-0.14146535098552704,-11.831530570983887
2026-08-04T04:59:23.980000-04:00,11.685856819152832,-0.13538585603237152,-11.821242332458496
2026-08-04T04:59:23.984000-04:00,11.694040298461914,-0.13000783324241638,-11.824048042297363
2026-08-04T04:59:23.988000-04:00,11.697080612182617,-0.11831647902727127,-11.815397262573242
2026-08-04T04:59:23.992000-04:00,11.69509220123291,-0.11106783896684647,-11.806159973144531
2026-08-04T04:59:23.996000-04:00,11.702692031860352,-0.11913487315177917,-11.821826934814453
