created_at,lead_1,lead_2,lead_3
2026-08-04T04:52:19-04:00,13.471710205078125,0.6574046611785889,-12.814305305480957
2026-08-04T04:52:19.004000-04:00,13.494391441345215,0.6723695993423462,-12.822021484375
2026-08-04T04:52:19.008000-04:00,13.500938415527344,0.6675761938095093,-12.833362579345703
2026-08-04T04:52:19.012000-04:00,13.5015230178833,0.6607951521873474,-12.840727806091309
2026-08-04T04:52:19.016000-04:00,13.48094654083252,0.5812940001487732,-12.899652481079102
2026-08-04T04:52:19.020000-04:00,13.48340129852295,0.549610435962677,-12.933791160583496
2026-08-04T04:52:19.024000-04:00,13.47708797454834,0.5182775855064392,-12.958810806274414
2026-08-04T04:52:19.028000-04:00,13.475451469421387,0.5033127069473267,-12.972138404846191
2026-08-04T04:52:19.032000-04:00,13.467735290527344,0.46192529797554016,-13.005809783935547
2026-08-04T04:52:19.036000-04:00,13.44996452331543,0.4508185088634491,-12.999146461486816
2026-08-04T04:52:19.040000-04:00,13.447041511535645,0.4432191252708435,-13.003822326660156
2026-08-04T04:52:19.044000-04:00,13.445405006408691,0.4315277934074402,-13.013876914978027
2026-08-04T04:52:19.048000-04:00,13.453939437866211,0.43409988284111023,-13.0198392868042
2026-08-04T04:52:19.052000-04:00,13.453705787658691,0.43491828441619873,-13.018787384033203
2026-08-04T04:52:19.056000-04:00,13.439325332641602,0.42895567417144775,-13.010369300842285
2026-08-04T04:52:19.060000-04:00,13.443183898925781,0.4046376645565033,-13.038546562194824
2026-08-04T04:52:19.064000-04:00,13.449847221374512,0.4014810025691986,-13.04836654663086
2026-08-04T04:52:19.068000-04:00,13.440027236938477,0.39201101660728455,-13.048016548156738
2026-08-04T04:52:19.072000-04:00,13.43979263305664,0.3977397680282593,-13.04205322265625
2026-08-04T04:52:19.076000-04:00,13.432894706726074,0.3937647044658661,-13.039130210876465
2026-08-04T04:52:19.080000-04:00,13.435466766357422,0.38768520951271057,-13.047781944274902
2026-08-04T04:52:19.084000-04:00,13.436285972595215,0.3871006369590759,-13.049185752868652
2026-08-04T04:52:19.088000-04:00,13.436986923217773,0.3910757005214691,-13.045910835266113
2026-08-04T04:52:19.092000-04:00,13.433012008666992,0.3909587860107422,-13.04205322265625
2026-08-04T04:52:19.096000-04:00,13.435701370239258,0.3828917443752289,-13.052809715270996
2026-08-04T04:52:19.100000-04:00,13.42704963684082,0.4018317461013794,-13.02521800994873
2026-08-04T04:52:19.104000-04:00,13.412200927734375,0.4166797697544098,-12.995521545410156
2026-08-04T04:52:19.108000-04:00,13.399457931518555,0.4481295049190521,-12.95132827758789
2026-08-04T04:52:19.112000-04:00,13.434882164001465,0.4456743001937866,-12.989208221435547
2026-08-04T04:52:19.116000-04:00,13.506433486938477,0.4757210910320282,-13.030712127685547
2026-08-04T04:52:19.120000-04:00,13.599847793579102,0.584216833114624,-13.015630722045898
2026-08-04T04:52:19.124000-04:00,13.815552711486816,0.8846845626831055,-12.930868148803711
2026-08-04T04:52:19.128000-04:00,13.912590980529785,1.2245521545410156,-12.68803882598877
2026-08-04T04:52:19.132000-04:00,13.8225679397583,2.015939712524414,-11.806628227233887
2026-08-04T04:52:19.136000-04:00,13.78959846496582,2.528839349746704,-11.260759353637695
2026-08-04T04:52:19.140000-04:00,13.670463562011719,2.8733835220336914,-10.797080039978027
2026-08-04T04:52:19.144000-04:00,13.634453773498535,2.65954852104187,-10.974905014038086
2026-08-04T04:52:19.148000-04:00,13.59634017944336,2.3236560821533203,-11.272684097290039
2026-08-04T04:52:19.152000-04:00,13.506784439086914,1.6004290580749512,-11.906354904174805
2026-08-04T04:52:19.156000-04:00,13.424243927001953,1.2045599222183228,-12.219683647155762
2026-08-04T04:52:19.160000-04:00,13.417462348937988,0.848090648651123,-12.569372177124023
2026-08-04T04:52:19.164000-04:00,13.50316047668457,0.7049884796142578,-12.798171997070312
2026-08-04T04:52:19.168000-04:00,13.569684028625488,0.645011842250824,-12.92467212677002
2026-08-04T04:52:19.172000-04:00,13.583830833435059,0.6307483911514282,-12.953082084655762
2026-08-04T04:52:19.176000-04:00,13.532037734985352,0.6271240711212158,-12.904913902282715
2026-08-04T04:52:19.180000-04:00,13.523035049438477,0.5935699343681335,-12.929465293884277
2026-08-04T04:52:19.184000-04:00,13.519293785095215,0.57474684715271,-12.944546699523926
2026-08-04T04:52:19.188000-04:00,13.51368236541748,0.5556899309158325,-12.957992553710938
2026-08-04T04:52:19.192000-04:00,13.518241882324219,0.5403742790222168,-12.977867126464844
2026-08-04T04:52:19.196000-04:00,13.514033317565918,0.5259938836097717,-12.988039016723633
2026-08-04T04:52:19.200000-04:00,13.504796981811523,0.511730432510376,-12.993066787719727
2026-08-04T04:52:19.204000-04:00,13.518709182739258,0.5238894820213318,-12.994819641113281
2026-08-04T04:52:19.208000-04:00,13.517306327819824,0.5161731839179993,-13.00113296508789
2026-08-04T04:52:19.212000-04:00,13.520931243896484,0.5139517784118652,-13.006978988647461
2026-08-04T04:52:19.216000-04:00,13.520580291748047,0.528215229511261,-12.992364883422852
2026-08-04T04:52:19.220000-04:00,13.52022933959961,0.5356976985931396,-12.98453140258789
2026-08-04T04:52:19.224000-04:00,13.526191711425781,0.546336829662323,-12.979854583740234
2026-08-04T04:52:19.228000-04:00,13.533791542053223,0.5520656108856201,-12.981725692749023
2026-08-04T04:52:19.232000-04:00,13.531102180480957,0.5641077160835266,-12.966994285583496
2026-08-04T04:52:19.236000-04:00,13.529232025146484,0.5614187121391296,-12.967813491821289
2026-08-04T04:52:19.240000-04:00,13.534843444824219,0.5630554556846619,-12.97178840637207
2026-08-04T04:52:19.244000-04:00,13.545015335083008,0.5738115310668945,-12.971203804016113
2026-08-04T04:52:19.248000-04:00,13.543027877807617,0.5871396660804749,-12.955887794494629
2026-08-04T04:52:19.252000-04:00,13.549925804138184,0.591231644153595,-12.958694458007812
2026-08-04T04:52:19.256000-04:00,13.55296516418457,0.6140297651290894,-12.938935279846191
2026-08-04T04:52:19.260000-04:00,13.554601669311523,0.6174202561378479,-12.93718147277832
2026-08-04T04:52:19.264000-04:00,13.562668800354004,0.625838041305542,-12.936830520629883
2026-08-04T04:52:19.268000-04:00,13.568865776062012,0.6374124884605408,-12.931453704833984
2026-08-04T04:52:19.272000-04:00,13.570151329040527,0.6368278861045837,-12.933323860168457
2026-08-04T04:52:19.276000-04:00,13.580907821655273,0.6689791083335876,-12.9119291305542
2026-08-04T04:52:19.280000-04:00,13.588156700134277,0.6911926865577698,-12.896964073181152
2026-08-04T04:52:19.284000-04:00,13.594937324523926,0.6992596983909607,-12.89567756652832
2026-08-04T04:52:19.288000-04:00,13.608966827392578,0.7270851135253906,-12.881881713867188
2026-08-04T04:52:19.292000-04:00,13.608733177185059,0.7413485646247864,-12.867384910583496
2026-08-04T04:52:19.296000-04:00,13.614110946655273,0.7720968723297119,-12.84201431274414
2026-08-04T04:52:19.300000-04:00,13.626152992248535,0.778877854347229,-12.847274780273438
2026-08-04T04:52:19.304000-04:00,13.638312339782715,0.8159394264221191,-12.822372436523438
2026-08-04T04:52:19.308000-04:00,13.653277397155762,0.8408420085906982,-12.812435150146484
2026-08-04T04:52:19.312000-04:00,13.664617538452148,0.8663291335105896,-12.798288345336914
2026-08-04T04:52:19.316000-04:00,13.677244186401367,0.9080672860145569,-12.769176483154297
2026-08-04T04:52:19.320000-04:00,13.68472671508789,0.9346066117286682,-12.750120162963867
2026-08-04T04:52:19.324000-04:00,13.702731132507324,0.9742403030395508,-12.728490829467773
2026-08-04T04:52:19.328000-04:00,13.712785720825195,1.0047547817230225,-12.708030700683594
2026-08-04T04:52:19.332000-04:00,13.720501899719238,1.0283712148666382,-12.692131042480469
2026-08-04T04:52:19.336000-04:00,13.722723960876465,1.0539753437042236,-12.66874885559082
2026-08-04T04:52:19.340000-04:00,13.743183135986328,1.078994870185852,-12.664188385009766
2026-08-04T04:52:19.344000-04:00,13.745521545410156,1.1155887842178345,-12.629932403564453
2026-08-04T04:52:19.348000-04:00,13.7532377243042,1.1306705474853516,-12.622567176818848
2026-08-04T04:52:19.352000-04:00,13.746574401855469,1.1579114198684692,-12.588663101196289
2026-08-04T04:52:19.356000-04:00,13.749496459960938,1.1582621335983276,-12.59123420715332
2026-08-04T04:52:19.360000-04:00,13.741430282592773,1.1625880002975464,-12.578842163085938
2026-08-04T04:52:19.364000-04:00,13.74692440032959,1.1704212427139282,-12.576502799987793
2026-08-04T04:52:19.368000-04:00,13.744002342224121,1.1597820520401,-12.584219932556152
2026-08-04T04:52:19.372000-04:00,13.726231575012207,1.1461031436920166,-12.58012866973877
2026-08-04T04:52:19.376000-04:00,13.714773178100586,1.1098599433898926,-12.604913711547852
2026-08-04T04:52:19.380000-04:00,13.70132827758789,1.069758653640747,-12.631569862365723
2026-08-04T04:52:19.384000-04:00,13.686246871948242,1.0360875129699707,-12.65015983581543
2026-08-04T04:52:19.388000-04:00,13.6578369140625,0.9752925038337708,-12.682544708251953
2026-08-04T04:52:19.392000-04:00,13.644041061401367,0.932969868183136,-12.711071014404297
2026-08-04T04:52:19.396000-04:00,13.61902141571045,0.863990843296051,-12.755030632019043
2026-08-04T04:52:19.400000-04:00,13.599730491638184,0.8279815316200256,-12.771748542785645
2026-08-04T04:52:19.404000-04:00,13.579270362854004,0.7646144032478333,-12.814656257629395
2026-08-04T04:52:19.408000-04:00,13.557408332824707,0.7077944278717041,-12.849614143371582
2026-08-04T04:52:19.412000-04:00,13.547470092773438,0.6688622236251831,-12.878607749938965
2026-08-04T04:52:19.416000-04:00,13.533206939697266,0.6240843534469604,-12.909122467041016
2026-08-04T04:52:19.420000-04:00,13.527010917663574,0.5925176739692688,-12.934493064880371
2026-08-04T04:52:19.424000-04:00,13.510993003845215,0.5574436187744141,-12.9535493850708
2026-08-04T04:52:19.428000-04:00,13.505147933959961,0.5344116687774658,-12.970736503601074
2026-08-04T04:52:19.432000-04:00,13.492871284484863,0.5056509375572205,-12.987220764160156
2026-08-04T04:52:19.436000-04:00,13.479076385498047,0.4890492260456085,-12.99002742767334
2026-08-04T04:52:19.440000-04:00,13.479543685913086,0.4854249060153961,-12.994118690490723
2026-08-04T04:52:19.444000-04:00,13.476971626281738,0.4636789858341217,-13.01329231262207
2026-08-04T04:52:19.448000-04:00,13.469021797180176,0.4484802484512329,-13.020541191101074
2026-08-04T04:52:19.452000-04:00,13.472528457641602,0.452572226524353,-13.019956588745117
2026-08-04T04:52:19.456000-04:00,13.467852592468262,0.4435698688030243,-13.024282455444336
2026-08-04T04:52:19.460000-04:00,13.467033386230469,0.4415823519229889,-13.025450706481934
2026-08-04T04:52:19.464000-04:00,13.465865135192871,0.45432591438293457,-13.011539459228516
2026-08-04T04:52:19.468000-04:00,13.463526725769043,0.4351521134376526,-13.028374671936035
2026-08-04T04:52:19.472000-04:00,13.461772918701172,0.43865951895713806,-13.023113250732422
2026-08-04T04:52:19.476000-04:00,13.454290390014648,0.43456754088401794,-13.019722938537598
2026-08-04T04:52:19.480000-04:00,13.460370063781738,0.4412316083908081,-13.01913833618164
2026-08-04T04:52:19.484000-04:00,13.454290390014648,0.4404132068157196,-13.013876914978027
2026-08-04T04:52:19.488000-04:00,13.463409423828125,0.446726530790329,-13.016682624816895
2026-08-04T04:52:19.492000-04:00,13.46247386932373,0.44941553473472595,-13.01305866241455
2026-08-04T04:52:19.496000-04:00,13.457563400268555,0.4428683817386627,-13.014695167541504
2026-08-04T04:52:19.500000-04:00,13.461772918701172,0.43784111738204956,-13.023931503295898
2026-08-04T04:52:19.504000-04:00,13.46212387084961,0.44871407747268677,-13.013409614562988
2026-08-04T04:52:19.508000-04:00,13.460603713989258,0.4501170217990875,-13.010486602783203
2026-08-04T04:52:19.512000-04:00,13.465981483459473,0.4572487473487854,-13.008732795715332
2026-08-04T04:52:19.516000-04:00,13.464227676391602,0.4604054093360901,-13.003822326660156
2026-08-04T04:52:19.520000-04:00,13.472996711730957,0.4656665325164795,-13.007329940795898
2026-08-04T04:52:19.524000-04:00,13.471009254455566,0.4660172760486603,-13.00499153137207
2026-08-04T04:52:19.528000-04:00,13.474165916442871,0.48109909892082214,-12.993066787719727
2026-08-04T04:52:19.532000-04:00,13.474984169006348,0.47069379687309265,-13.004290580749512
2026-08-04T04:52:19.536000-04:00,13.479660034179688,0.47712406516075134,-13.002535820007324
2026-08-04T04:52:19.540000-04:00,13.483752250671387,0.4890492260456085,-12.99470329284668
2026-08-04T04:52:19.544000-04:00,13.478841781616211,0.4910367727279663,-12.987805366516113
2026-08-04T04:52:19.548000-04:00,13.481180191040039,0.49886995553970337,-12.98231029510498
2026-08-04T04:52:19.552000-04:00,13.479894638061523,0.48472341895103455,-12.995171546936035
2026-08-04T04:52:19.556000-04:00,13.476503372192383,0.4965316951274872,-12.979971885681152
2026-08-04T04:52:19.560000-04:00,13.480128288269043,0.5029619336128235,-12.977166175842285
2026-08-04T04:52:19.564000-04:00,13.485973358154297,0.5023773908615112,-12.983595848083496
2026-08-04T04:52:19.568000-04:00,13.480010986328125,0.4965316951274872,-12.983479499816895
2026-08-04T04:52:19.572000-04:00,13.485389709472656,0.49723318219184875,-12.98815631866455
2026-08-04T04:52:19.576000-04:00,13.481882095336914,0.4973500967025757,-12.984532356262207
2026-08-04T04:52:19.580000-04:00,13.476503372192383,0.48554182052612305,-12.990961074829102
2026-08-04T04:52:19.584000-04:00,13.480829238891602,0.49197205901145935,-12.98885726928711
2026-08-04T04:52:19.588000-04:00,13.486441612243652,0.49922069907188416,-12.987220764160156
2026-08-04T04:52:19.592000-04:00,13.485973358154297,0.48834773898124695,-12.997625350952148
2026-08-04T04:52:19.596000-04:00,13.47685432434082,0.4945441782474518,-12.98231029510498
2026-08-04T04:52:19.600000-04:00,13.476036071777344,0.4853079915046692,-12.990728378295898
2026-08-04T04:52:19.604000-04:00,13.482583045959473,0.47548726201057434,-13.007095336914062
2026-08-04T04:52:19.608000-04:00,13.471593856811523,0.4669525623321533,-13.00464153289795
2026-08-04T04:52:19.612000-04:00,13.473697662353516,0.46917393803596497,-13.004523277282715
2026-08-04T04:52:19.616000-04:00,13.480128288269043,0.4712783694267273,-13.00885009765625
2026-08-04T04:52:19.620000-04:00,13.49146842956543,0.482969731092453,-13.008499145507812
2026-08-04T04:52:19.624000-04:00,13.500471115112305,0.5280983448028564,-12.972373008728027
2026-08-04T04:52:19.628000-04:00,13.497314453125,0.5279814004898071,-12.969332695007324
2026-08-04T04:52:19.632000-04:00,13.485389709472656,0.5293843746185303,-12.956005096435547
2026-08-04T04:52:19.636000-04:00,13.495911598205566,0.5400235056877136,-12.955887794494629
2026-08-04T04:52:19.640000-04:00,13.50538158416748,0.54902583360672,-12.956356048583984
2026-08-04T04:52:19.644000-04:00,13.516839027404785,0.5802417993545532,-12.936596870422363
2026-08-04T04:52:19.648000-04:00,13.526776313781738,0.615549623966217,-12.911226272583008
2026-08-04T04:52:19.652000-04:00,13.484687805175781,0.6420890092849731,-12.842598915100098
2026-08-04T04:52:19.656000-04:00,13.471359252929688,0.646648645401001,-12.824710845947266
2026-08-04T04:52:19.660000-04:00,13.478140830993652,0.6325021386146545,-12.845638275146484
2026-08-04T04:52:19.664000-04:00,13.478841781616211,0.6472331881523132,-12.831608772277832
2026-08-04T04:52:19.668000-04:00,13.465630531311035,0.6469993591308594,-12.818631172180176
2026-08-04T04:52:19.672000-04:00,13.487259864807129,0.6515589952468872,-12.835700988769531
2026-08-04T04:52:19.676000-04:00,13.489130020141602,0.6372955441474915,-12.851834297180176
2026-08-04T04:52:19.680000-04:00,13.509590148925781,0.6253703832626343,-12.884220123291016
2026-08-04T04:52:19.684000-04:00,13.502575874328613,0.5902963280677795,-12.91227912902832
2026-08-04T04:52:19.688000-04:00,13.48293399810791,0.5372176170349121,-12.945716857910156
2026-08-04T04:52:19.692000-04:00,13.471476554870605,0.5147702097892761,-12.956706047058105
2026-08-04T04:52:19.696000-04:00,13.472528457641602,0.48823082447052,-12.984297752380371
2026-08-04T04:52:19.700000-04:00,13.465163230895996,0.4712783694267273,-12.993885040283203
2026-08-04T04:52:19.704000-04:00,13.450900077819824,0.4532736837863922,-12.997626304626465
2026-08-04T04:52:19.708000-04:00,13.444586753845215,0.44579121470451355,-12.998795509338379
2026-08-04T04:52:19.712000-04:00,13.449262619018555,0.43526899814605713,-13.013993263244629
2026-08-04T04:52:19.716000-04:00,13.451601028442383,0.4234607517719269,-13.0281400680542
2026-08-04T04:52:19.720000-04:00,13.447626113891602,0.4204210042953491,-13.027205467224121
2026-08-04T04:52:19.724000-04:00,13.447977066040039,0.42334383726119995,-13.024633407592773
2026-08-04T04:52:19.728000-04:00,13.450665473937988,0.4186672866344452,-13.031998634338379
2026-08-04T04:52:19.732000-04:00,13.447626113891602,0.40323472023010254,-13.044391632080078
2026-08-04T04:52:19.736000-04:00,13.444002151489258,0.40241631865501404,-13.041585922241211
2026-08-04T04:52:19.740000-04:00,13.43944263458252,0.3930632472038269,-13.046379089355469
2026-08-04T04:52:19.744000-04:00,13.440611839294434,0.3805534839630127,-13.06005859375
2026-08-04T04:52:19.748000-04:00,13.439091682434082,0.38359323143959045,-13.055498123168945
2026-08-04T04:52:19.752000-04:00,13.437688827514648,0.3792674243450165,-13.05842113494873
2026-08-04T04:52:19.756000-04:00,13.436051368713379,0.3709665834903717,-13.065084457397461
2026-08-04T04:52:19.760000-04:00,13.436870574951172,0.3825410306453705,-13.054329872131348
2026-08-04T04:52:19.764000-04:00,13.436986923217773,0.3854638636112213,-13.051523208618164
2026-08-04T04:52:19.768000-04:00,13.427400588989258,0.3966875672340393,-13.030713081359863
2026-08-04T04:52:19.772000-04:00,13.402965545654297,0.41176939010620117,-12.991195678710938
2026-08-04T04:52:19.776000-04:00,13.395483016967773,0.4521045684814453,-12.943378448486328
2026-08-04T04:52:19.780000-04:00,13.416877746582031,0.46110689640045166,-12.955770492553711
2026-08-04T04:52:19.784000-04:00,13.451484680175781,0.4556119740009308,-12.995872497558594
2026-08-04T04:52:19.788000-04:00,13.582544326782227,0.5699533820152283,-13.012591361999512
2026-08-04T04:52:19.792000-04:00,13.704368591308594,0.7522215247154236,-12.952147483825684
2026-08-04T04:52:19.796000-04:00,13.869684219360352,1.1980128288269043,-12.671670913696289
2026-08-04T04:52:19.800000-04:00,13.800004005432129,1.7005070447921753,-12.099496841430664
2026-08-04T04:52:19.804000-04:00,13.768086433410645,2.503352165222168,-11.264734268188477
2026-08-04T04:52:19.808000-04:00,13.65397834777832,2.9208502769470215,-10.73312759399414
2026-08-04T04:52:19.812000-04:00,13.630361557006836,2.8346850872039795,-10.795676231384277
2026-08-04T04:52:19.816000-04:00,13.571554183959961,2.405729293823242,-11.165824890136719
2026-08-04T04:52:19.820000-04:00,13.526426315307617,1.9073270559310913,-11.619099617004395
2026-08-04T04:52:19.824000-04:00,13.458967208862305,1.2296963930130005,-12.229270935058594
2026-08-04T04:52:19.828000-04:00,13.425529479980469,0.9481685757637024,-12.477360725402832
2026-08-04T04:52:19.832000-04:00,13.516020774841309,0.7058069109916687,-12.810214042663574
2026-08-04T04:52:19.836000-04:00,13.552497863769531,0.6603275537490845,-12.892169952392578
2026-08-04T04:52:19.840000-04:00,13.579972267150879,0.6394000053405762,-12.940572738647461
2026-08-04T04:52:19.844000-04:00,13.514033317565918,0.6049104928970337,-12.909122467041016
2026-08-04T04:52:19.848000-04:00,13.51169490814209,0.592868447303772,-12.91882610321045
2026-08-04T04:52:19.852000-04:00,13.515318870544434,0.5659783482551575,-12.9493408203125
2026-08-04T04:52:19.856000-04:00,13.506082534790039,0.5486751198768616,-12.957406997680664
2026-08-04T04:52:19.860000-04:00,13.509941101074219,0.532541036605835,-12.977399826049805
2026-08-04T04:52:19.864000-04:00,13.509356498718262,0.5264615416526794,-12.982894897460938
2026-08-04T04:52:19.868000-04:00,13.50538158416748,0.5291505455970764,-12.97623062133789
2026-08-04T04:52:19.872000-04:00,13.50117301940918,0.5311381220817566,-12.9700345993042
2026-08-04T04:52:19.876000-04:00,13.502575874328613,0.5344116687774658,-12.968164443969727
2026-08-04T04:52:19.880000-04:00,13.505497932434082,0.5471552610397339,-12.958342552185059
2026-08-04T04:52:19.884000-04:00,13.514384269714355,0.5526501536369324,-12.9617338180542
2026-08-04T04:52:19.888000-04:00,13.513799667358398,0.5596649646759033,-12.954134941101074
2026-08-04T04:52:19.892000-04:00,13.517306327819824,0.5595480799674988,-12.957757949829102
2026-08-04T04:52:19.896000-04:00,13.51590347290039,0.5703040957450867,-12.945599555969238
2026-08-04T04:52:19.900000-04:00,13.519644737243652,0.5804755687713623,-12.939168930053711
2026-08-04T04:52:19.904000-04:00,13.523035049438477,0.5919331312179565,-12.93110179901123
2026-08-04T04:52:19.908000-04:00,13.529348373413086,0.5956743359565735,-12.933673858642578
2026-08-04T04:52:19.912000-04:00,13.530517578125,0.5977787971496582,-12.9327392578125
2026-08-04T04:52:19.916000-04:00,13.52584171295166,0.613679051399231,-12.912162780761719
2026-08-04T04:52:19.920000-04:00,13.532622337341309,0.6319175362586975,-12.900704383850098
2026-08-04T04:52:19.924000-04:00,13.537532806396484,0.636360228061676,-12.901172637939453
2026-08-04T04:52:19.928000-04:00,13.544079780578613,0.6521435976028442,-12.891936302185059
2026-08-04T04:52:19.932000-04:00,13.547703742980957,0.6662901043891907,-12.881413459777832
2026-08-04T04:52:19.936000-04:00,13.547938346862793,0.6784490942955017,-12.869489669799805
2026-08-04T04:52:19.940000-04:00,13.56535816192627,0.6963368654251099,-12.86902141571045
2026-08-04T04:52:19.944000-04:00,13.576348304748535,0.7227593660354614,-12.853589057922363
2026-08-04T04:52:19.948000-04:00,13.5761137008667,0.739945650100708,-12.83616828918457
2026-08-04T04:52:19.952000-04:00,13.57950496673584,0.7554951310157776,-12.824009895324707
2026-08-04T04:52:19.956000-04:00,13.579854965209961,0.7705769538879395,-12.80927848815918
2026-08-04T04:52:19.960000-04:00,13.58593463897705,0.7864772081375122,-12.799457550048828
2026-08-04T04:52:19.964000-04:00,13.599614143371582,0.8044818639755249,-12.795132637023926
2026-08-04T04:52:19.968000-04:00,13.614344596862793,0.848090648651123,-12.766254425048828
2026-08-04T04:52:19.972000-04:00,13.624632835388184,0.8743961453437805,-12.750236511230469
2026-08-04T04:52:19.976000-04:00,13.637961387634277,0.8948560357093811,-12.743104934692383
2026-08-04T04:52:19.980000-04:00,13.653160095214844,0.9293455481529236,-12.723814964294434
2026-08-04T04:52:19.984000-04:00,13.66415023803711,0.9547157287597656,-12.709434509277344
2026-08-04T04:52:19.988000-04:00,13.677712440490723,0.9914265871047974,-12.686285972595215
2026-08-04T04:52:19.992000-04:00,13.68519401550293,1.0265007019042969,-12.658693313598633
2026-08-04T04:52:19.996000-04:00,13.691975593566895,1.0699924230575562,-12.621983528137207
2026-08-04T04:52:20-04:00,13.711967468261719,1.1074048280715942,-12.604562759399414
2026-08-04T04:52:20.004000-04:00,13.720151901245117,1.1479737758636475,-12.57217788696289
2026-08-04T04:52:20.008000-04:00,13.728803634643555,1.1804757118225098,-12.548328399658203
2026-08-04T04:52:20.012000-04:00,13.726347923278809,1.2039753198623657,-12.522372245788574
2026-08-04T04:52:20.016000-04:00,13.731024742126465,1.232969880104065,-12.498054504394531
2026-08-04T04:52:20.020000-04:00,13.729738235473633,1.2517930269241333,-12.477945327758789
2026-08-04T04:52:20.024000-04:00,13.733012199401855,1.2683947086334229,-12.464617729187012
2026-08-04T04:52:20.028000-04:00,13.737454414367676,1.2701483964920044,-12.467306137084961
2026-08-04T04:52:20.032000-04:00,13.732894897460938,1.2667579650878906,-12.466136932373047
2026-08-04T04:52:20.036000-04:00,13.725763320922852,1.2465318441390991,-12.479231834411621
2026-08-04T04:52:20.040000-04:00,13.711616516113281,1.239517092704773,-12.472099304199219
2026-08-04T04:52:20.044000-04:00,13.701796531677246,1.2098209857940674,-12.491975784301758
2026-08-04T04:52:20.048000-04:00,13.686714172363281,1.1784882545471191,-12.50822639465332
2026-08-04T04:52:20.052000-04:00,13.658537864685059,1.1159394979476929,-12.542598724365234
2026-08-04T04:52:20.056000-04:00,13.640533447265625,1.0684726238250732,-12.572060585021973
2026-08-04T04:52:20.060000-04:00,13.62907600402832,1.008612871170044,-12.620463371276855
2026-08-04T04:52:20.064000-04:00,13.601250648498535,0.9549495577812195,-12.64630126953125
2026-08-04T04:52:20.068000-04:00,13.590728759765625,0.8900625705718994,-12.700666427612305
2026-08-04T04:52:20.072000-04:00,13.560214042663574,0.8272800445556641,-12.73293399810791
2026-08-04T04:52:20.076000-04:00,13.548639297485352,0.7927905321121216,-12.75584888458252
2026-08-04T04:52:20.080000-04:00,13.52806282043457,0.7429853677749634,-12.785077095031738
2026-08-04T04:52:20.084000-04:00,13.521865844726562,0.6985582709312439,-12.823307991027832
2026-08-04T04:52:20.088000-04:00,13.513448715209961,0.6607951521873474,-12.852653503417969
2026-08-04T04:52:20.092000-04:00,13.491703033447266,0.6362433433532715,-12.855459213256836
2026-08-04T04:52:20.096000-04:00,13.488429069519043,0.6091194152832031,-12.87930965423584
2026-08-04T04:52:20.100000-04:00,13.483518600463867,0.5940375924110413,-12.889480590820312
2026-08-04T04:52:20.104000-04:00,13.478608131408691,0.5636400580406189,-12.914968490600586
2026-08-04T04:52:20.108000-04:00,13.471242904663086,0.5558068156242371,-12.915435791015625
2026-08-04T04:52:20.112000-04:00,13.463994026184082,0.5418941378593445,-12.922100067138672
2026-08-04T04:52:20.116000-04:00,13.458382606506348,0.5337101817131042,-12.92467212677002
2026-08-04T04:52:20.120000-04:00,13.463526725769043,0.525526225566864,-12.938000679016113
2026-08-04T04:52:20.124000-04:00,13.455693244934082,0.5227203369140625,-12.93297290802002
2026-08-04T04:52:20.128000-04:00,13.454290390014648,0.5103275179862976,-12.943963050842285
2026-08-04T04:52:20.132000-04:00,13.450081825256348,0.507989227771759,-12.942092895507812
2026-08-04T04:52:20.136000-04:00,13.44587230682373,0.5114966034889221,-12.934375762939453
2026-08-04T04:52:20.140000-04:00,13.44949722290039,0.5105612874031067,-12.938936233520508
2026-08-04T04:52:20.144000-04:00,13.44388484954834,0.49922069907188416,-12.944664001464844
2026-08-04T04:52:20.148000-04:00,13.445755958557129,0.4943103492259979,-12.951445579528809
2026-08-04T04:52:20.152000-04:00,13.44973087310791,0.4902183711528778,-12.959512710571289
2026-08-04T04:52:20.156000-04:00,13.437688827514648,0.4965316951274872,-12.941157341003418
2026-08-04T04:52:20.160000-04:00,13.440845489501953,0.509626030921936,-12.931219100952148
2026-08-04T04:52:20.164000-04:00,13.446925163269043,0.5110289454460144,-12.935895919799805
2026-08-04T04:52:20.168000-04:00,13.451367378234863,0.5189790725708008,-12.932388305664062
2026-08-04T04:52:20.172000-04:00,13.452536582946777,0.5110289454460144,-12.941507339477539
2026-08-04T04:52:20.176000-04:00,13.4517183303833,0.5107951164245605,-12.940923690795898
2026-08-04T04:52:20.180000-04:00,13.447041511535645,0.5189790725708008,-12.928062438964844
2026-08-04T04:52:20.184000-04:00,13.455693244934082,0.5229541659355164,-12.9327392578125
2026-08-04T04:52:20.188000-04:00,13.452653884887695,0.5279814004898071,-12.92467212677002
2026-08-04T04:52:20.192000-04:00,13.452536582946777,0.5248247385025024,-12.927711486816406
2026-08-04T04:52:20.196000-04:00,13.457447052001953,0.5383867025375366,-12.919060707092285
2026-08-04T04:52:20.200000-04:00,13.459317207336426,0.5501949787139893,-12.909122467041016
2026-08-04T04:52:20.204000-04:00,13.467267990112305,0.5537024140357971,-12.913565635681152
2026-08-04T04:52:20.208000-04:00,13.463293075561523,0.5595480799674988,-12.9037446975708
2026-08-04T04:52:20.212000-04:00,13.461539268493652,0.5540531277656555,-12.907485961914062
2026-08-04T04:52:20.216000-04:00,13.465163230895996,0.5629385709762573,-12.90222454071045
2026-08-04T04:52:20.220000-04:00,13.467150688171387,0.5603664517402649,-12.906784057617188
2026-08-04T04:52:20.224000-04:00,13.465747833251953,0.5645753741264343,-12.901172637939453
2026-08-04T04:52:20.228000-04:00,13.466215133666992,0.567147433757782,-12.899067878723145
2026-08-04T04:52:20.232000-04:00,13.46855354309082,0.5645753741264343,-12.90397834777832
2026-08-04T04:52:20.236000-04:00,13.472061157226562,0.5696026682853699,-12.902458190917969
2026-08-04T04:52:20.240000-04:00,13.467501640319824,0.5766174793243408,-12.890884399414062
2026-08-04T04:52:20.244000-04:00,13.476269721984863,0.5797741413116455,-12.896495819091797
2026-08-04T04:52:20.248000-04:00,13.479426383972168,0.5750975608825684,-12.904329299926758
2026-08-04T04:52:20.252000-04:00,13.46855354309082,0.5635231137275696,-12.905030250549316
2026-08-04T04:52:20.256000-04:00,13.467150688171387,0.5643415451049805,-12.902809143066406
2026-08-04T04:52:20.260000-04:00,13.470541000366211,0.560132622718811,-12.910408020019531
2026-08-04T04:52:20.264000-04:00,13.47486686706543,0.5656275749206543,-12.909238815307617
2026-08-04T04:52:20.268000-04:00,13.472879409790039,0.5662121772766113,-12.906667709350586
2026-08-04T04:52:20.272000-04:00,13.467735290527344,0.5501949787139893,-12.917540550231934
2026-08-04T04:52:20.276000-04:00,13.465981483459473,0.5386205315589905,-12.927360534667969
2026-08-04T04:52:20.280000-04:00,13.459200859069824,0.5290336608886719,-12.930167198181152
2026-08-04T04:52:20.284000-04:00,13.471009254455566,0.5339440107345581,-12.937065124511719
2026-08-04T04:52:20.288000-04:00,13.486908912658691,0.5444662570953369,-12.942442893981934
2026-08-04T04:52:20.292000-04:00,13.495209693908691,0.5663290619850159,-12.92888069152832
2026-08-04T04:52:20.296000-04:00,13.493573188781738,0.6105223894119263,-12.883050918579102
2026-08-04T04:52:20.300000-04:00,13.486324310302734,0.6071318984031677,-12.879192352294922
2026-08-04T04:52:20.304000-04:00,13.490650177001953,0.6286439895629883,-12.862006187438965
2026-08-04T04:52:20.308000-04:00,13.504212379455566,0.6327359080314636,-12.871476173400879
2026-08-04T04:52:20.312000-04:00,13.516020774841309,0.6364771723747253,-12.87954330444336
2026-08-04T04:52:20.316000-04:00,13.520813941955566,0.6731880307197571,-12.847625732421875
2026-08-04T04:52:20.320000-04:00,13.515787124633789,0.6990259289741516,-12.816761016845703
2026-08-04T04:52:20.324000-04:00,13.457213401794434,0.7022994756698608,-12.754914283752441
2026-08-04T04:52:20.328000-04:00,13.457096099853516,0.7107172608375549,-12.746378898620605
2026-08-04T04:52:20.332000-04:00,13.465045928955078,0.7122371196746826,-12.752808570861816
2026-08-04T04:52:20.336000-04:00,13.459200859069824,0.7025333046913147,-12.756667137145996
2026-08-04T04:52:20.340000-04:00,13.470307350158691,0.7239284515380859,-12.746378898620605
2026-08-04T04:52:20.344000-04:00,13.488546371459961,0.7246299386024475,-12.763916015625
2026-08-04T04:52:20.348000-04:00,13.490299224853516,0.7134062647819519,-12.77689266204834
2026-08-04T04:52:20.352000-04:00,13.492521286010742,0.6717850565910339,-12.820735931396484
2026-08-04T04:52:20.356000-04:00,13.483051300048828,0.6330866813659668,-12.849964141845703
2026-08-04T04:52:20.360000-04:00,13.46656608581543,0.5953236222267151,-12.87124252319336
2026-08-04T04:52:20.364000-04:00,13.475568771362305,0.5904132723808289,-12.88515567779541
2026-08-04T04:52:20.368000-04:00,13.469956398010254,0.5793064832687378,-12.890649795532227
2026-08-04T04:52:20.372000-04:00,13.45826530456543,0.5416603088378906,-12.916604995727539
2026-08-04T04:52:20.376000-04:00,13.448561668395996,0.5114966034889221,-12.937065124511719
2026-08-04T04:52:20.380000-04:00,13.43803882598877,0.4971162676811218,-12.940922737121582
2026-08-04T04:52:20.384000-04:00,13.433479309082031,0.4798130691051483,-12.953666687011719
2026-08-04T04:52:20.388000-04:00,13.441546440124512,0.481332927942276,-12.960213661193848
2026-08-04T04:52:20.392000-04:00,13.436635971069336,0.466484934091568,-12.9701509475708
2026-08-04T04:52:20.396000-04:00,13.439091682434082,0.4575994908809662,-12.981492042541504
2026-08-04T04:52:20.400000-04:00,13.441195487976074,0.45070159435272217,-12.990493774414062
2026-08-04T04:52:20.404000-04:00,13.433479309082031,0.45514431595802307,-12.9783353805542
2026-08-04T04:52:20.408000-04:00,13.434999465942383,0.45233839750289917,-12.982661247253418
2026-08-04T04:52:20.412000-04:00,13.429621696472168,0.43772420287132263,-12.991897583007812
2026-08-04T04:52:20.416000-04:00,13.428218841552734,0.4300079047679901,-12.998210906982422
2026-08-04T04:52:20.420000-04:00,13.427165985107422,0.435502827167511,-12.991662979125977
2026-08-04T04:52:20.424000-04:00,13.42927074432373,0.4463757872581482,-12.982894897460938
2026-08-04T04:52:20.428000-04:00,13.433245658874512,0.4435698688030243,-12.989675521850586
2026-08-04T04:52:20.432000-04:00,13.424944877624512,0.45339059829711914,-12.971553802490234
2026-08-04T04:52:20.436000-04:00,13.416526794433594,0.44988319277763367,-12.966643333435059
2026-08-04T04:52:20.440000-04:00,13.407876014709473,0.4643804728984833,-12.943495750427246
2026-08-04T04:52:20.444000-04:00,13.387298583984375,0.5203820466995239,-12.86691665649414
2026-08-04T04:52:20.448000-04:00,13.382739067077637,0.5600157380104065,-12.822723388671875
2026-08-04T04:52:20.452000-04:00,13.419098854064941,0.5553392171859741,-12.863759994506836
2026-08-04T04:52:20.456000-04:00,13.473581314086914,0.561769425868988,-12.911811828613281
2026-08-04T04:52:20.460000-04:00,13.632817268371582,0.7439206838607788,-12.888896942138672
2026-08-04T04:52:20.464000-04:00,13.774749755859375,0.9728373289108276,-12.801912307739258
2026-08-04T04:52:20.468000-04:00,13.812162399291992,1.51823890209198,-12.293923377990723
2026-08-04T04:52:20.472000-04:00,13.744002342224121,2.3248252868652344,-11.419177055358887
2026-08-04T04:52:20.476000-04:00,13.692326545715332,2.827202558517456,-10.865123748779297
2026-08-04T04:52:20.480000-04:00,13.642169952392578,3.0151994228363037,-10.626970291137695
2026-08-04T04:52:20.484000-04:00,13.602653503417969,2.900273561477661,-10.702380180358887
2026-08-04T04:52:20.488000-04:00,13.533674240112305,2.3206162452697754,-11.213058471679688
2026-08-04T04:52:20.492000-04:00,13.510525703430176,1.7263449430465698,-11.784180641174316
2026-08-04T04:52:20.496000-04:00,13.455225944519043,1.1404913663864136,-12.31473445892334
2026-08-04T04:52:20.500000-04:00,13.475685119628906,0.9105224609375,-12.565162658691406
2026-08-04T04:52:20.504000-04:00,13.552380561828613,0.7648482322692871,-12.787532806396484
2026-08-04T04:52:20.508000-04:00,13.599379539489746,0.7238115668296814,-12.875568389892578
2026-08-04T04:52:20.512000-04:00,13.560914993286133,0.7061576247215271,-12.854757308959961
2026-08-04T04:52:20.516000-04:00,13.49976921081543,0.6797351837158203,-12.82003402709961
2026-08-04T04:52:20.520000-04:00,13.514266967773438,0.6628996133804321,-12.851366996765137
2026-08-04T04:52:20.524000-04:00,13.513448715209961,0.623149037361145,-12.890299797058105
2026-08-04T04:52:20.528000-04:00,13.501055717468262,0.6090024709701538,-12.892053604125977
2026-08-04T04:52:20.532000-04:00,13.500237464904785,0.5984802842140198,-12.90175724029541
2026-08-04T04:52:20.536000-04:00,13.492287635803223,0.5881918668746948,-12.904095649719238
2026-08-04T04:52:20.540000-04:00,13.507719993591309,0.5929853320121765,-12.914734840393066
2026-08-04T04:52:20.544000-04:00,13.503276824951172,0.582580029964447,-12.920697212219238
2026-08-04T04:52:20.548000-04:00,13.500704765319824,0.5772020220756531,-12.923502922058105
2026-08-04T04:52:20.552000-04:00,13.510643005371094,0.5787218809127808,-12.931921005249023
2026-08-04T04:52:20.556000-04:00,13.504212379455566,0.5894779562950134,-12.914734840393066
2026-08-04T04:52:20.560000-04:00,13.514384269714355,0.5982464551925659,-12.9161376953125
2026-08-04T04:52:20.564000-04:00,13.51976203918457,0.6144974231719971,-12.905264854431152
2026-08-04T04:52:20.568000-04:00,13.5263090133667,0.6287608742713928,-12.897547721862793
2026-08-04T04:52:20.572000-04:00,13.526893615722656,0.63963383436203,-12.887259483337402
2026-08-04T04:52:20.576000-04:00,13.527478218078613,0.6327359080314636,-12.894742012023926
2026-08-04T04:52:20.580000-04:00,13.52829647064209,0.6480516195297241,-12.880245208740234
2026-08-04T04:52:20.584000-04:00,13.5346097946167,0.6607951521873474,-12.873814582824707
2026-08-04T04:52:20.588000-04:00,13.537649154663086,0.6763446927070618,-12.86130428314209
2026-08-04T04:52:20.592000-04:00,13.54080581665039,0.6703820824623108,-12.870423316955566
2026-08-04T04:52:20.596000-04:00,13.546300888061523,0.6766954064369202,-12.86960506439209
2026-08-04T04:52:20.600000-04:00,13.553667068481445,0.6994935274124146,-12.85417366027832
2026-08-04T04:52:20.604000-04:00,13.569917678833008,0.7044039368629456,-12.865513801574707
2026-08-04T04:52:20.608000-04:00,13.57143783569336,0.7254483699798584,-12.845989227294922
2026-08-04T04:52:20.612000-04:00,13.569917678833008,0.7311770915985107,-12.838740348815918
2026-08-04T04:52:20.616000-04:00,13.580089569091797,0.7556120157241821,-12.824477195739746
2026-08-04T04:52:20.620000-04:00,13.589675903320312,0.7565473318099976,-12.833128929138184
2026-08-04T04:52:20.624000-04:00,13.59388542175293,0.7764226198196411,-12.817462921142578
2026-08-04T04:52:20.628000-04:00,13.601717948913574,0.7951288223266602,-12.806589126586914
2026-08-04T04:52:20.632000-04:00,13.613409996032715,0.8201482892036438,-12.793261528015137
2026-08-04T04:52:20.636000-04:00,13.626270294189453,0.8505458235740662,-12.775724411010742
2026-08-04T04:52:20.640000-04:00,13.630011558532715,0.8762667775154114,-12.753745079040527
2026-08-04T04:52:20.644000-04:00,13.654913902282715,0.9144974946975708,-12.740416526794434
2026-08-04T04:52:20.648000-04:00,13.659239768981934,0.9457134008407593,-12.713526725769043
2026-08-04T04:52:20.652000-04:00,13.668007850646973,0.9641857743263245,-12.703822135925293
2026-08-04T04:52:20.656000-04:00,13.682856559753418,0.9811382293701172,-12.7017183303833
2026-08-04T04:52:20.660000-04:00,13.695950508117676,1.0220578908920288,-12.673892974853516
2026-08-04T04:52:20.664000-04:00,13.714423179626465,1.0413486957550049,-12.673074722290039
2026-08-04T04:52:20.668000-04:00,13.72985553741455,1.098636269569397,-12.631218910217285
2026-08-04T04:52:20.672000-04:00,13.73838996887207,1.1493767499923706,-12.58901309967041
2026-08-04T04:52:20.676000-04:00,13.744352340698242,1.1662123203277588,-12.578140258789062
2026-08-04T04:52:20.680000-04:00,13.754056930541992,1.1969605684280396,-12.557096481323242
2026-08-04T04:52:20.684000-04:00,13.75522518157959,1.2097041606903076,-12.545520782470703
2026-08-04T04:52:20.688000-04:00,13.758732795715332,1.2315669059753418,-12.527166366577148
2026-08-04T04:52:20.692000-04:00,13.757096290588379,1.2494547367095947,-12.507641792297363
2026-08-04T04:52:20.696000-04:00,13.7532377243042,1.2755264043807983,-12.47771167755127
2026-08-04T04:52:20.700000-04:00,13.756044387817383,1.27517569065094,-12.480868339538574
2026-08-04T04:52:20.704000-04:00,13.747977256774902,1.2696807384490967,-12.478296279907227
2026-08-04T04:52:20.708000-04:00,13.736285209655762,1.2556511163711548,-12.480633735656738
2026-08-04T04:52:20.712000-04:00,13.727166175842285,1.2374125719070435,-12.489753723144531
2026-08-04T04:52:20.716000-04:00,13.705887794494629,1.1992988586425781,-12.50658893585205
2026-08-04T04:52:20.720000-04:00,13.697002410888672,1.1615357398986816,-12.535467147827148
2026-08-04T04:52:20.724000-04:00,13.678413391113281,1.1047158241271973,-12.573698043823242
2026-08-04T04:52:20.728000-04:00,13.660759925842285,1.0740844011306763,-12.586675643920898
2026-08-04T04:52:20.732000-04:00,13.640066146850586,1.008612871170044,-12.631453514099121
2026-08-04T04:52:20.736000-04:00,13.612590789794922,0.9370617866516113,-12.675529479980469
2026-08-04T04:52:20.740000-04:00,13.598794937133789,0.8978958129882812,-12.700899124145508
2026-08-04T04:52:20.744000-04:00,13.57541275024414,0.8359315991401672,-12.739480972290039
2026-08-04T04:52:20.748000-04:00,13.563253402709961,0.8069370985031128,-12.756316184997559
2026-08-04T04:52:20.752000-04:00,13.537415504455566,0.7357367277145386,-12.801678657531738
2026-08-04T04:52:20.756000-04:00,13.52782917022705,0.6973891258239746,-12.830440521240234
2026-08-04T04:52:20.760000-04:00,13.519177436828613,0.6568201184272766,-12.862357139587402
2026-08-04T04:52:20.764000-04:00,13.515318870544434,0.6321513652801514,-12.883167266845703
2026-08-04T04:52:20.768000-04:00,13.50538158416748,0.6122760772705078,-12.893105506896973
2026-08-04T04:52:20.772000-04:00,13.486090660095215,0.5787218809127808,-12.907368659973145
2026-08-04T04:52:20.776000-04:00,13.486207962036133,0.5595480799674988,-12.92665958404541
2026-08-04T04:52:20.780000-04:00,13.481998443603516,0.54692143201828,-12.935076713562012
2026-08-04T04:52:20.784000-04:00,13.481180191040039,0.5351131558418274,-12.946066856384277
2026-08-04T04:52:20.788000-04:00,13.476036071777344,0.5324241518974304,-12.943612098693848
2026-08-04T04:52:20.792000-04:00,13.467852592468262,0.5324241518974304,-12.935428619384766
2026-08-04T04:52:20.796000-04:00,13.47077465057373,0.5251755118370056,-12.945599555969238
2026-08-04T04:52:20.800000-04:00,13.472996711730957,0.5181607007980347,-12.954835891723633
2026-08-04T04:52:20.804000-04:00,13.470541000366211,0.5131334066390991,-12.95740795135498
2026-08-04T04:52:20.808000-04:00,13.464929580688477,0.5172253847122192,-12.947704315185547
2026-08-04T04:52:20.812000-04:00,13.4600191116333,0.5111458897590637,-12.948873519897461
2026-08-04T04:52:20.816000-04:00,13.46025276184082,0.5119642615318298,-12.948288917541504
2026-08-04T04:52:20.820000-04:00,13.466449737548828,0.5186283588409424,-12.947821617126465
2026-08-04T04:52:20.824000-04:00,13.46048641204834,0.5259938836097717,-12.934492111206055
2026-08-04T04:52:20.828000-04:00,13.4683198928833,0.5206158757209778,-12.947704315185547
2026-08-04T04:52:20.832000-04:00,13.459551811218262,0.5136010646820068,-12.945950508117676
2026-08-04T04:52:20.836000-04:00,13.464812278747559,0.5158224105834961,-12.948989868164062
2026-08-04T04:52:20.840000-04:00,13.461304664611816,0.5119642615318298,-12.9493408203125
2026-08-04T04:52:20.844000-04:00,13.462357521057129,0.5254093408584595,-12.9369478225708
2026-08-04T04:52:20.848000-04:00,13.471009254455566,0.5342947840690613,-12.936714172363281
2026-08-04T04:52:20.852000-04:00,13.463760375976562,0.5226033926010132,-12.941157341003418
2026-08-04T04:52:20.856000-04:00,13.461304664611816,0.5273968577384949,-12.933907508850098
2026-08-04T04:52:20.860000-04:00,13.467150688171387,0.5385036468505859,-12.9286470413208
2026-08-04T04:52:20.864000-04:00,13.47439956665039,0.5445831418037415,-12.929816246032715
2026-08-04T04:52:20.868000-04:00,13.475802421569824,0.5421279668807983,-12.933674812316895
2026-08-04T04:52:20.872000-04:00,13.468904495239258,0.562821626663208,-12.906083106994629
2026-08-04T04:52:20.876000-04:00,13.467501640319824,0.5615355968475342,-12.905965805053711
2026-08-04T04:52:20.880000-04:00,13.47849178314209,0.5606002807617188,-12.917891502380371
2026-08-04T04:52:20.884000-04:00,13.482233047485352,0.5508964657783508,-12.931336402893066
2026-08-04T04:52:20.888000-04:00,13.479076385498047,0.5537024140357971,-12.925374031066895
2026-08-04T04:52:20.892000-04:00,13.48047924041748,0.5514810681343079,-12.928997993469238
2026-08-04T04:52:20.896000-04:00,13.477907180786133,0.565043032169342,-12.912863731384277
2026-08-04T04:52:20.900000-04:00,13.482583045959473,0.5570929050445557,-12.925490379333496
2026-08-04T04:52:20.904000-04:00,13.479076385498047,0.5604833960533142,-12.918593406677246
2026-08-04T04:52:20.908000-04:00,13.489480972290039,0.5632892847061157,-12.926191329956055
2026-08-04T04:52:20.912000-04:00,13.481063842773438,0.5699533820152283,-12.911110877990723
2026-08-04T04:52:20.916000-04:00,13.485857009887695,0.5749806761741638,-12.910876274108887
2026-08-04T04:52:20.920000-04:00,13.481764793395996,0.5662121772766113,-12.915552139282227
2026-08-04T04:52:20.924000-04:00,13.492287635803223,0.5597819089889526,-12.93250560760498
2026-08-04T04:52:20.928000-04:00,13.492637634277344,0.5581451058387756,-12.934492111206055
2026-08-04T04:52:20.932000-04:00,13.48270034790039,0.5577943921089172,-12.924905776977539
2026-08-04T04:52:20.936000-04:00,13.480361938476562,0.5565083026885986,-12.923853874206543
2026-08-04T04:52:20.940000-04:00,13.484570503234863,0.5493766069412231,-12.93519401550293
2026-08-04T04:52:20.944000-04:00,13.486324310302734,0.5404911637306213,-12.945833206176758
2026-08-04T04:52:20.948000-04:00,13.485272407531738,0.5389713048934937,-12.946301460266113
2026-08-04T04:52:20.952000-04:00,13.480595588684082,0.5402573347091675,-12.940338134765625
2026-08-04T04:52:20.956000-04:00,13.473814964294434,0.5307873487472534,-12.94302749633789
2026-08-04T04:52:20.960000-04:00,13.487727165222168,0.5335932970046997,-12.954133987426758
2026-08-04T04:52:20.964000-04:00,13.498717308044434,0.5466876029968262,-12.952030181884766
2026-08-04T04:52:20.968000-04:00,13.511110305786133,0.5970773100852966,-12.914032936096191
2026-08-04T04:52:20.972000-04:00,13.497899055480957,0.5894779562950134,-12.908421516418457
2026-08-04T04:52:20.976000-04:00,13.48270034790039,0.5802417993545532,-12.902458190917969
2026-08-04T04:52:20.980000-04:00,13.503043174743652,0.6024553179740906,-12.900588035583496
2026-08-04T04:52:20.984000-04:00,13.515436172485352,0.6168357133865356,-12.898600578308105
2026-08-04T04:52:20.988000-04:00,13.526776313781738,0.6234997510910034,-12.903276443481445
2026-08-04T04:52:20.992000-04:00,13.522685050964355,0.652611255645752,-12.870073318481445
2026-08-04T04:52:20.996000-04:00,13.491936683654785,0.6786829233169556,-12.813253402709961
2026-08-04T04:52:21-04:00,13.4766206741333,0.7065083384513855,-12.770112037658691
2026-08-04T04:52:21.004000-04:00,13.484687805175781,0.6858146786689758,-12.798872947692871
2026-08-04T04:52:21.008000-04:00,13.486441612243652,0.6825410723686218,-12.803900718688965
2026-08-04T04:52:21.012000-04:00,13.478257179260254,0.6738895177841187,-12.804368019104004
2026-08-04T04:52:21.016000-04:00,13.494508743286133,0.6875683665275574,-12.806940078735352
2026-08-04T04:52:21.020000-04:00,13.50947380065918,0.6901404857635498,-12.81933307647705
2026-08-04T04:52:21.024000-04:00,13.519411087036133,0.6613797545433044,-12.858031272888184
2026-08-04T04:52:21.028000-04:00,13.508654594421387,0.6238505244255066,-12.884803771972656
2026-08-04T04:52:21.032000-04:00,13.485739707946777,0.5674982070922852,-12.918241500854492
2026-08-04T04:52:21.036000-04:00,13.480361938476562,0.5697195529937744,-12.910642623901367
2026-08-04T04:52:21.040000-04:00,13.477789878845215,0.5627047419548035,-12.915084838867188
2026-08-04T04:52:21.044000-04:00,13.481063842773438,0.5199143886566162,-12.961149215698242
2026-08-04T04:52:21.048000-04:00,13.464812278747559,0.4770071506500244,-12.987805366516113
2026-08-04T04:52:21.052000-04:00,13.451016426086426,0.48636022210121155,-12.964655876159668
2026-08-04T04:52:21.056000-04:00,13.446456909179688,0.47069379687309265,-12.975763320922852
2026-08-04T04:52:21.060000-04:00,13.46247386932373,0.4716291129589081,-12.9908447265625
2026-08-04T04:52:21.064000-04:00,13.461889266967773,0.45900246500968933,-13.002886772155762
2026-08-04T04:52:21.068000-04:00,13.458616256713867,0.45537814497947693,-13.0032377243042
2026-08-04T04:52:21.072000-04:00,13.45218563079834,0.4448559284210205,-13.007329940795898
2026-08-04T04:52:21.076000-04:00,13.447977066040039,0.4214732050895691,-13.026503562927246
2026-08-04T04:52:21.080000-04:00,13.451601028442383,0.42661741375923157,-13.024983406066895
2026-08-04T04:52:21.084000-04:00,13.449847221374512,0.43222925066947937,-13.017618179321289
2026-08-04T04:52:21.088000-04:00,13.445054054260254,0.4279034733772278,-13.01715087890625
2026-08-04T04:52:21.092000-04:00,13.43803882598877,0.41492605209350586,-13.023113250732422
2026-08-04T04:52:21.096000-04:00,13.43114185333252,0.4046376645565033,-13.026504516601562
2026-08-04T04:52:21.100000-04:00,13.442949295043945,0.4255651831626892,-13.01738452911377
2026-08-04T04:52:21.104000-04:00,13.439676284790039,0.42568209767341614,-13.013994216918945
2026-08-04T04:52:21.108000-04:00,13.436051368713379,0.40814507007598877,-13.02790641784668
2026-08-04T04:52:21.112000-04:00,13.447275161743164,0.42252543568611145,-13.024749755859375
2026-08-04T04:52:21.116000-04:00,13.41711139678955,0.42743581533432007,-12.989675521850586
2026-08-04T04:52:21.120000-04:00,13.415241241455078,0.45526123046875,-12.959980010986328
2026-08-04T04:52:21.124000-04:00,13.416410446166992,0.49957144260406494,-12.916838645935059
2026-08-04T04:52:21.128000-04:00,13.453354835510254,0.48788008093833923,-12.965475082397461
2026-08-04T04:52:21.132000-04:00,13.513565063476562,0.5210835337638855,-12.992481231689453
2026-08-04T04:52:21.136000-04:00,13.702146530151367,0.756430447101593,-12.94571590423584
2026-08-04T04:52:21.140000-04:00,13.847236633300781,0.9935310482978821,-12.853705406188965
2026-08-04T04:52:21.144000-04:00,13.847236633300781,1.6460254192352295,-12.201210975646973
2026-08-04T04:52:21.148000-04:00,13.810759544372559,2.203702926635742,-11.607056617736816
2026-08-04T04:52:21.152000-04:00,13.71395492553711,2.8846070766448975,-10.829347610473633
2026-08-04T04:52:21.156000-04:00,13.654095649719238,2.912315607070923,-10.741780281066895
2026-08-04T04:52:21.160000-04:00,13.618319511413574,2.639439582824707,-10.978879928588867
2026-08-04T04:52:21.164000-04:00,13.576581954956055,1.9987534284591675,-11.577828407287598
2026-08-04T04:52:21.168000-04:00,13.495560646057129,1.4942716360092163,-12.001289367675781
2026-08-04T04:52:21.172000-04:00,13.420852661132812,0.9986752271652222,-12.4221773147583
2026-08-04T04:52:21.176000-04:00,13.472879409790039,0.8210836052894592,-12.651795387268066
2026-08-04T04:52:21.180000-04:00,13.547821044921875,0.6962199807167053,-12.851600646972656
2026-08-04T04:52:21.184000-04:00,13.594703674316406,0.6695637106895447,-12.925140380859375
2026-08-04T04:52:21.188000-04:00,13.563253402709961,0.6501560211181641,-12.913097381591797
2026-08-04T04:52:21.192000-04:00,13.514266967773438,0.6265395283699036,-12.887727737426758
2026-08-04T04:52:21.196000-04:00,13.51952838897705,0.6074826121330261,-12.9120454788208
2026-08-04T04:52:21.200000-04:00,13.529114723205566,0.5866720080375671,-12.942442893981934
2026-08-04T04:52:21.204000-04:00,13.522685050964355,0.5600157380104065,-12.962669372558594
2026-08-04T04:52:21.208000-04:00,13.520346641540527,0.5623540282249451,-12.957992553710938
2026-08-04T04:52:21.212000-04:00,13.512162208557129,0.5492596626281738,-12.962902069091797
2026-08-04T04:52:21.216000-04:00,13.503276824951172,0.5356976985931396,-12.967578887939453
2026-08-04T04:52:21.220000-04:00,13.513799667358398,0.5434139966964722,-12.970385551452637
2026-08-04T04:52:21.224000-04:00,13.51952838897705,0.5535854697227478,-12.965943336486816
2026-08-04T04:52:21.228000-04:00,13.51590347290039,0.5493766069412231,-12.966526985168457
2026-08-04T04:52:21.232000-04:00,13.519060134887695,0.5569759607315063,-12.96208381652832
2026-08-04T04:52:21.236000-04:00,13.529114723205566,0.5568590760231018,-12.97225570678711
2026-08-04T04:52:21.240000-04:00,13.527478218078613,0.5673812627792358,-12.960097312927246
2026-08-04T04:52:21.244000-04:00,13.530752182006836,0.5790726542472839,-12.951679229736328
2026-08-04T04:52:21.248000-04:00,13.530634880065918,0.590179443359375,-12.940455436706543
2026-08-04T04:52:21.252000-04:00,13.537181854248047,0.6108731031417847,-12.926308631896973
2026-08-04T04:52:21.256000-04:00,13.539987564086914,0.615549623966217,-12.924437522888184
2026-08-04T04:52:21.260000-04:00,13.548054695129395,0.6265395283699036,-12.921515464782715
2026-08-04T04:52:21.264000-04:00,13.552497863769531,0.6319175362586975,-12.92057991027832
2026-08-04T04:52:21.268000-04:00,13.556706428527832,0.641270637512207,-12.915435791015625
2026-08-04T04:52:21.272000-04:00,13.558342933654785,0.6432581543922424,-12.915084838867188
2026-08-04T04:52:21.276000-04:00,13.556940078735352,0.6598598957061768,-12.897080421447754
2026-08-04T04:52:21.280000-04:00,13.570619583129883,0.6841778755187988,-12.886442184448242
2026-08-04T04:52:21.284000-04:00,13.574594497680664,0.701013445854187,-12.873580932617188
2026-08-04T04:52:21.288000-04:00,13.579387664794922,0.7166798114776611,-12.86270809173584
2026-08-04T04:52:21.292000-04:00,13.576815605163574,0.7181997299194336,-12.85861587524414
2026-08-04T04:52:21.296000-04:00,13.591547012329102,0.7380750179290771,-12.853471755981445
2026-08-04T04:52:21.300000-04:00,13.602770805358887,0.7622761130332947,-12.840495109558105
2026-08-04T04:52:21.304000-04:00,13.612006187438965,0.7848404049873352,-12.827165603637695
2026-08-04T04:52:21.308000-04:00,13.617267608642578,0.814536452293396,-12.80273151397705
2026-08-04T04:52:21.312000-04:00,13.622645378112793,0.8307874202728271,-12.791857719421387
2026-08-04T04:52:21.316000-04:00,13.636441230773926,0.8609511256217957,-12.775489807128906
2026-08-04T04:52:21.320000-04:00,13.642053604125977,0.8745130896568298,-12.76754093170166
2026-08-04T04:52:21.324000-04:00,13.659239768981934,0.9111070036888123,-12.748132705688477
2026-08-04T04:52:21.328000-04:00,13.66859245300293,0.946765661239624,-12.721826553344727
2026-08-04T04:52:21.332000-04:00,13.683557510375977,0.9775139093399048,-12.706043243408203
2026-08-04T04:52:21.336000-04:00,13.68858528137207,1.0095481872558594,-12.679037094116211
2026-08-04T04:52:21.340000-04:00,13.706589698791504,1.0346845388412476,-12.671905517578125
2026-08-04T04:52:21.344000-04:00,13.724360466003418,1.078994870185852,-12.645365715026855
2026-08-04T04:52:21.348000-04:00,13.73032283782959,1.1095092296600342,-12.620813369750977
2026-08-04T04:52:21.352000-04:00,13.739091873168945,1.1542870998382568,-12.58480453491211
2026-08-04T04:52:21.356000-04:00,13.738740921020508,1.1715903282165527,-12.567150115966797
2026-08-04T04:52:21.360000-04:00,13.744820594787598,1.2018709182739258,-12.542949676513672
2026-08-04T04:52:21.364000-04:00,13.750665664672852,1.22162926197052,-12.529036521911621
2026-08-04T04:52:21.368000-04:00,13.749146461486816,1.224902868270874,-12.524243354797363
2026-08-04T04:52:21.372000-04:00,13.738507270812988,1.2259551286697388,-12.512552261352539
2026-08-04T04:52:21.376000-04:00,13.738039016723633,1.2225645780563354,-12.515474319458008
2026-08-04T04:52:21.380000-04:00,13.727049827575684,1.2230322360992432,-12.50401782989502
2026-08-04T04:52:21.384000-04:00,13.732894897460938,1.2176542282104492,-12.515240669250488
2026-08-04T04:52:21.388000-04:00,13.706707000732422,1.18655526638031,-12.52015209197998
2026-08-04T04:52:21.392000-04:00,13.70518684387207,1.1528841257095337,-12.552302360534668
2026-08-04T04:52:21.396000-04:00,13.673151969909668,1.1121982336044312,-12.560954093933105
2026-08-04T04:52:21.400000-04:00,13.66052532196045,1.0565474033355713,-12.603978157043457
2026-08-04T04:52:21.404000-04:00,13.649886131286621,1.012471079826355,-12.637414932250977
2026-08-04T04:52:21.408000-04:00,13.610603332519531,0.9436089992523193,-12.666994094848633
2026-08-04T04:52:21.412000-04:00,13.600198745727539,0.9016370177268982,-12.698561668395996
2026-08-04T04:52:21.416000-04:00,13.574126243591309,0.8338271975517273,-12.740299224853516
2026-08-04T04:52:21.420000-04:00,13.568047523498535,0.7993376851081848,-12.768710136413574
2026-08-04T04:52:21.424000-04:00,13.556706428527832,0.7536244988441467,-12.803081512451172
2026-08-04T04:52:21.428000-04:00,13.544079780578613,0.7295403480529785,-12.814538955688477
2026-08-04T04:52:21.432000-04:00,13.521281242370605,0.6897897124290466,-12.831491470336914
2026-08-04T04:52:21.436000-04:00,13.506550788879395,0.646648645401001,-12.859902381896973
2026-08-04T04:52:21.440000-04:00,13.49930191040039,0.6180048584938049,-12.88129711151123
2026-08-04T04:52:21.444000-04:00,13.499886512756348,0.592868447303772,-12.907017707824707
2026-08-04T04:52:21.448000-04:00,13.487142562866211,0.5787218809127808,-12.90842056274414
2026-08-04T04:52:21.452000-04:00,13.479543685913086,0.5632892847061157,-12.916254043579102
2026-08-04T04:52:21.456000-04:00,13.479076385498047,0.5472721457481384,-12.931804656982422
2026-08-04T04:52:21.460000-04:00,13.477438926696777,0.5427125096321106,-12.93472671508789
2026-08-04T04:52:21.464000-04:00,13.475685119628906,0.5381529331207275,-12.937532424926758
2026-08-04T04:52:21.468000-04:00,13.465630531311035,0.528799831867218,-12.936830520629883
2026-08-04T04:52:21.472000-04:00,13.458148002624512,0.5214342474937439,-12.936714172363281
2026-08-04T04:52:21.476000-04:00,13.463058471679688,0.507989227771759,-12.955069541931152
2026-08-04T04:52:21.480000-04:00,13.459200859069824,0.5067031979560852,-12.952497482299805
2026-08-04T04:52:21.484000-04:00,13.46656608581543,0.5203820466995239,-12.946184158325195
2026-08-04T04:52:21.488000-04:00,13.455342292785645,0.5181607007980347,-12.93718147277832
2026-08-04T04:52:21.492000-04:00,13.457329750061035,0.5113797187805176,-12.94594955444336
2026-08-04T04:52:21.496000-04:00,13.457680702209473,0.51605623960495,-12.941624641418457
2026-08-04T04:52:21.500000-04:00,13.453705787658691,0.5146532654762268,-12.93905258178711
2026-08-04T04:52:21.504000-04:00,13.459551811218262,0.5167577266693115,-12.942793846130371
2026-08-04T04:52:21.508000-04:00,13.460370063781738,0.5181607007980347,-12.942209243774414
2026-08-04T04:52:21.512000-04:00,13.453354835510254,0.5195636749267578,-12.933791160583496
2026-08-04T04:52:21.516000-04:00,13.46048641204834,0.5208497047424316,-12.93963623046875
2026-08-04T04:52:21.520000-04:00,13.455108642578125,0.5309042930603027,-12.924203872680664
2026-08-04T04:52:21.524000-04:00,13.464929580688477,0.5404911637306213,-12.9244384765625
2026-08-04T04:52:21.528000-04:00,13.461889266967773,0.5380359888076782,-12.923852920532227
2026-08-04T04:52:21.532000-04:00,13.462006568908691,0.542011022567749,-12.919995307922363
2026-08-04T04:52:21.536000-04:00,13.463876724243164,0.5482074618339539,-12.915669441223145
2026-08-04T04:52:21.540000-04:00,13.469956398010254,0.5540531277656555,-12.915903091430664
2026-08-04T04:52:21.544000-04:00,13.474165916442871,0.5553392171859741,-12.918827056884766
2026-08-04T04:52:21.548000-04:00,13.475217819213867,0.5514810681343079,-12.923736572265625
2026-08-04T04:52:21.552000-04:00,13.474165916442871,0.5540531277656555,-12.920112609863281
2026-08-04T04:52:21.556000-04:00,13.482349395751953,0.5609510540962219,-12.921398162841797
2026-08-04T04:52:21.560000-04:00,13.480361938476562,0.564458429813385,-12.915903091430664
2026-08-04T04:52:21.564000-04:00,13.480712890625,0.5598987936973572,-12.920814514160156
2026-08-04T04:52:21.568000-04:00,13.480829238891602,0.5639907717704773,-12.916838645935059
2026-08-04T04:52:21.572000-04:00,13.482583045959473,0.57474684715271,-12.907835960388184
2026-08-04T04:52:21.576000-04:00,13.479310035705566,0.5853859782218933,-12.89392375946045
2026-08-04T04:52:21.580000-04:00,13.48878002166748,0.597194254398346,-12.891585350036621
2026-08-04T04:52:21.584000-04:00,13.486207962036133,0.5984802842140198,-12.887727737426758
2026-08-04T04:52:21.588000-04:00,13.489831924438477,0.5904132723808289,-12.899418830871582
2026-08-04T04:52:21.592000-04:00,13.487493515014648,0.5881918668746948,-12.899301528930664
2026-08-04T04:52:21.596000-04:00,13.487961769104004,0.5874903798103333,-12.900471687316895
2026-08-04T04:52:21.600000-04:00,13.481882095336914,0.5773189067840576,-12.904562950134277
2026-08-04T04:52:21.604000-04:00,13.489364624023438,0.57474684715271,-12.914617538452148
2026-08-04T04:52:21.608000-04:00,13.49100112915039,0.5960251092910767,-12.894975662231445
2026-08-04T04:52:21.612000-04:00,13.480128288269043,0.5929853320121765,-12.8871431350708
2026-08-04T04:52:21.616000-04:00,13.481297492980957,0.5762667059898376,-12.905031204223633
2026-08-04T04:52:21.620000-04:00,13.481648445129395,0.5791895389556885,-12.902459144592285
2026-08-04T04:52:21.624000-04:00,13.486675262451172,0.5800079703330994,-12.906667709350586
2026-08-04T04:52:21.628000-04:00,13.479660034179688,0.5598987936973572,-12.919761657714844
2026-08-04T04:52:21.632000-04:00,13.475451469421387,0.5608341097831726,-12.914617538452148
2026-08-04T04:52:21.636000-04:00,13.473346710205078,0.5473890900611877,-12.925957679748535
2026-08-04T04:52:21.640000-04:00,13.482115745544434,0.5546377301216125,-12.927477836608887
2026-08-04T04:52:21.644000-04:00,13.483869552612305,0.5525332689285278,-12.931336402893066
2026-08-04T04:52:21.648000-04:00,13.476737976074219,0.5493766069412231,-12.927361488342285
2026-08-04T04:52:21.652000-04:00,13.476971626281738,0.5508964657783508,-12.926074981689453
2026-08-04T04:52:21.656000-04:00,13.483752250671387,0.5570929050445557,-12.92665958404541
2026-08-04T04:52:21.660000-04:00,13.50538158416748,0.5862043499946594,-12.919177055358887
2026-08-04T04:52:21.664000-04:00,13.502341270446777,0.6134452223777771,-12.888895988464355
2026-08-04T04:52:21.668000-04:00,13.491936683654785,0.6019876599311829,-12.889948844909668
2026-08-04T04:52:21.672000-04:00,13.490299224853516,0.6210445761680603,-12.869255065917969
2026-08-04T04:52:21.676000-04:00,13.494508743286133,0.6194077730178833,-12.875101089477539
2026-08-04T04:52:21.680000-04:00,13.521749496459961,0.6362433433532715,-12.885505676269531
2026-08-04T04:52:21.684000-04:00,13.526191711425781,0.6584569215774536,-12.867734909057617
2026-08-04T04:52:21.688000-04:00,13.502107620239258,0.7109510898590088,-12.791156768798828
2026-08-04T04:52:21.692000-04:00,13.470541000366211,0.713172435760498,-12.757368087768555
2026-08-04T04:52:21.696000-04:00,13.4683198928833,0.722876250743866,-12.745443344116211
2026-08-04T04:52:21.700000-04:00,13.481297492980957,0.7132893204689026,-12.7680082321167
2026-08-04T04:52:21.704000-04:00,13.470891952514648,0.7162122130393982,-12.754679679870605
2026-08-04T04:52:21.708000-04:00,13.487961769104004,0.7279035449028015,-12.760058403015137
2026-08-04T04:52:21.712000-04:00,13.48316764831543,0.7269682288169861,-12.756199836730957
2026-08-04T04:52:21.716000-04:00,13.496378898620605,0.7060407400131226,-12.790338516235352
2026-08-04T04:52:21.720000-04:00,13.505966186523438,0.6858146786689758,-12.820151329040527
2026-08-04T04:52:21.724000-04:00,13.487377166748047,0.6282932162284851,-12.859084129333496
2026-08-04T04:52:21.728000-04:00,13.483518600463867,0.6234997510910034,-12.860018730163574
2026-08-04T04:52:21.732000-04:00,13.475919723510742,0.6240843534469604,-12.851835250854492
2026-08-04T04:52:21.736000-04:00,13.465163230895996,0.600701630115509,-12.864461898803711
2026-08-04T04:52:21.740000-04:00,13.474984169006348,0.5801248550415039,-12.894859313964844
2026-08-04T04:52:21.744000-04:00,13.461539268493652,0.545284628868103,-12.916254997253418
2026-08-04T04:52:21.748000-04:00,13.453003883361816,0.5338271260261536,-12.919177055358887
2026-08-04T04:52:21.752000-04:00,13.446690559387207,0.507989227771759,-12.938701629638672
2026-08-04T04:52:21.756000-04:00,13.447041511535645,0.4950118064880371,-12.952030181884766
2026-08-04T04:52:21.760000-04:00,13.446574211120605,0.49840229749679565,-12.948171615600586
2026-08-04T04:52:21.764000-04:00,13.449262619018555,0.4889323115348816,-12.96033000946045
2026-08-04T04:52:21.768000-04:00,13.446690559387207,0.4857756495475769,-12.960914611816406
2026-08-04T04:52:21.772000-04:00,13.43979263305664,0.4732659161090851,-12.966526985168457
2026-08-04T04:52:21.776000-04:00,13.437688827514648,0.4801638126373291,-12.957525253295898
2026-08-04T04:52:21.780000-04:00,13.440728187561035,0.47712406516075134,-12.963603973388672
2026-08-04T04:52:21.784000-04:00,13.43979263305664,0.47595492005348206,-12.963837623596191
2026-08-04T04:52:21.788000-04:00,13.434298515319824,0.47794243693351746,-12.956356048583984
2026-08-04T04:52:21.792000-04:00,13.444352149963379,0.48636022210121155,-12.957991600036621
2026-08-04T04:52:21.796000-04:00,13.437104225158691,0.4922058880329132,-12.94489860534668
2026-08-04T04:52:21.800000-04:00,13.43359661102295,0.48881539702415466,-12.944781303405762
2026-08-04T04:52:21.804000-04:00,13.430439949035645,0.4926735460758209,-12.937766075134277
2026-08-04T04:52:21.808000-04:00,13.426114082336426,0.5051832795143127,-12.920930862426758
2026-08-04T04:52:21.812000-04:00,13.405420303344727,0.5349962115287781,-12.870424270629883
2026-08-04T04:52:21.816000-04:00,13.390806198120117,0.5732269883155823,-12.81757926940918
2026-08-04T04:52:21.820000-04:00,13.420502662658691,0.58094322681427,-12.839559555053711
2026-08-04T04:52:21.824000-04:00,13.492521286010742,0.6000001430511475,-12.892520904541016
2026-08-04T04:52:21.828000-04:00,13.647080421447754,0.7896338701248169,-12.857446670532227
2026-08-04T04:52:21.832000-04:00,13.77323055267334,1.0079114437103271,-12.765318870544434
2026-08-04T04:52:21.836000-04:00,13.801289558410645,1.5609123706817627,-12.240377426147461
2026-08-04T04:52:21.840000-04:00,13.773931503295898,2.1023387908935547,-11.671592712402344
2026-08-04T04:52:21.844000-04:00,13.705887794494629,2.8715128898620605,-10.834375381469727
2026-08-04T04:52:21.848000-04:00,13.655147552490234,3.0503904819488525,-10.604757308959961
2026-08-04T04:52:21.852000-04:00,13.60639476776123,2.911029577255249,-10.695364952087402
2026-08-04T04:52:21.856000-04:00,13.554952621459961,2.5730326175689697,-10.98192024230957
2026-08-04T04:52:21.860000-04:00,13.521515846252441,1.766680121421814,-11.754836082458496
2026-08-04T04:52:21.864000-04:00,13.469722747802734,1.1961421966552734,-12.273580551147461
2026-08-04T04:52:21.868000-04:00,13.494040489196777,0.9554172158241272,-12.538622856140137
2026-08-04T04:52:21.872000-04:00,13.558460235595703,0.8051833510398865,-12.753276824951172
2026-08-04T04:52:21.876000-04:00,13.588857650756836,0.7754873633384705,-12.813370704650879
2026-08-04T04:52:21.880000-04:00,13.5678129196167,0.7628606557846069,-12.804952621459961
2026-08-04T04:52:21.884000-04:00,13.518359184265137,0.7390103340148926,-12.779348373413086
2026-08-04T04:52:21.888000-04:00,13.524788856506348,0.7066252827644348,-12.818163871765137
2026-08-04T04:52:21.892000-04:00,13.523619651794434,0.6947001218795776,-12.828919410705566
2026-08-04T04:52:21.896000-04:00,13.512980461120605,0.6696805953979492,-12.843299865722656
2026-08-04T04:52:21.900000-04:00,13.517890930175781,0.6607951521873474,-12.857095718383789
2026-08-04T04:52:21.904000-04:00,13.507953643798828,0.6517928242683411,-12.856161117553711
2026-08-04T04:52:21.908000-04:00,13.507251739501953,0.643959641456604,-12.86329174041748
2026-08-04T04:52:21.912000-04:00,13.508304595947266,0.6471163034439087,-12.861187934875488
2026-08-04T04:52:21.916000-04:00,13.517072677612305,0.6551833152770996,-12.861888885498047
2026-08-04T04:52:21.920000-04:00,13.513916015625,0.659392237663269,-12.854523658752441
2026-08-04T04:52:21.924000-04:00,13.517890930175781,0.6611459255218506,-12.856744766235352
2026-08-04T04:52:21.928000-04:00,13.517890930175781,0.6632503867149353,-12.85464096069336
2026-08-04T04:52:21.932000-04:00,13.519644737243652,0.664185643196106,-12.855459213256836
2026-08-04T04:52:21.936000-04:00,13.535194396972656,0.680202841758728,-12.854991912841797
2026-08-04T04:52:21.940000-04:00,13.533206939697266,0.6913096308708191,-12.841897010803223
2026-08-04T04:52:21.944000-04:00,13.540338516235352,0.7039362788200378,-12.83640193939209
2026-08-04T04:52:21.948000-04:00,13.536480903625488,0.7127047777175903,-12.823776245117188
2026-08-04T04:52:21.952000-04:00,13.544313430786133,0.7274358868598938,-12.816877365112305
2026-08-04T04:52:21.956000-04:00,13.54080581665039,0.724513053894043,-12.816292762756348
2026-08-04T04:52:21.960000-04:00,13.54653549194336,0.7391272187232971,-12.807408332824707
2026-08-04T04:52:21.964000-04:00,13.559980392456055,0.7578334212303162,-12.802146911621094
2026-08-04T04:52:21.968000-04:00,13.557875633239746,0.7629776000976562,-12.79489803314209
2026-08-04T04:52:21.972000-04:00,13.556589126586914,0.7844896912574768,-12.772099494934082
2026-08-04T04:52:21.976000-04:00,13.572840690612793,0.807521641254425,-12.765318870544434
2026-08-04T04:52:21.980000-04:00,13.580205917358398,0.8169916272163391,-12.763214111328125
2026-08-04T04:52:21.984000-04:00,13.580556869506836,0.8233049511909485,-12.757251739501953
2026-08-04T04:52:21.988000-04:00,13.592131614685059,0.8333595395088196,-12.758771896362305
2026-08-04T04:52:21.992000-04:00,13.59587287902832,0.8383868336677551,-12.757486343383789
2026-08-04T04:52:21.996000-04:00,13.599730491638184,0.8616526126861572,-12.738078117370605
2026-08-04T04:52:22-04:00,13.615280151367188,0.895089864730835,-12.720190048217773
2026-08-04T04:52:22.004000-04:00,13.626270294189453,0.9215123057365417,-12.704757690429688
2026-08-04T04:52:22.008000-04:00,13.64345645904541,0.9584569931030273,-12.684999465942383
2026-08-04T04:52:22.012000-04:00,13.647197723388672,0.974591076374054,-12.672606468200684
2026-08-04T04:52:22.016000-04:00,13.654329299926758,1.0102496147155762,-12.644079208374023
2026-08-04T04:52:22.020000-04:00,13.67221736907959,1.041582465171814,-12.630635261535645
2026-08-04T04:52:22.024000-04:00,13.688467979431152,1.0854250192642212,-12.603042602539062
2026-08-04T04:52:22.028000-04:00,13.706356048583984,1.1160564422607422,-12.590299606323242
2026-08-04T04:52:22.032000-04:00,13.71395492553711,1.1406081914901733,-12.573347091674805
2026-08-04T04:52:22.036000-04:00,13.720619201660156,1.1696027517318726,-12.551016807556152
2026-08-04T04:52:22.040000-04:00,13.733596801757812,1.2017539739608765,-12.531843185424805
2026-08-04T04:52:22.044000-04:00,13.74061107635498,1.2466487884521484,-12.493962287902832
2026-08-04T04:52:22.048000-04:00,13.742598533630371,1.2805536985397339,-12.462044715881348
2026-08-04T04:52:22.052000-04:00,13.748678207397461,1.2955186367034912,-12.45315933227539
2026-08-04T04:52:22.056000-04:00,13.750665664672852,1.3207719326019287,-12.429893493652344
2026-08-04T04:52:22.060000-04:00,13.755809783935547,1.335736870765686,-12.420072555541992
2026-08-04T04:52:22.064000-04:00,13.75662899017334,1.342284083366394,-12.414344787597656
2026-08-04T04:52:22.068000-04:00,13.751484870910645,1.3540923595428467,-12.397392272949219
2026-08-04T04:52:22.072000-04:00,13.73616886138916,1.3452068567276,-12.390961647033691
2026-08-04T04:52:22.076000-04:00,13.732427597045898,1.3421671390533447,-12.390260696411133
2026-08-04T04:52:22.080000-04:00,13.725412368774414,1.3269684314727783,-12.398444175720215
2026-08-04T04:52:22.084000-04:00,13.717696189880371,1.3061578273773193,-12.411538124084473
2026-08-04T04:52:22.088000-04:00,13.692442893981934,1.2500393390655518,-12.442403793334961
2026-08-04T04:52:22.092000-04:00,13.680869102478027,1.1864383220672607,-12.494430541992188
2026-08-04T04:52:22.096000-04:00,13.66029167175293,1.1539363861083984,-12.506355285644531
2026-08-04T04:52:22.100000-04:00,13.628374099731445,1.0913876295089722,-12.536986351013184
2026-08-04T04:52:22.104000-04:00,13.614812850952148,1.0550276041030884,-12.559784889221191
2026-08-04T04:52:22.108000-04:00,13.582895278930664,0.9896728992462158,-12.593222618103027
2026-08-04T04:52:22.112000-04:00,13.572373390197754,0.9498053789138794,-12.622568130493164
2026-08-04T04:52:22.116000-04:00,13.561149597167969,0.8931023478507996,-12.668046951293945
2026-08-04T04:52:22.120000-04:00,13.547353744506836,0.8556900024414062,-12.69166374206543
2026-08-04T04:52:22.124000-04:00,13.539169311523438,0.813484251499176,-12.725685119628906
2026-08-04T04:52:22.128000-04:00,13.512630462646484,0.7648482322692871,-12.747781753540039
2026-08-04T04:52:22.132000-04:00,13.514617919921875,0.7500001788139343,-12.764617919921875
2026-08-04T04:52:22.136000-04:00,13.49509334564209,0.7238115668296814,-12.771282196044922
2026-08-04T04:52:22.140000-04:00,13.499184608459473,0.6936478614807129,-12.805536270141602
2026-08-04T04:52:22.144000-04:00,13.489130020141602,0.6853470206260681,-12.803783416748047
2026-08-04T04:52:22.148000-04:00,13.488896369934082,0.6628996133804321,-12.825996398925781
2026-08-04T04:52:22.152000-04:00,13.477672576904297,0.6533127427101135,-12.824359893798828
2026-08-04T04:52:22.156000-04:00,13.482466697692871,0.6398676633834839,-12.842598915100098
2026-08-04T04:52:22.160000-04:00,13.476971626281738,0.6358926296234131,-12.841078758239746
2026-08-04T04:52:22.164000-04:00,13.475568771362305,0.6286439895629883,-12.846924781799316
2026-08-04T04:52:22.168000-04:00,13.474984169006348,0.6195247173309326,-12.855459213256836
2026-08-04T04:52:22.172000-04:00,13.475335121154785,0.6227982640266418,-12.852537155151367
2026-08-04T04:52:22.176000-04:00,13.476387023925781,0.6223306059837341,-12.854056358337402
2026-08-04T04:52:22.180000-04:00,13.469021797180176,0.6307483911514282,-12.838273048400879
2026-08-04T04:52:22.184000-04:00,13.464461326599121,0.6302807331085205,-12.83418083190918
2026-08-04T04:52:22.188000-04:00,13.46855354309082,0.6419721245765686,-12.826581001281738
2026-08-04T04:52:22.192000-04:00,13.464111328125,0.6399845480918884,-12.824127197265625
2026-08-04T04:52:22.196000-04:00,13.465045928955078,0.6354249715805054,-12.829621315002441
2026-08-04T04:52:22.200000-04:00,13.471242904663086,0.6354249715805054,-12.83581829071045
2026-08-04T04:52:22.204000-04:00,13.470891952514648,0.6173033714294434,-12.853588104248047
2026-08-04T04:52:22.208000-04:00,13.473581314086914,0.6360095143318176,-12.83757209777832
2026-08-04T04:52:22.212000-04:00,13.464578628540039,0.6395169496536255,-12.825061798095703
2026-08-04T04:52:22.216000-04:00,13.471827507019043,0.6523774266242981,-12.819450378417969
2026-08-04T04:52:22.220000-04:00,13.475335121154785,0.6498053073883057,-12.825530052185059
2026-08-04T04:52:22.224000-04:00,13.476737976074219,0.6563524603843689,-12.820385932922363
2026-08-04T04:52:22.228000-04:00,13.473230361938477,0.6644194722175598,-12.80881118774414
2026-08-04T04:52:22.232000-04:00,13.477789878845215,0.6702651977539062,-12.807524681091309
2026-08-04T04:52:22.236000-04:00,13.477789878845215,0.6714342832565308,-12.806355476379395
2026-08-04T04:52:22.240000-04:00,13.487259864807129,0.6682776212692261,-12.818982124328613
2026-08-04T04:52:22.244000-04:00,13.48293399810791,0.66640704870224,-12.816527366638184
2026-08-04T04:52:22.248000-04:00,13.482583045959473,0.6729542016983032,-12.8096284866333
2026-08-04T04:52:22.252000-04:00,13.48293399810791,0.6693298816680908,-12.813604354858398
2026-08-04T04:52:22.256000-04:00,13.494976043701172,0.6773968935012817,-12.81757926940918
2026-08-04T04:52:22.260000-04:00,13.496847152709961,0.679618239402771,-12.817229270935059
2026-08-04T04:52:22.264000-04:00,13.496378898620605,0.6833595037460327,-12.813019752502441
2026-08-04T04:52:22.268000-04:00,13.492053031921387,0.6889713406562805,-12.803081512451172
2026-08-04T04:52:22.272000-04:00,13.494040489196777,0.6792675256729126,-12.814772605895996
2026-08-04T04:52:22.276000-04:00,13.487493515014648,0.677513837814331,-12.809979438781738
2026-08-04T04:52:22.280000-04:00,13.502575874328613,0.6928294897079468,-12.809746742248535
2026-08-04T04:52:22.284000-04:00,13.494157791137695,0.6947001218795776,-12.799457550048828
2026-08-04T04:52:22.288000-04:00,13.498132705688477,0.6906081438064575,-12.807524681091309
2026-08-04T04:52:22.292000-04:00,13.48878002166748,0.6716681122779846,-12.81711196899414
2026-08-04T04:52:22.296000-04:00,13.486908912658691,0.664770245552063,-12.822138786315918
2026-08-04T04:52:22.300000-04:00,13.496963500976562,0.659392237663269,-12.837571144104004
2026-08-04T04:52:22.304000-04:00,13.5014066696167,0.6697975397109985,-12.831608772277832
2026-08-04T04:52:22.308000-04:00,13.494742393493652,0.6715512275695801,-12.823190689086914
2026-08-04T04:52:22.312000-04:00,13.491703033447266,0.6721357703208923,-12.819567680358887
2026-08-04T04:52:22.316000-04:00,13.494157791137695,0.6862823367118835,-12.807875633239746
2026-08-04T04:52:22.320000-04:00,13.495444297790527,0.6804366707801819,-12.815007209777832
2026-08-04T04:52:22.324000-04:00,13.490883827209473,0.6685114502906799,-12.822372436523438
2026-08-04T04:52:22.328000-04:00,13.484220504760742,0.6538972854614258,-12.830323219299316
2026-08-04T04:52:22.332000-04:00,13.485739707946777,0.6568201184272766,-12.828919410705566
2026-08-04T04:52:22.336000-04:00,13.481531143188477,0.6597429513931274,-12.82178783416748
2026-08-04T04:52:22.340000-04:00,13.480361938476562,0.6603275537490845,-12.82003402709961
2026-08-04T04:52:22.344000-04:00,13.488195419311523,0.6484023332595825,-12.83979320526123
2026-08-04T04:52:22.348000-04:00,13.489598274230957,0.6424397826194763,-12.847158432006836
2026-08-04T04:52:22.352000-04:00,13.486908912658691,0.6397507190704346,-12.847158432006836
2026-08-04T04:52:22.356000-04:00,13.487142562866211,0.6330866813659668,-12.854055404663086
2026-08-04T04:52:22.360000-04:00,13.479894638061523,0.6417382955551147,-12.838156700134277
2026-08-04T04:52:22.364000-04:00,13.490182876586914,0.6453626155853271,-12.844820022583008
2026-08-04T04:52:22.368000-04:00,13.483985900878906,0.6328528523445129,-12.851133346557617
2026-08-04T04:52:22.372000-04:00,13.484220504760742,0.6238505244255066,-12.860369682312012
2026-08-04T04:52:22.376000-04:00,13.48316764831543,0.6123929619789124,-12.870774269104004
2026-08-04T04:52:22.380000-04:00,13.482466697692871,0.624201238155365,-12.85826587677002
2026-08-04T04:52:22.384000-04:00,13.473113059997559,0.619875431060791,-12.85323715209961
2026-08-04T04:52:22.388000-04:00,13.477672576904297,0.6281763315200806,-12.849495887756348
2026-08-04T04:52:22.392000-04:00,13.48047924041748,0.625838041305542,-12.85464096069336
2026-08-04T04:52:22.396000-04:00,13.4848051071167,0.6197585463523865,-12.865046501159668
2026-08-04T04:52:22.400000-04:00,13.478374481201172,0.6143805384635925,-12.863993644714355
2026-08-04T04:52:22.404000-04:00,13.485272407531738,0.6092362999916077,-12.876035690307617
2026-08-04T04:52:22.408000-04:00,13.477438926696777,0.6085348129272461,-12.868904113769531
2026-08-04T04:52:22.412000-04:00,13.48316764831543,0.6132113933563232,-12.869956016540527
2026-08-04T04:52:22.416000-04:00,13.477205276489258,0.623149037361145,-12.854056358337402
2026-08-04T04:52:22.420000-04:00,13.483635902404785,0.6354249715805054,-12.848211288452148
2026-08-04T04:52:22.424000-04:00,13.481063842773438,0.6163680553436279,-12.86469554901123
2026-08-04T04:52:22.428000-04:00,13.478959083557129,0.6205769181251526,-12.858382225036621
2026-08-04T04:52:22.432000-04:00,13.479543685913086,0.6218630075454712,-12.857680320739746
2026-08-04T04:52:22.436000-04:00,13.476971626281738,0.6209276914596558,-12.856043815612793
2026-08-04T04:52:22.440000-04:00,13.48293399810791,0.620460033416748,-12.86247444152832
2026-08-04T04:52:22.444000-04:00,13.472879409790039,0.6108731031417847,-12.862006187438965
2026-08-04T04:52:22.448000-04:00,13.480595588684082,0.6150820255279541,-12.865513801574707
2026-08-04T04:52:22.452000-04:00,13.46656608581543,0.6164849400520325,-12.850081443786621
2026-08-04T04:52:22.456000-04:00,13.467150688171387,0.6177710294723511,-12.849379539489746
2026-08-04T04:52:22.460000-04:00,13.48270034790039,0.6154327392578125,-12.867267608642578
2026-08-04T04:52:22.464000-04:00,13.471009254455566,0.6100547313690186,-12.860954284667969
2026-08-04T04:52:22.468000-04:00,13.471125602722168,0.6164849400520325,-12.85464096069336
2026-08-04T04:52:22.472000-04:00,13.473697662353516,0.6137959361076355,-12.859901428222656
2026-08-04T04:52:22.476000-04:00,13.471943855285645,0.6150820255279541,-12.85686206817627
2026-08-04T04:52:22.480000-04:00,13.471125602722168,0.6185894012451172,-12.85253620147705
2026-08-04T04:52:22.484000-04:00,13.473113059997559,0.6190570592880249,-12.854056358337402
2026-08-04T04:52:22.488000-04:00,13.476036071777344,0.6029229760169983,-12.873112678527832
2026-08-04T04:52:22.492000-04:00,13.474515914916992,0.6105223894119263,-12.863993644714355
2026-08-04T04:52:22.496000-04:00,13.469956398010254,0.6099377870559692,-12.860018730163574
2026-08-04T04:52:22.500000-04:00,13.472879409790039,0.6123929619789124,-12.860486030578613
2026-08-04T04:52:22.504000-04:00,13.46656608581543,0.6141467094421387,-12.852418899536133
2026-08-04T04:52:22.508000-04:00,13.475919723510742,0.6111069321632385,-12.864812850952148
2026-08-04T04:52:22.512000-04:00,13.471009254455566,0.6016369462013245,-12.869372367858887
2026-08-04T04:52:22.516000-04:00,13.475802421569824,0.5963758230209351,-12.879426956176758
2026-08-04T04:52:22.520000-04:00,13.47486686706543,0.5976619124412537,-12.877204895019531
2026-08-04T04:52:22.524000-04:00,13.477438926696777,0.6037414073944092,-12.873697280883789
2026-08-04T04:52:22.528000-04:00,13.497899055480957,0.6211615204811096,-12.876737594604492
2026-08-04T04:52:22.532000-04:00,13.498366355895996,0.6542479991912842,-12.844118118286133
2026-08-04T04:52:22.536000-04:00,13.481882095336914,0.6704990267753601,-12.811383247375488
2026-08-04T04:52:22.540000-04:00,13.484570503234863,0.6759939193725586,-12.808576583862305
2026-08-04T04:52:22.544000-04:00,13.486908912658691,0.6890882253646851,-12.797821044921875
2026-08-04T04:52:22.548000-04:00,13.504212379455566,0.6809043288230896,-12.823307991027832
2026-08-04T04:52:22.552000-04:00,13.514033317565918,0.7042869925498962,-12.809746742248535
2026-08-04T04:52:22.556000-04:00,13.512746810913086,0.7460251450538635,-12.766721725463867
2026-08-04T04:52:22.560000-04:00,13.478959083557129,0.7611069679260254,-12.717851638793945
2026-08-04T04:52:22.564000-04:00,13.47486686706543,0.7827360033988953,-12.692131042480469
2026-08-04T04:52:22.568000-04:00,13.480128288269043,0.7487141489982605,-12.731413841247559
2026-08-04T04:52:22.572000-04:00,13.482466697692871,0.746960461139679,-12.735506057739258
2026-08-04T04:52:22.576000-04:00,13.474048614501953,0.7470773458480835,-12.726971626281738
2026-08-04T04:52:22.580000-04:00,13.491703033447266,0.7503509521484375,-12.741352081298828
2026-08-04T04:52:22.584000-04:00,13.493924140930176,0.7397118210792542,-12.754212379455566
2026-08-04T04:52:22.588000-04:00,13.504329681396484,0.7199534177780151,-12.78437614440918
2026-08-04T04:52:22.592000-04:00,13.488195419311523,0.6699144244194031,-12.818281173706055
2026-08-04T04:52:22.596000-04:00,13.479660034179688,0.6555340886116028,-12.824126243591309
2026-08-04T04:52:22.600000-04:00,13.474984169006348,0.6395169496536255,-12.835467338562012
2026-08-04T04:52:22.604000-04:00,13.484570503234863,0.6340219974517822,-12.85054874420166
2026-08-04T04:52:22.608000-04:00,13.467267990112305,0.5984802842140198,-12.86878776550293
2026-08-04T04:52:22.612000-04:00,13.457563400268555,0.5849183201789856,-12.872645378112793
2026-08-04T04:52:22.616000-04:00,13.45241928100586,0.5832815170288086,-12.86913776397705
2026-08-04T04:52:22.620000-04:00,13.452770233154297,0.5767343640327454,-12.876035690307617
2026-08-04T04:52:22.624000-04:00,13.455459594726562,0.566095232963562,-12.889364242553711
2026-08-04T04:52:22.628000-04:00,13.456862449645996,0.5772020220756531,-12.879660606384277
2026-08-04T04:52:22.632000-04:00,13.457213401794434,0.563406229019165,-12.893807411193848
2026-08-04T04:52:22.636000-04:00,13.453354835510254,0.5491427779197693,-12.90421199798584
2026-08-04T04:52:22.640000-04:00,13.455342292785645,0.5526501536369324,-12.902691841125488
2026-08-04T04:52:22.644000-04:00,13.457680702209473,0.5499611496925354,-12.907719612121582
2026-08-04T04:52:22.648000-04:00,13.44809341430664,0.5387374758720398,-12.909356117248535
2026-08-04T04:52:22.652000-04:00,13.451484680175781,0.540958821773529,-12.910526275634766
2026-08-04T04:52:22.656000-04:00,13.451484680175781,0.5416603088378906,-12.90982437133789
2026-08-04T04:52:22.660000-04:00,13.44587230682373,0.5525332689285278,-12.893339157104492
2026-08-04T04:52:22.664000-04:00,13.450315475463867,0.5381529331207275,-12.912162780761719
2026-08-04T04:52:22.668000-04:00,13.443300247192383,0.5363991856575012,-12.906901359558105
2026-08-04T04:52:22.672000-04:00,13.428919792175293,0.5435309410095215,-12.88538932800293
2026-08-04T04:52:22.676000-04:00,13.416176795959473,0.5575605630874634,-12.85861587524414
2026-08-04T04:52:22.680000-04:00,13.408576965332031,0.5960251092910767,-12.812551498413086
2026-08-04T04:52:22.684000-04:00,13.424126625061035,0.6100547313690186,-12.814071655273438
2026-08-04T04:52:22.688000-04:00,13.477789878845215,0.5921669602394104,-12.88562297821045
2026-08-04T04:52:22.692000-04:00,13.596573829650879,0.7381919026374817,-12.858382225036621
2026-08-04T04:52:22.696000-04:00,13.725296020507812,0.9274749159812927,-12.797821044921875
2026-08-04T04:52:22.700000-04:00,13.856239318847656,1.388698697090149,-12.467540740966797
2026-08-04T04:52:22.704000-04:00,13.790650367736816,1.903001308441162,-11.887649536132812
2026-08-04T04:52:22.708000-04:00,13.76492977142334,2.710172176361084,-11.054758071899414
2026-08-04T04:52:22.712000-04:00,13.671164512634277,3.051793336868286,-10.61937141418457
2026-08-04T04:52:22.716000-04:00,13.62930965423584,2.926462173461914,-10.702847480773926
2026-08-04T04:52:22.720000-04:00,13.6039400100708,2.6706554889678955,-10.933284759521484
2026-08-04T04:52:22.724000-04:00,13.524555206298828,1.9730324745178223,-11.551523208618164
2026-08-04T04:52:22.728000-04:00,13.449146270751953,1.318784475326538,-12.130361557006836
2026-08-04T04:52:22.732000-04:00,13.420034408569336,1.0497664213180542,-12.370267868041992
2026-08-04T04:52:22.736000-04:00,13.51777458190918,0.8339440822601318,-12.683830261230469
2026-08-04T04:52:22.740000-04:00,13.566527366638184,0.7992208003997803,-12.767306327819824
2026-08-04T04:52:22.744000-04:00,13.58979320526123,0.753156840801239,-12.836636543273926
2026-08-04T04:52:22.748000-04:00,13.547821044921875,0.7421669960021973,-12.805654525756836
2026-08-04T04:52:22.752000-04:00,13.526659965515137,0.7252145409584045,-12.801445007324219
2026-08-04T04:52:22.756000-04:00,13.527127265930176,0.6894389986991882,-12.837688446044922
2026-08-04T04:52:22.760000-04:00,13.51952838897705,0.6721357703208923,-12.847393035888672
2026-08-04T04:52:22.764000-04:00,13.526542663574219,0.6467655301094055,-12.879776954650879
2026-08-04T04:52:22.768000-04:00,13.515318870544434,0.636360228061676,-12.878958702087402
2026-08-04T04:52:22.772000-04:00,13.515552520751953,0.6310991644859314,-12.884453773498535
2026-08-04T04:52:22.776000-04:00,13.513916015625,0.6376463174819946,-12.876269340515137
2026-08-04T04:52:22.780000-04:00,13.522334098815918,0.6500391364097595,-12.872295379638672
2026-08-04T04:52:22.784000-04:00,13.516839027404785,0.6459471583366394,-12.870891571044922
2026-08-04T04:52:22.788000-04:00,13.527010917663574,0.6666408777236938,-12.860369682312012
2026-08-04T04:52:22.792000-04:00,13.52443790435791,0.6729542016983032,-12.851483345031738
2026-08-04T04:52:22.796000-04:00,13.528998374938965,0.6721357703208923,-12.856863021850586
2026-08-04T04:52:22.800000-04:00,13.531335830688477,0.6722527146339417,-12.85908317565918
2026-08-04T04:52:22.804000-04:00,13.538818359375,0.6679269075393677,-12.870891571044922
2026-08-04T04:52:22.808000-04:00,13.54244327545166,0.6768123507499695,-12.865631103515625
2026-08-04T04:52:22.812000-04:00,13.536246299743652,0.6918941736221313,-12.844351768493652
2026-08-04T04:52:22.816000-04:00,13.540338516235352,0.7026501893997192,-12.837688446044922
2026-08-04T04:52:22.820000-04:00,13.550159454345703,0.7155107259750366,-12.834649085998535
2026-08-04T04:52:22.824000-04:00,13.558577537536621,0.7310602068901062,-12.82751750946045
2026-08-04T04:52:22.828000-04:00,13.557291030883789,0.7301248908042908,-12.827166557312012
2026-08-04T04:52:22.832000-04:00,13.558460235595703,0.7348014116287231,-12.82365894317627
2026-08-04T04:52:22.836000-04:00,13.566761016845703,0.7512862682342529,-12.815474510192871
2026-08-04T04:52:22.840000-04:00,13.570151329040527,0.7579503059387207,-12.812200546264648
2026-08-04T04:52:22.844000-04:00,13.572957038879395,0.7848404049873352,-12.788116455078125
2026-08-04T04:52:22.848000-04:00,13.576464653015137,0.7973501682281494,-12.779114723205566
2026-08-04T04:52:22.852000-04:00,13.58195972442627,0.8143026232719421,-12.767657279968262
2026-08-04T04:52:22.856000-04:00,13.592949867248535,0.836399257183075,-12.756550788879395
2026-08-04T04:52:22.860000-04:00,13.60861587524414,0.8519487977027893,-12.756667137145996
2026-08-04T04:52:22.864000-04:00,13.614344596862793,0.8720579147338867,-12.742286682128906
2026-08-04T04:52:22.868000-04:00,13.620307922363281,0.8828139305114746,-12.737493515014648
2026-08-04T04:52:22.872000-04:00,13.626270294189453,0.9125099778175354,-12.713760375976562
2026-08-04T04:52:22.876000-04:00,13.633986473083496,0.9247859120368958,-12.709200859069824
2026-08-04T04:52:22.880000-04:00,13.6454439163208,0.9646534323692322,-12.680790901184082
2026-08-04T04:52:22.884000-04:00,13.652575492858887,0.9784492254257202,-12.674126625061035
2026-08-04T04:52:22.888000-04:00,13.67221736907959,1.0138739347457886,-12.658343315124512
2026-08-04T04:52:22.892000-04:00,13.673502922058105,1.03620445728302,-12.637298583984375
2026-08-04T04:52:22.896000-04:00,13.68881893157959,1.0738506317138672,-12.614968299865723
2026-08-04T04:52:22.900000-04:00,13.706122398376465,1.12061607837677,-12.585506439208984
2026-08-04T04:52:22.904000-04:00,13.71348762512207,1.1388545036315918,-12.57463264465332
2026-08-04T04:52:22.908000-04:00,13.72763442993164,1.1641077995300293,-12.563526153564453
2026-08-04T04:52:22.912000-04:00,13.72763442993164,1.191348671913147,-12.536285400390625
2026-08-04T04:52:22.916000-04:00,13.72985553741455,1.2231491804122925,-12.506706237792969
2026-08-04T04:52:22.920000-04:00,13.74248218536377,1.245479702949524,-12.497002601623535
2026-08-04T04:52:22.924000-04:00,13.748210906982422,1.275994062423706,-12.472216606140137
2026-08-04T04:52:22.928000-04:00,13.745405197143555,1.2936480045318604,-12.451757431030273
2026-08-04T04:52:22.932000-04:00,13.741663932800293,1.3026503324508667,-12.439013481140137
2026-08-04T04:52:22.936000-04:00,13.743651390075684,1.3083791732788086,-12.435272216796875
2026-08-04T04:52:22.940000-04:00,13.736051559448242,1.3084959983825684,-12.427555084228516
2026-08-04T04:52:22.944000-04:00,13.732076644897461,1.2934142351150513,-12.4386625289917
2026-08-04T04:52:22.948000-04:00,13.725062370300293,1.2841780185699463,-12.440884590148926
2026-08-04T04:52:22.952000-04:00,13.706472396850586,1.251091480255127,-12.455381393432617
2026-08-04T04:52:22.956000-04:00,13.691975593566895,1.212159276008606,-12.479816436767578
2026-08-04T04:52:22.960000-04:00,13.685428619384766,1.1934531927108765,-12.491975784301758
2026-08-04T04:52:22.964000-04:00,13.668242454528809,1.137568473815918,-12.53067398071289
2026-08-04T04:52:22.968000-04:00,13.647782325744629,1.1026113033294678,-12.545170783996582
2026-08-04T04:52:22.972000-04:00,13.622178077697754,1.0350353717803955,-12.587142944335938
2026-08-04T04:52:22.976000-04:00,13.603822708129883,0.9938817620277405,-12.609940528869629
2026-08-04T04:52:22.980000-04:00,13.593300819396973,0.9506238102912903,-12.642677307128906
2026-08-04T04:52:22.984000-04:00,13.572957038879395,0.909937858581543,-12.663019180297852
2026-08-04T04:52:22.988000-04:00,13.556706428527832,0.8462200164794922,-12.71048641204834
2026-08-04T04:52:22.992000-04:00,13.533557891845703,0.7987531423568726,-12.7348051071167
2026-08-04T04:52:22.996000-04:00,13.528998374938965,0.7654327750205994,-12.763566017150879
2026-08-04T04:52:23-04:00,13.518241882324219,0.730709433555603,-12.787532806396484
2026-08-04T04:52:23.004000-04:00,13.517189979553223,0.7211225628852844,-12.796067237854004
2026-08-04T04:52:23.008000-04:00,13.509356498718262,0.689906656742096,-12.819449424743652
2026-08-04T04:52:23.012000-04:00,13.49953556060791,0.675292432308197,-12.824243545532227
2026-08-04T04:52:23.016000-04:00,13.4931058883667,0.6522604823112488,-12.840845108032227
2026-08-04T04:52:23.020000-04:00,13.489831924438477,0.6355418562889099,-12.854290008544922
2026-08-04T04:52:23.024000-04:00,13.485973358154297,0.6272410154342651,-12.858732223510742
2026-08-04T04:52:23.028000-04:00,13.48316764831543,0.6239674091339111,-12.859200477600098
2026-08-04T04:52:23.032000-04:00,13.47849178314209,0.6264225840568542,-12.852068901062012
2026-08-04T04:52:23.036000-04:00,13.477438926696777,0.6051443219184875,-12.872294425964355
2026-08-04T04:52:23.040000-04:00,13.47463321685791,0.6051443219184875,-12.869488716125488
2026-08-04T04:52:23.044000-04:00,13.477789878845215,0.5968434810638428,-12.880946159362793
2026-08-04T04:52:23.048000-04:00,13.472061157226562,0.5948559641838074,-12.877204895019531
2026-08-04T04:52:23.052000-04:00,13.46212387084961,0.5957912802696228,-12.8663330078125
2026-08-04T04:52:23.056000-04:00,13.468437194824219,0.5974280834197998,-12.87100887298584
2026-08-04T04:52:23.060000-04:00,13.477438926696777,0.5988309979438782,-12.878607749938965
2026-08-04T04:52:23.064000-04:00,13.467617988586426,0.6081840991973877,-12.859434127807617
2026-08-04T04:52:23.068000-04:00,13.471710205078125,0.6107562184333801,-12.860954284667969
2026-08-04T04:52:23.072000-04:00,13.47077465057373,0.6190570592880249,-12.851717948913574
2026-08-04T04:52:23.076000-04:00,13.465514183044434,0.6162511110305786,-12.849263191223145
2026-08-04T04:52:23.080000-04:00,13.477205276489258,0.6178879141807556,-12.859317779541016
2026-08-04T04:52:23.084000-04:00,13.483985900878906,0.6192908883094788,-12.864694595336914
2026-08-04T04:52:23.088000-04:00,13.484220504760742,0.6233828663825989,-12.860837936401367
2026-08-04T04:52:23.092000-04:00,13.475217819213867,0.6303976774215698,-12.844820022583008
2026-08-04T04:52:23.096000-04:00,13.478257179260254,0.6294623613357544,-12.848794937133789
2026-08-04T04:52:23.100000-04:00,13.483518600463867,0.6402183771133423,-12.843299865722656
2026-08-04T04:52:23.104000-04:00,13.482115745544434,0.647700846195221,-12.8344144821167
2026-08-04T04:52:23.108000-04:00,13.491936683654785,0.6529619693756104,-12.838974952697754
2026-08-04T04:52:23.112000-04:00,13.486207962036133,0.6441934704780579,-12.84201431274414
2026-08-04T04:52:23.116000-04:00,13.490182876586914,0.6438426971435547,-12.84634017944336
2026-08-04T04:52:23.120000-04:00,13.490299224853516,0.6447780132293701,-12.845520973205566
2026-08-04T04:52:23.124000-04:00,13.495209693908691,0.6558848023414612,-12.839324951171875
2026-08-04T04:52:23.128000-04:00,13.497431755065918,0.6598598957061768,-12.83757209777832
2026-08-04T04:52:23.132000-04:00,13.495911598205566,0.658807635307312,-12.837103843688965
2026-08-04T04:52:23.136000-04:00,13.496729850769043,0.6612628102302551,-12.835467338562012
2026-08-04T04:52:23.140000-04:00,13.495560646057129,0.6569370627403259,-12.838624000549316
2026-08-04T04:52:23.144000-04:00,13.500353813171387,0.6610289812088013,-12.839324951171875
2026-08-04T04:52:23.148000-04:00,13.507719993591309,0.6636011004447937,-12.84411907196045
2026-08-04T04:52:23.152000-04:00,13.497665405273438,0.6610289812088013,-12.836636543273926
2026-08-04T04:52:23.156000-04:00,13.49146842956543,0.649337649345398,-12.842130661010742
2026-08-04T04:52:23.160000-04:00,13.502458572387695,0.6443103551864624,-12.858148574829102
2026-08-04T04:52:23.164000-04:00,13.500588417053223,0.63963383436203,-12.860954284667969
2026-08-04T04:52:23.168000-04:00,13.501055717468262,0.64068603515625,-12.860369682312012
2026-08-04T04:52:23.172000-04:00,13.50117301940918,0.6395169496536255,-12.861656188964844
2026-08-04T04:52:23.176000-04:00,13.49345588684082,0.6282932162284851,-12.86516284942627
2026-08-04T04:52:23.180000-04:00,13.49754810333252,0.6364771723747253,-12.86107063293457
2026-08-04T04:52:23.184000-04:00,13.49976921081543,0.6382308602333069,-12.86153793334961
2026-08-04T04:52:23.188000-04:00,13.498950958251953,0.6270071864128113,-12.871943473815918
2026-08-04T04:52:23.192000-04:00,13.489831924438477,0.6177710294723511,-12.872060775756836
2026-08-04T04:52:23.196000-04:00,13.491118431091309,0.6025722622871399,-12.888545989990234
2026-08-04T04:52:23.200000-04:00,13.492287635803223,0.6092362999916077,-12.883050918579102
2026-08-04T04:52:23.204000-04:00,13.494275093078613,0.6070149540901184,-12.887260437011719
2026-08-04T04:52:23.208000-04:00,13.494275093078613,0.6070149540901184,-12.887260437011719
2026-08-04T04:52:23.212000-04:00,13.488896369934082,0.5982464551925659,-12.890649795532227
2026-08-04T04:52:23.216000-04:00,13.483518600463867,0.5891271829605103,-12.894391059875488
2026-08-04T04:52:23.220000-04:00,13.491352081298828,0.587958037853241,-12.903393745422363
2026-08-04T04:52:23.224000-04:00,13.494391441345215,0.5920500159263611,-12.902341842651367
2026-08-04T04:52:23.228000-04:00,13.480829238891602,0.5863212943077087,-12.894508361816406
2026-08-04T04:52:23.232000-04:00,13.482115745544434,0.5811770558357239,-12.900938987731934
2026-08-04T04:52:23.236000-04:00,13.482816696166992,0.5786049962043762,-12.90421199798584
2026-08-04T04:52:23.240000-04:00,13.482816696166992,0.5787218809127808,-12.904094696044922
2026-08-04T04:52:23.244000-04:00,13.478959083557129,0.5697195529937744,-12.909239768981934
2026-08-04T04:52:23.248000-04:00,13.475568771362305,0.5645753741264343,-12.910993576049805
2026-08-04T04:52:23.252000-04:00,13.472412109375,0.5607172250747681,-12.911694526672363
2026-08-04T04:52:23.256000-04:00,13.481063842773438,0.5609510540962219,-12.920112609863281
2026-08-04T04:52:23.260000-04:00,13.480712890625,0.5662121772766113,-12.914501190185547
2026-08-04T04:52:23.264000-04:00,13.479310035705566,0.569836437702179,-12.909473419189453
2026-08-04T04:52:23.268000-04:00,13.483284950256348,0.5729931592941284,-12.91029167175293
2026-08-04T04:52:23.272000-04:00,13.473814964294434,0.5727593302726746,-12.901055335998535
2026-08-04T04:52:23.276000-04:00,13.475685119628906,0.5706548690795898,-12.905030250549316
2026-08-04T04:52:23.280000-04:00,13.480244636535645,0.5713563561439514,-12.90888786315918
2026-08-04T04:52:23.284000-04:00,13.479076385498047,0.5618863701820374,-12.917189598083496
2026-08-04T04:52:23.288000-04:00,13.478959083557129,0.5642246007919312,-12.914734840393066
2026-08-04T04:52:23.292000-04:00,13.472996711730957,0.5544039011001587,-12.91859245300293
2026-08-04T04:52:23.296000-04:00,13.479894638061523,0.5537024140357971,-12.926192283630371
2026-08-04T04:52:23.300000-04:00,13.47463321685791,0.5589635372161865,-12.915669441223145
2026-08-04T04:52:23.304000-04:00,13.473697662353516,0.5579112768173218,-12.915786743164062
2026-08-04T04:52:23.308000-04:00,13.470891952514648,0.5483244061470032,-12.922567367553711
2026-08-04T04:52:23.312000-04:00,13.471125602722168,0.555573046207428,-12.915552139282227
2026-08-04T04:52:23.316000-04:00,13.469489097595215,0.5627047419548035,-12.906784057617188
2026-08-04T04:52:23.320000-04:00,13.478608131408691,0.5663290619850159,-12.91227912902832
2026-08-04T04:52:23.324000-04:00,13.493806838989258,0.5694857239723206,-12.924321174621582
2026-08-04T04:52:23.328000-04:00,13.500822067260742,0.5983633399009705,-12.902459144592285
2026-08-04T04:52:23.332000-04:00,13.492871284484863,0.619875431060791,-12.872995376586914
2026-08-04T04:52:23.336000-04:00,13.483284950256348,0.621512234210968,-12.861772537231445
2026-08-04T04:52:23.340000-04:00,13.488311767578125,0.6413875222206116,-12.846923828125
2026-08-04T04:52:23.344000-04:00,13.504796981811523,0.6383478045463562,-12.866449356079102
2026-08-04T04:52:23.348000-04:00,13.514033317565918,0.6545987725257874,-12.859434127807617
2026-08-04T04:52:23.352000-04:00,13.518241882324219,0.7025333046913147,-12.81570816040039
2026-08-04T04:52:23.356000-04:00,13.489949226379395,0.7205379605293274,-12.769411087036133
2026-08-04T04:52:23.360000-04:00,13.477907180786133,0.7219409346580505,-12.755966186523438
2026-08-04T04:52:23.364000-04:00,13.47463321685791,0.6900235414505005,-12.7846097946167
2026-08-04T04:52:23.368000-04:00,13.478140830993652,0.6944662928581238,-12.783674240112305
2026-08-04T04:52:23.372000-04:00,13.476269721984863,0.6885036826133728,-12.787766456604004
2026-08-04T04:52:23.376000-04:00,13.485857009887695,0.7025333046913147,-12.783323287963867
2026-08-04T04:52:23.380000-04:00,13.489598274230957,0.6985582709312439,-12.791040420532227
2026-08-04T04:52:23.384000-04:00,13.4931058883667,0.6751755475997925,-12.817930221557617
2026-08-04T04:52:23.388000-04:00,13.496145248413086,0.641270637512207,-12.854874610900879
2026-08-04T04:52:23.392000-04:00,13.487610816955566,0.6107562184333801,-12.87685489654541
2026-08-04T04:52:23.396000-04:00,13.486207962036133,0.6019876599311829,-12.884220123291016
2026-08-04T04:52:23.400000-04:00,13.484454154968262,0.5891271829605103,-12.895326614379883
2026-08-04T04:52:23.404000-04:00,13.479777336120605,0.5705379247665405,-12.909239768981934
2026-08-04T04:52:23.408000-04:00,13.462824821472168,0.535814642906189,-12.927010536193848
2026-08-04T04:52:23.412000-04:00,13.450665473937988,0.5291505455970764,-12.921514511108398
2026-08-04T04:52:23.416000-04:00,13.449379920959473,0.5137180089950562,-12.935662269592285
2026-08-04T04:52:23.420000-04:00,13.44610595703125,0.4901014566421509,-12.95600414276123
2026-08-04T04:52:23.424000-04:00,13.4517183303833,0.49676552414894104,-12.95495319366455
2026-08-04T04:52:23.428000-04:00,13.446807861328125,0.49232280254364014,-12.954484939575195
2026-08-04T04:52:23.432000-04:00,13.45382308959961,0.4920889735221863,-12.9617338180542
2026-08-04T04:52:23.436000-04:00,13.450900077819824,0.47841009497642517,-12.972490310668945
2026-08-04T04:52:23.440000-04:00,13.456277847290039,0.4809821844100952,-12.975296020507812
2026-08-04T04:52:23.444000-04:00,13.455108642578125,0.4750196039676666,-12.98008918762207
2026-08-04T04:52:23.448000-04:00,13.447859764099121,0.4785270094871521,-12.969332695007324
2026-08-04T04:52:23.452000-04:00,13.447859764099121,0.48028072714805603,-12.967578887939453
2026-08-04T04:52:23.456000-04:00,13.44189739227295,0.48320356011390686,-12.958693504333496
2026-08-04T04:52:23.460000-04:00,13.443066596984863,0.48320356011390686,-12.95986270904541
2026-08-04T04:52:23.464000-04:00,13.441195487976074,0.4826189875602722,-12.958576202392578
2026-08-04T04:52:23.468000-04:00,13.436519622802734,0.4812160134315491,-12.955303192138672
2026-08-04T04:52:23.472000-04:00,13.417228698730469,0.5001559853553772,-12.917072296142578
2026-08-04T04:52:23.476000-04:00,13.40483570098877,0.5236556529998779,-12.881179809570312
2026-08-04T04:52:23.480000-04:00,13.405771255493164,0.5719408988952637,-12.833829879760742
2026-08-04T04:52:23.484000-04:00,13.433947563171387,0.5572097897529602,-12.876737594604492
2026-08-04T04:52:23.488000-04:00,13.510174751281738,0.6091194152832031,-12.901055335998535
2026-08-04T04:52:23.492000-04:00,13.67467212677002,0.8277477025985718,-12.846924781799316
2026-08-04T04:52:23.496000-04:00,13.81064224243164,1.090335488319397,-12.720306396484375
2026-08-04T04:52:23.500000-04:00,13.784103393554688,1.7409591674804688,-12.043144226074219
2026-08-04T04:52:23.504000-04:00,13.762707710266113,2.291738748550415,-11.470969200134277
2026-08-04T04:52:23.508000-04:00,13.670697212219238,2.989361524581909,-10.68133544921875
2026-08-04T04:52:23.512000-04:00,13.634804725646973,3.03238582611084,-10.602418899536133
2026-08-04T04:52:23.516000-04:00,13.595053672790527,2.8121206760406494,-10.782933235168457
2026-08-04T04:52:23.520000-04:00,13.526542663574219,2.1493380069732666,-11.377204895019531
2026-08-04T04:52:23.524000-04:00,13.50339412689209,1.6068593263626099,-11.89653491973877
2026-08-04T04:52:23.528000-04:00,13.4517183303833,1.1047158241271973,-12.347002029418945
2026-08-04T04:52:23.532000-04:00,13.492403984069824,0.8902963995933533,-12.602108001708984
2026-08-04T04:52:23.536000-04:00,13.562786102294922,0.7667188048362732,-12.796067237854004
2026-08-04T04:52:23.540000-04:00,13.592832565307617,0.7474281191825867,-12.845404624938965
2026-08-04T04:52:23.544000-04:00,13.553549766540527,0.7287219166755676,-12.824828147888184
2026-08-04T04:52:23.548000-04:00,13.514384269714355,0.7081451416015625,-12.806239128112793
2026-08-04T04:52:23.552000-04:00,13.519644737243652,0.6699144244194031,-12.849730491638184
2026-08-04T04:52:23.556000-04:00,13.510759353637695,0.6308653354644775,-12.879894256591797
2026-08-04T04:52:23.560000-04:00,13.508771896362305,0.6210445761680603,-12.887727737426758
2026-08-04T04:52:23.564000-04:00,13.514734268188477,0.6169525980949402,-12.897781372070312
2026-08-04T04:52:23.568000-04:00,13.516371726989746,0.6135621070861816,-12.902809143066406
2026-08-04T04:52:23.572000-04:00,13.5098237991333,0.6229152083396912,-12.886908531188965
2026-08-04T04:52:23.576000-04:00,13.513331413269043,0.6213953495025635,-12.891936302185059
2026-08-04T04:52:23.580000-04:00,13.513215065002441,0.6308653354644775,-12.882349967956543
2026-08-04T04:52:23.584000-04:00,13.518943786621094,0.6355418562889099,-12.883401870727539
2026-08-04T04:52:23.588000-04:00,13.522216796875,0.6374124884605408,-12.884804725646973
2026-08-04T04:52:23.592000-04:00,13.523152351379395,0.6388154625892639,-12.884336471557617
2026-08-04T04:52:23.596000-04:00,13.528179168701172,0.64068603515625,-12.887493133544922
2026-08-04T04:52:23.600000-04:00,13.538000106811523,0.6665239334106445,-12.871476173400879
2026-08-04T04:52:23.604000-04:00,13.539169311523438,0.6764615774154663,-12.86270809173584
2026-08-04T04:52:23.608000-04:00,13.531219482421875,0.6661732196807861,-12.865046501159668
2026-08-04T04:52:23.612000-04:00,13.547470092773438,0.6778645515441895,-12.869606018066406
2026-08-04T04:52:23.616000-04:00,13.540689468383789,0.6789167523384094,-12.861772537231445
2026-08-04T04:52:23.620000-04:00,13.543261528015137,0.6994935274124146,-12.843768119812012
2026-08-04T04:52:23.624000-04:00,13.551328659057617,0.7066252827644348,-12.844703674316406
2026-08-04T04:52:23.628000-04:00,13.549808502197266,0.7231100797653198,-12.826698303222656
2026-08-04T04:52:23.632000-04:00,13.551795959472656,0.7316447496414185,-12.820151329040527
2026-08-04T04:52:23.636000-04:00,13.556121826171875,0.7485972046852112,-12.807524681091309
2026-08-04T04:52:23.640000-04:00,13.569099426269531,0.7503509521484375,-12.818748474121094
2026-08-04T04:52:23.644000-04:00,13.584298133850098,0.7805145978927612,-12.803783416748047
2026-08-04T04:52:23.648000-04:00,13.582777976989746,0.8020266890525818,-12.78075122833252
2026-08-04T04:52:23.652000-04:00,13.589091300964355,0.8214343190193176,-12.767657279968262
2026-08-04T04:52:23.656000-04:00,13.597042083740234,0.8265785574913025,-12.770463943481445
2026-08-04T04:52:23.660000-04:00,13.598912239074707,0.8362823724746704,-12.762629508972168
2026-08-04T04:52:23.664000-04:00,13.610369682312012,0.869953453540802,-12.740416526794434
2026-08-04T04:52:23.668000-04:00,13.616215705871582,0.8938038349151611,-12.722412109375
2026-08-04T04:52:23.672000-04:00,13.634687423706055,0.9146144390106201,-12.720072746276855
2026-08-04T04:52:23.676000-04:00,13.641936302185059,0.9234998226165771,-12.718436241149902
2026-08-04T04:52:23.680000-04:00,13.655381202697754,0.9562356472015381,-12.699145317077637
2026-08-04T04:52:23.684000-04:00,13.669878959655762,1.0048716068267822,-12.665007591247559
2026-08-04T04:52:23.688000-04:00,13.685662269592285,1.0412317514419556,-12.644430160522461
2026-08-04T04:52:23.692000-04:00,13.689403533935547,1.0857758522033691,-12.603628158569336
2026-08-04T04:52:23.696000-04:00,13.692911148071289,1.1030789613723755,-12.589832305908203
2026-08-04T04:52:23.700000-04:00,13.715124130249023,1.140842080116272,-12.574281692504883
2026-08-04T04:52:23.704000-04:00,13.73008918762207,1.1793066263198853,-12.550782203674316
2026-08-04T04:52:23.708000-04:00,13.729738235473633,1.2136791944503784,-12.516058921813965
2026-08-04T04:52:23.712000-04:00,13.746106147766113,1.2473503351211548,-12.49875545501709
2026-08-04T04:52:23.716000-04:00,13.743651390075684,1.2668747901916504,-12.476776123046875
2026-08-04T04:52:23.720000-04:00,13.744002342224121,1.2918943166732788,-12.452108383178711
2026-08-04T04:52:23.724000-04:00,13.75078296661377,1.3014812469482422,-12.449301719665527
2026-08-04T04:52:23.728000-04:00,13.74832820892334,1.3127049207687378,-12.435623168945312
2026-08-04T04:52:23.732000-04:00,13.7449369430542,1.3207719326019287,-12.424164772033691
2026-08-04T04:52:23.736000-04:00,13.743885040283203,1.3138741254806519,-12.430010795593262
2026-08-04T04:52:23.740000-04:00,13.735584259033203,1.3088468313217163,-12.426737785339355
2026-08-04T04:52:23.744000-04:00,13.72178840637207,1.2887376546859741,-12.433051109313965
2026-08-04T04:52:23.748000-04:00,13.715124130249023,1.2647703886032104,-12.450353622436523
2026-08-04T04:52:23.752000-04:00,13.695950508117676,1.2224477529525757,-12.473503112792969
2026-08-04T04:52:23.756000-04:00,13.679465293884277,1.1655107736587524,-12.513954162597656
2026-08-04T04:52:23.760000-04:00,13.667306900024414,1.1337103843688965,-12.53359603881836
2026-08-04T04:52:23.764000-04:00,13.646379470825195,1.0682387351989746,-12.578140258789062
2026-08-04T04:52:23.768000-04:00,13.623347282409668,1.021590232849121,-12.601757049560547
2026-08-04T04:52:23.772000-04:00,13.596924781799316,0.9524943828582764,-12.644430160522461
2026-08-04T04:52:23.776000-04:00,13.596457481384277,0.9081841707229614,-12.688273429870605
2026-08-04T04:52:23.780000-04:00,13.569917678833008,0.8547546863555908,-12.715163230895996
2026-08-04T04:52:23.784000-04:00,13.557524681091309,0.8047156929969788,-12.752808570861816
2026-08-04T04:52:23.788000-04:00,13.536714553833008,0.7675372362136841,-12.769177436828613
2026-08-04T04:52:23.792000-04:00,13.525139808654785,0.7227593660354614,-12.802380561828613
2026-08-04T04:52:23.796000-04:00,13.5180082321167,0.6927125453948975,-12.825295448303223
2026-08-04T04:52:23.800000-04:00,13.504212379455566,0.6548326015472412,-12.849379539489746
2026-08-04T04:52:23.804000-04:00,13.49708080291748,0.6356588006019592,-12.861421585083008
2026-08-04T04:52:23.808000-04:00,13.48515510559082,0.609353244304657,-12.875802040100098
2026-08-04T04:52:23.812000-04:00,13.477907180786133,0.5890102982521057,-12.888896942138672
2026-08-04T04:52:23.816000-04:00,13.471943855285645,0.583164632320404,-12.888779640197754
2026-08-04T04:52:23.820000-04:00,13.476971626281738,0.5642246007919312,-12.912747383117676
2026-08-04T04:52:23.824000-04:00,13.471476554870605,0.5520656108856201,-12.919410705566406
2026-08-04T04:52:23.828000-04:00,13.469722747802734,0.5447000861167908,-12.925023078918457
2026-08-04T04:52:23.832000-04:00,13.469722747802734,0.5399066209793091,-12.929816246032715
2026-08-04T04:52:23.836000-04:00,13.466215133666992,0.5431801676750183,-12.92303466796875
2026-08-04T04:52:23.840000-04:00,13.461304664611816,0.5385036468505859,-12.92280101776123
2026-08-04T04:52:23.844000-04:00,13.465396881103516,0.5247078537940979,-12.940689086914062
2026-08-04T04:52:23.848000-04:00,13.457213401794434,0.5235387086868286,-12.933674812316895
2026-08-04T04:52:23.852000-04:00,13.449379920959473,0.5333594679832458,-12.916020393371582
2026-08-04T04:52:23.856000-04:00,13.456395149230957,0.5345286130905151,-12.921866416931152
2026-08-04T04:52:23.860000-04:00,13.456395149230957,0.5259938836097717,-12.930400848388672
2026-08-04T04:52:23.864000-04:00,13.463293075561523,0.5231879949569702,-12.940105438232422
2026-08-04T04:52:23.868000-04:00,13.4600191116333,0.5310211777687073,-12.928997993469238
2026-08-04T04:52:23.872000-04:00,13.46072006225586,0.5365161299705505,-12.924203872680664
2026-08-04T04:52:23.876000-04:00,13.46212387084961,0.5459861159324646,-12.9161376953125
2026-08-04T04:52:23.880000-04:00,13.457563400268555,0.5511302947998047,-12.90643310546875
2026-08-04T04:52:23.884000-04:00,13.461889266967773,0.5499611496925354,-12.911928176879883
2026-08-04T04:52:23.888000-04:00,13.467735290527344,0.5414264798164368,-12.926308631896973
2026-08-04T04:52:23.892000-04:00,13.464227676391602,0.5342947840690613,-12.929932594299316
2026-08-04T04:52:23.896000-04:00,13.464461326599121,0.5430632829666138,-12.921398162841797
2026-08-04T04:52:23.900000-04:00,13.474048614501953,0.5584958791732788,-12.915553092956543
2026-08-04T04:52:23.904000-04:00,13.470658302307129,0.5690180659294128,-12.901639938354492
2026-08-04T04:52:23.908000-04:00,13.46878719329834,0.5738115310668945,-12.894975662231445
2026-08-04T04:52:23.912000-04:00,13.478959083557129,0.5724085569381714,-12.906550407409668
2026-08-04T04:52:23.916000-04:00,13.468904495239258,0.5712394118309021,-12.897665023803711
2026-08-04T04:52:23.920000-04:00,13.485623359680176,0.5691350102424622,-12.916488647460938
2026-08-04T04:52:23.924000-04:00,13.478841781616211,0.5728762149810791,-12.905965805053711
2026-08-04T04:52:23.928000-04:00,13.47217845916748,0.571473240852356,-12.900705337524414
2026-08-04T04:52:23.932000-04:00,13.475568771362305,0.572057843208313,-12.903511047363281
2026-08-04T04:52:23.936000-04:00,13.475685119628906,0.5733438730239868,-12.90234088897705
2026-08-04T04:52:23.940000-04:00,13.485272407531738,0.5794233679771423,-12.90584945678711
2026-08-04T04:52:23.944000-04:00,13.484103202819824,0.5673812627792358,-12.916722297668457
2026-08-04T04:52:23.948000-04:00,13.487377166748047,0.5635231137275696,-12.923853874206543
2026-08-04T04:52:23.952000-04:00,13.485857009887695,0.5610679388046265,-12.924789428710938
2026-08-04T04:52:23.956000-04:00,13.481413841247559,0.558262050151825,-12.923151969909668
2026-08-04T04:52:23.960000-04:00,13.486675262451172,0.5641077160835266,-12.922567367553711
2026-08-04T04:52:23.964000-04:00,13.487377166748047,0.5701872110366821,-12.917189598083496
2026-08-04T04:52:23.968000-04:00,13.485973358154297,0.5795403122901917,-12.90643310546875
2026-08-04T04:52:23.972000-04:00,13.47708797454834,0.5505457520484924,-12.926542282104492
2026-08-04T04:52:23.976000-04:00,13.480128288269043,0.5421279668807983,-12.938000679016113
2026-08-04T04:52:23.980000-04:00,13.480244636535645,0.54902583360672,-12.931219100952148
2026-08-04T04:52:23.984000-04:00,13.479310035705566,0.5473890900611877,-12.931921005249023
2026-08-04T04:52:23.988000-04:00,13.475217819213867,0.5339440107345581,-12.94127368927002
2026-08-04T04:52:23.992000-04:00,13.477672576904297,0.5266953706741333,-12.950977325439453
2026-08-04T04:52:23.996000-04:00,13.473697662353516,0.5197975039482117,-12.953900337219238
2026-08-04T04:52:24-04:00,13.484454154968262,0.5100936889648438,-12.974360466003418
2026-08-04T04:52:24.004000-04:00,13.483051300048828,0.5110289454460144,-12.97202205657959
2026-08-04T04:52:24.008000-04:00,13.468904495239258,0.5195636749267578,-12.9493408203125
2026-08-04T04:52:24.012000-04:00,13.468437194824219,0.5293843746185303,-12.93905258178711
2026-08-04T04:52:24.016000-04:00,13.46656608581543,0.5182775855064392,-12.948288917541504
2026-08-04T04:52:24.020000-04:00,13.474165916442871,0.5026112198829651,-12.97155475616455
2026-08-04T04:52:24.024000-04:00,13.482816696166992,0.4906860291957855,-12.992130279541016
2026-08-04T04:52:24.028000-04:00,13.472996711730957,0.4966486096382141,-12.976347923278809
2026-08-04T04:52:24.032000-04:00,13.471359252929688,0.49442726373672485,-12.97693157196045
2026-08-04T04:52:24.036000-04:00,13.469956398010254,0.49477797746658325,-12.975178718566895
2026-08-04T04:52:24.040000-04:00,13.46609878540039,0.4943103492259979,-12.97178840637207
2026-08-04T04:52:24.044000-04:00,13.467501640319824,0.4986361265182495,-12.968865394592285
2026-08-04T04:52:24.048000-04:00,13.464227676391602,0.4962978661060333,-12.96792984008789
2026-08-04T04:52:24.052000-04:00,13.472763061523438,0.4981684684753418,-12.974594116210938
2026-08-04T04:52:24.056000-04:00,13.469606399536133,0.4789946675300598,-12.990612030029297
2026-08-04T04:52:24.060000-04:00,13.473113059997559,0.4934919476509094,-12.979620933532715
2026-08-04T04:52:24.064000-04:00,13.473113059997559,0.4954794645309448,-12.977633476257324
2026-08-04T04:52:24.068000-04:00,13.47264575958252,0.4965316951274872,-12.976114273071289
2026-08-04T04:52:24.072000-04:00,13.47077465057373,0.4917382299900055,-12.979036331176758
2026-08-04T04:52:24.076000-04:00,13.4683198928833,0.47992998361587524,-12.98838996887207
2026-08-04T04:52:24.080000-04:00,13.471359252929688,0.4961809515953064,-12.975178718566895
2026-08-04T04:52:24.084000-04:00,13.495209693908691,0.533125638961792,-12.96208381652832
2026-08-04T04:52:24.088000-04:00,13.492637634277344,0.5607172250747681,-12.931920051574707
2026-08-04T04:52:24.092000-04:00,13.473464012145996,0.5503119230270386,-12.923151969909668
2026-08-04T04:52:24.096000-04:00,13.479777336120605,0.5596649646759033,-12.920112609863281
2026-08-04T04:52:24.100000-04:00,13.493690490722656,0.5810601711273193,-12.912630081176758
2026-08-04T04:52:24.104000-04:00,13.497314453125,0.5740453600883484,-12.923269271850586
2026-08-04T04:52:24.108000-04:00,13.507018089294434,0.623149037361145,-12.883869171142578
2026-08-04T04:52:24.112000-04:00,13.488662719726562,0.66640704870224,-12.822256088256836
2026-08-04T04:52:24.116000-04:00,13.467735290527344,0.6678099632263184,-12.799924850463867
2026-08-04T04:52:24.120000-04:00,13.473581314086914,0.6680437922477722,-12.805537223815918
2026-08-04T04:52:24.124000-04:00,13.467267990112305,0.6471163034439087,-12.820151329040527
2026-08-04T04:52:24.128000-04:00,13.464812278747559,0.6381139755249023,-12.826698303222656
2026-08-04T04:52:24.132000-04:00,13.491585731506348,0.6716681122779846,-12.819917678833008
2026-08-04T04:52:24.136000-04:00,13.475451469421387,0.6524943113327026,-12.822957038879395
2026-08-04T04:52:24.140000-04:00,13.49123477935791,0.6388154625892639,-12.852418899536133
2026-08-04T04:52:24.144000-04:00,13.486908912658691,0.595557451248169,-12.891351699829102
2026-08-04T04:52:24.148000-04:00,13.47872543334961,0.5588465929031372,-12.919878959655762
2026-08-04T04:52:24.152000-04:00,13.480595588684082,0.5664459466934204,-12.914149284362793
2026-08-04T04:52:24.156000-04:00,13.453939437866211,0.5302028059959412,-12.923736572265625
2026-08-04T04:52:24.160000-04:00,13.469255447387695,0.5081061124801636,-12.961149215698242
2026-08-04T04:52:24.164000-04:00,13.451484680175781,0.48191750049591064,-12.96956729888916
2026-08-04T04:52:24.168000-04:00,13.442599296569824,0.46835553646087646,-12.974244117736816
2026-08-04T04:52:24.172000-04:00,13.436519622802734,0.4616914689540863,-12.974827766418457
2026-08-04T04:52:24.176000-04:00,13.43336296081543,0.4431022107601166,-12.99026107788086
2026-08-04T04:52:24.180000-04:00,13.434765815734863,0.4531567692756653,-12.981609344482422
2026-08-04T04:52:24.184000-04:00,13.43757152557373,0.4575994908809662,-12.979971885681152
2026-08-04T04:52:24.188000-04:00,13.436870574951172,0.4475449323654175,-12.989325523376465
2026-08-04T04:52:24.192000-04:00,13.432894706726074,0.43772420287132263,-12.995170593261719
2026-08-04T04:52:24.196000-04:00,13.433245658874512,0.44415444135665894,-12.989090919494629
2026-08-04T04:52:24.200000-04:00,13.42950439453125,0.4471941888332367,-12.98231029510498
2026-08-04T04:52:24.204000-04:00,13.428335189819336,0.434450626373291,-12.993885040283203
2026-08-04T04:52:24.208000-04:00,13.427400588989258,0.4364381432533264,-12.990962028503418
2026-08-04T04:52:24.212000-04:00,13.42529582977295,0.44789567589759827,-12.977399826049805
2026-08-04T04:52:24.216000-04:00,13.428919792175293,0.44017937779426575,-12.988739967346191
2026-08-04T04:52:24.220000-04:00,13.42506217956543,0.43784111738204956,-12.987220764160156
2026-08-04T04:52:24.224000-04:00,13.422957420349121,0.4447390139102936,-12.978218078613281
2026-08-04T04:52:24.228000-04:00,13.414422988891602,0.46227604150772095,-12.952146530151367
2026-08-04T04:52:24.232000-04:00,13.403432846069336,0.47794243693351746,-12.925490379333496
2026-08-04T04:52:24.236000-04:00,13.385311126708984,0.5242401957511902,-12.86107063293457
2026-08-04T04:52:24.240000-04:00,13.405771255493164,0.540958821773529,-12.864812850952148
2026-08-04T04:52:24.244000-04:00,13.471242904663086,0.5382698178291321,-12.93297290802002
2026-08-04T04:52:24.248000-04:00,13.55074405670166,0.7219409346580505,-12.828803062438965
2026-08-04T04:52:24.252000-04:00,13.734415054321289,0.9274749159812927,-12.806940078735352
2026-08-04T04:52:24.256000-04:00,13.831453323364258,1.4651601314544678,-12.366292953491211
2026-08-04T04:52:24.260000-04:00,13.773931503295898,2.013484477996826,-11.760446548461914
2026-08-04T04:52:24.264000-04:00,13.710681915283203,2.8108346462249756,-10.899847030639648
2026-08-04T04:52:24.268000-04:00,13.630829811096191,3.066173791885376,-10.564656257629395
2026-08-04T04:52:24.272000-04:00,13.583830833435059,2.9649267196655273,-10.618904113769531
2026-08-04T04:52:24.276000-04:00,13.565709114074707,2.6682002544403076,-10.89750862121582
2026-08-04T04:52:24.280000-04:00,13.516254425048828,1.8906084299087524,-11.625645637512207
2026-08-04T04:52:24.284000-04:00,13.461421966552734,1.2758771181106567,-12.185544967651367
2026-08-04T04:52:24.288000-04:00,13.456862449645996,1.0187844038009644,-12.438077926635742
2026-08-04T04:52:24.292000-04:00,13.548054695129395,0.8254094123840332,-12.722644805908203
2026-08-04T04:52:24.296000-04:00,13.58418083190918,0.8037804365158081,-12.780400276184082
2026-08-04T04:52:24.300000-04:00,13.574710845947266,0.780982255935669,-12.793728828430176
2026-08-04T04:52:24.304000-04:00,13.526659965515137,0.7717460989952087,-12.754914283752441
2026-08-04T04:52:24.308000-04:00,13.514033317565918,0.7276697158813477,-12.78636360168457
2026-08-04T04:52:24.312000-04:00,13.513448715209961,0.7144584655761719,-12.798990249633789
2026-08-04T04:52:24.316000-04:00,13.508070945739746,0.7001950144767761,-12.807875633239746
2026-08-04T04:52:24.320000-04:00,13.50584888458252,0.6715512275695801,-12.834297180175781
2026-08-04T04:52:24.324000-04:00,13.507953643798828,0.6612628102302551,-12.846691131591797
2026-08-04T04:52:24.328000-04:00,13.504446029663086,0.6661732196807861,-12.838273048400879
2026-08-04T04:52:24.332000-04:00,13.507135391235352,0.6738895177841187,-12.833246231079102
2026-08-04T04:52:24.336000-04:00,13.50584888458252,0.6675761938095093,-12.838273048400879
2026-08-04T04:52:24.340000-04:00,13.513215065002441,0.6798520684242249,-12.833362579345703
2026-08-04T04:52:24.344000-04:00,13.524555206298828,0.7049884796142578,-12.81956672668457
2026-08-04T04:52:24.348000-04:00,13.56489086151123,0.6911926865577698,-12.873698234558105
2026-08-04T04:52:24.352000-04:00,13.514851570129395,0.7001950144767761,-12.814656257629395
2026-08-04T04:52:24.356000-04:00,13.521749496459961,0.7107172608375549,-12.81103229522705
2026-08-04T04:52:24.360000-04:00,13.51754093170166,0.7197195887565613,-12.797821044921875
2026-08-04T04:52:24.364000-04:00,13.524788856506348,0.7241622805595398,-12.800626754760742
2026-08-04T04:52:24.368000-04:00,13.522216796875,0.730475664138794,-12.791741371154785
2026-08-04T04:52:24.372000-04:00,13.52607536315918,0.7319955229759216,-12.794079780578613
2026-08-04T04:52:24.376000-04:00,13.533674240112305,0.7473111748695374,-12.786362648010254
2026-08-04T04:52:24.380000-04:00,13.543378829956055,0.7719799280166626,-12.771398544311523
2026-08-04T04:52:24.384000-04:00,13.539169311523438,0.7786440253257751,-12.760525703430176
2026-08-04T04:52:24.388000-04:00,13.540923118591309,0.7807484269142151,-12.760174751281738
2026-08-04T04:52:24.392000-04:00,13.550159454345703,0.7861264944076538,-12.764033317565918
2026-08-04T04:52:24.396000-04:00,13.55518627166748,0.8010913729667664,-12.754095077514648
2026-08-04T04:52:24.400000-04:00,13.56711196899414,0.8290337324142456,-12.738078117370605
2026-08-04T04:52:24.404000-04:00,13.559745788574219,0.8395559191703796,-12.720190048217773
2026-08-04T04:52:24.408000-04:00,13.570268630981445,0.8582621216773987,-12.712006568908691
2026-08-04T04:52:24.412000-04:00,13.580556869506836,0.8833985328674316,-12.697158813476562
2026-08-04T04:52:24.416000-04:00,13.584064483642578,0.9021046757698059,-12.681960105895996
2026-08-04T04:52:24.420000-04:00,13.590377807617188,0.9174203276634216,-12.672957420349121
2026-08-04T04:52:24.424000-04:00,13.599145889282227,0.932385265827179,-12.666760444641113
2026-08-04T04:52:24.428000-04:00,13.610369682312012,0.9609121680259705,-12.649457931518555
2026-08-04T04:52:24.432000-04:00,13.604290008544922,0.9821904301643372,-12.622099876403809
2026-08-04T04:52:24.436000-04:00,13.628725051879883,1.0196027755737305,-12.609122276306152
2026-08-04T04:52:24.440000-04:00,13.63983154296875,1.0438038110733032,-12.596027374267578
2026-08-04T04:52:24.444000-04:00,13.656434059143066,1.0847235918045044,-12.571710586547852
2026-08-04T04:52:24.448000-04:00,13.667891502380371,1.1318397521972656,-12.536051750183105
2026-08-04T04:52:24.452000-04:00,13.677010536193848,1.1683167219161987,-12.50869369506836
2026-08-04T04:52:24.456000-04:00,13.691157341003418,1.2104055881500244,-12.480751991271973
2026-08-04T04:52:24.460000-04:00,13.710681915283203,1.2507407665252686,-12.459940910339355
2026-08-04T04:52:24.464000-04:00,13.706707000732422,1.2761110067367554,-12.430596351623535
2026-08-04T04:52:24.468000-04:00,13.713370323181152,1.3042871952056885,-12.409083366394043
2026-08-04T04:52:24.472000-04:00,13.706005096435547,1.325682282447815,-12.380322456359863
2026-08-04T04:52:24.476000-04:00,13.718865394592285,1.335736870765686,-12.38312816619873
2026-08-04T04:52:24.480000-04:00,13.719683647155762,1.3640300035476685,-12.355653762817383
2026-08-04T04:52:24.484000-04:00,13.727283477783203,1.3759551048278809,-12.351327896118164
2026-08-04T04:52:24.488000-04:00,13.721905708312988,1.3834376335144043,-12.338468551635742
2026-08-04T04:52:24.492000-04:00,13.721905708312988,1.3869450092315674,-12.3349609375
2026-08-04T04:52:24.496000-04:00,13.716995239257812,1.3772411346435547,-12.339754104614258
2026-08-04T04:52:24.500000-04:00,13.706940650939941,1.3674204349517822,-12.339520454406738
2026-08-04T04:52:24.504000-04:00,13.693963050842285,1.3477790355682373,-12.346183776855469
2026-08-04T04:52:24.508000-04:00,13.673151969909668,1.3194859027862549,-12.353666305541992
2026-08-04T04:52:24.512000-04:00,13.660642623901367,1.2856979370117188,-12.374944686889648
2026-08-04T04:52:24.516000-04:00,13.650705337524414,1.2164851427078247,-12.434220314025879
2026-08-04T04:52:24.520000-04:00,13.621593475341797,1.1518319845199585,-12.469761848449707
2026-08-04T04:52:24.524000-04:00,13.603822708129883,1.1036635637283325,-12.50015926361084
2026-08-04T04:52:24.528000-04:00,13.589324951171875,1.027319073677063,-12.562005996704102
2026-08-04T04:52:24.532000-04:00,13.57751750946045,0.9798521399497986,-12.597665786743164
2026-08-04T04:52:24.536000-04:00,13.567696571350098,0.9294624328613281,-12.63823413848877
2026-08-04T04:52:24.540000-04:00,13.55051040649414,0.8818786144256592,-12.668631553649902
2026-08-04T04:52:24.544000-04:00,13.54022216796875,0.8410758376121521,-12.699146270751953
2026-08-04T04:52:24.548000-04:00,13.523269653320312,0.7967656254768372,-12.7265043258667
2026-08-04T04:52:24.552000-04:00,13.510292053222656,0.7565473318099976,-12.753745079040527
2026-08-04T04:52:24.556000-04:00,13.50584888458252,0.7331646680831909,-12.772684097290039
2026-08-04T04:52:24.560000-04:00,13.494275093078613,0.708028256893158,-12.786247253417969
2026-08-04T04:52:24.564000-04:00,13.494157791137695,0.6844117045402527,-12.809745788574219
2026-08-04T04:52:24.568000-04:00,13.483284950256348,0.6704990267753601,-12.812786102294922
2026-08-04T04:52:24.572000-04:00,13.470541000366211,0.6417382955551147,-12.828803062438965
2026-08-04T04:52:24.576000-04:00,13.476153373718262,0.6485192775726318,-12.82763385772705
2026-08-04T04:52:24.580000-04:00,13.469021797180176,0.6351911425590515,-12.833830833435059
2026-08-04T04:52:24.584000-04:00,13.46878719329834,0.629111647605896,-12.839675903320312
2026-08-04T04:52:24.588000-04:00,13.464461326599121,0.6233828663825989,-12.841078758239746
2026-08-04T04:52:24.592000-04:00,13.463876724243164,0.6243181824684143,-12.839558601379395
2026-08-04T04:52:24.596000-04:00,13.466449737548828,0.6161342263221741,-12.85031509399414
2026-08-04T04:52:24.600000-04:00,13.463876724243164,0.6164849400520325,-12.847392082214355
2026-08-04T04:52:24.604000-04:00,13.461889266967773,0.6134452223777771,-12.848443984985352
2026-08-04T04:52:24.608000-04:00,13.456160545349121,0.6156665682792664,-12.840494155883789
2026-08-04T04:52:24.612000-04:00,13.445405006408691,0.6127437353134155,-12.832661628723145
2026-08-04T04:52:24.616000-04:00,13.457329750061035,0.6144974231719971,-12.842832565307617
2026-08-04T04:52:24.620000-04:00,13.452653884887695,0.6197585463523865,-12.832895278930664
2026-08-04T04:52:24.624000-04:00,13.463409423828125,0.6238505244255066,-12.839558601379395
2026-08-04T04:52:24.628000-04:00,13.4600191116333,0.6218630075454712,-12.838155746459961
2026-08-04T04:52:24.632000-04:00,13.453354835510254,0.6128606200218201,-12.840494155883789
2026-08-04T04:52:24.636000-04:00,13.461188316345215,0.6223306059837341,-12.838857650756836
2026-08-04T04:52:24.640000-04:00,13.464812278747559,0.6223306059837341,-12.84248161315918
2026-08-04T04:52:24.644000-04:00,13.468086242675781,0.6398676633834839,-12.828218460083008
2026-08-04T04:52:24.648000-04:00,13.46072006225586,0.6437258124351501,-12.816994667053223
2026-08-04T04:52:24.652000-04:00,13.456745147705078,0.641270637512207,-12.815474510192871
2026-08-04T04:52:24.656000-04:00,13.469956398010254,0.6558848023414612,-12.814071655273438
2026-08-04T04:52:24.660000-04:00,13.471009254455566,0.659392237663269,-12.811616897583008
2026-08-04T04:52:24.664000-04:00,13.477672576904297,0.6648871302604675,-12.812785148620605
2026-08-04T04:52:24.668000-04:00,13.473581314086914,0.6728372573852539,-12.80074405670166
2026-08-04T04:52:24.672000-04:00,13.468437194824219,0.6750586032867432,-12.793378829956055
2026-08-04T04:52:24.676000-04:00,13.472412109375,0.6728372573852539,-12.799574851989746
2026-08-04T04:52:24.680000-04:00,13.476387023925781,0.6798520684242249,-12.796534538269043
2026-08-04T04:52:24.684000-04:00,13.478608131408691,0.6821903586387634,-12.796418190002441
2026-08-04T04:52:24.688000-04:00,13.47077465057373,0.6780983805656433,-12.792675971984863
2026-08-04T04:52:24.692000-04:00,13.469840049743652,0.6778645515441895,-12.791975021362305
2026-08-04T04:52:24.696000-04:00,13.470658302307129,0.6744740605354309,-12.796184539794922
2026-08-04T04:52:24.700000-04:00,13.476971626281738,0.6766954064369202,-12.800275802612305
2026-08-04T04:52:24.704000-04:00,13.475451469421387,0.6733049154281616,-12.802146911621094
2026-08-04T04:52:24.708000-04:00,13.476387023925781,0.6748247742652893,-12.801562309265137
2026-08-04T04:52:24.712000-04:00,13.471710205078125,0.6914265155792236,-12.78028392791748
2026-08-04T04:52:24.716000-04:00,13.469956398010254,0.6881529688835144,-12.781803131103516
2026-08-04T04:52:24.720000-04:00,13.47685432434082,0.6927125453948975,-12.784141540527344
2026-08-04T04:52:24.724000-04:00,13.481531143188477,0.6952846646308899,-12.786246299743652
2026-08-04T04:52:24.728000-04:00,13.471009254455566,0.6777476668357849,-12.793261528015137
2026-08-04T04:52:24.732000-04:00,13.474515914916992,0.6740064024925232,-12.800509452819824
2026-08-04T04:52:24.736000-04:00,13.469371795654297,0.6657055616378784,-12.803666114807129
2026-08-04T04:52:24.740000-04:00,13.470891952514648,0.6672254204750061,-12.803666114807129
2026-08-04T04:52:24.744000-04:00,13.458849906921387,0.6555340886116028,-12.803316116333008
2026-08-04T04:52:24.748000-04:00,13.462591171264648,0.6557679176330566,-12.80682373046875
2026-08-04T04:52:24.752000-04:00,13.461304664611816,0.6484023332595825,-12.812902450561523
2026-08-04T04:52:24.756000-04:00,13.470307350158691,0.647700846195221,-12.822606086730957
2026-08-04T04:52:24.760000-04:00,13.465865135192871,0.6503898501396179,-12.815475463867188
2026-08-04T04:52:24.764000-04:00,13.464461326599121,0.6472331881523132,-12.817228317260742
2026-08-04T04:52:24.768000-04:00,13.471009254455566,0.646648645401001,-12.824360847473145
2026-08-04T04:52:24.772000-04:00,13.45803165435791,0.6339050531387329,-12.824126243591309
2026-08-04T04:52:24.776000-04:00,13.46048641204834,0.6369448304176331,-12.823541641235352
2026-08-04T04:52:24.780000-04:00,13.461421966552734,0.6211615204811096,-12.84026050567627
2026-08-04T04:52:24.784000-04:00,13.459551811218262,0.6329697370529175,-12.826581954956055
2026-08-04T04:52:24.788000-04:00,13.459551811218262,0.6203430891036987,-12.839208602905273
2026-08-04T04:52:24.792000-04:00,13.459434509277344,0.6281763315200806,-12.831257820129395
2026-08-04T04:52:24.796000-04:00,13.454290390014648,0.6203430891036987,-12.83394718170166
2026-08-04T04:52:24.800000-04:00,13.463409423828125,0.6245520114898682,-12.838857650756836
2026-08-04T04:52:24.804000-04:00,13.46025276184082,0.6237335801124573,-12.836519241333008
2026-08-04T04:52:24.808000-04:00,13.463643074035645,0.6339050531387329,-12.829737663269043
2026-08-04T04:52:24.812000-04:00,13.457213401794434,0.6257210969924927,-12.83149242401123
2026-08-04T04:52:24.816000-04:00,13.459785461425781,0.6266564130783081,-12.833128929138184
2026-08-04T04:52:24.820000-04:00,13.462591171264648,0.6178879141807556,-12.844703674316406
2026-08-04T04:52:24.824000-04:00,13.460136413574219,0.613679051399231,-12.846457481384277
2026-08-04T04:52:24.828000-04:00,13.459901809692383,0.6075995564460754,-12.852302551269531
2026-08-04T04:52:24.832000-04:00,13.467852592468262,0.6265395283699036,-12.841313362121582
2026-08-04T04:52:24.836000-04:00,13.481063842773438,0.6362433433532715,-12.844820022583008
2026-08-04T04:52:24.840000-04:00,13.482115745544434,0.6644194722175598,-12.817696571350098
2026-08-04T04:52:24.844000-04:00,13.471710205078125,0.6862823367118835,-12.785428047180176
2026-08-04T04:52:24.848000-04:00,13.477789878845215,0.6992596983909607,-12.77853012084961
2026-08-04T04:52:24.852000-04:00,13.472763061523438,0.7022994756698608,-12.770463943481445
2026-08-04T04:52:24.856000-04:00,13.494742393493652,0.7229931950569153,-12.771749496459961
2026-08-04T04:52:24.860000-04:00,13.502809524536133,0.755845844745636,-12.746963500976562
2026-08-04T04:52:24.864000-04:00,13.473697662353516,0.7915045022964478,-12.6821928024292
2026-08-04T04:52:24.868000-04:00,13.454524040222168,0.7813330292701721,-12.67319107055664
2026-08-04T04:52:24.872000-04:00,13.458967208862305,0.7595871090888977,-12.699379920959473
2026-08-04T04:52:24.876000-04:00,13.45826530456543,0.7598209381103516,-12.698444366455078
2026-08-04T04:52:24.880000-04:00,13.45779800415039,0.7708107829093933,-12.686986923217773
2026-08-04T04:52:24.884000-04:00,13.46855354309082,0.7771241068840027,-12.691429138183594
2026-08-04T04:52:24.888000-04:00,13.47685432434082,0.774552047252655,-12.702301979064941
2026-08-04T04:52:24.892000-04:00,13.474984169006348,0.7622761130332947,-12.712708473205566
2026-08-04T04:52:24.896000-04:00,13.477205276489258,0.743686854839325,-12.733518600463867
2026-08-04T04:52:24.900000-04:00,13.471242904663086,0.6935309767723083,-12.777711868286133
2026-08-04T04:52:24.904000-04:00,13.474282264709473,0.6871007084846497,-12.787181854248047
2026-08-04T04:52:24.908000-04:00,13.461539268493652,0.6699144244194031,-12.791625022888184
2026-08-04T04:52:24.912000-04:00,13.461889266967773,0.6485192775726318,-12.813369750976562
2026-08-04T04:52:24.916000-04:00,13.460603713989258,0.6203430891036987,-12.84026050567627
2026-08-04T04:52:24.920000-04:00,13.44365119934082,0.5797741413116455,-12.863877296447754
2026-08-04T04:52:24.924000-04:00,13.440961837768555,0.5742791891098022,-12.866683006286621
2026-08-04T04:52:24.928000-04:00,13.428568840026855,0.558262050151825,-12.870306968688965
2026-08-04T04:52:24.932000-04:00,13.430557250976562,0.558262050151825,-12.872295379638672
2026-08-04T04:52:24.936000-04:00,13.423542022705078,0.5641077160835266,-12.859434127807617
2026-08-04T04:52:24.940000-04:00,13.436402320861816,0.5590804219245911,-12.87732219696045
2026-08-04T04:52:24.944000-04:00,13.440845489501953,0.5705379247665405,-12.870307922363281
2026-08-04T04:52:24.948000-04:00,13.434765815734863,0.5684335231781006,-12.866332054138184
2026-08-04T04:52:24.952000-04:00,13.434181213378906,0.5504288077354431,-12.883752822875977
2026-08-04T04:52:24.956000-04:00,13.431375503540039,0.5365161299705505,-12.894859313964844
2026-08-04T04:52:24.960000-04:00,13.434298515319824,0.5410757660865784,-12.89322280883789
2026-08-04T04:52:24.964000-04:00,13.429388046264648,0.5411926507949829,-12.888195037841797
2026-08-04T04:52:24.968000-04:00,13.43172550201416,0.5442324280738831,-12.887493133544922
2026-08-04T04:52:24.972000-04:00,13.422372817993164,0.5406081080436707,-12.88176441192627
2026-08-04T04:52:24.976000-04:00,13.42096996307373,0.5480905771255493,-12.872879028320312
2026-08-04T04:52:24.980000-04:00,13.418397903442383,0.5561575889587402,-12.862239837646484
2026-08-04T04:52:24.984000-04:00,13.381803512573242,0.5873734951019287,-12.794429779052734
2026-08-04T04:52:24.988000-04:00,13.37163257598877,0.6305145621299744,-12.741118431091309
2026-08-04T04:52:24.992000-04:00,13.405186653137207,0.6402183771133423,-12.764967918395996
2026-08-04T04:52:24.996000-04:00,13.44774341583252,0.652611255645752,-12.79513168334961
2026-08-04T04:52:25-04:00,13.588390350341797,0.7853080630302429,-12.803082466125488
2026-08-04T04:52:25.004000-04:00,13.731725692749023,0.997272253036499,-12.734453201293945
2026-08-04T04:52:25.008000-04:00,13.807953834533691,1.473928689956665,-12.334025382995605
2026-08-04T04:52:25.012000-04:00,13.746106147766113,2.2849576473236084,-11.461148262023926
2026-08-04T04:52:25.016000-04:00,13.696768760681152,2.810016393661499,-10.886752128601074
2026-08-04T04:52:25.020000-04:00,13.630011558532715,3.0991435050964355,-10.530868530273438
2026-08-04T04:52:25.024000-04:00,13.602887153625488,3.03238582611084,-10.570501327514648
2026-08-04T04:52:25.028000-04:00,13.525022506713867,2.549182176589966,-10.97584056854248
2026-08-04T04:52:25.032000-04:00,13.513565063476562,2.0038976669311523,-11.50966739654541
2026-08-04T04:52:25.036000-04:00,13.462591171264648,1.3475451469421387,-12.115045547485352
2026-08-04T04:52:25.040000-04:00,13.460603713989258,1.0595871210098267,-12.401016235351562
2026-08-04T04:52:25.044000-04:00,13.538818359375,0.8587297797203064,-12.680088996887207
2026-08-04T04:52:25.048000-04:00,13.595053672790527,0.8123151063919067,-12.78273868560791
2026-08-04T04:52:25.052000-04:00,13.581375122070312,0.7939596772193909,-12.787415504455566
2026-08-04T04:52:25.056000-04:00,13.507018089294434,0.7600547671318054,-12.746963500976562
2026-08-04T04:52:25.060000-04:00,13.508070945739746,0.7360875010490417,-12.77198314666748
2026-08-04T04:52:25.064000-04:00,13.504563331604004,0.7137569785118103,-12.790806770324707
2026-08-04T04:52:25.068000-04:00,13.502224922180176,0.6996104717254639,-12.802614212036133
2026-08-04T04:52:25.072000-04:00,13.498717308044434,0.6770461797714233,-12.821671485900879
2026-08-04T04:52:25.076000-04:00,13.505264282226562,0.684528648853302,-12.820735931396484
2026-08-04T04:52:25.080000-04:00,13.508538246154785,0.6784490942955017,-12.830089569091797
2026-08-04T04:52:25.084000-04:00,13.501289367675781,0.6811381578445435,-12.820151329040527
2026-08-04T04:52:25.088000-04:00,13.504796981811523,0.6858146786689758,-12.818982124328613
2026-08-04T04:52:25.092000-04:00,13.49976921081543,0.6907250285148621,-12.809043884277344
2026-08-04T04:52:25.096000-04:00,13.507018089294434,0.6824241876602173,-12.824593544006348
2026-08-04T04:52:25.100000-04:00,13.509005546569824,0.6778645515441895,-12.831140518188477
2026-08-04T04:52:25.104000-04:00,13.515787124633789,0.6878021955490112,-12.827984809875488
2026-08-04T04:52:25.108000-04:00,13.518943786621094,0.6904911994934082,-12.828453063964844
2026-08-04T04:52:25.112000-04:00,13.52829647064209,0.6980906128883362,-12.830205917358398
2026-08-04T04:52:25.116000-04:00,13.523736953735352,0.7100157737731934,-12.813720703125
2026-08-04T04:52:25.120000-04:00,13.530167579650879,0.722876250743866,-12.807291030883789
2026-08-04T04:52:25.124000-04:00,13.53659725189209,0.7275527715682983,-12.80904483795166
2026-08-04T04:52:25.128000-04:00,13.532739639282227,0.7274358868598938,-12.805303573608398
2026-08-04T04:52:25.132000-04:00,13.536714553833008,0.7295403480529785,-12.807174682617188
2026-08-04T04:52:25.136000-04:00,13.537065505981445,0.7421669960021973,-12.794898986816406
2026-08-04T04:52:25.140000-04:00,13.552614212036133,0.7604054808616638,-12.792208671569824
2026-08-04T04:52:25.144000-04:00,13.556940078735352,0.7738505601882935,-12.783089637756348
2026-08-04T04:52:25.148000-04:00,13.549107551574707,0.7905691862106323,-12.758538246154785
2026-08-04T04:52:25.152000-04:00,13.561149597167969,0.8005068302154541,-12.760643005371094
2026-08-04T04:52:25.156000-04:00,13.573541641235352,0.8144195675849915,-12.759121894836426
2026-08-04T04:52:25.160000-04:00,13.571554183959961,0.816173255443573,-12.755380630493164
2026-08-04T04:52:25.164000-04:00,13.58149242401123,0.8457523584365845,-12.735739707946777
2026-08-04T04:52:25.168000-04:00,13.595638275146484,0.8636401295661926,-12.731998443603516
2026-08-04T04:52:25.172000-04:00,13.594937324523926,0.8779035806655884,-12.717033386230469
2026-08-04T04:52:25.176000-04:00,13.607797622680664,0.9219799637794495,-12.68581771850586
2026-08-04T04:52:25.180000-04:00,13.621476173400879,0.9409199357032776,-12.680556297302246
2026-08-04T04:52:25.184000-04:00,13.637494087219238,0.9668747782707214,-12.670619010925293
2026-08-04T04:52:25.188000-04:00,13.637727737426758,0.984061062335968,-12.653666496276855
2026-08-04T04:52:25.192000-04:00,13.666254043579102,1.021941065788269,-12.644312858581543
2026-08-04T04:52:25.196000-04:00,13.665669441223145,1.0409979820251465,-12.624671936035156
2026-08-04T04:52:25.200000-04:00,13.684142112731934,1.0812162160873413,-12.602926254272461
2026-08-04T04:52:25.204000-04:00,13.694430351257324,1.1155887842178345,-12.578841209411621
2026-08-04T04:52:25.208000-04:00,13.710681915283203,1.156859278678894,-12.55382251739502
2026-08-04T04:52:25.212000-04:00,13.719917297363281,1.1894780397415161,-12.530439376831055
2026-08-04T04:52:25.216000-04:00,13.72985553741455,1.2156667709350586,-12.514188766479492
2026-08-04T04:52:25.220000-04:00,13.73640251159668,1.251091480255127,-12.485311508178711
2026-08-04T04:52:25.224000-04:00,13.74856185913086,1.2737727165222168,-12.474788665771484
2026-08-04T04:52:25.228000-04:00,13.747509002685547,1.2952848672866821,-12.452223777770996
2026-08-04T04:52:25.232000-04:00,13.748795509338379,1.310834288597107,-12.43796157836914
2026-08-04T04:52:25.236000-04:00,13.741780281066895,1.3211227655410767,-12.42065715789795
2026-08-04T04:52:25.240000-04:00,13.750198364257812,1.3387765884399414,-12.411421775817871
2026-08-04T04:52:25.244000-04:00,13.744118690490723,1.3350354433059692,-12.409083366394043
2026-08-04T04:52:25.248000-04:00,13.732778549194336,1.326033115386963,-12.406745910644531
2026-08-04T04:52:25.252000-04:00,13.723191261291504,1.3185505867004395,-12.404640197753906
2026-08-04T04:52:25.256000-04:00,13.711382865905762,1.2955186367034912,-12.415863990783691
2026-08-04T04:52:25.260000-04:00,13.702030181884766,1.273305058479309,-12.428725242614746
2026-08-04T04:52:25.264000-04:00,13.69302749633789,1.2385817766189575,-12.454445838928223
2026-08-04T04:52:25.268000-04:00,13.66005802154541,1.1878412961959839,-12.472216606140137
2026-08-04T04:52:25.272000-04:00,13.633986473083496,1.1237727403640747,-12.510213851928711
2026-08-04T04:52:25.276000-04:00,13.616332054138184,1.0492987632751465,-12.567033767700195
2026-08-04T04:52:25.280000-04:00,13.601250648498535,1.009197473526001,-12.592053413391113
2026-08-04T04:52:25.284000-04:00,13.572957038879395,0.9415045380592346,-12.631452560424805
2026-08-04T04:52:25.288000-04:00,13.560681343078613,0.8945053219795227,-12.666175842285156
2026-08-04T04:52:25.292000-04:00,13.54045581817627,0.8354639410972595,-12.704992294311523
2026-08-04T04:52:25.296000-04:00,13.529699325561523,0.8082231283187866,-12.721476554870605
2026-08-04T04:52:25.300000-04:00,13.514851570129395,0.7559627890586853,-12.758889198303223
2026-08-04T04:52:25.304000-04:00,13.51146125793457,0.7325800657272339,-12.778881072998047
2026-08-04T04:52:25.308000-04:00,13.498366355895996,0.6830087304115295,-12.815357208251953
2026-08-04T04:52:25.312000-04:00,13.488662719726562,0.645011842250824,-12.843650817871094
2026-08-04T04:52:25.316000-04:00,13.473581314086914,0.6261887550354004,-12.847393035888672
2026-08-04T04:52:25.320000-04:00,13.471827507019043,0.6137959361076355,-12.858031272888184
2026-08-04T04:52:25.324000-04:00,13.472996711730957,0.6061965823173523,-12.866800308227539
2026-08-04T04:52:25.328000-04:00,13.461421966552734,0.5989479422569275,-12.86247444152832
2026-08-04T04:52:25.332000-04:00,13.462708473205566,0.5915823578834534,-12.871126174926758
2026-08-04T04:52:25.336000-04:00,13.450665473937988,0.5870227813720703,-12.863642692565918
2026-08-04T04:52:25.340000-04:00,13.452887535095215,0.583164632320404,-12.869723320007324
2026-08-04T04:52:25.344000-04:00,13.454757690429688,0.5760328769683838,-12.878725051879883
2026-08-04T04:52:25.348000-04:00,13.44166374206543,0.5607172250747681,-12.880946159362793
2026-08-04T04:52:25.352000-04:00,13.441195487976074,0.5631723999977112,-12.878023147583008
2026-08-04T04:52:25.356000-04:00,13.446456909179688,0.5556899309158325,-12.890767097473145
2026-08-04T04:52:25.360000-04:00,13.447158813476562,0.5583789348602295,-12.888779640197754
2026-08-04T04:52:25.364000-04:00,13.445638656616211,0.5662121772766113,-12.879426956176758
2026-08-04T04:52:25.368000-04:00,13.447158813476562,0.5615355968475342,-12.88562297821045
2026-08-04T04:52:25.372000-04:00,13.44610595703125,0.5649260878562927,-12.881179809570312
2026-08-04T04:52:25.376000-04:00,13.443533897399902,0.5742791891098022,-12.869255065917969
2026-08-04T04:52:25.380000-04:00,13.443768501281738,0.5766174793243408,-12.867151260375977
2026-08-04T04:52:25.384000-04:00,13.45382308959961,0.5855028629302979,-12.86832046508789
2026-08-04T04:52:25.388000-04:00,13.447392463684082,0.5934529900550842,-12.853939056396484
2026-08-04T04:52:25.392000-04:00,13.450081825256348,0.5872565507888794,-12.862825393676758
2026-08-04T04:52:25.396000-04:00,13.447626113891602,0.5786049962043762,-12.86902141571045
2026-08-04T04:52:25.400000-04:00,13.454524040222168,0.5908808708190918,-12.863643646240234
2026-08-04T04:52:25.404000-04:00,13.45440673828125,0.6001170873641968,-12.854290008544922
2026-08-04T04:52:25.408000-04:00,13.45604419708252,0.597194254398346,-12.85884952545166
2026-08-04T04:52:25.412000-04:00,13.462240219116211,0.6086517572402954,-12.853588104248047
2026-08-04T04:52:25.416000-04:00,13.455926895141602,0.6095870733261108,-12.84634017944336
2026-08-04T04:52:25.420000-04:00,13.466215133666992,0.6115745902061462,-12.85464096069336
2026-08-04T04:52:25.424000-04:00,13.461304664611816,0.610405445098877,-12.850898742675781
2026-08-04T04:52:25.428000-04:00,13.4683198928833,0.610990047454834,-12.857330322265625
2026-08-04T04:52:25.432000-04:00,13.464461326599121,0.6259549260139465,-12.838506698608398
2026-08-04T04:52:25.436000-04:00,13.47077465057373,0.625838041305542,-12.84493637084961
2026-08-04T04:52:25.440000-04:00,13.468437194824219,0.6348403692245483,-12.833597183227539
2026-08-04T04:52:25.444000-04:00,13.475802421569824,0.6325021386146545,-12.843299865722656
2026-08-04T04:52:25.448000-04:00,13.475919723510742,0.6218630075454712,-12.854056358337402
2026-08-04T04:52:25.452000-04:00,13.473346710205078,0.6189401149749756,-12.854406356811523
2026-08-04T04:52:25.456000-04:00,13.470541000366211,0.6344896554946899,-12.836050987243652
2026-08-04T04:52:25.460000-04:00,13.478841781616211,0.6469993591308594,-12.831842422485352
2026-08-04T04:52:25.464000-04:00,13.477556228637695,0.6462979316711426,-12.831258773803711
2026-08-04T04:52:25.468000-04:00,13.476153373718262,0.6377632021903992,-12.838390350341797
2026-08-04T04:52:25.472000-04:00,13.47510051727295,0.6293454170227051,-12.845754623413086
2026-08-04T04:52:25.476000-04:00,13.476153373718262,0.6280593872070312,-12.84809398651123
2026-08-04T04:52:25.480000-04:00,13.479894638061523,0.6170695424079895,-12.862825393676758
2026-08-04T04:52:25.484000-04:00,13.476269721984863,0.6139128804206848,-12.862357139587402
2026-08-04T04:52:25.488000-04:00,13.477556228637695,0.6125099062919617,-12.865046501159668
2026-08-04T04:52:25.492000-04:00,13.465045928955078,0.6137959361076355,-12.851249694824219
2026-08-04T04:52:25.496000-04:00,13.469606399536133,0.6157834529876709,-12.853822708129883
2026-08-04T04:52:25.500000-04:00,13.47872543334961,0.6094701290130615,-12.869255065917969
2026-08-04T04:52:25.504000-04:00,13.481648445129395,0.6129775643348694,-12.868670463562012
2026-08-04T04:52:25.508000-04:00,13.473464012145996,0.6021046042442322,-12.871359825134277
2026-08-04T04:52:25.512000-04:00,13.465396881103516,0.589594841003418,-12.875802040100098
2026-08-04T04:52:25.516000-04:00,13.465163230895996,0.5925176739692688,-12.872645378112793
2026-08-04T04:52:25.520000-04:00,13.46855354309082,0.5982464551925659,-12.870306968688965
2026-08-04T04:52:25.524000-04:00,13.46656608581543,0.5945051908493042,-12.872060775756836
2026-08-04T04:52:25.528000-04:00,13.459668159484863,0.5876073241233826,-12.872060775756836
2026-08-04T04:52:25.532000-04:00,13.464929580688477,0.5838660597801208,-12.881063461303711
2026-08-04T04:52:25.536000-04:00,13.462942123413086,0.5826969742774963,-12.880245208740234
2026-08-04T04:52:25.540000-04:00,13.470190048217773,0.5880749821662903,-12.882115364074707
2026-08-04T04:52:25.544000-04:00,13.46212387084961,0.5918161869049072,-12.870307922363281
2026-08-04T04:52:25.548000-04:00,13.45779800415039,0.5793064832687378,-12.878491401672363
2026-08-04T04:52:25.552000-04:00,13.456862449645996,0.5822293162345886,-12.874632835388184
2026-08-04T04:52:25.556000-04:00,13.468670845031738,0.5734607577323914,-12.895210266113281
2026-08-04T04:52:25.560000-04:00,13.466215133666992,0.573110044002533,-12.893105506896973
2026-08-04T04:52:25.564000-04:00,13.461655616760254,0.5765005350112915,-12.885154724121094
2026-08-04T04:52:25.568000-04:00,13.465396881103516,0.5678489208221436,-12.897547721862793
2026-08-04T04:52:25.572000-04:00,13.465630531311035,0.5768512487411499,-12.888779640197754
2026-08-04T04:52:25.576000-04:00,13.458616256713867,0.5769681930541992,-12.881648063659668
2026-08-04T04:52:25.580000-04:00,13.460837364196777,0.5719408988952637,-12.888896942138672
2026-08-04T04:52:25.584000-04:00,13.461655616760254,0.5518317818641663,-12.909823417663574
2026-08-04T04:52:25.588000-04:00,13.45826530456543,0.554988443851471,-12.903276443481445
2026-08-04T04:52:25.592000-04:00,13.457329750061035,0.5587297081947327,-12.898599624633789
2026-08-04T04:52:25.596000-04:00,13.46434497833252,0.5780203938484192,-12.886324882507324
2026-08-04T04:52:25.600000-04:00,13.487377166748047,0.6157834529876709,-12.871593475341797
2026-08-04T04:52:25.604000-04:00,13.502575874328613,0.650974452495575,-12.851601600646973
2026-08-04T04:52:25.608000-04:00,13.476737976074219,0.6405691504478455,-12.836169242858887
2026-08-04T04:52:25.612000-04:00,13.476503372192383,0.6500391364097595,-12.826464653015137
2026-08-04T04:52:25.616000-04:00,13.484336853027344,0.6567032337188721,-12.82763385772705
2026-08-04T04:52:25.620000-04:00,13.513331413269043,0.685580849647522,-12.827750205993652
2026-08-04T04:52:25.624000-04:00,13.513448715209961,0.7177320718765259,-12.795716285705566
2026-08-04T04:52:25.628000-04:00,13.48924732208252,0.748831033706665,-12.740416526794434
2026-08-04T04:52:25.632000-04:00,13.46212387084961,0.7480126619338989,-12.714111328125
2026-08-04T04:52:25.636000-04:00,13.457563400268555,0.7369058728218079,-12.720657348632812
2026-08-04T04:52:25.640000-04:00,13.467852592468262,0.7849573493003845,-12.68289566040039
2026-08-04T04:52:25.644000-04:00,13.463526725769043,0.7332815527915955,-12.730245590209961
2026-08-04T04:52:25.648000-04:00,13.471359252929688,0.7400625348091125,-12.73129653930664
2026-08-04T04:52:25.652000-04:00,13.481413841247559,0.7432191967964172,-12.738194465637207
2026-08-04T04:52:25.656000-04:00,13.499068260192871,0.7255652546882629,-12.773503303527832
2026-08-04T04:52:25.660000-04:00,13.493806838989258,0.7019487619400024,-12.791857719421387
2026-08-04T04:52:25.664000-04:00,13.484220504760742,0.6489869356155396,-12.835233688354492
2026-08-04T04:52:25.668000-04:00,13.467150688171387,0.6308653354644775,-12.836285591125488
2026-08-04T04:52:25.672000-04:00,13.461889266967773,0.6073657274246216,-12.854523658752441
2026-08-04T04:52:25.676000-04:00,13.470307350158691,0.5824631452560425,-12.88784408569336
2026-08-04T04:52:25.680000-04:00,13.460370063781738,0.5503119230270386,-12.91005802154541
2026-08-04T04:52:25.684000-04:00,13.438389778137207,0.527747631072998,-12.910642623901367
2026-08-04T04:52:25.688000-04:00,13.43535041809082,0.5207328200340271,-12.914617538452148
2026-08-04T04:52:25.692000-04:00,13.436986923217773,0.5000391006469727,-12.9369478225708
2026-08-04T04:52:25.696000-04:00,13.443533897399902,0.5086907148361206,-12.934843063354492
2026-08-04T04:52:25.700000-04:00,13.440611839294434,0.5083399415016174,-12.932271957397461
2026-08-04T04:52:25.704000-04:00,13.439909934997559,0.5065862536430359,-12.933323860168457
2026-08-04T04:52:25.708000-04:00,13.441312789916992,0.48507416248321533,-12.956238746643066
2026-08-04T04:52:25.712000-04:00,13.428568840026855,0.47841009497642517,-12.950159072875977
2026-08-04T04:52:25.716000-04:00,13.426231384277344,0.48074835538864136,-12.945483207702637
2026-08-04T04:52:25.720000-04:00,13.435935020446777,0.4862433075904846,-12.949691772460938
2026-08-04T04:52:25.724000-04:00,13.435701370239258,0.48788008093833923,-12.947821617126465
2026-08-04T04:52:25.728000-04:00,13.430322647094727,0.4740842878818512,-12.956238746643066
2026-08-04T04:52:25.732000-04:00,13.429037094116211,0.4780593514442444,-12.950977325439453
2026-08-04T04:52:25.736000-04:00,13.428568840026855,0.47466886043548584,-12.953900337219238
2026-08-04T04:52:25.740000-04:00,13.42751693725586,0.4897507131099701,-12.937766075134277
2026-08-04T04:52:25.744000-04:00,13.427985191345215,0.4910367727279663,-12.936948776245117
2026-08-04T04:52:25.748000-04:00,13.398990631103516,0.48916614055633545,-12.90982437133789
2026-08-04T04:52:25.752000-04:00,13.38577938079834,0.5227203369140625,-12.863059043884277
2026-08-04T04:52:25.756000-04:00,13.399574279785156,0.5475059747695923,-12.852067947387695
2026-08-04T04:52:25.760000-04:00,13.440377235412598,0.5334763526916504,-12.906900405883789
2026-08-04T04:52:25.764000-04:00,13.543962478637695,0.6202262043952942,-12.923736572265625
2026-08-04T04:52:25.768000-04:00,13.665435791015625,0.7846065759658813,-12.880828857421875
2026-08-04T04:52:25.772000-04:00,13.858927726745605,1.1697196960449219,-12.689208030700684
2026-08-04T04:52:25.776000-04:00,13.796846389770508,1.8741235733032227,-11.922722816467285
2026-08-04T04:52:25.780000-04:00,13.765748023986816,2.443960189819336,-11.32178783416748
2026-08-04T04:52:25.784000-04:00,13.660759925842285,3.0254878997802734,-10.635272026062012
2026-08-04T04:52:25.788000-04:00,13.64567756652832,2.9706554412841797,-10.67502212524414
2026-08-04T04:52:25.792000-04:00,13.594820022583008,2.662003755569458,-10.932816505432129
2026-08-04T04:52:25.796000-04:00,13.532739639282227,2.213991165161133,-11.318748474121094
2026-08-04T04:52:25.800000-04:00,13.473113059997559,1.4756823778152466,-11.997430801391602
2026-08-04T04:52:25.804000-04:00,13.41290283203125,1.136983871459961,-12.275918960571289
2026-08-04T04:52:25.808000-04:00,13.49146842956543,0.8298521041870117,-12.661616325378418
2026-08-04T04:52:25.812000-04:00,13.568397521972656,0.7459082007408142,-12.822489738464355
2026-08-04T04:52:25.816000-04:00,13.588974952697754,0.7474281191825867,-12.841547012329102
2026-08-04T04:52:25.820000-04:00,13.535077095031738,0.7139908075332642,-12.821085929870605
2026-08-04T04:52:25.824000-04:00,13.516020774841309,0.6929463744163513,-12.823074340820312
2026-08-04T04:52:25.828000-04:00,13.514266967773438,0.6735387444496155,-12.840727806091309
2026-08-04T04:52:25.832000-04:00,13.512864112854004,0.6628996133804321,-12.849964141845703
2026-08-04T04:52:25.836000-04:00,13.50117301940918,0.635308027267456,-12.865864753723145
2026-08-04T04:52:25.840000-04:00,13.507251739501953,0.6206938624382019,-12.886557579040527
2026-08-04T04:52:25.844000-04:00,13.514617919921875,0.6218630075454712,-12.892754554748535
2026-08-04T04:52:25.848000-04:00,13.506784439086914,0.6121591329574585,-12.894625663757324
2026-08-04T04:52:25.852000-04:00,13.510525703430176,0.6113407611846924,-12.899185180664062
2026-08-04T04:52:25.856000-04:00,13.514851570129395,0.621512234210968,-12.893339157104492
2026-08-04T04:52:25.860000-04:00,13.51777458190918,0.6196416020393372,-12.898133277893066
2026-08-04T04:52:25.864000-04:00,13.520112991333008,0.628527045249939,-12.891586303710938
2026-08-04T04:52:25.868000-04:00,13.521164894104004,0.6281763315200806,-12.892988204956055
2026-08-04T04:52:25.872000-04:00,13.518475532531738,0.6404522061347961,-12.878023147583008
2026-08-04T04:52:25.876000-04:00,13.524321556091309,0.6391661763191223,-12.88515567779541
2026-08-04T04:52:25.880000-04:00,13.52853012084961,0.6494545936584473,-12.87907600402832
2026-08-04T04:52:25.884000-04:00,13.529932975769043,0.6669915914535522,-12.86294174194336
2026-08-04T04:52:25.888000-04:00,13.532271385192871,0.6522604823112488,-12.880010604858398
2026-08-04T04:52:25.892000-04:00,13.541040420532227,0.652611255645752,-12.888429641723633
2026-08-04T04:52:25.896000-04:00,13.541390419006348,0.6771630644798279,-12.864227294921875
2026-08-04T04:52:25.900000-04:00,13.547236442565918,0.693414032459259,-12.853822708129883
2026-08-04T04:52:25.904000-04:00,13.554251670837402,0.7087297439575195,-12.845521926879883
2026-08-04T04:52:25.908000-04:00,13.556706428527832,0.720187246799469,-12.836519241333008
2026-08-04T04:52:25.912000-04:00,13.558109283447266,0.7214732766151428,-12.83663558959961
2026-08-04T04:52:25.916000-04:00,13.564656257629395,0.7353860139846802,-12.829270362854004
2026-08-04T04:52:25.920000-04:00,13.570619583129883,0.7422838807106018,-12.828335762023926
2026-08-04T04:52:25.924000-04:00,13.58803939819336,0.7731490731239319,-12.814889907836914
2026-08-04T04:52:25.928000-04:00,13.58149242401123,0.7848404049873352,-12.796651840209961
2026-08-04T04:52:25.932000-04:00,13.589442253112793,0.7864772081375122,-12.80296516418457
2026-08-04T04:52:25.936000-04:00,13.608031272888184,0.812899649143219,-12.79513168334961
2026-08-04T04:52:25.940000-04:00,13.613059043884277,0.8416603803634644,-12.771398544311523
2026-08-04T04:52:25.944000-04:00,13.621827125549316,0.8622371554374695,-12.759590148925781
2026-08-04T04:52:25.948000-04:00,13.63129711151123,0.8810602426528931,-12.750236511230469
2026-08-04T04:52:25.952000-04:00,13.648366928100586,0.9001171588897705,-12.748250007629395
2026-08-04T04:52:25.956000-04:00,13.659707069396973,0.9368279576301575,-12.722879409790039
2026-08-04T04:52:25.960000-04:00,13.669878959655762,0.9533128142356873,-12.71656608581543
2026-08-04T04:52:25.964000-04:00,13.683090209960938,1.0041701793670654,-12.678919792175293
2026-08-04T04:52:25.968000-04:00,13.690689086914062,1.017849087715149,-12.672840118408203
2026-08-04T04:52:25.972000-04:00,13.697937965393066,1.0462590456008911,-12.651679039001465
2026-08-04T04:52:25.976000-04:00,13.717813491821289,1.096531867980957,-12.621281623840332
2026-08-04T04:52:25.980000-04:00,13.726932525634766,1.1302028894424438,-12.596729278564453
2026-08-04T04:52:25.984000-04:00,13.736519813537598,1.164575457572937,-12.571944236755371
2026-08-04T04:52:25.988000-04:00,13.735817909240723,1.1787220239639282,-12.557095527648926
2026-08-04T04:52:25.992000-04:00,13.739441871643066,1.206547498703003,-12.532894134521484
2026-08-04T04:52:25.996000-04:00,13.74891185760498,1.2340221405029297,-12.51488971710205
2026-08-04T04:52:26-04:00,13.757563591003418,1.2583401203155518,-12.499223709106445
2026-08-04T04:52:26.004000-04:00,13.743300437927246,1.2704991102218628,-12.472801208496094
2026-08-04T04:52:26.008000-04:00,13.7449369430542,1.2726036310195923,-12.472332954406738
2026-08-04T04:52:26.012000-04:00,13.738039016723633,1.2547158002853394,-12.483323097229004
2026-08-04T04:52:26.016000-04:00,13.732427597045898,1.2434921264648438,-12.488935470581055
2026-08-04T04:52:26.020000-04:00,13.726815223693848,1.2291117906570435,-12.497703552246094
2026-08-04T04:52:26.024000-04:00,13.709746360778809,1.2023385763168335,-12.507408142089844
2026-08-04T04:52:26.028000-04:00,13.695833206176758,1.1576776504516602,-12.538155555725098
2026-08-04T04:52:26.032000-04:00,13.67420482635498,1.116757869720459,-12.55744743347168
2026-08-04T04:52:26.036000-04:00,13.655381202697754,1.053507685661316,-12.601873397827148
2026-08-04T04:52:26.040000-04:00,13.63153076171875,1.0015981197357178,-12.629932403564453
2026-08-04T04:52:26.044000-04:00,13.61656665802002,0.9554172158241272,-12.661149024963379
2026-08-04T04:52:26.048000-04:00,13.588974952697754,0.8866720795631409,-12.702302932739258
2026-08-04T04:52:26.052000-04:00,13.576581954956055,0.8452847003936768,-12.731297492980957
2026-08-04T04:52:26.056000-04:00,13.563838005065918,0.7908030152320862,-12.773035049438477
2026-08-04T04:52:26.060000-04:00,13.54466438293457,0.7505847811698914,-12.794079780578613
2026-08-04T04:52:26.064000-04:00,13.533557891845703,0.7077944278717041,-12.825763702392578
2026-08-04T04:52:26.068000-04:00,13.528413772583008,0.6786829233169556,-12.849730491638184
2026-08-04T04:52:26.072000-04:00,13.507953643798828,0.6371786594390869,-12.87077522277832
2026-08-04T04:52:26.076000-04:00,13.493924140930176,0.6018707752227783,-12.892053604125977
2026-08-04T04:52:26.080000-04:00,13.490416526794434,0.585269033908844,-12.905147552490234
2026-08-04T04:52:26.084000-04:00,13.470891952514648,0.5505457520484924,-12.9203462600708
2026-08-04T04:52:26.088000-04:00,13.471476554870605,0.5363991856575012,-12.935077667236328
2026-08-04T04:52:26.092000-04:00,13.467735290527344,0.5181607007980347,-12.94957447052002
2026-08-04T04:52:26.096000-04:00,13.470307350158691,0.5161731839179993,-12.954133987426758
2026-08-04T04:52:26.100000-04:00,13.461889266967773,0.5137180089950562,-12.948171615600586
2026-08-04T04:52:26.104000-04:00,13.467501640319824,0.5086907148361206,-12.958810806274414
2026-08-04T04:52:26.108000-04:00,13.45218563079834,0.4998052716255188,-12.952380180358887
2026-08-04T04:52:26.112000-04:00,13.455459594726562,0.48437267541885376,-12.971086502075195
2026-08-04T04:52:26.116000-04:00,13.457096099853516,0.5009744167327881,-12.956121444702148
2026-08-04T04:52:26.120000-04:00,13.457329750061035,0.49758392572402954,-12.959745407104492
2026-08-04T04:52:26.124000-04:00,13.45195198059082,0.4971162676811218,-12.954835891723633
2026-08-04T04:52:26.128000-04:00,13.454056739807129,0.4909198582172394,-12.963136672973633
2026-08-04T04:52:26.132000-04:00,13.442481994628906,0.4758380055427551,-12.966644287109375
2026-08-04T04:52:26.136000-04:00,13.442131042480469,0.48156675696372986,-12.960564613342285
2026-08-04T04:52:26.140000-04:00,13.456511497497559,0.5049494504928589,-12.95156192779541
2026-08-04T04:52:26.144000-04:00,13.453354835510254,0.4979346692562103,-12.95542049407959
2026-08-04T04:52:26.148000-04:00,13.447859764099121,0.49688243865966797,-12.950977325439453
2026-08-04T04:52:26.152000-04:00,13.442481994628906,0.499454528093338,-12.94302749633789
2026-08-04T04:52:26.156000-04:00,13.454290390014648,0.5017927885055542,-12.952497482299805
2026-08-04T04:52:26.160000-04:00,13.45826530456543,0.5069369673728943,-12.95132827758789
2026-08-04T04:52:26.164000-04:00,13.468670845031738,0.5194467306137085,-12.949224472045898
2026-08-04T04:52:26.168000-04:00,13.453588485717773,0.5223695635795593,-12.931219100952148
2026-08-04T04:52:26.172000-04:00,13.459785461425781,0.5251755118370056,-12.934610366821289
2026-08-04T04:52:26.176000-04:00,13.462942123413086,0.5337101817131042,-12.929231643676758
2026-08-04T04:52:26.180000-04:00,13.470190048217773,0.5321903228759766,-12.937999725341797
2026-08-04T04:52:26.184000-04:00,13.471009254455566,0.5349962115287781,-12.936013221740723
2026-08-04T04:52:26.188000-04:00,13.467617988586426,0.5172253847122192,-12.950392723083496
2026-08-04T04:52:26.192000-04:00,13.46212387084961,0.5311381220817566,-12.930985450744629
2026-08-04T04:52:26.196000-04:00,13.468202590942383,0.5337101817131042,-12.934492111206055
2026-08-04T04:52:26.200000-04:00,13.477556228637695,0.5499611496925354,-12.927595138549805
2026-08-04T04:52:26.204000-04:00,13.480595588684082,0.5559237599372864,-12.92467212677002
2026-08-04T04:52:26.208000-04:00,13.474515914916992,0.5521825551986694,-12.922333717346191
2026-08-04T04:52:26.212000-04:00,13.476971626281738,0.5432971119880676,-12.933674812316895
2026-08-04T04:52:26.216000-04:00,13.485389709472656,0.5487920045852661,-12.93659782409668
2026-08-04T04:52:26.220000-04:00,13.486207962036133,0.5504288077354431,-12.935779571533203
2026-08-04T04:52:26.224000-04:00,13.485739707946777,0.5430632829666138,-12.942676544189453
2026-08-04T04:52:26.228000-04:00,13.474515914916992,0.5421279668807983,-12.932388305664062
2026-08-04T04:52:26.232000-04:00,13.479192733764648,0.5234218239784241,-12.955770492553711
2026-08-04T04:52:26.236000-04:00,13.473697662353516,0.5423617959022522,-12.93133544921875
2026-08-04T04:52:26.240000-04:00,13.475685119628906,0.5280983448028564,-12.947587013244629
2026-08-04T04:52:26.244000-04:00,13.47439956665039,0.5302028059959412,-12.944196701049805
2026-08-04T04:52:26.248000-04:00,13.47463321685791,0.511730432510376,-12.962903022766113
2026-08-04T04:52:26.252000-04:00,13.474750518798828,0.5118473768234253,-12.962903022766113
2026-08-04T04:52:26.256000-04:00,13.471710205078125,0.5083399415016174,-12.963370323181152
2026-08-04T04:52:26.260000-04:00,13.473931312561035,0.5126657485961914,-12.961265563964844
2026-08-04T04:52:26.264000-04:00,13.476971626281738,0.5107951164245605,-12.966176986694336
2026-08-04T04:52:26.268000-04:00,13.471009254455566,0.5071707963943481,-12.963838577270508
2026-08-04T04:52:26.272000-04:00,13.468437194824219,0.5014420747756958,-12.966995239257812
2026-08-04T04:52:26.276000-04:00,13.475919723510742,0.4881139099597931,-12.987805366516113
2026-08-04T04:52:26.280000-04:00,13.468086242675781,0.48951688408851624,-12.978569030761719
2026-08-04T04:52:26.284000-04:00,13.46025276184082,0.4906860291957855,-12.969566345214844
2026-08-04T04:52:26.288000-04:00,13.461889266967773,0.4785270094871521,-12.983362197875977
2026-08-04T04:52:26.292000-04:00,13.455693244934082,0.48144984245300293,-12.9742431640625
2026-08-04T04:52:26.296000-04:00,13.461304664611816,0.4768902361392975,-12.984414100646973
2026-08-04T04:52:26.300000-04:00,13.467384338378906,0.4732659161090851,-12.994118690490723
2026-08-04T04:52:26.304000-04:00,13.467617988586426,0.4965316951274872,-12.971086502075195
2026-08-04T04:52:26.308000-04:00,13.462591171264648,0.4974670112133026,-12.965124130249023
2026-08-04T04:52:26.312000-04:00,13.466215133666992,0.48717862367630005,-12.979036331176758
2026-08-04T04:52:26.316000-04:00,13.475451469421387,0.4890492260456085,-12.98640251159668
2026-08-04T04:52:26.320000-04:00,13.4849214553833,0.5216680765151978,-12.963253021240234
2026-08-04T04:52:26.324000-04:00,13.471943855285645,0.5192129015922546,-12.952731132507324
2026-08-04T04:52:26.328000-04:00,13.472412109375,0.5437647700309753,-12.9286470413208
2026-08-04T04:52:26.332000-04:00,13.478608131408691,0.5538192987442017,-12.924788475036621
2026-08-04T04:52:26.336000-04:00,13.488078117370605,0.5600157380104065,-12.928062438964844
2026-08-04T04:52:26.340000-04:00,13.500003814697266,0.5872565507888794,-12.912747383117676
2026-08-04T04:52:26.344000-04:00,13.491936683654785,0.6178879141807556,-12.874049186706543
2026-08-04T04:52:26.348000-04:00,13.459901809692383,0.6372955441474915,-12.822606086730957
2026-08-04T04:52:26.352000-04:00,13.462942123413086,0.6512082815170288,-12.811734199523926
2026-08-04T04:52:26.356000-04:00,13.469255447387695,0.6314498782157898,-12.83780574798584
2026-08-04T04:52:26.360000-04:00,13.465630531311035,0.6355418562889099,-12.83008861541748
2026-08-04T04:52:26.364000-04:00,13.469722747802734,0.6329697370529175,-12.836752891540527
2026-08-04T04:52:26.368000-04:00,13.484687805175781,0.6443103551864624,-12.840377807617188
2026-08-04T04:52:26.372000-04:00,13.485506057739258,0.6199923753738403,-12.865513801574707
2026-08-04T04:52:26.376000-04:00,13.483635902404785,0.5914654731750488,-12.892169952392578
2026-08-04T04:52:26.380000-04:00,13.473113059997559,0.555573046207428,-12.917539596557617
2026-08-04T04:52:26.384000-04:00,13.472996711730957,0.5344116687774658,-12.93858528137207
2026-08-04T04:52:26.388000-04:00,13.47042465209961,0.5215511918067932,-12.948873519897461
2026-08-04T04:52:26.392000-04:00,13.462357521057129,0.4969993531703949,-12.965357780456543
2026-08-04T04:52:26.396000-04:00,13.461539268493652,0.47794243693351746,-12.983596801757812
2026-08-04T04:52:26.400000-04:00,13.4434175491333,0.4428683817386627,-13.00054931640625
2026-08-04T04:52:26.404000-04:00,13.44189739227295,0.4323461651802063,-13.009551048278809
2026-08-04T04:52:26.408000-04:00,13.435233116149902,0.42661741375923157,-13.008615493774414
2026-08-04T04:52:26.412000-04:00,13.434532165527344,0.41808271408081055,-13.016448974609375
2026-08-04T04:52:26.416000-04:00,13.432661056518555,0.4196026027202606,-13.01305866241455
2026-08-04T04:52:26.420000-04:00,13.435233116149902,0.41247087717056274,-13.022762298583984
2026-08-04T04:52:26.424000-04:00,13.43359661102295,0.4162121117115021,-13.01738452911377
2026-08-04T04:52:26.428000-04:00,13.435935020446777,0.407794326543808,-13.028141021728516
2026-08-04T04:52:26.432000-04:00,13.426698684692383,0.3973890244960785,-13.029309272766113
2026-08-04T04:52:26.436000-04:00,13.436285972595215,0.40241631865501404,-13.033869743347168
2026-08-04T04:52:26.440000-04:00,13.432544708251953,0.40253323316574097,-13.030011177062988
2026-08-04T04:52:26.444000-04:00,13.42927074432373,0.40124717354774475,-13.028023719787598
2026-08-04T04:52:26.448000-04:00,13.431258201599121,0.4046376645565033,-13.026620864868164
2026-08-04T04:52:26.452000-04:00,13.422372817993164,0.40767741203308105,-13.014695167541504
2026-08-04T04:52:26.456000-04:00,13.421554565429688,0.40253323316574097,-13.019021034240723
2026-08-04T04:52:26.460000-04:00,13.424593925476074,0.39925965666770935,-13.025334358215332
2026-08-04T04:52:26.464000-04:00,13.415942192077637,0.4131723642349243,-13.002769470214844
2026-08-04T04:52:26.468000-04:00,13.396885871887207,0.4288387596607208,-12.968047142028809
2026-08-04T04:52:26.472000-04:00,13.38998794555664,0.4641466438770294,-12.925841331481934
2026-08-04T04:52:26.476000-04:00,13.43172550201416,0.45537814497947693,-12.976346969604492
2026-08-04T04:52:26.480000-04:00,13.490533828735352,0.48869848251342773,-13.001834869384766
2026-08-04T04:52:26.484000-04:00,13.63959789276123,0.6816058158874512,-12.957992553710938
2026-08-04T04:52:26.488000-04:00,13.782349586486816,0.8953236937522888,-12.887025833129883
2026-08-04T04:52:26.492000-04:00,13.83694839477539,1.4845677614212036,-12.352380752563477
2026-08-04T04:52:26.496000-04:00,13.790183067321777,2.0316061973571777,-11.758577346801758
2026-08-04T04:52:26.500000-04:00,13.726581573486328,2.766056776046753,-10.960524559020996
2026-08-04T04:52:26.504000-04:00,13.642169952392578,2.881801128387451,-10.760368347167969
2026-08-04T04:52:26.508000-04:00,13.615864753723145,2.7408034801483154,-10.87506103515625
2026-08-04T04:52:26.512000-04:00,13.541975021362305,2.1761112213134766,-11.365863800048828
2026-08-04T04:52:26.516000-04:00,13.492754936218262,1.679579496383667,-11.813175201416016
2026-08-04T04:52:26.520000-04:00,13.404134750366211,1.1077555418014526,-12.296379089355469
2026-08-04T04:52:26.524000-04:00,13.423892974853516,0.8841000199317932,-12.539793014526367
2026-08-04T04:52:26.528000-04:00,13.512395858764648,0.7067421674728394,-12.80565357208252
2026-08-04T04:52:26.532000-04:00,13.556005477905273,0.6773968935012817,-12.878608703613281
2026-08-04T04:52:26.536000-04:00,13.55927848815918,0.657170832157135,-12.902107238769531
2026-08-04T04:52:26.540000-04:00,13.506550788879395,0.6343727111816406,-12.872178077697754
2026-08-04T04:52:26.544000-04:00,13.507369041442871,0.6208107471466064,-12.886558532714844
2026-08-04T04:52:26.548000-04:00,13.502575874328613,0.6019876599311829,-12.900588035583496
2026-08-04T04:52:26.552000-04:00,13.5015230178833,0.5870227813720703,-12.91450023651123
2026-08-04T04:52:26.556000-04:00,13.50538158416748,0.5657445192337036,-12.939637184143066
2026-08-04T04:52:26.560000-04:00,13.501757621765137,0.5669136047363281,-12.934844017028809
2026-08-04T04:52:26.564000-04:00,13.497899055480957,0.5642246007919312,-12.933674812316895
2026-08-04T04:52:26.568000-04:00,13.500588417053223,0.556625247001648,-12.943963050842285
2026-08-04T04:52:26.572000-04:00,13.500353813171387,0.5583789348602295,-12.941974639892578
2026-08-04T04:52:26.576000-04:00,13.508771896362305,0.5790726542472839,-12.929698944091797
2026-08-04T04:52:26.580000-04:00,13.504796981811523,0.583164632320404,-12.921632766723633
2026-08-04T04:52:26.584000-04:00,13.5097074508667,0.5952066779136658,-12.914501190185547
2026-08-04T04:52:26.588000-04:00,13.515202522277832,0.5874903798103333,-12.927712440490723
2026-08-04T04:52:26.592000-04:00,13.511343955993652,0.5947390198707581,-12.916604995727539
2026-08-04T04:52:26.596000-04:00,13.516839027404785,0.6063134670257568,-12.91052532196045
2026-08-04T04:52:26.600000-04:00,13.52022933959961,0.6192908883094788,-12.900938034057617
2026-08-04T04:52:26.604000-04:00,13.524672508239746,0.6351911425590515,-12.889481544494629
2026-08-04T04:52:26.608000-04:00,13.525373458862305,0.6397507190704346,-12.88562297821045
2026-08-04T04:52:26.612000-04:00,13.525373458862305,0.6431412696838379,-12.882232666015625
2026-08-04T04:52:26.616000-04:00,13.531219482421875,0.6558848023414612,-12.875334739685059
2026-08-04T04:52:26.620000-04:00,13.544781684875488,0.6598598957061768,-12.88492202758789
2026-08-04T04:52:26.624000-04:00,13.54220962524414,0.6736556887626648,-12.86855411529541
2026-08-04T04:52:26.628000-04:00,13.549925804138184,0.6766954064369202,-12.87322998046875
2026-08-04T04:52:26.632000-04:00,13.545833587646484,0.6975060105323792,-12.84832763671875
2026-08-04T04:52:26.636000-04:00,13.55483627319336,0.7215902209281921,-12.833246231079102
2026-08-04T04:52:26.640000-04:00,13.564188957214355,0.7439206838607788,-12.820268630981445
2026-08-04T04:52:26.644000-04:00,13.57342529296875,0.7489479780197144,-12.824477195739746
2026-08-04T04:52:26.648000-04:00,13.572489738464355,0.7635621428489685,-12.808927536010742
2026-08-04T04:52:26.652000-04:00,13.576464653015137,0.7725644707679749,-12.803899765014648
2026-08-04T04:52:26.656000-04:00,13.59224796295166,0.8019098043441772,-12.790338516235352
2026-08-04T04:52:26.660000-04:00,13.600198745727539,0.823188066482544,-12.777010917663574
2026-08-04T04:52:26.664000-04:00,13.612590789794922,0.8499612212181091,-12.762629508972168
2026-08-04T04:52:26.668000-04:00,13.624399185180664,0.8886595964431763,-12.735739707946777
2026-08-04T04:52:26.672000-04:00,13.636792182922363,0.9187064170837402,-12.718086242675781
2026-08-04T04:52:26.676000-04:00,13.651874542236328,0.9514421820640564,-12.700432777404785
2026-08-04T04:52:26.680000-04:00,13.658888816833496,0.9768124222755432,-12.682076454162598
2026-08-04T04:52:26.684000-04:00,13.675023078918457,1.0117695331573486,-12.663253784179688
2026-08-04T04:52:26.688000-04:00,13.680634498596191,1.037373661994934,-12.643260955810547
2026-08-04T04:52:26.692000-04:00,13.694781303405762,1.0842559337615967,-12.610525131225586
2026-08-04T04:52:26.696000-04:00,13.70542049407959,1.0999222993850708,-12.605498313903809
2026-08-04T04:52:26.700000-04:00,13.712669372558594,1.141660451889038,-12.571008682250977
2026-08-04T04:52:26.704000-04:00,13.71325397491455,1.1766176223754883,-12.536636352539062
2026-08-04T04:52:26.708000-04:00,13.721321105957031,1.1881920099258423,-12.53312873840332
2026-08-04T04:52:26.712000-04:00,13.725763320922852,1.2150821685791016,-12.51068115234375
2026-08-04T04:52:26.716000-04:00,13.73008918762207,1.2268904447555542,-12.503198623657227
2026-08-04T04:52:26.720000-04:00,13.72985553741455,1.2383478879928589,-12.491507530212402
2026-08-04T04:52:26.724000-04:00,13.722957611083984,1.238932490348816,-12.484025001525879
2026-08-04T04:52:26.728000-04:00,13.720151901245117,1.2316838502883911,-12.488468170166016
2026-08-04T04:52:26.732000-04:00,13.71570873260498,1.2233830690383911,-12.492325782775879
2026-08-04T04:52:26.736000-04:00,13.703900337219238,1.2199925184249878,-12.483907699584961
2026-08-04T04:52:26.740000-04:00,13.692091941833496,1.18035888671875,-12.511733055114746
2026-08-04T04:52:26.744000-04:00,13.676192283630371,1.1506627798080444,-12.525529861450195
2026-08-04T04:52:26.748000-04:00,13.654562950134277,1.0902185440063477,-12.56434440612793
2026-08-04T04:52:26.752000-04:00,13.636792182922363,1.0455574989318848,-12.59123420715332
2026-08-04T04:52:26.756000-04:00,13.614344596862793,0.981372058391571,-12.632972717285156
2026-08-04T04:52:26.760000-04:00,13.598210334777832,0.94349205493927,-12.654718399047852
2026-08-04T04:52:26.764000-04:00,13.57342529296875,0.8807095289230347,-12.692715644836426
2026-08-04T04:52:26.768000-04:00,13.558577537536621,0.8106783032417297,-12.747899055480957
2026-08-04T04:52:26.772000-04:00,13.536948204040527,0.7723307013511658,-12.764617919921875
2026-08-04T04:52:26.776000-04:00,13.519177436828613,0.7254483699798584,-12.793728828430176
2026-08-04T04:52:26.780000-04:00,13.510408401489258,0.6917772889137268,-12.818631172180176
2026-08-04T04:52:26.784000-04:00,13.502692222595215,0.6530789136886597,-12.849613189697266
2026-08-04T04:52:26.788000-04:00,13.481882095336914,0.6257210969924927,-12.856161117553711
2026-08-04T04:52:26.792000-04:00,13.475919723510742,0.5816447138786316,-12.894274711608887
2026-08-04T04:52:26.796000-04:00,13.469021797180176,0.5646922588348389,-12.904329299926758
2026-08-04T04:52:26.800000-04:00,13.469021797180176,0.5455184578895569,-12.923502922058105
2026-08-04T04:52:26.804000-04:00,13.457914352416992,0.5366330146789551,-12.921281814575195
2026-08-04T04:52:26.808000-04:00,13.453705787658691,0.5247078537940979,-12.928997993469238
2026-08-04T04:52:26.812000-04:00,13.444469451904297,0.4953625500202179,-12.94910717010498
2026-08-04T04:52:26.816000-04:00,13.446807861328125,0.4969993531703949,-12.949808120727539
2026-08-04T04:52:26.820000-04:00,13.440961837768555,0.4943103492259979,-12.946651458740234
2026-08-04T04:52:26.824000-04:00,13.440494537353516,0.4876462519168854,-12.952848434448242
2026-08-04T04:52:26.828000-04:00,13.433012008666992,0.48752936720848083,-12.94548225402832
2026-08-04T04:52:26.832000-04:00,13.432076454162598,0.4834373891353607,-12.948638916015625
2026-08-04T04:52:26.836000-04:00,13.43172550201416,0.4808652698993683,-12.950860023498535
2026-08-04T04:52:26.840000-04:00,13.436519622802734,0.4874124526977539,-12.94910717010498
2026-08-04T04:52:26.844000-04:00,13.4268159866333,0.48671096563339233,-12.940105438232422
2026-08-04T04:52:26.848000-04:00,13.435701370239258,0.47630566358566284,-12.959395408630371
2026-08-04T04:52:26.852000-04:00,13.434532165527344,0.4749026894569397,-12.95962905883789
2026-08-04T04:52:26.856000-04:00,13.42973804473877,0.4818005859851837,-12.94793701171875
2026-08-04T04:52:26.860000-04:00,13.43312931060791,0.48636022210121155,-12.946768760681152
2026-08-04T04:52:26.864000-04:00,13.435466766357422,0.4989868700504303,-12.936479568481445
2026-08-04T04:52:26.868000-04:00,13.438156127929688,0.49922069907188416,-12.938935279846191
2026-08-04T04:52:26.872000-04:00,13.436986923217773,0.49723318219184875,-12.939753532409668
2026-08-04T04:52:26.876000-04:00,13.442481994628906,0.5021435618400574,-12.940338134765625
2026-08-04T04:52:26.880000-04:00,13.44949722290039,0.5088075995445251,-12.940690040588379
2026-08-04T04:52:26.884000-04:00,13.43944263458252,0.5154716968536377,-12.923971176147461
2026-08-04T04:52:26.888000-04:00,13.440143585205078,0.5127826929092407,-12.927360534667969
2026-08-04T04:52:26.892000-04:00,13.449028968811035,0.5182775855064392,-12.93075180053711
2026-08-04T04:52:26.896000-04:00,13.453238487243652,0.5210835337638855,-12.932154655456543
2026-08-04T04:52:26.900000-04:00,13.45241928100586,0.5312550067901611,-12.921164512634277
2026-08-04T04:52:26.904000-04:00,13.448561668395996,0.5323072075843811,-12.916254043579102
2026-08-04T04:52:26.908000-04:00,13.451601028442383,0.535814642906189,-12.915786743164062
2026-08-04T04:52:26.912000-04:00,13.456511497497559,0.5344116687774658,-12.922100067138672
2026-08-04T04:52:26.916000-04:00,13.457680702209473,0.5319564938545227,-12.925724029541016
2026-08-04T04:52:26.920000-04:00,13.457914352416992,0.5424786806106567,-12.915435791015625
2026-08-04T04:52:26.924000-04:00,13.459083557128906,0.5386205315589905,-12.920462608337402
2026-08-04T04:52:26.928000-04:00,13.459083557128906,0.5423617959022522,-12.91672134399414
2026-08-04T04:52:26.932000-04:00,13.461421966552734,0.5353469848632812,-12.926074981689453
2026-08-04T04:52:26.936000-04:00,13.4600191116333,0.5383867025375366,-12.921632766723633
2026-08-04T04:52:26.940000-04:00,13.457096099853516,0.5455184578895569,-12.911577224731445
2026-08-04T04:52:26.944000-04:00,13.462357521057129,0.5510134100914001,-12.911344528198242
2026-08-04T04:52:26.948000-04:00,13.44949722290039,0.546336829662323,-12.903160095214844
2026-08-04T04:52:26.952000-04:00,13.453588485717773,0.5414264798164368,-12.912161827087402
2026-08-04T04:52:26.956000-04:00,13.457914352416992,0.5443493127822876,-12.913564682006836
2026-08-04T04:52:26.960000-04:00,13.463526725769043,0.548558235168457,-12.914968490600586
2026-08-04T04:52:26.964000-04:00,13.46072006225586,0.5466876029968262,-12.914031982421875
2026-08-04T04:52:26.968000-04:00,13.459317207336426,0.5392051339149475,-12.920111656188965
2026-08-04T04:52:26.972000-04:00,13.455459594726562,0.5366330146789551,-12.918827056884766
2026-08-04T04:52:26.976000-04:00,13.453705787658691,0.5400235056877136,-12.913681983947754
2026-08-04T04:52:26.980000-04:00,13.457213401794434,0.5286828875541687,-12.9285306930542
2026-08-04T04:52:26.984000-04:00,13.452887535095215,0.5272799730300903,-12.925607681274414
2026-08-04T04:52:26.988000-04:00,13.456628799438477,0.527747631072998,-12.92888069152832
2026-08-04T04:52:26.992000-04:00,13.451601028442383,0.5258769989013672,-12.925724029541016
2026-08-04T04:52:26.996000-04:00,13.450081825256348,0.5226033926010132,-12.927478790283203
2026-08-04T04:52:27-04:00,13.45195198059082,0.5131334066390991,-12.93881893157959
2026-08-04T04:52:27.004000-04:00,13.445989608764648,0.5200313329696655,-12.925958633422852
2026-08-04T04:52:27.008000-04:00,13.443533897399902,0.5145363807678223,-12.928997039794922
2026-08-04T04:52:27.012000-04:00,13.444936752319336,0.4953625500202179,-12.94957447052002
2026-08-04T04:52:27.016000-04:00,13.449262619018555,0.49957144260406494,-12.949690818786621
2026-08-04T04:52:27.020000-04:00,13.44949722290039,0.5145363807678223,-12.934961318969727
2026-08-04T04:52:27.024000-04:00,13.440494537353516,0.5042479634284973,-12.936246871948242
2026-08-04T04:52:27.028000-04:00,13.448912620544434,0.5069369673728943,-12.941975593566895
2026-08-04T04:52:27.032000-04:00,13.454290390014648,0.5162900686264038,-12.938000679016113
2026-08-04T04:52:27.036000-04:00,13.474282264709473,0.5517148971557617,-12.922567367553711
2026-08-04T04:52:27.040000-04:00,13.474282264709473,0.5753313899040222,-12.898950576782227
2026-08-04T04:52:27.044000-04:00,13.46072006225586,0.5722916722297668,-12.888428688049316
2026-08-04T04:52:27.048000-04:00,13.464695930480957,0.5915823578834534,-12.873113632202148
2026-08-04T04:52:27.052000-04:00,13.47849178314209,0.6001170873641968,-12.878375053405762
2026-08-04T04:52:27.056000-04:00,13.4849214553833,0.6075995564460754,-12.87732219696045
2026-08-04T04:52:27.060000-04:00,13.493806838989258,0.6447780132293701,-12.849028587341309
2026-08-04T04:52:27.064000-04:00,13.461889266967773,0.6883867979049683,-12.773502349853516
2026-08-04T04:52:27.068000-04:00,13.444586753845215,0.6906081438064575,-12.753978729248047
2026-08-04T04:52:27.072000-04:00,13.453705787658691,0.6908419728279114,-12.762864112854004
2026-08-04T04:52:27.076000-04:00,13.452770233154297,0.6772800087928772,-12.775489807128906
2026-08-04T04:52:27.080000-04:00,13.454991340637207,0.6793844103813171,-12.775607109069824
2026-08-04T04:52:27.084000-04:00,13.46247386932373,0.6921280026435852,-12.770345687866211
2026-08-04T04:52:27.088000-04:00,13.462006568908691,0.6945831775665283,-12.767423629760742
2026-08-04T04:52:27.092000-04:00,13.469489097595215,0.6700313687324524,-12.799457550048828
2026-08-04T04:52:27.096000-04:00,13.472294807434082,0.6427904963493347,-12.829504013061523
2026-08-04T04:52:27.100000-04:00,13.460954666137695,0.5997663140296936,-12.861187934875488
2026-08-04T04:52:27.104000-04:00,13.457563400268555,0.5908808708190918,-12.866682052612305
2026-08-04T04:52:27.108000-04:00,13.448444366455078,0.5752145051956177,-12.87322998046875
2026-08-04T04:52:27.112000-04:00,13.442131042480469,0.5507795810699463,-12.891351699829102
2026-08-04T04:52:27.116000-04:00,13.447508811950684,0.5349962115287781,-12.91251277923584
2026-08-04T04:52:27.120000-04:00,13.428218841552734,0.49197205901145935,-12.936246871948242
2026-08-04T04:52:27.124000-04:00,13.421554565429688,0.48472341895103455,-12.9368314743042
2026-08-04T04:52:27.128000-04:00,13.417228698730469,0.46636801958084106,-12.950860977172852
2026-08-04T04:52:27.132000-04:00,13.411850929260254,0.4568980038166046,-12.95495319366455
2026-08-04T04:52:27.136000-04:00,13.419683456420898,0.46473121643066406,-12.954952239990234
2026-08-04T04:52:27.140000-04:00,13.424009323120117,0.4503508508205414,-12.973658561706543
2026-08-04T04:52:27.144000-04:00,13.419098854064941,0.4435698688030243,-12.975528717041016
2026-08-04T04:52:27.148000-04:00,13.415708541870117,0.435502827167511,-12.980205535888672
2026-08-04T04:52:27.152000-04:00,13.40881061553955,0.4315277934074402,-12.977282524108887
2026-08-04T04:52:27.156000-04:00,13.41489028930664,0.4391271471977234,-12.975763320922852
2026-08-04T04:52:27.160000-04:00,13.425880432128906,0.43293073773384094,-12.992949485778809
2026-08-04T04:52:27.164000-04:00,13.412435531616211,0.4324630796909332,-12.979972839355469
2026-08-04T04:52:27.168000-04:00,13.405887603759766,0.4339829683303833,-12.971904754638672
2026-08-04T04:52:27.172000-04:00,13.411733627319336,0.4387764036655426,-12.972957611083984
2026-08-04T04:52:27.176000-04:00,13.415708541870117,0.44742801785469055,-12.968280792236328
2026-08-04T04:52:27.180000-04:00,13.410330772399902,0.44941553473472595,-12.960915565490723
2026-08-04T04:52:27.184000-04:00,13.390923500061035,0.4757210910320282,-12.915202140808105
2026-08-04T04:52:27.188000-04:00,13.361577987670898,0.5085737705230713,-12.853004455566406
2026-08-04T04:52:27.192000-04:00,13.37560749053955,0.5423617959022522,-12.833245277404785
2026-08-04T04:52:27.196000-04:00,13.407291412353516,0.526110827922821,-12.881180763244629
2026-08-04T04:52:27.200000-04:00,13.516721725463867,0.6071318984031677,-12.909589767456055
2026-08-04T04:52:27.204000-04:00,13.695365905761719,0.8650431036949158,-12.830323219299316
2026-08-04T04:52:27.208000-04:00,13.805030822753906,1.329774260520935,-12.47525691986084
2026-08-04T04:52:27.212000-04:00,13.748093605041504,1.8215125799179077,-11.926581382751465
2026-08-04T04:52:27.216000-04:00,13.725412368774414,2.3733444213867188,-11.352067947387695
2026-08-04T04:52:27.220000-04:00,13.638428688049316,3.018122434616089,-10.620306015014648
2026-08-04T04:52:27.224000-04:00,13.614228248596191,2.998948574066162,-10.615280151367188
2026-08-04T04:52:27.228000-04:00,13.558342933654785,2.720343589782715,-10.83799934387207
2026-08-04T04:52:27.232000-04:00,13.507486343383789,1.96730375289917,-11.540182113647461
2026-08-04T04:52:27.236000-04:00,13.472763061523438,1.467147707939148,-12.005615234375
2026-08-04T04:52:27.240000-04:00,13.44973087310791,1.0035855770111084,-12.446145057678223
2026-08-04T04:52:27.244000-04:00,13.510174751281738,0.8105614185333252,-12.699613571166992
2026-08-04T04:52:27.248000-04:00,13.572022438049316,0.7400625348091125,-12.83195972442627
2026-08-04T04:52:27.252000-04:00,13.582544326782227,0.718550443649292,-12.863993644714355
2026-08-04T04:52:27.256000-04:00,13.509356498718262,0.6999611854553223,-12.809394836425781
2026-08-04T04:52:27.260000-04:00,13.499652862548828,0.6632503867149353,-12.836402893066406
2026-08-04T04:52:27.264000-04:00,13.499886512756348,0.6467655301094055,-12.853120803833008
2026-08-04T04:52:27.268000-04:00,13.491118431091309,0.6212784051895142,-12.869839668273926
2026-08-04T04:52:27.272000-04:00,13.490533828735352,0.6071318984031677,-12.883401870727539
2026-08-04T04:52:27.276000-04:00,13.497431755065918,0.6043259501457214,-12.893105506896973
2026-08-04T04:52:27.280000-04:00,13.495911598205566,0.6049104928970337,-12.891000747680664
2026-08-04T04:52:27.284000-04:00,13.493339538574219,0.6012861728668213,-12.892053604125977
2026-08-04T04:52:27.288000-04:00,13.489714622497559,0.5966096520423889,-12.893104553222656
2026-08-04T04:52:27.292000-04:00,13.492637634277344,0.5945051908493042,-12.89813232421875
2026-08-04T04:52:27.296000-04:00,13.491819381713867,0.6003509163856506,-12.891468048095703
2026-08-04T04:52:27.300000-04:00,13.500588417053223,0.6072487831115723,-12.893339157104492
2026-08-04T04:52:27.304000-04:00,13.498600959777832,0.6208107471466064,-12.877790451049805
2026-08-04T04:52:27.308000-04:00,13.502692222595215,0.6154327392578125,-12.887259483337402
2026-08-04T04:52:27.312000-04:00,13.502341270446777,0.6329697370529175,-12.86937141418457
2026-08-04T04:52:27.316000-04:00,13.516020774841309,0.6458302736282349,-12.870190620422363
2026-08-04T04:52:27.320000-04:00,13.520112991333008,0.6500391364097595,-12.870074272155762
2026-08-04T04:52:27.324000-04:00,13.517657279968262,0.656118631362915,-12.861538887023926
2026-08-04T04:52:27.328000-04:00,13.519644737243652,0.6611459255218506,-12.858498573303223
2026-08-04T04:52:27.332000-04:00,13.523736953735352,0.6759939193725586,-12.847743034362793
2026-08-04T04:52:27.336000-04:00,13.524906158447266,0.6810212135314941,-12.84388542175293
2026-08-04T04:52:27.340000-04:00,13.541507720947266,0.6943493485450745,-12.847158432006836
2026-08-04T04:52:27.344000-04:00,13.53250503540039,0.6941155195236206,-12.83838939666748
2026-08-04T04:52:27.348000-04:00,13.541741371154785,0.7160952687263489,-12.82564640045166
2026-08-04T04:52:27.352000-04:00,13.544547080993652,0.722876250743866,-12.821670532226562
2026-08-04T04:52:27.356000-04:00,13.547821044921875,0.7502340078353882,-12.797587394714355
2026-08-04T04:52:27.360000-04:00,13.562668800354004,0.7575995922088623,-12.805068969726562
2026-08-04T04:52:27.364000-04:00,13.568163871765137,0.7786440253257751,-12.789520263671875
2026-08-04T04:52:27.368000-04:00,13.57763385772705,0.8050664663314819,-12.772567749023438
2026-08-04T04:52:27.372000-04:00,13.584415435791016,0.824824869632721,-12.759590148925781
2026-08-04T04:52:27.376000-04:00,13.592716217041016,0.8372176885604858,-12.755498886108398
2026-08-04T04:52:27.380000-04:00,13.594470024108887,0.8705379962921143,-12.723932266235352
2026-08-04T04:52:27.384000-04:00,13.61270809173584,0.8964928388595581,-12.716215133666992
2026-08-04T04:52:27.388000-04:00,13.627555847167969,0.9192909598350525,-12.70826530456543
2026-08-04T04:52:27.392000-04:00,13.62685489654541,0.949454665184021,-12.677400588989258
2026-08-04T04:52:27.396000-04:00,13.644508361816406,0.9754094481468201,-12.669098854064941
2026-08-04T04:52:27.400000-04:00,13.660876274108887,1.0095481872558594,-12.651328086853027
2026-08-04T04:52:27.404000-04:00,13.679348945617676,1.045440673828125,-12.63390827178955
2026-08-04T04:52:27.408000-04:00,13.678764343261719,1.0782933235168457,-12.600471496582031
2026-08-04T04:52:27.412000-04:00,13.702030181884766,1.117927074432373,-12.584102630615234
2026-08-04T04:52:27.416000-04:00,13.705303192138672,1.1534687280654907,-12.551834106445312
2026-08-04T04:52:27.420000-04:00,13.716644287109375,1.1855030059814453,-12.53114128112793
2026-08-04T04:52:27.424000-04:00,13.72225570678711,1.2063136100769043,-12.515941619873047
2026-08-04T04:52:27.428000-04:00,13.727399826049805,1.2354251146316528,-12.491974830627441
2026-08-04T04:52:27.432000-04:00,13.726114273071289,1.263016700744629,-12.46309757232666
2026-08-04T04:52:27.436000-04:00,13.726815223693848,1.2734220027923584,-12.45339298248291
2026-08-04T04:52:27.440000-04:00,13.728686332702637,1.2720190286636353,-12.456666946411133
2026-08-04T04:52:27.444000-04:00,13.719099044799805,1.276578664779663,-12.442520141601562
2026-08-04T04:52:27.448000-04:00,13.720970153808594,1.2820736169815063,-12.438896179199219
2026-08-04T04:52:27.452000-04:00,13.706005096435547,1.2568203210830688,-12.44918441772461
2026-08-04T04:52:27.456000-04:00,13.687182426452637,1.2223308086395264,-12.464851379394531
2026-08-04T04:52:27.460000-04:00,13.680869102478027,1.2029231786727905,-12.477946281433105
2026-08-04T04:52:27.464000-04:00,13.657719612121582,1.1558070182800293,-12.501913070678711
2026-08-04T04:52:27.468000-04:00,13.634102821350098,1.0906862020492554,-12.543416976928711
2026-08-04T04:52:27.472000-04:00,13.617852210998535,1.0482466220855713,-12.569605827331543
2026-08-04T04:52:27.476000-04:00,13.595521926879883,0.9873346090316772,-12.608187675476074
2026-08-04T04:52:27.480000-04:00,13.578335762023926,0.9450119137763977,-12.633323669433594
2026-08-04T04:52:27.484000-04:00,13.553082466125488,0.8824632167816162,-12.670619010925293
2026-08-04T04:52:27.488000-04:00,13.53028392791748,0.8400235772132874,-12.69025993347168
2026-08-04T04:52:27.492000-04:00,13.516956329345703,0.7803977131843567,-12.73655891418457
2026-08-04T04:52:27.496000-04:00,13.511110305786133,0.7471942901611328,-12.763916015625
2026-08-04T04:52:27.500000-04:00,13.497665405273438,0.703117847442627,-12.794548034667969
2026-08-04T04:52:27.504000-04:00,13.475802421569824,0.6583399772644043,-12.817462921142578
2026-08-04T04:52:27.508000-04:00,13.472294807434082,0.631800651550293,-12.840494155883789
2026-08-04T04:52:27.512000-04:00,13.46609878540039,0.6094701290130615,-12.85662841796875
2026-08-04T04:52:27.516000-04:00,13.457914352416992,0.5867889523506165,-12.871125221252441
2026-08-04T04:52:27.520000-04:00,13.446574211120605,0.5666797757148743,-12.879894256591797
2026-08-04T04:52:27.524000-04:00,13.442715644836426,0.5678489208221436,-12.874866485595703
2026-08-04T04:52:27.528000-04:00,13.43803882598877,0.5641077160835266,-12.873930931091309
2026-08-04T04:52:27.532000-04:00,13.433947563171387,0.5537024140357971,-12.880245208740234
2026-08-04T04:52:27.536000-04:00,13.432778358459473,0.5527670979499817,-12.880011558532715
2026-08-04T04:52:27.540000-04:00,13.431024551391602,0.5394389629364014,-12.891585350036621
2026-08-04T04:52:27.544000-04:00,13.428218841552734,0.5382698178291321,-12.889948844909668
2026-08-04T04:52:27.548000-04:00,13.422490119934082,0.5305535197257996,-12.891936302185059
2026-08-04T04:52:27.552000-04:00,13.418397903442383,0.5295013189315796,-12.888896942138672
2026-08-04T04:52:27.556000-04:00,13.417346000671387,0.533125638961792,-12.884220123291016
2026-08-04T04:52:27.560000-04:00,13.426932334899902,0.5362823009490967,-12.890649795532227
2026-08-04T04:52:27.564000-04:00,13.419449806213379,0.5352300405502319,-12.884220123291016
2026-08-04T04:52:27.568000-04:00,13.417579650878906,0.5339440107345581,-12.883635520935059
2026-08-04T04:52:27.572000-04:00,13.41676139831543,0.5241233110427856,-12.892638206481934
2026-08-04T04:52:27.576000-04:00,13.418164253234863,0.5258769989013672,-12.892287254333496
2026-08-04T04:52:27.580000-04:00,13.416176795959473,0.5302028059959412,-12.885973930358887
2026-08-04T04:52:27.584000-04:00,13.422021865844727,0.5407249927520752,-12.88129711151123
2026-08-04T04:52:27.588000-04:00,13.42927074432373,0.5423617959022522,-12.886908531188965
2026-08-04T04:52:27.592000-04:00,13.424711227416992,0.5517148971557617,-12.87299633026123
2026-08-04T04:52:27.596000-04:00,13.426465034484863,0.5563914179801941,-12.870073318481445
2026-08-04T04:52:27.600000-04:00,13.427750587463379,0.5558068156242371,-12.871943473815918
2026-08-04T04:52:27.604000-04:00,13.431375503540039,0.5432971119880676,-12.888078689575195
2026-08-04T04:52:27.608000-04:00,13.424711227416992,0.5432971119880676,-12.881414413452148
2026-08-04T04:52:27.612000-04:00,13.428101539611816,0.5407249927520752,-12.88737678527832
2026-08-04T04:52:27.616000-04:00,13.435466766357422,0.5473890900611877,-12.888077735900879
2026-08-04T04:52:27.620000-04:00,13.436051368713379,0.5591973662376404,-12.876853942871094
2026-08-04T04:52:27.624000-04:00,13.440728187561035,0.5664459466934204,-12.874281883239746
2026-08-04T04:52:27.628000-04:00,13.442248344421387,0.5556899309158325,-12.886558532714844
2026-08-04T04:52:27.632000-04:00,13.44166374206543,0.5669136047363281,-12.874750137329102
2026-08-04T04:52:27.636000-04:00,13.443300247192383,0.570421040058136,-12.872879028320312
2026-08-04T04:52:27.640000-04:00,13.448210716247559,0.5700702667236328,-12.878140449523926
2026-08-04T04:52:27.644000-04:00,13.455342292785645,0.5749806761741638,-12.880361557006836
2026-08-04T04:52:27.648000-04:00,13.445989608764648,0.5732269883155823,-12.872762680053711
2026-08-04T04:52:27.652000-04:00,13.44587230682373,0.5708886981010437,-12.874983787536621
2026-08-04T04:52:27.656000-04:00,13.44973087310791,0.564458429813385,-12.885272026062012
2026-08-04T04:52:27.660000-04:00,13.45241928100586,0.563406229019165,-12.889013290405273
2026-08-04T04:52:27.664000-04:00,13.451601028442383,0.5656275749206543,-12.88597297668457
2026-08-04T04:52:27.668000-04:00,13.447275161743164,0.5621201992034912,-12.885154724121094
2026-08-04T04:52:27.672000-04:00,13.447392463684082,0.5637569427490234,-12.883635520935059
2026-08-04T04:52:27.676000-04:00,13.446690559387207,0.5844506621360779,-12.862239837646484
2026-08-04T04:52:27.680000-04:00,13.454290390014648,0.5905301570892334,-12.863759994506836
2026-08-04T04:52:27.684000-04:00,13.45218563079834,0.5793064832687378,-12.872879028320312
2026-08-04T04:52:27.688000-04:00,13.444235801696777,0.5734607577323914,-12.87077522277832
2026-08-04T04:52:27.692000-04:00,13.44587230682373,0.5689011812210083,-12.876971244812012
2026-08-04T04:52:27.696000-04:00,13.445638656616211,0.5676150918006897,-12.878023147583008
2026-08-04T04:52:27.700000-04:00,13.451250076293945,0.5551053881645203,-12.89614486694336
2026-08-04T04:52:27.704000-04:00,13.437688827514648,0.5462199449539185,-12.89146900177002
2026-08-04T04:52:27.708000-04:00,13.439909934997559,0.5455184578895569,-12.894391059875488
2026-08-04T04:52:27.712000-04:00,13.438740730285645,0.535814642906189,-12.902926445007324
2026-08-04T04:52:27.716000-04:00,13.442248344421387,0.5461030006408691,-12.89614486694336
2026-08-04T04:52:27.720000-04:00,13.443183898925781,0.5528839826583862,-12.890299797058105
2026-08-04T04:52:27.724000-04:00,13.442481994628906,0.543647825717926,-12.898834228515625
2026-08-04T04:52:27.728000-04:00,13.4351167678833,0.5387374758720398,-12.896379470825195
2026-08-04T04:52:27.732000-04:00,13.436051368713379,0.5352300405502319,-12.900821685791016
2026-08-04T04:52:27.736000-04:00,13.4434175491333,0.54692143201828,-12.896495819091797
2026-08-04T04:52:27.740000-04:00,13.436285972595215,0.5454015135765076,-12.890884399414062
2026-08-04T04:52:27.744000-04:00,13.439909934997559,0.5383867025375366,-12.90152359008789
2026-08-04T04:52:27.748000-04:00,13.433713912963867,0.5319564938545227,-12.90175724029541
2026-08-04T04:52:27.752000-04:00,13.434648513793945,0.5269291996955872,-12.907719612121582
2026-08-04T04:52:27.756000-04:00,13.436870574951172,0.522837221622467,-12.914032936096191
2026-08-04T04:52:27.760000-04:00,13.436519622802734,0.528799831867218,-12.907719612121582
2026-08-04T04:52:27.764000-04:00,13.436051368713379,0.5286828875541687,-12.907368659973145
2026-08-04T04:52:27.768000-04:00,13.430088996887207,0.526110827922821,-12.90397834777832
2026-08-04T04:52:27.772000-04:00,13.428686141967773,0.5237725377082825,-12.904913902282715
2026-08-04T04:52:27.776000-04:00,13.440143585205078,0.5324241518974304,-12.907719612121582
2026-08-04T04:52:27.780000-04:00,13.427165985107422,0.5326579809188843,-12.894508361816406
2026-08-04T04:52:27.784000-04:00,13.431842803955078,0.5157055258750916,-12.9161376953125
2026-08-04T04:52:27.788000-04:00,13.432544708251953,0.4985192120075226,-12.934025764465332
2026-08-04T04:52:27.792000-04:00,13.425880432128906,0.49325811862945557,-12.932621955871582
2026-08-04T04:52:27.796000-04:00,13.434181213378906,0.5062355399131775,-12.927946090698242
2026-08-04T04:52:27.800000-04:00,13.439325332641602,0.5105612874031067,-12.928764343261719
2026-08-04T04:52:27.804000-04:00,13.434181213378906,0.5158224105834961,-12.91835880279541
2026-08-04T04:52:27.808000-04:00,13.430907249450684,0.5139517784118652,-12.916955947875977
2026-08-04T04:52:27.812000-04:00,13.432076454162598,0.514419436454773,-12.917656898498535
2026-08-04T04:52:27.816000-04:00,13.431842803955078,0.5125488638877869,-12.919294357299805
2026-08-04T04:52:27.820000-04:00,13.437337875366211,0.5015589594841003,-12.935778617858887
2026-08-04T04:52:27.824000-04:00,13.43979263305664,0.5034295916557312,-12.936363220214844
2026-08-04T04:52:27.828000-04:00,13.428919792175293,0.5031957626342773,-12.925724029541016
2026-08-04T04:52:27.832000-04:00,13.431024551391602,0.4957132935523987,-12.935311317443848
2026-08-04T04:52:27.836000-04:00,13.431258201599121,0.4920889735221863,-12.939168930053711
2026-08-04T04:52:27.840000-04:00,13.44189739227295,0.5134841799736023,-12.928413391113281
2026-08-04T04:52:27.844000-04:00,13.460837364196777,0.5302028059959412,-12.930634498596191
2026-08-04T04:52:27.848000-04:00,13.453472137451172,0.5570929050445557,-12.896379470825195
2026-08-04T04:52:27.852000-04:00,13.445171356201172,0.5692518949508667,-12.875919342041016
2026-08-04T04:52:27.856000-04:00,13.449847221374512,0.5936868190765381,-12.856160163879395
2026-08-04T04:52:27.860000-04:00,13.458732604980469,0.5984802842140198,-12.860252380371094
2026-08-04T04:52:27.864000-04:00,13.469138145446777,0.6092362999916077,-12.859901428222656
2026-08-04T04:52:27.868000-04:00,13.475217819213867,0.6432581543922424,-12.83195972442627
2026-08-04T04:52:27.872000-04:00,13.453354835510254,0.6655886173248291,-12.787766456604004
2026-08-04T04:52:27.876000-04:00,13.426347732543945,0.6800858974456787,-12.746261596679688
2026-08-04T04:52:27.880000-04:00,13.434181213378906,0.6792675256729126,-12.754913330078125
2026-08-04T04:52:27.884000-04:00,13.430790901184082,0.6568201184272766,-12.773970603942871
2026-08-04T04:52:27.888000-04:00,13.430557250976562,0.6625488996505737,-12.7680082321167
2026-08-04T04:52:27.892000-04:00,13.437337875366211,0.663718044757843,-12.773619651794434
2026-08-04T04:52:27.896000-04:00,13.453939437866211,0.6505067944526672,-12.80343246459961
2026-08-04T04:52:27.900000-04:00,13.462708473205566,0.642322838306427,-12.820385932922363
2026-08-04T04:52:27.904000-04:00,13.448210716247559,0.5898286700248718,-12.858382225036621
2026-08-04T04:52:27.908000-04:00,13.44189739227295,0.5700702667236328,-12.871827125549316
2026-08-04T04:52:27.912000-04:00,13.447158813476562,0.5690180659294128,-12.878140449523926
2026-08-04T04:52:27.916000-04:00,13.446807861328125,0.5513641238212585,-12.8954439163208
2026-08-04T04:52:27.920000-04:00,13.442481994628906,0.5406081080436707,-12.901873588562012
2026-08-04T04:52:27.924000-04:00,13.430907249450684,0.5104444026947021,-12.920462608337402
2026-08-04T04:52:27.928000-04:00,13.41512393951416,0.4874124526977539,-12.927711486816406
2026-08-04T04:52:27.932000-04:00,13.413721084594727,0.46987542510032654,-12.943845748901367
2026-08-04T04:52:27.936000-04:00,13.415592193603516,0.4592362940311432,-12.956356048583984
2026-08-04T04:52:27.940000-04:00,13.42096996307373,0.4524553120136261,-12.968514442443848
2026-08-04T04:52:27.944000-04:00,13.409979820251465,0.4412316083908081,-12.968748092651367
2026-08-04T04:52:27.948000-04:00,13.413954734802246,0.44777876138687134,-12.96617603302002
2026-08-04T04:52:27.952000-04:00,13.411967277526855,0.4358535706996918,-12.976113319396973
2026-08-04T04:52:27.956000-04:00,13.41313648223877,0.4290725886821747,-12.984064102172852
2026-08-04T04:52:27.960000-04:00,13.40881061553955,0.4239284098148346,-12.984882354736328
2026-08-04T04:52:27.964000-04:00,13.405420303344727,0.4272019863128662,-12.978218078613281
2026-08-04T04:52:27.968000-04:00,13.399925231933594,0.42895567417144775,-12.970969200134277
2026-08-04T04:52:27.972000-04:00,13.396885871887207,0.4231100082397461,-12.973775863647461
2026-08-04T04:52:27.976000-04:00,13.400860786437988,0.42334383726119995,-12.977517127990723
2026-08-04T04:52:27.980000-04:00,13.397821426391602,0.4300079047679901,-12.967813491821289
2026-08-04T04:52:27.984000-04:00,13.39653491973877,0.43702271580696106,-12.959511756896973
2026-08-04T04:52:27.988000-04:00,13.398055076599121,0.4460250437259674,-12.952030181884766
2026-08-04T04:52:27.992000-04:00,13.371866226196289,0.45339059829711914,-12.918476104736328
2026-08-04T04:52:27.996000-04:00,13.357134819030762,0.5036634206771851,-12.853471755981445
2026-08-04T04:52:28-04:00,13.387532234191895,0.5155885815620422,-12.871943473815918
2026-08-04T04:52:28.004000-04:00,13.45382308959961,0.5148870944976807,-12.938936233520508
2026-08-04T04:52:28.008000-04:00,13.543144226074219,0.619875431060791,-12.923269271850586
2026-08-04T04:52:28.012000-04:00,13.741430282592773,0.930748462677002,-12.81068229675293
2026-08-04T04:52:28.016000-04:00,13.82911491394043,1.2413877248764038,-12.587727546691895
2026-08-04T04:52:28.020000-04:00,13.744352340698242,1.9986364841461182,-11.745716094970703
2026-08-04T04:52:28.024000-04:00,13.714890480041504,2.550935983657837,-11.163954734802246
2026-08-04T04:52:28.028000-04:00,13.60686206817627,2.974045991897583,-10.632816314697266
2026-08-04T04:52:28.032000-04:00,13.583830833435059,2.812471389770508,-10.77135944366455
2026-08-04T04:52:28.036000-04:00,13.531335830688477,2.5083794593811035,-11.022956848144531
2026-08-04T04:52:28.040000-04:00,13.462708473205566,1.7468048334121704,-11.715903282165527
2026-08-04T04:52:28.044000-04:00,13.406706809997559,1.3098989725112915,-12.096807479858398
2026-08-04T04:52:28.048000-04:00,13.391390800476074,0.903507649898529,-12.487883567810059
2026-08-04T04:52:28.052000-04:00,13.460837364196777,0.739945650100708,-12.720891952514648
2026-08-04T04:52:28.056000-04:00,13.54688549041748,0.7044039368629456,-12.84248161315918
2026-08-04T04:52:28.060000-04:00,13.549107551574707,0.6959861516952515,-12.853121757507324
2026-08-04T04:52:28.064000-04:00,13.482115745544434,0.6634842157363892,-12.818631172180176
2026-08-04T04:52:28.068000-04:00,13.480361938476562,0.6303976774215698,-12.849964141845703
2026-08-04T04:52:28.072000-04:00,13.482349395751953,0.6137959361076355,-12.868553161621094
2026-08-04T04:52:28.076000-04:00,13.480361938476562,0.5945051908493042,-12.885856628417969
2026-08-04T04:52:28.080000-04:00,13.4849214553833,0.581527829170227,-12.903393745422363
2026-08-04T04:52:28.084000-04:00,13.481764793395996,0.563406229019165,-12.91835880279541
2026-08-04T04:52:28.088000-04:00,13.47510051727295,0.5570929050445557,-12.918007850646973
2026-08-04T04:52:28.092000-04:00,13.471242904663086,0.5597819089889526,-12.911460876464844
2026-08-04T04:52:28.096000-04:00,13.477556228637695,0.5696026682853699,-12.907953262329102
2026-08-04T04:52:28.100000-04:00,13.482816696166992,0.5725255012512207,-12.91029167175293
2026-08-04T04:52:28.104000-04:00,13.481648445129395,0.5837491750717163,-12.897899627685547
2026-08-04T04:52:28.108000-04:00,13.489714622497559,0.5881918668746948,-12.901522636413574
2026-08-04T04:52:28.112000-04:00,13.491819381713867,0.5966096520423889,-12.895209312438965
2026-08-04T04:52:28.116000-04:00,13.496612548828125,0.5922838449478149,-12.904328346252441
2026-08-04T04:52:28.120000-04:00,13.50584888458252,0.6046767234802246,-12.901172637939453
2026-08-04T04:52:28.124000-04:00,13.505732536315918,0.6092362999916077,-12.896495819091797
2026-08-04T04:52:28.128000-04:00,13.5014066696167,0.6142635941505432,-12.8871431350708
2026-08-04T04:52:28.132000-04:00,13.504095077514648,0.6281763315200806,-12.8759183883667
2026-08-04T04:52:28.136000-04:00,13.505147933959961,0.6312160491943359,-12.873931884765625
2026-08-04T04:52:28.140000-04:00,13.513799667358398,0.6417382955551147,-12.872061729431152
2026-08-04T04:52:28.144000-04:00,13.514266967773438,0.6481685042381287,-12.866098403930664
2026-08-04T04:52:28.148000-04:00,13.520931243896484,0.6597429513931274,-12.861187934875488
2026-08-04T04:52:28.152000-04:00,13.512395858764648,0.6787998676300049,-12.833596229553223
2026-08-04T04:52:28.156000-04:00,13.530868530273438,0.6908419728279114,-12.84002685546875
2026-08-04T04:52:28.160000-04:00,13.530050277709961,0.7079113125801086,-12.822138786315918
2026-08-04T04:52:28.164000-04:00,13.545833587646484,0.7038193345069885,-12.84201431274414
2026-08-04T04:52:28.168000-04:00,13.547938346862793,0.7155107259750366,-12.832427978515625
2026-08-04T04:52:28.172000-04:00,13.55483627319336,0.7332815527915955,-12.821555137634277
2026-08-04T04:52:28.176000-04:00,13.558342933654785,0.7523384690284729,-12.806004524230957
2026-08-04T04:52:28.180000-04:00,13.56921672821045,0.7851911783218384,-12.784025192260742
2026-08-04T04:52:28.184000-04:00,13.580439567565918,0.8070539832115173,-12.773386001586914
2026-08-04T04:52:28.188000-04:00,13.591780662536621,0.8193299174308777,-12.77245044708252
2026-08-04T04:52:28.192000-04:00,13.593300819396973,0.8300859332084656,-12.763215065002441
2026-08-04T04:52:28.196000-04:00,13.60884952545166,0.872642457485199,-12.736207008361816
2026-08-04T04:52:28.200000-04:00,13.618904113769531,0.9108731746673584,-12.708030700683594
2026-08-04T04:52:28.204000-04:00,13.642053604125977,0.9477009177207947,-12.694353103637695
2026-08-04T04:52:28.208000-04:00,13.648483276367188,0.9736557602882385,-12.674827575683594
2026-08-04T04:52:28.212000-04:00,13.656550407409668,0.9939987063407898,-12.662551879882812
2026-08-04T04:52:28.216000-04:00,13.664734840393066,1.021356463432312,-12.643378257751465
2026-08-04T04:52:28.220000-04:00,13.681219100952148,1.071863055229187,-12.609355926513672
2026-08-04T04:52:28.224000-04:00,13.685778617858887,1.0996885299682617,-12.586090087890625
2026-08-04T04:52:28.228000-04:00,13.700276374816895,1.140257477760315,-12.560018539428711
2026-08-04T04:52:28.232000-04:00,13.702263832092285,1.1606004238128662,-12.54166316986084
2026-08-04T04:52:28.236000-04:00,13.705771446228027,1.171356439590454,-12.534415245056152
2026-08-04T04:52:28.240000-04:00,13.709044456481934,1.2123931646347046,-12.496651649475098
2026-08-04T04:52:28.244000-04:00,13.711616516113281,1.2236168384552002,-12.48799991607666
2026-08-04T04:52:28.248000-04:00,13.699458122253418,1.2381141185760498,-12.461343765258789
2026-08-04T04:52:28.252000-04:00,13.697937965393066,1.2379971742630005,-12.459940910339355
2026-08-04T04:52:28.256000-04:00,13.697002410888672,1.2312161922454834,-12.46578598022461
2026-08-04T04:52:28.260000-04:00,13.693729400634766,1.216251254081726,-12.47747802734375
2026-08-04T04:52:28.264000-04:00,13.683908462524414,1.2070151567459106,-12.476893424987793
2026-08-04T04:52:28.268000-04:00,13.661811828613281,1.1609511375427246,-12.500860214233398
2026-08-04T04:52:28.272000-04:00,13.650938987731934,1.1332427263259888,-12.517696380615234
2026-08-04T04:52:28.276000-04:00,13.63351821899414,1.0857758522033691,-12.54774284362793
2026-08-04T04:52:28.280000-04:00,13.619606018066406,1.0485973358154297,-12.571008682250977
2026-08-04T04:52:28.284000-04:00,13.59634017944336,0.9697976112365723,-12.626543045043945
2026-08-04T04:52:28.288000-04:00,13.577751159667969,0.9273579716682434,-12.65039348602295
2026-08-04T04:52:28.292000-04:00,13.554017066955566,0.8766175508499146,-12.677399635314941
2026-08-04T04:52:28.296000-04:00,13.538117408752441,0.8104444742202759,-12.727672576904297
2026-08-04T04:52:28.300000-04:00,13.523503303527832,0.7668357491493225,-12.756667137145996
2026-08-04T04:52:28.304000-04:00,13.508771896362305,0.7255652546882629,-12.783206939697266
2026-08-04T04:52:28.308000-04:00,13.494976043701172,0.6890882253646851,-12.805888175964355
2026-08-04T04:52:28.312000-04:00,13.484103202819824,0.6401014924049377,-12.844001770019531
2026-08-04T04:52:28.316000-04:00,13.468086242675781,0.6211615204811096,-12.846924781799316
2026-08-04T04:52:28.320000-04:00,13.468904495239258,0.5839830040931702,-12.884921073913574
2026-08-04T04:52:28.324000-04:00,13.452302932739258,0.5692518949508667,-12.883050918579102
2026-08-04T04:52:28.328000-04:00,13.446925163269043,0.5544039011001587,-12.892520904541016
2026-08-04T04:52:28.332000-04:00,13.43944263458252,0.5395558476448059,-12.899887084960938
2026-08-04T04:52:28.336000-04:00,13.43535041809082,0.5272799730300903,-12.90807056427002
2026-08-04T04:52:28.340000-04:00,13.434999465942383,0.5139517784118652,-12.92104721069336
2026-08-04T04:52:28.344000-04:00,13.433012008666992,0.5037803053855896,-12.929231643676758
2026-08-04T04:52:28.348000-04:00,13.424009323120117,0.48671096563339233,-12.937298774719238
2026-08-04T04:52:28.352000-04:00,13.42342472076416,0.474435031414032,-12.948989868164062
2026-08-04T04:52:28.356000-04:00,13.423659324645996,0.48671096563339233,-12.936948776245117
2026-08-04T04:52:28.360000-04:00,13.426698684692383,0.4861263930797577,-12.940572738647461
2026-08-04T04:52:28.364000-04:00,13.416644096374512,0.49407652020454407,-12.922567367553711
2026-08-04T04:52:28.368000-04:00,13.411266326904297,0.4929073750972748,-12.91835880279541
2026-08-04T04:52:28.372000-04:00,13.422606468200684,0.49594712257385254,-12.92665958404541
2026-08-04T04:52:28.376000-04:00,13.419449806213379,0.48226824402809143,-12.93718147277832
2026-08-04T04:52:28.380000-04:00,13.416410446166992,0.4765394926071167,-12.939870834350586
2026-08-04T04:52:28.384000-04:00,13.41290283203125,0.4729151725769043,-12.939987182617188
2026-08-04T04:52:28.388000-04:00,13.41676139831543,0.47233060002326965,-12.944430351257324
2026-08-04T04:52:28.392000-04:00,13.421087265014648,0.48565873503685,-12.935428619384766
2026-08-04T04:52:28.396000-04:00,13.42751693725586,0.48752936720848083,-12.939987182617188
2026-08-04T04:52:28.400000-04:00,13.426698684692383,0.49033528566360474,-12.936363220214844
2026-08-04T04:52:28.404000-04:00,13.422021865844727,0.4934919476509094,-12.928529739379883
2026-08-04T04:52:28.408000-04:00,13.418631553649902,0.4998052716255188,-12.91882610321045
2026-08-04T04:52:28.412000-04:00,13.423775672912598,0.5102105736732483,-12.913564682006836
2026-08-04T04:52:28.416000-04:00,13.430790901184082,0.5084568858146667,-12.922333717346191
2026-08-04T04:52:28.420000-04:00,13.434648513793945,0.5089245438575745,-12.925724029541016
2026-08-04T04:52:28.424000-04:00,13.43312931060791,0.5100936889648438,-12.923035621643066
2026-08-04T04:52:28.428000-04:00,13.439091682434082,0.511730432510376,-12.927361488342285
2026-08-04T04:52:28.432000-04:00,13.440961837768555,0.5097429156303406,-12.931219100952148
2026-08-04T04:52:28.436000-04:00,13.447041511535645,0.5110289454460144,-12.936012268066406
2026-08-04T04:52:28.440000-04:00,13.43979263305664,0.5165238976478577,-12.92326831817627
2026-08-04T04:52:28.444000-04:00,13.43803882598877,0.5136010646820068,-12.924437522888184
2026-08-04T04:52:28.448000-04:00,13.447977066040039,0.5097429156303406,-12.938234329223633
2026-08-04T04:52:28.452000-04:00,13.439091682434082,0.5180437564849854,-12.921048164367676
2026-08-04T04:52:28.456000-04:00,13.444820404052734,0.5265784859657288,-12.918241500854492
2026-08-04T04:52:28.460000-04:00,13.457447052001953,0.5388543605804443,-12.91859245300293
2026-08-04T04:52:28.464000-04:00,13.452302932739258,0.5284490585327148,-12.923853874206543
2026-08-04T04:52:28.468000-04:00,13.447275161743164,0.5241233110427856,-12.923151969909668
2026-08-04T04:52:28.472000-04:00,13.449379920959473,0.5137180089950562,-12.935662269592285
2026-08-04T04:52:28.476000-04:00,13.450081825256348,0.5098598599433899,-12.940221786499023
2026-08-04T04:52:28.480000-04:00,13.445171356201172,0.510678231716156,-12.934493064880371
2026-08-04T04:52:28.484000-04:00,13.443183898925781,0.5242401957511902,-12.918943405151367
2026-08-04T04:52:28.488000-04:00,13.43581771850586,0.5250585675239563,-12.910758972167969
2026-08-04T04:52:28.492000-04:00,13.444820404052734,0.5241233110427856,-12.920697212219238
2026-08-04T04:52:28.496000-04:00,13.442364692687988,0.5237725377082825,-12.91859245300293
2026-08-04T04:52:28.500000-04:00,13.441079139709473,0.5155885815620422,-12.925490379333496
2026-08-04T04:52:28.504000-04:00,13.444352149963379,0.5035464763641357,-12.940805435180664
2026-08-04T04:52:28.508000-04:00,13.436519622802734,0.5168746709823608,-12.919645309448242
2026-08-04T04:52:28.512000-04:00,13.434999465942383,0.509626030921936,-12.925373077392578
2026-08-04T04:52:28.516000-04:00,13.439091682434082,0.514419436454773,-12.92467212677002
2026-08-04T04:52:28.520000-04:00,13.433479309082031,0.5053002238273621,-12.928178787231445
2026-08-04T04:52:28.524000-04:00,13.4351167678833,0.5100936889648438,-12.925023078918457
2026-08-04T04:52:28.528000-04:00,13.430439949035645,0.49325811862945557,-12.93718147277832
2026-08-04T04:52:28.532000-04:00,13.430088996887207,0.48682788014411926,-12.94326114654541
2026-08-04T04:52:28.536000-04:00,13.430673599243164,0.49243971705436707,-12.938234329223633
2026-08-04T04:52:28.540000-04:00,13.43535041809082,0.4820344150066376,-12.953315734863281
2026-08-04T04:52:28.544000-04:00,13.436285972595215,0.49080294370651245,-12.945483207702637
2026-08-04T04:52:28.548000-04:00,13.430907249450684,0.4837881326675415,-12.947118759155273
2026-08-04T04:52:28.552000-04:00,13.425763130187988,0.47022613883018494,-12.955536842346191
2026-08-04T04:52:28.556000-04:00,13.427400588989258,0.4809821844100952,-12.946418762207031
2026-08-04T04:52:28.560000-04:00,13.4434175491333,0.4929073750972748,-12.950510025024414
2026-08-04T04:52:28.564000-04:00,13.451484680175781,0.49968835711479187,-12.951796531677246
2026-08-04T04:52:28.568000-04:00,13.453939437866211,0.5442324280738831,-12.909707069396973
2026-08-04T04:52:28.572000-04:00,13.448561668395996,0.5476229190826416,-12.900938987731934
2026-08-04T04:52:28.576000-04:00,13.444586753845215,0.5583789348602295,-12.886207580566406
2026-08-04T04:52:28.580000-04:00,13.454641342163086,0.5666797757148743,-12.887961387634277
2026-08-04T04:52:28.584000-04:00,13.464929580688477,0.5707717537879944,-12.894157409667969
2026-08-04T04:52:28.588000-04:00,13.465630531311035,0.5876073241233826,-12.878023147583008
2026-08-04T04:52:28.592000-04:00,13.463994026184082,0.6264225840568542,-12.837571144104004
2026-08-04T04:52:28.596000-04:00,13.442715644836426,0.6528450846672058,-12.789870262145996
2026-08-04T04:52:28.600000-04:00,13.439909934997559,0.6592752933502197,-12.780634880065918
2026-08-04T04:52:28.604000-04:00,13.43535041809082,0.6438426971435547,-12.791507720947266
2026-08-04T04:52:28.608000-04:00,13.43172550201416,0.6564694046974182,-12.775256156921387
2026-08-04T04:52:28.612000-04:00,13.432778358459473,0.6370617151260376,-12.795716285705566
2026-08-04T04:52:28.616000-04:00,13.445287704467773,0.6501560211181641,-12.79513168334961
2026-08-04T04:52:28.620000-04:00,13.457563400268555,0.6377632021903992,-12.81980037689209
2026-08-04T04:52:28.624000-04:00,13.459901809692383,0.621512234210968,-12.83838939666748
2026-08-04T04:52:28.628000-04:00,13.448328018188477,0.5845675468444824,-12.863759994506836
2026-08-04T04:52:28.632000-04:00,13.432427406311035,0.5602495670318604,-12.872178077697754
2026-08-04T04:52:28.636000-04:00,13.434414863586426,0.5492596626281738,-12.885154724121094
2026-08-04T04:52:28.640000-04:00,13.436870574951172,0.5227203369140625,-12.91415023803711
2026-08-04T04:52:28.644000-04:00,13.42751693725586,0.4958302080631256,-12.931686401367188
2026-08-04T04:52:28.648000-04:00,13.405771255493164,0.46554961800575256,-12.940221786499023
2026-08-04T04:52:28.652000-04:00,13.407291412353516,0.4616914689540863,-12.945599555969238
2026-08-04T04:52:28.656000-04:00,13.403550148010254,0.46098998188972473,-12.942560195922852
2026-08-04T04:52:28.660000-04:00,13.406472206115723,0.46180838346481323,-12.944664001464844
2026-08-04T04:52:28.664000-04:00,13.402730941772461,0.44251763820648193,-12.960213661193848
2026-08-04T04:52:28.668000-04:00,13.40261459350586,0.43854260444641113,-12.964072227478027
2026-08-04T04:52:28.672000-04:00,13.405420303344727,0.44017937779426575,-12.965240478515625
2026-08-04T04:52:28.676000-04:00,13.405771255493164,0.4324630796909332,-12.973308563232422
2026-08-04T04:52:28.680000-04:00,13.405887603759766,0.43176159262657166,-12.974125862121582
2026-08-04T04:52:28.684000-04:00,13.396183967590332,0.42743581533432007,-12.968748092651367
2026-08-04T04:52:28.688000-04:00,13.397586822509766,0.4158613681793213,-12.981725692749023
2026-08-04T04:52:28.692000-04:00,13.399691581726074,0.40697595477104187,-12.992715835571289
2026-08-04T04:52:28.696000-04:00,13.39606761932373,0.41282162070274353,-12.983245849609375
2026-08-04T04:52:28.700000-04:00,13.401796340942383,0.414692223072052,-12.987104415893555
2026-08-04T04:52:28.704000-04:00,13.398639678955078,0.41527679562568665,-12.983363151550293
2026-08-04T04:52:28.708000-04:00,13.391624450683594,0.41656285524368286,-12.975061416625977
2026-08-04T04:52:28.712000-04:00,13.37338638305664,0.4351521134376526,-12.938234329223633
2026-08-04T04:52:28.716000-04:00,13.366020202636719,0.460522323846817,-12.905497550964355
2026-08-04T04:52:28.720000-04:00,13.362162590026855,0.4958302080631256,-12.866332054138184
2026-08-04T04:52:28.724000-04:00,13.384843826293945,0.471746027469635,-12.913097381591797
2026-08-04T04:52:28.728000-04:00,13.459083557128906,0.509626030921936,-12.949457168579102
2026-08-04T04:52:28.732000-04:00,13.617618560791016,0.7211225628852844,-12.896495819091797
2026-08-04T04:52:28.736000-04:00,13.761422157287598,0.9433751702308655,-12.818046569824219
2026-08-04T04:52:28.740000-04:00,13.80643367767334,1.5378804206848145,-12.268552780151367
2026-08-04T04:52:28.744000-04:00,13.762474060058594,2.077202320098877,-11.685272216796875
2026-08-04T04:52:28.748000-04:00,13.689870834350586,2.8163297176361084,-10.873540878295898
2026-08-04T04:52:28.752000-04:00,13.617267608642578,2.940842628479004,-10.676424980163574
2026-08-04T04:52:28.756000-04:00,13.573541641235352,2.7591588497161865,-10.814382553100586
2026-08-04T04:52:28.760000-04:00,13.502224922180176,2.1701486110687256,-11.332076072692871
2026-08-04T04:52:28.764000-04:00,13.458382606506348,1.6554954051971436,-11.802886962890625
2026-08-04T04:52:28.768000-04:00,13.377828598022461,1.1057679653167725,-12.27206039428711
2026-08-04T04:52:28.772000-04:00,13.402263641357422,0.8842169046401978,-12.518046379089355
2026-08-04T04:52:28.776000-04:00,13.484570503234863,0.7189012169837952,-12.765668869018555
2026-08-04T04:52:28.780000-04:00,13.535194396972656,0.6876853108406067,-12.847509384155273
2026-08-04T04:52:28.784000-04:00,13.525022506713867,0.6650040745735168,-12.860018730163574
2026-08-04T04:52:28.788000-04:00,13.47217845916748,0.6508575081825256,-12.821320533752441
2026-08-04T04:52:28.792000-04:00,13.473464012145996,0.6129775643348694,-12.860486030578613
2026-08-04T04:52:28.796000-04:00,13.472061157226562,0.5940375924110413,-12.878023147583008
2026-08-04T04:52:28.800000-04:00,13.474165916442871,0.5824631452560425,-12.891702651977539
2026-08-04T04:52:28.804000-04:00,13.472061157226562,0.5783711671829224,-12.89369010925293
2026-08-04T04:52:28.808000-04:00,13.471827507019043,0.5725255012512207,-12.899301528930664
2026-08-04T04:52:28.812000-04:00,13.465514183044434,0.5762667059898376,-12.88924789428711
2026-08-04T04:52:28.816000-04:00,13.470891952514648,0.5755652189254761,-12.895326614379883
2026-08-04T04:52:28.820000-04:00,13.479076385498047,0.5856198072433472,-12.89345645904541
2026-08-04T04:52:28.824000-04:00,13.478841781616211,0.585269033908844,-12.893572807312012
2026-08-04T04:52:28.828000-04:00,13.474515914916992,0.5964927673339844,-12.878023147583008
2026-08-04T04:52:28.832000-04:00,13.478959083557129,0.6032737493515015,-12.875685691833496
2026-08-04T04:52:28.836000-04:00,13.485272407531738,0.6094701290130615,-12.875802040100098
2026-08-04T04:52:28.840000-04:00,13.487727165222168,0.6250196695327759,-12.862707138061523
2026-08-04T04:52:28.844000-04:00,13.488546371459961,0.6321513652801514,-12.85639476776123
2026-08-04T04:52:28.848000-04:00,13.491585731506348,0.6335543394088745,-12.858031272888184
2026-08-04T04:52:28.852000-04:00,13.4932222366333,0.6418551802635193,-12.851366996765137
2026-08-04T04:52:28.856000-04:00,13.492521286010742,0.6464148163795471,-12.84610652923584
2026-08-04T04:52:28.860000-04:00,13.505264282226562,0.661496639251709,-12.843767166137695
2026-08-04T04:52:28.864000-04:00,13.500237464904785,0.6695637106895447,-12.830674171447754
2026-08-04T04:52:28.868000-04:00,13.513799667358398,0.6932971477508545,-12.820502281188965
2026-08-04T04:52:28.872000-04:00,13.514266967773438,0.695050835609436,-12.819215774536133
2026-08-04T04:52:28.876000-04:00,13.52584171295166,0.7151599526405334,-12.810681343078613
2026-08-04T04:52:28.880000-04:00,13.52782917022705,0.7274358868598938,-12.800393104553223
2026-08-04T04:52:28.884000-04:00,13.536948204040527,0.7462589740753174,-12.790689468383789
2026-08-04T04:52:28.888000-04:00,13.535194396972656,0.7611069679260254,-12.774087905883789
2026-08-04T04:52:28.892000-04:00,13.541156768798828,0.7796962261199951,-12.761460304260254
2026-08-04T04:52:28.896000-04:00,13.551913261413574,0.8060017824172974,-12.745911598205566
2026-08-04T04:52:28.900000-04:00,13.559629440307617,0.8221358060836792,-12.737493515014648
2026-08-04T04:52:28.904000-04:00,13.569917678833008,0.8420111536979675,-12.727906227111816
2026-08-04T04:52:28.908000-04:00,13.569684028625488,0.855105459690094,-12.714578628540039
2026-08-04T04:52:28.912000-04:00,13.586402893066406,0.8869059085845947,-12.69949722290039
2026-08-04T04:52:28.916000-04:00,13.59224796295166,0.9091194868087769,-12.683128356933594
2026-08-04T04:52:28.920000-04:00,13.60639476776123,0.9433751702308655,-12.663019180297852
2026-08-04T04:52:28.924000-04:00,13.622411727905273,0.9826580882072449,-12.639753341674805
2026-08-04T04:52:28.928000-04:00,13.634804725646973,1.019252061843872,-12.61555290222168
2026-08-04T04:52:28.932000-04:00,13.644157409667969,1.0599379539489746,-12.584218978881836
2026-08-04T04:52:28.936000-04:00,13.654680252075195,1.0931413173675537,-12.561538696289062
2026-08-04T04:52:28.940000-04:00,13.665202140808105,1.131956696510315,-12.533245086669922
2026-08-04T04:52:28.944000-04:00,13.672333717346191,1.158379077911377,-12.513954162597656
2026-08-04T04:52:28.948000-04:00,13.680400848388672,1.1855030059814453,-12.494897842407227
2026-08-04T04:52:28.952000-04:00,13.685428619384766,1.2097041606903076,-12.475724220275879
2026-08-04T04:52:28.956000-04:00,13.697002410888672,1.2491040229797363,-12.447898864746094
2026-08-04T04:52:28.960000-04:00,13.704133987426758,1.2738896608352661,-12.430244445800781
2026-08-04T04:52:28.964000-04:00,13.698171615600586,1.284411907196045,-12.413759231567383
2026-08-04T04:52:28.968000-04:00,13.696417808532715,1.2945833206176758,-12.401834487915039
2026-08-04T04:52:28.972000-04:00,13.696768760681152,1.2955186367034912,-12.401249885559082
2026-08-04T04:52:28.976000-04:00,13.691858291625977,1.286750078201294,-12.405108451843262
2026-08-04T04:52:28.980000-04:00,13.679465293884277,1.2824243307113647,-12.397041320800781
2026-08-04T04:52:28.984000-04:00,13.674555778503418,1.269797682762146,-12.40475845336914
2026-08-04T04:52:28.988000-04:00,13.66251277923584,1.2450120449066162,-12.417500495910645
2026-08-04T04:52:28.992000-04:00,13.641936302185059,1.203507661819458,-12.43842887878418
2026-08-04T04:52:28.996000-04:00,13.631648063659668,1.135697841644287,-12.495950698852539
