created_at,lead_1,lead_2,lead_3
2026-08-04T05:12:20-04:00,9.61835765838623,-0.8140687942504883,-10.432426452636719
2026-08-04T05:12:20.004000-04:00,9.579893112182617,-0.798051655292511,-10.377944946289062
2026-08-04T05:12:20.008000-04:00,9.631802558898926,-0.7695247530937195,-10.401327133178711
2026-08-04T05:12:20.012000-04:00,9.724047660827637,-0.7464928030967712,-10.470540046691895
2026-08-04T05:12:20.016000-04:00,9.835115432739258,-0.6630165576934814,-10.49813175201416
2026-08-04T05:12:20.020000-04:00,10.031764030456543,-0.3889712691307068,-10.420735359191895
2026-08-04T05:12:20.024000-04:00,10.004640579223633,0.05553391948342323,-9.949106216430664
2026-08-04T05:12:20.028000-04:00,9.981959342956543,0.556625247001648,-9.425333976745605
2026-08-04T05:12:20.032000-04:00,9.897079467773438,1.2832427024841309,-8.613836288452148
2026-08-04T05:12:20.036000-04:00,9.836751937866211,1.5245522260665894,-8.312199592590332
2026-08-04T05:12:20.040000-04:00,9.79735279083252,1.4832817316055298,-8.314070701599121
2026-08-04T05:12:20.044000-04:00,9.750937461853027,1.2274749279022217,-8.523462295532227
2026-08-04T05:12:20.048000-04:00,9.67611312866211,0.5833984613418579,-9.092714309692383
2026-08-04T05:12:20.052000-04:00,9.6947021484375,0.025487145408988,-9.669215202331543
2026-08-04T05:12:20.056000-04:00,9.716331481933594,-0.30444279313087463,-10.020773887634277
2026-08-04T05:12:20.060000-04:00,9.789986610412598,-0.4750196039676666,-10.265006065368652
2026-08-04T05:12:20.064000-04:00,9.796183586120605,-0.5548715591430664,-10.351055145263672
2026-08-04T05:12:20.068000-04:00,9.727204322814941,-0.6495714783668518,-10.376775741577148
2026-08-04T05:12:20.072000-04:00,9.740532875061035,-0.6678099632263184,-10.408342361450195
2026-08-04T05:12:20.076000-04:00,9.756549835205078,-0.6558848023414612,-10.412434577941895
2026-08-04T05:12:20.080000-04:00,9.727555274963379,-0.7030009627342224,-10.430556297302246
2026-08-04T05:12:20.084000-04:00,9.74789810180664,-0.6931802034378052,-10.441078186035156
2026-08-04T05:12:20.088000-04:00,9.7402982711792,-0.7485972046852112,-10.488895416259766
2026-08-04T05:12:20.092000-04:00,9.735738754272461,-0.774552047252655,-10.51029109954834
2026-08-04T05:12:20.096000-04:00,9.757017135620117,-0.733983039855957,-10.491000175476074
2026-08-04T05:12:20.100000-04:00,9.740181922912598,-0.7484803199768066,-10.488662719726562
2026-08-04T05:12:20.104000-04:00,9.739480018615723,-0.7581841349601746,-10.497664451599121
2026-08-04T05:12:20.108000-04:00,9.73737621307373,-0.7535076141357422,-10.490883827209473
2026-08-04T05:12:20.112000-04:00,9.75035285949707,-0.7621591687202454,-10.51251220703125
2026-08-04T05:12:20.116000-04:00,9.755263328552246,-0.7446221709251404,-10.499885559082031
2026-08-04T05:12:20.120000-04:00,9.762629508972168,-0.7330477237701416,-10.49567699432373
2026-08-04T05:12:20.124000-04:00,9.763096809387207,-0.73234623670578,-10.495443344116211
2026-08-04T05:12:20.128000-04:00,9.75666618347168,-0.7345675826072693,-10.491233825683594
2026-08-04T05:12:20.132000-04:00,9.780049324035645,-0.6789167523384094,-10.458966255187988
2026-08-04T05:12:20.136000-04:00,9.804133415222168,-0.6737725734710693,-10.477906227111816
2026-08-04T05:12:20.140000-04:00,9.787882804870605,-0.7145754098892212,-10.502458572387695
2026-08-04T05:12:20.144000-04:00,9.80378246307373,-0.6856977343559265,-10.489480018615723
2026-08-04T05:12:20.148000-04:00,9.812434196472168,-0.6900235414505005,-10.502457618713379
2026-08-04T05:12:20.152000-04:00,9.811966896057129,-0.6722527146339417,-10.484219551086426
2026-08-04T05:12:20.156000-04:00,9.807523727416992,-0.6574046611785889,-10.46492862701416
2026-08-04T05:12:20.160000-04:00,9.812667846679688,-0.6298130750656128,-10.44248104095459
2026-08-04T05:12:20.164000-04:00,9.820852279663086,-0.6498053073883057,-10.470657348632812
2026-08-04T05:12:20.168000-04:00,9.812901496887207,-0.6570539474487305,-10.469955444335938
2026-08-04T05:12:20.172000-04:00,9.822722434997559,-0.6275917291641235,-10.45031452178955
2026-08-04T05:12:20.176000-04:00,9.848326683044434,-0.5991817712783813,-10.447508811950684
2026-08-04T05:12:20.180000-04:00,9.846105575561523,-0.5872565507888794,-10.433362007141113
2026-08-04T05:12:20.184000-04:00,9.86375904083252,-0.5940375924110413,-10.457797050476074
2026-08-04T05:12:20.188000-04:00,9.885037422180176,-0.5669136047363281,-10.451951026916504
2026-08-04T05:12:20.192000-04:00,9.88597297668457,-0.5637569427490234,-10.449729919433594
2026-08-04T05:12:20.196000-04:00,9.9091215133667,-0.5365161299705505,-10.445637702941895
2026-08-04T05:12:20.200000-04:00,9.900938034057617,-0.5183945298194885,-10.419332504272461
2026-08-04T05:12:20.204000-04:00,9.922566413879395,-0.5069369673728943,-10.429503440856934
2026-08-04T05:12:20.208000-04:00,9.941156387329102,-0.45900246500968933,-10.400158882141113
2026-08-04T05:12:20.212000-04:00,9.959394454956055,-0.42018717527389526,-10.379581451416016
2026-08-04T05:12:20.216000-04:00,10.004405975341797,-0.38639914989471436,-10.3908052444458
2026-08-04T05:12:20.220000-04:00,10.016214370727539,-0.3757600486278534,-10.391974449157715
2026-08-04T05:12:20.224000-04:00,10.011537551879883,-0.36360102891921997,-10.375138282775879
2026-08-04T05:12:20.228000-04:00,10.028724670410156,-0.3327358663082123,-10.36146068572998
2026-08-04T05:12:20.232000-04:00,10.019488334655762,-0.31543266773223877,-10.334920883178711
2026-08-04T05:12:20.236000-04:00,10.07186508178711,-0.2810600996017456,-10.352925300598145
2026-08-04T05:12:20.240000-04:00,10.045442581176758,-0.2978956401348114,-10.343338012695312
2026-08-04T05:12:20.244000-04:00,10.039480209350586,-0.28690576553344727,-10.326385498046875
2026-08-04T05:12:20.248000-04:00,10.060173988342285,-0.2698363959789276,-10.330010414123535
2026-08-04T05:12:20.252000-04:00,10.055380821228027,-0.2729930579662323,-10.328373908996582
2026-08-04T05:12:20.256000-04:00,10.043455123901367,-0.289945513010025,-10.33340072631836
2026-08-04T05:12:20.260000-04:00,10.021242141723633,-0.3310990631580353,-10.352341651916504
2026-08-04T05:12:20.264000-04:00,10.011537551879883,-0.3187062442302704,-10.330244064331055
2026-08-04T05:12:20.268000-04:00,10.004405975341797,-0.36617311835289,-10.37057876586914
2026-08-04T05:12:20.272000-04:00,9.995871543884277,-0.3901403844356537,-10.386012077331543
2026-08-04T05:12:20.276000-04:00,9.953899383544922,-0.4006626009941101,-10.354561805725098
2026-08-04T05:12:20.280000-04:00,9.95015811920166,-0.4166797697544098,-10.366837501525879
2026-08-04T05:12:20.284000-04:00,9.921981811523438,-0.4902183711528778,-10.412199974060059
2026-08-04T05:12:20.288000-04:00,9.882933616638184,-0.5151209235191345,-10.398054122924805
2026-08-04T05:12:20.292000-04:00,9.866915702819824,-0.5245909094810486,-10.39150619506836
2026-08-04T05:12:20.296000-04:00,9.83254337310791,-0.5725255012512207,-10.405069351196289
2026-08-04T05:12:20.300000-04:00,9.821203231811523,-0.603390634059906,-10.424593925476074
2026-08-04T05:12:20.304000-04:00,9.814772605895996,-0.6195247173309326,-10.434297561645508
2026-08-04T05:12:20.308000-04:00,9.781685829162598,-0.6814888715744019,-10.463174819946289
2026-08-04T05:12:20.312000-04:00,9.792091369628906,-0.6724865436553955,-10.464577674865723
2026-08-04T05:12:20.316000-04:00,9.785310745239258,-0.7229931950569153,-10.50830364227295
2026-08-04T05:12:20.320000-04:00,9.767539978027344,-0.7199534177780151,-10.487493515014648
2026-08-04T05:12:20.324000-04:00,9.72124195098877,-0.7663680911064148,-10.48760986328125
2026-08-04T05:12:20.328000-04:00,9.731062889099121,-0.7717460989952087,-10.502808570861816
2026-08-04T05:12:20.332000-04:00,9.740882873535156,-0.7763057351112366,-10.517189025878906
2026-08-04T05:12:20.336000-04:00,9.715513229370117,-0.7945442199707031,-10.51005744934082
2026-08-04T05:12:20.340000-04:00,9.703704833984375,-0.8008575439453125,-10.504562377929688
2026-08-04T05:12:20.344000-04:00,9.715746879577637,-0.7843727469444275,-10.50011920928955
2026-08-04T05:12:20.348000-04:00,9.710485458374023,-0.782619059085846,-10.493104934692383
2026-08-04T05:12:20.352000-04:00,9.710953712463379,-0.789400041103363,-10.500353813171387
2026-08-04T05:12:20.356000-04:00,9.704874038696289,-0.8043649792671204,-10.509239196777344
2026-08-04T05:12:20.360000-04:00,9.713174819946289,-0.7915045022964478,-10.504679679870605
2026-08-04T05:12:20.364000-04:00,9.718085289001465,-0.7715122699737549,-10.48959732055664
2026-08-04T05:12:20.368000-04:00,9.71294116973877,-0.7539752721786499,-10.46691608428955
2026-08-04T05:12:20.372000-04:00,9.704874038696289,-0.7682387232780457,-10.473113059997559
2026-08-04T05:12:20.376000-04:00,9.746728897094727,-0.7367889881134033,-10.48351764678955
2026-08-04T05:12:20.380000-04:00,9.724983215332031,-0.7543259859085083,-10.47930908203125
2026-08-04T05:12:20.384000-04:00,9.711538314819336,-0.7512862682342529,-10.462824821472168
2026-08-04T05:12:20.388000-04:00,9.713525772094727,-0.7551443576812744,-10.468669891357422
2026-08-04T05:12:20.392000-04:00,9.72930908203125,-0.7462589740753174,-10.475567817687988
2026-08-04T05:12:20.396000-04:00,9.71492862701416,-0.745323657989502,-10.46025276184082
2026-08-04T05:12:20.400000-04:00,9.752106666564941,-0.7238115668296814,-10.47591781616211
2026-08-04T05:12:20.404000-04:00,9.740415573120117,-0.7145754098892212,-10.454991340637207
2026-08-04T05:12:20.408000-04:00,9.73129653930664,-0.7391272187232971,-10.470423698425293
2026-08-04T05:12:20.412000-04:00,9.74813175201416,-0.7395948767662048,-10.487726211547852
2026-08-04T05:12:20.416000-04:00,9.75421142578125,-0.6885036826133728,-10.44271469116211
2026-08-04T05:12:20.420000-04:00,9.746962547302246,-0.7104834318161011,-10.457446098327637
2026-08-04T05:12:20.424000-04:00,9.728256225585938,-0.7317616939544678,-10.460018157958984
2026-08-04T05:12:20.428000-04:00,9.74205207824707,-0.7028840184211731,-10.44493579864502
2026-08-04T05:12:20.432000-04:00,9.762629508972168,-0.6944662928581238,-10.457096099853516
2026-08-04T05:12:20.436000-04:00,9.760642051696777,-0.6948170065879822,-10.455458641052246
2026-08-04T05:12:20.440000-04:00,9.762044906616211,-0.6987920999526978,-10.460837364196777
2026-08-04T05:12:20.444000-04:00,9.761343002319336,-0.7040531635284424,-10.4653959274292
2026-08-04T05:12:20.448000-04:00,9.758770942687988,-0.7193688750267029,-10.478139877319336
2026-08-04T05:12:20.452000-04:00,9.750937461853027,-0.7454405426979065,-10.496377944946289
2026-08-04T05:12:20.456000-04:00,9.743104934692383,-0.7414655089378357,-10.484570503234863
2026-08-04T05:12:20.460000-04:00,9.749418258666992,-0.7308263778686523,-10.480244636535645
2026-08-04T05:12:20.464000-04:00,9.759822845458984,-0.6998443007469177,-10.459667205810547
2026-08-04T05:12:20.468000-04:00,9.734920501708984,-0.7283712029457092,-10.463292121887207
2026-08-04T05:12:20.472000-04:00,9.73538875579834,-0.7260329127311707,-10.461421966552734
2026-08-04T05:12:20.476000-04:00,9.722644805908203,-0.757482647895813,-10.480127334594727
2026-08-04T05:12:20.480000-04:00,9.714226722717285,-0.7795792818069458,-10.493805885314941
2026-08-04T05:12:20.484000-04:00,9.728256225585938,-0.7468435168266296,-10.475099563598633
2026-08-04T05:12:20.488000-04:00,9.730711936950684,-0.7599378228187561,-10.490650177001953
2026-08-04T05:12:20.492000-04:00,9.73760986328125,-0.7381919026374817,-10.475801467895508
2026-08-04T05:12:20.496000-04:00,9.736089706420898,-0.7615746259689331,-10.497664451599121
2026-08-04T05:12:20.500000-04:00,9.737492561340332,-0.7683556079864502,-10.505847930908203
2026-08-04T05:12:20.504000-04:00,9.759589195251465,-0.7286050319671631,-10.488194465637207
2026-08-04T05:12:20.508000-04:00,9.743104934692383,-0.721824049949646,-10.46492862701416
2026-08-04T05:12:20.512000-04:00,9.728840827941895,-0.7170305848121643,-10.445871353149414
2026-08-04T05:12:20.516000-04:00,9.724047660827637,-0.7116525769233704,-10.435700416564941
2026-08-04T05:12:20.520000-04:00,9.726152420043945,-0.7190181016921997,-10.445170402526855
2026-08-04T05:12:20.524000-04:00,9.75222396850586,-0.6880360245704651,-10.44025993347168
2026-08-04T05:12:20.528000-04:00,9.772215843200684,-0.6202262043952942,-10.392441749572754
2026-08-04T05:12:20.532000-04:00,9.731647491455078,-0.5865551233291626,-10.31820297241211
2026-08-04T05:12:20.536000-04:00,9.719605445861816,-0.5805925130844116,-10.30019760131836
2026-08-04T05:12:20.540000-04:00,9.721826553344727,-0.585269033908844,-10.307095527648926
2026-08-04T05:12:20.544000-04:00,9.718669891357422,-0.5779035091400146,-10.296573638916016
2026-08-04T05:12:20.548000-04:00,9.713642120361328,-0.6044428944587708,-10.318084716796875
2026-08-04T05:12:20.552000-04:00,9.757134437561035,-0.5945051908493042,-10.351639747619629
2026-08-04T05:12:20.556000-04:00,9.755029678344727,-0.5935699343681335,-10.348599433898926
2026-08-04T05:12:20.560000-04:00,9.762044906616211,-0.6133282780647278,-10.375372886657715
2026-08-04T05:12:20.564000-04:00,9.726035118103027,-0.6704990267753601,-10.396533966064453
2026-08-04T05:12:20.568000-04:00,9.748249053955078,-0.7102496027946472,-10.45849895477295
2026-08-04T05:12:20.572000-04:00,9.738895416259766,-0.7345675826072693,-10.47346305847168
2026-08-04T05:12:20.576000-04:00,9.715629577636719,-0.7730321288108826,-10.488661766052246
2026-08-04T05:12:20.580000-04:00,9.710251808166504,-0.7909198999404907,-10.501172065734863
2026-08-04T05:12:20.584000-04:00,9.678567886352539,-0.810210645198822,-10.488778114318848
2026-08-04T05:12:20.588000-04:00,9.669215202331543,-0.8400235772132874,-10.509239196777344
2026-08-04T05:12:20.592000-04:00,9.668747901916504,-0.8479737043380737,-10.516721725463867
2026-08-04T05:12:20.596000-04:00,9.670384407043457,-0.8674982786178589,-10.537882804870605
2026-08-04T05:12:20.600000-04:00,9.677633285522461,-0.8673813343048096,-10.545014381408691
2026-08-04T05:12:20.604000-04:00,9.692363739013672,-0.8493766784667969,-10.541740417480469
2026-08-04T05:12:20.608000-04:00,9.680556297302246,-0.8664460778236389,-10.547002792358398
2026-08-04T05:12:20.612000-04:00,9.671086311340332,-0.8768513798713684,-10.547937393188477
2026-08-04T05:12:20.616000-04:00,9.693650245666504,-0.867264449596405,-10.560914993286133
2026-08-04T05:12:20.620000-04:00,9.677749633789062,-0.8964928388595581,-10.57424259185791
2026-08-04T05:12:20.624000-04:00,9.661031723022461,-0.891816258430481,-10.552847862243652
2026-08-04T05:12:20.628000-04:00,9.659745216369629,-0.904559850692749,-10.564305305480957
2026-08-04T05:12:20.632000-04:00,9.65097713470459,-0.8981296420097351,-10.54910659790039
2026-08-04T05:12:20.636000-04:00,9.66173267364502,-0.8859705924987793,-10.54770278930664
2026-08-04T05:12:20.640000-04:00,9.636012077331543,-0.8765006065368652,-10.51251220703125
2026-08-04T05:12:20.644000-04:00,9.621163368225098,-0.8499612212181091,-10.471124649047852
2026-08-04T05:12:20.648000-04:00,9.623735427856445,-0.8153548240661621,-10.439090728759766
2026-08-04T05:12:20.652000-04:00,9.6987943649292,-0.8657445907592773,-10.564538955688477
2026-08-04T05:12:20.656000-04:00,9.77502155303955,-0.8130165934562683,-10.588038444519043
2026-08-04T05:12:20.660000-04:00,9.984296798706055,-0.5924007892608643,-10.57669734954834
2026-08-04T05:12:20.664000-04:00,10.069526672363281,-0.3361263573169708,-10.40565299987793
2026-08-04T05:12:20.668000-04:00,9.996573448181152,0.28608736395835876,-9.71048641204834
2026-08-04T05:12:20.672000-04:00,9.959628105163574,0.8180438280105591,-9.141584396362305
2026-08-04T05:12:20.676000-04:00,9.833595275878906,1.412782907485962,-8.420812606811523
2026-08-04T05:12:20.680000-04:00,9.782504081726074,1.4583791494369507,-8.324125289916992
2026-08-04T05:12:20.684000-04:00,9.722060203552246,1.3352692127227783,-8.386791229248047
2026-08-04T05:12:20.688000-04:00,9.683829307556152,0.7001950144767761,-8.983633995056152
2026-08-04T05:12:20.692000-04:00,9.659862518310547,0.3092362582683563,-9.350625991821289
2026-08-04T05:12:20.696000-04:00,9.686985969543457,-0.2938036620616913,-9.980789184570312
2026-08-04T05:12:20.700000-04:00,9.73959732055664,-0.5065862536430359,-10.246183395385742
2026-08-04T05:12:20.704000-04:00,9.813486099243164,-0.5462199449539185,-10.359705924987793
2026-08-04T05:12:20.708000-04:00,9.784608840942383,-0.6119253039360046,-10.396533966064453
2026-08-04T05:12:20.712000-04:00,9.730478286743164,-0.715861439704895,-10.44633960723877
2026-08-04T05:12:20.716000-04:00,9.758537292480469,-0.7407640218734741,-10.499300956726074
2026-08-04T05:12:20.720000-04:00,9.747196197509766,-0.7588856220245361,-10.506081581115723
2026-08-04T05:12:20.724000-04:00,9.756081581115723,-0.7771241068840027,-10.53320598602295
2026-08-04T05:12:20.728000-04:00,9.73351764678955,-0.7892831563949585,-10.52280044555664
2026-08-04T05:12:20.732000-04:00,9.725801467895508,-0.8093922734260559,-10.53519344329834
2026-08-04T05:12:20.736000-04:00,9.736907958984375,-0.8173424005508423,-10.554250717163086
2026-08-04T05:12:20.740000-04:00,9.738428115844727,-0.8026112914085388,-10.54103946685791
2026-08-04T05:12:20.744000-04:00,9.743572235107422,-0.8044818639755249,-10.548053741455078
2026-08-04T05:12:20.748000-04:00,9.737258911132812,-0.8015590310096741,-10.538818359375
2026-08-04T05:12:20.752000-04:00,9.751288414001465,-0.8072878122329712,-10.558576583862305
2026-08-04T05:12:20.756000-04:00,9.762394905090332,-0.7905691862106323,-10.552964210510254
2026-08-04T05:12:20.760000-04:00,9.757719039916992,-0.7878801822662354,-10.545598983764648
2026-08-04T05:12:20.764000-04:00,9.764383316040039,-0.7857757210731506,-10.550159454345703
2026-08-04T05:12:20.768000-04:00,9.768007278442383,-0.7835543751716614,-10.55156135559082
2026-08-04T05:12:20.772000-04:00,9.773151397705078,-0.7613407969474792,-10.534492492675781
2026-08-04T05:12:20.776000-04:00,9.777944564819336,-0.7435699701309204,-10.521514892578125
2026-08-04T05:12:20.780000-04:00,9.78764820098877,-0.7349183559417725,-10.522566795349121
2026-08-04T05:12:20.784000-04:00,9.784842491149902,-0.7646144032478333,-10.549456596374512
2026-08-04T05:12:20.788000-04:00,9.806705474853516,-0.7348014116287231,-10.54150676727295
2026-08-04T05:12:20.792000-04:00,9.78940200805664,-0.7224085927009583,-10.511810302734375
2026-08-04T05:12:20.796000-04:00,9.798404693603516,-0.7130555510520935,-10.511460304260254
2026-08-04T05:12:20.800000-04:00,9.800392150878906,-0.696687638759613,-10.497079849243164
2026-08-04T05:12:20.804000-04:00,9.82038402557373,-0.6866330504417419,-10.507017135620117
2026-08-04T05:12:20.808000-04:00,9.822137832641602,-0.6869838237762451,-10.509121894836426
2026-08-04T05:12:20.812000-04:00,9.829269409179688,-0.6714342832565308,-10.500703811645508
2026-08-04T05:12:20.816000-04:00,9.845520973205566,-0.6286439895629883,-10.474164962768555
2026-08-04T05:12:20.820000-04:00,9.845520973205566,-0.6334373950958252,-10.478958129882812
2026-08-04T05:12:20.824000-04:00,9.864694595336914,-0.6185894012451172,-10.483283996582031
2026-08-04T05:12:20.828000-04:00,9.86960506439209,-0.6058458089828491,-10.47545051574707
2026-08-04T05:12:20.832000-04:00,9.88211441040039,-0.5878411531448364,-10.469955444335938
2026-08-04T05:12:20.836000-04:00,9.903510093688965,-0.5690180659294128,-10.472528457641602
2026-08-04T05:12:20.840000-04:00,9.911343574523926,-0.5259938836097717,-10.437337875366211
2026-08-04T05:12:20.844000-04:00,9.923735618591309,-0.5233048796653748,-10.447040557861328
2026-08-04T05:12:20.848000-04:00,9.926191329956055,-0.47478577494621277,-10.40097713470459
2026-08-04T05:12:20.852000-04:00,9.96231746673584,-0.43702271580696106,-10.399340629577637
2026-08-04T05:12:20.856000-04:00,9.997859001159668,-0.40007805824279785,-10.397936820983887
2026-08-04T05:12:20.860000-04:00,9.996222496032715,-0.3813718855381012,-10.377593994140625
2026-08-04T05:12:20.864000-04:00,9.990376472473145,-0.37587693333625793,-10.366253852844238
2026-08-04T05:12:20.868000-04:00,10.011772155761719,-0.35635238885879517,-10.368124961853027
2026-08-04T05:12:20.872000-04:00,10.038311004638672,-0.3171863555908203,-10.355497360229492
2026-08-04T05:12:20.876000-04:00,10.045208930969238,-0.30163687467575073,-10.346845626831055
2026-08-04T05:12:20.880000-04:00,10.041818618774414,-0.2781372368335724,-10.319955825805664
2026-08-04T05:12:20.884000-04:00,10.035856246948242,-0.2818784713745117,-10.317734718322754
2026-08-04T05:12:20.888000-04:00,10.019020080566406,-0.3119252622127533,-10.330945014953613
2026-08-04T05:12:20.892000-04:00,10.022878646850586,-0.31180834770202637,-10.334687232971191
2026-08-04T05:12:20.896000-04:00,10.019137382507324,-0.3075994551181793,-10.326736450195312
2026-08-04T05:12:20.900000-04:00,10.002535820007324,-0.3039751350879669,-10.306510925292969
2026-08-04T05:12:20.904000-04:00,9.975879669189453,-0.31742018461227417,-10.293299674987793
2026-08-04T05:12:20.908000-04:00,9.977867126464844,-0.34033524990081787,-10.318202018737793
2026-08-04T05:12:20.912000-04:00,9.98698616027832,-0.3777475655078888,-10.364733695983887
2026-08-04T05:12:20.916000-04:00,9.932036399841309,-0.4432191252708435,-10.375255584716797
2026-08-04T05:12:20.920000-04:00,9.941272735595703,-0.4380749464035034,-10.379347801208496
2026-08-04T05:12:20.924000-04:00,9.89205265045166,-0.482969731092453,-10.375021934509277
2026-08-04T05:12:20.928000-04:00,9.878607749938965,-0.5093922019004822,-10.387999534606934
2026-08-04T05:12:20.932000-04:00,9.864343643188477,-0.5635231137275696,-10.42786693572998
2026-08-04T05:12:20.936000-04:00,9.866097450256348,-0.5610679388046265,-10.427165031433105
2026-08-04T05:12:20.940000-04:00,9.829269409179688,-0.5890102982521057,-10.418279647827148
2026-08-04T05:12:20.944000-04:00,9.818864822387695,-0.6278255581855774,-10.446690559387207
2026-08-04T05:12:20.948000-04:00,9.790221214294434,-0.6530789136886597,-10.443300247192383
2026-08-04T05:12:20.952000-04:00,9.787882804870605,-0.6727203726768494,-10.460602760314941
2026-08-04T05:12:20.956000-04:00,9.772099494934082,-0.6986751556396484,-10.47077465057373
2026-08-04T05:12:20.960000-04:00,9.762161254882812,-0.7081451416015625,-10.470306396484375
2026-08-04T05:12:20.964000-04:00,9.751522064208984,-0.7160952687263489,-10.46761703491211
2026-08-04T05:12:20.968000-04:00,9.723580360412598,-0.7581841349601746,-10.481764793395996
2026-08-04T05:12:20.972000-04:00,9.733050346374512,-0.7606393098831177,-10.49368953704834
2026-08-04T05:12:20.976000-04:00,9.714811325073242,-0.7682387232780457,-10.483050346374512
2026-08-04T05:12:20.980000-04:00,9.721475601196289,-0.7730321288108826,-10.494507789611816
2026-08-04T05:12:20.984000-04:00,9.697742462158203,-0.7818006873130798,-10.47954273223877
2026-08-04T05:12:20.988000-04:00,9.714344024658203,-0.781566858291626,-10.49591064453125
2026-08-04T05:12:20.992000-04:00,9.708731651306152,-0.7792285680770874,-10.487959861755371
2026-08-04T05:12:20.996000-04:00,9.710953712463379,-0.7800469398498535,-10.49100112915039
2026-08-04T05:12:21-04:00,9.710369110107422,-0.776656448841095,-10.487025260925293
2026-08-04T05:12:21.004000-04:00,9.70078182220459,-0.7697585821151733,-10.470540046691895
2026-08-04T05:12:21.008000-04:00,9.717967987060547,-0.7553781867027283,-10.473345756530762
2026-08-04T05:12:21.012000-04:00,9.701833724975586,-0.7720968723297119,-10.473930358886719
2026-08-04T05:12:21.016000-04:00,9.711538314819336,-0.7594701647758484,-10.47100830078125
2026-08-04T05:12:21.020000-04:00,9.734569549560547,-0.744271457195282,-10.478840827941895
2026-08-04T05:12:21.024000-04:00,9.73597240447998,-0.7321124076843262,-10.468084335327148
2026-08-04T05:12:21.028000-04:00,9.726386070251465,-0.7381919026374817,-10.464577674865723
2026-08-04T05:12:21.032000-04:00,9.74181842803955,-0.730475664138794,-10.472293853759766
2026-08-04T05:12:21.036000-04:00,9.720540046691895,-0.7525722980499268,-10.473112106323242
2026-08-04T05:12:21.040000-04:00,9.743338584899902,-0.7277866005897522,-10.471125602722168
2026-08-04T05:12:21.044000-04:00,9.757250785827637,-0.7079113125801086,-10.46516227722168
2026-08-04T05:12:21.048000-04:00,9.738545417785645,-0.7162122130393982,-10.454757690429688
2026-08-04T05:12:21.052000-04:00,9.747313499450684,-0.7266175150871277,-10.473931312561035
2026-08-04T05:12:21.056000-04:00,9.744039535522461,-0.7286050319671631,-10.472644805908203
2026-08-04T05:12:21.060000-04:00,9.750470161437988,-0.7338661551475525,-10.484335899353027
2026-08-04T05:12:21.064000-04:00,9.747079849243164,-0.7303587198257446,-10.477438926696777
2026-08-04T05:12:21.068000-04:00,9.750937461853027,-0.7305925488471985,-10.48153018951416
2026-08-04T05:12:21.072000-04:00,9.745559692382812,-0.7411147356033325,-10.486674308776855
2026-08-04T05:12:21.076000-04:00,9.734219551086426,-0.7703431248664856,-10.504562377929688
2026-08-04T05:12:21.080000-04:00,9.741467475891113,-0.7676541209220886,-10.509121894836426
2026-08-04T05:12:21.084000-04:00,9.736323356628418,-0.7673034071922302,-10.503626823425293
2026-08-04T05:12:21.088000-04:00,9.744858741760254,-0.754793643951416,-10.499652862548828
2026-08-04T05:12:21.092000-04:00,9.744390487670898,-0.7315278649330139,-10.475918769836426
2026-08-04T05:12:21.096000-04:00,9.742870330810547,-0.7568981051445007,-10.499768257141113
2026-08-04T05:12:21.100000-04:00,9.743572235107422,-0.7552613019943237,-10.498833656311035
2026-08-04T05:12:21.104000-04:00,9.747313499450684,-0.7593532800674438,-10.506667137145996
2026-08-04T05:12:21.108000-04:00,9.740649223327637,-0.7760719060897827,-10.51672077178955
2026-08-04T05:12:21.112000-04:00,9.749885559082031,-0.761808454990387,-10.511693954467773
2026-08-04T05:12:21.116000-04:00,9.752106666564941,-0.7701092958450317,-10.522215843200684
2026-08-04T05:12:21.120000-04:00,9.740882873535156,-0.7839050889015198,-10.524787902832031
2026-08-04T05:12:21.124000-04:00,9.738194465637207,-0.780982255935669,-10.519176483154297
2026-08-04T05:12:21.128000-04:00,9.745092391967773,-0.7973501682281494,-10.542442321777344
2026-08-04T05:12:21.132000-04:00,9.732815742492676,-0.8035466074943542,-10.536362648010254
2026-08-04T05:12:21.136000-04:00,9.719955444335938,-0.8182776570320129,-10.538232803344727
2026-08-04T05:12:21.140000-04:00,9.728022575378418,-0.8217850923538208,-10.54980754852295
2026-08-04T05:12:21.144000-04:00,9.712239265441895,-0.8125489354133606,-10.524787902832031
2026-08-04T05:12:21.148000-04:00,9.739948272705078,-0.8045988082885742,-10.544547080993652
2026-08-04T05:12:21.152000-04:00,9.752457618713379,-0.7967656254768372,-10.549222946166992
2026-08-04T05:12:21.156000-04:00,9.747664451599121,-0.7711615562438965,-10.51882553100586
2026-08-04T05:12:21.160000-04:00,9.739948272705078,-0.7583010792732239,-10.498249053955078
2026-08-04T05:12:21.164000-04:00,9.747313499450684,-0.7568981051445007,-10.50421142578125
2026-08-04T05:12:21.168000-04:00,9.727087020874023,-0.7503509521484375,-10.477437973022461
2026-08-04T05:12:21.172000-04:00,9.738779067993164,-0.7422838807106018,-10.481062889099121
2026-08-04T05:12:21.176000-04:00,9.759004592895508,-0.7274358868598938,-10.486440658569336
2026-08-04T05:12:21.180000-04:00,9.754913330078125,-0.6513251662254333,-10.406238555908203
2026-08-04T05:12:21.184000-04:00,9.715746879577637,-0.6361264586448669,-10.351873397827148
2026-08-04T05:12:21.188000-04:00,9.720540046691895,-0.6361264586448669,-10.356666564941406
2026-08-04T05:12:21.192000-04:00,9.723930358886719,-0.6350741982460022,-10.359004974365234
2026-08-04T05:12:21.196000-04:00,9.729776382446289,-0.6479346752166748,-10.377711296081543
2026-08-04T05:12:21.200000-04:00,9.730828285217285,-0.6351911425590515,-10.366019248962402
2026-08-04T05:12:21.204000-04:00,9.748600006103516,-0.6391661763191223,-10.387765884399414
2026-08-04T05:12:21.208000-04:00,9.768708229064941,-0.6628996133804321,-10.431608200073242
2026-08-04T05:12:21.212000-04:00,9.768007278442383,-0.6851131916046143,-10.453120231628418
2026-08-04T05:12:21.216000-04:00,9.745559692382812,-0.7763057351112366,-10.521865844726562
2026-08-04T05:12:21.220000-04:00,9.74813175201416,-0.8022605180740356,-10.550392150878906
2026-08-04T05:12:21.224000-04:00,9.732465744018555,-0.8180438280105591,-10.550509452819824
2026-08-04T05:12:21.228000-04:00,9.72930908203125,-0.8388544917106628,-10.568163871765137
2026-08-04T05:12:21.232000-04:00,9.715980529785156,-0.875331461429596,-10.591312408447266
2026-08-04T05:12:21.236000-04:00,9.7153959274292,-0.8659784197807312,-10.581374168395996
2026-08-04T05:12:21.240000-04:00,9.702301979064941,-0.8843338489532471,-10.58663558959961
2026-08-04T05:12:21.244000-04:00,9.683128356933594,-0.9022215604782104,-10.585350036621094
2026-08-04T05:12:21.248000-04:00,9.689675331115723,-0.9075996279716492,-10.597274780273438
2026-08-04T05:12:21.252000-04:00,9.713993072509766,-0.9223307371139526,-10.636323928833008
2026-08-04T05:12:21.256000-04:00,9.723112106323242,-0.9128606915473938,-10.63597297668457
2026-08-04T05:12:21.260000-04:00,9.719721794128418,-0.8949729204177856,-10.614694595336914
2026-08-04T05:12:21.264000-04:00,9.718085289001465,-0.903507649898529,-10.62159252166748
2026-08-04T05:12:21.268000-04:00,9.684881210327148,-0.9440765976905823,-10.628957748413086
2026-08-04T05:12:21.272000-04:00,9.679737091064453,-0.9565863609313965,-10.636323928833008
2026-08-04T05:12:21.276000-04:00,9.6821928024292,-0.9564694762229919,-10.638662338256836
2026-08-04T05:12:21.280000-04:00,9.687804222106934,-0.9374125599861145,-10.625216484069824
2026-08-04T05:12:21.284000-04:00,9.681608200073242,-0.9377632737159729,-10.61937141418457
2026-08-04T05:12:21.288000-04:00,9.67178726196289,-0.9519098401069641,-10.623697280883789
2026-08-04T05:12:21.292000-04:00,9.655068397521973,-0.9460641741752625,-10.6011323928833
2026-08-04T05:12:21.296000-04:00,9.65518569946289,-0.8964928388595581,-10.551678657531738
2026-08-04T05:12:21.300000-04:00,9.698209762573242,-0.8881919384002686,-10.58640193939209
2026-08-04T05:12:21.304000-04:00,9.755847930908203,-0.8959082365036011,-10.651756286621094
2026-08-04T05:12:21.308000-04:00,9.870189666748047,-0.778293251991272,-10.648483276367188
2026-08-04T05:12:21.312000-04:00,10.084258079528809,-0.5269291996955872,-10.611186981201172
2026-08-04T05:12:21.316000-04:00,10.061810493469238,0.01882307603955269,-10.042987823486328
2026-08-04T05:12:21.320000-04:00,10.019254684448242,0.5182775855064392,-9.500977516174316
2026-08-04T05:12:21.324000-04:00,9.920345306396484,1.2319177389144897,-8.688427925109863
2026-08-04T05:12:21.328000-04:00,9.838038444519043,1.4250588417053223,-8.412979125976562
2026-08-04T05:12:21.332000-04:00,9.800392150878906,1.33901047706604,-8.461381912231445
2026-08-04T05:12:21.336000-04:00,9.756549835205078,1.0476620197296143,-8.708888053894043
2026-08-04T05:12:21.340000-04:00,9.705224990844727,0.3785659670829773,-9.326659202575684
2026-08-04T05:12:21.344000-04:00,9.694585800170898,-0.16321127116680145,-9.857796669006348
2026-08-04T05:12:21.348000-04:00,9.728373527526855,-0.49045220017433167,-10.218825340270996
2026-08-04T05:12:21.352000-04:00,9.822722434997559,-0.5988309979438782,-10.421553611755371
2026-08-04T05:12:21.356000-04:00,9.832894325256348,-0.6410368084907532,-10.473931312561035
2026-08-04T05:12:21.360000-04:00,9.748482704162598,-0.7229931950569153,-10.471475601196289
2026-08-04T05:12:21.364000-04:00,9.77712631225586,-0.7583010792732239,-10.53542709350586
2026-08-04T05:12:21.368000-04:00,9.778178215026855,-0.8093922734260559,-10.587570190429688
2026-08-04T05:12:21.372000-04:00,9.773385047912598,-0.839672863483429,-10.613058090209961
2026-08-04T05:12:21.376000-04:00,9.767889976501465,-0.8603665232658386,-10.628256797790527
2026-08-04T05:12:21.380000-04:00,9.790103912353516,-0.8392052054405212,-10.629308700561523
2026-08-04T05:12:21.384000-04:00,9.783556938171387,-0.8499612212181091,-10.63351821899414
2026-08-04T05:12:21.388000-04:00,9.74789810180664,-0.9037414789199829,-10.651639938354492
2026-08-04T05:12:21.392000-04:00,9.76859188079834,-0.8949729204177856,-10.663564682006836
2026-08-04T05:12:21.396000-04:00,9.783323287963867,-0.8752145767211914,-10.658537864685059
2026-08-04T05:12:21.400000-04:00,9.794663429260254,-0.8781374096870422,-10.67280101776123
2026-08-04T05:12:21.404000-04:00,9.78764820098877,-0.8671475052833557,-10.65479564666748
2026-08-04T05:12:21.408000-04:00,9.79326057434082,-0.8617694973945618,-10.655030250549316
2026-08-04T05:12:21.412000-04:00,9.782036781311035,-0.8770852088928223,-10.659122467041016
2026-08-04T05:12:21.416000-04:00,9.799691200256348,-0.856157660484314,-10.655848503112793
2026-08-04T05:12:21.420000-04:00,9.823424339294434,-0.8355808854103088,-10.659005165100098
2026-08-04T05:12:21.424000-04:00,9.806354522705078,-0.8275138735771179,-10.633868217468262
2026-08-04T05:12:21.428000-04:00,9.795832633972168,-0.8286829590797424,-10.624515533447266
2026-08-04T05:12:21.432000-04:00,9.830438613891602,-0.8144195675849915,-10.644858360290527
2026-08-04T05:12:21.436000-04:00,9.835817337036133,-0.8020266890525818,-10.63784408569336
2026-08-04T05:12:21.440000-04:00,9.818747520446777,-0.7850742340087891,-10.603821754455566
2026-08-04T05:12:21.444000-04:00,9.830204963684082,-0.7770072221755981,-10.60721206665039
2026-08-04T05:12:21.448000-04:00,9.832426071166992,-0.7822683453559875,-10.614694595336914
2026-08-04T05:12:21.452000-04:00,9.850898742675781,-0.787763237953186,-10.638662338256836
2026-08-04T05:12:21.456000-04:00,9.861655235290527,-0.7853080630302429,-10.646963119506836
2026-08-04T05:12:21.460000-04:00,9.866915702819824,-0.7418162226676941,-10.608732223510742
2026-08-04T05:12:21.464000-04:00,9.870540618896484,-0.7178489565849304,-10.58838939666748
2026-08-04T05:12:21.468000-04:00,9.875801086425781,-0.7326970100402832,-10.608497619628906
2026-08-04T05:12:21.472000-04:00,9.863409042358398,-0.7358536720275879,-10.599262237548828
2026-08-04T05:12:21.476000-04:00,9.893104553222656,-0.6805535554885864,-10.573657989501953
2026-08-04T05:12:21.480000-04:00,9.903743743896484,-0.6516759395599365,-10.555419921875
2026-08-04T05:12:21.484000-04:00,9.913915634155273,-0.6441934704780579,-10.558109283447266
2026-08-04T05:12:21.488000-04:00,9.928529739379883,-0.6392831206321716,-10.5678129196167
2026-08-04T05:12:21.492000-04:00,9.930517196655273,-0.6174202561378479,-10.547937393188477
2026-08-04T05:12:21.496000-04:00,9.963253021240234,-0.5796571969985962,-10.5429105758667
2026-08-04T05:12:21.500000-04:00,9.981959342956543,-0.5464537739753723,-10.528412818908691
2026-08-04T05:12:21.504000-04:00,9.983829498291016,-0.5327748656272888,-10.51660442352295
2026-08-04T05:12:21.508000-04:00,10.011537551879883,-0.512315034866333,-10.523852348327637
2026-08-04T05:12:21.512000-04:00,10.009082794189453,-0.4948948919773102,-10.50397777557373
2026-08-04T05:12:21.516000-04:00,10.02626895904541,-0.4517538249492645,-10.478022575378418
2026-08-04T05:12:21.520000-04:00,10.018670082092285,-0.4592362940311432,-10.477906227111816
2026-08-04T05:12:21.524000-04:00,10.033868789672852,-0.43971171975135803,-10.473580360412598
2026-08-04T05:12:21.528000-04:00,10.04287052154541,-0.4495324492454529,-10.492403030395508
2026-08-04T05:12:21.532000-04:00,10.070579528808594,-0.4191349446773529,-10.489714622497559
2026-08-04T05:12:21.536000-04:00,10.047313690185547,-0.41212013363838196,-10.459433555603027
2026-08-04T05:12:21.540000-04:00,10.035738945007324,-0.4242791533470154,-10.460018157958984
2026-08-04T05:12:21.544000-04:00,10.019604682922363,-0.42930641770362854,-10.4489107131958
2026-08-04T05:12:21.548000-04:00,10.022761344909668,-0.4460250437259674,-10.468786239624023
2026-08-04T05:12:21.552000-04:00,10.010602951049805,-0.48355430364608765,-10.494156837463379
2026-08-04T05:12:21.556000-04:00,9.998092651367188,-0.5068200826644897,-10.504912376403809
2026-08-04T05:12:21.560000-04:00,10.0033540725708,-0.5289167165756226,-10.532270431518555
2026-08-04T05:12:21.564000-04:00,9.989324569702148,-0.532541036605835,-10.521865844726562
2026-08-04T05:12:21.568000-04:00,9.950275421142578,-0.5777865648269653,-10.528061866760254
2026-08-04T05:12:21.572000-04:00,9.959745407104492,-0.606079638004303,-10.565825462341309
2026-08-04T05:12:21.576000-04:00,9.918241500854492,-0.6600937247276306,-10.57833480834961
2026-08-04T05:12:21.580000-04:00,9.888778686523438,-0.7048715949058533,-10.593649864196777
2026-08-04T05:12:21.584000-04:00,9.86329174041748,-0.7387765049934387,-10.602067947387695
2026-08-04T05:12:21.588000-04:00,9.87545108795166,-0.7609900832176208,-10.636441230773926
2026-08-04T05:12:21.592000-04:00,9.850898742675781,-0.7988700270652771,-10.649768829345703
2026-08-04T05:12:21.596000-04:00,9.836167335510254,-0.8222527503967285,-10.65842056274414
2026-08-04T05:12:21.600000-04:00,9.829269409179688,-0.8376853466033936,-10.66695499420166
2026-08-04T05:12:21.604000-04:00,9.793961524963379,-0.8678489923477173,-10.661810874938965
2026-08-04T05:12:21.608000-04:00,9.789752960205078,-0.8725255727767944,-10.662278175354004
2026-08-04T05:12:21.612000-04:00,9.773969650268555,-0.894037663936615,-10.668006896972656
2026-08-04T05:12:21.616000-04:00,9.776308059692383,-0.9169526696205139,-10.69326114654541
2026-08-04T05:12:21.620000-04:00,9.759004592895508,-0.9263057708740234,-10.685310363769531
2026-08-04T05:12:21.624000-04:00,9.76052474975586,-0.9245520830154419,-10.685076713562012
2026-08-04T05:12:21.628000-04:00,9.764148712158203,-0.9344897270202637,-10.698638916015625
2026-08-04T05:12:21.632000-04:00,9.742753982543945,-0.9558848738670349,-10.698638916015625
2026-08-04T05:12:21.636000-04:00,9.742753982543945,-0.9495715498924255,-10.692325592041016
2026-08-04T05:12:21.640000-04:00,9.737141609191895,-0.9506238102912903,-10.687765121459961
2026-08-04T05:12:21.644000-04:00,9.757952690124512,-0.9107562899589539,-10.668708801269531
2026-08-04T05:12:21.648000-04:00,9.715980529785156,-0.931333065032959,-10.647314071655273
2026-08-04T05:12:21.652000-04:00,9.723580360412598,-0.9575216770172119,-10.68110179901123
2026-08-04T05:12:21.656000-04:00,9.718318939208984,-0.9558848738670349,-10.674203872680664
2026-08-04T05:12:21.660000-04:00,9.735154151916504,-0.9325022101402283,-10.667655944824219
2026-08-04T05:12:21.664000-04:00,9.76029109954834,-0.9330867528915405,-10.693377494812012
2026-08-04T05:12:21.668000-04:00,9.786362648010254,-0.9070150256156921,-10.693377494812012
2026-08-04T05:12:21.672000-04:00,9.791857719421387,-0.9077165126800537,-10.69957447052002
2026-08-04T05:12:21.676000-04:00,9.764148712158203,-0.9142636656761169,-10.678412437438965
2026-08-04T05:12:21.680000-04:00,9.771280288696289,-0.9011693596839905,-10.672450065612793
2026-08-04T05:12:21.684000-04:00,9.774436950683594,-0.8987141847610474,-10.673151016235352
2026-08-04T05:12:21.688000-04:00,9.758537292480469,-0.9046767950057983,-10.663213729858398
2026-08-04T05:12:21.692000-04:00,9.74813175201416,-0.9063135385513306,-10.65444564819336
2026-08-04T05:12:21.696000-04:00,9.78542709350586,-0.8800080418586731,-10.665434837341309
2026-08-04T05:12:21.700000-04:00,9.784608840942383,-0.8859705924987793,-10.67057991027832
2026-08-04T05:12:21.704000-04:00,9.773502349853516,-0.8731101155281067,-10.646612167358398
2026-08-04T05:12:21.708000-04:00,9.780750274658203,-0.8574436902999878,-10.63819408416748
2026-08-04T05:12:21.712000-04:00,9.76251220703125,-0.869953453540802,-10.632465362548828
2026-08-04T05:12:21.716000-04:00,9.782270431518555,-0.8611849546432495,-10.643455505371094
2026-08-04T05:12:21.720000-04:00,9.780984878540039,-0.8728762865066528,-10.653861045837402
2026-08-04T05:12:21.724000-04:00,9.769176483154297,-0.8884257674217224,-10.657602310180664
2026-08-04T05:12:21.728000-04:00,9.778295516967773,-0.882112443447113,-10.660408020019531
2026-08-04T05:12:21.732000-04:00,9.777243614196777,-0.8691350817680359,-10.646378517150879
2026-08-04T05:12:21.736000-04:00,9.766019821166992,-0.8793065547943115,-10.645326614379883
2026-08-04T05:12:21.740000-04:00,9.773268699645996,-0.8941545486450195,-10.667423248291016
2026-08-04T05:12:21.744000-04:00,9.797118186950684,-0.88480144739151,-10.681920051574707
2026-08-04T05:12:21.748000-04:00,9.769761085510254,-0.8931023478507996,-10.662863731384277
2026-08-04T05:12:21.752000-04:00,9.78320598602295,-0.8983634114265442,-10.68156909942627
2026-08-04T05:12:21.756000-04:00,9.764383316040039,-0.9181218147277832,-10.682504653930664
2026-08-04T05:12:21.760000-04:00,9.771748542785645,-0.9080672860145569,-10.679816246032715
2026-08-04T05:12:21.764000-04:00,9.755263328552246,-0.9032738208770752,-10.658536911010742
2026-08-04T05:12:21.768000-04:00,9.785076141357422,-0.882112443447113,-10.66718864440918
2026-08-04T05:12:21.772000-04:00,9.803431510925293,-0.8510134816169739,-10.654444694519043
2026-08-04T05:12:21.776000-04:00,9.776190757751465,-0.8552223443984985,-10.631413459777832
2026-08-04T05:12:21.780000-04:00,9.768123626708984,-0.8476229906082153,-10.61574649810791
2026-08-04T05:12:21.784000-04:00,9.76859188079834,-0.855105459690094,-10.623697280883789
2026-08-04T05:12:21.788000-04:00,9.788350105285645,-0.8334764242172241,-10.621826171875
2026-08-04T05:12:21.792000-04:00,9.766955375671387,-0.8286829590797424,-10.595638275146484
2026-08-04T05:12:21.796000-04:00,9.765551567077637,-0.7498832941055298,-10.515435218811035
2026-08-04T05:12:21.800000-04:00,9.757017135620117,-0.7269682288169861,-10.48398494720459
2026-08-04T05:12:21.804000-04:00,9.734804153442383,-0.7146922945976257,-10.449496269226074
2026-08-04T05:12:21.808000-04:00,9.77057933807373,-0.7089635729789734,-10.47954273223877
2026-08-04T05:12:21.812000-04:00,9.746495246887207,-0.7388933897018433,-10.48538875579834
2026-08-04T05:12:21.816000-04:00,9.774436950683594,-0.7316447496414185,-10.506081581115723
2026-08-04T05:12:21.820000-04:00,9.797469139099121,-0.7428684830665588,-10.540337562561035
2026-08-04T05:12:21.824000-04:00,9.793377876281738,-0.7301248908042908,-10.523502349853516
2026-08-04T05:12:21.828000-04:00,9.78519344329834,-0.7518708109855652,-10.537064552307129
2026-08-04T05:12:21.832000-04:00,9.757952690124512,-0.8462200164794922,-10.604172706604004
2026-08-04T05:12:21.836000-04:00,9.749768257141113,-0.8743961453437805,-10.624164581298828
2026-08-04T05:12:21.840000-04:00,9.735505104064941,-0.8964928388595581,-10.631998062133789
2026-08-04T05:12:21.844000-04:00,9.741233825683594,-0.9258381128311157,-10.667072296142578
2026-08-04T05:12:21.848000-04:00,9.741467475891113,-0.9448950290679932,-10.686362266540527
2026-08-04T05:12:21.852000-04:00,9.732699394226074,-0.9783322811126709,-10.711031913757324
2026-08-04T05:12:21.856000-04:00,9.730243682861328,-0.9750587344169617,-10.705302238464355
2026-08-04T05:12:21.860000-04:00,9.718669891357422,-0.9758771061897278,-10.694546699523926
2026-08-04T05:12:21.864000-04:00,9.739363670349121,-0.9720189571380615,-10.711382865905762
2026-08-04T05:12:21.868000-04:00,9.753509521484375,-0.9796183109283447,-10.73312759399414
2026-08-04T05:12:21.872000-04:00,9.723814010620117,-1.0090805292129517,-10.732894897460938
2026-08-04T05:12:21.876000-04:00,9.725801467895508,-1.0146924257278442,-10.740493774414062
2026-08-04T05:12:21.880000-04:00,9.719254493713379,-1.020538091659546,-10.739792823791504
2026-08-04T05:12:21.884000-04:00,9.712472915649414,-1.0077944993972778,-10.720267295837402
2026-08-04T05:12:21.888000-04:00,9.743104934692383,-0.9880360960960388,-10.731141090393066
2026-08-04T05:12:21.892000-04:00,9.723112106323242,-1.0116525888442993,-10.73476505279541
2026-08-04T05:12:21.896000-04:00,9.699378967285156,-1.0413486957550049,-10.740727424621582
2026-08-04T05:12:21.900000-04:00,9.704756736755371,-1.0268514156341553,-10.731608390808105
2026-08-04T05:12:21.904000-04:00,9.685583114624023,-1.0196027755737305,-10.705185890197754
2026-08-04T05:12:21.908000-04:00,9.676697731018066,-0.9979737401008606,-10.674671173095703
2026-08-04T05:12:21.912000-04:00,9.630633354187012,-0.9872177243232727,-10.617851257324219
2026-08-04T05:12:21.916000-04:00,9.676931381225586,-0.9793844819068909,-10.656315803527832
2026-08-04T05:12:21.920000-04:00,9.726970672607422,-1.0008965730667114,-10.727867126464844
2026-08-04T05:12:21.924000-04:00,9.886323928833008,-0.8436478972434998,-10.729971885681152
2026-08-04T05:12:21.928000-04:00,10.027438163757324,-0.6773968935012817,-10.704834938049316
2026-08-04T05:12:21.932000-04:00,10.098755836486816,-0.18682779371738434,-10.28558349609375
2026-08-04T05:12:21.936000-04:00,10.024515151977539,0.2946220636367798,-9.72989273071289
2026-08-04T05:12:21.940000-04:00,9.995404243469238,1.0902185440063477,-8.90518569946289
2026-08-04T05:12:21.944000-04:00,9.84914493560791,1.4319567680358887,-8.41718864440918
2026-08-04T05:12:21.948000-04:00,9.823190689086914,1.3793456554412842,-8.44384479522705
2026-08-04T05:12:21.952000-04:00,9.760992050170898,0.9973891973495483,-8.763603210449219
2026-08-04T05:12:21.956000-04:00,9.743572235107422,0.5313718914985657,-9.212200164794922
2026-08-04T05:12:21.960000-04:00,9.74228572845459,-0.06851132214069366,-9.810796737670898
2026-08-04T05:12:21.964000-04:00,9.762161254882812,-0.46671873331069946,-10.228879928588867
2026-08-04T05:12:21.968000-04:00,9.836869239807129,-0.6454795002937317,-10.482348442077637
2026-08-04T05:12:21.972000-04:00,9.865630149841309,-0.6578723192214966,-10.523502349853516
2026-08-04T05:12:21.976000-04:00,9.811849594116211,-0.7193688750267029,-10.531218528747559
2026-08-04T05:12:21.980000-04:00,9.788701057434082,-0.8295013904571533,-10.618202209472656
2026-08-04T05:12:21.984000-04:00,9.768942832946777,-0.8662122488021851,-10.635154724121094
2026-08-04T05:12:21.988000-04:00,9.803666114807129,-0.8493766784667969,-10.653042793273926
2026-08-04T05:12:21.992000-04:00,9.787531852722168,-0.8727594017982483,-10.66029167175293
2026-08-04T05:12:21.996000-04:00,9.777593612670898,-0.8901795148849487,-10.667773246765137
2026-08-04T05:12:22-04:00,9.780400276184082,-0.8980126976966858,-10.678413391113281
2026-08-04T05:12:22.004000-04:00,9.772684097290039,-0.922681450843811,-10.695365905761719
2026-08-04T05:12:22.008000-04:00,9.775372505187988,-0.8908810019493103,-10.666253089904785
2026-08-04T05:12:22.012000-04:00,9.79349422454834,-0.8925177454948425,-10.686012268066406
2026-08-04T05:12:22.016000-04:00,9.75666618347168,-0.8974281549453735,-10.654094696044922
2026-08-04T05:12:22.020000-04:00,9.777359962463379,-0.871005654335022,-10.64836597442627
2026-08-04T05:12:22.024000-04:00,9.770345687866211,-0.8879581093788147,-10.658304214477539
2026-08-04T05:12:22.028000-04:00,9.792208671569824,-0.87860506772995,-10.67081356048584
2026-08-04T05:12:22.032000-04:00,9.782387733459473,-0.8826970458030701,-10.665084838867188
2026-08-04T05:12:22.036000-04:00,9.798755645751953,-0.8698365688323975,-10.66859245300293
2026-08-04T05:12:22.040000-04:00,9.824125289916992,-0.8622371554374695,-10.686362266540527
2026-08-04T05:12:22.044000-04:00,9.801444053649902,-0.8531178832054138,-10.654561996459961
2026-08-04T05:12:22.048000-04:00,9.820968627929688,-0.8387375473976135,-10.659706115722656
2026-08-04T05:12:22.052000-04:00,9.821670532226562,-0.8292675614356995,-10.650938034057617
2026-08-04T05:12:22.056000-04:00,9.814188003540039,-0.8235387802124023,-10.637726783752441
2026-08-04T05:12:22.060000-04:00,9.840376853942871,-0.8065863251686096,-10.646963119506836
2026-08-04T05:12:22.064000-04:00,9.848326683044434,-0.7955964803695679,-10.643922805786133
2026-08-04T05:12:22.068000-04:00,9.844234466552734,-0.7857757210731506,-10.630010604858398
2026-08-04T05:12:22.072000-04:00,9.834063529968262,-0.7884647250175476,-10.622528076171875
2026-08-04T05:12:22.076000-04:00,9.869020462036133,-0.7760719060897827,-10.645092010498047
2026-08-04T05:12:22.080000-04:00,9.885271072387695,-0.7400625348091125,-10.625333786010742
2026-08-04T05:12:22.084000-04:00,9.880244255065918,-0.7217071056365967,-10.601951599121094
2026-08-04T05:12:22.088000-04:00,9.89404010772705,-0.7003119587898254,-10.594351768493652
2026-08-04T05:12:22.092000-04:00,9.883049964904785,-0.7160952687263489,-10.59914493560791
2026-08-04T05:12:22.096000-04:00,9.889246940612793,-0.688269853591919,-10.577516555786133
2026-08-04T05:12:22.100000-04:00,9.891584396362305,-0.6747078895568848,-10.566291809082031
2026-08-04T05:12:22.104000-04:00,9.933907508850098,-0.6164849400520325,-10.550392150878906
2026-08-04T05:12:22.108000-04:00,9.933089256286621,-0.6149650812149048,-10.548054695129395
2026-08-04T05:12:22.112000-04:00,9.94162368774414,-0.5811770558357239,-10.52280044555664
2026-08-04T05:12:22.116000-04:00,9.939987182617188,-0.5591973662376404,-10.499184608459473
2026-08-04T05:12:22.120000-04:00,9.961615562438965,-0.529852032661438,-10.491467475891113
2026-08-04T05:12:22.124000-04:00,9.968981742858887,-0.4991037845611572,-10.468085289001465
2026-08-04T05:12:22.128000-04:00,9.980555534362793,-0.48437267541885376,-10.46492862701416
2026-08-04T05:12:22.132000-04:00,9.987688064575195,-0.46508195996284485,-10.452770233154297
2026-08-04T05:12:22.136000-04:00,10.020891189575195,-0.4336322247982025,-10.454523086547852
2026-08-04T05:12:22.140000-04:00,10.017383575439453,-0.4319954216480255,-10.449378967285156
2026-08-04T05:12:22.144000-04:00,10.010602951049805,-0.3878021240234375,-10.398405075073242
2026-08-04T05:12:22.148000-04:00,9.993416786193848,-0.4159782826900482,-10.409395217895508
2026-08-04T05:12:22.152000-04:00,10.018552780151367,-0.4098987877368927,-10.428451538085938
2026-08-04T05:12:22.156000-04:00,10.031764030456543,-0.41574445366859436,-10.447508811950684
2026-08-04T05:12:22.160000-04:00,10.016448020935059,-0.4207717478275299,-10.437219619750977
2026-08-04T05:12:22.164000-04:00,10.024866104125977,-0.4260328412055969,-10.450899124145508
2026-08-04T05:12:22.168000-04:00,9.992714881896973,-0.4669525623321533,-10.459667205810547
2026-08-04T05:12:22.172000-04:00,10.002184867858887,-0.43982863426208496,-10.44201374053955
2026-08-04T05:12:22.176000-04:00,9.984881401062012,-0.47197985649108887,-10.45686149597168
2026-08-04T05:12:22.180000-04:00,9.955653190612793,-0.5179268717765808,-10.473580360412598
2026-08-04T05:12:22.184000-04:00,9.922917366027832,-0.5532347559928894,-10.476152420043945
2026-08-04T05:12:22.188000-04:00,9.896612167358398,-0.6189401149749756,-10.515552520751953
2026-08-04T05:12:22.192000-04:00,9.87346363067627,-0.6531957983970642,-10.52665901184082
2026-08-04T05:12:22.196000-04:00,9.851483345031738,-0.6809043288230896,-10.532387733459473
2026-08-04T05:12:22.200000-04:00,9.811148643493652,-0.7181997299194336,-10.529348373413086
2026-08-04T05:12:22.204000-04:00,9.821670532226562,-0.7435699701309204,-10.565240859985352
2026-08-04T05:12:22.208000-04:00,9.803899765014648,-0.7502340078353882,-10.554133415222168
2026-08-04T05:12:22.212000-04:00,9.786829948425293,-0.7806315422058105,-10.567461013793945
2026-08-04T05:12:22.216000-04:00,9.786362648010254,-0.793725848197937,-10.58008861541748
2026-08-04T05:12:22.220000-04:00,9.757719039916992,-0.8338271975517273,-10.591546058654785
2026-08-04T05:12:22.224000-04:00,9.75011920928955,-0.8298521041870117,-10.579971313476562
2026-08-04T05:12:22.228000-04:00,9.737960815429688,-0.8485583066940308,-10.586519241333008
2026-08-04T05:12:22.232000-04:00,9.723112106323242,-0.8818786144256592,-10.60499095916748
2026-08-04T05:12:22.236000-04:00,9.731062889099121,-0.88480144739151,-10.615864753723145
2026-08-04T05:12:22.240000-04:00,9.712122917175293,-0.8765006065368652,-10.588623046875
2026-08-04T05:12:22.244000-04:00,9.702301979064941,-0.8794234395027161,-10.581725120544434
2026-08-04T05:12:22.248000-04:00,9.707913398742676,-0.8866720795631409,-10.594585418701172
2026-08-04T05:12:22.252000-04:00,9.70499038696289,-0.8966097235679626,-10.60159969329834
2026-08-04T05:12:22.256000-04:00,9.718318939208984,-0.8862044215202332,-10.604523658752441
2026-08-04T05:12:22.260000-04:00,9.685583114624023,-0.8793065547943115,-10.564889907836914
2026-08-04T05:12:22.264000-04:00,9.70908260345459,-0.8852691054344177,-10.594351768493652
2026-08-04T05:12:22.268000-04:00,9.69493579864502,-0.8832815885543823,-10.578217506408691
2026-08-04T05:12:22.272000-04:00,9.681841850280762,-0.8962590098381042,-10.57810115814209
2026-08-04T05:12:22.276000-04:00,9.704289436340332,-0.8914655447006226,-10.595754623413086
2026-08-04T05:12:22.280000-04:00,9.710836410522461,-0.8776697516441345,-10.588505744934082
2026-08-04T05:12:22.284000-04:00,9.716097831726074,-0.8587297797203064,-10.574827194213867
2026-08-04T05:12:22.288000-04:00,9.713292121887207,-0.8738116025924683,-10.587103843688965
2026-08-04T05:12:22.292000-04:00,9.709784507751465,-0.8676151633262634,-10.577399253845215
2026-08-04T05:12:22.296000-04:00,9.71761703491211,-0.8505458235740662,-10.56816291809082
2026-08-04T05:12:22.300000-04:00,9.704523086547852,-0.8497273921966553,-10.554250717163086
2026-08-04T05:12:22.304000-04:00,9.721124649047852,-0.838036060333252,-10.559160232543945
2026-08-04T05:12:22.308000-04:00,9.721709251403809,-0.8449339866638184,-10.566642761230469
2026-08-04T05:12:22.312000-04:00,9.732582092285156,-0.841309666633606,-10.573891639709473
2026-08-04T05:12:22.316000-04:00,9.74567699432373,-0.81781005859375,-10.56348705291748
2026-08-04T05:12:22.320000-04:00,9.72767162322998,-0.8323072791099548,-10.559978485107422
2026-08-04T05:12:22.324000-04:00,9.72930908203125,-0.8251755833625793,-10.554484367370605
2026-08-04T05:12:22.328000-04:00,9.734804153442383,-0.8214343190193176,-10.556238174438477
2026-08-04T05:12:22.332000-04:00,9.736089706420898,-0.826695442199707,-10.562785148620605
2026-08-04T05:12:22.336000-04:00,9.733400344848633,-0.8318396806716919,-10.565239906311035
2026-08-04T05:12:22.340000-04:00,9.74006462097168,-0.8356977701187134,-10.575762748718262
2026-08-04T05:12:22.344000-04:00,9.729425430297852,-0.8162901401519775,-10.54571533203125
2026-08-04T05:12:22.348000-04:00,9.735154151916504,-0.8220189213752747,-10.557172775268555
2026-08-04T05:12:22.352000-04:00,9.721124649047852,-0.8541701436042786,-10.575294494628906
2026-08-04T05:12:22.356000-04:00,9.726853370666504,-0.846453845500946,-10.573307037353516
2026-08-04T05:12:22.360000-04:00,9.722411155700684,-0.8587297797203064,-10.581140518188477
2026-08-04T05:12:22.364000-04:00,9.714460372924805,-0.8711225986480713,-10.585582733154297
2026-08-04T05:12:22.368000-04:00,9.720072746276855,-0.8447001576423645,-10.564772605895996
2026-08-04T05:12:22.372000-04:00,9.751054763793945,-0.8360485434532166,-10.587102890014648
2026-08-04T05:12:22.376000-04:00,9.735505104064941,-0.873227059841156,-10.608732223510742
2026-08-04T05:12:22.380000-04:00,9.730945587158203,-0.8658614754676819,-10.596807479858398
2026-08-04T05:12:22.384000-04:00,9.717734336853027,-0.8739284873008728,-10.591662406921387
2026-08-04T05:12:22.388000-04:00,9.72732162475586,-0.8812940716743469,-10.60861587524414
2026-08-04T05:12:22.392000-04:00,9.728958129882812,-0.8745130896568298,-10.603470802307129
2026-08-04T05:12:22.396000-04:00,9.716682434082031,-0.8736947178840637,-10.590376853942871
2026-08-04T05:12:22.400000-04:00,9.725801467895508,-0.8642246723175049,-10.590025901794434
2026-08-04T05:12:22.404000-04:00,9.732114791870117,-0.871590256690979,-10.603705406188965
2026-08-04T05:12:22.408000-04:00,9.734219551086426,-0.8159394264221191,-10.550159454345703
2026-08-04T05:12:22.412000-04:00,9.726737022399902,-0.8282153606414795,-10.554952621459961
2026-08-04T05:12:22.416000-04:00,9.717500686645508,-0.8531178832054138,-10.570618629455566
2026-08-04T05:12:22.420000-04:00,9.708381652832031,-0.8402574062347412,-10.548639297485352
2026-08-04T05:12:22.424000-04:00,9.713174819946289,-0.8297352194786072,-10.542909622192383
2026-08-04T05:12:22.428000-04:00,9.736323356628418,-0.8137180805206299,-10.550041198730469
2026-08-04T05:12:22.432000-04:00,9.734453201293945,-0.7349183559417725,-10.469371795654297
2026-08-04T05:12:22.436000-04:00,9.70908260345459,-0.7351521849632263,-10.444234848022461
2026-08-04T05:12:22.440000-04:00,9.7030029296875,-0.7100157737731934,-10.413019180297852
2026-08-04T05:12:22.444000-04:00,9.70101547241211,-0.7241622805595398,-10.425177574157715
2026-08-04T05:12:22.448000-04:00,9.707562446594238,-0.709898829460144,-10.417461395263672
2026-08-04T05:12:22.452000-04:00,9.715279579162598,-0.6772800087928772,-10.392560005187988
2026-08-04T05:12:22.456000-04:00,9.743221282958984,-0.6851131916046143,-10.42833423614502
2026-08-04T05:12:22.460000-04:00,9.752574920654297,-0.7352690696716309,-10.487844467163086
2026-08-04T05:12:22.464000-04:00,9.743221282958984,-0.7666019201278687,-10.509822845458984
2026-08-04T05:12:22.468000-04:00,9.734453201293945,-0.8037804365158081,-10.538233757019043
2026-08-04T05:12:22.472000-04:00,9.732114791870117,-0.811847448348999,-10.543962478637695
2026-08-04T05:12:22.476000-04:00,9.719137191772461,-0.8653938174247742,-10.5845308303833
2026-08-04T05:12:22.480000-04:00,9.681841850280762,-0.909937858581543,-10.591779708862305
2026-08-04T05:12:22.484000-04:00,9.67786693572998,-0.9077165126800537,-10.585583686828613
2026-08-04T05:12:22.488000-04:00,9.679620742797852,-0.9431413412094116,-10.622761726379395
2026-08-04T05:12:22.492000-04:00,9.669332504272461,-0.9672254920005798,-10.636557579040527
2026-08-04T05:12:22.496000-04:00,9.679387092590332,-0.9510914087295532,-10.630478858947754
2026-08-04T05:12:22.500000-04:00,9.6781005859375,-0.9562356472015381,-10.634336471557617
2026-08-04T05:12:22.504000-04:00,9.67587947845459,-0.9665240049362183,-10.642403602600098
2026-08-04T05:12:22.508000-04:00,9.6657075881958,-0.9790337681770325,-10.64474105834961
2026-08-04T05:12:22.512000-04:00,9.656822204589844,-0.9927126169204712,-10.649535179138184
2026-08-04T05:12:22.516000-04:00,9.667695045471191,-0.9887375831604004,-10.65643310546875
2026-08-04T05:12:22.520000-04:00,9.660914421081543,-0.9996105432510376,-10.66052532196045
2026-08-04T05:12:22.524000-04:00,9.668045997619629,-1.0143415927886963,-10.682387351989746
2026-08-04T05:12:22.528000-04:00,9.679387092590332,-1.0046378374099731,-10.684024810791016
2026-08-04T05:12:22.532000-04:00,9.675762176513672,-0.9880360960960388,-10.663798332214355
2026-08-04T05:12:22.536000-04:00,9.655536651611328,-1.0096651315689087,-10.665202140808105
2026-08-04T05:12:22.540000-04:00,9.65097713470459,-0.9804367423057556,-10.631413459777832
2026-08-04T05:12:22.544000-04:00,9.616253852844238,-0.9887375831604004,-10.604991912841797
2026-08-04T05:12:22.548000-04:00,9.601171493530273,-0.9510914087295532,-10.552263259887695
2026-08-04T05:12:22.552000-04:00,9.63858413696289,-0.887022852897644,-10.525607109069824
2026-08-04T05:12:22.556000-04:00,9.693182945251465,-0.9005848169326782,-10.593768119812012
2026-08-04T05:12:22.560000-04:00,9.807523727416992,-0.8558069467544556,-10.663331031799316
2026-08-04T05:12:22.564000-04:00,9.916604042053223,-0.7192519307136536,-10.635855674743652
2026-08-04T05:12:22.568000-04:00,10.0281400680542,-0.30455970764160156,-10.3326997756958
2026-08-04T05:12:22.572000-04:00,9.90304183959961,0.3553001582622528,-9.547741889953613
2026-08-04T05:12:22.576000-04:00,9.856744766235352,0.8798910975456238,-8.976853370666504
2026-08-04T05:12:22.580000-04:00,9.785660743713379,1.4173425436019897,-8.368318557739258
2026-08-04T05:12:22.584000-04:00,9.750703811645508,1.4237728118896484,-8.32693099975586
2026-08-04T05:12:22.588000-04:00,9.674710273742676,1.1901795864105225,-8.484530448913574
2026-08-04T05:12:22.592000-04:00,9.660797119140625,0.7272020578384399,-8.933594703674316
2026-08-04T05:12:22.596000-04:00,9.665473937988281,0.10019487887620926,-9.565279006958008
2026-08-04T05:12:22.600000-04:00,9.702418327331543,-0.3196415603160858,-10.022059440612793
2026-08-04T05:12:22.604000-04:00,9.757719039916992,-0.6022214889526367,-10.359940528869629
2026-08-04T05:12:22.608000-04:00,9.780633926391602,-0.6467655301094055,-10.427399635314941
2026-08-04T05:12:22.612000-04:00,9.731647491455078,-0.7077944278717041,-10.439441680908203
2026-08-04T05:12:22.616000-04:00,9.721475601196289,-0.7977008819580078,-10.519176483154297
2026-08-04T05:12:22.620000-04:00,9.735505104064941,-0.7890493273735046,-10.524554252624512
2026-08-04T05:12:22.624000-04:00,9.739246368408203,-0.829384446144104,-10.568631172180176
2026-08-04T05:12:22.628000-04:00,9.73597240447998,-0.8505458235740662,-10.586518287658691
2026-08-04T05:12:22.632000-04:00,9.727204322814941,-0.8935700058937073,-10.620774269104004
2026-08-04T05:12:22.636000-04:00,9.7236967086792,-0.8667967915534973,-10.590493202209473
2026-08-04T05:12:22.640000-04:00,9.746962547302246,-0.8533517122268677,-10.600314140319824
2026-08-04T05:12:22.644000-04:00,9.743338584899902,-0.8659784197807312,-10.6093168258667
2026-08-04T05:12:22.648000-04:00,9.75011920928955,-0.8727594017982483,-10.622879028320312
2026-08-04T05:12:22.652000-04:00,9.749768257141113,-0.8469215035438538,-10.59669017791748
2026-08-04T05:12:22.656000-04:00,9.75619888305664,-0.8579113483428955,-10.614109992980957
2026-08-04T05:12:22.660000-04:00,9.765317916870117,-0.865627646446228,-10.630945205688477
2026-08-04T05:12:22.664000-04:00,9.745793342590332,-0.8849183917045593,-10.630711555480957
2026-08-04T05:12:22.668000-04:00,9.753860473632812,-0.8800080418586731,-10.633868217468262
2026-08-04T05:12:22.672000-04:00,9.78940200805664,-0.8429464101791382,-10.63234806060791
2026-08-04T05:12:22.676000-04:00,9.776074409484863,-0.8465707302093506,-10.622645378112793
2026-08-04T05:12:22.680000-04:00,9.778762817382812,-0.8272800445556641,-10.606042861938477
2026-08-04T05:12:22.684000-04:00,9.786829948425293,-0.8182776570320129,-10.605107307434082
2026-08-04T05:12:22.688000-04:00,9.766487121582031,-0.8174592852592468,-10.583946228027344
2026-08-04T05:12:22.692000-04:00,9.76473331451416,-0.8414265513420105,-10.606160163879395
2026-08-04T05:12:22.696000-04:00,9.79770278930664,-0.8100937604904175,-10.607796669006348
2026-08-04T05:12:22.700000-04:00,9.813136100769043,-0.770226240158081,-10.583362579345703
2026-08-04T05:12:22.704000-04:00,9.803197860717773,-0.7586517930030823,-10.561849594116211
2026-08-04T05:12:22.708000-04:00,9.811966896057129,-0.7401794791221619,-10.552145957946777
2026-08-04T05:12:22.712000-04:00,9.83277702331543,-0.7471942901611328,-10.579971313476562
2026-08-04T05:12:22.716000-04:00,9.827516555786133,-0.7490648627281189,-10.576581001281738
2026-08-04T05:12:22.720000-04:00,9.843649864196777,-0.7319955229759216,-10.575645446777344
2026-08-04T05:12:22.724000-04:00,9.856276512145996,-0.6565862894058228,-10.512863159179688
2026-08-04T05:12:22.728000-04:00,9.861771583557129,-0.6603275537490845,-10.522099494934082
2026-08-04T05:12:22.732000-04:00,9.869487762451172,-0.650974452495575,-10.520462036132812
2026-08-04T05:12:22.736000-04:00,9.88620662689209,-0.646648645401001,-10.532855033874512
2026-08-04T05:12:22.740000-04:00,9.916253089904785,-0.6018707752227783,-10.518123626708984
2026-08-04T05:12:22.744000-04:00,9.891117095947266,-0.5759159922599792,-10.467033386230469
2026-08-04T05:12:22.748000-04:00,9.915668487548828,-0.561769425868988,-10.477437973022461
2026-08-04T05:12:22.752000-04:00,9.952496528625488,-0.5082230567932129,-10.46072006225586
2026-08-04T05:12:22.756000-04:00,9.960680961608887,-0.49770084023475647,-10.458381652832031
2026-08-04T05:12:22.760000-04:00,9.976814270019531,-0.4841388463973999,-10.460952758789062
2026-08-04T05:12:22.764000-04:00,9.973190307617188,-0.46706947684288025,-10.44025993347168
2026-08-04T05:12:22.768000-04:00,9.981842041015625,-0.4380749464035034,-10.419917106628418
2026-08-04T05:12:22.772000-04:00,10.022176742553711,-0.3890881836414337,-10.41126537322998
2026-08-04T05:12:22.776000-04:00,10.024632453918457,-0.38920509815216064,-10.413837432861328
2026-08-04T05:12:22.780000-04:00,10.045092582702637,-0.34898683428764343,-10.394079208374023
2026-08-04T05:12:22.784000-04:00,10.034102439880371,-0.3713173270225525,-10.40541934967041
2026-08-04T05:12:22.788000-04:00,10.022527694702148,-0.3752923905849457,-10.397820472717285
2026-08-04T05:12:22.792000-04:00,10.017149925231934,-0.3701481819152832,-10.387298583984375
2026-08-04T05:12:22.796000-04:00,10.026970863342285,-0.3692128658294678,-10.396183967590332
2026-08-04T05:12:22.800000-04:00,10.030712127685547,-0.36032745242118835,-10.391039848327637
2026-08-04T05:12:22.804000-04:00,10.010485649108887,-0.3806703984737396,-10.391156196594238
2026-08-04T05:12:22.808000-04:00,9.990376472473145,-0.41200321912765503,-10.402379989624023
2026-08-04T05:12:22.812000-04:00,9.991779327392578,-0.4167966842651367,-10.408576011657715
2026-08-04T05:12:22.816000-04:00,9.953665733337402,-0.4781762659549713,-10.431841850280762
2026-08-04T05:12:22.820000-04:00,9.941506385803223,-0.4697585105895996,-10.411264419555664
2026-08-04T05:12:22.824000-04:00,9.94162368774414,-0.5118473768234253,-10.453471183776855
2026-08-04T05:12:22.828000-04:00,9.926307678222656,-0.5088075995445251,-10.435114860534668
2026-08-04T05:12:22.832000-04:00,9.882816314697266,-0.5535854697227478,-10.4364013671875
2026-08-04T05:12:22.836000-04:00,9.854289054870605,-0.6156665682792664,-10.469955444335938
2026-08-04T05:12:22.840000-04:00,9.833595275878906,-0.6454795002937317,-10.479074478149414
2026-08-04T05:12:22.844000-04:00,9.798755645751953,-0.6755262613296509,-10.474282264709473
2026-08-04T05:12:22.848000-04:00,9.772566795349121,-0.7091974020004272,-10.48176383972168
2026-08-04T05:12:22.852000-04:00,9.776074409484863,-0.7255652546882629,-10.501639366149902
2026-08-04T05:12:22.856000-04:00,9.7764253616333,-0.7400625348091125,-10.516488075256348
2026-08-04T05:12:22.860000-04:00,9.752106666564941,-0.7549105882644653,-10.507017135620117
2026-08-04T05:12:22.864000-04:00,9.741233825683594,-0.7692909240722656,-10.51052474975586
2026-08-04T05:12:22.868000-04:00,9.724865913391113,-0.793725848197937,-10.51859188079834
2026-08-04T05:12:22.872000-04:00,9.717500686645508,-0.815588653087616,-10.533089637756348
2026-08-04T05:12:22.876000-04:00,9.710719108581543,-0.8280984163284302,-10.538817405700684
2026-08-04T05:12:22.880000-04:00,9.695755004882812,-0.836983859539032,-10.53273868560791
2026-08-04T05:12:22.884000-04:00,9.702068328857422,-0.8222527503967285,-10.524320602416992
2026-08-04T05:12:22.888000-04:00,9.707328796386719,-0.829384446144104,-10.536713600158691
2026-08-04T05:12:22.892000-04:00,9.694117546081543,-0.8361654281616211,-10.530282974243164
2026-08-04T05:12:22.896000-04:00,9.704405784606934,-0.8447001576423645,-10.549105644226074
2026-08-04T05:12:22.900000-04:00,9.695286750793457,-0.8269292712211609,-10.522215843200684
2026-08-04T05:12:22.904000-04:00,9.710485458374023,-0.850195050239563,-10.560680389404297
2026-08-04T05:12:22.908000-04:00,9.695053100585938,-0.8432971835136414,-10.538350105285645
2026-08-04T05:12:22.912000-04:00,9.705925941467285,-0.8439986705780029,-10.549924850463867
2026-08-04T05:12:22.916000-04:00,9.708381652832031,-0.8022605180740356,-10.510642051696777
2026-08-04T05:12:22.920000-04:00,9.701717376708984,-0.807521641254425,-10.509239196777344
2026-08-04T05:12:22.924000-04:00,9.696105003356934,-0.8159394264221191,-10.512044906616211
2026-08-04T05:12:22.928000-04:00,9.72568416595459,-0.7760719060897827,-10.501755714416504
2026-08-04T05:12:22.932000-04:00,9.71714973449707,-0.7915045022964478,-10.508654594421387
2026-08-04T05:12:22.936000-04:00,9.712005615234375,-0.7850742340087891,-10.497079849243164
2026-08-04T05:12:22.940000-04:00,9.717032432556152,-0.7805145978927612,-10.497547149658203
2026-08-04T05:12:22.944000-04:00,9.705574989318848,-0.7854250073432922,-10.491000175476074
2026-08-04T05:12:22.948000-04:00,9.726970672607422,-0.7632114291191101,-10.490181922912598
2026-08-04T05:12:22.952000-04:00,9.714110374450684,-0.7731490731239319,-10.487259864807129
2026-08-04T05:12:22.956000-04:00,9.710369110107422,-0.7717460989952087,-10.482114791870117
2026-08-04T05:12:22.960000-04:00,9.734102249145508,-0.7287219166755676,-10.462823867797852
2026-08-04T05:12:22.964000-04:00,9.745442390441895,-0.7464928030967712,-10.491934776306152
2026-08-04T05:12:22.968000-04:00,9.698209762573242,-0.7856588363647461,-10.483868598937988
2026-08-04T05:12:22.972000-04:00,9.71738338470459,-0.7746689319610596,-10.49205207824707
2026-08-04T05:12:22.976000-04:00,9.720189094543457,-0.7862433791160583,-10.50643253326416
2026-08-04T05:12:22.980000-04:00,9.71270751953125,-0.7846065759658813,-10.497314453125
2026-08-04T05:12:22.984000-04:00,9.705574989318848,-0.7875294089317322,-10.493103981018066
2026-08-04T05:12:22.988000-04:00,9.721475601196289,-0.7727982997894287,-10.494274139404297
2026-08-04T05:12:22.992000-04:00,9.725801467895508,-0.7597039937973022,-10.485505104064941
2026-08-04T05:12:22.996000-04:00,9.717032432556152,-0.7870617508888245,-10.504094123840332
2026-08-04T05:12:23-04:00,9.729659080505371,-0.7681217789649963,-10.497780799865723
2026-08-04T05:12:23.004000-04:00,9.718436241149902,-0.7684725522994995,-10.486908912658691
2026-08-04T05:12:23.008000-04:00,9.707562446594238,-0.792673647403717,-10.500236511230469
2026-08-04T05:12:23.012000-04:00,9.706043243408203,-0.7906860709190369,-10.496728897094727
2026-08-04T05:12:23.016000-04:00,9.729425430297852,-0.7829698324203491,-10.512394905090332
2026-08-04T05:12:23.020000-04:00,9.71492862701416,-0.7930243611335754,-10.507952690124512
2026-08-04T05:12:23.024000-04:00,9.71761703491211,-0.810795247554779,-10.528411865234375
2026-08-04T05:12:23.028000-04:00,9.717851638793945,-0.815588653087616,-10.533440589904785
2026-08-04T05:12:23.032000-04:00,9.69446849822998,-0.8450508713722229,-10.539519309997559
2026-08-04T05:12:23.036000-04:00,9.702886581420898,-0.8344117403030396,-10.537298202514648
2026-08-04T05:12:23.040000-04:00,9.710018157958984,-0.8233049511909485,-10.533323287963867
2026-08-04T05:12:23.044000-04:00,9.720072746276855,-0.8193299174308777,-10.539402961730957
2026-08-04T05:12:23.048000-04:00,9.702418327331543,-0.8410758376121521,-10.54349422454834
2026-08-04T05:12:23.052000-04:00,9.663837432861328,-0.8330087661743164,-10.496846199035645
2026-08-04T05:12:23.056000-04:00,9.672371864318848,-0.8402574062347412,-10.512629508972168
2026-08-04T05:12:23.060000-04:00,9.697157859802246,-0.8332425951957703,-10.530400276184082
2026-08-04T05:12:23.064000-04:00,9.70499038696289,-0.846453845500946,-10.551444053649902
2026-08-04T05:12:23.068000-04:00,9.746728897094727,-0.8185114860534668,-10.565240859985352
2026-08-04T05:12:23.072000-04:00,9.752924919128418,-0.7940765619277954,-10.547001838684082
2026-08-04T05:12:23.076000-04:00,9.740766525268555,-0.7690570950508118,-10.5098237991333
2026-08-04T05:12:23.080000-04:00,9.717851638793945,-0.7780594229698181,-10.49591064453125
2026-08-04T05:12:23.084000-04:00,9.742169380187988,-0.7579503059387207,-10.500120162963867
2026-08-04T05:12:23.088000-04:00,9.741233825683594,-0.7391272187232971,-10.480360984802246
2026-08-04T05:12:23.092000-04:00,9.740882873535156,-0.7042869925498962,-10.445169448852539
2026-08-04T05:12:23.096000-04:00,9.67611312866211,-0.717498242855072,-10.393610954284668
2026-08-04T05:12:23.100000-04:00,9.68195915222168,-0.6653547883033752,-10.34731388092041
2026-08-04T05:12:23.104000-04:00,9.726268768310547,-0.6692129373550415,-10.395482063293457
2026-08-04T05:12:23.108000-04:00,9.717851638793945,-0.6646533012390137,-10.382505416870117
2026-08-04T05:12:23.112000-04:00,9.710485458374023,-0.6549494862556458,-10.365434646606445
2026-08-04T05:12:23.116000-04:00,9.742520332336426,-0.6701482534408569,-10.412668228149414
2026-08-04T05:12:23.120000-04:00,9.750821113586426,-0.6600937247276306,-10.410914421081543
2026-08-04T05:12:23.124000-04:00,9.703120231628418,-0.6792675256729126,-10.3823881149292
2026-08-04T05:12:23.128000-04:00,9.693767547607422,-0.7276697158813477,-10.42143726348877
2026-08-04T05:12:23.132000-04:00,9.668396949768066,-0.8010913729667664,-10.469488143920898
2026-08-04T05:12:23.136000-04:00,9.719605445861816,-0.8270462155342102,-10.546651840209961
2026-08-04T05:12:23.140000-04:00,9.746846199035645,-0.8547546863555908,-10.601600646972656
2026-08-04T05:12:23.144000-04:00,9.730711936950684,-0.8843338489532471,-10.615045547485352
2026-08-04T05:12:23.148000-04:00,9.725567817687988,-0.9070150256156921,-10.632582664489746
2026-08-04T05:12:23.152000-04:00,9.707212448120117,-0.8914655447006226,-10.598677635192871
2026-08-04T05:12:23.156000-04:00,9.700080871582031,-0.9118084907531738,-10.611888885498047
2026-08-04T05:12:23.160000-04:00,9.685115814208984,-0.9156666398048401,-10.60078239440918
2026-08-04T05:12:23.164000-04:00,9.708264350891113,-0.9305146336555481,-10.638778686523438
2026-08-04T05:12:23.168000-04:00,9.693065643310547,-0.9538973569869995,-10.646963119506836
2026-08-04T05:12:23.172000-04:00,9.70931625366211,-0.9222137928009033,-10.631529808044434
2026-08-04T05:12:23.176000-04:00,9.71469497680664,-0.9198755025863647,-10.634570121765137
2026-08-04T05:12:23.180000-04:00,9.693883895874023,-0.9436089992523193,-10.637493133544922
2026-08-04T05:12:23.184000-04:00,9.677282333374023,-0.9722527861595154,-10.649535179138184
2026-08-04T05:12:23.188000-04:00,9.68663501739502,-0.9538973569869995,-10.640532493591309
2026-08-04T05:12:23.192000-04:00,9.681374549865723,-0.9444273710250854,-10.625802040100098
2026-08-04T05:12:23.196000-04:00,9.668747901916504,-0.9528451561927795,-10.621593475341797
2026-08-04T05:12:23.200000-04:00,9.686050415039062,-0.9410368800163269,-10.627087593078613
2026-08-04T05:12:23.204000-04:00,9.658926963806152,-0.9432582259178162,-10.602185249328613
2026-08-04T05:12:23.208000-04:00,9.619059562683105,-0.9327360391616821,-10.551795959472656
2026-08-04T05:12:23.212000-04:00,9.630166053771973,-0.9037414789199829,-10.533907890319824
2026-08-04T05:12:23.216000-04:00,9.71492862701416,-0.926422655582428,-10.641351699829102
2026-08-04T05:12:23.220000-04:00,9.786713600158691,-0.8811771273612976,-10.667890548706055
2026-08-04T05:12:23.224000-04:00,9.971904754638672,-0.6537803411483765,-10.62568473815918
2026-08-04T05:12:23.228000-04:00,10.081452369689941,-0.43374913930892944,-10.515201568603516
2026-08-04T05:12:23.232000-04:00,9.99937915802002,0.12954017519950867,-9.86983871459961
2026-08-04T05:12:23.236000-04:00,9.955770492553711,0.9367110729217529,-9.019059181213379
2026-08-04T05:12:23.240000-04:00,9.88620662689209,1.3400627374649048,-8.546143531799316
2026-08-04T05:12:23.244000-04:00,9.838155746459961,1.432892084121704,-8.405263900756836
2026-08-04T05:12:23.248000-04:00,9.790454864501953,1.281956672668457,-8.508498191833496
2026-08-04T05:12:23.252000-04:00,9.722878456115723,0.6779814958572388,-9.044897079467773
2026-08-04T05:12:23.256000-04:00,9.65927791595459,0.2472720891237259,-9.412005424499512
2026-08-04T05:12:23.260000-04:00,9.676815032958984,-0.2798909544944763,-9.956706047058105
2026-08-04T05:12:23.264000-04:00,9.709667205810547,-0.5483244061470032,-10.257991790771484
2026-08-04T05:12:23.268000-04:00,9.800743103027344,-0.5884256958961487,-10.389168739318848
2026-08-04T05:12:23.272000-04:00,9.76251220703125,-0.6984413266181946,-10.460953712463379
2026-08-04T05:12:23.276000-04:00,9.75199031829834,-0.7404133081436157,-10.492403984069824
2026-08-04T05:12:23.280000-04:00,9.758186340332031,-0.7803977131843567,-10.538583755493164
2026-08-04T05:12:23.284000-04:00,9.754094123840332,-0.799688458442688,-10.55378246307373
2026-08-04T05:12:23.288000-04:00,9.760992050170898,-0.8280984163284302,-10.589090347290039
2026-08-04T05:12:23.292000-04:00,9.757601737976074,-0.8504288792610168,-10.608030319213867
2026-08-04T05:12:23.296000-04:00,9.754678726196289,-0.873227059841156,-10.62790584564209
2026-08-04T05:12:23.300000-04:00,9.75035285949707,-0.8748638033866882,-10.625216484069824
2026-08-04T05:12:23.304000-04:00,9.755380630493164,-0.8665629625320435,-10.621943473815918
2026-08-04T05:12:23.308000-04:00,9.755965232849121,-0.8607172966003418,-10.616682052612305
2026-08-04T05:12:23.312000-04:00,9.751288414001465,-0.8504288792610168,-10.601716995239258
2026-08-04T05:12:23.316000-04:00,9.767656326293945,-0.8582621216773987,-10.6259183883667
2026-08-04T05:12:23.320000-04:00,9.780166625976562,-0.8444663286209106,-10.624632835388184
2026-08-04T05:12:23.324000-04:00,9.774320602416992,-0.8333595395088196,-10.607680320739746
2026-08-04T05:12:23.328000-04:00,9.78495979309082,-0.8484413623809814,-10.633400917053223
2026-08-04T05:12:23.332000-04:00,9.763096809387207,-0.8563914895057678,-10.619488716125488
2026-08-04T05:12:23.336000-04:00,9.791974067687988,-0.8017928600311279,-10.593767166137695
2026-08-04T05:12:23.340000-04:00,9.796417236328125,-0.8319565653800964,-10.628374099731445
2026-08-04T05:12:23.344000-04:00,9.780984878540039,-0.8217850923538208,-10.60276985168457
2026-08-04T05:12:23.348000-04:00,9.811031341552734,-0.8139519095420837,-10.624982833862305
2026-08-04T05:12:23.352000-04:00,9.810914039611816,-0.7858926653862,-10.596806526184082
2026-08-04T05:12:23.356000-04:00,9.821904182434082,-0.7962979674339294,-10.618202209472656
2026-08-04T05:12:23.360000-04:00,9.814538955688477,-0.7759550213813782,-10.590494155883789
2026-08-04T05:12:23.364000-04:00,9.826814651489258,-0.7671864628791809,-10.594000816345215
2026-08-04T05:12:23.368000-04:00,9.825996398925781,-0.7490648627281189,-10.575060844421387
2026-08-04T05:12:23.372000-04:00,9.8345308303833,-0.7508186101913452,-10.585349082946777
2026-08-04T05:12:23.376000-04:00,9.848677635192871,-0.7303587198257446,-10.579036712646484
2026-08-04T05:12:23.380000-04:00,9.866097450256348,-0.7061576247215271,-10.57225513458252
2026-08-04T05:12:23.384000-04:00,9.863876342773438,-0.7181997299194336,-10.582076072692871
2026-08-04T05:12:23.388000-04:00,9.87205982208252,-0.6862823367118835,-10.558341979980469
2026-08-04T05:12:23.392000-04:00,9.880477905273438,-0.6867499947547913,-10.567228317260742
2026-08-04T05:12:23.396000-04:00,9.909472465515137,-0.6452456712722778,-10.554718017578125
2026-08-04T05:12:23.400000-04:00,9.902223587036133,-0.6307483911514282,-10.53297233581543
2026-08-04T05:12:23.404000-04:00,9.918357849121094,-0.6064304113388062,-10.524787902832031
2026-08-04T05:12:23.408000-04:00,9.925373077392578,-0.6022214889526367,-10.527594566345215
2026-08-04T05:12:23.412000-04:00,9.949690818786621,-0.568784236907959,-10.518474578857422
2026-08-04T05:12:23.416000-04:00,9.971085548400879,-0.5511302947998047,-10.522215843200684
2026-08-04T05:12:23.420000-04:00,9.99306583404541,-0.5220188498497009,-10.515084266662598
2026-08-04T05:12:23.424000-04:00,9.989909172058105,-0.47946232557296753,-10.469371795654297
2026-08-04T05:12:23.428000-04:00,10.011303901672363,-0.4616914689540863,-10.47299575805664
2026-08-04T05:12:23.432000-04:00,10.019020080566406,-0.45140308141708374,-10.470422744750977
2026-08-04T05:12:23.436000-04:00,10.035387992858887,-0.4287218451499939,-10.464109420776367
2026-08-04T05:12:23.440000-04:00,10.023112297058105,-0.4247467815876007,-10.447858810424805
2026-08-04T05:12:23.444000-04:00,10.02650260925293,-0.42088866233825684,-10.447391510009766
2026-08-04T05:12:23.448000-04:00,10.027789115905762,-0.406742125749588,-10.434531211853027
2026-08-04T05:12:23.452000-04:00,10.00545883178711,-0.42860493063926697,-10.434063911437988
2026-08-04T05:12:23.456000-04:00,10.032231330871582,-0.4066252112388611,-10.43885612487793
2026-08-04T05:12:23.460000-04:00,10.0323486328125,-0.4404132068157196,-10.472762107849121
2026-08-04T05:12:23.464000-04:00,10.02018928527832,-0.44333603978157043,-10.463525772094727
2026-08-04T05:12:23.468000-04:00,10.003236770629883,-0.4600546658039093,-10.46329116821289
2026-08-04T05:12:23.472000-04:00,9.98698616027832,-0.4946610629558563,-10.481647491455078
2026-08-04T05:12:23.476000-04:00,9.968279838562012,-0.5153547525405884,-10.483634948730469
2026-08-04T05:12:23.480000-04:00,9.947118759155273,-0.5604833960533142,-10.507601737976074
2026-08-04T05:12:23.484000-04:00,9.940922737121582,-0.5579112768173218,-10.498833656311035
2026-08-04T05:12:23.488000-04:00,9.904561996459961,-0.5859705209732056,-10.490532875061035
2026-08-04T05:12:23.492000-04:00,9.894975662231445,-0.6108731031417847,-10.50584888458252
2026-08-04T05:12:23.496000-04:00,9.863174438476562,-0.6885036826133728,-10.551677703857422
2026-08-04T05:12:23.500000-04:00,9.855107307434082,-0.7118864059448242,-10.566993713378906
2026-08-04T05:12:23.504000-04:00,9.850431442260742,-0.704754650592804,-10.55518627166748
2026-08-04T05:12:23.508000-04:00,9.829269409179688,-0.7431023120880127,-10.572371482849121
2026-08-04T05:12:23.512000-04:00,9.793377876281738,-0.7968825101852417,-10.59026050567627
2026-08-04T05:12:23.516000-04:00,9.788817405700684,-0.8233049511909485,-10.612122535705566
2026-08-04T05:12:23.520000-04:00,9.759706497192383,-0.8407250642776489,-10.600431442260742
2026-08-04T05:12:23.524000-04:00,9.763330459594727,-0.8544039726257324,-10.617734909057617
2026-08-04T05:12:23.528000-04:00,9.767539978027344,-0.8500781655311584,-10.617618560791016
2026-08-04T05:12:23.532000-04:00,9.728607177734375,-0.8869059085845947,-10.61551284790039
2026-08-04T05:12:23.536000-04:00,9.757485389709473,-0.8631724715232849,-10.620657920837402
2026-08-04T05:12:23.540000-04:00,9.74170207977295,-0.8714733123779297,-10.613175392150879
2026-08-04T05:12:23.544000-04:00,9.737141609191895,-0.9014031887054443,-10.638545036315918
2026-08-04T05:12:23.548000-04:00,9.75011920928955,-0.8781374096870422,-10.628256797790527
2026-08-04T05:12:23.552000-04:00,9.738077163696289,-0.8849183917045593,-10.622995376586914
2026-08-04T05:12:23.556000-04:00,9.743454933166504,-0.898597240447998,-10.642051696777344
2026-08-04T05:12:23.560000-04:00,9.732465744018555,-0.9008186459541321,-10.633284568786621
2026-08-04T05:12:23.564000-04:00,9.745326042175293,-0.8593143224716187,-10.604640007019043
2026-08-04T05:12:23.568000-04:00,9.70861530303955,-0.8888934254646301,-10.597508430480957
2026-08-04T05:12:23.572000-04:00,9.702301979064941,-0.8754484057426453,-10.577750205993652
2026-08-04T05:12:23.576000-04:00,9.697858810424805,-0.8805925846099854,-10.578451156616211
2026-08-04T05:12:23.580000-04:00,9.730010032653809,-0.8731101155281067,-10.603119850158691
2026-08-04T05:12:23.584000-04:00,9.767071723937988,-0.8470383882522583,-10.614109992980957
2026-08-04T05:12:23.588000-04:00,9.778061866760254,-0.8461030721664429,-10.624164581298828
2026-08-04T05:12:23.592000-04:00,9.764266014099121,-0.8567422032356262,-10.621007919311523
2026-08-04T05:12:23.596000-04:00,9.762863159179688,-0.8514811396598816,-10.614344596862793
2026-08-04T05:12:23.600000-04:00,9.757952690124512,-0.8429464101791382,-10.600898742675781
2026-08-04T05:12:23.604000-04:00,9.764266014099121,-0.8229542374610901,-10.587220191955566
2026-08-04T05:12:23.608000-04:00,9.767305374145508,-0.8393220901489258,-10.606627464294434
2026-08-04T05:12:23.612000-04:00,9.752691268920898,-0.848090648651123,-10.60078239440918
2026-08-04T05:12:23.616000-04:00,9.750236511230469,-0.823188066482544,-10.573424339294434
2026-08-04T05:12:23.620000-04:00,9.731412887573242,-0.8114966750144958,-10.542909622192383
2026-08-04T05:12:23.624000-04:00,9.754094123840332,-0.8067032694816589,-10.560797691345215
2026-08-04T05:12:23.628000-04:00,9.778061866760254,-0.8022605180740356,-10.580322265625
2026-08-04T05:12:23.632000-04:00,9.798521995544434,-0.8012083172798157,-10.599730491638184
2026-08-04T05:12:23.636000-04:00,9.790103912353516,-0.8202652335166931,-10.610368728637695
2026-08-04T05:12:23.640000-04:00,9.774086952209473,-0.8280984163284302,-10.602185249328613
2026-08-04T05:12:23.644000-04:00,9.778762817382812,-0.8053002953529358,-10.584063529968262
2026-08-04T05:12:23.648000-04:00,9.779815673828125,-0.8076385259628296,-10.587453842163086
2026-08-04T05:12:23.652000-04:00,9.761460304260254,-0.8162901401519775,-10.577750205993652
2026-08-04T05:12:23.656000-04:00,9.757017135620117,-0.8313720226287842,-10.58838939666748
2026-08-04T05:12:23.660000-04:00,9.760758399963379,-0.8187453150749207,-10.579504013061523
2026-08-04T05:12:23.664000-04:00,9.755847930908203,-0.8263447284698486,-10.582192420959473
2026-08-04T05:12:23.668000-04:00,9.771748542785645,-0.8378022313117981,-10.609550476074219
2026-08-04T05:12:23.672000-04:00,9.760642051696777,-0.8207328915596008,-10.581375122070312
2026-08-04T05:12:23.676000-04:00,9.76473331451416,-0.8209667205810547,-10.585700035095215
2026-08-04T05:12:23.680000-04:00,9.757719039916992,-0.8208497762680054,-10.578568458557129
2026-08-04T05:12:23.684000-04:00,9.739480018615723,-0.8203821182250977,-10.55986213684082
2026-08-04T05:12:23.688000-04:00,9.747780799865723,-0.8306705355644226,-10.578451156616211
2026-08-04T05:12:23.692000-04:00,9.770345687866211,-0.8422449827194214,-10.612590789794922
2026-08-04T05:12:23.696000-04:00,9.783439636230469,-0.8395559191703796,-10.622995376586914
2026-08-04T05:12:23.700000-04:00,9.804133415222168,-0.7648482322692871,-10.568981170654297
2026-08-04T05:12:23.704000-04:00,9.780867576599121,-0.7602885961532593,-10.541155815124512
2026-08-04T05:12:23.708000-04:00,9.768240928649902,-0.7692909240722656,-10.537531852722168
2026-08-04T05:12:23.712000-04:00,9.773268699645996,-0.7542091012001038,-10.527478218078613
2026-08-04T05:12:23.716000-04:00,9.775256156921387,-0.7734997868537903,-10.548755645751953
2026-08-04T05:12:23.720000-04:00,9.767071723937988,-0.7346845269203186,-10.50175666809082
2026-08-04T05:12:23.724000-04:00,9.74392318725586,-0.6869838237762451,-10.430907249450684
2026-08-04T05:12:23.728000-04:00,9.72322940826416,-0.6653547883033752,-10.38858413696289
2026-08-04T05:12:23.732000-04:00,9.734804153442383,-0.6494545936584473,-10.384258270263672
2026-08-04T05:12:23.736000-04:00,9.714811325073242,-0.6432581543922424,-10.35806941986084
2026-08-04T05:12:23.740000-04:00,9.725099563598633,-0.6586907505989075,-10.383790016174316
2026-08-04T05:12:23.744000-04:00,9.763330459594727,-0.6365940570831299,-10.399924278259277
2026-08-04T05:12:23.748000-04:00,9.79735279083252,-0.63963383436203,-10.436986923217773
2026-08-04T05:12:23.752000-04:00,9.826112747192383,-0.6575216054916382,-10.483633995056152
2026-08-04T05:12:23.756000-04:00,9.818631172180176,-0.6883867979049683,-10.507018089294434
2026-08-04T05:12:23.760000-04:00,9.779464721679688,-0.7625099420547485,-10.541975021362305
2026-08-04T05:12:23.764000-04:00,9.760875701904297,-0.7759550213813782,-10.53683090209961
2026-08-04T05:12:23.768000-04:00,9.76637077331543,-0.7828528881072998,-10.549223899841309
2026-08-04T05:12:23.772000-04:00,9.703587532043457,-0.8116136193275452,-10.515201568603516
2026-08-04T05:12:23.776000-04:00,9.70101547241211,-0.8138349652290344,-10.514850616455078
2026-08-04T05:12:23.780000-04:00,9.71761703491211,-0.8570929765701294,-10.57470989227295
2026-08-04T05:12:23.784000-04:00,9.698209762573242,-0.8719409704208374,-10.570150375366211
2026-08-04T05:12:23.788000-04:00,9.690142631530762,-0.8735777735710144,-10.563720703125
2026-08-04T05:12:23.792000-04:00,9.69633960723877,-0.9108731746673584,-10.607213020324707
2026-08-04T05:12:23.796000-04:00,9.724398612976074,-0.8855029344558716,-10.609901428222656
2026-08-04T05:12:23.800000-04:00,9.722060203552246,-0.9044429659843445,-10.626502990722656
2026-08-04T05:12:23.804000-04:00,9.721942901611328,-0.8914655447006226,-10.613408088684082
2026-08-04T05:12:23.808000-04:00,9.733868598937988,-0.9064304828643799,-10.640298843383789
2026-08-04T05:12:23.812000-04:00,9.72907543182373,-0.9118084907531738,-10.640884399414062
2026-08-04T05:12:23.816000-04:00,9.739363670349121,-0.902923047542572,-10.64228630065918
2026-08-04T05:12:23.820000-04:00,9.743572235107422,-0.8885427117347717,-10.632115364074707
2026-08-04T05:12:23.824000-04:00,9.717851638793945,-0.9120423197746277,-10.629894256591797
2026-08-04T05:12:23.828000-04:00,9.730127334594727,-0.9084179997444153,-10.638545036315918
2026-08-04T05:12:23.832000-04:00,9.691429138183594,-0.8960251808166504,-10.587453842163086
2026-08-04T05:12:23.836000-04:00,9.681608200073242,-0.8932192325592041,-10.574827194213867
2026-08-04T05:12:23.840000-04:00,9.654601097106934,-0.8782542943954468,-10.532855033874512
2026-08-04T05:12:23.844000-04:00,9.6864013671875,-0.8362823724746704,-10.522684097290039
2026-08-04T05:12:23.848000-04:00,9.708381652832031,-0.8714733123779297,-10.579854965209961
2026-08-04T05:12:23.852000-04:00,9.783556938171387,-0.8090415000915527,-10.592597961425781
2026-08-04T05:12:23.856000-04:00,9.874515533447266,-0.6763446927070618,-10.550860404968262
2026-08-04T05:12:23.860000-04:00,10.041467666625977,-0.2919330298900604,-10.33340072631836
2026-08-04T05:12:23.864000-04:00,10.002535820007324,0.3553001582622528,-9.647235870361328
2026-08-04T05:12:23.868000-04:00,9.992013931274414,0.8998833298683167,-9.092130661010742
2026-08-04T05:12:23.872000-04:00,9.888895988464355,1.4756823778152466,-8.413213729858398
2026-08-04T05:12:23.876000-04:00,9.837804794311523,1.5032739639282227,-8.3345308303833
2026-08-04T05:12:23.880000-04:00,9.778762817382812,1.3818007707595825,-8.39696216583252
2026-08-04T05:12:23.884000-04:00,9.708966255187988,0.9603276252746582,-8.748638153076172
2026-08-04T05:12:23.888000-04:00,9.607484817504883,0.305495023727417,-9.301989555358887
2026-08-04T05:12:23.892000-04:00,9.656237602233887,-0.10288389027118683,-9.759121894836426
2026-08-04T05:12:23.896000-04:00,9.75175666809082,-0.5040141344070435,-10.255770683288574
2026-08-04T05:12:23.900000-04:00,9.874164581298828,-0.5418941378593445,-10.416058540344238
2026-08-04T05:12:23.904000-04:00,9.841195106506348,-0.5878411531448364,-10.429036140441895
2026-08-04T05:12:23.908000-04:00,9.8179292678833,-0.6871007084846497,-10.505029678344727
2026-08-04T05:12:23.912000-04:00,9.819449424743652,-0.7018318176269531,-10.521281242370605
2026-08-04T05:12:23.916000-04:00,9.807757377624512,-0.7415823936462402,-10.549339294433594
2026-08-04T05:12:23.920000-04:00,9.79934024810791,-0.7611069679260254,-10.560447692871094
2026-08-04T05:12:23.924000-04:00,9.764850616455078,-0.7656666040420532,-10.530517578125
2026-08-04T05:12:23.928000-04:00,9.766955375671387,-0.7609900832176208,-10.527945518493652
2026-08-04T05:12:23.932000-04:00,9.793143272399902,-0.7647312879562378,-10.55787467956543
2026-08-04T05:12:23.936000-04:00,9.782504081726074,-0.770226240158081,-10.552730560302734
2026-08-04T05:12:23.940000-04:00,9.790221214294434,-0.7425177097320557,-10.53273868560791
2026-08-04T05:12:23.944000-04:00,9.784608840942383,-0.7415823936462402,-10.526191711425781
2026-08-04T05:12:23.948000-04:00,9.79372787475586,-0.753741443157196,-10.547469139099121
2026-08-04T05:12:23.952000-04:00,9.789168357849121,-0.7496494650840759,-10.538817405700684
2026-08-04T05:12:23.956000-04:00,9.765317916870117,-0.7690570950508118,-10.534375190734863
2026-08-04T05:12:23.960000-04:00,9.770112037658691,-0.7414655089378357,-10.511577606201172
2026-08-04T05:12:23.964000-04:00,9.791974067687988,-0.7248637676239014,-10.516838073730469
2026-08-04T05:12:23.968000-04:00,9.695404052734375,-0.7358536720275879,-10.431257247924805
2026-08-04T05:12:23.972000-04:00,9.682426452636719,-0.7221747636795044,-10.404601097106934
2026-08-04T05:12:23.976000-04:00,9.716214179992676,-0.7122371196746826,-10.428451538085938
2026-08-04T05:12:23.980000-04:00,9.865045547485352,-0.6527281403541565,-10.517773628234863
2026-08-04T05:12:23.984000-04:00,9.858030319213867,-0.6673423647880554,-10.525372505187988
2026-08-04T05:12:23.988000-04:00,9.88211441040039,-0.6563524603843689,-10.538466453552246
2026-08-04T05:12:23.992000-04:00,9.86375904083252,-0.6761108636856079,-10.539870262145996
2026-08-04T05:12:23.996000-04:00,9.866565704345703,-0.6474670171737671,-10.514032363891602
2026-08-04T05:12:24-04:00,9.889947891235352,-0.6053781509399414,-10.495326042175293
2026-08-04T05:12:24.004000-04:00,9.870072364807129,-0.6361264586448669,-10.50619888305664
2026-08-04T05:12:24.008000-04:00,9.851716995239258,-0.6122760772705078,-10.463993072509766
2026-08-04T05:12:24.012000-04:00,9.857329368591309,-0.5997663140296936,-10.457096099853516
2026-08-04T05:12:24.016000-04:00,9.879426002502441,-0.5651599168777466,-10.444585800170898
2026-08-04T05:12:24.020000-04:00,9.87989330291748,-0.5673812627792358,-10.447274208068848
2026-08-04T05:12:24.024000-04:00,9.890883445739746,-0.527747631072998,-10.418630599975586
2026-08-04T05:12:24.028000-04:00,9.891468048095703,-0.5065862536430359,-10.398054122924805
2026-08-04T05:12:24.032000-04:00,9.923385620117188,-0.500389814376831,-10.423775672912598
2026-08-04T05:12:24.036000-04:00,9.940454483032227,-0.4768902361392975,-10.41734504699707
2026-08-04T05:12:24.040000-04:00,9.950742721557617,-0.45537814497947693,-10.406121253967285
2026-08-04T05:12:24.044000-04:00,9.965825080871582,-0.4003118574619293,-10.36613655090332
2026-08-04T05:12:24.048000-04:00,9.982192993164062,-0.3657054603099823,-10.347898483276367
2026-08-04T05:12:24.052000-04:00,9.948054313659668,-0.3472331464290619,-10.295287132263184
2026-08-04T05:12:24.056000-04:00,9.92303466796875,-0.3444271981716156,-10.267461776733398
2026-08-04T05:12:24.060000-04:00,9.948054313659668,-0.3487530052661896,-10.296807289123535
2026-08-04T05:12:24.064000-04:00,10.00358772277832,-0.3282931447029114,-10.331880569458008
2026-08-04T05:12:24.068000-04:00,10.04450798034668,-0.2978956401348114,-10.342403411865234
2026-08-04T05:12:24.072000-04:00,10.087181091308594,-0.253702312707901,-10.340883255004883
2026-08-04T05:12:24.076000-04:00,10.066253662109375,-0.2878410816192627,-10.354094505310059
2026-08-04T05:12:24.080000-04:00,10.074905395507812,-0.26761502027511597,-10.342520713806152
2026-08-04T05:12:24.084000-04:00,10.033635139465332,-0.28889328241348267,-10.322528839111328
2026-08-04T05:12:24.088000-04:00,10.014226913452148,-0.255339115858078,-10.26956558227539
2026-08-04T05:12:24.092000-04:00,9.973892211914062,-0.30011698603630066,-10.274008750915527
2026-08-04T05:12:24.096000-04:00,9.957289695739746,-0.31777092814445496,-10.275060653686523
2026-08-04T05:12:24.100000-04:00,9.985816955566406,-0.32127833366394043,-10.307095527648926
2026-08-04T05:12:24.104000-04:00,9.971320152282715,-0.31858932971954346,-10.289909362792969
2026-08-04T05:12:24.108000-04:00,9.948404312133789,-0.3650040030479431,-10.313407897949219
2026-08-04T05:12:24.112000-04:00,9.937882423400879,-0.3762276768684387,-10.314109802246094
2026-08-04T05:12:24.116000-04:00,9.95623779296875,-0.4279034733772278,-10.384140968322754
2026-08-04T05:12:24.120000-04:00,9.934374809265137,-0.44181618094444275,-10.376191139221191
2026-08-04T05:12:24.124000-04:00,9.88597297668457,-0.4881139099597931,-10.3740873336792
2026-08-04T05:12:24.128000-04:00,9.822371482849121,-0.5105612874031067,-10.332932472229004
2026-08-04T05:12:24.132000-04:00,9.775723457336426,-0.5670305490493774,-10.342754364013672
2026-08-04T05:12:24.136000-04:00,9.75830364227295,-0.5745130181312561,-10.332817077636719
2026-08-04T05:12:24.140000-04:00,9.767305374145508,-0.5970773100852966,-10.36438274383545
2026-08-04T05:12:24.144000-04:00,9.72299575805664,-0.6816058158874512,-10.40460205078125
2026-08-04T05:12:24.148000-04:00,9.774086952209473,-0.6557679176330566,-10.429855346679688
2026-08-04T05:12:24.152000-04:00,9.788701057434082,-0.6244350671768188,-10.41313648223877
2026-08-04T05:12:24.156000-04:00,9.771397590637207,-0.6441934704780579,-10.4155912399292
2026-08-04T05:12:24.160000-04:00,9.748249053955078,-0.6811381578445435,-10.429387092590332
2026-08-04T05:12:24.164000-04:00,9.743454933166504,-0.6944662928581238,-10.437921524047852
2026-08-04T05:12:24.168000-04:00,9.7153959274292,-0.7151599526405334,-10.430556297302246
2026-08-04T05:12:24.172000-04:00,9.682075500488281,-0.7376073598861694,-10.419682502746582
2026-08-04T05:12:24.176000-04:00,9.688506126403809,-0.7344506978988647,-10.422956466674805
2026-08-04T05:12:24.180000-04:00,9.739480018615723,-0.7249807119369507,-10.464460372924805
2026-08-04T05:12:24.184000-04:00,9.753509521484375,-0.7219409346580505,-10.47545051574707
2026-08-04T05:12:24.188000-04:00,9.715864181518555,-0.7074436545372009,-10.423307418823242
2026-08-04T05:12:24.192000-04:00,9.72767162322998,-0.6797351837158203,-10.4074068069458
2026-08-04T05:12:24.196000-04:00,9.72299575805664,-0.6636011004447937,-10.3865966796875
2026-08-04T05:12:24.200000-04:00,9.716448783874512,-0.6192908883094788,-10.335740089416504
2026-08-04T05:12:24.204000-04:00,9.697507858276367,-0.6907250285148621,-10.388233184814453
2026-08-04T05:12:24.208000-04:00,9.65097713470459,-0.7221747636795044,-10.373151779174805
2026-08-04T05:12:24.212000-04:00,9.664772987365723,-0.701013445854187,-10.3657865524292
2026-08-04T05:12:24.216000-04:00,9.705574989318848,-0.7198365330696106,-10.425411224365234
2026-08-04T05:12:24.220000-04:00,9.684764862060547,-0.7170305848121643,-10.401795387268066
2026-08-04T05:12:24.224000-04:00,9.674592971801758,-0.6814888715744019,-10.35608196258545
2026-08-04T05:12:24.228000-04:00,9.720306396484375,-0.6602106094360352,-10.38051700592041
2026-08-04T05:12:24.232000-04:00,9.788583755493164,-0.648285448551178,-10.436869621276855
2026-08-04T05:12:24.236000-04:00,9.757601737976074,-0.687217652797699,-10.444819450378418
2026-08-04T05:12:24.240000-04:00,9.681023597717285,-0.6986751556396484,-10.379698753356934
2026-08-04T05:12:24.244000-04:00,9.679036140441895,-0.6765785217285156,-10.35561466217041
2026-08-04T05:12:24.248000-04:00,9.7113037109375,-0.6516759395599365,-10.362979888916016
2026-08-04T05:12:24.252000-04:00,9.751639366149902,-0.6613797545433044,-10.413019180297852
2026-08-04T05:12:24.256000-04:00,9.757368087768555,-0.6582230925559998,-10.4155912399292
2026-08-04T05:12:24.260000-04:00,9.730594635009766,-0.6410368084907532,-10.371631622314453
2026-08-04T05:12:24.264000-04:00,9.643728256225586,-0.6325021386146545,-10.276230812072754
2026-08-04T05:12:24.268000-04:00,9.650392532348633,-0.6250196695327759,-10.275412559509277
2026-08-04T05:12:24.272000-04:00,9.574048042297363,-0.6257210969924927,-10.199769020080566
2026-08-04T05:12:24.276000-04:00,9.559901237487793,-0.6372955441474915,-10.197196960449219
2026-08-04T05:12:24.280000-04:00,9.62852954864502,-0.6453626155853271,-10.273892402648926
2026-08-04T05:12:24.284000-04:00,9.690610885620117,-0.6540141701698303,-10.344625473022461
2026-08-04T05:12:24.288000-04:00,9.788583755493164,-0.6581061482429504,-10.44668960571289
2026-08-04T05:12:24.292000-04:00,9.80202865600586,-0.6402183771133423,-10.44224739074707
2026-08-04T05:12:24.296000-04:00,9.796417236328125,-0.661496639251709,-10.457914352416992
2026-08-04T05:12:24.300000-04:00,9.796417236328125,-0.6610289812088013,-10.457446098327637
2026-08-04T05:12:24.304000-04:00,9.797001838684082,-0.6678099632263184,-10.464811325073242
2026-08-04T05:12:24.308000-04:00,9.79548168182373,-0.6568201184272766,-10.452301979064941
2026-08-04T05:12:24.312000-04:00,9.773385047912598,-0.6747078895568848,-10.44809341430664
2026-08-04T05:12:24.316000-04:00,9.75830364227295,-0.6858146786689758,-10.44411849975586
2026-08-04T05:12:24.320000-04:00,9.744039535522461,-0.695050835609436,-10.439090728759766
2026-08-04T05:12:24.324000-04:00,9.712122917175293,-0.7061576247215271,-10.418280601501465
2026-08-04T05:12:24.328000-04:00,9.732114791870117,-0.6673423647880554,-10.399456977844238
2026-08-04T05:12:24.332000-04:00,9.713057518005371,-0.688269853591919,-10.401327133178711
2026-08-04T05:12:24.336000-04:00,9.724398612976074,-0.6992596983909607,-10.42365837097168
2026-08-04T05:12:24.340000-04:00,9.722644805908203,-0.6982074975967407,-10.420852661132812
2026-08-04T05:12:24.344000-04:00,9.6904935836792,-0.6980906128883362,-10.38858413696289
2026-08-04T05:12:24.348000-04:00,9.710135459899902,-0.6764615774154663,-10.3865966796875
2026-08-04T05:12:24.352000-04:00,9.682543754577637,-0.714809238910675,-10.397353172302246
2026-08-04T05:12:24.356000-04:00,9.667695045471191,-0.723460853099823,-10.391156196594238
2026-08-04T05:12:24.360000-04:00,9.644079208374023,-0.7171474695205688,-10.361227035522461
2026-08-04T05:12:24.364000-04:00,9.653080940246582,-0.7042869925498962,-10.357367515563965
2026-08-04T05:12:24.368000-04:00,9.708264350891113,-0.6105223894119263,-10.31878662109375
2026-08-04T05:12:24.372000-04:00,9.670851707458496,-0.6344896554946899,-10.305341720581055
2026-08-04T05:12:24.376000-04:00,9.710719108581543,-0.6246688961982727,-10.33538818359375
2026-08-04T05:12:24.380000-04:00,9.761576652526855,-0.622564435005188,-10.384140968322754
2026-08-04T05:12:24.384000-04:00,9.810914039611816,-0.6328528523445129,-10.443766593933105
2026-08-04T05:12:24.388000-04:00,9.786947250366211,-0.5796571969985962,-10.366604804992676
2026-08-04T05:12:24.392000-04:00,9.728607177734375,-0.561769425868988,-10.290376663208008
2026-08-04T05:12:24.396000-04:00,9.61660385131836,-0.5353469848632812,-10.15195083618164
2026-08-04T05:12:24.400000-04:00,9.617072105407715,-0.5576774477958679,-10.174749374389648
2026-08-04T05:12:24.404000-04:00,9.685934066772461,-0.49957144260406494,-10.185505867004395
2026-08-04T05:12:24.408000-04:00,9.68838882446289,-0.5236556529998779,-10.212044715881348
2026-08-04T05:12:24.412000-04:00,9.723814010620117,-0.5472721457481384,-10.271085739135742
2026-08-04T05:12:24.416000-04:00,9.76029109954834,-0.5449339151382446,-10.305225372314453
2026-08-04T05:12:24.420000-04:00,9.732582092285156,-0.5505457520484924,-10.283127784729004
2026-08-04T05:12:24.424000-04:00,9.762629508972168,-0.5935699343681335,-10.356199264526367
2026-08-04T05:12:24.428000-04:00,9.773151397705078,-0.6344896554946899,-10.407641410827637
2026-08-04T05:12:24.432000-04:00,9.749183654785156,-0.6959861516952515,-10.445169448852539
2026-08-04T05:12:24.436000-04:00,9.7113037109375,-0.7034686207771301,-10.414772033691406
2026-08-04T05:12:24.440000-04:00,9.672605514526367,-0.6747078895568848,-10.347312927246094
2026-08-04T05:12:24.444000-04:00,9.70054817199707,-0.7124709486961365,-10.413019180297852
2026-08-04T05:12:24.448000-04:00,9.689675331115723,-0.7443883419036865,-10.434063911437988
2026-08-04T05:12:24.452000-04:00,9.734219551086426,-0.7703431248664856,-10.504562377929688
2026-08-04T05:12:24.456000-04:00,9.697625160217285,-0.7906860709190369,-10.488310813903809
2026-08-04T05:12:24.460000-04:00,9.702418327331543,-0.7724475860595703,-10.474865913391113
2026-08-04T05:12:24.464000-04:00,9.656705856323242,-0.7773579359054565,-10.434063911437988
2026-08-04T05:12:24.468000-04:00,9.697157859802246,-0.743686854839325,-10.440844535827637
2026-08-04T05:12:24.472000-04:00,9.726035118103027,-0.7588856220245361,-10.484920501708984
2026-08-04T05:12:24.476000-04:00,9.67833423614502,-0.7616915702819824,-10.440025329589844
2026-08-04T05:12:24.480000-04:00,9.583751678466797,-0.8127827644348145,-10.396533966064453
2026-08-04T05:12:24.484000-04:00,9.619877815246582,-0.7867110371589661,-10.406588554382324
2026-08-04T05:12:24.488000-04:00,9.648054122924805,-0.8109121322631836,-10.458966255187988
2026-08-04T05:12:24.492000-04:00,9.667110443115234,-0.7932581901550293,-10.460369110107422
2026-08-04T05:12:24.496000-04:00,9.623385429382324,-0.7989869713783264,-10.422372817993164
2026-08-04T05:12:24.500000-04:00,9.588427543640137,-0.8031958341598511,-10.391623497009277
2026-08-04T05:12:24.504000-04:00,9.631568908691406,-0.7571319341659546,-10.388700485229492
2026-08-04T05:12:24.508000-04:00,9.634374618530273,-0.7095481157302856,-10.34392261505127
2026-08-04T05:12:24.512000-04:00,9.633206367492676,-0.7179659008979797,-10.35117244720459
2026-08-04T05:12:24.516000-04:00,9.733400344848633,-0.7054561376571655,-10.43885612487793
2026-08-04T05:12:24.520000-04:00,9.786011695861816,-0.6134452223777771,-10.399456977844238
2026-08-04T05:12:24.524000-04:00,9.969916343688965,-0.36512091755867004,-10.335037231445312
2026-08-04T05:12:24.528000-04:00,10.000431060791016,0.17314891517162323,-9.827281951904297
2026-08-04T05:12:24.532000-04:00,9.965707778930664,0.6582230925559998,-9.30748462677002
2026-08-04T05:12:24.536000-04:00,9.946534156799316,1.4268125295639038,-8.519721984863281
2026-08-04T05:12:24.540000-04:00,9.82810115814209,1.5973893404006958,-8.230711936950684
2026-08-04T05:12:24.544000-04:00,9.660212516784668,1.506313681602478,-8.153899192810059
2026-08-04T05:12:24.548000-04:00,9.602107048034668,1.1955575942993164,-8.406549453735352
2026-08-04T05:12:24.552000-04:00,9.625723838806152,0.5278645157814026,-9.097859382629395
2026-08-04T05:12:24.556000-04:00,9.70884895324707,0.1995713710784912,-9.50927734375
2026-08-04T05:12:24.560000-04:00,9.736089706420898,-0.3343726396560669,-10.070462226867676
2026-08-04T05:12:24.564000-04:00,9.789636611938477,-0.39809051156044006,-10.187726974487305
2026-08-04T05:12:24.568000-04:00,9.790454864501953,-0.44146543741226196,-10.23192024230957
2026-08-04T05:12:24.572000-04:00,9.708731651306152,-0.5499611496925354,-10.258692741394043
2026-08-04T05:12:24.576000-04:00,9.738545417785645,-0.5881918668746948,-10.326737403869629
2026-08-04T05:12:24.580000-04:00,9.721942901611328,-0.6284101605415344,-10.350353240966797
2026-08-04T05:12:24.584000-04:00,9.705107688903809,-0.6568201184272766,-10.36192798614502
2026-08-04T05:12:24.588000-04:00,9.699261665344238,-0.6540141701698303,-10.353276252746582
2026-08-04T05:12:24.592000-04:00,9.729893684387207,-0.6374124884605408,-10.367305755615234
2026-08-04T05:12:24.596000-04:00,9.755380630493164,-0.6721357703208923,-10.427515983581543
2026-08-04T05:12:24.600000-04:00,9.748249053955078,-0.6640687584877014,-10.412318229675293
2026-08-04T05:12:24.604000-04:00,9.751873016357422,-0.6682776212692261,-10.420150756835938
2026-08-04T05:12:24.608000-04:00,9.723930358886719,-0.6724865436553955,-10.396416664123535
2026-08-04T05:12:24.612000-04:00,9.6947021484375,-0.6630165576934814,-10.357718467712402
2026-08-04T05:12:24.616000-04:00,9.720306396484375,-0.6556509733200073,-10.375957489013672
2026-08-04T05:12:24.620000-04:00,9.724164962768555,-0.6562355756759644,-10.380400657653809
2026-08-04T05:12:24.624000-04:00,9.752924919128418,-0.6583399772644043,-10.411264419555664
2026-08-04T05:12:24.628000-04:00,9.819449424743652,-0.6224475502967834,-10.44189739227295
2026-08-04T05:12:24.632000-04:00,9.813486099243164,-0.6402183771133423,-10.453704833984375
2026-08-04T05:12:24.636000-04:00,9.854172706604004,-0.58094322681427,-10.435115814208984
2026-08-04T05:12:24.640000-04:00,9.825060844421387,-0.5973111391067505,-10.422371864318848
2026-08-04T05:12:24.644000-04:00,9.799222946166992,-0.6002339720726013,-10.399456977844238
2026-08-04T05:12:24.648000-04:00,9.802263259887695,-0.5916993021965027,-10.393962860107422
2026-08-04T05:12:24.652000-04:00,9.813369750976562,-0.5946221351623535,-10.407991409301758
2026-08-04T05:12:24.656000-04:00,9.852418899536133,-0.5691350102424622,-10.421553611755371
2026-08-04T05:12:24.660000-04:00,9.849963188171387,-0.5696026682853699,-10.41956615447998
2026-08-04T05:12:24.664000-04:00,9.841428756713867,-0.5256431698799133,-10.367072105407715
2026-08-04T05:12:24.668000-04:00,9.825529098510742,-0.5444662570953369,-10.3699951171875
2026-08-04T05:12:24.672000-04:00,9.823073387145996,-0.5188621878623962,-10.341935157775879
2026-08-04T05:12:24.676000-04:00,9.837453842163086,-0.5137180089950562,-10.351171493530273
2026-08-04T05:12:24.680000-04:00,9.839558601379395,-0.5102105736732483,-10.349769592285156
2026-08-04T05:12:24.684000-04:00,9.864109992980957,-0.5029619336128235,-10.367072105407715
2026-08-04T05:12:24.688000-04:00,9.843767166137695,-0.5072877407073975,-10.351055145263672
2026-08-04T05:12:24.692000-04:00,9.856627464294434,-0.48636022210121155,-10.342988014221191
2026-08-04T05:12:24.696000-04:00,9.924320220947266,-0.43901023268699646,-10.363330841064453
2026-08-04T05:12:24.700000-04:00,9.981608390808105,-0.38639914989471436,-10.36800765991211
2026-08-04T05:12:24.704000-04:00,9.898599624633789,-0.3957522511482239,-10.294351577758789
2026-08-04T05:12:24.708000-04:00,9.86153793334961,-0.34980523586273193,-10.211342811584473
2026-08-04T05:12:24.712000-04:00,9.931920051574707,-0.33951684832572937,-10.27143669128418
2026-08-04T05:12:24.716000-04:00,10.001717567443848,-0.3039751350879669,-10.305692672729492
2026-08-04T05:12:24.720000-04:00,9.950976371765137,-0.3142635226249695,-10.265239715576172
2026-08-04T05:12:24.724000-04:00,9.98745346069336,-0.3047935366630554,-10.29224681854248
2026-08-04T05:12:24.728000-04:00,10.068592071533203,-0.2710055112838745,-10.339597702026367
2026-08-04T05:12:24.732000-04:00,10.102964401245117,-0.22833208739757538,-10.331296920776367
2026-08-04T05:12:24.736000-04:00,10.076424598693848,-0.20892444252967834,-10.285348892211914
2026-08-04T05:12:24.740000-04:00,10.068592071533203,-0.19840222597122192,-10.26699447631836
2026-08-04T05:12:24.744000-04:00,10.060758590698242,-0.18378804624080658,-10.244546890258789
2026-08-04T05:12:24.748000-04:00,10.06110954284668,-0.1713952124118805,-10.232504844665527
2026-08-04T05:12:24.752000-04:00,9.985116004943848,-0.17069372534751892,-10.15580940246582
2026-08-04T05:12:24.756000-04:00,10.001249313354492,-0.17876076698303223,-10.180009841918945
2026-08-04T05:12:24.760000-04:00,10.063681602478027,-0.1971161812543869,-10.260797500610352
2026-08-04T05:12:24.764000-04:00,10.033635139465332,-0.23300863802433014,-10.266643524169922
2026-08-04T05:12:24.768000-04:00,10.005224227905273,-0.23955579102039337,-10.244779586791992
2026-08-04T05:12:24.772000-04:00,9.954717636108398,-0.2324240654706955,-10.187141418457031
2026-08-04T05:12:24.776000-04:00,9.973774909973145,-0.27194082736968994,-10.245716094970703
2026-08-04T05:12:24.780000-04:00,9.980205535888672,-0.2978956401348114,-10.278100967407227
2026-08-04T05:12:24.784000-04:00,10.0074462890625,-0.32221364974975586,-10.329660415649414
2026-08-04T05:12:24.788000-04:00,9.905146598815918,-0.3792674243450165,-10.284414291381836
2026-08-04T05:12:24.792000-04:00,9.858848571777344,-0.41176939010620117,-10.270618438720703
2026-08-04T05:12:24.796000-04:00,9.82178783416748,-0.450935423374176,-10.272723197937012
2026-08-04T05:12:24.800000-04:00,9.860135078430176,-0.4837881326675415,-10.343923568725586
2026-08-04T05:12:24.804000-04:00,9.876269340515137,-0.5229541659355164,-10.399223327636719
2026-08-04T05:12:24.808000-04:00,9.839441299438477,-0.5266953706741333,-10.36613655090332
2026-08-04T05:12:24.812000-04:00,9.813018798828125,-0.5524163246154785,-10.365434646606445
2026-08-04T05:12:24.816000-04:00,9.773502349853516,-0.5886595249176025,-10.362161636352539
2026-08-04T05:12:24.820000-04:00,9.784257888793945,-0.6029229760169983,-10.387181282043457
2026-08-04T05:12:24.824000-04:00,9.750470161437988,-0.6300469040870667,-10.38051700592041
2026-08-04T05:12:24.828000-04:00,9.699963569641113,-0.6376463174819946,-10.337610244750977
2026-08-04T05:12:24.832000-04:00,9.640922546386719,-0.6643025875091553,-10.305225372314453
2026-08-04T05:12:24.836000-04:00,9.68616771697998,-0.6686283946037292,-10.354796409606934
2026-08-04T05:12:24.840000-04:00,9.720890998840332,-0.6492207646369934,-10.370111465454102
2026-08-04T05:12:24.844000-04:00,9.704405784606934,-0.703702449798584,-10.40810775756836
2026-08-04T05:12:24.848000-04:00,9.727437973022461,-0.6681607365608215,-10.395598411560059
2026-08-04T05:12:24.852000-04:00,9.71492862701416,-0.6471163034439087,-10.362045288085938
2026-08-04T05:12:24.856000-04:00,9.743805885314941,-0.6584569215774536,-10.402262687683105
2026-08-04T05:12:24.860000-04:00,9.765786170959473,-0.6633672714233398,-10.429153442382812
2026-08-04T05:12:24.864000-04:00,9.662784576416016,-0.650974452495575,-10.313758850097656
2026-08-04T05:12:24.868000-04:00,9.712239265441895,-0.6394000053405762,-10.351638793945312
2026-08-04T05:12:24.872000-04:00,9.766838073730469,-0.6427904963493347,-10.409628868103027
2026-08-04T05:12:24.876000-04:00,9.812317848205566,-0.6709666848182678,-10.483284950256348
2026-08-04T05:12:24.880000-04:00,9.768474578857422,-0.6939986348152161,-10.462472915649414
2026-08-04T05:12:24.884000-04:00,9.80565357208252,-0.6447780132293701,-10.450431823730469
2026-08-04T05:12:24.888000-04:00,9.77502155303955,-0.6230320930480957,-10.398054122924805
2026-08-04T05:12:24.892000-04:00,9.74567699432373,-0.6334373950958252,-10.379114151000977
2026-08-04T05:12:24.896000-04:00,9.767422676086426,-0.6196416020393372,-10.387063980102539
2026-08-04T05:12:24.900000-04:00,9.760875701904297,-0.6176540851593018,-10.37852954864502
2026-08-04T05:12:24.904000-04:00,9.754796028137207,-0.6251365542411804,-10.379932403564453
2026-08-04T05:12:24.908000-04:00,9.738310813903809,-0.6320344805717468,-10.370345115661621
2026-08-04T05:12:24.912000-04:00,9.696924209594727,-0.6408029794692993,-10.337727546691895
2026-08-04T05:12:24.916000-04:00,9.738077163696289,-0.5996494293212891,-10.337726593017578
2026-08-04T05:12:24.920000-04:00,9.690960884094238,-0.6402183771133423,-10.33117961883545
2026-08-04T05:12:24.924000-04:00,9.723580360412598,-0.6129775643348694,-10.33655834197998
2026-08-04T05:12:24.928000-04:00,9.710953712463379,-0.584216833114624,-10.295170783996582
2026-08-04T05:12:24.932000-04:00,9.709433555603027,-0.5783711671829224,-10.28780460357666
2026-08-04T05:12:24.936000-04:00,9.712472915649414,-0.5690180659294128,-10.28149127960205
2026-08-04T05:12:24.940000-04:00,9.745442390441895,-0.5810601711273193,-10.326502799987793
2026-08-04T05:12:24.944000-04:00,9.776308059692383,-0.5981295108795166,-10.37443733215332
2026-08-04T05:12:24.948000-04:00,9.809043884277344,-0.6068980693817139,-10.415942192077637
2026-08-04T05:12:24.952000-04:00,9.853939056396484,-0.6058458089828491,-10.459784507751465
2026-08-04T05:12:24.956000-04:00,9.870423316955566,-0.6157834529876709,-10.486207008361816
2026-08-04T05:12:24.960000-04:00,9.810914039611816,-0.6087686419487,-10.419682502746582
2026-08-04T05:12:24.964000-04:00,9.809394836425781,-0.6074826121330261,-10.416877746582031
2026-08-04T05:12:24.968000-04:00,9.78495979309082,-0.6185894012451172,-10.403549194335938
2026-08-04T05:12:24.972000-04:00,9.769994735717773,-0.637997031211853,-10.407991409301758
2026-08-04T05:12:24.976000-04:00,9.73959732055664,-0.6703820824623108,-10.409979820251465
2026-08-04T05:12:24.980000-04:00,9.75841999053955,-0.6583399772644043,-10.416759490966797
2026-08-04T05:12:24.984000-04:00,9.730828285217285,-0.6727203726768494,-10.403548240661621
2026-08-04T05:12:24.988000-04:00,9.745442390441895,-0.6381139755249023,-10.383556365966797
2026-08-04T05:12:24.992000-04:00,9.752808570861816,-0.6184725165367126,-10.371280670166016
2026-08-04T05:12:24.996000-04:00,9.73959732055664,-0.6578723192214966,-10.397469520568848
2026-08-04T05:12:25-04:00,9.748716354370117,-0.6720188856124878,-10.420735359191895
2026-08-04T05:12:25.004000-04:00,9.763564109802246,-0.6849963068962097,-10.44856071472168
2026-08-04T05:12:25.008000-04:00,9.765201568603516,-0.5950897932052612,-10.360291481018066
2026-08-04T05:12:25.012000-04:00,9.76882553100586,-0.6162511110305786,-10.385076522827148
2026-08-04T05:12:25.016000-04:00,9.752808570861816,-0.5766174793243408,-10.329425811767578
2026-08-04T05:12:25.020000-04:00,9.707446098327637,-0.5823462009429932,-10.28979206085205
2026-08-04T05:12:25.024000-04:00,9.592168807983398,-0.6372955441474915,-10.229464530944824
2026-08-04T05:12:25.028000-04:00,9.699496269226074,-0.5665628910064697,-10.266058921813965
2026-08-04T05:12:25.032000-04:00,9.808341979980469,-0.5245909094810486,-10.332932472229004
2026-08-04T05:12:25.036000-04:00,9.819098472595215,-0.4841388463973999,-10.303236961364746
2026-08-04T05:12:25.040000-04:00,9.734335899353027,-0.4777086079120636,-10.212044715881348
2026-08-04T05:12:25.044000-04:00,9.733050346374512,-0.4773578643798828,-10.210408210754395
2026-08-04T05:12:25.048000-04:00,9.759822845458984,-0.4805145561695099,-10.240337371826172
2026-08-04T05:12:25.052000-04:00,9.81009578704834,-0.5000391006469727,-10.310134887695312
2026-08-04T05:12:25.056000-04:00,9.800392150878906,-0.46426355838775635,-10.264656066894531
2026-08-04T05:12:25.060000-04:00,9.793961524963379,-0.49886995553970337,-10.292831420898438
2026-08-04T05:12:25.064000-04:00,9.797001838684082,-0.5254093408584595,-10.32241153717041
2026-08-04T05:12:25.068000-04:00,9.789168357849121,-0.5586127638816833,-10.34778118133545
2026-08-04T05:12:25.072000-04:00,9.75397777557373,-0.6425566673278809,-10.396533966064453
2026-08-04T05:12:25.076000-04:00,9.759706497192383,-0.665822446346283,-10.425528526306152
2026-08-04T05:12:25.080000-04:00,9.759004592895508,-0.6706159114837646,-10.429620742797852
2026-08-04T05:12:25.084000-04:00,9.726386070251465,-0.7072098255157471,-10.433595657348633
2026-08-04T05:12:25.088000-04:00,9.724047660827637,-0.7207717895507812,-10.444819450378418
2026-08-04T05:12:25.092000-04:00,9.696222305297852,-0.7507016658782959,-10.446924209594727
2026-08-04T05:12:25.096000-04:00,9.713759422302246,-0.7519876956939697,-10.465746879577637
2026-08-04T05:12:25.100000-04:00,9.697858810424805,-0.7793455123901367,-10.477204322814941
2026-08-04T05:12:25.104000-04:00,9.710836410522461,-0.7459082007408142,-10.456744194030762
2026-08-04T05:12:25.108000-04:00,9.682777404785156,-0.7265005707740784,-10.40927791595459
2026-08-04T05:12:25.112000-04:00,9.614967346191406,-0.718550443649292,-10.333518028259277
2026-08-04T05:12:25.116000-04:00,9.582816123962402,-0.7655496597290039,-10.348365783691406
2026-08-04T05:12:25.120000-04:00,9.666175842285156,-0.7553781867027283,-10.421553611755371
2026-08-04T05:12:25.124000-04:00,9.727437973022461,-0.7279035449028015,-10.455341339111328
2026-08-04T05:12:25.128000-04:00,9.643844604492188,-0.8182776570320129,-10.462121963500977
2026-08-04T05:12:25.132000-04:00,9.679387092590332,-0.8237726092338562,-10.503159523010254
2026-08-04T05:12:25.136000-04:00,9.761460304260254,-0.8017928600311279,-10.563253402709961
2026-08-04T05:12:25.140000-04:00,9.798404693603516,-0.750467836856842,-10.548872947692871
2026-08-04T05:12:25.144000-04:00,9.750587463378906,-0.7509354948997498,-10.5015230178833
2026-08-04T05:12:25.148000-04:00,9.75035285949707,-0.7200703024864197,-10.470422744750977
2026-08-04T05:12:25.152000-04:00,9.712823867797852,-0.6936478614807129,-10.406471252441406
2026-08-04T05:12:25.156000-04:00,9.738661766052246,-0.7079113125801086,-10.446573257446289
2026-08-04T05:12:25.160000-04:00,9.818046569824219,-0.7084959149360657,-10.526542663574219
2026-08-04T05:12:25.164000-04:00,9.96033000946045,-0.5505457520484924,-10.510875701904297
2026-08-04T05:12:25.168000-04:00,10.095481872558594,-0.3545987010002136,-10.450080871582031
2026-08-04T05:12:25.172000-04:00,10.099807739257812,0.2203819751739502,-9.879426002502441
2026-08-04T05:12:25.176000-04:00,10.04450798034668,0.780982255935669,-9.26352596282959
2026-08-04T05:12:25.180000-04:00,9.933089256286621,1.4568593502044678,-8.476229667663574
2026-08-04T05:12:25.184000-04:00,9.865630149841309,1.635853886604309,-8.229776382446289
2026-08-04T05:12:25.188000-04:00,9.73375129699707,1.5123932361602783,-8.221358299255371
2026-08-04T05:12:25.192000-04:00,9.600119590759277,1.0149261951446533,-8.585193634033203
2026-08-04T05:12:25.196000-04:00,9.60175609588623,0.5162900686264038,-9.085466384887695
2026-08-04T05:12:25.200000-04:00,9.693650245666504,-0.04571318253874779,-9.739363670349121
2026-08-04T05:12:25.204000-04:00,9.772099494934082,-0.34501177072525024,-10.117111206054688
2026-08-04T05:12:25.208000-04:00,9.818280220031738,-0.45268911123275757,-10.27096939086914
2026-08-04T05:12:25.212000-04:00,9.842013359069824,-0.49360886216163635,-10.33562183380127
2026-08-04T05:12:25.216000-04:00,9.849963188171387,-0.5189790725708008,-10.368942260742188
2026-08-04T05:12:25.220000-04:00,9.849729537963867,-0.5915823578834534,-10.441311836242676
2026-08-04T05:12:25.224000-04:00,9.838155746459961,-0.6251365542411804,-10.463292121887207
2026-08-04T05:12:25.228000-04:00,9.781803131103516,-0.6392831206321716,-10.421086311340332
2026-08-04T05:12:25.232000-04:00,9.766136169433594,-0.6575216054916382,-10.423657417297363
2026-08-04T05:12:25.236000-04:00,9.77712631225586,-0.6459471583366394,-10.423073768615723
2026-08-04T05:12:25.240000-04:00,9.769410133361816,-0.6535465717315674,-10.422956466674805
2026-08-04T05:12:25.244000-04:00,9.6864013671875,-0.6714342832565308,-10.35783576965332
2026-08-04T05:12:25.248000-04:00,9.744858741760254,-0.6628996133804321,-10.407758712768555
2026-08-04T05:12:25.252000-04:00,9.841896057128906,-0.6367110013961792,-10.478607177734375
2026-08-04T05:12:25.256000-04:00,9.876970291137695,-0.6134452223777771,-10.490415573120117
2026-08-04T05:12:25.260000-04:00,9.840376853942871,-0.6264225840568542,-10.46679973602295
2026-08-04T05:12:25.264000-04:00,9.790221214294434,-0.6251365542411804,-10.41535758972168
2026-08-04T05:12:25.268000-04:00,9.76859188079834,-0.6181217432022095,-10.386713981628418
2026-08-04T05:12:25.272000-04:00,9.767773628234863,-0.6282932162284851,-10.396066665649414
2026-08-04T05:12:25.276000-04:00,9.80179500579834,-0.6182386875152588,-10.42003345489502
2026-08-04T05:12:25.280000-04:00,9.778646469116211,-0.5826969742774963,-10.361343383789062
2026-08-04T05:12:25.284000-04:00,9.802964210510254,-0.5569759607315063,-10.359940528869629
2026-08-04T05:12:25.288000-04:00,9.892870903015137,-0.5787218809127808,-10.471592903137207
2026-08-04T05:12:25.292000-04:00,9.91309642791748,-0.5652768611907959,-10.478373527526855
2026-08-04T05:12:25.296000-04:00,9.826931953430176,-0.5415434241294861,-10.368474960327148
2026-08-04T05:12:25.300000-04:00,9.6823091506958,-0.5746299028396606,-10.256938934326172
2026-08-04T05:12:25.304000-04:00,9.687921524047852,-0.5783711671829224,-10.266292572021484
2026-08-04T05:12:25.308000-04:00,9.857563018798828,-0.5417772531509399,-10.399340629577637
2026-08-04T05:12:25.312000-04:00,9.946066856384277,-0.5194467306137085,-10.465513229370117
2026-08-04T05:12:25.316000-04:00,9.986868858337402,-0.4865940511226654,-10.47346305847168
2026-08-04T05:12:25.320000-04:00,9.959745407104492,-0.4737335443496704,-10.433479309082031
2026-08-04T05:12:25.324000-04:00,9.929230690002441,-0.4720967710018158,-10.401327133178711
2026-08-04T05:12:25.328000-04:00,9.906082153320312,-0.4420500099658966,-10.348132133483887
2026-08-04T05:12:25.332000-04:00,9.876970291137695,-0.4432191252708435,-10.320189476013184
2026-08-04T05:12:25.336000-04:00,9.838272094726562,-0.3921279311180115,-10.230400085449219
2026-08-04T05:12:25.340000-04:00,9.8593168258667,-0.3963368237018585,-10.255653381347656
2026-08-04T05:12:25.344000-04:00,9.93332290649414,-0.372135728597641,-10.305459022521973
2026-08-04T05:12:25.348000-04:00,9.98499870300293,-0.33460646867752075,-10.319604873657227
2026-08-04T05:12:25.352000-04:00,10.022294044494629,-0.30046772956848145,-10.322761535644531
2026-08-04T05:12:25.356000-04:00,10.045092582702637,-0.2604832947254181,-10.30557632446289
2026-08-04T05:12:25.360000-04:00,10.017267227172852,-0.2469213455915451,-10.264188766479492
2026-08-04T05:12:25.364000-04:00,9.889947891235352,-0.24914269149303436,-10.139090538024902
2026-08-04T05:12:25.368000-04:00,9.855224609375,-0.2558067739009857,-10.111031532287598
2026-08-04T05:12:25.372000-04:00,9.94185733795166,-0.18519100546836853,-10.12704849243164
2026-08-04T05:12:25.376000-04:00,10.031296730041504,-0.1492985635995865,-10.180595397949219
2026-08-04T05:12:25.380000-04:00,10.064733505249023,-0.13316449522972107,-10.197897911071777
2026-08-04T05:12:25.384000-04:00,10.04287052154541,-0.12743572890758514,-10.170306205749512
2026-08-04T05:12:25.388000-04:00,10.001249313354492,-0.1533905267715454,-10.154640197753906
2026-08-04T05:12:25.392000-04:00,9.955536842346191,-0.14146535098552704,-10.097002029418945
2026-08-04T05:12:25.396000-04:00,9.91450023651123,-0.1585347205400467,-10.07303524017334
2026-08-04T05:12:25.400000-04:00,9.785076141357422,-0.14707720279693604,-9.932153701782227
2026-08-04T05:12:25.404000-04:00,9.883400917053223,-0.13421671092510223,-10.017617225646973
2026-08-04T05:12:25.408000-04:00,10.097820281982422,-0.1521044820547104,-10.249924659729004
2026-08-04T05:12:25.412000-04:00,10.221397399902344,-0.14660954475402832,-10.368006706237793
2026-08-04T05:12:25.416000-04:00,10.156627655029297,-0.2223695069551468,-10.378996849060059
2026-08-04T05:12:25.420000-04:00,10.087532043457031,-0.26153552532196045,-10.349067687988281
2026-08-04T05:12:25.424000-04:00,10.000548362731934,-0.27007022500038147,-10.270618438720703
2026-08-04T05:12:25.428000-04:00,9.93741512298584,-0.31975847482681274,-10.257173538208008
2026-08-04T05:12:25.432000-04:00,9.898833274841309,-0.3602105379104614,-10.25904369354248
2026-08-04T05:12:25.436000-04:00,9.851249694824219,-0.4090803861618042,-10.260330200195312
2026-08-04T05:12:25.440000-04:00,9.798053741455078,-0.43328148126602173,-10.231335639953613
2026-08-04T05:12:25.444000-04:00,9.804718017578125,-0.46262678503990173,-10.26734447479248
2026-08-04T05:12:25.448000-04:00,9.794196128845215,-0.48109909892082214,-10.27529525756836
2026-08-04T05:12:25.452000-04:00,9.864694595336914,-0.4580671489238739,-10.322761535644531
2026-08-04T05:12:25.456000-04:00,9.821553230285645,-0.5183945298194885,-10.339947700500488
2026-08-04T05:12:25.460000-04:00,9.802496910095215,-0.5138348937034607,-10.31633186340332
2026-08-04T05:12:25.464000-04:00,9.761927604675293,-0.5575605630874634,-10.319488525390625
2026-08-04T05:12:25.468000-04:00,9.747196197509766,-0.576383650302887,-10.323579788208008
2026-08-04T05:12:25.472000-04:00,9.767422676086426,-0.5540531277656555,-10.321475982666016
2026-08-04T05:12:25.476000-04:00,9.587726593017578,-0.5718240141868591,-10.159550666809082
2026-08-04T05:12:25.480000-04:00,9.483556747436523,-0.5790726542472839,-10.062629699707031
2026-08-04T05:12:25.484000-04:00,9.60806941986084,-0.5973111391067505,-10.2053804397583
2026-08-04T05:12:25.488000-04:00,9.87346363067627,-0.5946221351623535,-10.468086242675781
2026-08-04T05:12:25.492000-04:00,9.876970291137695,-0.6367110013961792,-10.513681411743164
2026-08-04T05:12:25.496000-04:00,9.850080490112305,-0.6253703832626343,-10.47545051574707
2026-08-04T05:12:25.500000-04:00,9.772917747497559,-0.5911146998405457,-10.364032745361328
2026-08-04T05:12:25.504000-04:00,9.66372013092041,-0.622564435005188,-10.286284446716309
2026-08-04T05:12:25.508000-04:00,9.657875061035156,-0.636360228061676,-10.294235229492188
2026-08-04T05:12:25.512000-04:00,9.676580429077148,-0.6564694046974182,-10.333049774169922
2026-08-04T05:12:25.516000-04:00,9.784842491149902,-0.6043259501457214,-10.389168739318848
2026-08-04T05:12:25.520000-04:00,9.79349422454834,-0.5796571969985962,-10.373151779174805
2026-08-04T05:12:25.524000-04:00,9.764383316040039,-0.569368839263916,-10.333751678466797
2026-08-04T05:12:25.528000-04:00,9.775840759277344,-0.5636400580406189,-10.33948040008545
2026-08-04T05:12:25.532000-04:00,9.76251220703125,-0.5683165788650513,-10.330828666687012
2026-08-04T05:12:25.536000-04:00,9.76251220703125,-0.5514810681343079,-10.313993453979492
2026-08-04T05:12:25.540000-04:00,9.75222396850586,-0.5643415451049805,-10.31656551361084
2026-08-04T05:12:25.544000-04:00,9.780049324035645,-0.5213173627853394,-10.301366806030273
2026-08-04T05:12:25.548000-04:00,9.78320598602295,-0.4909198582172394,-10.274126052856445
2026-08-04T05:12:25.552000-04:00,9.689090728759766,-0.5497273206710815,-10.238818168640137
2026-08-04T05:12:25.556000-04:00,9.571125030517578,-0.4965316951274872,-10.067656517028809
2026-08-04T05:12:25.560000-04:00,9.604561805725098,-0.527747631072998,-10.132308959960938
2026-08-04T05:12:25.564000-04:00,9.760173797607422,-0.5186283588409424,-10.278801918029785
2026-08-04T05:12:25.568000-04:00,9.83885669708252,-0.5085737705230713,-10.347430229187012
2026-08-04T05:12:25.572000-04:00,9.81032943725586,-0.5167577266693115,-10.32708740234375
2026-08-04T05:12:25.576000-04:00,9.806588172912598,-0.49559637904167175,-10.302184104919434
2026-08-04T05:12:25.580000-04:00,9.819449424743652,-0.4716291129589081,-10.291078567504883
2026-08-04T05:12:25.584000-04:00,9.792208671569824,-0.4777086079120636,-10.269917488098145
2026-08-04T05:12:25.588000-04:00,9.79548168182373,-0.509041428565979,-10.304523468017578
2026-08-04T05:12:25.592000-04:00,9.804367065429688,-0.5203820466995239,-10.324748992919922
2026-08-04T05:12:25.596000-04:00,9.813837051391602,-0.5153547525405884,-10.329192161560059
2026-08-04T05:12:25.600000-04:00,9.786245346069336,-0.5521825551986694,-10.338427543640137
2026-08-04T05:12:25.604000-04:00,9.788232803344727,-0.5159393548965454,-10.30417251586914
2026-08-04T05:12:25.608000-04:00,9.817578315734863,-0.4742012023925781,-10.291779518127441
2026-08-04T05:12:25.612000-04:00,9.822722434997559,-0.44333603978157043,-10.266058921813965
2026-08-04T05:12:25.616000-04:00,9.792325019836426,-0.43889331817626953,-10.231218338012695
2026-08-04T05:12:25.620000-04:00,9.792909622192383,-0.4476618468761444,-10.240571022033691
2026-08-04T05:12:25.624000-04:00,9.782154083251953,-0.4837881326675415,-10.265942573547363
2026-08-04T05:12:25.628000-04:00,9.736089706420898,-0.5045987367630005,-10.24068832397461
2026-08-04T05:12:25.632000-04:00,9.694001197814941,-0.5286828875541687,-10.222683906555176
2026-08-04T05:12:25.636000-04:00,9.733283996582031,-0.5399066209793091,-10.27319049835205
2026-08-04T05:12:25.640000-04:00,9.794196128845215,-0.5168746709823608,-10.311070442199707
2026-08-04T05:12:25.644000-04:00,9.790454864501953,-0.5354638695716858,-10.325919151306152
2026-08-04T05:12:25.648000-04:00,9.813018798828125,-0.4833204746246338,-10.29633903503418
2026-08-04T05:12:25.652000-04:00,9.705458641052246,-0.45982083678245544,-10.165279388427734
2026-08-04T05:12:25.656000-04:00,9.678567886352539,-0.4564303457736969,-10.134998321533203
2026-08-04T05:12:25.660000-04:00,9.763564109802246,-0.42591592669487,-10.18947982788086
2026-08-04T05:12:25.664000-04:00,9.850431442260742,-0.40206557512283325,-10.252496719360352
2026-08-04T05:12:25.668000-04:00,9.858381271362305,-0.3440764844417572,-10.202457427978516
2026-08-04T05:12:25.672000-04:00,9.793961524963379,-0.3344895541667938,-10.128451347351074
2026-08-04T05:12:25.676000-04:00,9.763447761535645,-0.328877717256546,-10.092325210571289
2026-08-04T05:12:25.680000-04:00,9.764616966247559,-0.3353079557418823,-10.09992504119873
2026-08-04T05:12:25.684000-04:00,9.81032943725586,-0.27346071600914,-10.083789825439453
2026-08-04T05:12:25.688000-04:00,9.80378246307373,-0.26270467042922974,-10.066487312316895
2026-08-04T05:12:25.692000-04:00,9.818631172180176,-0.25837886333465576,-10.077010154724121
2026-08-04T05:12:25.696000-04:00,9.827750205993652,-0.3084178566932678,-10.136168479919434
2026-08-04T05:12:25.700000-04:00,9.812317848205566,-0.38838669657707214,-10.200704574584961
2026-08-04T05:12:25.704000-04:00,9.782621383666992,-0.4544428288936615,-10.237064361572266
2026-08-04T05:12:25.708000-04:00,9.784491539001465,-0.42743581533432007,-10.21192741394043
2026-08-04T05:12:25.712000-04:00,9.784375190734863,-0.4366719722747803,-10.221047401428223
2026-08-04T05:12:25.716000-04:00,9.788467407226562,-0.46905702352523804,-10.257524490356445
2026-08-04T05:12:25.720000-04:00,9.787064552307129,-0.4512861669063568,-10.238350868225098
2026-08-04T05:12:25.724000-04:00,9.746495246887207,-0.5138348937034607,-10.260330200195312
2026-08-04T05:12:25.728000-04:00,9.710018157958984,-0.5648092031478882,-10.274827003479004
2026-08-04T05:12:25.732000-04:00,9.683244705200195,-0.5906471014022827,-10.27389144897461
2026-08-04T05:12:25.736000-04:00,9.683595657348633,-0.5629385709762573,-10.24653434753418
2026-08-04T05:12:25.740000-04:00,9.695170402526855,-0.5705379247665405,-10.265707969665527
2026-08-04T05:12:25.744000-04:00,9.752106666564941,-0.5606002807617188,-10.31270694732666
2026-08-04T05:12:25.748000-04:00,9.729893684387207,-0.5821123719215393,-10.312005996704102
2026-08-04T05:12:25.752000-04:00,9.762044906616211,-0.578254222869873,-10.340299606323242
2026-08-04T05:12:25.756000-04:00,9.723345756530762,-0.5865551233291626,-10.309901237487793
2026-08-04T05:12:25.760000-04:00,9.745326042175293,-0.5902963280677795,-10.335622787475586
2026-08-04T05:12:25.764000-04:00,9.745442390441895,-0.5872565507888794,-10.332698822021484
2026-08-04T05:12:25.768000-04:00,9.726737022399902,-0.6279425024986267,-10.354679107666016
2026-08-04T05:12:25.772000-04:00,9.701717376708984,-0.6397507190704346,-10.34146785736084
2026-08-04T05:12:25.776000-04:00,9.691896438598633,-0.6058458089828491,-10.297741889953613
2026-08-04T05:12:25.780000-04:00,9.715279579162598,-0.5380359888076782,-10.253315925598145
2026-08-04T05:12:25.784000-04:00,9.68838882446289,-0.5483244061470032,-10.236713409423828
2026-08-04T05:12:25.788000-04:00,9.676815032958984,-0.49641478061676025,-10.173230171203613
2026-08-04T05:12:25.792000-04:00,9.741233825683594,-0.5102105736732483,-10.251444816589355
2026-08-04T05:12:25.796000-04:00,9.825879096984863,-0.4649650454521179,-10.290843963623047
2026-08-04T05:12:25.800000-04:00,9.985349655151367,-0.2786048948764801,-10.263954162597656
2026-08-04T05:12:25.804000-04:00,10.099456787109375,-0.04547935724258423,-10.144936561584473
2026-08-04T05:12:25.808000-04:00,10.011303901672363,0.5007405877113342,-9.510562896728516
2026-08-04T05:12:25.812000-04:00,9.977282524108887,1.0115357637405396,-8.965746879577637
2026-08-04T05:12:25.816000-04:00,9.8759183883667,1.6962981224060059,-8.179620742797852
2026-08-04T05:12:25.820000-04:00,9.843182563781738,1.8227986097335815,-8.020383834838867
2026-08-04T05:12:25.824000-04:00,9.791740417480469,1.7299692630767822,-8.061771392822266
2026-08-04T05:12:25.828000-04:00,9.773385047912598,1.1549886465072632,-8.618396759033203
2026-08-04T05:12:25.832000-04:00,9.783906936645508,0.7906860709190369,-8.993221282958984
2026-08-04T05:12:25.836000-04:00,9.735037803649902,0.18530791997909546,-9.54973030090332
2026-08-04T05:12:25.840000-04:00,9.701483726501465,-0.09002340584993362,-9.79150676727295
2026-08-04T05:12:25.844000-04:00,9.677515983581543,-0.16239286959171295,-9.839908599853516
2026-08-04T05:12:25.848000-04:00,9.75035285949707,-0.22552616894245148,-9.975878715515137
2026-08-04T05:12:25.852000-04:00,9.800041198730469,-0.3741232454776764,-10.174164772033691
2026-08-04T05:12:25.856000-04:00,9.91695499420166,-0.3770460784435272,-10.294000625610352
2026-08-04T05:12:25.860000-04:00,9.92911434173584,-0.42123937606811523,-10.350353240966797
2026-08-04T05:12:25.864000-04:00,9.906549453735352,-0.4415823519229889,-10.348132133483887
2026-08-04T05:12:25.868000-04:00,9.865279197692871,-0.46227604150772095,-10.327555656433105
2026-08-04T05:12:25.872000-04:00,9.828451156616211,-0.4415823519229889,-10.270033836364746
2026-08-04T05:12:25.876000-04:00,9.839674949645996,-0.43409988284111023,-10.273775100708008
2026-08-04T05:12:25.880000-04:00,9.82225513458252,-0.449298620223999,-10.271553993225098
2026-08-04T05:12:25.884000-04:00,9.834648132324219,-0.4463757872581482,-10.281023979187012
2026-08-04T05:12:25.888000-04:00,9.81816291809082,-0.4616914689540863,-10.279854774475098
2026-08-04T05:12:25.892000-04:00,9.82646369934082,-0.4644973874092102,-10.290961265563965
2026-08-04T05:12:25.896000-04:00,9.806354522705078,-0.43106013536453247,-10.237414360046387
2026-08-04T05:12:25.900000-04:00,9.76251220703125,-0.41574445366859436,-10.17825698852539
2026-08-04T05:12:25.904000-04:00,9.712005615234375,-0.4324630796909332,-10.144468307495117
2026-08-04T05:12:25.908000-04:00,9.743572235107422,-0.41738125681877136,-10.160953521728516
2026-08-04T05:12:25.912000-04:00,9.83008861541748,-0.38113805651664734,-10.211226463317871
2026-08-04T05:12:25.916000-04:00,9.911810874938965,-0.36909595131874084,-10.280906677246094
2026-08-04T05:12:25.920000-04:00,9.88375186920166,-0.3973890244960785,-10.28114128112793
2026-08-04T05:12:25.924000-04:00,9.742520332336426,-0.40171483159065247,-10.144235610961914
2026-08-04T05:12:25.928000-04:00,9.669332504272461,-0.4038192629814148,-10.073151588439941
2026-08-04T05:12:25.932000-04:00,9.794780731201172,-0.3962199091911316,-10.191000938415527
2026-08-04T05:12:25.936000-04:00,9.920228958129883,-0.36360102891921997,-10.283829689025879
2026-08-04T05:12:25.940000-04:00,9.980321884155273,-0.3706158399581909,-10.350937843322754
2026-08-04T05:12:25.944000-04:00,9.942910194396973,-0.3724864423274994,-10.315396308898926
2026-08-04T05:12:25.948000-04:00,9.960797309875488,-0.3195246458053589,-10.280322074890137
2026-08-04T05:12:25.952000-04:00,9.930868148803711,-0.2911146581172943,-10.221982955932617
2026-08-04T05:12:25.956000-04:00,9.842013359069824,-0.28760725259780884,-10.129620552062988
2026-08-04T05:12:25.960000-04:00,9.83476448059082,-0.27439600229263306,-10.109160423278809
2026-08-04T05:12:25.964000-04:00,9.897547721862793,-0.2807093560695648,-10.17825698852539
2026-08-04T05:12:25.968000-04:00,9.954367637634277,-0.2774357795715332,-10.231803894042969
2026-08-04T05:12:25.972000-04:00,9.981491088867188,-0.22692912817001343,-10.208419799804688
2026-08-04T05:12:25.976000-04:00,9.946183204650879,-0.2292674034833908,-10.175450325012207
2026-08-04T05:12:25.980000-04:00,9.940454483032227,-0.19524556398391724,-10.135700225830078
2026-08-04T05:12:25.984000-04:00,9.957757949829102,-0.18600940704345703,-10.143767356872559
2026-08-04T05:12:25.988000-04:00,9.944195747375488,-0.12030400335788727,-10.064499855041504
2026-08-04T05:12:25.992000-04:00,9.88036060333252,-0.08382698893547058,-9.964187622070312
2026-08-04T05:12:25.996000-04:00,9.85300350189209,-0.07482464611530304,-9.927827835083008
2026-08-04T05:12:26-04:00,10.003938674926758,-0.0389322005212307,-10.04287052154541
2026-08-04T05:12:26.004000-04:00,10.065669059753418,-0.023148875683546066,-10.088817596435547
2026-08-04T05:12:26.008000-04:00,10.135466575622559,-0.04805145412683487,-10.183518409729004
2026-08-04T05:12:26.012000-04:00,10.0281400680542,-0.07739674299955368,-10.105536460876465
2026-08-04T05:12:26.016000-04:00,9.973657608032227,0.011691351421177387,-9.961966514587402
2026-08-04T05:12:26.020000-04:00,9.930048942565918,0.04290726035833359,-9.887141227722168
2026-08-04T05:12:26.024000-04:00,9.983595848083496,0.04267343133687973,-9.940922737121582
2026-08-04T05:12:26.028000-04:00,10.166214942932129,0.04021824896335602,-10.125996589660645
2026-08-04T05:12:26.032000-04:00,10.233790397644043,0.0361262746155262,-10.197664260864258
2026-08-04T05:12:26.036000-04:00,10.20339298248291,0.028293069452047348,-10.175100326538086
2026-08-04T05:12:26.040000-04:00,10.125996589660645,0.004091972950845957,-10.121904373168945
2026-08-04T05:12:26.044000-04:00,10.067656517028809,-0.039282940328121185,-10.106939315795898
2026-08-04T05:12:26.048000-04:00,10.000899314880371,-0.10171476006507874,-10.102614402770996
2026-08-04T05:12:26.052000-04:00,9.99575424194336,-0.07891662418842316,-10.074670791625977
2026-08-04T05:12:26.056000-04:00,9.956706047058105,-0.10908030718564987,-10.065786361694336
2026-08-04T05:12:26.060000-04:00,9.921280860900879,-0.14660954475402832,-10.067890167236328
2026-08-04T05:12:26.064000-04:00,9.786596298217773,-0.2007405012845993,-9.987337112426758
2026-08-04T05:12:26.068000-04:00,9.840376853942871,-0.22751370072364807,-10.067890167236328
2026-08-04T05:12:26.072000-04:00,9.889012336730957,-0.26632899045944214,-10.155341148376465
2026-08-04T05:12:26.076000-04:00,9.905263900756836,-0.3042089641094208,-10.20947265625
2026-08-04T05:12:26.080000-04:00,9.859199523925781,-0.3271239995956421,-10.186323165893555
2026-08-04T05:12:26.084000-04:00,9.831842422485352,-0.3752923905849457,-10.207135200500488
2026-08-04T05:12:26.088000-04:00,9.774436950683594,-0.4046376645565033,-10.17907428741455
2026-08-04T05:12:26.092000-04:00,9.832894325256348,-0.3885036110877991,-10.22139835357666
2026-08-04T05:12:26.096000-04:00,9.854757308959961,-0.4262666702270508,-10.281023979187012
2026-08-04T05:12:26.100000-04:00,9.843767166137695,-0.42895567417144775,-10.272723197937012
2026-08-04T05:12:26.104000-04:00,9.777710914611816,-0.460522323846817,-10.23823356628418
2026-08-04T05:12:26.108000-04:00,9.780400276184082,-0.48320356011390686,-10.263604164123535
2026-08-04T05:12:26.112000-04:00,9.806588172912598,-0.4857756495475769,-10.292364120483398
2026-08-04T05:12:26.116000-04:00,9.776074409484863,-0.47104454040527344,-10.247118949890137
2026-08-04T05:12:26.120000-04:00,9.645248413085938,-0.4958302080631256,-10.14107894897461
2026-08-04T05:12:26.124000-04:00,9.60783576965332,-0.4834373891353607,-10.091273307800293
2026-08-04T05:12:26.128000-04:00,9.608887672424316,-0.4660172760486603,-10.074905395507812
2026-08-04T05:12:26.132000-04:00,9.709784507751465,-0.46625110507011414,-10.17603588104248
2026-08-04T05:12:26.136000-04:00,9.832426071166992,-0.4853079915046692,-10.317733764648438
2026-08-04T05:12:26.140000-04:00,9.788232803344727,-0.48437267541885376,-10.272605895996094
2026-08-04T05:12:26.144000-04:00,9.780400276184082,-0.5069369673728943,-10.287337303161621
2026-08-04T05:12:26.148000-04:00,9.754328727722168,-0.5387374758720398,-10.293066024780273
2026-08-04T05:12:26.152000-04:00,9.712472915649414,-0.49325811862945557,-10.205731391906738
2026-08-04T05:12:26.156000-04:00,9.692363739013672,-0.4768902361392975,-10.169254302978516
2026-08-04T05:12:26.160000-04:00,9.685583114624023,-0.5064693689346313,-10.192052841186523
2026-08-04T05:12:26.164000-04:00,9.775489807128906,-0.3954015076160431,-10.170891761779785
2026-08-04T05:12:26.168000-04:00,9.735154151916504,-0.4503508508205414,-10.185504913330078
2026-08-04T05:12:26.172000-04:00,9.58737564086914,-0.4592362940311432,-10.046611785888672
2026-08-04T05:12:26.176000-04:00,9.534063339233398,-0.4780593514442444,-10.012123107910156
2026-08-04T05:12:26.180000-04:00,9.553938865661621,-0.4567810893058777,-10.010720252990723
2026-08-04T05:12:26.184000-04:00,9.798171043395996,-0.4062744677066803,-10.204445838928223
2026-08-04T05:12:26.188000-04:00,9.866565704345703,-0.4226423501968384,-10.28920841217041
2026-08-04T05:12:26.192000-04:00,9.92724323272705,-0.4280203878879547,-10.355263710021973
2026-08-04T05:12:26.196000-04:00,9.800158500671387,-0.4587686359882355,-10.258927345275879
2026-08-04T05:12:26.200000-04:00,9.841662406921387,-0.4125877916812897,-10.254250526428223
2026-08-04T05:12:26.204000-04:00,9.806238174438477,-0.41165247559547424,-10.217890739440918
2026-08-04T05:12:26.208000-04:00,9.810680389404297,-0.39598608016967773,-10.206666946411133
2026-08-04T05:12:26.212000-04:00,9.814188003540039,-0.40452075004577637,-10.218708992004395
2026-08-04T05:12:26.216000-04:00,9.766487121582031,-0.4262666702270508,-10.192753791809082
2026-08-04T05:12:26.220000-04:00,9.785778045654297,-0.39002346992492676,-10.175801277160645
2026-08-04T05:12:26.224000-04:00,9.780166625976562,-0.39598608016967773,-10.176153182983398
2026-08-04T05:12:26.228000-04:00,9.737258911132812,-0.4387764036655426,-10.176034927368164
2026-08-04T05:12:26.232000-04:00,9.721592903137207,-0.4400624632835388,-10.16165542602539
2026-08-04T05:12:26.236000-04:00,9.73351764678955,-0.38967275619506836,-10.123189926147461
2026-08-04T05:12:26.240000-04:00,9.784375190734863,-0.3492206633090973,-10.13359546661377
2026-08-04T05:12:26.244000-04:00,9.806705474853516,-0.36547163128852844,-10.1721773147583
2026-08-04T05:12:26.248000-04:00,9.802730560302734,-0.36161351203918457,-10.16434383392334
2026-08-04T05:12:26.252000-04:00,9.76835823059082,-0.42731890082359314,-10.195676803588867
2026-08-04T05:12:26.256000-04:00,9.758770942687988,-0.421590119600296,-10.180360794067383
2026-08-04T05:12:26.260000-04:00,9.733166694641113,-0.45654726028442383,-10.189714431762695
2026-08-04T05:12:26.264000-04:00,9.75830364227295,-0.4512861669063568,-10.209589958190918
2026-08-04T05:12:26.268000-04:00,9.734569549560547,-0.49243971705436707,-10.227008819580078
2026-08-04T05:12:26.272000-04:00,9.746377944946289,-0.4902183711528778,-10.23659610748291
2026-08-04T05:12:26.276000-04:00,9.746495246887207,-0.4689401090145111,-10.215435028076172
2026-08-04T05:12:26.280000-04:00,9.706276893615723,-0.40533915162086487,-10.111616134643555
2026-08-04T05:12:26.284000-04:00,9.535115242004395,-0.4374903738498688,-9.97260570526123
2026-08-04T05:12:26.288000-04:00,9.600119590759277,-0.4808652698993683,-10.080985069274902
2026-08-04T05:12:26.292000-04:00,9.832192420959473,-0.44134852290153503,-10.273540496826172
2026-08-04T05:12:26.296000-04:00,9.878256797790527,-0.45736566185951233,-10.335622787475586
2026-08-04T05:12:26.300000-04:00,9.771864891052246,-0.4998052716255188,-10.2716703414917
2026-08-04T05:12:26.304000-04:00,9.726386070251465,-0.49758392572402954,-10.223970413208008
2026-08-04T05:12:26.308000-04:00,9.77689266204834,-0.4324630796909332,-10.209355354309082
2026-08-04T05:12:26.312000-04:00,9.782270431518555,-0.442400723695755,-10.224671363830566
2026-08-04T05:12:26.316000-04:00,9.811264991760254,-0.47431811690330505,-10.28558349609375
2026-08-04T05:12:26.320000-04:00,9.819683074951172,-0.4392440617084503,-10.258927345275879
2026-08-04T05:12:26.324000-04:00,9.822606086730957,-0.4010133445262909,-10.22361946105957
2026-08-04T05:12:26.328000-04:00,9.754678726196289,-0.43094322085380554,-10.185622215270996
2026-08-04T05:12:26.332000-04:00,9.756783485412598,-0.43702271580696106,-10.193806648254395
2026-08-04T05:12:26.336000-04:00,9.755496978759766,-0.41328927874565125,-10.16878604888916
2026-08-04T05:12:26.340000-04:00,9.763330459594727,-0.39236176013946533,-10.155692100524902
2026-08-04T05:12:26.344000-04:00,9.756549835205078,-0.35179275274276733,-10.108342170715332
2026-08-04T05:12:26.348000-04:00,9.778762817382812,-0.31543266773223877,-10.094195365905762
2026-08-04T05:12:26.352000-04:00,9.724983215332031,-0.30935314297676086,-10.03433609008789
2026-08-04T05:12:26.356000-04:00,9.730594635009766,-0.3160172402858734,-10.046611785888672
2026-08-04T05:12:26.360000-04:00,9.739012718200684,-0.3440764844417572,-10.083088874816895
2026-08-04T05:12:26.364000-04:00,9.740882873535156,-0.3673422634601593,-10.108224868774414
2026-08-04T05:12:26.368000-04:00,9.766838073730469,-0.3351910412311554,-10.102028846740723
2026-08-04T05:12:26.372000-04:00,9.767889976501465,-0.2959080934524536,-10.063797950744629
2026-08-04T05:12:26.376000-04:00,9.765084266662598,-0.3014030456542969,-10.066487312316895
2026-08-04T05:12:26.380000-04:00,9.797118186950684,-0.3351910412311554,-10.132308959960938
2026-08-04T05:12:26.384000-04:00,9.806004524230957,-0.36395177245140076,-10.16995620727539
2026-08-04T05:12:26.388000-04:00,9.764032363891602,-0.4304755628108978,-10.194507598876953
2026-08-04T05:12:26.392000-04:00,9.71469497680664,-0.45385825634002686,-10.168553352355957
2026-08-04T05:12:26.396000-04:00,9.597079277038574,-0.46987542510032654,-10.066954612731934
2026-08-04T05:12:26.400000-04:00,9.530673027038574,-0.5269291996955872,-10.057601928710938
2026-08-04T05:12:26.404000-04:00,9.625606536865234,-0.5528839826583862,-10.17849063873291
2026-08-04T05:12:26.408000-04:00,9.774320602416992,-0.5518317818641663,-10.326152801513672
2026-08-04T05:12:26.412000-04:00,9.698209762573242,-0.6057289242744446,-10.303938865661621
2026-08-04T05:12:26.416000-04:00,9.714577674865723,-0.5857366919517517,-10.300313949584961
2026-08-04T05:12:26.420000-04:00,9.815590858459473,-0.5756821632385254,-10.391273498535156
2026-08-04T05:12:26.424000-04:00,9.838155746459961,-0.5985971689224243,-10.436753273010254
2026-08-04T05:12:26.428000-04:00,9.822839736938477,-0.5843337178230286,-10.407173156738281
2026-08-04T05:12:26.432000-04:00,9.804600715637207,-0.5867889523506165,-10.391389846801758
2026-08-04T05:12:26.436000-04:00,9.72930908203125,-0.6140297651290894,-10.343338966369629
2026-08-04T05:12:26.440000-04:00,9.732933044433594,-0.5939206480979919,-10.32685375213623
2026-08-04T05:12:26.444000-04:00,9.707562446594238,-0.6113407611846924,-10.318902969360352
2026-08-04T05:12:26.448000-04:00,9.713525772094727,-0.5783711671829224,-10.29189682006836
2026-08-04T05:12:26.452000-04:00,9.705224990844727,-0.5673812627792358,-10.272605895996094
2026-08-04T05:12:26.456000-04:00,9.669215202331543,-0.6012861728668213,-10.270501136779785
2026-08-04T05:12:26.460000-04:00,9.685583114624023,-0.5891271829605103,-10.274710655212402
2026-08-04T05:12:26.464000-04:00,9.687570571899414,-0.5406081080436707,-10.228178977966309
2026-08-04T05:12:26.468000-04:00,9.716798782348633,-0.5118473768234253,-10.228646278381348
2026-08-04T05:12:26.472000-04:00,9.728373527526855,-0.5777865648269653,-10.306159973144531
2026-08-04T05:12:26.476000-04:00,9.793143272399902,-0.5470383167266846,-10.340181350708008
2026-08-04T05:12:26.480000-04:00,9.946066856384277,-0.39446619153022766,-10.340533256530762
2026-08-04T05:12:26.484000-04:00,10.086129188537598,-0.043491825461387634,-10.129620552062988
2026-08-04T05:12:26.488000-04:00,10.093027114868164,0.4066252112388611,-9.686402320861816
2026-08-04T05:12:26.492000-04:00,10.008498191833496,1.202689290046692,-8.805809020996094
2026-08-04T05:12:26.496000-04:00,9.869020462036133,1.6156278848648071,-8.253392219543457
2026-08-04T05:12:26.500000-04:00,9.709199905395508,1.7424789667129517,-7.966721057891846
2026-08-04T05:12:26.504000-04:00,9.700430870056152,1.6514034271240234,-8.049027442932129
2026-08-04T05:12:26.508000-04:00,9.707562446594238,1.1234219074249268,-8.58414077758789
2026-08-04T05:12:26.512000-04:00,9.70078182220459,0.6531957983970642,-9.047586441040039
2026-08-04T05:12:26.516000-04:00,9.68394660949707,0.12264227867126465,-9.561304092407227
2026-08-04T05:12:26.520000-04:00,9.81617546081543,-0.2307872772216797,-10.04696273803711
2026-08-04T05:12:26.524000-04:00,9.913213729858398,-0.29368674755096436,-10.206900596618652
2026-08-04T05:12:26.528000-04:00,9.844000816345215,-0.35389721393585205,-10.197897911071777
2026-08-04T05:12:26.532000-04:00,9.785076141357422,-0.39879199862480164,-10.183868408203125
2026-08-04T05:12:26.536000-04:00,9.8511323928833,-0.4427514672279358,-10.29388427734375
2026-08-04T05:12:26.540000-04:00,9.838623046875,-0.45233839750289917,-10.290961265563965
2026-08-04T05:12:26.544000-04:00,9.82225513458252,-0.48226824402809143,-10.304523468017578
2026-08-04T05:12:26.548000-04:00,9.808810234069824,-0.5097429156303406,-10.31855297088623
2026-08-04T05:12:26.552000-04:00,9.77888011932373,-0.5316057205200195,-10.31048583984375
2026-08-04T05:12:26.556000-04:00,9.750587463378906,-0.5950897932052612,-10.345677375793457
2026-08-04T05:12:26.560000-04:00,9.79349422454834,-0.5658614039421082,-10.359355926513672
2026-08-04T05:12:26.564000-04:00,9.812667846679688,-0.5130165219306946,-10.325684547424316
2026-08-04T05:12:26.568000-04:00,9.810914039611816,-0.4965316951274872,-10.307445526123047
2026-08-04T05:12:26.572000-04:00,9.808810234069824,-0.5105612874031067,-10.319371223449707
2026-08-04T05:12:26.576000-04:00,9.80401611328125,-0.494193434715271,-10.298209190368652
2026-08-04T05:12:26.580000-04:00,9.795014381408691,-0.5001559853553772,-10.295170783996582
2026-08-04T05:12:26.584000-04:00,9.804600715637207,-0.5143025517463684,-10.318902969360352
2026-08-04T05:12:26.588000-04:00,9.814188003540039,-0.49723318219184875,-10.311421394348145
2026-08-04T05:12:26.592000-04:00,9.84084415435791,-0.48273590207099915,-10.323579788208008
2026-08-04T05:12:26.596000-04:00,9.8096284866333,-0.47361665964126587,-10.283245086669922
2026-08-04T05:12:26.600000-04:00,9.829153060913086,-0.49524563550949097,-10.3243989944458
2026-08-04T05:12:26.604000-04:00,9.838505744934082,-0.5165238976478577,-10.355030059814453
2026-08-04T05:12:26.608000-04:00,9.828919410705566,-0.44017937779426575,-10.269099235534668
2026-08-04T05:12:26.612000-04:00,9.835700035095215,-0.4062744677066803,-10.241974830627441
2026-08-04T05:12:26.616000-04:00,9.841195106506348,-0.3932970464229584,-10.234492301940918
2026-08-04T05:12:26.620000-04:00,9.85545825958252,-0.40978187322616577,-10.265239715576172
2026-08-04T05:12:26.624000-04:00,9.870656967163086,-0.3786828815937042,-10.249340057373047
2026-08-04T05:12:26.628000-04:00,9.875801086425781,-0.3986750841140747,-10.274476051330566
2026-08-04T05:12:26.632000-04:00,9.87813949584961,-0.4110679030418396,-10.289207458496094
2026-08-04T05:12:26.636000-04:00,9.881413459777832,-0.358223021030426,-10.239636421203613
2026-08-04T05:12:26.640000-04:00,9.876620292663574,-0.3520265817642212,-10.228647232055664
2026-08-04T05:12:26.644000-04:00,9.888545036315918,-0.3492206633090973,-10.237765312194824
2026-08-04T05:12:26.648000-04:00,9.901638984680176,-0.36582237482070923,-10.267461776733398
2026-08-04T05:12:26.652000-04:00,9.92326831817627,-0.33869844675064087,-10.261966705322266
2026-08-04T05:12:26.656000-04:00,9.917656898498535,-0.3264225423336029,-10.24407958984375
2026-08-04T05:12:26.660000-04:00,9.926892280578613,-0.3236165940761566,-10.250509262084961
2026-08-04T05:12:26.664000-04:00,9.97085189819336,-0.277786523103714,-10.248638153076172
2026-08-04T05:12:26.668000-04:00,10.000431060791016,-0.22950123250484467,-10.229931831359863
2026-08-04T05:12:26.672000-04:00,10.002418518066406,-0.21056124567985535,-10.212979316711426
2026-08-04T05:12:26.676000-04:00,10.007913589477539,-0.13094313442707062,-10.138856887817383
2026-08-04T05:12:26.680000-04:00,10.042169570922852,-0.149766206741333,-10.191935539245605
2026-08-04T05:12:26.684000-04:00,10.044975280761719,-0.12942326068878174,-10.174398422241211
2026-08-04T05:12:26.688000-04:00,10.043105125427246,-0.12018708884716034,-10.163291931152344
2026-08-04T05:12:26.692000-04:00,10.029776573181152,-0.1240452378988266,-10.15382194519043
2026-08-04T05:12:26.696000-04:00,10.062161445617676,-0.11866721510887146,-10.180829048156738
2026-08-04T05:12:26.700000-04:00,10.052106857299805,-0.11667968332767487,-10.168787002563477
2026-08-04T05:12:26.704000-04:00,10.082621574401855,-0.10218241065740585,-10.18480396270752
2026-08-04T05:12:26.708000-04:00,10.07361888885498,-0.09212785214185715,-10.165746688842773
2026-08-04T05:12:26.712000-04:00,10.077828407287598,-0.06325021386146545,-10.14107894897461
2026-08-04T05:12:26.716000-04:00,10.062161445617676,-0.1027669757604599,-10.164928436279297
2026-08-04T05:12:26.720000-04:00,10.047547340393066,-0.11504289507865906,-10.162590026855469
2026-08-04T05:12:26.724000-04:00,10.045092582702637,-0.13281375169754028,-10.177906036376953
2026-08-04T05:12:26.728000-04:00,10.019488334655762,-0.20763839781284332,-10.227127075195312
2026-08-04T05:12:26.732000-04:00,10.01352596282959,-0.19173815846443176,-10.2052640914917
2026-08-04T05:12:26.736000-04:00,9.997742652893066,-0.23826974630355835,-10.23601245880127
2026-08-04T05:12:26.740000-04:00,9.991779327392578,-0.2773188650608063,-10.269098281860352
2026-08-04T05:12:26.744000-04:00,9.958693504333496,-0.3083009421825409,-10.26699447631836
2026-08-04T05:12:26.748000-04:00,9.95425033569336,-0.3372955024242401,-10.291545867919922
2026-08-04T05:12:26.752000-04:00,9.944780349731445,-0.36196422576904297,-10.306744575500488
2026-08-04T05:12:26.756000-04:00,9.887726783752441,-0.39201101660728455,-10.27973747253418
2026-08-04T05:12:26.760000-04:00,9.87743854522705,-0.4074435830116272,-10.284882545471191
2026-08-04T05:12:26.764000-04:00,9.855691909790039,-0.42334383726119995,-10.279035568237305
2026-08-04T05:12:26.768000-04:00,9.819098472595215,-0.44579121470451355,-10.26488971710205
2026-08-04T05:12:26.772000-04:00,9.791740417480469,-0.5114966034889221,-10.303236961364746
2026-08-04T05:12:26.776000-04:00,9.788350105285645,-0.5103275179862976,-10.298677444458008
2026-08-04T05:12:26.780000-04:00,9.770462036132812,-0.54902583360672,-10.319487571716309
2026-08-04T05:12:26.784000-04:00,9.76005744934082,-0.5713563561439514,-10.331414222717285
2026-08-04T05:12:26.788000-04:00,9.75421142578125,-0.5766174793243408,-10.330828666687012
2026-08-04T05:12:26.792000-04:00,9.743572235107422,-0.567732036113739,-10.311304092407227
2026-08-04T05:12:26.796000-04:00,9.766487121582031,-0.5777865648269653,-10.344273567199707
2026-08-04T05:12:26.800000-04:00,9.823307037353516,-0.5952066779136658,-10.418513298034668
2026-08-04T05:12:26.804000-04:00,9.790454864501953,-0.6054950952529907,-10.395950317382812
2026-08-04T05:12:26.808000-04:00,9.780049324035645,-0.6118084192276001,-10.391858100891113
2026-08-04T05:12:26.812000-04:00,9.778412818908691,-0.6128606200218201,-10.391273498535156
2026-08-04T05:12:26.816000-04:00,9.759706497192383,-0.6300469040870667,-10.389753341674805
2026-08-04T05:12:26.820000-04:00,9.761693954467773,-0.5824631452560425,-10.344157218933105
2026-08-04T05:12:26.824000-04:00,9.747780799865723,-0.6245520114898682,-10.372332572937012
2026-08-04T05:12:26.828000-04:00,9.693299293518066,-0.6174202561378479,-10.31071949005127
2026-08-04T05:12:26.832000-04:00,9.667929649353027,-0.622564435005188,-10.290493965148926
2026-08-04T05:12:26.836000-04:00,9.720306396484375,-0.5749806761741638,-10.295287132263184
2026-08-04T05:12:26.840000-04:00,9.70276927947998,-0.5711225271224976,-10.27389144897461
2026-08-04T05:12:26.844000-04:00,9.61005687713623,-0.5561575889587402,-10.166213989257812
2026-08-04T05:12:26.848000-04:00,9.618708610534668,-0.6118084192276001,-10.230517387390137
2026-08-04T05:12:26.852000-04:00,9.794780731201172,-0.5603664517402649,-10.355147361755371
2026-08-04T05:12:26.856000-04:00,9.920929908752441,-0.542011022567749,-10.46294116973877
2026-08-04T05:12:26.860000-04:00,9.921280860900879,-0.5333594679832458,-10.45464038848877
2026-08-04T05:12:26.864000-04:00,9.869722366333008,-0.5427125096321106,-10.412434577941895
2026-08-04T05:12:26.868000-04:00,9.827750205993652,-0.5542869567871094,-10.382037162780762
2026-08-04T05:12:26.872000-04:00,9.8013277053833,-0.5324241518974304,-10.333751678466797
2026-08-04T05:12:26.876000-04:00,9.794429779052734,-0.5221357345581055,-10.31656551361084
2026-08-04T05:12:26.880000-04:00,9.783673286437988,-0.561769425868988,-10.345442771911621
2026-08-04T05:12:26.884000-04:00,9.801210403442383,-0.5414264798164368,-10.342637062072754
2026-08-04T05:12:26.888000-04:00,9.77911376953125,-0.5334763526916504,-10.312589645385742
2026-08-04T05:12:26.892000-04:00,9.78542709350586,-0.5229541659355164,-10.308381080627441
2026-08-04T05:12:26.896000-04:00,9.775606155395508,-0.5359315276145935,-10.311537742614746
2026-08-04T05:12:26.900000-04:00,9.801444053649902,-0.5503119230270386,-10.35175609588623
2026-08-04T05:12:26.904000-04:00,9.792558670043945,-0.548558235168457,-10.341116905212402
2026-08-04T05:12:26.908000-04:00,9.7930269241333,-0.5639907717704773,-10.357017517089844
2026-08-04T05:12:26.912000-04:00,9.775723457336426,-0.5401404500007629,-10.315863609313965
2026-08-04T05:12:26.916000-04:00,9.760407447814941,-0.5188621878623962,-10.279269218444824
2026-08-04T05:12:26.920000-04:00,9.63028335571289,-0.5510134100914001,-10.181296348571777
2026-08-04T05:12:26.924000-04:00,9.5910005569458,-0.578254222869873,-10.169254302978516
2026-08-04T05:12:26.928000-04:00,9.677165031433105,-0.581527829170227,-10.258692741394043
2026-08-04T05:12:26.932000-04:00,9.812785148620605,-0.5741622447967529,-10.386947631835938
2026-08-04T05:12:26.936000-04:00,9.883167266845703,-0.5505457520484924,-10.43371295928955
2026-08-04T05:12:26.940000-04:00,9.888545036315918,-0.545284628868103,-10.433829307556152
2026-08-04T05:12:26.944000-04:00,9.820267677307129,-0.6045597791671753,-10.424827575683594
2026-08-04T05:12:26.948000-04:00,9.800041198730469,-0.6012861728668213,-10.401327133178711
2026-08-04T05:12:26.952000-04:00,9.806238174438477,-0.5904132723808289,-10.396651268005371
2026-08-04T05:12:26.956000-04:00,9.795365333557129,-0.5908808708190918,-10.386245727539062
2026-08-04T05:12:26.960000-04:00,9.792909622192383,-0.5887764692306519,-10.381686210632324
2026-08-04T05:12:26.964000-04:00,9.787064552307129,-0.6266564130783081,-10.413721084594727
2026-08-04T05:12:26.968000-04:00,9.792325019836426,-0.605027437210083,-10.39735221862793
2026-08-04T05:12:26.972000-04:00,9.793611526489258,-0.5859705209732056,-10.379582405090332
2026-08-04T05:12:26.976000-04:00,9.80401611328125,-0.5196805596351624,-10.323697090148926
2026-08-04T05:12:26.980000-04:00,9.751288414001465,-0.5333594679832458,-10.284647941589355
2026-08-04T05:12:26.984000-04:00,9.630048751831055,-0.5855028629302979,-10.215551376342773
2026-08-04T05:12:26.988000-04:00,9.535466194152832,-0.5715901851654053,-10.107056617736816
2026-08-04T05:12:26.992000-04:00,9.557211875915527,-0.5189790725708008,-10.076190948486328
2026-08-04T05:12:26.996000-04:00,9.726386070251465,-0.47466886043548584,-10.201054573059082
2026-08-04T05:12:27-04:00,9.882699012756348,-0.4222916066646576,-10.304990768432617
2026-08-04T05:12:27.004000-04:00,9.90058708190918,-0.4545597434043884,-10.355146408081055
2026-08-04T05:12:27.008000-04:00,9.842364311218262,-0.4296571612358093,-10.272021293640137
2026-08-04T05:12:27.012000-04:00,9.691779136657715,-0.434450626373291,-10.126230239868164
2026-08-04T05:12:27.016000-04:00,9.695637702941895,-0.4528060257434845,-10.148444175720215
2026-08-04T05:12:27.020000-04:00,9.782387733459473,-0.4593532085418701,-10.241741180419922
2026-08-04T05:12:27.024000-04:00,9.892987251281738,-0.41282162070274353,-10.305809020996094
2026-08-04T05:12:27.028000-04:00,9.901288986206055,-0.4495324492454529,-10.350821495056152
2026-08-04T05:12:27.032000-04:00,9.8345308303833,-0.5143025517463684,-10.348833084106445
2026-08-04T05:12:27.036000-04:00,9.809394836425781,-0.5387374758720398,-10.348132133483887
2026-08-04T05:12:27.040000-04:00,9.786947250366211,-0.5722916722297668,-10.359238624572754
2026-08-04T05:12:27.044000-04:00,9.760642051696777,-0.6292285323143005,-10.389870643615723
2026-08-04T05:12:27.048000-04:00,9.739713668823242,-0.6778645515441895,-10.417577743530273
2026-08-04T05:12:27.052000-04:00,9.702652931213379,-0.654481828212738,-10.357134819030762
2026-08-04T05:12:27.056000-04:00,9.642441749572754,-0.6607951521873474,-10.303236961364746
2026-08-04T05:12:27.060000-04:00,9.634024620056152,-0.7069759964942932,-10.3410005569458
2026-08-04T05:12:27.064000-04:00,9.658809661865234,-0.7130555510520935,-10.371865272521973
2026-08-04T05:12:27.068000-04:00,9.714226722717285,-0.7089635729789734,-10.423190116882324
2026-08-04T05:12:27.072000-04:00,9.760407447814941,-0.6886205673217773,-10.449028015136719
2026-08-04T05:12:27.076000-04:00,9.769059181213379,-0.6871007084846497,-10.456159591674805
2026-08-04T05:12:27.080000-04:00,9.74392318725586,-0.714224636554718,-10.458148002624512
2026-08-04T05:12:27.084000-04:00,9.749768257141113,-0.7265005707740784,-10.476268768310547
2026-08-04T05:12:27.088000-04:00,9.72767162322998,-0.7204210758209229,-10.448092460632324
2026-08-04T05:12:27.092000-04:00,9.697742462158203,-0.6863992214202881,-10.38414192199707
2026-08-04T05:12:27.096000-04:00,9.691429138183594,-0.6910758018493652,-10.382505416870117
2026-08-04T05:12:27.100000-04:00,9.685349464416504,-0.7570149898529053,-10.442364692687988
2026-08-04T05:12:27.104000-04:00,9.675411224365234,-0.7598209381103516,-10.435232162475586
2026-08-04T05:12:27.108000-04:00,9.708264350891113,-0.758534848690033,-10.466798782348633
2026-08-04T05:12:27.112000-04:00,9.706744194030762,-0.7565473318099976,-10.46329116821289
2026-08-04T05:12:27.116000-04:00,9.654601097106934,-0.6782152652740479,-10.332816123962402
2026-08-04T05:12:27.120000-04:00,9.68195915222168,-0.6598598957061768,-10.341818809509277
2026-08-04T05:12:27.124000-04:00,9.730360984802246,-0.6655886173248291,-10.395949363708496
2026-08-04T05:12:27.128000-04:00,9.853704452514648,-0.5551053881645203,-10.408809661865234
2026-08-04T05:12:27.132000-04:00,9.981608390808105,-0.40978187322616577,-10.391389846801758
2026-08-04T05:12:27.136000-04:00,10.116292953491211,-0.016367891803383827,-10.132660865783691
2026-08-04T05:12:27.140000-04:00,10.066370010375977,0.3999611437320709,-9.66640853881836
2026-08-04T05:12:27.144000-04:00,9.980555534362793,1.1533517837524414,-8.827203750610352
2026-08-04T05:12:27.148000-04:00,9.8676176071167,1.6694080829620361,-8.198209762573242
2026-08-04T05:12:27.152000-04:00,9.819565773010254,1.7022607326507568,-8.117304801940918
2026-08-04T05:12:27.156000-04:00,9.769643783569336,1.5394002199172974,-8.230243682861328
2026-08-04T05:12:27.160000-04:00,9.744156837463379,1.105183482170105,-8.638973236083984
2026-08-04T05:12:27.164000-04:00,9.730478286743164,0.4557288885116577,-9.274749755859375
2026-08-04T05:12:27.168000-04:00,9.746846199035645,0.06406860798597336,-9.682777404785156
2026-08-04T05:12:27.172000-04:00,9.742987632751465,-0.28316453099250793,-10.026152610778809
2026-08-04T05:12:27.176000-04:00,9.816760063171387,-0.3227982223033905,-10.139557838439941
2026-08-04T05:12:27.180000-04:00,9.843416213989258,-0.3569369614124298,-10.200353622436523
2026-08-04T05:12:27.184000-04:00,9.831491470336914,-0.46543270349502563,-10.296924591064453
2026-08-04T05:12:27.188000-04:00,9.817461967468262,-0.5002729296684265,-10.317734718322754
2026-08-04T05:12:27.192000-04:00,9.814655303955078,-0.5229541659355164,-10.33760929107666
2026-08-04T05:12:27.196000-04:00,9.80156135559082,-0.5774358510971069,-10.378996849060059
2026-08-04T05:12:27.200000-04:00,9.778061866760254,-0.5598987936973572,-10.337960243225098
2026-08-04T05:12:27.204000-04:00,9.803899765014648,-0.5309042930603027,-10.33480453491211
2026-08-04T05:12:27.208000-04:00,9.796183586120605,-0.535814642906189,-10.331997871398926
2026-08-04T05:12:27.212000-04:00,9.799222946166992,-0.5316057205200195,-10.330828666687012
2026-08-04T05:12:27.216000-04:00,9.796299934387207,-0.5112627744674683,-10.307562828063965
2026-08-04T05:12:27.220000-04:00,9.785895347595215,-0.5542869567871094,-10.340182304382324
2026-08-04T05:12:27.224000-04:00,9.786128997802734,-0.572057843208313,-10.358186721801758
2026-08-04T05:12:27.228000-04:00,9.818747520446777,-0.5439985990524292,-10.362746238708496
2026-08-04T05:12:27.232000-04:00,9.808459281921387,-0.5296182036399841,-10.338077545166016
2026-08-04T05:12:27.236000-04:00,9.801094055175781,-0.5435309410095215,-10.344625473022461
2026-08-04T05:12:27.240000-04:00,9.802613258361816,-0.4946610629558563,-10.297274589538574
2026-08-04T05:12:27.244000-04:00,9.806588172912598,-0.5316057205200195,-10.338193893432617
2026-08-04T05:12:27.248000-04:00,9.822371482849121,-0.5172253847122192,-10.33959674835205
2026-08-04T05:12:27.252000-04:00,9.824944496154785,-0.5002729296684265,-10.325217247009277
2026-08-04T05:12:27.256000-04:00,9.839674949645996,-0.4288387596607208,-10.268513679504395
2026-08-04T05:12:27.260000-04:00,9.831491470336914,-0.4557288885116577,-10.287220001220703
2026-08-04T05:12:27.264000-04:00,9.843182563781738,-0.4768902361392975,-10.320073127746582
2026-08-04T05:12:27.268000-04:00,9.831491470336914,-0.4812160134315491,-10.312707901000977
2026-08-04T05:12:27.272000-04:00,9.814305305480957,-0.4511692523956299,-10.265474319458008
2026-08-04T05:12:27.276000-04:00,9.834297180175781,-0.4179657995700836,-10.252263069152832
2026-08-04T05:12:27.280000-04:00,9.861888885498047,-0.3950507640838623,-10.256939888000488
2026-08-04T05:12:27.284000-04:00,9.903626441955566,-0.4115355610847473,-10.31516170501709
2026-08-04T05:12:27.288000-04:00,9.908069610595703,-0.4198364317417145,-10.327905654907227
2026-08-04T05:12:27.292000-04:00,9.90058708190918,-0.37716299295425415,-10.277750015258789
2026-08-04T05:12:27.296000-04:00,9.886791229248047,-0.34992215037345886,-10.236713409423828
2026-08-04T05:12:27.300000-04:00,9.925373077392578,-0.29649266600608826,-10.2218656539917
2026-08-04T05:12:27.304000-04:00,9.917656898498535,-0.3046766221523285,-10.222333908081055
2026-08-04T05:12:27.308000-04:00,9.952613830566406,-0.29918166995048523,-10.251795768737793
2026-08-04T05:12:27.312000-04:00,9.959394454956055,-0.24423232674598694,-10.20362663269043
2026-08-04T05:12:27.316000-04:00,9.949223518371582,-0.2268122136592865,-10.17603588104248
2026-08-04T05:12:27.320000-04:00,9.987103462219238,-0.1854248344898224,-10.172528266906738
2026-08-04T05:12:27.324000-04:00,10.008030891418457,-0.16227595508098602,-10.170307159423828
2026-08-04T05:12:27.328000-04:00,10.028373718261719,-0.16169138252735138,-10.190065383911133
2026-08-04T05:12:27.332000-04:00,10.021943092346191,-0.15151990950107574,-10.173462867736816
2026-08-04T05:12:27.336000-04:00,10.0406494140625,-0.0895557552576065,-10.130205154418945
2026-08-04T05:12:27.340000-04:00,10.061460494995117,-0.06558848172426224,-10.127049446105957
2026-08-04T05:12:27.344000-04:00,10.0738525390625,-0.06477008759975433,-10.138622283935547
2026-08-04T05:12:27.348000-04:00,10.082270622253418,-0.06558848172426224,-10.147859573364258
2026-08-04T05:12:27.352000-04:00,10.076074600219727,-0.03285269811749458,-10.108927726745605
2026-08-04T05:12:27.356000-04:00,10.047196388244629,-0.01742011308670044,-10.064616203308105
2026-08-04T05:12:27.360000-04:00,10.062045097351074,-0.01870616152882576,-10.080751419067383
2026-08-04T05:12:27.364000-04:00,10.072333335876465,-0.054014042019844055,-10.126347541809082
2026-08-04T05:12:27.368000-04:00,10.071280479431152,-0.06804366409778595,-10.139324188232422
2026-08-04T05:12:27.372000-04:00,10.05502986907959,-0.06968045234680176,-10.124710083007812
2026-08-04T05:12:27.376000-04:00,10.016916275024414,-0.03425566107034683,-10.051172256469727
2026-08-04T05:12:27.380000-04:00,9.97260570526123,-0.04091972857713699,-10.013525009155273
2026-08-04T05:12:27.384000-04:00,9.929815292358398,-0.15689793229103088,-10.086712837219238
2026-08-04T05:12:27.388000-04:00,9.955185890197754,-0.18133285641670227,-10.136518478393555
2026-08-04T05:12:27.392000-04:00,10.004172325134277,-0.18975062668323517,-10.193922996520996
2026-08-04T05:12:27.396000-04:00,9.970969200134277,-0.21909593045711517,-10.190065383911133
2026-08-04T05:12:27.400000-04:00,9.820618629455566,-0.27357763051986694,-10.094196319580078
2026-08-04T05:12:27.404000-04:00,9.765317916870117,-0.33261895179748535,-10.097936630249023
2026-08-04T05:12:27.408000-04:00,9.787531852722168,-0.3764615058898926,-10.163993835449219
2026-08-04T05:12:27.412000-04:00,9.830673217773438,-0.3716680705547333,-10.202341079711914
2026-08-04T05:12:27.416000-04:00,9.90058708190918,-0.4003118574619293,-10.300898551940918
2026-08-04T05:12:27.420000-04:00,9.887024879455566,-0.4290725886821747,-10.316097259521484
2026-08-04T05:12:27.424000-04:00,9.874982833862305,-0.4540920853614807,-10.32907485961914
2026-08-04T05:12:27.428000-04:00,9.854873657226562,-0.47922849655151367,-10.334102630615234
2026-08-04T05:12:27.432000-04:00,9.826814651489258,-0.5016759037971497,-10.328490257263184
2026-08-04T05:12:27.436000-04:00,9.763096809387207,-0.47116145491600037,-10.234258651733398
2026-08-04T05:12:27.440000-04:00,9.745092391967773,-0.4985192120075226,-10.243611335754395
2026-08-04T05:12:27.444000-04:00,9.755614280700684,-0.529852032661438,-10.285466194152832
2026-08-04T05:12:27.448000-04:00,9.769292831420898,-0.5319564938545227,-10.301249504089355
2026-08-04T05:12:27.452000-04:00,9.76859188079834,-0.5221357345581055,-10.290727615356445
2026-08-04T05:12:27.456000-04:00,9.759706497192383,-0.5064693689346313,-10.266176223754883
2026-08-04T05:12:27.460000-04:00,9.738194465637207,-0.5305535197257996,-10.26874828338623
2026-08-04T05:12:27.464000-04:00,9.740649223327637,-0.5517148971557617,-10.292364120483398
2026-08-04T05:12:27.468000-04:00,9.735856056213379,-0.573110044002533,-10.308965682983398
2026-08-04T05:12:27.472000-04:00,9.727788925170898,-0.5487920045852661,-10.276580810546875
2026-08-04T05:12:27.476000-04:00,9.71270751953125,-0.5084568858146667,-10.22116470336914
2026-08-04T05:12:27.480000-04:00,9.658809661865234,-0.5316057205200195,-10.190415382385254
2026-08-04T05:12:27.484000-04:00,9.65764045715332,-0.5342947840690613,-10.191935539245605
2026-08-04T05:12:27.488000-04:00,9.708966255187988,-0.5435309410095215,-10.252496719360352
2026-08-04T05:12:27.492000-04:00,9.780282974243164,-0.5206158757209778,-10.300898551940918
2026-08-04T05:12:27.496000-04:00,9.789870262145996,-0.4805145561695099,-10.270384788513184
2026-08-04T05:12:27.500000-04:00,9.768708229064941,-0.4809821844100952,-10.249690055847168
2026-08-04T05:12:27.504000-04:00,9.767539978027344,-0.5148870944976807,-10.282426834106445
2026-08-04T05:12:27.508000-04:00,9.750937461853027,-0.5091583728790283,-10.260095596313477
2026-08-04T05:12:27.512000-04:00,9.740766525268555,-0.46227604150772095,-10.203042984008789
2026-08-04T05:12:27.516000-04:00,9.734335899353027,-0.4740842878818512,-10.208419799804688
2026-08-04T05:12:27.520000-04:00,9.781685829162598,-0.4660172760486603,-10.247703552246094
2026-08-04T05:12:27.524000-04:00,9.768007278442383,-0.48565873503685,-10.253665924072266
2026-08-04T05:12:27.528000-04:00,9.754678726196289,-0.48308664560317993,-10.237765312194824
2026-08-04T05:12:27.532000-04:00,9.758537292480469,-0.4453235864639282,-10.203861236572266
2026-08-04T05:12:27.536000-04:00,9.747313499450684,-0.4427514672279358,-10.190065383911133
2026-08-04T05:12:27.540000-04:00,9.752106666564941,-0.4211224913597107,-10.173229217529297
2026-08-04T05:12:27.544000-04:00,9.74006462097168,-0.44941553473472595,-10.18947982788086
2026-08-04T05:12:27.548000-04:00,9.752808570861816,-0.45233839750289917,-10.205146789550781
2026-08-04T05:12:27.552000-04:00,9.757952690124512,-0.45339059829711914,-10.211343765258789
2026-08-04T05:12:27.556000-04:00,9.753159523010254,-0.42813730239868164,-10.181297302246094
2026-08-04T05:12:27.560000-04:00,9.762161254882812,-0.43106013536453247,-10.193221092224121
2026-08-04T05:12:27.564000-04:00,9.751054763793945,-0.49243971705436707,-10.243494033813477
2026-08-04T05:12:27.568000-04:00,9.775138854980469,-0.4877631664276123,-10.26290225982666
2026-08-04T05:12:27.572000-04:00,9.761226654052734,-0.4671863913536072,-10.228412628173828
2026-08-04T05:12:27.576000-04:00,9.775256156921387,-0.4131723642349243,-10.18842887878418
2026-08-04T05:12:27.580000-04:00,9.742870330810547,-0.4480125904083252,-10.190882682800293
2026-08-04T05:12:27.584000-04:00,9.76029109954834,-0.44742801785469055,-10.207718849182129
2026-08-04T05:12:27.588000-04:00,9.776190757751465,-0.4564303457736969,-10.232621192932129
2026-08-04T05:12:27.592000-04:00,9.750703811645508,-0.47233060002326965,-10.223034858703613
2026-08-04T05:12:27.596000-04:00,9.757952690124512,-0.4431022107601166,-10.201054573059082
2026-08-04T05:12:27.600000-04:00,9.740532875061035,-0.4597039222717285,-10.200237274169922
2026-08-04T05:12:27.604000-04:00,9.731412887573242,-0.494193434715271,-10.225605964660645
2026-08-04T05:12:27.608000-04:00,9.7030029296875,-0.5051832795143127,-10.208186149597168
2026-08-04T05:12:27.612000-04:00,9.69025993347168,-0.4945441782474518,-10.18480396270752
2026-08-04T05:12:27.616000-04:00,9.72954273223877,-0.46180838346481323,-10.191350936889648
2026-08-04T05:12:27.620000-04:00,9.781452178955078,-0.48109909892082214,-10.262551307678223
2026-08-04T05:12:27.624000-04:00,9.799924850463867,-0.48355430364608765,-10.283478736877441
2026-08-04T05:12:27.628000-04:00,9.780633926391602,-0.5262277126312256,-10.306861877441406
2026-08-04T05:12:27.632000-04:00,9.743338584899902,-0.5295013189315796,-10.272839546203613
2026-08-04T05:12:27.636000-04:00,9.73760986328125,-0.5154716968536377,-10.253081321716309
2026-08-04T05:12:27.640000-04:00,9.744975090026855,-0.5151209235191345,-10.260095596313477
2026-08-04T05:12:27.644000-04:00,9.765435218811035,-0.5207328200340271,-10.286168098449707
2026-08-04T05:12:27.648000-04:00,9.751522064208984,-0.5185114145278931,-10.270033836364746
2026-08-04T05:12:27.652000-04:00,9.744390487670898,-0.5092752575874329,-10.253665924072266
2026-08-04T05:12:27.656000-04:00,9.718436241149902,-0.4789946675300598,-10.197430610656738
2026-08-04T05:12:27.660000-04:00,9.734920501708984,-0.4865940511226654,-10.221514701843262
2026-08-04T05:12:27.664000-04:00,9.744156837463379,-0.5454015135765076,-10.289558410644531
2026-08-04T05:12:27.668000-04:00,9.739246368408203,-0.5489089488983154,-10.288155555725098
2026-08-04T05:12:27.672000-04:00,9.734335899353027,-0.5237725377082825,-10.258108139038086
2026-08-04T05:12:27.676000-04:00,9.736791610717773,-0.48226824402809143,-10.219059944152832
2026-08-04T05:12:27.680000-04:00,9.724514961242676,-0.5054171085357666,-10.229931831359863
2026-08-04T05:12:27.684000-04:00,9.734453201293945,-0.5337101817131042,-10.268163681030273
2026-08-04T05:12:27.688000-04:00,9.717500686645508,-0.5489089488983154,-10.266409873962402
2026-08-04T05:12:27.692000-04:00,9.691429138183594,-0.5491427779197693,-10.240571975708008
2026-08-04T05:12:27.696000-04:00,9.66395378112793,-0.5491427779197693,-10.213096618652344
2026-08-04T05:12:27.700000-04:00,9.724164962768555,-0.4484802484512329,-10.172645568847656
2026-08-04T05:12:27.704000-04:00,9.761576652526855,-0.46145763993263245,-10.223033905029297
2026-08-04T05:12:27.708000-04:00,9.786829948425293,-0.4651988744735718,-10.252028465270996
2026-08-04T05:12:27.712000-04:00,9.775372505187988,-0.4384256899356842,-10.213798522949219
2026-08-04T05:12:27.716000-04:00,9.776190757751465,-0.4218239486217499,-10.198014259338379
2026-08-04T05:12:27.720000-04:00,9.776190757751465,-0.3993765711784363,-10.175567626953125
2026-08-04T05:12:27.724000-04:00,9.795130729675293,-0.3588075637817383,-10.153938293457031
2026-08-04T05:12:27.728000-04:00,9.749418258666992,-0.37961816787719727,-10.129035949707031
2026-08-04T05:12:27.732000-04:00,9.742520332336426,-0.3356586992740631,-10.078179359436035
2026-08-04T05:12:27.736000-04:00,9.733868598937988,-0.3147311806678772,-10.048600196838379
2026-08-04T05:12:27.740000-04:00,9.728022575378418,-0.32653945684432983,-10.054561614990234
2026-08-04T05:12:27.744000-04:00,9.74181842803955,-0.3095869719982147,-10.05140495300293
2026-08-04T05:12:27.748000-04:00,9.76005744934082,-0.3492206633090973,-10.109277725219727
2026-08-04T05:12:27.752000-04:00,9.760992050170898,-0.37482473254203796,-10.13581657409668
2026-08-04T05:12:27.756000-04:00,9.752340316772461,-0.3814888000488281,-10.133829116821289
2026-08-04T05:12:27.760000-04:00,9.753744125366211,-0.41656285524368286,-10.170307159423828
2026-08-04T05:12:27.764000-04:00,9.735271453857422,-0.4625098705291748,-10.197781562805176
2026-08-04T05:12:27.768000-04:00,9.710836410522461,-0.49875304102897644,-10.209589004516602
2026-08-04T05:12:27.772000-04:00,9.753393173217773,-0.48144984245300293,-10.234843254089355
2026-08-04T05:12:27.776000-04:00,9.767539978027344,-0.5060017108917236,-10.273541450500488
2026-08-04T05:12:27.780000-04:00,9.767422676086426,-0.534177839756012,-10.301600456237793
2026-08-04T05:12:27.784000-04:00,9.74789810180664,-0.5645753741264343,-10.31247329711914
2026-08-04T05:12:27.788000-04:00,9.735037803649902,-0.6065472960472107,-10.341585159301758
2026-08-04T05:12:27.792000-04:00,9.72545051574707,-0.5767343640327454,-10.30218505859375
2026-08-04T05:12:27.796000-04:00,9.729893684387207,-0.5685504078865051,-10.298443794250488
2026-08-04T05:12:27.800000-04:00,9.741000175476074,-0.5508964657783508,-10.29189682006836
2026-08-04T05:12:27.804000-04:00,9.722177505493164,-0.5821123719215393,-10.304289817810059
2026-08-04T05:12:27.808000-04:00,9.723345756530762,-0.5966096520423889,-10.319955825805664
2026-08-04T05:12:27.812000-04:00,9.716448783874512,-0.6025722622871399,-10.319021224975586
2026-08-04T05:12:27.816000-04:00,9.729191780090332,-0.5795403122901917,-10.308732032775879
2026-08-04T05:12:27.820000-04:00,9.695871353149414,-0.6259549260139465,-10.321825981140137
2026-08-04T05:12:27.824000-04:00,9.692363739013672,-0.6517928242683411,-10.344156265258789
2026-08-04T05:12:27.828000-04:00,9.706043243408203,-0.6826580166816711,-10.388701438903809
2026-08-04T05:12:27.832000-04:00,9.662784576416016,-0.6999611854553223,-10.36274528503418
2026-08-04T05:12:27.836000-04:00,9.596962928771973,-0.6367110013961792,-10.233674049377441
2026-08-04T05:12:27.840000-04:00,9.58094596862793,-0.5739284157752991,-10.154874801635742
2026-08-04T05:12:27.844000-04:00,9.667461395263672,-0.5231879949569702,-10.190649032592773
2026-08-04T05:12:27.848000-04:00,9.766019821166992,-0.5250585675239563,-10.291078567504883
2026-08-04T05:12:27.852000-04:00,9.784842491149902,-0.4713952839374542,-10.256237983703613
2026-08-04T05:12:27.856000-04:00,9.926307678222656,-0.22739678621292114,-10.153704643249512
2026-08-04T05:12:27.860000-04:00,10.021592140197754,0.03519096598029137,-9.986401557922363
2026-08-04T05:12:27.864000-04:00,10.045559883117676,0.6263056993484497,-9.419254302978516
2026-08-04T05:12:27.868000-04:00,10.042169570922852,1.1607173681259155,-8.881452560424805
2026-08-04T05:12:27.872000-04:00,9.946534156799316,1.7717074155807495,-8.174826622009277
2026-08-04T05:12:27.876000-04:00,9.89006519317627,1.8541314601898193,-8.035933494567871
2026-08-04T05:12:27.880000-04:00,9.808459281921387,1.6981687545776367,-8.11029052734375
2026-08-04T05:12:27.884000-04:00,9.762394905090332,1.0103665590286255,-8.752028465270996
2026-08-04T05:12:27.888000-04:00,9.756316184997559,0.6140297651290894,-9.14228630065918
2026-08-04T05:12:27.892000-04:00,9.730478286743164,0.0361262746155262,-9.694352149963379
2026-08-04T05:12:27.896000-04:00,9.715864181518555,-0.1441543698310852,-9.860018730163574
2026-08-04T05:12:27.900000-04:00,9.72299575805664,-0.23464542627334595,-9.9576416015625
2026-08-04T05:12:27.904000-04:00,9.718085289001465,-0.3234996795654297,-10.041584968566895
2026-08-04T05:12:27.908000-04:00,9.815357208251953,-0.43854260444641113,-10.253899574279785
2026-08-04T05:12:27.912000-04:00,9.880945205688477,-0.4539751708507538,-10.334919929504395
2026-08-04T05:12:27.916000-04:00,9.862005233764648,-0.47759169340133667,-10.33959674835205
2026-08-04T05:12:27.920000-04:00,9.813603401184082,-0.5022604465484619,-10.315863609313965
2026-08-04T05:12:27.924000-04:00,9.820150375366211,-0.5273968577384949,-10.34754753112793
2026-08-04T05:12:27.928000-04:00,9.814188003540039,-0.554988443851471,-10.369176864624023
2026-08-04T05:12:27.932000-04:00,9.80202865600586,-0.5430632829666138,-10.345091819763184
2026-08-04T05:12:27.936000-04:00,9.778997421264648,-0.542595624923706,-10.321593284606934
2026-08-04T05:12:27.940000-04:00,9.773151397705078,-0.5608341097831726,-10.333985328674316
2026-08-04T05:12:27.944000-04:00,9.806354522705078,-0.5518317818641663,-10.358186721801758
2026-08-04T05:12:27.948000-04:00,9.806939125061035,-0.5712394118309021,-10.378178596496582
2026-08-04T05:12:27.952000-04:00,9.809511184692383,-0.5732269883155823,-10.38273811340332
2026-08-04T05:12:27.956000-04:00,9.796183586120605,-0.5728762149810791,-10.369059562683105
2026-08-04T05:12:27.960000-04:00,9.832894325256348,-0.5472721457481384,-10.380166053771973
2026-08-04T05:12:27.964000-04:00,9.814772605895996,-0.5577943921089172,-10.372567176818848
2026-08-04T05:12:27.968000-04:00,9.823891639709473,-0.5559237599372864,-10.379815101623535
2026-08-04T05:12:27.972000-04:00,9.819449424743652,-0.5482074618339539,-10.367656707763672
2026-08-04T05:12:27.976000-04:00,9.807523727416992,-0.5248247385025024,-10.332348823547363
2026-08-04T05:12:27.980000-04:00,9.828217506408691,-0.5015589594841003,-10.329776763916016
2026-08-04T05:12:27.984000-04:00,9.855926513671875,-0.4979346692562103,-10.353860855102539
2026-08-04T05:12:27.988000-04:00,9.863876342773438,-0.49477797746658325,-10.358654022216797
2026-08-04T05:12:27.992000-04:00,9.820734977722168,-0.5215511918067932,-10.342286109924316
2026-08-04T05:12:27.996000-04:00,9.839323997497559,-0.47548726201057434,-10.314811706542969
2026-08-04T05:12:28-04:00,9.853821754455566,-0.4267343282699585,-10.280555725097656
2026-08-04T05:12:28.004000-04:00,9.854289054870605,-0.4408808648586273,-10.295169830322266
2026-08-04T05:12:28.008000-04:00,9.757368087768555,-0.4772409498691559,-10.23460865020752
2026-08-04T05:12:28.012000-04:00,9.724281311035156,-0.420654833316803,-10.144936561584473
2026-08-04T05:12:28.016000-04:00,9.811966896057129,-0.3861653506755829,-10.198132514953613
2026-08-04T05:12:28.020000-04:00,9.979269981384277,-0.36278262734413147,-10.342052459716797
2026-08-04T05:12:28.024000-04:00,10.019488334655762,-0.36640694737434387,-10.385895729064941
2026-08-04T05:12:28.028000-04:00,10.01598072052002,-0.3335542678833008,-10.34953498840332
2026-08-04T05:12:28.032000-04:00,9.972021102905273,-0.3351910412311554,-10.307211875915527
2026-08-04T05:12:28.036000-04:00,9.977633476257324,-0.2749805748462677,-10.25261402130127
2026-08-04T05:12:28.040000-04:00,9.977398872375488,-0.2613016963005066,-10.238700866699219
2026-08-04T05:12:28.044000-04:00,10.006744384765625,-0.24201098084449768,-10.24875545501709
2026-08-04T05:12:28.048000-04:00,10.014226913452148,-0.2179267853498459,-10.23215389251709
2026-08-04T05:12:28.052000-04:00,10.013875961303711,-0.20120815932750702,-10.215084075927734
2026-08-04T05:12:28.056000-04:00,10.036674499511719,-0.10709277540445328,-10.143767356872559
2026-08-04T05:12:28.060000-04:00,10.045208930969238,-0.1128215417265892,-10.15803050994873
2026-08-04T05:12:28.064000-04:00,10.112434387207031,-0.088737353682518,-10.201171875
2026-08-04T05:12:28.068000-04:00,10.078062057495117,-0.10802808403968811,-10.186090469360352
2026-08-04T05:12:28.072000-04:00,10.081101417541504,-0.06675761938095093,-10.147858619689941
2026-08-04T05:12:28.076000-04:00,10.069877624511719,-0.04968824237585068,-10.119565963745117
2026-08-04T05:12:28.080000-04:00,10.094429969787598,-0.028760723769664764,-10.123190879821777
2026-08-04T05:12:28.084000-04:00,10.099690437316895,-0.05296182259917259,-10.1526517868042
2026-08-04T05:12:28.088000-04:00,10.092909812927246,-0.07798131555318832,-10.170890808105469
2026-08-04T05:12:28.092000-04:00,10.08823299407959,-0.1027669757604599,-10.190999984741211
2026-08-04T05:12:28.096000-04:00,10.081803321838379,-0.06395169347524643,-10.14575481414795
2026-08-04T05:12:28.100000-04:00,10.067890167236328,-0.048519108444452286,-10.116409301757812
2026-08-04T05:12:28.104000-04:00,10.056432723999023,-0.06968045234680176,-10.126112937927246
2026-08-04T05:12:28.108000-04:00,10.05923843383789,-0.1212393119931221,-10.1804780960083
2026-08-04T05:12:28.112000-04:00,10.018670082092285,-0.14240066707134247,-10.161070823669434
2026-08-04T05:12:28.116000-04:00,9.987921714782715,-0.16835546493530273,-10.15627670288086
2026-08-04T05:12:28.120000-04:00,9.965825080871582,-0.20646926760673523,-10.172294616699219
2026-08-04T05:12:28.124000-04:00,9.949457168579102,-0.2630554139614105,-10.212512969970703
2026-08-04T05:12:28.128000-04:00,9.933440208435059,-0.2902962565422058,-10.223736763000488
2026-08-04T05:12:28.132000-04:00,9.903392791748047,-0.3247857391834259,-10.228178977966309
2026-08-04T05:12:28.136000-04:00,9.878957748413086,-0.35179275274276733,-10.23075008392334
2026-08-04T05:12:28.140000-04:00,9.871475219726562,-0.36640694737434387,-10.237882614135742
2026-08-04T05:12:28.144000-04:00,9.868669509887695,-0.41212013363838196,-10.280789375305176
2026-08-04T05:12:28.148000-04:00,9.828919410705566,-0.4730320870876312,-10.30195140838623
2026-08-04T05:12:28.152000-04:00,9.821319580078125,-0.4476618468761444,-10.268980979919434
2026-08-04T05:12:28.156000-04:00,9.803666114807129,-0.446726530790329,-10.25039291381836
2026-08-04T05:12:28.160000-04:00,9.780516624450684,-0.5089245438575745,-10.289441108703613
2026-08-04T05:12:28.164000-04:00,9.790922164916992,-0.5306704640388489,-10.321592330932617
2026-08-04T05:12:28.168000-04:00,9.794780731201172,-0.5326579809188843,-10.327438354492188
2026-08-04T05:12:28.172000-04:00,9.757952690124512,-0.5430632829666138,-10.301015853881836
2026-08-04T05:12:28.176000-04:00,9.732114791870117,-0.5708886981010437,-10.303003311157227
2026-08-04T05:12:28.180000-04:00,9.759355545043945,-0.5387374758720398,-10.29809284210205
2026-08-04T05:12:28.184000-04:00,9.751054763793945,-0.5753313899040222,-10.326386451721191
2026-08-04T05:12:28.188000-04:00,9.748249053955078,-0.5738115310668945,-10.322060585021973
2026-08-04T05:12:28.192000-04:00,9.764148712158203,-0.5627047419548035,-10.32685375213623
2026-08-04T05:12:28.196000-04:00,9.765201568603516,-0.5399066209793091,-10.305108070373535
2026-08-04T05:12:28.200000-04:00,9.75830364227295,-0.5402573347091675,-10.298561096191406
2026-08-04T05:12:28.204000-04:00,9.721826553344727,-0.5866720080375671,-10.30849838256836
2026-08-04T05:12:28.208000-04:00,9.713642120361328,-0.6059627532958984,-10.319604873657227
2026-08-04T05:12:28.212000-04:00,9.728022575378418,-0.5700702667236328,-10.29809284210205
2026-08-04T05:12:28.216000-04:00,9.742987632751465,-0.5330086946487427,-10.275996208190918
2026-08-04T05:12:28.220000-04:00,9.747079849243164,-0.5303196907043457,-10.277399063110352
2026-08-04T05:12:28.224000-04:00,9.790103912353516,-0.5153547525405884,-10.305459022521973
2026-08-04T05:12:28.228000-04:00,9.78519344329834,-0.5262277126312256,-10.311421394348145
2026-08-04T05:12:28.232000-04:00,9.748482704162598,-0.5510134100914001,-10.299495697021484
2026-08-04T05:12:28.236000-04:00,9.764383316040039,-0.49805158376693726,-10.262434959411621
2026-08-04T05:12:28.240000-04:00,9.780633926391602,-0.48425576090812683,-10.26488971710205
2026-08-04T05:12:28.244000-04:00,9.80378246307373,-0.5289167165756226,-10.332698822021484
2026-08-04T05:12:28.248000-04:00,9.78905200958252,-0.5091583728790283,-10.298210144042969
2026-08-04T05:12:28.252000-04:00,9.801678657531738,-0.4740842878818512,-10.275762557983398
2026-08-04T05:12:28.256000-04:00,9.810564041137695,-0.44017937779426575,-10.250743865966797
2026-08-04T05:12:28.260000-04:00,9.776775360107422,-0.45233839750289917,-10.229113578796387
2026-08-04T05:12:28.264000-04:00,9.766838073730469,-0.4812160134315491,-10.248054504394531
2026-08-04T05:12:28.268000-04:00,9.787765502929688,-0.46063923835754395,-10.248404502868652
2026-08-04T05:12:28.272000-04:00,9.769643783569336,-0.47349974513053894,-10.243143081665039
2026-08-04T05:12:28.276000-04:00,9.69248104095459,-0.54692143201828,-10.239402770996094
2026-08-04T05:12:28.280000-04:00,9.62630844116211,-0.5152378678321838,-10.141546249389648
2026-08-04T05:12:28.284000-04:00,9.706159591674805,-0.5041310787200928,-10.210290908813477
2026-08-04T05:12:28.288000-04:00,9.791624069213867,-0.4768902361392975,-10.268514633178711
2026-08-04T05:12:28.292000-04:00,9.878607749938965,-0.4933750331401825,-10.37198257446289
2026-08-04T05:12:28.296000-04:00,9.869722366333008,-0.5002729296684265,-10.3699951171875
2026-08-04T05:12:28.300000-04:00,9.753275871276855,-0.4979346692562103,-10.25121021270752
2026-08-04T05:12:28.304000-04:00,9.63273811340332,-0.526110827922821,-10.158848762512207
2026-08-04T05:12:28.308000-04:00,9.693883895874023,-0.5045987367630005,-10.198482513427734
2026-08-04T05:12:28.312000-04:00,9.800158500671387,-0.49407652020454407,-10.294235229492188
2026-08-04T05:12:28.316000-04:00,9.867266654968262,-0.49115365743637085,-10.358420372009277
2026-08-04T05:12:28.320000-04:00,9.870072364807129,-0.5204989910125732,-10.390571594238281
2026-08-04T05:12:28.324000-04:00,9.887843132019043,-0.5064693689346313,-10.394312858581543
2026-08-04T05:12:28.328000-04:00,9.840259552001953,-0.5250585675239563,-10.365318298339844
2026-08-04T05:12:28.332000-04:00,9.805419921875,-0.5424786806106567,-10.347898483276367
2026-08-04T05:12:28.336000-04:00,9.767305374145508,-0.5427125096321106,-10.310017585754395
2026-08-04T05:12:28.340000-04:00,9.766487121582031,-0.5570929050445557,-10.323579788208008
2026-08-04T05:12:28.344000-04:00,9.772449493408203,-0.5818785429000854,-10.354328155517578
2026-08-04T05:12:28.348000-04:00,9.719605445861816,-0.6008185744285583,-10.32042407989502
2026-08-04T05:12:28.352000-04:00,9.705692291259766,-0.6012861728668213,-10.306978225708008
2026-08-04T05:12:28.356000-04:00,9.668981552124023,-0.5814108848571777,-10.25039291381836
2026-08-04T05:12:28.360000-04:00,9.652496337890625,-0.5680827498435974,-10.220579147338867
2026-08-04T05:12:28.364000-04:00,9.70101547241211,-0.5867889523506165,-10.28780460357666
2026-08-04T05:12:28.368000-04:00,9.754678726196289,-0.5967265963554382,-10.351405143737793
2026-08-04T05:12:28.372000-04:00,9.770696640014648,-0.5767343640327454,-10.347431182861328
2026-08-04T05:12:28.376000-04:00,9.767656326293945,-0.5620032548904419,-10.329659461975098
2026-08-04T05:12:28.380000-04:00,9.736907958984375,-0.5639907717704773,-10.300898551940918
2026-08-04T05:12:28.384000-04:00,9.74836540222168,-0.6021046042442322,-10.350469589233398
2026-08-04T05:12:28.388000-04:00,9.75222396850586,-0.6278255581855774,-10.380049705505371
2026-08-04T05:12:28.392000-04:00,9.79326057434082,-0.5756821632385254,-10.368942260742188
2026-08-04T05:12:28.396000-04:00,9.761109352111816,-0.5480905771255493,-10.309200286865234
2026-08-04T05:12:28.400000-04:00,9.720890998840332,-0.5618863701820374,-10.282777786254883
2026-08-04T05:12:28.404000-04:00,9.748716354370117,-0.5757990479469299,-10.324515342712402
2026-08-04T05:12:28.408000-04:00,9.795130729675293,-0.5724085569381714,-10.367539405822754
2026-08-04T05:12:28.412000-04:00,9.837453842163086,-0.4881139099597931,-10.325568199157715
2026-08-04T05:12:28.416000-04:00,9.795832633972168,-0.4820344150066376,-10.277867317199707
2026-08-04T05:12:28.420000-04:00,9.768708229064941,-0.44508975744247437,-10.213797569274902
2026-08-04T05:12:28.424000-04:00,9.73597240447998,-0.43421679735183716,-10.170188903808594
2026-08-04T05:12:28.428000-04:00,9.67003345489502,-0.48028072714805603,-10.150314331054688
2026-08-04T05:12:28.432000-04:00,9.658809661865234,-0.48752936720848083,-10.146339416503906
2026-08-04T05:12:28.436000-04:00,9.643143653869629,-0.4495324492454529,-10.092676162719727
2026-08-04T05:12:28.440000-04:00,9.655303001403809,-0.4503508508205414,-10.105653762817383
2026-08-04T05:12:28.444000-04:00,9.738428115844727,-0.464848130941391,-10.203276634216309
2026-08-04T05:12:28.448000-04:00,9.775606155395508,-0.5125488638877869,-10.288154602050781
2026-08-04T05:12:28.452000-04:00,9.708264350891113,-0.5621201992034912,-10.270384788513184
2026-08-04T05:12:28.456000-04:00,9.536752700805664,-0.6147312521934509,-10.151483535766602
2026-08-04T05:12:28.460000-04:00,9.60397720336914,-0.6579892635345459,-10.261966705322266
2026-08-04T05:12:28.464000-04:00,9.735154151916504,-0.6923618316650391,-10.427515983581543
2026-08-04T05:12:28.468000-04:00,9.826814651489258,-0.6964538097381592,-10.523268699645996
2026-08-04T05:12:28.472000-04:00,9.849846839904785,-0.6838271617889404,-10.533674240112305
2026-08-04T05:12:28.476000-04:00,9.818513870239258,-0.6925956606864929,-10.511109352111816
2026-08-04T05:12:28.480000-04:00,9.75000286102295,-0.7312940359115601,-10.48129653930664
2026-08-04T05:12:28.484000-04:00,9.763330459594727,-0.7392441630363464,-10.502574920654297
2026-08-04T05:12:28.488000-04:00,9.75643253326416,-0.7231100797653198,-10.47954273223877
2026-08-04T05:12:28.492000-04:00,9.745793342590332,-0.7473111748695374,-10.493104934692383
2026-08-04T05:12:28.496000-04:00,9.720773696899414,-0.754793643951416,-10.475566864013672
2026-08-04T05:12:28.500000-04:00,9.706977844238281,-0.7551443576812744,-10.462121963500977
2026-08-04T05:12:28.504000-04:00,9.69832706451416,-0.7553781867027283,-10.453704833984375
2026-08-04T05:12:28.508000-04:00,9.637999534606934,-0.7352690696716309,-10.373268127441406
2026-08-04T05:12:28.512000-04:00,9.658809661865234,-0.7252145409584045,-10.384024620056152
2026-08-04T05:12:28.516000-04:00,9.673774719238281,-0.7281373739242554,-10.401911735534668
2026-08-04T05:12:28.520000-04:00,9.693532943725586,-0.7701092958450317,-10.463642120361328
2026-08-04T05:12:28.524000-04:00,9.697391510009766,-0.7276697158813477,-10.425061225891113
2026-08-04T05:12:28.528000-04:00,9.59731388092041,-0.7800469398498535,-10.377361297607422
2026-08-04T05:12:28.532000-04:00,9.590181350708008,-0.7635621428489685,-10.353743553161621
2026-08-04T05:12:28.536000-04:00,9.650859832763672,-0.6955184936523438,-10.346378326416016
2026-08-04T05:12:28.540000-04:00,9.759004592895508,-0.7310602068901062,-10.49006462097168
2026-08-04T05:12:28.544000-04:00,9.856744766235352,-0.6467655301094055,-10.503510475158691
2026-08-04T05:12:28.548000-04:00,10.04626178741455,-0.46309444308280945,-10.509356498718262
2026-08-04T05:12:28.552000-04:00,10.207718849182129,-0.2083398848772049,-10.416058540344238
2026-08-04T05:12:28.556000-04:00,10.134998321533203,0.46508195996284485,-9.669916152954102
2026-08-04T05:12:28.560000-04:00,10.0821533203125,0.9943494200706482,-9.087803840637207
2026-08-04T05:12:28.564000-04:00,9.962902069091797,1.6405304670333862,-8.322371482849121
2026-08-04T05:12:28.568000-04:00,9.825879096984863,1.6053394079208374,-8.220540046691895
2026-08-04T05:12:28.572000-04:00,9.744507789611816,1.4302029609680176,-8.31430435180664
2026-08-04T05:12:28.576000-04:00,9.680438995361328,0.8452847003936768,-8.83515453338623
2026-08-04T05:12:28.580000-04:00,9.689791679382324,0.4584178924560547,-9.23137378692627
2026-08-04T05:12:28.584000-04:00,9.676346778869629,-0.1252143681049347,-9.80156135559082
2026-08-04T05:12:28.588000-04:00,9.742169380187988,-0.3584568202495575,-10.100625991821289
2026-08-04T05:12:28.592000-04:00,9.790454864501953,-0.432813823223114,-10.223268508911133
2026-08-04T05:12:28.596000-04:00,9.758186340332031,-0.43293073773384094,-10.191117286682129
2026-08-04T05:12:28.600000-04:00,9.615669250488281,-0.45268911123275757,-10.068358421325684
2026-08-04T05:12:28.604000-04:00,9.646183013916016,-0.4929073750972748,-10.139090538024902
2026-08-04T05:12:28.608000-04:00,9.746846199035645,-0.5360484719276428,-10.2828950881958
2026-08-04T05:12:28.612000-04:00,9.8842191696167,-0.5008574724197388,-10.385076522827148
2026-08-04T05:12:28.616000-04:00,9.925138473510742,-0.5642246007919312,-10.489362716674805
2026-08-04T05:12:28.620000-04:00,9.874281883239746,-0.5777865648269653,-10.452068328857422
2026-08-04T05:12:28.624000-04:00,9.820501327514648,-0.6075995564460754,-10.4281005859375
2026-08-04T05:12:28.628000-04:00,9.783673286437988,-0.6514421105384827,-10.435115814208984
2026-08-04T05:12:28.632000-04:00,9.791389465332031,-0.6668747067451477,-10.458264350891113
2026-08-04T05:12:28.636000-04:00,9.728256225585938,-0.693414032459259,-10.421669960021973
2026-08-04T05:12:28.640000-04:00,9.666525840759277,-0.7238115668296814,-10.390336990356445
2026-08-04T05:12:28.644000-04:00,9.706276893615723,-0.716913640499115,-10.423190116882324
2026-08-04T05:12:28.648000-04:00,9.523541450500488,-0.6778645515441895,-10.201406478881836
2026-08-04T05:12:28.652000-04:00,9.505769729614258,-0.6613797545433044,-10.167149543762207
2026-08-04T05:12:28.656000-04:00,9.69633960723877,-0.5822293162345886,-10.278569221496582
2026-08-04T05:12:28.660000-04:00,9.816877365112305,-0.5791895389556885,-10.396066665649414
2026-08-04T05:12:28.664000-04:00,9.882933616638184,-0.5385036468505859,-10.42143726348877
2026-08-04T05:12:28.668000-04:00,9.863174438476562,-0.5722916722297668,-10.435465812683105
2026-08-04T05:12:28.672000-04:00,9.782270431518555,-0.539322018623352,-10.321592330932617
2026-08-04T05:12:28.676000-04:00,9.87813949584961,-0.4613407254219055,-10.33948040008545
2026-08-04T05:12:28.680000-04:00,9.90257453918457,-0.47314900159835815,-10.375723838806152
2026-08-04T05:12:28.684000-04:00,9.886791229248047,-0.5685504078865051,-10.455341339111328
2026-08-04T05:12:28.688000-04:00,9.835582733154297,-0.5906471014022827,-10.426229476928711
2026-08-04T05:12:28.692000-04:00,9.813252449035645,-0.5570929050445557,-10.370345115661621
2026-08-04T05:12:28.696000-04:00,9.781218528747559,-0.5227203369140625,-10.303938865661621
2026-08-04T05:12:28.700000-04:00,9.819916725158691,-0.43772420287132263,-10.257640838623047
2026-08-04T05:12:28.704000-04:00,9.798404693603516,-0.4303586483001709,-10.228763580322266
2026-08-04T05:12:28.708000-04:00,9.704172134399414,-0.3990258276462555,-10.103198051452637
2026-08-04T05:12:28.712000-04:00,9.591935157775879,-0.48682788014411926,-10.078763008117676
2026-08-04T05:12:28.716000-04:00,9.699846267700195,-0.4885815680027008,-10.188427925109863
2026-08-04T05:12:28.720000-04:00,9.828217506408691,-0.40802815556526184,-10.236246109008789
2026-08-04T05:12:28.724000-04:00,9.910290718078613,-0.41013261675834656,-10.320423126220703
2026-08-04T05:12:28.728000-04:00,9.957524299621582,-0.37073275446891785,-10.328256607055664
2026-08-04T05:12:28.732000-04:00,9.932738304138184,-0.33320352435112,-10.265941619873047
2026-08-04T05:12:28.736000-04:00,9.908186912536621,-0.2552222013473511,-10.163409233093262
2026-08-04T05:12:28.740000-04:00,10.055848121643066,-0.17607174813747406,-10.23192024230957
2026-08-04T05:12:28.744000-04:00,10.037375450134277,-0.20003902912139893,-10.237414360046387
2026-08-04T05:12:28.748000-04:00,9.955302238464355,-0.25428688526153564,-10.209589004516602
2026-08-04T05:12:28.752000-04:00,9.905146598815918,-0.2513640522956848,-10.156510353088379
2026-08-04T05:12:28.756000-04:00,9.950860023498535,-0.199922114610672,-10.150782585144043
2026-08-04T05:12:28.760000-04:00,9.938349723815918,-0.2055339515209198,-10.14388370513916
2026-08-04T05:12:28.764000-04:00,9.987804412841797,-0.17560410499572754,-10.163408279418945
2026-08-04T05:12:28.768000-04:00,10.018786430358887,-0.16075608134269714,-10.179542541503906
2026-08-04T05:12:28.772000-04:00,9.977048873901367,-0.11188623309135437,-10.088934898376465
2026-08-04T05:12:28.776000-04:00,9.862707138061523,-0.05494935065507889,-9.917656898498535
2026-08-04T05:12:28.780000-04:00,9.822021484375,-0.06395169347524643,-9.88597297668457
2026-08-04T05:12:28.784000-04:00,9.932271003723145,-0.004910367541015148,-9.93718147277832
2026-08-04T05:12:28.788000-04:00,9.996222496032715,-0.09318006783723831,-10.089402198791504
2026-08-04T05:12:28.792000-04:00,10.05701732635498,-0.12708498537540436,-10.184102058410645
2026-08-04T05:12:28.796000-04:00,9.921865463256836,-0.18694470822811127,-10.108810424804688
2026-08-04T05:12:28.800000-04:00,9.601055145263672,-0.3284100592136383,-9.929465293884277
2026-08-04T05:12:28.804000-04:00,9.577554702758789,-0.2722915709018707,-9.849845886230469
2026-08-04T05:12:28.808000-04:00,9.89404010772705,-0.24341394007205963,-10.13745403289795
2026-08-04T05:12:28.812000-04:00,10.121086120605469,-0.28725650906562805,-10.408342361450195
2026-08-04T05:12:28.816000-04:00,10.083673477172852,-0.37517547607421875,-10.45884895324707
2026-08-04T05:12:28.820000-04:00,9.861771583557129,-0.4778255224227905,-10.33959674835205
2026-08-04T05:12:28.824000-04:00,9.815239906311035,-0.48554182052612305,-10.30078125
2026-08-04T05:12:28.828000-04:00,9.74789810180664,-0.5598987936973572,-10.307796478271484
2026-08-04T05:12:28.832000-04:00,9.792442321777344,-0.494193434715271,-10.286635398864746
2026-08-04T05:12:28.836000-04:00,9.755496978759766,-0.49232280254364014,-10.247819900512695
2026-08-04T05:12:28.840000-04:00,9.777944564819336,-0.48682788014411926,-10.264772415161133
2026-08-04T05:12:28.844000-04:00,9.78110122680664,-0.49875304102897644,-10.279853820800781
2026-08-04T05:12:28.848000-04:00,9.749768257141113,-0.5538192987442017,-10.303587913513184
2026-08-04T05:12:28.852000-04:00,9.698209762573242,-0.60666424036026,-10.304874420166016
2026-08-04T05:12:28.856000-04:00,9.766019821166992,-0.530436635017395,-10.296456336975098
2026-08-04T05:12:28.860000-04:00,9.793611526489258,-0.4680047929286957,-10.261616706848145
2026-08-04T05:12:28.864000-04:00,9.546689987182617,-0.6592752933502197,-10.205965042114258
2026-08-04T05:12:28.868000-04:00,9.522839546203613,-0.6930633187294006,-10.215903282165527
2026-08-04T05:12:28.872000-04:00,9.588077545166016,-0.6462979316711426,-10.234375
2026-08-04T05:12:28.876000-04:00,9.59170150756836,-0.6917772889137268,-10.283478736877441
2026-08-04T05:12:28.880000-04:00,9.652146339416504,-0.6935309767723083,-10.345677375793457
2026-08-04T05:12:28.884000-04:00,9.663837432861328,-0.7379580736160278,-10.401795387268066
2026-08-04T05:12:28.888000-04:00,9.677515983581543,-0.693414032459259,-10.370929718017578
2026-08-04T05:12:28.892000-04:00,9.598365783691406,-0.6805535554885864,-10.278919219970703
2026-08-04T05:12:28.896000-04:00,9.592168807983398,-0.6831256747245789,-10.275294303894043
2026-08-04T05:12:28.900000-04:00,9.58117961883545,-0.6611459255218506,-10.242325782775879
2026-08-04T05:12:28.904000-04:00,9.605146408081055,-0.6708497405052185,-10.275996208190918
2026-08-04T05:12:28.908000-04:00,9.751054763793945,-0.5998832583427429,-10.350937843322754
2026-08-04T05:12:28.912000-04:00,9.775138854980469,-0.4668356478214264,-10.241974830627441
2026-08-04T05:12:28.916000-04:00,9.467422485351562,-0.571473240852356,-10.038895606994629
2026-08-04T05:12:28.920000-04:00,9.297196388244629,-0.5542869567871094,-9.851483345031738
2026-08-04T05:12:28.924000-04:00,9.572761535644531,-0.5713563561439514,-10.144118309020996
2026-08-04T05:12:28.928000-04:00,10.166682243347168,-0.45701491832733154,-10.623697280883789
2026-08-04T05:12:28.932000-04:00,10.004523277282715,-0.4958302080631256,-10.500353813171387
2026-08-04T05:12:28.936000-04:00,9.81594181060791,-0.5285660028457642,-10.344508171081543
2026-08-04T05:12:28.940000-04:00,9.609940528869629,-0.6142635941505432,-10.224204063415527
2026-08-04T05:12:28.944000-04:00,9.491272926330566,-0.7143415808677673,-10.20561408996582
2026-08-04T05:12:28.948000-04:00,9.560836791992188,-0.7321124076843262,-10.292949676513672
2026-08-04T05:12:28.952000-04:00,9.674125671386719,-0.6748247742652893,-10.348950386047363
2026-08-04T05:12:28.956000-04:00,9.65343189239502,-0.6765785217285156,-10.330010414123535
2026-08-04T05:12:28.960000-04:00,9.669332504272461,-0.6295792460441589,-10.298912048339844
2026-08-04T05:12:28.964000-04:00,9.637765884399414,-0.603975236415863,-10.241741180419922
2026-08-04T05:12:28.968000-04:00,9.696105003356934,-0.5443493127822876,-10.24045467376709
2026-08-04T05:12:28.972000-04:00,9.690727233886719,-0.567147433757782,-10.257874488830566
2026-08-04T05:12:28.976000-04:00,9.709784507751465,-0.5492596626281738,-10.259044647216797
2026-08-04T05:12:28.980000-04:00,9.707446098327637,-0.548558235168457,-10.256004333496094
2026-08-04T05:12:28.984000-04:00,9.703120231628418,-0.5493766069412231,-10.252496719360352
2026-08-04T05:12:28.988000-04:00,9.6781005859375,-0.5953236222267151,-10.27342414855957
2026-08-04T05:12:28.992000-04:00,9.677984237670898,-0.49688243865966797,-10.174866676330566
2026-08-04T05:12:28.996000-04:00,9.543766975402832,-0.43421679735183716,-9.977983474731445
2026-08-04T05:12:29-04:00,9.66395378112793,-0.3007015585899353,-9.964654922485352
2026-08-04T05:12:29.004000-04:00,9.738310813903809,-0.5174592137336731,-10.255769729614258
2026-08-04T05:12:29.008000-04:00,9.59146785736084,-0.6628996133804321,-10.25436782836914
2026-08-04T05:12:29.012000-04:00,9.634842872619629,-0.7594701647758484,-10.394312858581543
2026-08-04T05:12:29.016000-04:00,9.788467407226562,-0.7552613019943237,-10.543728828430176
2026-08-04T05:12:29.020000-04:00,9.489752769470215,-0.7984023690223694,-10.288155555725098
2026-08-04T05:12:29.024000-04:00,9.167539596557617,-0.7813330292701721,-9.948872566223145
2026-08-04T05:12:29.028000-04:00,9.362550735473633,-0.7452067136764526,-10.107757568359375
2026-08-04T05:12:29.032000-04:00,9.71469497680664,-0.6453626155853271,-10.360057830810547
2026-08-04T05:12:29.036000-04:00,9.84061050415039,-0.6303976774215698,-10.47100830078125
2026-08-04T05:12:29.040000-04:00,9.803666114807129,-0.627474844455719,-10.431140899658203
2026-08-04T05:12:29.044000-04:00,9.791974067687988,-0.5931022763252258,-10.385076522827148
2026-08-04T05:12:29.048000-04:00,9.750470161437988,-0.6168357133865356,-10.367305755615234
2026-08-04T05:12:29.052000-04:00,9.669097900390625,-0.6618474125862122,-10.330945014953613
2026-08-04T05:12:29.056000-04:00,9.656822204589844,-0.6151989102363586,-10.272021293640137
2026-08-04T05:12:29.060000-04:00,9.66348648071289,-0.6001170873641968,-10.263603210449219
2026-08-04T05:12:29.064000-04:00,9.736557006835938,-0.4713952839374542,-10.207952499389648
2026-08-04T05:12:29.068000-04:00,9.685232162475586,-0.5235387086868286,-10.208770751953125
2026-08-04T05:12:29.072000-04:00,9.670501708984375,-0.6243181824684143,-10.294819831848145
2026-08-04T05:12:29.076000-04:00,9.690844535827637,-0.5657445192337036,-10.25658893585205
2026-08-04T05:12:29.080000-04:00,9.601405143737793,-0.6356588006019592,-10.237064361572266
2026-08-04T05:12:29.084000-04:00,9.527983665466309,-0.6869838237762451,-10.214967727661133
2026-08-04T05:12:29.088000-04:00,9.537102699279785,-0.663718044757843,-10.200820922851562
2026-08-04T05:12:29.092000-04:00,9.433751106262207,-0.5577943921089172,-9.991545677185059
2026-08-04T05:12:29.096000-04:00,9.381490707397461,-0.527747631072998,-9.909238815307617
2026-08-04T05:12:29.100000-04:00,9.410368919372559,-0.48788008093833923,-9.898248672485352
2026-08-04T05:12:29.104000-04:00,9.612746238708496,-0.4560796320438385,-10.068825721740723
2026-08-04T05:12:29.108000-04:00,9.737492561340332,-0.48144984245300293,-10.218942642211914
2026-08-04T05:12:29.112000-04:00,9.767422676086426,-0.4484802484512329,-10.215903282165527
2026-08-04T05:12:29.116000-04:00,9.658459663391113,-0.4408808648586273,-10.099340438842773
2026-08-04T05:12:29.120000-04:00,9.741233825683594,-0.4475449323654175,-10.1887788772583
2026-08-04T05:12:29.124000-04:00,9.907602310180664,-0.4489479064941406,-10.356550216674805
2026-08-04T05:12:29.128000-04:00,9.994935989379883,-0.407794326543808,-10.402729988098145
2026-08-04T05:12:29.132000-04:00,9.770930290222168,-0.5576774477958679,-10.328607559204102
2026-08-04T05:12:29.136000-04:00,9.585855484008789,-0.7130555510520935,-10.298911094665527
2026-08-04T05:12:29.140000-04:00,9.469176292419434,-0.8470383882522583,-10.316214561462402
2026-08-04T05:12:29.144000-04:00,9.532426834106445,-0.7929074764251709,-10.325334548950195
2026-08-04T05:12:29.148000-04:00,9.524944305419922,-0.8199144601821899,-10.34485912322998
2026-08-04T05:12:29.152000-04:00,9.550898551940918,-0.7806315422058105,-10.33152961730957
2026-08-04T05:12:29.156000-04:00,9.57463264465332,-0.7300080060958862,-10.304640769958496
2026-08-04T05:12:29.160000-04:00,9.547859191894531,-0.7326970100402832,-10.280555725097656
2026-08-04T05:12:29.164000-04:00,9.575333595275879,-0.7606393098831177,-10.335972785949707
2026-08-04T05:12:29.168000-04:00,9.596144676208496,-0.7823852300643921,-10.37852954864502
2026-08-04T05:12:29.172000-04:00,9.574748992919922,-0.8037804365158081,-10.37852954864502
2026-08-04T05:12:29.176000-04:00,9.551716804504395,-0.7570149898529053,-10.308732032775879
2026-08-04T05:12:29.180000-04:00,9.44555950164795,-0.7612239122390747,-10.206783294677734
2026-08-04T05:12:29.184000-04:00,9.445676803588867,-0.7277866005897522,-10.173463821411133
2026-08-04T05:12:29.188000-04:00,9.58094596862793,-0.7325800657272339,-10.313526153564453
2026-08-04T05:12:29.192000-04:00,9.768123626708984,-0.7481295466423035,-10.516253471374512
2026-08-04T05:12:29.196000-04:00,9.840143203735352,-0.6234997510910034,-10.463643074035645
2026-08-04T05:12:29.200000-04:00,9.776074409484863,-0.6208107471466064,-10.39688491821289
2026-08-04T05:12:29.204000-04:00,9.56071949005127,-0.7641467452049255,-10.32486629486084
2026-08-04T05:12:29.208000-04:00,9.475956916809082,-0.8159394264221191,-10.29189682006836
2026-08-04T05:12:29.212000-04:00,9.69002628326416,-0.6299300193786621,-10.319955825805664
2026-08-04T05:12:29.216000-04:00,9.807290077209473,-0.5593142509460449,-10.36660385131836
2026-08-04T05:12:29.220000-04:00,9.899768829345703,-0.4491817057132721,-10.348950386047363
2026-08-04T05:12:29.224000-04:00,9.885505676269531,-0.32408425211906433,-10.209589958190918
2026-08-04T05:12:29.228000-04:00,9.804951667785645,0.2167576551437378,-9.588193893432617
2026-08-04T05:12:29.232000-04:00,9.731179237365723,0.7533906698226929,-8.977788925170898
2026-08-04T05:12:29.236000-04:00,9.658225059509277,1.4969606399536133,-8.161264419555664
2026-08-04T05:12:29.240000-04:00,9.664071083068848,1.64181649684906,-8.022254943847656
2026-08-04T05:12:29.244000-04:00,9.624086380004883,1.5802030563354492,-8.043883323669434
2026-08-04T05:12:29.248000-04:00,9.575800895690918,0.8978958129882812,-8.677905082702637
2026-08-04T05:12:29.252000-04:00,9.551132202148438,0.47034305334091187,-9.080789566040039
2026-08-04T05:12:29.256000-04:00,9.630867958068848,0.0052611082792282104,-9.625606536865234
2026-08-04T05:12:29.260000-04:00,9.662083625793457,-0.26913490891456604,-9.931218147277832
2026-08-04T05:12:29.264000-04:00,9.730945587158203,-0.40931421518325806,-10.140259742736816
2026-08-04T05:12:29.268000-04:00,9.697742462158203,-0.42579901218414307,-10.123541831970215
2026-08-04T05:12:29.272000-04:00,9.610174179077148,-0.5126657485961914,-10.12283992767334
2026-08-04T05:12:29.276000-04:00,9.609823226928711,-0.539322018623352,-10.149145126342773
2026-08-04T05:12:29.280000-04:00,9.625372886657715,-0.554988443851471,-10.1803617477417
2026-08-04T05:12:29.284000-04:00,9.577438354492188,-0.642907440662384,-10.220345497131348
2026-08-04T05:12:29.288000-04:00,9.716798782348633,-0.5770850777626038,-10.29388427734375
2026-08-04T05:12:29.292000-04:00,9.813603401184082,-0.583164632320404,-10.396767616271973
2026-08-04T05:12:29.296000-04:00,9.719721794128418,-0.6457133293151855,-10.365434646606445
2026-08-04T05:12:29.300000-04:00,9.685232162475586,-0.6375293731689453,-10.322761535644531
2026-08-04T05:12:29.304000-04:00,9.690844535827637,-0.6806704998016357,-10.371515274047852
2026-08-04T05:12:29.308000-04:00,9.719839096069336,-0.6418551802635193,-10.3616943359375
2026-08-04T05:12:29.312000-04:00,9.677633285522461,-0.6692129373550415,-10.346846580505371
2026-08-04T05:12:29.316000-04:00,9.661148071289062,-0.6451287865638733,-10.30627727508545
2026-08-04T05:12:29.320000-04:00,9.645248413085938,-0.6835933327674866,-10.328842163085938
2026-08-04T05:12:29.324000-04:00,9.664188385009766,-0.6675761938095093,-10.331764221191406
2026-08-04T05:12:29.328000-04:00,9.707679748535156,-0.6148481965065002,-10.322527885437012
2026-08-04T05:12:29.332000-04:00,9.707212448120117,-0.6098209023475647,-10.317033767700195
2026-08-04T05:12:29.336000-04:00,9.696924209594727,-0.5837491750717163,-10.280673027038574
2026-08-04T05:12:29.340000-04:00,9.712005615234375,-0.5551053881645203,-10.267110824584961
2026-08-04T05:12:29.344000-04:00,9.70101547241211,-0.5711225271224976,-10.272137641906738
2026-08-04T05:12:29.348000-04:00,9.668163299560547,-0.5680827498435974,-10.236246109008789
2026-08-04T05:12:29.352000-04:00,9.712005615234375,-0.5418941378593445,-10.253899574279785
2026-08-04T05:12:29.356000-04:00,9.821904182434082,-0.45947012305259705,-10.281373977661133
2026-08-04T05:12:29.360000-04:00,9.794429779052734,-0.4420500099658966,-10.236479759216309
2026-08-04T05:12:29.364000-04:00,9.73784351348877,-0.45783331990242004,-10.195676803588867
2026-08-04T05:12:29.368000-04:00,9.851716995239258,-0.3764615058898926,-10.228178024291992
2026-08-04T05:12:29.372000-04:00,9.849028587341309,-0.3929463326931,-10.241974830627441
2026-08-04T05:12:29.376000-04:00,9.58948040008545,-0.5161731839179993,-10.105653762817383
2026-08-04T05:12:29.380000-04:00,9.656471252441406,-0.5014420747756958,-10.157913208007812
2026-08-04T05:12:29.384000-04:00,9.754562377929688,-0.5300858616828918,-10.284647941589355
2026-08-04T05:12:29.388000-04:00,9.791155815124512,-0.5700702667236328,-10.361226081848145
2026-08-04T05:12:29.392000-04:00,9.863174438476562,-0.44777876138687134,-10.310953140258789
2026-08-04T05:12:29.396000-04:00,9.849613189697266,-0.4041700065135956,-10.253783226013184
2026-08-04T05:12:29.400000-04:00,9.807056427001953,-0.39446619153022766,-10.201522827148438
2026-08-04T05:12:29.404000-04:00,9.829854011535645,-0.39809051156044006,-10.227944374084473
2026-08-04T05:12:29.408000-04:00,9.867851257324219,-0.34781768918037415,-10.215668678283691
2026-08-04T05:12:29.412000-04:00,9.879776954650879,-0.27954021096229553,-10.159317016601562
2026-08-04T05:12:29.416000-04:00,9.884570121765137,-0.2533515989780426,-10.137921333312988
2026-08-04T05:12:29.420000-04:00,9.868669509887695,-0.22213567793369293,-10.090805053710938
2026-08-04T05:12:29.424000-04:00,9.918357849121094,-0.19945445656776428,-10.117812156677246
2026-08-04T05:12:29.428000-04:00,10.045326232910156,-0.09049105644226074,-10.135817527770996
2026-08-04T05:12:29.432000-04:00,10.059823036193848,-0.06593922525644302,-10.125761985778809
2026-08-04T05:12:29.436000-04:00,9.975996017456055,-0.0032735783606767654,-9.979269981384277
2026-08-04T05:12:29.440000-04:00,9.86107063293457,-0.15151990950107574,-10.012590408325195
2026-08-04T05:12:29.444000-04:00,9.838272094726562,-0.2629384994506836,-10.101210594177246
2026-08-04T05:12:29.448000-04:00,9.95600414276123,-0.2279813587665558,-10.183985710144043
2026-08-04T05:12:29.452000-04:00,9.907367706298828,-0.2248246818780899,-10.132192611694336
2026-08-04T05:12:29.456000-04:00,9.883868217468262,-0.17279817163944244,-10.056666374206543
2026-08-04T05:12:29.460000-04:00,9.855341911315918,-0.19220581650733948,-10.047547340393066
2026-08-04T05:12:29.464000-04:00,9.931802749633789,-0.2055339515209198,-10.137336730957031
2026-08-04T05:12:29.468000-04:00,9.918357849121094,-0.19922062754631042,-10.117578506469727
2026-08-04T05:12:29.472000-04:00,9.955653190612793,-0.19056902825832367,-10.146222114562988
2026-08-04T05:12:29.476000-04:00,9.909939765930176,-0.22260333597660065,-10.132543563842773
2026-08-04T05:12:29.480000-04:00,9.851600646972656,-0.26796576380729675,-10.119565963745117
2026-08-04T05:12:29.484000-04:00,9.854172706604004,-0.30643031001091003,-10.160602569580078
2026-08-04T05:12:29.488000-04:00,9.816058158874512,-0.33776313066482544,-10.153820991516113
2026-08-04T05:12:29.492000-04:00,9.740766525268555,-0.4447390139102936,-10.185505867004395
2026-08-04T05:12:29.496000-04:00,9.721826553344727,-0.43772420287132263,-10.159550666809082
2026-08-04T05:12:29.500000-04:00,9.660329818725586,-0.4708107113838196,-10.13114070892334
2026-08-04T05:12:29.504000-04:00,9.637414932250977,-0.4862433075904846,-10.123658180236816
2026-08-04T05:12:29.508000-04:00,9.602458000183105,-0.5064693689346313,-10.108927726745605
2026-08-04T05:12:29.512000-04:00,9.752106666564941,-0.49606403708457947,-10.248170852661133
2026-08-04T05:12:29.516000-04:00,9.762394905090332,-0.5174592137336731,-10.279853820800781
2026-08-04T05:12:29.520000-04:00,9.754328727722168,-0.5598987936973572,-10.314227104187012
2026-08-04T05:12:29.524000-04:00,9.705925941467285,-0.5977787971496582,-10.303705215454102
2026-08-04T05:12:29.528000-04:00,9.5216703414917,-0.60666424036026,-10.128334999084473
2026-08-04T05:12:29.532000-04:00,9.526347160339355,-0.6422059535980225,-10.168553352355957
2026-08-04T05:12:29.536000-04:00,9.620813369750977,-0.5906471014022827,-10.21146011352539
2026-08-04T05:12:29.540000-04:00,9.743338584899902,-0.5657445192337036,-10.309082984924316
2026-08-04T05:12:29.544000-04:00,9.723930358886719,-0.5934529900550842,-10.317383766174316
2026-08-04T05:12:29.548000-04:00,9.67833423614502,-0.6132113933563232,-10.291545867919922
2026-08-04T05:12:29.552000-04:00,9.616954803466797,-0.6279425024986267,-10.24489688873291
2026-08-04T05:12:29.556000-04:00,9.619760513305664,-0.6140297651290894,-10.233790397644043
2026-08-04T05:12:29.560000-04:00,9.604211807250977,-0.6190570592880249,-10.223268508911133
2026-08-04T05:12:29.564000-04:00,9.623501777648926,-0.6107562184333801,-10.234257698059082
2026-08-04T05:12:29.568000-04:00,9.632153511047363,-0.6000001430511475,-10.23215389251709
2026-08-04T05:12:29.572000-04:00,9.632153511047363,-0.5945051908493042,-10.226658821105957
2026-08-04T05:12:29.576000-04:00,9.619877815246582,-0.5947390198707581,-10.214616775512695
2026-08-04T05:12:29.580000-04:00,9.634140968322754,-0.5439985990524292,-10.178139686584473
2026-08-04T05:12:29.584000-04:00,9.643961906433105,-0.5561575889587402,-10.200119018554688
2026-08-04T05:12:29.588000-04:00,9.640337944030762,-0.5777865648269653,-10.218124389648438
2026-08-04T05:12:29.592000-04:00,9.64291000366211,-0.6122760772705078,-10.255186080932617
2026-08-04T05:12:29.596000-04:00,9.621865272521973,-0.5929853320121765,-10.214850425720215
2026-08-04T05:12:29.600000-04:00,9.648405075073242,-0.545284628868103,-10.193689346313477
2026-08-04T05:12:29.604000-04:00,9.64758586883545,-0.5600157380104065,-10.207601547241211
2026-08-04T05:12:29.608000-04:00,9.596494674682617,-0.5759159922599792,-10.17241096496582
2026-08-04T05:12:29.612000-04:00,9.55241870880127,-0.5757990479469299,-10.128217697143555
2026-08-04T05:12:29.616000-04:00,9.592519760131836,-0.5606002807617188,-10.153120040893555
2026-08-04T05:12:29.620000-04:00,9.633322715759277,-0.5456353425979614,-10.17895793914795
2026-08-04T05:12:29.624000-04:00,9.611577033996582,-0.5574436187744141,-10.169020652770996
2026-08-04T05:12:29.628000-04:00,9.667461395263672,-0.5237725377082825,-10.19123363494873
2026-08-04T05:12:29.632000-04:00,9.70861530303955,-0.5317226648330688,-10.240338325500488
2026-08-04T05:12:29.636000-04:00,9.754796028137207,-0.5513641238212585,-10.306159973144531
2026-08-04T05:12:29.640000-04:00,9.73562240600586,-0.5678489208221436,-10.303471565246582
2026-08-04T05:12:29.644000-04:00,9.713408470153809,-0.5574436187744141,-10.270852088928223
2026-08-04T05:12:29.648000-04:00,9.666994094848633,-0.5739284157752991,-10.240922927856445
2026-08-04T05:12:29.652000-04:00,9.684531211853027,-0.5438816547393799,-10.228412628173828
2026-08-04T05:12:29.656000-04:00,9.674476623535156,-0.5247078537940979,-10.19918441772461
2026-08-04T05:12:29.660000-04:00,9.679387092590332,-0.5153547525405884,-10.194742202758789
2026-08-04T05:12:29.664000-04:00,9.682660102844238,-0.5128995776176453,-10.19555950164795
2026-08-04T05:12:29.668000-04:00,9.662199974060059,-0.5795403122901917,-10.241740226745605
2026-08-04T05:12:29.672000-04:00,9.672605514526367,-0.5659783482551575,-10.2385835647583
2026-08-04T05:12:29.676000-04:00,9.62268352508545,-0.5900624990463257,-10.212745666503906
2026-08-04T05:12:29.680000-04:00,9.627944946289062,-0.5934529900550842,-10.22139835357666
2026-08-04T05:12:29.684000-04:00,9.628178596496582,-0.6113407611846924,-10.239519119262695
2026-08-04T05:12:29.688000-04:00,9.668045997619629,-0.5674982070922852,-10.235544204711914
2026-08-04T05:12:29.692000-04:00,9.649223327636719,-0.5977787971496582,-10.247001647949219
2026-08-04T05:12:29.696000-04:00,9.652847290039062,-0.5867889523506165,-10.239636421203613
2026-08-04T05:12:29.700000-04:00,9.639753341674805,-0.5717070698738098,-10.21146011352539
2026-08-04T05:12:29.704000-04:00,9.61227798461914,-0.5873734951019287,-10.199651718139648
2026-08-04T05:12:29.708000-04:00,9.528450965881348,-0.642907440662384,-10.171358108520508
2026-08-04T05:12:29.712000-04:00,9.594858169555664,-0.603975236415863,-10.198833465576172
2026-08-04T05:12:29.716000-04:00,9.606432914733887,-0.5699533820152283,-10.176385879516602
2026-08-04T05:12:29.720000-04:00,9.671202659606934,-0.5790726542472839,-10.250275611877441
2026-08-04T05:12:29.724000-04:00,9.673541069030762,-0.5722916722297668,-10.245832443237305
2026-08-04T05:12:29.728000-04:00,9.736089706420898,-0.6114577054977417,-10.34754753112793
2026-08-04T05:12:29.732000-04:00,9.715864181518555,-0.6328528523445129,-10.348716735839844
2026-08-04T05:12:29.736000-04:00,9.69832706451416,-0.6132113933563232,-10.311538696289062
2026-08-04T05:12:29.740000-04:00,9.657055854797363,-0.6003509163856506,-10.257407188415527
2026-08-04T05:12:29.744000-04:00,9.684531211853027,-0.5862043499946594,-10.270735740661621
2026-08-04T05:12:29.748000-04:00,9.654133796691895,-0.6489869356155396,-10.303120613098145
2026-08-04T05:12:29.752000-04:00,9.662434577941895,-0.6059627532958984,-10.268397331237793
2026-08-04T05:12:29.756000-04:00,9.651795387268066,-0.6054950952529907,-10.257290840148926
2026-08-04T05:12:29.760000-04:00,9.662434577941895,-0.6009354591369629,-10.263370513916016
2026-08-04T05:12:29.764000-04:00,9.643728256225586,-0.6341388821601868,-10.277867317199707
2026-08-04T05:12:29.768000-04:00,9.692363739013672,-0.5966096520423889,-10.288973808288574
2026-08-04T05:12:29.772000-04:00,9.6574068069458,-0.6361264586448669,-10.293533325195312
2026-08-04T05:12:29.776000-04:00,9.626191139221191,-0.6500391364097595,-10.276229858398438
2026-08-04T05:12:29.780000-04:00,9.61414909362793,-0.6766954064369202,-10.290844917297363
2026-08-04T05:12:29.784000-04:00,9.630633354187012,-0.654481828212738,-10.285115242004395
2026-08-04T05:12:29.788000-04:00,9.665824890136719,-0.6181217432022095,-10.283946990966797
2026-08-04T05:12:29.792000-04:00,9.683128356933594,-0.5738115310668945,-10.256939888000488
2026-08-04T05:12:29.796000-04:00,9.687454223632812,-0.5636400580406189,-10.251093864440918
2026-08-04T05:12:29.800000-04:00,9.692363739013672,-0.5219019055366516,-10.214265823364258
2026-08-04T05:12:29.804000-04:00,9.661381721496582,-0.5423617959022522,-10.203743934631348
2026-08-04T05:12:29.808000-04:00,9.659043312072754,-0.5515979528427124,-10.210640907287598
2026-08-04T05:12:29.812000-04:00,9.67178726196289,-0.5477398037910461,-10.219527244567871
2026-08-04T05:12:29.816000-04:00,9.668396949768066,-0.5155885815620422,-10.183985710144043
2026-08-04T05:12:29.820000-04:00,9.67202091217041,-0.4613407254219055,-10.13336181640625
2026-08-04T05:12:29.824000-04:00,9.646066665649414,-0.42977407574653625,-10.075840950012207
2026-08-04T05:12:29.828000-04:00,9.664422035217285,-0.46823862195014954,-10.132660865783691
2026-08-04T05:12:29.832000-04:00,9.651795387268066,-0.4881139099597931,-10.139909744262695
2026-08-04T05:12:29.836000-04:00,9.669215202331543,-0.4376072883605957,-10.106822967529297
2026-08-04T05:12:29.840000-04:00,9.695520401000977,-0.38838669657707214,-10.083907127380371
2026-08-04T05:12:29.844000-04:00,9.680205345153809,-0.4481295049190521,-10.128334999084473
2026-08-04T05:12:29.848000-04:00,9.687103271484375,-0.47665640711784363,-10.163759231567383
2026-08-04T05:12:29.852000-04:00,9.670150756835938,-0.5390881896018982,-10.20923900604248
2026-08-04T05:12:29.856000-04:00,9.664655685424805,-0.5705379247665405,-10.235193252563477
2026-08-04T05:12:29.860000-04:00,9.642792701721191,-0.5736945867538452,-10.216486930847168
2026-08-04T05:12:29.864000-04:00,9.625840187072754,-0.5836322903633118,-10.20947265625
2026-08-04T05:12:29.868000-04:00,9.637648582458496,-0.6706159114837646,-10.30826473236084
2026-08-04T05:12:29.872000-04:00,9.693182945251465,-0.6549494862556458,-10.348132133483887
2026-08-04T05:12:29.876000-04:00,9.666760444641113,-0.6293454170227051,-10.296106338500977
2026-08-04T05:12:29.880000-04:00,9.648872375488281,-0.6372955441474915,-10.286168098449707
2026-08-04T05:12:29.884000-04:00,9.655770301818848,-0.6809043288230896,-10.336674690246582
2026-08-04T05:12:29.888000-04:00,9.661031723022461,-0.6851131916046143,-10.346144676208496
2026-08-04T05:12:29.892000-04:00,9.643377304077148,-0.705339252948761,-10.348716735839844
2026-08-04T05:12:29.896000-04:00,9.63297176361084,-0.6867499947547913,-10.319722175598145
2026-08-04T05:12:29.900000-04:00,9.654834747314453,-0.6665239334106445,-10.321358680725098
2026-08-04T05:12:29.904000-04:00,9.651795387268066,-0.7021825909614563,-10.353978157043457
2026-08-04T05:12:29.908000-04:00,9.640454292297363,-0.7359705567359924,-10.376424789428711
2026-08-04T05:12:29.912000-04:00,9.646651268005371,-0.7151599526405334,-10.361811637878418
2026-08-04T05:12:29.916000-04:00,9.633556365966797,-0.7003119587898254,-10.333868026733398
2026-08-04T05:12:29.920000-04:00,9.614850044250488,-0.7265005707740784,-10.341350555419922
2026-08-04T05:12:29.924000-04:00,9.641389846801758,-0.7000781297683716,-10.34146785736084
2026-08-04T05:12:29.928000-04:00,9.666292190551758,-0.6610289812088013,-10.32732105255127
2026-08-04T05:12:29.932000-04:00,9.64103889465332,-0.6701482534408569,-10.311186790466309
2026-08-04T05:12:29.936000-04:00,9.567617416381836,-0.6598598957061768,-10.227477073669434
2026-08-04T05:12:29.940000-04:00,9.627126693725586,-0.6150820255279541,-10.242208480834961
2026-08-04T05:12:29.944000-04:00,9.664655685424805,-0.6848793625831604,-10.34953498840332
2026-08-04T05:12:29.948000-04:00,9.879192352294922,-0.4892830550670624,-10.368474960327148
2026-08-04T05:12:29.952000-04:00,9.988622665405273,-0.2997662425041199,-10.288389205932617
2026-08-04T05:12:29.956000-04:00,9.939168930053711,0.2560406029224396,-9.683128356933594
2026-08-04T05:12:29.960000-04:00,9.921748161315918,0.8212005496025085,-9.100547790527344
2026-08-04T05:12:29.964000-04:00,9.885855674743652,1.5315669775009155,-8.354289054870605
2026-08-04T05:12:29.968000-04:00,9.795014381408691,1.694778323173523,-8.100235939025879
2026-08-04T05:12:29.972000-04:00,9.709900856018066,1.6261500120162964,-8.08375072479248
2026-08-04T05:12:29.976000-04:00,9.614850044250488,1.164341688156128,-8.450508117675781
2026-08-04T05:12:29.980000-04:00,9.63460922241211,0.7170305848121643,-8.91757869720459
2026-08-04T05:12:29.984000-04:00,9.682660102844238,0.13912707567214966,-9.543533325195312
2026-08-04T05:12:29.988000-04:00,9.722177505493164,-0.23733443021774292,-9.959511756896973
2026-08-04T05:12:29.992000-04:00,9.815590858459473,-0.3854638636112213,-10.201054573059082
2026-08-04T05:12:29.996000-04:00,9.803081512451172,-0.3937647044658661,-10.196846008300781
