created_at,lead_1,lead_2,lead_3
2026-07-28T19:05:15.319611+07:00,0.007,0.006,-0.001
2026-07-28T19:05:15.323611+07:00,0.006,0.006,-0.001
2026-07-28T19:05:15.327611+07:00,-0.003,-0.003,0.0
2026-07-28T19:05:15.331611+07:00,0.014,0.013,-0.001
2026-07-28T19:05:15.335611+07:00,-0.026,-0.024,0.003
2026-07-28T19:05:15.339611+07:00,0.021,0.019,-0.002
2026-07-28T19:05:15.343611+07:00,-0.035,-0.031,0.004
2026-07-28T19:05:15.347611+07:00,0.028,0.025,-0.003
2026-07-28T19:05:15.351611+07:00,-0.015,-0.013,0.002
2026-07-28T19:05:15.355611+07:00,0.01,0.009,-0.001
2026-07-28T19:05:15.359611+07:00,-0.012,-0.01,0.001
2026-07-28T19:05:15.363611+07:00,-0.007,-0.006,0.001
2026-07-28T19:05:15.367611+07:00,-0.003,-0.002,0.0
2026-07-28T19:05:15.371611+07:00,0.002,0.002,0.0
2026-07-28T19:05:15.375611+07:00,0.031,0.028,-0.003
2026-07-28T19:05:15.379611+07:00,-0.02,-0.018,0.002
2026-07-28T19:05:15.383611+07:00,-0.024,-0.021,0.003
2026-07-28T19:05:15.387611+07:00,-0.008,-0.007,0.001
2026-07-28T19:05:15.391611+07:00,0.009,0.008,-0.001
2026-07-28T19:05:15.395611+07:00,-0.016,-0.014,0.002
2026-07-28T19:05:15.399611+07:00,-0.0,-0.0,0.0
2026-07-28T19:05:15.403611+07:00,0.046,0.041,-0.004
2026-07-28T19:05:15.407611+07:00,0.011,0.011,-0.001
2026-07-28T19:05:15.411611+07:00,-0.043,-0.038,0.005
2026-07-28T19:05:15.415611+07:00,0.013,0.012,-0.001
2026-07-28T19:05:15.419611+07:00,0.02,0.018,-0.001
2026-07-28T19:05:15.423611+07:00,0.031,0.028,-0.002
2026-07-28T19:05:15.427611+07:00,-0.022,-0.019,0.003
2026-07-28T19:05:15.431611+07:00,0.006,0.007,0.0
2026-07-28T19:05:15.435611+07:00,0.0,0.002,0.002
2026-07-28T19:05:15.439611+07:00,-0.03,-0.025,0.006
2026-07-28T19:05:15.443611+07:00,0.022,0.025,0.002
2026-07-28T19:05:15.447611+07:00,0.012,0.018,0.006
2026-07-28T19:05:15.451611+07:00,0.028,0.035,0.007
2026-07-28T19:05:15.455611+07:00,0.055,0.063,0.008
2026-07-28T19:05:15.459611+07:00,0.029,0.043,0.014
2026-07-28T19:05:15.463611+07:00,0.045,0.06,0.015
2026-07-28T19:05:15.467611+07:00,0.034,0.052,0.018
2026-07-28T19:05:15.471611+07:00,0.061,0.077,0.015
2026-07-28T19:05:15.475611+07:00,0.063,0.076,0.013
2026-07-28T19:05:15.479611+07:00,0.019,0.034,0.015
2026-07-28T19:05:15.483611+07:00,0.029,0.039,0.011
2026-07-28T19:05:15.487611+07:00,0.052,0.057,0.005
2026-07-28T19:05:15.491611+07:00,0.051,0.053,0.002
2026-07-28T19:05:15.495611+07:00,-0.007,-0.002,0.005
2026-07-28T19:05:15.499611+07:00,-0.016,-0.012,0.005
2026-07-28T19:05:15.503611+07:00,0.006,0.008,0.001
2026-07-28T19:05:15.507611+07:00,0.019,0.018,-0.0
2026-07-28T19:05:15.511611+07:00,-0.022,-0.019,0.003
2026-07-28T19:05:15.515611+07:00,0.009,0.009,0.0
2026-07-28T19:05:15.519611+07:00,0.017,0.016,-0.001
2026-07-28T19:05:15.523611+07:00,0.0,0.001,0.001
2026-07-28T19:05:15.527611+07:00,0.047,0.044,-0.004
2026-07-28T19:05:15.531611+07:00,0.031,0.028,-0.003
2026-07-28T19:05:15.535611+07:00,0.03,0.023,-0.006
2026-07-28T19:05:15.539611+07:00,-0.03,-0.035,-0.004
2026-07-28T19:05:15.543611+07:00,-0.045,-0.043,0.002
2026-07-28T19:05:15.547611+07:00,0.021,0.023,0.002
2026-07-28T19:05:15.551611+07:00,0.053,0.068,0.015
2026-07-28T19:05:15.555611+07:00,0.134,0.189,0.055
2026-07-28T19:05:15.559611+07:00,0.302,0.45,0.147
2026-07-28T19:05:15.563611+07:00,0.567,0.846,0.279
2026-07-28T19:05:15.567611+07:00,0.802,1.184,0.382
2026-07-28T19:05:15.571611+07:00,0.771,1.155,0.384
2026-07-28T19:05:15.575611+07:00,0.554,0.831,0.278
2026-07-28T19:05:15.579611+07:00,0.272,0.416,0.144
2026-07-28T19:05:15.583611+07:00,0.059,0.11,0.05
2026-07-28T19:05:15.587611+07:00,-0.012,-0.012,0.0
2026-07-28T19:05:15.591611+07:00,-0.09,-0.106,-0.016
2026-07-28T19:05:15.595611+07:00,-0.133,-0.155,-0.022
2026-07-28T19:05:15.599611+07:00,-0.126,-0.152,-0.026
2026-07-28T19:05:15.603611+07:00,-0.166,-0.185,-0.019
2026-07-28T19:05:15.607611+07:00,-0.091,-0.111,-0.02
2026-07-28T19:05:15.611611+07:00,-0.101,-0.111,-0.01
2026-07-28T19:05:15.615611+07:00,-0.019,-0.028,-0.01
2026-07-28T19:05:15.619611+07:00,-0.008,-0.013,-0.005
2026-07-28T19:05:15.623611+07:00,0.017,0.014,-0.003
2026-07-28T19:05:15.627611+07:00,0.062,0.056,-0.006
2026-07-28T19:05:15.631611+07:00,0.02,0.019,-0.001
2026-07-28T19:05:15.635611+07:00,0.014,0.014,-0.0
2026-07-28T19:05:15.639611+07:00,-0.008,-0.005,0.002
2026-07-28T19:05:15.643611+07:00,0.018,0.018,-0.0
2026-07-28T19:05:15.647611+07:00,-0.005,-0.003,0.002
2026-07-28T19:05:15.651611+07:00,-0.005,-0.003,0.002
2026-07-28T19:05:15.655611+07:00,-0.003,-0.001,0.002
2026-07-28T19:05:15.659611+07:00,0.065,0.06,-0.005
2026-07-28T19:05:15.663611+07:00,0.032,0.03,-0.002
2026-07-28T19:05:15.667611+07:00,0.009,0.01,0.001
2026-07-28T19:05:15.671611+07:00,-0.01,-0.007,0.003
2026-07-28T19:05:15.675611+07:00,0.023,0.023,-0.001
2026-07-28T19:05:15.679611+07:00,0.031,0.03,-0.001
2026-07-28T19:05:15.683611+07:00,0.018,0.018,0.0
2026-07-28T19:05:15.687611+07:00,0.08,0.074,-0.006
2026-07-28T19:05:15.691611+07:00,0.023,0.023,0.0
2026-07-28T19:05:15.695611+07:00,0.035,0.034,-0.001
2026-07-28T19:05:15.699611+07:00,0.042,0.041,-0.001
2026-07-28T19:05:15.703611+07:00,0.015,0.017,0.002
2026-07-28T19:05:15.707611+07:00,0.044,0.045,0.0
2026-07-28T19:05:15.711611+07:00,0.049,0.049,0.001
2026-07-28T19:05:15.715611+07:00,0.025,0.029,0.004
2026-07-28T19:05:15.719611+07:00,0.041,0.045,0.004
2026-07-28T19:05:15.723611+07:00,0.045,0.051,0.005
2026-07-28T19:05:15.727611+07:00,0.067,0.072,0.005
2026-07-28T19:05:15.731611+07:00,0.033,0.044,0.011
2026-07-28T19:05:15.735611+07:00,0.052,0.063,0.011
2026-07-28T19:05:15.739611+07:00,0.078,0.089,0.011
2026-07-28T19:05:15.743611+07:00,0.102,0.113,0.011
2026-07-28T19:05:15.747611+07:00,0.095,0.109,0.015
2026-07-28T19:05:15.751611+07:00,0.079,0.098,0.019
2026-07-28T19:05:15.755611+07:00,0.081,0.102,0.02
2026-07-28T19:05:15.759611+07:00,0.121,0.139,0.018
2026-07-28T19:05:15.763611+07:00,0.142,0.16,0.017
2026-07-28T19:05:15.767611+07:00,0.124,0.144,0.02
2026-07-28T19:05:15.771611+07:00,0.106,0.128,0.021
2026-07-28T19:05:15.775611+07:00,0.123,0.142,0.019
2026-07-28T19:05:15.779611+07:00,0.111,0.131,0.019
2026-07-28T19:05:15.783611+07:00,0.107,0.125,0.018
2026-07-28T19:05:15.787611+07:00,0.102,0.119,0.016
2026-07-28T19:05:15.791611+07:00,0.071,0.088,0.017
2026-07-28T19:05:15.795611+07:00,0.098,0.11,0.012
2026-07-28T19:05:15.799611+07:00,0.083,0.094,0.011
2026-07-28T19:05:15.803611+07:00,0.088,0.096,0.008
2026-07-28T19:05:15.807611+07:00,0.093,0.098,0.005
2026-07-28T19:05:15.811611+07:00,0.043,0.051,0.008
2026-07-28T19:05:15.815611+07:00,0.04,0.046,0.006
2026-07-28T19:05:15.819611+07:00,0.083,0.083,0.0
2026-07-28T19:05:15.823611+07:00,0.059,0.06,0.001
2026-07-28T19:05:15.827611+07:00,0.052,0.053,0.001
2026-07-28T19:05:15.831611+07:00,0.038,0.039,0.001
2026-07-28T19:05:15.835611+07:00,0.013,0.016,0.003
2026-07-28T19:05:15.839611+07:00,0.028,0.029,0.001
2026-07-28T19:05:15.843611+07:00,0.022,0.023,0.001
2026-07-28T19:05:15.847611+07:00,0.022,0.023,0.001
2026-07-28T19:05:15.851611+07:00,0.024,0.025,0.0
2026-07-28T19:05:15.855611+07:00,0.06,0.057,-0.003
2026-07-28T19:05:15.859611+07:00,0.015,0.017,0.001
2026-07-28T19:05:15.863611+07:00,-0.001,0.001,0.003
2026-07-28T19:05:15.867611+07:00,0.01,0.012,0.002
2026-07-28T19:05:15.871611+07:00,0.028,0.027,-0.0
2026-07-28T19:05:15.875611+07:00,0.036,0.035,-0.001
2026-07-28T19:05:15.879611+07:00,0.006,0.008,0.002
2026-07-28T19:05:15.883611+07:00,0.015,0.016,0.001
2026-07-28T19:05:15.887611+07:00,0.014,0.015,0.001
2026-07-28T19:05:15.891611+07:00,0.021,0.021,0.0
2026-07-28T19:05:15.895611+07:00,0.045,0.043,-0.002
2026-07-28T19:05:15.899611+07:00,-0.003,0.0,0.003
2026-07-28T19:05:15.903611+07:00,0.022,0.023,0.0
2026-07-28T19:05:15.907611+07:00,0.024,0.024,0.0
2026-07-28T19:05:15.911611+07:00,0.045,0.043,-0.002
2026-07-28T19:05:15.915611+07:00,0.021,0.021,0.001
2026-07-28T19:05:15.919611+07:00,0.085,0.08,-0.006
2026-07-28T19:05:15.923611+07:00,0.032,0.031,-0.0
2026-07-28T19:05:15.927611+07:00,0.023,0.023,0.0
2026-07-28T19:05:15.931611+07:00,-0.021,-0.016,0.005
2026-07-28T19:05:15.935611+07:00,0.009,0.011,0.002
2026-07-28T19:05:15.939611+07:00,0.04,0.038,-0.001
2026-07-28T19:05:15.943611+07:00,0.045,0.043,-0.002
2026-07-28T19:05:15.947611+07:00,0.05,0.048,-0.002
2026-07-28T19:05:15.951611+07:00,0.024,0.025,0.0
2026-07-28T19:05:15.955611+07:00,0.066,0.062,-0.004
2026-07-28T19:05:15.959611+07:00,0.018,0.019,0.001
2026-07-28T19:05:15.963611+07:00,0.02,0.021,0.001
2026-07-28T19:05:15.967611+07:00,0.051,0.049,-0.002
2026-07-28T19:05:15.971611+07:00,0.079,0.074,-0.005
2026-07-28T19:05:15.975611+07:00,0.018,0.019,0.001
2026-07-28T19:05:15.979611+07:00,0.07,0.066,-0.004
2026-07-28T19:05:15.983611+07:00,0.041,0.04,-0.001
2026-07-28T19:05:15.987611+07:00,-0.005,-0.001,0.003
2026-07-28T19:05:15.991611+07:00,0.012,0.014,0.002
2026-07-28T19:05:15.995611+07:00,0.045,0.043,-0.002
2026-07-28T19:05:15.999611+07:00,0.026,0.026,0.0
2026-07-28T19:05:16.003611+07:00,0.05,0.048,-0.002
2026-07-28T19:05:16.007611+07:00,0.008,0.01,0.002
2026-07-28T19:05:16.011611+07:00,0.032,0.032,-0.0
2026-07-28T19:05:16.015611+07:00,0.036,0.035,-0.001
2026-07-28T19:05:16.019611+07:00,0.04,0.039,-0.001
2026-07-28T19:05:16.023611+07:00,0.042,0.041,-0.001
2026-07-28T19:05:16.027611+07:00,0.042,0.041,-0.001
2026-07-28T19:05:16.031611+07:00,0.056,0.054,-0.003
2026-07-28T19:05:16.035611+07:00,0.03,0.03,0.0
2026-07-28T19:05:16.039611+07:00,0.007,0.009,0.002
2026-07-28T19:05:16.043611+07:00,0.025,0.025,0.001
2026-07-28T19:05:16.047611+07:00,0.017,0.018,0.001
2026-07-28T19:05:16.051611+07:00,0.021,0.022,0.001
2026-07-28T19:05:16.055611+07:00,0.009,0.011,0.002
2026-07-28T19:05:16.059611+07:00,0.033,0.032,-0.0
2026-07-28T19:05:16.063611+07:00,0.023,0.024,0.001
2026-07-28T19:05:16.067611+07:00,0.044,0.043,-0.001
2026-07-28T19:05:16.071611+07:00,0.038,0.037,-0.001
2026-07-28T19:05:16.075611+07:00,0.025,0.025,0.001
2026-07-28T19:05:16.079611+07:00,0.053,0.051,-0.002
2026-07-28T19:05:16.083611+07:00,0.074,0.07,-0.004
2026-07-28T19:05:16.087611+07:00,0.031,0.032,0.0
2026-07-28T19:05:16.091611+07:00,0.033,0.033,0.0
2026-07-28T19:05:16.095611+07:00,0.048,0.046,-0.001
2026-07-28T19:05:16.099611+07:00,0.068,0.064,-0.003
2026-07-28T19:05:16.103611+07:00,0.003,0.006,0.003
2026-07-28T19:05:16.107611+07:00,0.084,0.079,-0.005
2026-07-28T19:05:16.111611+07:00,-0.041,-0.033,0.007
2026-07-28T19:05:16.115611+07:00,0.045,0.044,-0.001
2026-07-28T19:05:16.119611+07:00,0.04,0.039,-0.001
2026-07-28T19:05:16.123611+07:00,0.019,0.02,0.002
2026-07-28T19:05:16.127611+07:00,0.029,0.029,0.001
2026-07-28T19:05:16.131611+07:00,0.035,0.035,0.0
2026-07-28T19:05:16.135611+07:00,0.032,0.033,0.0
2026-07-28T19:05:16.139611+07:00,0.027,0.027,0.001
2026-07-28T19:05:16.143611+07:00,0.071,0.067,-0.004
2026-07-28T19:05:16.147611+07:00,0.021,0.023,0.001
2026-07-28T19:05:16.151611+07:00,0.046,0.045,-0.001
2026-07-28T19:05:16.155611+07:00,0.025,0.026,0.001
2026-07-28T19:05:16.159611+07:00,0.03,0.03,0.001
2026-07-28T19:05:16.163611+07:00,0.028,0.029,0.001
2026-07-28T19:05:16.167611+07:00,0.028,0.028,0.001
2026-07-28T19:05:16.171611+07:00,0.046,0.045,-0.001
2026-07-28T19:05:16.175611+07:00,0.07,0.067,-0.003
2026-07-28T19:05:16.179611+07:00,0.04,0.04,-0.0
2026-07-28T19:05:16.183611+07:00,0.046,0.045,-0.001
2026-07-28T19:05:16.187611+07:00,0.053,0.051,-0.002
2026-07-28T19:05:16.191611+07:00,0.023,0.025,0.001
2026-07-28T19:05:16.195611+07:00,0.01,0.012,0.003
2026-07-28T19:05:16.199611+07:00,0.017,0.019,0.002
2026-07-28T19:05:16.203611+07:00,0.017,0.019,0.002
2026-07-28T19:05:16.207611+07:00,0.061,0.059,-0.002
2026-07-28T19:05:16.211611+07:00,0.033,0.033,0.0
2026-07-28T19:05:16.215611+07:00,0.082,0.077,-0.004
2026-07-28T19:05:16.219611+07:00,0.069,0.066,-0.003
2026-07-28T19:05:16.223611+07:00,0.01,0.013,0.003
2026-07-28T19:05:16.227611+07:00,0.059,0.057,-0.002
2026-07-28T19:05:16.231611+07:00,-0.004,0.001,0.005
2026-07-28T19:05:16.235611+07:00,0.041,0.042,0.001
2026-07-28T19:05:16.239611+07:00,0.047,0.048,0.001
2026-07-28T19:05:16.243611+07:00,0.074,0.074,0.0
2026-07-28T19:05:16.247611+07:00,0.025,0.033,0.007
2026-07-28T19:05:16.251611+07:00,0.095,0.099,0.004
2026-07-28T19:05:16.255611+07:00,0.072,0.082,0.009
2026-07-28T19:05:16.259611+07:00,0.057,0.071,0.014
2026-07-28T19:05:16.263611+07:00,0.121,0.132,0.011
2026-07-28T19:05:16.267611+07:00,0.092,0.107,0.015
2026-07-28T19:05:16.271611+07:00,0.09,0.106,0.015
2026-07-28T19:05:16.275611+07:00,0.089,0.103,0.014
2026-07-28T19:05:16.279611+07:00,0.057,0.071,0.014
2026-07-28T19:05:16.283611+07:00,0.079,0.088,0.009
2026-07-28T19:05:16.287611+07:00,0.055,0.063,0.008
2026-07-28T19:05:16.291611+07:00,0.092,0.093,0.001
2026-07-28T19:05:16.295611+07:00,0.051,0.053,0.003
2026-07-28T19:05:16.299611+07:00,0.069,0.068,-0.001
2026-07-28T19:05:16.303611+07:00,0.059,0.059,-0.001
2026-07-28T19:05:16.307611+07:00,0.059,0.058,-0.001
2026-07-28T19:05:16.311611+07:00,0.051,0.05,-0.001
2026-07-28T19:05:16.315611+07:00,0.031,0.032,0.001
2026-07-28T19:05:16.319611+07:00,0.039,0.039,0.0
2026-07-28T19:05:16.323611+07:00,0.074,0.071,-0.003
2026-07-28T19:05:16.327611+07:00,0.034,0.035,0.001
2026-07-28T19:05:16.331611+07:00,0.054,0.052,-0.002
2026-07-28T19:05:16.335611+07:00,0.009,0.008,-0.001
2026-07-28T19:05:16.339611+07:00,-0.001,-0.006,-0.004
2026-07-28T19:05:16.343611+07:00,0.061,0.055,-0.006
2026-07-28T19:05:16.347611+07:00,0.044,0.047,0.003
2026-07-28T19:05:16.351611+07:00,0.059,0.076,0.017
2026-07-28T19:05:16.355611+07:00,0.139,0.197,0.058
2026-07-28T19:05:16.359611+07:00,0.321,0.469,0.149
2026-07-28T19:05:16.363611+07:00,0.622,0.899,0.277
2026-07-28T19:05:16.367611+07:00,0.778,1.165,0.387
2026-07-28T19:05:16.371611+07:00,0.809,1.193,0.383
2026-07-28T19:05:16.375611+07:00,0.554,0.835,0.281
2026-07-28T19:05:16.379611+07:00,0.346,0.485,0.139
2026-07-28T19:05:16.383611+07:00,0.085,0.135,0.051
2026-07-28T19:05:16.387611+07:00,-0.028,-0.023,0.005
2026-07-28T19:05:16.391611+07:00,-0.054,-0.071,-0.017
2026-07-28T19:05:16.395611+07:00,-0.107,-0.129,-0.022
2026-07-28T19:05:16.399611+07:00,-0.091,-0.117,-0.027
2026-07-28T19:05:16.403611+07:00,-0.095,-0.119,-0.023
2026-07-28T19:05:16.407611+07:00,-0.048,-0.069,-0.021
2026-07-28T19:05:16.411611+07:00,-0.008,-0.024,-0.016
2026-07-28T19:05:16.415611+07:00,0.009,-0.0,-0.009
2026-07-28T19:05:16.419611+07:00,0.022,0.017,-0.005
2026-07-28T19:05:16.423611+07:00,-0.003,-0.001,0.002
2026-07-28T19:05:16.427611+07:00,-0.007,-0.003,0.004
2026-07-28T19:05:16.431611+07:00,0.01,0.013,0.003
2026-07-28T19:05:16.435611+07:00,0.058,0.057,-0.002
2026-07-28T19:05:16.439611+07:00,0.055,0.054,-0.001
2026-07-28T19:05:16.443611+07:00,0.07,0.068,-0.003
2026-07-28T19:05:16.447611+07:00,0.044,0.044,-0.0
2026-07-28T19:05:16.451611+07:00,0.064,0.062,-0.002
2026-07-28T19:05:16.455611+07:00,0.044,0.044,0.0
2026-07-28T19:05:16.459611+07:00,0.05,0.049,-0.001
2026-07-28T19:05:16.463611+07:00,0.047,0.047,-0.0
2026-07-28T19:05:16.467611+07:00,0.046,0.046,-0.0
2026-07-28T19:05:16.471611+07:00,0.054,0.053,-0.001
2026-07-28T19:05:16.475611+07:00,0.08,0.076,-0.003
2026-07-28T19:05:16.479611+07:00,0.045,0.046,0.0
2026-07-28T19:05:16.483611+07:00,0.034,0.035,0.001
2026-07-28T19:05:16.487611+07:00,0.078,0.075,-0.003
2026-07-28T19:05:16.491611+07:00,0.024,0.027,0.003
2026-07-28T19:05:16.495611+07:00,0.063,0.062,-0.001
2026-07-28T19:05:16.499611+07:00,0.028,0.031,0.003
2026-07-28T19:05:16.503611+07:00,0.056,0.057,0.001
2026-07-28T19:05:16.507611+07:00,0.079,0.079,-0.001
2026-07-28T19:05:16.511611+07:00,0.083,0.082,-0.0
2026-07-28T19:05:16.515611+07:00,0.073,0.075,0.002
2026-07-28T19:05:16.519611+07:00,0.04,0.046,0.007
2026-07-28T19:05:16.523611+07:00,0.123,0.123,0.0
2026-07-28T19:05:16.527611+07:00,0.091,0.097,0.005
2026-07-28T19:05:16.531611+07:00,0.084,0.092,0.008
2026-07-28T19:05:16.535611+07:00,0.116,0.124,0.008
2026-07-28T19:05:16.539611+07:00,0.126,0.135,0.009
2026-07-28T19:05:16.543611+07:00,0.113,0.126,0.013
2026-07-28T19:05:16.547611+07:00,0.118,0.133,0.015
2026-07-28T19:05:16.551611+07:00,0.088,0.108,0.02
2026-07-28T19:05:16.555611+07:00,0.133,0.151,0.018
2026-07-28T19:05:16.559611+07:00,0.148,0.166,0.018
2026-07-28T19:05:16.563611+07:00,0.123,0.144,0.022
2026-07-28T19:05:16.567611+07:00,0.163,0.182,0.018
2026-07-28T19:05:16.571611+07:00,0.17,0.188,0.018
2026-07-28T19:05:16.575611+07:00,0.138,0.158,0.02
2026-07-28T19:05:16.579611+07:00,0.136,0.155,0.019
2026-07-28T19:05:16.583611+07:00,0.168,0.182,0.014
2026-07-28T19:05:16.587611+07:00,0.144,0.159,0.015
2026-07-28T19:05:16.591611+07:00,0.076,0.095,0.019
2026-07-28T19:05:16.595611+07:00,0.11,0.124,0.013
2026-07-28T19:05:16.599611+07:00,0.139,0.146,0.008
2026-07-28T19:05:16.603611+07:00,0.102,0.111,0.009
2026-07-28T19:05:16.607611+07:00,0.096,0.104,0.007
2026-07-28T19:05:16.611611+07:00,0.047,0.057,0.01
2026-07-28T19:05:16.615611+07:00,0.102,0.105,0.002
2026-07-28T19:05:16.619611+07:00,0.083,0.085,0.003
2026-07-28T19:05:16.623611+07:00,0.033,0.039,0.006
2026-07-28T19:05:16.627611+07:00,0.053,0.056,0.003
2026-07-28T19:05:16.631611+07:00,0.03,0.034,0.004
2026-07-28T19:05:16.635611+07:00,0.065,0.065,0.0
2026-07-28T19:05:16.639611+07:00,0.052,0.053,0.001
2026-07-28T19:05:16.643611+07:00,0.054,0.054,0.0
2026-07-28T19:05:16.647611+07:00,0.079,0.076,-0.002
2026-07-28T19:05:16.651611+07:00,0.066,0.064,-0.001
2026-07-28T19:05:16.655611+07:00,0.067,0.066,-0.002
2026-07-28T19:05:16.659611+07:00,0.023,0.026,0.003
2026-07-28T19:05:16.663611+07:00,0.045,0.045,0.0
2026-07-28T19:05:16.667611+07:00,0.045,0.045,0.0
2026-07-28T19:05:16.671611+07:00,0.046,0.046,0.0
2026-07-28T19:05:16.675611+07:00,0.059,0.058,-0.001
2026-07-28T19:05:16.679611+07:00,0.039,0.039,0.001
2026-07-28T19:05:16.683611+07:00,0.012,0.016,0.004
2026-07-28T19:05:16.687611+07:00,0.007,0.011,0.004
2026-07-28T19:05:16.691611+07:00,0.044,0.044,0.0
2026-07-28T19:05:16.695611+07:00,0.063,0.062,-0.002
2026-07-28T19:05:16.699611+07:00,0.079,0.076,-0.003
2026-07-28T19:05:16.703611+07:00,0.029,0.031,0.002
2026-07-28T19:05:16.707611+07:00,0.041,0.042,0.001
2026-07-28T19:05:16.711611+07:00,0.062,0.061,-0.001
2026-07-28T19:05:16.715611+07:00,0.103,0.097,-0.005
2026-07-28T19:05:16.719611+07:00,-0.004,0.001,0.005
2026-07-28T19:05:16.723611+07:00,0.062,0.06,-0.001
2026-07-28T19:05:16.727611+07:00,0.047,0.047,0.0
2026-07-28T19:05:16.731611+07:00,0.013,0.017,0.004
2026-07-28T19:05:16.735611+07:00,0.073,0.07,-0.002
2026-07-28T19:05:16.739611+07:00,0.034,0.036,0.001
2026-07-28T19:05:16.743611+07:00,0.042,0.043,0.001
2026-07-28T19:05:16.747611+07:00,0.084,0.08,-0.003
2026-07-28T19:05:16.751611+07:00,0.045,0.045,0.0
2026-07-28T19:05:16.755611+07:00,-0.006,-0.0,0.005
2026-07-28T19:05:16.759611+07:00,0.037,0.038,0.001
2026-07-28T19:05:16.763611+07:00,0.067,0.065,-0.002
2026-07-28T19:05:16.767611+07:00,0.052,0.052,-0.0
2026-07-28T19:05:16.771611+07:00,0.056,0.056,-0.001
2026-07-28T19:05:16.775611+07:00,0.061,0.059,-0.001
2026-07-28T19:05:16.779611+07:00,0.04,0.041,0.001
2026-07-28T19:05:16.783611+07:00,0.049,0.049,-0.0
2026-07-28T19:05:16.787611+07:00,0.009,0.013,0.004
2026-07-28T19:05:16.791611+07:00,0.039,0.04,0.001
2026-07-28T19:05:16.795611+07:00,0.046,0.046,0.0
2026-07-28T19:05:16.799611+07:00,0.044,0.045,0.001
2026-07-28T19:05:16.803611+07:00,0.072,0.07,-0.002
2026-07-28T19:05:16.807611+07:00,0.049,0.049,-0.0
2026-07-28T19:05:16.811611+07:00,0.037,0.038,0.001
2026-07-28T19:05:16.815611+07:00,0.039,0.04,0.001
2026-07-28T19:05:16.819611+07:00,0.049,0.049,0.0
2026-07-28T19:05:16.823611+07:00,0.076,0.073,-0.003
2026-07-28T19:05:16.827611+07:00,0.06,0.059,-0.001
2026-07-28T19:05:16.831611+07:00,0.053,0.053,-0.0
2026-07-28T19:05:16.835611+07:00,0.093,0.089,-0.004
2026-07-28T19:05:16.839611+07:00,0.05,0.05,-0.0
2026-07-28T19:05:16.843611+07:00,0.041,0.042,0.001
2026-07-28T19:05:16.847611+07:00,0.01,0.014,0.004
2026-07-28T19:05:16.851611+07:00,0.037,0.038,0.001
2026-07-28T19:05:16.855611+07:00,0.051,0.051,-0.0
2026-07-28T19:05:16.859611+07:00,0.033,0.034,0.002
2026-07-28T19:05:16.863611+07:00,0.053,0.052,-0.0
2026-07-28T19:05:16.867611+07:00,0.055,0.054,-0.001
2026-07-28T19:05:16.871611+07:00,0.093,0.089,-0.004
2026-07-28T19:05:16.875611+07:00,0.052,0.052,-0.0
2026-07-28T19:05:16.879611+07:00,0.015,0.018,0.003
2026-07-28T19:05:16.883611+07:00,0.077,0.075,-0.003
2026-07-28T19:05:16.887611+07:00,0.08,0.077,-0.003
2026-07-28T19:05:16.891611+07:00,0.038,0.039,0.001
2026-07-28T19:05:16.895611+07:00,0.028,0.03,0.002
2026-07-28T19:05:16.899611+07:00,0.027,0.03,0.002
2026-07-28T19:05:16.903611+07:00,0.053,0.053,-0.0
2026-07-28T19:05:16.907611+07:00,0.022,0.025,0.003
2026-07-28T19:05:16.911611+07:00,0.055,0.054,-0.001
2026-07-28T19:05:16.915611+07:00,0.042,0.042,0.001
2026-07-28T19:05:16.919611+07:00,0.035,0.037,0.001
2026-07-28T19:05:16.923611+07:00,0.041,0.042,0.001
2026-07-28T19:05:16.927611+07:00,0.067,0.065,-0.002
2026-07-28T19:05:16.931611+07:00,0.039,0.04,0.001
2026-07-28T19:05:16.935611+07:00,0.064,0.063,-0.001
2026-07-28T19:05:16.939611+07:00,0.076,0.074,-0.003
2026-07-28T19:05:16.943611+07:00,0.069,0.067,-0.002
2026-07-28T19:05:16.947611+07:00,0.057,0.057,-0.001
2026-07-28T19:05:16.951611+07:00,0.041,0.042,0.001
2026-07-28T19:05:16.955611+07:00,0.05,0.05,-0.0
2026-07-28T19:05:16.959611+07:00,0.04,0.041,0.001
2026-07-28T19:05:16.963611+07:00,0.04,0.041,0.001
2026-07-28T19:05:16.967611+07:00,0.066,0.064,-0.002
2026-07-28T19:05:16.971611+07:00,0.04,0.041,0.001
2026-07-28T19:05:16.975611+07:00,0.052,0.052,-0.0
2026-07-28T19:05:16.979611+07:00,0.069,0.067,-0.002
2026-07-28T19:05:16.983611+07:00,0.033,0.035,0.002
2026-07-28T19:05:16.987611+07:00,0.035,0.036,0.002
2026-07-28T19:05:16.991611+07:00,0.048,0.048,0.0
2026-07-28T19:05:16.995611+07:00,0.043,0.043,0.001
2026-07-28T19:05:16.999611+07:00,0.051,0.051,-0.0
2026-07-28T19:05:17.003611+07:00,0.065,0.064,-0.002
2026-07-28T19:05:17.007611+07:00,0.04,0.041,0.001
2026-07-28T19:05:17.011611+07:00,0.057,0.056,-0.001
2026-07-28T19:05:17.015611+07:00,0.037,0.038,0.001
2026-07-28T19:05:17.019611+07:00,0.033,0.035,0.002
2026-07-28T19:05:17.023611+07:00,0.064,0.062,-0.001
2026-07-28T19:05:17.027611+07:00,0.053,0.053,-0.0
2026-07-28T19:05:17.031611+07:00,0.051,0.052,0.0
2026-07-28T19:05:17.035611+07:00,0.073,0.072,-0.001
2026-07-28T19:05:17.039611+07:00,0.039,0.042,0.003
2026-07-28T19:05:17.043611+07:00,0.093,0.093,-0.001
2026-07-28T19:05:17.047611+07:00,0.046,0.052,0.007
2026-07-28T19:05:17.051611+07:00,0.081,0.087,0.006
2026-07-28T19:05:17.055611+07:00,0.084,0.093,0.009
2026-07-28T19:05:17.059611+07:00,0.065,0.08,0.015
2026-07-28T19:05:17.063611+07:00,0.138,0.148,0.01
2026-07-28T19:05:17.067611+07:00,0.129,0.142,0.013
2026-07-28T19:05:17.071611+07:00,0.085,0.102,0.017
2026-07-28T19:05:17.075611+07:00,0.124,0.135,0.012
2026-07-28T19:05:17.079611+07:00,0.074,0.088,0.014
2026-07-28T19:05:17.083611+07:00,0.096,0.104,0.008
2026-07-28T19:05:17.087611+07:00,0.038,0.048,0.01
2026-07-28T19:05:17.091611+07:00,0.049,0.055,0.006
2026-07-28T19:05:17.095611+07:00,0.028,0.034,0.006
2026-07-28T19:05:17.099611+07:00,0.057,0.058,0.001
2026-07-28T19:05:17.103611+07:00,0.061,0.061,0.0
2026-07-28T19:05:17.107611+07:00,0.047,0.048,0.001
2026-07-28T19:05:17.111611+07:00,0.022,0.025,0.003
2026-07-28T19:05:17.115611+07:00,0.012,0.016,0.004
2026-07-28T19:05:17.119611+07:00,0.032,0.034,0.002
2026-07-28T19:05:17.123611+07:00,0.029,0.031,0.002
2026-07-28T19:05:17.127611+07:00,0.066,0.064,-0.002
2026-07-28T19:05:17.131611+07:00,0.032,0.034,0.001
2026-07-28T19:05:17.135611+07:00,0.06,0.054,-0.005
2026-07-28T19:05:17.139611+07:00,0.009,0.004,-0.004
2026-07-28T19:05:17.143611+07:00,0.003,0.004,0.001
2026-07-28T19:05:17.147611+07:00,0.064,0.066,0.002
2026-07-28T19:05:17.151611+07:00,0.072,0.088,0.017
2026-07-28T19:05:17.155611+07:00,0.196,0.249,0.053
2026-07-28T19:05:17.159611+07:00,0.321,0.47,0.149
2026-07-28T19:05:17.163611+07:00,0.615,0.893,0.278
2026-07-28T19:05:17.167611+07:00,0.829,1.212,0.383
2026-07-28T19:05:17.171611+07:00,0.83,1.212,0.382
2026-07-28T19:05:17.175611+07:00,0.582,0.861,0.279
2026-07-28T19:05:17.179611+07:00,0.322,0.465,0.142
2026-07-28T19:05:17.183611+07:00,0.121,0.168,0.048
2026-07-28T19:05:17.187611+07:00,-0.031,-0.025,0.006
2026-07-28T19:05:17.191611+07:00,-0.05,-0.067,-0.016
2026-07-28T19:05:17.195611+07:00,-0.077,-0.101,-0.024
2026-07-28T19:05:17.199611+07:00,-0.083,-0.11,-0.027
2026-07-28T19:05:17.203611+07:00,-0.116,-0.137,-0.021
2026-07-28T19:05:17.207611+07:00,-0.068,-0.087,-0.018
2026-07-28T19:05:17.211611+07:00,-0.017,-0.032,-0.014
2026-07-28T19:05:17.215611+07:00,0.029,0.018,-0.011
2026-07-28T19:05:17.219611+07:00,0.027,0.022,-0.005
2026-07-28T19:05:17.223611+07:00,0.023,0.022,-0.0
2026-07-28T19:05:17.227611+07:00,0.064,0.061,-0.003
2026-07-28T19:05:17.231611+07:00,0.033,0.035,0.001
2026-07-28T19:05:17.235611+07:00,0.04,0.041,0.001
2026-07-28T19:05:17.239611+07:00,0.014,0.018,0.003
2026-07-28T19:05:17.243611+07:00,0.045,0.045,0.0
2026-07-28T19:05:17.247611+07:00,0.036,0.037,0.001
2026-07-28T19:05:17.251611+07:00,0.044,0.045,0.0
2026-07-28T19:05:17.255611+07:00,0.048,0.048,0.0
2026-07-28T19:05:17.259611+07:00,0.034,0.035,0.001
2026-07-28T19:05:17.263611+07:00,0.06,0.059,-0.001
2026-07-28T19:05:17.267611+07:00,0.096,0.092,-0.005
2026-07-28T19:05:17.271611+07:00,0.088,0.084,-0.004
2026-07-28T19:05:17.275611+07:00,0.071,0.069,-0.002
2026-07-28T19:05:17.279611+07:00,0.044,0.044,0.001
2026-07-28T19:05:17.283611+07:00,0.075,0.073,-0.002
2026-07-28T19:05:17.287611+07:00,-0.011,-0.005,0.006
2026-07-28T19:05:17.291611+07:00,0.046,0.047,0.001
2026-07-28T19:05:17.295611+07:00,0.093,0.089,-0.004
2026-07-28T19:05:17.299611+07:00,0.045,0.047,0.002
2026-07-28T19:05:17.303611+07:00,0.056,0.057,0.001
2026-07-28T19:05:17.307611+07:00,0.061,0.062,0.001
2026-07-28T19:05:17.311611+07:00,0.051,0.054,0.003
2026-07-28T19:05:17.315611+07:00,0.093,0.093,0.0
2026-07-28T19:05:17.319611+07:00,0.037,0.044,0.007
2026-07-28T19:05:17.323611+07:00,0.066,0.072,0.006
2026-07-28T19:05:17.327611+07:00,0.076,0.083,0.007
2026-07-28T19:05:17.331611+07:00,0.079,0.088,0.009
2026-07-28T19:05:17.335611+07:00,0.063,0.076,0.013
2026-07-28T19:05:17.339611+07:00,0.128,0.137,0.009
2026-07-28T19:05:17.343611+07:00,0.109,0.122,0.013
2026-07-28T19:05:17.347611+07:00,0.134,0.147,0.014
2026-07-28T19:05:17.351611+07:00,0.105,0.124,0.019
2026-07-28T19:05:17.355611+07:00,0.141,0.158,0.017
2026-07-28T19:05:17.359611+07:00,0.158,0.175,0.017
2026-07-28T19:05:17.363611+07:00,0.142,0.161,0.02
2026-07-28T19:05:17.367611+07:00,0.159,0.178,0.019
2026-07-28T19:05:17.371611+07:00,0.149,0.169,0.02
2026-07-28T19:05:17.375611+07:00,0.153,0.172,0.019
2026-07-28T19:05:17.379611+07:00,0.177,0.192,0.015
2026-07-28T19:05:17.383611+07:00,0.125,0.144,0.019
2026-07-28T19:05:17.387611+07:00,0.171,0.183,0.012
2026-07-28T19:05:17.391611+07:00,0.148,0.16,0.012
2026-07-28T19:05:17.395611+07:00,0.095,0.11,0.015
2026-07-28T19:05:17.399611+07:00,0.092,0.105,0.013
2026-07-28T19:05:17.403611+07:00,0.084,0.094,0.011
2026-07-28T19:05:17.407611+07:00,0.115,0.12,0.005
2026-07-28T19:05:17.411611+07:00,0.087,0.093,0.006
2026-07-28T19:05:17.415611+07:00,0.103,0.105,0.002
2026-07-28T19:05:17.419611+07:00,0.06,0.065,0.005
2026-07-28T19:05:17.423611+07:00,0.091,0.092,0.0
2026-07-28T19:05:17.427611+07:00,0.065,0.067,0.002
2026-07-28T19:05:17.431611+07:00,0.073,0.073,0.0
2026-07-28T19:05:17.435611+07:00,0.057,0.057,0.001
2026-07-28T19:05:17.439611+07:00,0.077,0.075,-0.002
2026-07-28T19:05:17.443611+07:00,0.083,0.08,-0.003
2026-07-28T19:05:17.447611+07:00,0.079,0.077,-0.003
2026-07-28T19:05:17.451611+07:00,0.057,0.056,-0.001
2026-07-28T19:05:17.455611+07:00,0.037,0.039,0.001
2026-07-28T19:05:17.459611+07:00,0.016,0.019,0.003
2026-07-28T19:05:17.463611+07:00,0.068,0.066,-0.002
2026-07-28T19:05:17.467611+07:00,0.033,0.034,0.001
2026-07-28T19:05:17.471611+07:00,0.053,0.052,-0.001
2026-07-28T19:05:17.475611+07:00,0.031,0.032,0.001
2026-07-28T19:05:17.479611+07:00,0.017,0.02,0.003
2026-07-28T19:05:17.483611+07:00,0.064,0.062,-0.002
2026-07-28T19:05:17.487611+07:00,0.034,0.035,0.001
2026-07-28T19:05:17.491611+07:00,0.028,0.03,0.002
2026-07-28T19:05:17.495611+07:00,0.04,0.041,0.0
2026-07-28T19:05:17.499611+07:00,0.061,0.059,-0.002
2026-07-28T19:05:17.503611+07:00,0.086,0.081,-0.004
2026-07-28T19:05:17.507611+07:00,0.033,0.034,0.001
2026-07-28T19:05:17.511611+07:00,0.062,0.06,-0.002
2026-07-28T19:05:17.515611+07:00,0.042,0.042,0.0
2026-07-28T19:05:17.519611+07:00,0.047,0.047,-0.0
2026-07-28T19:05:17.523611+07:00,-0.007,-0.002,0.005
2026-07-28T19:05:17.527611+07:00,0.052,0.051,-0.001
2026-07-28T19:05:17.531611+07:00,-0.005,0.0,0.005
2026-07-28T19:05:17.535611+07:00,0.063,0.061,-0.002
2026-07-28T19:05:17.539611+07:00,0.025,0.027,0.002
2026-07-28T19:05:17.543611+07:00,0.032,0.033,0.001
2026-07-28T19:05:17.547611+07:00,0.009,0.013,0.003
2026-07-28T19:05:17.551611+07:00,0.024,0.026,0.002
2026-07-28T19:05:17.555611+07:00,0.052,0.051,-0.001
2026-07-28T19:05:17.559611+07:00,0.043,0.043,-0.0
2026-07-28T19:05:17.563611+07:00,0.051,0.051,-0.001
2026-07-28T19:05:17.567611+07:00,0.039,0.04,0.0
2026-07-28T19:05:17.571611+07:00,0.045,0.045,-0.0
2026-07-28T19:05:17.575611+07:00,0.043,0.043,-0.0
2026-07-28T19:05:17.579611+07:00,0.024,0.026,0.002
2026-07-28T19:05:17.583611+07:00,-0.008,-0.003,0.005
2026-07-28T19:05:17.587611+07:00,0.043,0.043,-0.0
2026-07-28T19:05:17.591611+07:00,0.053,0.052,-0.001
2026-07-28T19:05:17.595611+07:00,0.063,0.061,-0.002
2026-07-28T19:05:17.599611+07:00,0.019,0.021,0.002
2026-07-28T19:05:17.603611+07:00,0.021,0.023,0.002
2026-07-28T19:05:17.607611+07:00,0.032,0.033,0.001
2026-07-28T19:05:17.611611+07:00,0.014,0.017,0.003
2026-07-28T19:05:17.615611+07:00,0.008,0.011,0.003
2026-07-28T19:05:17.619611+07:00,0.018,0.02,0.002
2026-07-28T19:05:17.623611+07:00,0.054,0.053,-0.001
2026-07-28T19:05:17.627611+07:00,0.045,0.045,-0.0
2026-07-28T19:05:17.631611+07:00,0.054,0.053,-0.001
2026-07-28T19:05:17.635611+07:00,0.048,0.048,-0.001
2026-07-28T19:05:17.639611+07:00,0.09,0.085,-0.005
2026-07-28T19:05:17.643611+07:00,0.025,0.027,0.002
2026-07-28T19:05:17.647611+07:00,0.031,0.032,0.001
2026-07-28T19:05:17.651611+07:00,0.017,0.02,0.002
2026-07-28T19:05:17.655611+07:00,0.012,0.015,0.003
2026-07-28T19:05:17.659611+07:00,0.04,0.04,0.0
2026-07-28T19:05:17.663611+07:00,0.029,0.03,0.001
2026-07-28T19:05:17.667611+07:00,0.058,0.057,-0.002
2026-07-28T19:05:17.671611+07:00,0.029,0.03,0.001
2026-07-28T19:05:17.675611+07:00,0.015,0.017,0.003
2026-07-28T19:05:17.679611+07:00,0.04,0.04,0.0
2026-07-28T19:05:17.683611+07:00,0.02,0.022,0.002
2026-07-28T19:05:17.687611+07:00,0.018,0.02,0.002
2026-07-28T19:05:17.691611+07:00,0.063,0.061,-0.002
2026-07-28T19:05:17.695611+07:00,0.028,0.03,0.001
2026-07-28T19:05:17.699611+07:00,0.027,0.028,0.001
2026-07-28T19:05:17.703611+07:00,0.012,0.015,0.003
2026-07-28T19:05:17.707611+07:00,0.038,0.038,0.0
2026-07-28T19:05:17.711611+07:00,0.033,0.034,0.001
2026-07-28T19:05:17.715611+07:00,0.054,0.052,-0.002
2026-07-28T19:05:17.719611+07:00,0.023,0.025,0.002
2026-07-28T19:05:17.723611+07:00,0.051,0.049,-0.001
2026-07-28T19:05:17.727611+07:00,0.02,0.022,0.002
2026-07-28T19:05:17.731611+07:00,0.045,0.044,-0.001
2026-07-28T19:05:17.735611+07:00,0.063,0.061,-0.003
2026-07-28T19:05:17.739611+07:00,0.035,0.035,0.0
2026-07-28T19:05:17.743611+07:00,0.036,0.036,0.0
2026-07-28T19:05:17.747611+07:00,0.033,0.033,0.0
2026-07-28T19:05:17.751611+07:00,0.045,0.044,-0.001
2026-07-28T19:05:17.755611+07:00,0.024,0.026,0.001
2026-07-28T19:05:17.759611+07:00,0.046,0.045,-0.001
2026-07-28T19:05:17.763611+07:00,0.023,0.025,0.001
2026-07-28T19:05:17.767611+07:00,0.04,0.039,-0.0
2026-07-28T19:05:17.771611+07:00,0.051,0.05,-0.001
2026-07-28T19:05:17.775611+07:00,0.044,0.044,-0.001
2026-07-28T19:05:17.779611+07:00,0.069,0.066,-0.003
2026-07-28T19:05:17.783611+07:00,0.045,0.045,-0.001
2026-07-28T19:05:17.787611+07:00,0.041,0.041,-0.0
2026-07-28T19:05:17.791611+07:00,0.066,0.063,-0.003
2026-07-28T19:05:17.795611+07:00,0.02,0.022,0.002
2026-07-28T19:05:17.799611+07:00,0.038,0.038,-0.0
2026-07-28T19:05:17.803611+07:00,0.039,0.038,-0.0
2026-07-28T19:05:17.807611+07:00,0.025,0.026,0.001
2026-07-28T19:05:17.811611+07:00,0.013,0.016,0.002
2026-07-28T19:05:17.815611+07:00,0.006,0.009,0.003
2026-07-28T19:05:17.819611+07:00,0.037,0.037,-0.0
2026-07-28T19:05:17.823611+07:00,0.024,0.025,0.001
2026-07-28T19:05:17.827611+07:00,0.014,0.016,0.002
2026-07-28T19:05:17.831611+07:00,0.048,0.047,-0.001
2026-07-28T19:05:17.835611+07:00,0.049,0.049,-0.0
2026-07-28T19:05:17.839611+07:00,0.033,0.035,0.002
2026-07-28T19:05:17.843611+07:00,0.056,0.057,0.002
2026-07-28T19:05:17.847611+07:00,0.06,0.063,0.004
2026-07-28T19:05:17.851611+07:00,0.07,0.076,0.006
2026-07-28T19:05:17.855611+07:00,0.069,0.078,0.009
2026-07-28T19:05:17.859611+07:00,0.069,0.082,0.013
2026-07-28T19:05:17.863611+07:00,0.074,0.089,0.015
2026-07-28T19:05:17.867611+07:00,0.076,0.092,0.016
2026-07-28T19:05:17.871611+07:00,0.11,0.123,0.013
2026-07-28T19:05:17.875611+07:00,0.033,0.052,0.019
2026-07-28T19:05:17.879611+07:00,0.073,0.085,0.012
2026-07-28T19:05:17.883611+07:00,0.064,0.074,0.01
2026-07-28T19:05:17.887611+07:00,0.042,0.051,0.008
2026-07-28T19:05:17.891611+07:00,0.03,0.037,0.006
2026-07-28T19:05:17.895611+07:00,0.012,0.018,0.006
2026-07-28T19:05:17.899611+07:00,0.013,0.017,0.004
2026-07-28T19:05:17.903611+07:00,0.066,0.064,-0.002
2026-07-28T19:05:17.907611+07:00,0.053,0.051,-0.001
2026-07-28T19:05:17.911611+07:00,0.021,0.022,0.001
2026-07-28T19:05:17.915611+07:00,0.03,0.031,0.0
2026-07-28T19:05:17.919611+07:00,0.028,0.028,0.0
2026-07-28T19:05:17.923611+07:00,0.01,0.013,0.002
2026-07-28T19:05:17.927611+07:00,-0.001,0.002,0.003
2026-07-28T19:05:17.931611+07:00,-0.0,0.002,0.002
2026-07-28T19:05:17.935611+07:00,0.041,0.035,-0.005
2026-07-28T19:05:17.939611+07:00,0.001,-0.004,-0.005
2026-07-28T19:05:17.943611+07:00,0.012,0.01,-0.002
2026-07-28T19:05:17.947611+07:00,0.002,0.008,0.006
2026-07-28T19:05:17.951611+07:00,0.04,0.058,0.018
2026-07-28T19:05:17.955611+07:00,0.179,0.232,0.053
2026-07-28T19:05:17.959611+07:00,0.336,0.482,0.146
2026-07-28T19:05:17.963611+07:00,0.595,0.873,0.278
2026-07-28T19:05:17.967611+07:00,0.806,1.189,0.383
2026-07-28T19:05:17.971611+07:00,0.807,1.189,0.382
2026-07-28T19:05:17.975611+07:00,0.57,0.848,0.278
2026-07-28T19:05:17.979611+07:00,0.326,0.466,0.14
2026-07-28T19:05:17.983611+07:00,0.088,0.137,0.049
2026-07-28T19:05:17.987611+07:00,0.02,0.018,-0.001
2026-07-28T19:05:17.991611+07:00,-0.095,-0.109,-0.014
2026-07-28T19:05:17.995611+07:00,-0.123,-0.145,-0.021
2026-07-28T19:05:17.999611+07:00,-0.122,-0.147,-0.025
2026-07-28T19:05:18.003611+07:00,-0.118,-0.141,-0.023
2026-07-28T19:05:18.007611+07:00,-0.096,-0.114,-0.018
2026-07-28T19:05:18.011611+07:00,-0.085,-0.094,-0.01
2026-07-28T19:05:18.015611+07:00,-0.046,-0.052,-0.005
2026-07-28T19:05:18.019611+07:00,0.001,-0.003,-0.004
2026-07-28T19:05:18.023611+07:00,0.056,0.05,-0.006
2026-07-28T19:05:18.027611+07:00,0.011,0.012,0.0
2026-07-28T19:05:18.031611+07:00,0.016,0.017,0.001
2026-07-28T19:05:18.035611+07:00,0.051,0.049,-0.003
2026-07-28T19:05:18.039611+07:00,0.004,0.007,0.002
2026-07-28T19:05:18.043611+07:00,0.033,0.033,-0.001
2026-07-28T19:05:18.047611+07:00,0.017,0.018,0.001
2026-07-28T19:05:18.051611+07:00,0.019,0.02,0.001
2026-07-28T19:05:18.055611+07:00,0.018,0.019,0.001
2026-07-28T19:05:18.059611+07:00,0.027,0.027,-0.0
2026-07-28T19:05:18.063611+07:00,0.002,0.005,0.002
2026-07-28T19:05:18.067611+07:00,0.001,0.003,0.003
2026-07-28T19:05:18.071611+07:00,-0.005,-0.002,0.003
2026-07-28T19:05:18.075611+07:00,0.012,0.013,0.002
2026-07-28T19:05:18.079611+07:00,0.028,0.028,-0.0
2026-07-28T19:05:18.083611+07:00,0.016,0.018,0.001
2026-07-28T19:05:18.087611+07:00,0.009,0.011,0.002
2026-07-28T19:05:18.091611+07:00,0.031,0.031,0.0
2026-07-28T19:05:18.095611+07:00,0.033,0.033,0.0
2026-07-28T19:05:18.099611+07:00,0.011,0.013,0.003
2026-07-28T19:05:18.103611+07:00,0.029,0.03,0.002
2026-07-28T19:05:18.107611+07:00,0.05,0.051,0.0
2026-07-28T19:05:18.111611+07:00,0.059,0.059,0.0
2026-07-28T19:05:18.115611+07:00,0.026,0.031,0.005
2026-07-28T19:05:18.119611+07:00,0.047,0.051,0.004
2026-07-28T19:05:18.123611+07:00,0.038,0.044,0.007
2026-07-28T19:05:18.127611+07:00,0.055,0.062,0.007
2026-07-28T19:05:18.131611+07:00,0.042,0.053,0.01
2026-07-28T19:05:18.135611+07:00,0.063,0.074,0.011
2026-07-28T19:05:18.139611+07:00,0.101,0.11,0.009
2026-07-28T19:05:18.143611+07:00,0.075,0.089,0.014
2026-07-28T19:05:18.147611+07:00,0.106,0.12,0.014
2026-07-28T19:05:18.151611+07:00,0.122,0.137,0.015
2026-07-28T19:05:18.155611+07:00,0.11,0.128,0.018
2026-07-28T19:05:18.159611+07:00,0.127,0.144,0.018
2026-07-28T19:05:18.163611+07:00,0.126,0.145,0.019
2026-07-28T19:05:18.167611+07:00,0.135,0.154,0.019
2026-07-28T19:05:18.171611+07:00,0.141,0.159,0.018
2026-07-28T19:05:18.175611+07:00,0.139,0.157,0.018
2026-07-28T19:05:18.179611+07:00,0.146,0.161,0.016
2026-07-28T19:05:18.183611+07:00,0.118,0.135,0.017
2026-07-28T19:05:18.187611+07:00,0.109,0.125,0.016
2026-07-28T19:05:18.191611+07:00,0.089,0.104,0.015
2026-07-28T19:05:18.195611+07:00,0.102,0.113,0.012
2026-07-28T19:05:18.199611+07:00,0.124,0.131,0.007
2026-07-28T19:05:18.203611+07:00,0.079,0.087,0.009
2026-07-28T19:05:18.207611+07:00,0.022,0.034,0.012
2026-07-28T19:05:18.211611+07:00,0.042,0.05,0.008
2026-07-28T19:05:18.215611+07:00,0.045,0.051,0.005
2026-07-28T19:05:18.219611+07:00,0.038,0.043,0.004
2026-07-28T19:05:18.223611+07:00,0.008,0.014,0.006
2026-07-28T19:05:18.227611+07:00,0.082,0.079,-0.003
2026-07-28T19:05:18.231611+07:00,0.015,0.018,0.003
2026-07-28T19:05:18.235611+07:00,0.045,0.045,-0.001
2026-07-28T19:05:18.239611+07:00,0.018,0.02,0.001
2026-07-28T19:05:18.243611+07:00,0.022,0.022,0.001
2026-07-28T19:05:18.247611+07:00,0.004,0.006,0.002
2026-07-28T19:05:18.251611+07:00,-0.025,-0.02,0.005
2026-07-28T19:05:18.255611+07:00,0.037,0.036,-0.002
2026-07-28T19:05:18.259611+07:00,0.032,0.031,-0.001
2026-07-28T19:05:18.263611+07:00,0.052,0.049,-0.003
2026-07-28T19:05:18.267611+07:00,-0.026,-0.021,0.004
2026-07-28T19:05:18.271611+07:00,0.014,0.015,0.0
2026-07-28T19:05:18.275611+07:00,0.047,0.044,-0.003
2026-07-28T19:05:18.279611+07:00,-0.017,-0.014,0.003
2026-07-28T19:05:18.283611+07:00,0.022,0.021,-0.0
2026-07-28T19:05:18.287611+07:00,0.006,0.007,0.001
2026-07-28T19:05:18.291611+07:00,0.072,0.066,-0.006
2026-07-28T19:05:18.295611+07:00,0.039,0.037,-0.002
2026-07-28T19:05:18.299611+07:00,0.031,0.03,-0.001
2026-07-28T19:05:18.303611+07:00,-0.001,0.001,0.002
2026-07-28T19:05:18.307611+07:00,0.018,0.017,-0.0
2026-07-28T19:05:18.311611+07:00,0.018,0.018,-0.0
2026-07-28T19:05:18.315611+07:00,0.004,0.005,0.001
2026-07-28T19:05:18.319611+07:00,0.009,0.01,0.001
2026-07-28T19:05:18.323611+07:00,0.046,0.043,-0.003
2026-07-28T19:05:18.327611+07:00,-0.004,-0.002,0.002
2026-07-28T19:05:18.331611+07:00,0.016,0.016,-0.0
2026-07-28T19:05:18.335611+07:00,0.027,0.026,-0.001
2026-07-28T19:05:18.339611+07:00,0.011,0.011,0.0
2026-07-28T19:05:18.343611+07:00,0.024,0.023,-0.001
2026-07-28T19:05:18.347611+07:00,-0.002,-0.0,0.002
2026-07-28T19:05:18.351611+07:00,0.016,0.016,-0.0
2026-07-28T19:05:18.355611+07:00,0.016,0.016,-0.0
2026-07-28T19:05:18.359611+07:00,-0.001,0.0,0.001
2026-07-28T19:05:18.363611+07:00,-0.01,-0.008,0.002
2026-07-28T19:05:18.367611+07:00,0.012,0.012,0.0
2026-07-28T19:05:18.371611+07:00,-0.014,-0.011,0.003
2026-07-28T19:05:18.375611+07:00,0.027,0.026,-0.001
2026-07-28T19:05:18.379611+07:00,0.001,0.002,0.001
2026-07-28T19:05:18.383611+07:00,0.019,0.019,-0.001
2026-07-28T19:05:18.387611+07:00,-0.003,-0.002,0.002
2026-07-28T19:05:18.391611+07:00,-0.01,-0.008,0.002
2026-07-28T19:05:18.395611+07:00,0.026,0.025,-0.001
2026-07-28T19:05:18.399611+07:00,0.022,0.021,-0.001
2026-07-28T19:05:18.403611+07:00,0.01,0.01,0.0
2026-07-28T19:05:18.407611+07:00,0.044,0.04,-0.003
2026-07-28T19:05:18.411611+07:00,0.043,0.039,-0.003
2026-07-28T19:05:18.415611+07:00,0.015,0.014,-0.0
2026-07-28T19:05:18.419611+07:00,-0.033,-0.029,0.004
2026-07-28T19:05:18.423611+07:00,0.019,0.018,-0.001
2026-07-28T19:05:18.427611+07:00,0.02,0.019,-0.001
2026-07-28T19:05:18.431611+07:00,0.027,0.025,-0.002
2026-07-28T19:05:18.435611+07:00,-0.005,-0.003,0.001
2026-07-28T19:05:18.439611+07:00,0.019,0.018,-0.001
2026-07-28T19:05:18.443611+07:00,0.017,0.016,-0.001
2026-07-28T19:05:18.447611+07:00,0.043,0.04,-0.003
2026-07-28T19:05:18.451611+07:00,0.006,0.006,0.0
2026-07-28T19:05:18.455611+07:00,0.022,0.021,-0.001
2026-07-28T19:05:18.459611+07:00,0.017,0.016,-0.001
2026-07-28T19:05:18.463611+07:00,0.009,0.009,-0.0
2026-07-28T19:05:18.467611+07:00,0.018,0.017,-0.001
2026-07-28T19:05:18.471611+07:00,-0.0,0.001,0.001
2026-07-28T19:05:18.475611+07:00,-0.004,-0.002,0.001
2026-07-28T19:05:18.479611+07:00,0.046,0.042,-0.004
2026-07-28T19:05:18.483611+07:00,0.005,0.006,0.0
2026-07-28T19:05:18.487611+07:00,0.03,0.027,-0.002
2026-07-28T19:05:18.491611+07:00,0.002,0.003,0.001
2026-07-28T19:05:18.495611+07:00,0.024,0.022,-0.002
2026-07-28T19:05:18.499611+07:00,0.015,0.014,-0.001
2026-07-28T19:05:18.503611+07:00,0.032,0.03,-0.003
2026-07-28T19:05:18.507611+07:00,0.039,0.036,-0.003
2026-07-28T19:05:18.511611+07:00,0.017,0.016,-0.001
2026-07-28T19:05:18.515611+07:00,0.049,0.045,-0.004
2026-07-28T19:05:18.519611+07:00,0.002,0.003,0.0
2026-07-28T19:05:18.523611+07:00,0.008,0.008,-0.0
2026-07-28T19:05:18.527611+07:00,0.019,0.018,-0.001
2026-07-28T19:05:18.531611+07:00,0.014,0.013,-0.001
2026-07-28T19:05:18.535611+07:00,-0.009,-0.008,0.001
2026-07-28T19:05:18.539611+07:00,0.03,0.028,-0.002
2026-07-28T19:05:18.543611+07:00,-0.019,-0.016,0.002
2026-07-28T19:05:18.547611+07:00,0.003,0.003,0.0
2026-07-28T19:05:18.551611+07:00,0.022,0.02,-0.002
2026-07-28T19:05:18.555611+07:00,0.01,0.009,-0.0
2026-07-28T19:05:18.559611+07:00,0.024,0.022,-0.002
2026-07-28T19:05:18.563611+07:00,-0.003,-0.003,0.001
2026-07-28T19:05:18.567611+07:00,0.019,0.018,-0.002
2026-07-28T19:05:18.571611+07:00,0.001,0.001,0.0
2026-07-28T19:05:18.575611+07:00,-0.043,-0.038,0.005
2026-07-28T19:05:18.579611+07:00,-0.008,-0.007,0.001
2026-07-28T19:05:18.583611+07:00,-0.043,-0.038,0.005
2026-07-28T19:05:18.587611+07:00,0.026,0.024,-0.002
2026-07-28T19:05:18.591611+07:00,0.017,0.016,-0.001
2026-07-28T19:05:18.595611+07:00,0.004,0.004,-0.0
2026-07-28T19:05:18.599611+07:00,0.0,0.001,0.0
2026-07-28T19:05:18.603611+07:00,0.016,0.015,-0.001
2026-07-28T19:05:18.607611+07:00,0.01,0.01,-0.001
2026-07-28T19:05:18.611611+07:00,-0.024,-0.021,0.003
2026-07-28T19:05:18.615611+07:00,0.001,0.001,0.0
2026-07-28T19:05:18.619611+07:00,0.029,0.026,-0.003
2026-07-28T19:05:18.623611+07:00,0.001,0.001,0.0
2026-07-28T19:05:18.627611+07:00,0.001,0.002,0.0
2026-07-28T19:05:18.631611+07:00,-0.024,-0.021,0.003
2026-07-28T19:05:18.635611+07:00,-0.021,-0.018,0.003
2026-07-28T19:05:18.639611+07:00,0.009,0.01,0.001
2026-07-28T19:05:18.643611+07:00,0.006,0.009,0.003
2026-07-28T19:05:18.647611+07:00,-0.013,-0.006,0.008
2026-07-28T19:05:18.651611+07:00,0.024,0.03,0.007
2026-07-28T19:05:18.655611+07:00,0.048,0.056,0.008
2026-07-28T19:05:18.659611+07:00,0.053,0.064,0.011
2026-07-28T19:05:18.663611+07:00,0.037,0.052,0.015
2026-07-28T19:05:18.667611+07:00,0.047,0.063,0.016
2026-07-28T19:05:18.671611+07:00,0.053,0.068,0.015
2026-07-28T19:05:18.675611+07:00,0.026,0.042,0.016
2026-07-28T19:05:18.679611+07:00,0.03,0.043,0.013
2026-07-28T19:05:18.683611+07:00,0.01,0.021,0.012
2026-07-28T19:05:18.687611+07:00,0.025,0.031,0.007
2026-07-28T19:05:18.691611+07:00,0.017,0.021,0.004
2026-07-28T19:05:18.695611+07:00,-0.004,0.0,0.004
2026-07-28T19:05:18.699611+07:00,0.038,0.036,-0.002
2026-07-28T19:05:18.703611+07:00,0.022,0.021,-0.001
2026-07-28T19:05:18.707611+07:00,-0.001,-0.0,0.0
2026-07-28T19:05:18.711611+07:00,0.012,0.011,-0.001
2026-07-28T19:05:18.715611+07:00,-0.036,-0.033,0.003
2026-07-28T19:05:18.719611+07:00,0.0,-0.0,-0.0
2026-07-28T19:05:18.723611+07:00,-0.023,-0.021,0.002
2026-07-28T19:05:18.727611+07:00,-0.004,-0.004,0.0
2026-07-28T19:05:18.731611+07:00,-0.0,-0.001,-0.001
2026-07-28T19:05:18.735611+07:00,-0.044,-0.045,-0.0
2026-07-28T19:05:18.739611+07:00,0.011,0.001,-0.01
2026-07-28T19:05:18.743611+07:00,0.01,0.004,-0.005
2026-07-28T19:05:18.747611+07:00,-0.021,-0.016,0.005
2026-07-28T19:05:18.751611+07:00,0.007,0.024,0.018
2026-07-28T19:05:18.755611+07:00,0.107,0.163,0.056
2026-07-28T19:05:18.759611+07:00,0.285,0.433,0.148
2026-07-28T19:05:18.763611+07:00,0.574,0.85,0.277
2026-07-28T19:05:18.767611+07:00,0.743,1.129,0.386
2026-07-28T19:05:18.771611+07:00,0.797,1.177,0.38
2026-07-28T19:05:18.775611+07:00,0.533,0.811,0.278
2026-07-28T19:05:18.779611+07:00,0.241,0.386,0.145
2026-07-28T19:05:18.783611+07:00,0.049,0.098,0.049
2026-07-28T19:05:18.787611+07:00,-0.068,-0.064,0.004
2026-07-28T19:05:18.791611+07:00,-0.107,-0.123,-0.016
2026-07-28T19:05:18.795611+07:00,-0.158,-0.179,-0.022
2026-07-28T19:05:18.799611+07:00,-0.181,-0.204,-0.023
2026-07-28T19:05:18.803611+07:00,-0.104,-0.132,-0.028
2026-07-28T19:05:18.807611+07:00,-0.124,-0.143,-0.018
2026-07-28T19:05:18.811611+07:00,-0.065,-0.08,-0.015
2026-07-28T19:05:18.815611+07:00,-0.068,-0.075,-0.007
2026-07-28T19:05:18.819611+07:00,0.003,-0.005,-0.008
2026-07-28T19:05:18.823611+07:00,0.006,0.002,-0.004
2026-07-28T19:05:18.827611+07:00,-0.008,-0.009,-0.001
2026-07-28T19:05:18.831611+07:00,-0.012,-0.012,-0.0
2026-07-28T19:05:18.835611+07:00,0.013,0.011,-0.002
2026-07-28T19:05:18.839611+07:00,-0.024,-0.022,0.001
2026-07-28T19:05:18.843611+07:00,-0.012,-0.012,0.0
2026-07-28T19:05:18.847611+07:00,-0.053,-0.049,0.004
2026-07-28T19:05:18.851611+07:00,-0.012,-0.011,0.0
2026-07-28T19:05:18.855611+07:00,0.011,0.009,-0.002
2026-07-28T19:05:18.859611+07:00,0.009,0.008,-0.002
2026-07-28T19:05:18.863611+07:00,-0.023,-0.022,0.001
2026-07-28T19:05:18.867611+07:00,0.011,0.009,-0.002
2026-07-28T19:05:18.871611+07:00,0.019,0.016,-0.003
2026-07-28T19:05:18.875611+07:00,-0.01,-0.01,0.0
2026-07-28T19:05:18.879611+07:00,-0.019,-0.018,0.001
2026-07-28T19:05:18.883611+07:00,0.017,0.015,-0.002
2026-07-28T19:05:18.887611+07:00,-0.005,-0.005,-0.0
2026-07-28T19:05:18.891611+07:00,0.009,0.007,-0.001
2026-07-28T19:05:18.895611+07:00,-0.004,-0.004,0.0
2026-07-28T19:05:18.899611+07:00,-0.008,-0.007,0.001
2026-07-28T19:05:18.903611+07:00,-0.019,-0.016,0.003
2026-07-28T19:05:18.907611+07:00,-0.033,-0.028,0.005
2026-07-28T19:05:18.911611+07:00,0.013,0.014,0.001
2026-07-28T19:05:18.915611+07:00,0.001,0.005,0.004
2026-07-28T19:05:18.919611+07:00,-0.027,-0.019,0.008
2026-07-28T19:05:18.923611+07:00,0.019,0.024,0.005
2026-07-28T19:05:18.927611+07:00,0.045,0.05,0.004
2026-07-28T19:05:18.931611+07:00,0.032,0.039,0.008
2026-07-28T19:05:18.935611+07:00,0.031,0.041,0.01
2026-07-28T19:05:18.939611+07:00,0.031,0.044,0.013
2026-07-28T19:05:18.943611+07:00,0.065,0.077,0.012
2026-07-28T19:05:18.947611+07:00,0.06,0.075,0.015
2026-07-28T19:05:18.951611+07:00,0.053,0.07,0.018
2026-07-28T19:05:18.955611+07:00,0.059,0.078,0.019
2026-07-28T19:05:18.959611+07:00,0.058,0.079,0.021
2026-07-28T19:05:18.963611+07:00,0.102,0.119,0.018
2026-07-28T19:05:18.967611+07:00,0.072,0.093,0.021
2026-07-28T19:05:18.971611+07:00,0.102,0.12,0.018
2026-07-28T19:05:18.975611+07:00,0.08,0.1,0.02
2026-07-28T19:05:18.979611+07:00,0.125,0.139,0.014
2026-07-28T19:05:18.983611+07:00,0.105,0.119,0.015
2026-07-28T19:05:18.987611+07:00,0.06,0.077,0.017
2026-07-28T19:05:18.991611+07:00,0.03,0.048,0.018
2026-07-28T19:05:18.995611+07:00,0.017,0.033,0.016
2026-07-28T19:05:18.999611+07:00,0.079,0.087,0.008
2026-07-28T19:05:19.003611+07:00,0.019,0.03,0.011
2026-07-28T19:05:19.007611+07:00,0.041,0.047,0.006
2026-07-28T19:05:19.011611+07:00,0.035,0.04,0.005
2026-07-28T19:05:19.015611+07:00,0.03,0.034,0.003
2026-07-28T19:05:19.019611+07:00,-0.012,-0.007,0.006
2026-07-28T19:05:19.023611+07:00,0.029,0.029,0.0
2026-07-28T19:05:19.027611+07:00,-0.062,-0.054,0.008
2026-07-28T19:05:19.031611+07:00,-0.029,-0.025,0.004
2026-07-28T19:05:19.035611+07:00,-0.005,-0.004,0.001
2026-07-28T19:05:19.039611+07:00,-0.019,-0.018,0.002
2026-07-28T19:05:19.043611+07:00,0.035,0.031,-0.004
2026-07-28T19:05:19.047611+07:00,0.001,-0.0,-0.001
2026-07-28T19:05:19.051611+07:00,-0.021,-0.02,0.001
2026-07-28T19:05:19.055611+07:00,0.003,0.001,-0.002
2026-07-28T19:05:19.059611+07:00,-0.006,-0.007,-0.001
2026-07-28T19:05:19.063611+07:00,0.024,0.02,-0.004
2026-07-28T19:05:19.067611+07:00,-0.042,-0.04,0.002
2026-07-28T19:05:19.071611+07:00,-0.024,-0.024,0.001
2026-07-28T19:05:19.075611+07:00,0.006,0.004,-0.003
2026-07-28T19:05:19.079611+07:00,-0.047,-0.044,0.003
2026-07-28T19:05:19.083611+07:00,-0.036,-0.034,0.002
2026-07-28T19:05:19.087611+07:00,-0.04,-0.038,0.002
2026-07-28T19:05:19.091611+07:00,-0.002,-0.004,-0.002
2026-07-28T19:05:19.095611+07:00,0.018,0.014,-0.004
2026-07-28T19:05:19.099611+07:00,-0.064,-0.06,0.004
2026-07-28T19:05:19.103611+07:00,0.002,-0.0,-0.002
2026-07-28T19:05:19.107611+07:00,-0.021,-0.021,0.0
2026-07-28T19:05:19.111611+07:00,-0.019,-0.019,-0.0
2026-07-28T19:05:19.115611+07:00,-0.035,-0.033,0.001
2026-07-28T19:05:19.119611+07:00,-0.004,-0.006,-0.002
2026-07-28T19:05:19.123611+07:00,-0.01,-0.011,-0.001
2026-07-28T19:05:19.127611+07:00,-0.029,-0.028,0.001
2026-07-28T19:05:19.131611+07:00,-0.033,-0.031,0.001
2026-07-28T19:05:19.135611+07:00,-0.011,-0.012,-0.001
2026-07-28T19:05:19.139611+07:00,-0.026,-0.026,0.0
2026-07-28T19:05:19.143611+07:00,-0.007,-0.009,-0.001
2026-07-28T19:05:19.147611+07:00,-0.007,-0.009,-0.002
2026-07-28T19:05:19.151611+07:00,0.008,0.005,-0.003
2026-07-28T19:05:19.155611+07:00,-0.015,-0.016,-0.001
2026-07-28T19:05:19.159611+07:00,-0.013,-0.014,-0.001
2026-07-28T19:05:19.163611+07:00,-0.033,-0.032,0.001
2026-07-28T19:05:19.167611+07:00,-0.02,-0.02,-0.0
2026-07-28T19:05:19.171611+07:00,-0.014,-0.015,-0.001
2026-07-28T19:05:19.175611+07:00,-0.004,-0.006,-0.002
2026-07-28T19:05:19.179611+07:00,-0.008,-0.01,-0.002
2026-07-28T19:05:19.183611+07:00,-0.044,-0.042,0.002
2026-07-28T19:05:19.187611+07:00,-0.003,-0.005,-0.002
2026-07-28T19:05:19.191611+07:00,-0.052,-0.049,0.003
2026-07-28T19:05:19.195611+07:00,-0.02,-0.021,-0.0
2026-07-28T19:05:19.199611+07:00,-0.04,-0.038,0.002
2026-07-28T19:05:19.203611+07:00,-0.049,-0.046,0.002
2026-07-28T19:05:19.207611+07:00,0.005,0.002,-0.003
2026-07-28T19:05:19.211611+07:00,-0.027,-0.027,0.0
2026-07-28T19:05:19.215611+07:00,-0.045,-0.043,0.002
2026-07-28T19:05:19.219611+07:00,-0.034,-0.033,0.001
2026-07-28T19:05:19.223611+07:00,0.005,0.002,-0.003
2026-07-28T19:05:19.227611+07:00,-0.022,-0.022,-0.0
2026-07-28T19:05:19.231611+07:00,-0.032,-0.032,0.001
2026-07-28T19:05:19.235611+07:00,-0.055,-0.052,0.003
2026-07-28T19:05:19.239611+07:00,0.005,0.002,-0.003
2026-07-28T19:05:19.243611+07:00,-0.012,-0.014,-0.001
2026-07-28T19:05:19.247611+07:00,-0.011,-0.013,-0.002
2026-07-28T19:05:19.251611+07:00,-0.064,-0.061,0.004
2026-07-28T19:05:19.255611+07:00,-0.037,-0.036,0.001
2026-07-28T19:05:19.259611+07:00,-0.036,-0.035,0.001
2026-07-28T19:05:19.263611+07:00,-0.033,-0.032,0.001
2026-07-28T19:05:19.267611+07:00,-0.022,-0.023,-0.001
2026-07-28T19:05:19.271611+07:00,-0.025,-0.026,-0.0
2026-07-28T19:05:19.275611+07:00,-0.042,-0.04,0.001
2026-07-28T19:05:19.279611+07:00,-0.02,-0.02,-0.001
2026-07-28T19:05:19.283611+07:00,-0.043,-0.041,0.001
2026-07-28T19:05:19.287611+07:00,-0.023,-0.023,-0.001
2026-07-28T19:05:19.291611+07:00,-0.044,-0.042,0.002
2026-07-28T19:05:19.295611+07:00,-0.064,-0.06,0.004
2026-07-28T19:05:19.299611+07:00,-0.047,-0.045,0.002
2026-07-28T19:05:19.303611+07:00,-0.031,-0.031,0.0
2026-07-28T19:05:19.307611+07:00,-0.037,-0.036,0.001
2026-07-28T19:05:19.311611+07:00,0.01,0.006,-0.004
2026-07-28T19:05:19.315611+07:00,-0.011,-0.013,-0.002
2026-07-28T19:05:19.319611+07:00,-0.042,-0.041,0.001
2026-07-28T19:05:19.323611+07:00,-0.01,-0.012,-0.002
2026-07-28T19:05:19.327611+07:00,-0.038,-0.037,0.001
2026-07-28T19:05:19.331611+07:00,-0.04,-0.039,0.001
2026-07-28T19:05:19.335611+07:00,-0.046,-0.044,0.002
2026-07-28T19:05:19.339611+07:00,-0.009,-0.011,-0.002
2026-07-28T19:05:19.343611+07:00,-0.049,-0.048,0.002
2026-07-28T19:05:19.347611+07:00,-0.011,-0.012,-0.002
2026-07-28T19:05:19.351611+07:00,-0.043,-0.042,0.001
2026-07-28T19:05:19.355611+07:00,-0.025,-0.026,-0.001
2026-07-28T19:05:19.359611+07:00,-0.016,-0.017,-0.002
2026-07-28T19:05:19.363611+07:00,-0.029,-0.029,-0.0
2026-07-28T19:05:19.367611+07:00,-0.034,-0.034,0.0
2026-07-28T19:05:19.371611+07:00,-0.012,-0.014,-0.002
2026-07-28T19:05:19.375611+07:00,-0.065,-0.062,0.003
2026-07-28T19:05:19.379611+07:00,-0.048,-0.046,0.002
2026-07-28T19:05:19.383611+07:00,-0.066,-0.063,0.003
2026-07-28T19:05:19.387611+07:00,-0.038,-0.037,0.001
2026-07-28T19:05:19.391611+07:00,0.0,-0.003,-0.003
2026-07-28T19:05:19.395611+07:00,-0.061,-0.058,0.003
2026-07-28T19:05:19.399611+07:00,-0.046,-0.045,0.001
2026-07-28T19:05:19.403611+07:00,-0.06,-0.057,0.003
2026-07-28T19:05:19.407611+07:00,-0.022,-0.023,-0.001
2026-07-28T19:05:19.411611+07:00,-0.044,-0.043,0.001
2026-07-28T19:05:19.415611+07:00,0.018,0.013,-0.005
2026-07-28T19:05:19.419611+07:00,-0.051,-0.05,0.002
2026-07-28T19:05:19.423611+07:00,-0.067,-0.064,0.004
2026-07-28T19:05:19.427611+07:00,-0.02,-0.021,-0.001
2026-07-28T19:05:19.431611+07:00,-0.026,-0.026,-0.0
2026-07-28T19:05:19.435611+07:00,-0.029,-0.028,0.001
2026-07-28T19:05:19.439611+07:00,-0.016,-0.015,0.0
2026-07-28T19:05:19.443611+07:00,-0.042,-0.037,0.005
2026-07-28T19:05:19.447611+07:00,-0.004,-0.001,0.003
2026-07-28T19:05:19.451611+07:00,-0.0,0.006,0.006
2026-07-28T19:05:19.455611+07:00,-0.037,-0.024,0.013
2026-07-28T19:05:19.459611+07:00,-0.011,0.003,0.014
2026-07-28T19:05:19.463611+07:00,0.021,0.034,0.013
2026-07-28T19:05:19.467611+07:00,0.001,0.018,0.017
2026-07-28T19:05:19.471611+07:00,0.026,0.04,0.015
2026-07-28T19:05:19.475611+07:00,0.0,0.016,0.015
2026-07-28T19:05:19.479611+07:00,0.007,0.019,0.012
2026-07-28T19:05:19.483611+07:00,0.021,0.028,0.007
2026-07-28T19:05:19.487611+07:00,-0.055,-0.044,0.011
2026-07-28T19:05:19.491611+07:00,-0.022,-0.017,0.005
2026-07-28T19:05:19.495611+07:00,-0.043,-0.039,0.005
2026-07-28T19:05:19.499611+07:00,-0.025,-0.024,0.001
2026-07-28T19:05:19.503611+07:00,-0.048,-0.045,0.002
2026-07-28T19:05:19.507611+07:00,-0.032,-0.032,0.0
2026-07-28T19:05:19.511611+07:00,-0.06,-0.058,0.003
2026-07-28T19:05:19.515611+07:00,-0.013,-0.016,-0.002
2026-07-28T19:05:19.519611+07:00,-0.043,-0.042,0.001
2026-07-28T19:05:19.523611+07:00,-0.012,-0.014,-0.002
2026-07-28T19:05:19.527611+07:00,-0.046,-0.045,0.001
2026-07-28T19:05:19.531611+07:00,-0.027,-0.028,-0.002
2026-07-28T19:05:19.535611+07:00,-0.067,-0.068,-0.002
2026-07-28T19:05:19.539611+07:00,-0.101,-0.103,-0.002
2026-07-28T19:05:19.543611+07:00,-0.048,-0.051,-0.003
2026-07-28T19:05:19.547611+07:00,-0.049,-0.044,0.004
2026-07-28T19:05:19.551611+07:00,-0.028,-0.01,0.018
2026-07-28T19:05:19.555611+07:00,0.079,0.135,0.056
2026-07-28T19:05:19.559611+07:00,0.235,0.384,0.149
2026-07-28T19:05:19.563611+07:00,0.547,0.824,0.276
2026-07-28T19:05:19.567611+07:00,0.735,1.118,0.384
2026-07-28T19:05:19.571611+07:00,0.697,1.083,0.386
2026-07-28T19:05:19.575611+07:00,0.494,0.773,0.279
2026-07-28T19:05:19.579611+07:00,0.21,0.355,0.145
2026-07-28T19:05:19.583611+07:00,0.025,0.074,0.048
2026-07-28T19:05:19.587611+07:00,-0.099,-0.096,0.004
2026-07-28T19:05:19.591611+07:00,-0.163,-0.177,-0.014
2026-07-28T19:05:19.595611+07:00,-0.169,-0.193,-0.024
2026-07-28T19:05:19.599611+07:00,-0.19,-0.215,-0.025
2026-07-28T19:05:19.603611+07:00,-0.17,-0.194,-0.024
2026-07-28T19:05:19.607611+07:00,-0.175,-0.192,-0.016
2026-07-28T19:05:19.611611+07:00,-0.122,-0.135,-0.013
2026-07-28T19:05:19.615611+07:00,-0.07,-0.08,-0.01
2026-07-28T19:05:19.619611+07:00,-0.07,-0.074,-0.004
2026-07-28T19:05:19.623611+07:00,-0.075,-0.075,0.0
2026-07-28T19:05:19.627611+07:00,-0.004,-0.009,-0.005
2026-07-28T19:05:19.631611+07:00,-0.028,-0.03,-0.002
2026-07-28T19:05:19.635611+07:00,-0.034,-0.035,-0.001
2026-07-28T19:05:19.639611+07:00,-0.062,-0.06,0.002
2026-07-28T19:05:19.643611+07:00,-0.052,-0.051,0.001
2026-07-28T19:05:19.647611+07:00,-0.061,-0.058,0.002
2026-07-28T19:05:19.651611+07:00,-0.057,-0.056,0.002
2026-07-28T19:05:19.655611+07:00,-0.038,-0.038,-0.0
2026-07-28T19:05:19.659611+07:00,-0.04,-0.04,-0.0
2026-07-28T19:05:19.663611+07:00,-0.045,-0.045,0.0
2026-07-28T19:05:19.667611+07:00,-0.042,-0.042,0.0
2026-07-28T19:05:19.671611+07:00,-0.05,-0.049,0.001
2026-07-28T19:05:19.675611+07:00,-0.044,-0.043,0.0
2026-07-28T19:05:19.679611+07:00,-0.095,-0.089,0.006
2026-07-28T19:05:19.683611+07:00,-0.064,-0.062,0.003
2026-07-28T19:05:19.687611+07:00,-0.047,-0.046,0.001
2026-07-28T19:05:19.691611+07:00,-0.008,-0.01,-0.003
2026-07-28T19:05:19.695611+07:00,-0.058,-0.056,0.003
2026-07-28T19:05:19.699611+07:00,-0.028,-0.028,0.0
2026-07-28T19:05:19.703611+07:00,-0.046,-0.043,0.002
2026-07-28T19:05:19.707611+07:00,-0.024,-0.023,0.001
2026-07-28T19:05:19.711611+07:00,-0.015,-0.014,0.001
2026-07-28T19:05:19.715611+07:00,-0.005,-0.004,0.001
2026-07-28T19:05:19.719611+07:00,-0.043,-0.036,0.006
2026-07-28T19:05:19.723611+07:00,-0.019,-0.013,0.006
2026-07-28T19:05:19.727611+07:00,-0.042,-0.032,0.01
2026-07-28T19:05:19.731611+07:00,-0.011,-0.002,0.009
2026-07-28T19:05:19.735611+07:00,0.013,0.022,0.009
2026-07-28T19:05:19.739611+07:00,0.004,0.016,0.012
2026-07-28T19:05:19.743611+07:00,0.018,0.032,0.014
2026-07-28T19:05:19.747611+07:00,0.042,0.056,0.014
2026-07-28T19:05:19.751611+07:00,0.074,0.086,0.013
2026-07-28T19:05:19.755611+07:00,0.069,0.084,0.015
2026-07-28T19:05:19.759611+07:00,0.049,0.068,0.019
2026-07-28T19:05:19.763611+07:00,0.035,0.056,0.022
2026-07-28T19:05:19.767611+07:00,0.064,0.083,0.019
2026-07-28T19:05:19.771611+07:00,0.021,0.044,0.023
2026-07-28T19:05:19.775611+07:00,0.051,0.071,0.02
2026-07-28T19:05:19.779611+07:00,0.054,0.073,0.018
2026-07-28T19:05:19.783611+07:00,0.055,0.072,0.017
2026-07-28T19:05:19.787611+07:00,0.018,0.036,0.018
2026-07-28T19:05:19.791611+07:00,0.026,0.041,0.015
2026-07-28T19:05:19.795611+07:00,0.035,0.047,0.012
2026-07-28T19:05:19.799611+07:00,-0.003,0.01,0.013
2026-07-28T19:05:19.803611+07:00,0.017,0.026,0.008
2026-07-28T19:05:19.807611+07:00,-0.02,-0.011,0.01
2026-07-28T19:05:19.811611+07:00,-0.057,-0.046,0.011
2026-07-28T19:05:19.815611+07:00,-0.008,-0.004,0.004
2026-07-28T19:05:19.819611+07:00,-0.014,-0.011,0.003
2026-07-28T19:05:19.823611+07:00,-0.052,-0.046,0.006
2026-07-28T19:05:19.827611+07:00,-0.03,-0.028,0.002
2026-07-28T19:05:19.831611+07:00,-0.026,-0.025,0.001
2026-07-28T19:05:19.835611+07:00,-0.024,-0.024,-0.0
2026-07-28T19:05:19.839611+07:00,-0.056,-0.054,0.003
2026-07-28T19:05:19.843611+07:00,-0.086,-0.081,0.005
2026-07-28T19:05:19.847611+07:00,-0.07,-0.067,0.003
2026-07-28T19:05:19.851611+07:00,-0.022,-0.024,-0.002
2026-07-28T19:05:19.855611+07:00,-0.027,-0.029,-0.002
2026-07-28T19:05:19.859611+07:00,-0.043,-0.043,-0.0
2026-07-28T19:05:19.863611+07:00,-0.035,-0.036,-0.001
2026-07-28T19:05:19.867611+07:00,-0.06,-0.058,0.001
2026-07-28T19:05:19.871611+07:00,-0.05,-0.05,0.0
2026-07-28T19:05:19.875611+07:00,-0.033,-0.034,-0.001
2026-07-28T19:05:19.879611+07:00,-0.047,-0.047,0.0
2026-07-28T19:05:19.883611+07:00,-0.043,-0.043,-0.0
2026-07-28T19:05:19.887611+07:00,-0.045,-0.045,-0.0
2026-07-28T19:05:19.891611+07:00,-0.042,-0.042,-0.0
2026-07-28T19:05:19.895611+07:00,-0.06,-0.059,0.001
2026-07-28T19:05:19.899611+07:00,-0.061,-0.06,0.002
2026-07-28T19:05:19.903611+07:00,-0.032,-0.034,-0.001
2026-07-28T19:05:19.907611+07:00,-0.058,-0.057,0.001
2026-07-28T19:05:19.911611+07:00,-0.068,-0.066,0.002
2026-07-28T19:05:19.915611+07:00,-0.006,-0.01,-0.004
2026-07-28T19:05:19.919611+07:00,-0.051,-0.05,0.0
2026-07-28T19:05:19.923611+07:00,-0.013,-0.016,-0.003
2026-07-28T19:05:19.927611+07:00,-0.031,-0.032,-0.002
2026-07-28T19:05:19.931611+07:00,-0.059,-0.058,0.001
2026-07-28T19:05:19.935611+07:00,-0.049,-0.049,0.0
2026-07-28T19:05:19.939611+07:00,-0.046,-0.046,-0.0
2026-07-28T19:05:19.943611+07:00,-0.057,-0.056,0.001
2026-07-28T19:05:19.947611+07:00,-0.055,-0.054,0.001
2026-07-28T19:05:19.951611+07:00,-0.009,-0.012,-0.004
2026-07-28T19:05:19.955611+07:00,-0.062,-0.06,0.001
2026-07-28T19:05:19.959611+07:00,-0.025,-0.028,-0.002
2026-07-28T19:05:19.963611+07:00,-0.063,-0.062,0.002
2026-07-28T19:05:19.967611+07:00,-0.067,-0.065,0.002
2026-07-28T19:05:19.971611+07:00,-0.034,-0.035,-0.001
2026-07-28T19:05:19.975611+07:00,-0.062,-0.06,0.001
2026-07-28T19:05:19.979611+07:00,-0.012,-0.016,-0.004
2026-07-28T19:05:19.983611+07:00,-0.045,-0.045,-0.0
2026-07-28T19:05:19.987611+07:00,-0.045,-0.045,-0.0
2026-07-28T19:05:19.991611+07:00,-0.019,-0.022,-0.003
2026-07-28T19:05:19.995611+07:00,-0.035,-0.036,-0.001
2026-07-28T19:05:19.999611+07:00,-0.063,-0.062,0.002
2026-07-28T19:05:20.003611+07:00,-0.05,-0.05,0.0
2026-07-28T19:05:20.007611+07:00,-0.016,-0.019,-0.003
2026-07-28T19:05:20.011611+07:00,-0.045,-0.045,-0.0
2026-07-28T19:05:20.015611+07:00,-0.072,-0.07,0.002
2026-07-28T19:05:20.019611+07:00,-0.053,-0.053,0.001
2026-07-28T19:05:20.023611+07:00,-0.074,-0.071,0.003
2026-07-28T19:05:20.027611+07:00,-0.046,-0.046,-0.0
2026-07-28T19:05:20.031611+07:00,-0.048,-0.048,-0.0
2026-07-28T19:05:20.035611+07:00,-0.019,-0.022,-0.003
2026-07-28T19:05:20.039611+07:00,-0.039,-0.04,-0.001
2026-07-28T19:05:20.043611+07:00,-0.029,-0.031,-0.002
2026-07-28T19:05:20.047611+07:00,-0.071,-0.069,0.002
2026-07-28T19:05:20.051611+07:00,-0.043,-0.044,-0.0
2026-07-28T19:05:20.055611+07:00,-0.061,-0.06,0.001
2026-07-28T19:05:20.059611+07:00,-0.02,-0.023,-0.003
2026-07-28T19:05:20.063611+07:00,-0.043,-0.043,-0.001
2026-07-28T19:05:20.067611+07:00,-0.054,-0.054,0.001
2026-07-28T19:05:20.071611+07:00,-0.016,-0.019,-0.003
2026-07-28T19:05:20.075611+07:00,-0.04,-0.04,-0.001
2026-07-28T19:05:20.079611+07:00,-0.039,-0.04,-0.001
2026-07-28T19:05:20.083611+07:00,-0.057,-0.057,0.001
2026-07-28T19:05:20.087611+07:00,-0.053,-0.053,0.0
2026-07-28T19:05:20.091611+07:00,-0.019,-0.022,-0.003
2026-07-28T19:05:20.095611+07:00,-0.066,-0.065,0.002
2026-07-28T19:05:20.099611+07:00,-0.096,-0.091,0.005
2026-07-28T19:05:20.103611+07:00,-0.017,-0.02,-0.003
2026-07-28T19:05:20.107611+07:00,-0.051,-0.051,0.0
2026-07-28T19:05:20.111611+07:00,-0.043,-0.044,-0.001
2026-07-28T19:05:20.115611+07:00,-0.084,-0.081,0.004
2026-07-28T19:05:20.119611+07:00,-0.035,-0.036,-0.001
2026-07-28T19:05:20.123611+07:00,-0.055,-0.055,0.001
2026-07-28T19:05:20.127611+07:00,-0.035,-0.036,-0.001
2026-07-28T19:05:20.131611+07:00,-0.048,-0.048,-0.0
2026-07-28T19:05:20.135611+07:00,-0.043,-0.043,-0.001
2026-07-28T19:05:20.139611+07:00,-0.019,-0.022,-0.003
2026-07-28T19:05:20.143611+07:00,-0.079,-0.076,0.003
2026-07-28T19:05:20.147611+07:00,-0.082,-0.079,0.003
2026-07-28T19:05:20.151611+07:00,-0.036,-0.038,-0.001
2026-07-28T19:05:20.155611+07:00,-0.023,-0.026,-0.003
2026-07-28T19:05:20.159611+07:00,-0.047,-0.047,-0.0
2026-07-28T19:05:20.163611+07:00,-0.094,-0.09,0.004
2026-07-28T19:05:20.167611+07:00,-0.056,-0.055,0.001
2026-07-28T19:05:20.171611+07:00,-0.04,-0.041,-0.001
2026-07-28T19:05:20.175611+07:00,-0.045,-0.045,-0.0
2026-07-28T19:05:20.179611+07:00,-0.039,-0.04,-0.001
2026-07-28T19:05:20.183611+07:00,-0.029,-0.031,-0.002
2026-07-28T19:05:20.187611+07:00,-0.087,-0.083,0.004
2026-07-28T19:05:20.191611+07:00,0.003,-0.002,-0.005
2026-07-28T19:05:20.195611+07:00,-0.062,-0.061,0.001
2026-07-28T19:05:20.199611+07:00,-0.077,-0.074,0.003
2026-07-28T19:05:20.203611+07:00,-0.061,-0.06,0.001
2026-07-28T19:05:20.207611+07:00,-0.045,-0.046,-0.0
2026-07-28T19:05:20.211611+07:00,-0.061,-0.06,0.001
2026-07-28T19:05:20.215611+07:00,-0.042,-0.042,-0.001
2026-07-28T19:05:20.219611+07:00,-0.071,-0.069,0.002
2026-07-28T19:05:20.223611+07:00,-0.049,-0.049,0.0
2026-07-28T19:05:20.227611+07:00,-0.047,-0.047,-0.0
2026-07-28T19:05:20.231611+07:00,-0.045,-0.045,0.0
2026-07-28T19:05:20.235611+07:00,-0.062,-0.06,0.002
2026-07-28T19:05:20.239611+07:00,-0.037,-0.036,0.001
2026-07-28T19:05:20.243611+07:00,-0.017,-0.016,0.001
2026-07-28T19:05:20.247611+07:00,-0.057,-0.05,0.007
2026-07-28T19:05:20.251611+07:00,-0.019,-0.012,0.006
2026-07-28T19:05:20.255611+07:00,-0.011,-0.002,0.009
2026-07-28T19:05:20.259611+07:00,-0.026,-0.012,0.014
2026-07-28T19:05:20.263611+07:00,0.019,0.031,0.012
2026-07-28T19:05:20.267611+07:00,-0.054,-0.033,0.021
2026-07-28T19:05:20.271611+07:00,-0.01,0.007,0.017
2026-07-28T19:05:20.275611+07:00,-0.001,0.013,0.014
2026-07-28T19:05:20.279611+07:00,0.005,0.015,0.011
2026-07-28T19:05:20.283611+07:00,-0.028,-0.017,0.011
2026-07-28T19:05:20.287611+07:00,-0.015,-0.01,0.006
2026-07-28T19:05:20.291611+07:00,-0.023,-0.02,0.004
2026-07-28T19:05:20.295611+07:00,-0.043,-0.04,0.003
2026-07-28T19:05:20.299611+07:00,-0.04,-0.038,0.001
2026-07-28T19:05:20.303611+07:00,-0.036,-0.036,-0.0
2026-07-28T19:05:20.307611+07:00,-0.043,-0.043,-0.0
2026-07-28T19:05:20.311611+07:00,-0.042,-0.043,-0.001
2026-07-28T19:05:20.315611+07:00,-0.028,-0.03,-0.002
2026-07-28T19:05:20.319611+07:00,-0.038,-0.04,-0.001
2026-07-28T19:05:20.323611+07:00,-0.052,-0.052,0.0
2026-07-28T19:05:20.327611+07:00,-0.037,-0.039,-0.001
2026-07-28T19:05:20.331611+07:00,-0.048,-0.049,-0.001
2026-07-28T19:05:20.335611+07:00,-0.043,-0.048,-0.005
2026-07-28T19:05:20.339611+07:00,-0.139,-0.139,0.0
2026-07-28T19:05:20.343611+07:00,-0.091,-0.091,0.0
2026-07-28T19:05:20.347611+07:00,-0.057,-0.054,0.004
2026-07-28T19:05:20.351611+07:00,0.017,0.029,0.012
2026-07-28T19:05:20.355611+07:00,0.08,0.135,0.055
2026-07-28T19:05:20.359611+07:00,0.24,0.387,0.148
2026-07-28T19:05:20.363611+07:00,0.536,0.812,0.276
2026-07-28T19:05:20.367611+07:00,0.754,1.135,0.38
2026-07-28T19:05:20.371611+07:00,0.712,1.096,0.384
2026-07-28T19:05:20.375611+07:00,0.483,0.761,0.279
2026-07-28T19:05:20.379611+07:00,0.204,0.349,0.144
2026-07-28T19:05:20.383611+07:00,0.02,0.068,0.048
2026-07-28T19:05:20.387611+07:00,-0.095,-0.093,0.002
2026-07-28T19:05:20.391611+07:00,-0.121,-0.14,-0.019
2026-07-28T19:05:20.395611+07:00,-0.166,-0.191,-0.025
2026-07-28T19:05:20.399611+07:00,-0.2,-0.225,-0.025
2026-07-28T19:05:20.403611+07:00,-0.173,-0.198,-0.025
2026-07-28T19:05:20.407611+07:00,-0.176,-0.193,-0.017
2026-07-28T19:05:20.411611+07:00,-0.099,-0.115,-0.016
2026-07-28T19:05:20.415611+07:00,-0.156,-0.158,-0.002
2026-07-28T19:05:20.419611+07:00,-0.1,-0.102,-0.002
2026-07-28T19:05:20.423611+07:00,-0.086,-0.085,0.001
2026-07-28T19:05:20.427611+07:00,-0.072,-0.071,0.001
2026-07-28T19:05:20.431611+07:00,-0.052,-0.052,-0.0
2026-07-28T19:05:20.435611+07:00,-0.055,-0.054,0.0
2026-07-28T19:05:20.439611+07:00,-0.05,-0.05,0.0
2026-07-28T19:05:20.443611+07:00,-0.067,-0.065,0.002
2026-07-28T19:05:20.447611+07:00,-0.051,-0.051,0.0
2026-07-28T19:05:20.451611+07:00,-0.09,-0.086,0.004
2026-07-28T19:05:20.455611+07:00,-0.049,-0.049,-0.0
2026-07-28T19:05:20.459611+07:00,-0.045,-0.046,-0.0
2026-07-28T19:05:20.463611+07:00,-0.053,-0.053,0.0
2026-07-28T19:05:20.467611+07:00,-0.025,-0.028,-0.002
2026-07-28T19:05:20.471611+07:00,-0.056,-0.055,0.001
2026-07-28T19:05:20.475611+07:00,-0.043,-0.044,-0.0
2026-07-28T19:05:20.479611+07:00,-0.068,-0.066,0.002
2026-07-28T19:05:20.483611+07:00,-0.055,-0.054,0.001
2026-07-28T19:05:20.487611+07:00,-0.071,-0.069,0.003
2026-07-28T19:05:20.491611+07:00,-0.019,-0.022,-0.002
2026-07-28T19:05:20.495611+07:00,-0.024,-0.025,-0.002
2026-07-28T19:05:20.499611+07:00,-0.026,-0.027,-0.001
2026-07-28T19:05:20.503611+07:00,-0.03,-0.03,0.0
2026-07-28T19:05:20.507611+07:00,-0.039,-0.038,0.002
2026-07-28T19:05:20.511611+07:00,-0.006,-0.007,-0.001
2026-07-28T19:05:20.515611+07:00,-0.075,-0.067,0.007
2026-07-28T19:05:20.519611+07:00,0.02,0.019,-0.001
2026-07-28T19:05:20.523611+07:00,-0.021,-0.016,0.005
2026-07-28T19:05:20.527611+07:00,-0.01,-0.004,0.006
2026-07-28T19:05:20.531611+07:00,0.033,0.037,0.004
2026-07-28T19:05:20.535611+07:00,-0.0,0.01,0.01
2026-07-28T19:05:20.539611+07:00,0.045,0.053,0.008
2026-07-28T19:05:20.543611+07:00,-0.003,0.012,0.015
2026-07-28T19:05:20.547611+07:00,0.049,0.061,0.012
2026-07-28T19:05:20.551611+07:00,0.025,0.042,0.017
2026-07-28T19:05:20.555611+07:00,0.021,0.041,0.02
2026-07-28T19:05:20.559611+07:00,0.049,0.068,0.018
2026-07-28T19:05:20.563611+07:00,0.066,0.084,0.018
2026-07-28T19:05:20.567611+07:00,0.046,0.066,0.02
2026-07-28T19:05:20.571611+07:00,0.044,0.064,0.021
2026-07-28T19:05:20.575611+07:00,0.074,0.091,0.017
2026-07-28T19:05:20.579611+07:00,0.028,0.048,0.021
2026-07-28T19:05:20.583611+07:00,0.03,0.049,0.019
2026-07-28T19:05:20.587611+07:00,0.055,0.069,0.014
2026-07-28T19:05:20.591611+07:00,0.043,0.056,0.013
2026-07-28T19:05:20.595611+07:00,0.025,0.037,0.012
2026-07-28T19:05:20.599611+07:00,0.011,0.022,0.011
2026-07-28T19:05:20.603611+07:00,0.011,0.02,0.009
2026-07-28T19:05:20.607611+07:00,-0.01,-0.002,0.008
2026-07-28T19:05:20.611611+07:00,0.037,0.038,0.001
2026-07-28T19:05:20.615611+07:00,-0.006,-0.002,0.004
2026-07-28T19:05:20.619611+07:00,-0.028,-0.024,0.004
2026-07-28T19:05:20.623611+07:00,-0.03,-0.027,0.003
2026-07-28T19:05:20.627611+07:00,-0.048,-0.045,0.004
2026-07-28T19:05:20.631611+07:00,-0.032,-0.031,0.001
2026-07-28T19:05:20.635611+07:00,-0.017,-0.018,-0.001
2026-07-28T19:05:20.639611+07:00,-0.031,-0.032,-0.0
2026-07-28T19:05:20.643611+07:00,-0.048,-0.047,0.001
2026-07-28T19:05:20.647611+07:00,-0.043,-0.043,0.0
2026-07-28T19:05:20.651611+07:00,-0.014,-0.017,-0.003
2026-07-28T19:05:20.655611+07:00,-0.033,-0.034,-0.001
2026-07-28T19:05:20.659611+07:00,-0.06,-0.059,0.001
2026-07-28T19:05:20.663611+07:00,-0.003,-0.007,-0.004
2026-07-28T19:05:20.667611+07:00,-0.008,-0.012,-0.004
2026-07-28T19:05:20.671611+07:00,-0.029,-0.031,-0.002
2026-07-28T19:05:20.675611+07:00,-0.092,-0.088,0.005
2026-07-28T19:05:20.679611+07:00,-0.037,-0.038,-0.001
2026-07-28T19:05:20.683611+07:00,-0.059,-0.058,0.001
2026-07-28T19:05:20.687611+07:00,-0.054,-0.053,0.001
2026-07-28T19:05:20.691611+07:00,-0.084,-0.08,0.004
2026-07-28T19:05:20.695611+07:00,-0.045,-0.045,-0.0
2026-07-28T19:05:20.699611+07:00,-0.048,-0.047,0.0
2026-07-28T19:05:20.703611+07:00,-0.056,-0.055,0.001
2026-07-28T19:05:20.707611+07:00,-0.069,-0.067,0.002
2026-07-28T19:05:20.711611+07:00,-0.061,-0.059,0.001
2026-07-28T19:05:20.715611+07:00,-0.063,-0.061,0.002
2026-07-28T19:05:20.719611+07:00,-0.033,-0.034,-0.001
2026-07-28T19:05:20.723611+07:00,-0.034,-0.035,-0.001
2026-07-28T19:05:20.727611+07:00,-0.029,-0.031,-0.002
2026-07-28T19:05:20.731611+07:00,-0.051,-0.051,0.0
2026-07-28T19:05:20.735611+07:00,-0.045,-0.045,-0.0
2026-07-28T19:05:20.739611+07:00,-0.058,-0.057,0.001
2026-07-28T19:05:20.743611+07:00,-0.022,-0.024,-0.002
2026-07-28T19:05:20.747611+07:00,-0.032,-0.034,-0.001
2026-07-28T19:05:20.751611+07:00,-0.073,-0.071,0.003
2026-07-28T19:05:20.755611+07:00,-0.031,-0.032,-0.002
2026-07-28T19:05:20.759611+07:00,-0.065,-0.063,0.002
2026-07-28T19:05:20.763611+07:00,-0.059,-0.057,0.001
2026-07-28T19:05:20.767611+07:00,-0.076,-0.073,0.003
2026-07-28T19:05:20.771611+07:00,-0.035,-0.036,-0.001
2026-07-28T19:05:20.775611+07:00,-0.043,-0.043,-0.0
2026-07-28T19:05:20.779611+07:00,-0.052,-0.051,0.001
2026-07-28T19:05:20.783611+07:00,-0.048,-0.048,0.0
2026-07-28T19:05:20.787611+07:00,-0.036,-0.037,-0.001
2026-07-28T19:05:20.791611+07:00,-0.036,-0.037,-0.001
2026-07-28T19:05:20.795611+07:00,-0.069,-0.067,0.002
2026-07-28T19:05:20.799611+07:00,-0.054,-0.053,0.001
2026-07-28T19:05:20.803611+07:00,-0.07,-0.068,0.003
2026-07-28T19:05:20.807611+07:00,-0.026,-0.028,-0.002
2026-07-28T19:05:20.811611+07:00,-0.035,-0.036,-0.001
2026-07-28T19:05:20.815611+07:00,-0.037,-0.038,-0.001
2026-07-28T19:05:20.819611+07:00,-0.032,-0.033,-0.001
2026-07-28T19:05:20.823611+07:00,-0.026,-0.028,-0.002
2026-07-28T19:05:20.827611+07:00,-0.034,-0.035,-0.001
2026-07-28T19:05:20.831611+07:00,-0.03,-0.031,-0.001
2026-07-28T19:05:20.835611+07:00,-0.032,-0.033,-0.001
2026-07-28T19:05:20.839611+07:00,-0.045,-0.045,0.0
2026-07-28T19:05:20.843611+07:00,-0.037,-0.037,-0.001
2026-07-28T19:05:20.847611+07:00,-0.046,-0.046,0.0
2026-07-28T19:05:20.851611+07:00,-0.046,-0.046,0.0
2026-07-28T19:05:20.855611+07:00,-0.032,-0.033,-0.001
2026-07-28T19:05:20.859611+07:00,-0.06,-0.058,0.002
2026-07-28T19:05:20.863611+07:00,-0.055,-0.054,0.001
2026-07-28T19:05:20.867611+07:00,-0.059,-0.057,0.002
2026-07-28T19:05:20.871611+07:00,-0.072,-0.069,0.003
2026-07-28T19:05:20.875611+07:00,-0.043,-0.043,-0.0
2026-07-28T19:05:20.879611+07:00,-0.074,-0.071,0.003
2026-07-28T19:05:20.883611+07:00,-0.03,-0.031,-0.001
2026-07-28T19:05:20.887611+07:00,-0.089,-0.084,0.005
2026-07-28T19:05:20.891611+07:00,-0.065,-0.063,0.002
2026-07-28T19:05:20.895611+07:00,-0.039,-0.039,-0.0
2026-07-28T19:05:20.899611+07:00,-0.03,-0.031,-0.001
2026-07-28T19:05:20.903611+07:00,-0.045,-0.045,0.0
2026-07-28T19:05:20.907611+07:00,-0.075,-0.072,0.003
2026-07-28T19:05:20.911611+07:00,-0.062,-0.06,0.002
2026-07-28T19:05:20.915611+07:00,-0.052,-0.051,0.001
2026-07-28T19:05:20.919611+07:00,-0.046,-0.046,0.0
2026-07-28T19:05:20.923611+07:00,-0.021,-0.023,-0.002
2026-07-28T19:05:20.927611+07:00,-0.048,-0.048,0.001
2026-07-28T19:05:20.931611+07:00,-0.041,-0.041,-0.0
2026-07-28T19:05:20.935611+07:00,-0.044,-0.044,0.0
2026-07-28T19:05:20.939611+07:00,-0.039,-0.039,-0.0
2026-07-28T19:05:20.943611+07:00,-0.058,-0.056,0.002
2026-07-28T19:05:20.947611+07:00,-0.033,-0.034,-0.001
2026-07-28T19:05:20.951611+07:00,-0.032,-0.033,-0.001
2026-07-28T19:05:20.955611+07:00,-0.035,-0.035,-0.001
2026-07-28T19:05:20.959611+07:00,-0.052,-0.051,0.001
2026-07-28T19:05:20.963611+07:00,-0.034,-0.035,-0.001
2026-07-28T19:05:20.967611+07:00,-0.041,-0.041,0.0
2026-07-28T19:05:20.971611+07:00,-0.02,-0.022,-0.002
2026-07-28T19:05:20.975611+07:00,-0.082,-0.078,0.004
2026-07-28T19:05:20.979611+07:00,-0.035,-0.036,-0.001
2026-07-28T19:05:20.983611+07:00,-0.035,-0.036,-0.001
2026-07-28T19:05:20.987611+07:00,-0.062,-0.06,0.002
2026-07-28T19:05:20.991611+07:00,-0.022,-0.023,-0.002
2026-07-28T19:05:20.995611+07:00,-0.089,-0.084,0.005
2026-07-28T19:05:20.999611+07:00,-0.042,-0.042,0.0
2026-07-28T19:05:21.003611+07:00,-0.025,-0.027,-0.001
2026-07-28T19:05:21.007611+07:00,-0.018,-0.02,-0.002
2026-07-28T19:05:21.011611+07:00,-0.009,-0.012,-0.003
2026-07-28T19:05:21.015611+07:00,-0.014,-0.017,-0.003
2026-07-28T19:05:21.019611+07:00,-0.015,-0.017,-0.002
2026-07-28T19:05:21.023611+07:00,-0.06,-0.058,0.002
2026-07-28T19:05:21.027611+07:00,-0.047,-0.046,0.001
2026-07-28T19:05:21.031611+07:00,-0.071,-0.068,0.004
2026-07-28T19:05:21.035611+07:00,-0.024,-0.024,-0.0
2026-07-28T19:05:21.039611+07:00,-0.023,-0.022,0.001
2026-07-28T19:05:21.043611+07:00,-0.012,-0.011,0.001
2026-07-28T19:05:21.047611+07:00,-0.017,-0.013,0.004
2026-07-28T19:05:21.051611+07:00,0.001,0.006,0.005
2026-07-28T19:05:21.055611+07:00,-0.014,-0.004,0.01
2026-07-28T19:05:21.059611+07:00,-0.018,-0.004,0.014
2026-07-28T19:05:21.063611+07:00,0.002,0.017,0.015
2026-07-28T19:05:21.067611+07:00,-0.002,0.015,0.017
2026-07-28T19:05:21.071611+07:00,-0.026,-0.007,0.019
2026-07-28T19:05:21.075611+07:00,-0.005,0.011,0.016
2026-07-28T19:05:21.079611+07:00,0.003,0.015,0.012
2026-07-28T19:05:21.083611+07:00,-0.032,-0.019,0.012
2026-07-28T19:05:21.087611+07:00,-0.03,-0.022,0.009
2026-07-28T19:05:21.091611+07:00,-0.029,-0.024,0.005
2026-07-28T19:05:21.095611+07:00,0.002,0.002,-0.0
2026-07-28T19:05:21.099611+07:00,-0.045,-0.042,0.003
2026-07-28T19:05:21.103611+07:00,-0.044,-0.042,0.002
2026-07-28T19:05:21.107611+07:00,-0.046,-0.044,0.001
2026-07-28T19:05:21.111611+07:00,-0.027,-0.028,-0.001
2026-07-28T19:05:21.115611+07:00,-0.021,-0.022,-0.001
2026-07-28T19:05:21.119611+07:00,-0.015,-0.017,-0.002
2026-07-28T19:05:21.123611+07:00,-0.001,-0.004,-0.004
2026-07-28T19:05:21.127611+07:00,-0.054,-0.052,0.002
2026-07-28T19:05:21.131611+07:00,-0.03,-0.031,-0.001
2026-07-28T19:05:21.135611+07:00,-0.05,-0.053,-0.003
2026-07-28T19:05:21.139611+07:00,-0.069,-0.075,-0.005
2026-07-28T19:05:21.143611+07:00,-0.077,-0.077,0.0
2026-07-28T19:05:21.147611+07:00,-0.025,-0.023,0.002
2026-07-28T19:05:21.151611+07:00,-0.023,-0.006,0.018
2026-07-28T19:05:21.155611+07:00,0.059,0.117,0.058
2026-07-28T19:05:21.159611+07:00,0.232,0.381,0.15
2026-07-28T19:05:21.163611+07:00,0.528,0.807,0.278
2026-07-28T19:05:21.167611+07:00,0.735,1.119,0.384
2026-07-28T19:05:21.171611+07:00,0.75,1.132,0.381
2026-07-28T19:05:21.175611+07:00,0.494,0.773,0.279
2026-07-28T19:05:21.179611+07:00,0.201,0.347,0.146
2026-07-28T19:05:21.183611+07:00,0.032,0.08,0.048
2026-07-28T19:05:21.187611+07:00,-0.095,-0.091,0.004
2026-07-28T19:05:21.191611+07:00,-0.136,-0.152,-0.016
2026-07-28T19:05:21.195611+07:00,-0.168,-0.191,-0.023
2026-07-28T19:05:21.199611+07:00,-0.183,-0.208,-0.025
2026-07-28T19:05:21.203611+07:00,-0.195,-0.216,-0.021
2026-07-28T19:05:21.207611+07:00,-0.101,-0.125,-0.023
2026-07-28T19:05:21.211611+07:00,-0.06,-0.079,-0.018
2026-07-28T19:05:21.215611+07:00,-0.08,-0.088,-0.008
2026-07-28T19:05:21.219611+07:00,-0.067,-0.07,-0.003
2026-07-28T19:05:21.223611+07:00,-0.031,-0.034,-0.003
2026-07-28T19:05:21.227611+07:00,-0.023,-0.025,-0.002
2026-07-28T19:05:21.231611+07:00,-0.058,-0.056,0.002
2026-07-28T19:05:21.235611+07:00,-0.056,-0.054,0.002
2026-07-28T19:05:21.239611+07:00,-0.015,-0.017,-0.002
2026-07-28T19:05:21.243611+07:00,-0.061,-0.059,0.003
2026-07-28T19:05:21.247611+07:00,-0.013,-0.015,-0.002
2026-07-28T19:05:21.251611+07:00,0.003,-0.001,-0.003
2026-07-28T19:05:21.255611+07:00,-0.015,-0.016,-0.002
2026-07-28T19:05:21.259611+07:00,-0.038,-0.037,0.001
2026-07-28T19:05:21.263611+07:00,-0.024,-0.025,-0.001
2026-07-28T19:05:21.267611+07:00,-0.043,-0.042,0.001
2026-07-28T19:05:21.271611+07:00,-0.018,-0.019,-0.001
2026-07-28T19:05:21.275611+07:00,-0.022,-0.023,-0.001
2026-07-28T19:05:21.279611+07:00,-0.045,-0.043,0.002
2026-07-28T19:05:21.283611+07:00,-0.001,-0.004,-0.003
2026-07-28T19:05:21.287611+07:00,-0.034,-0.033,0.001
2026-07-28T19:05:21.291611+07:00,-0.012,-0.014,-0.001
2026-07-28T19:05:21.295611+07:00,-0.032,-0.031,0.001
2026-07-28T19:05:21.299611+07:00,-0.058,-0.054,0.004
2026-07-28T19:05:21.303611+07:00,-0.036,-0.033,0.003
2026-07-28T19:05:21.307611+07:00,-0.018,-0.017,0.002
2026-07-28T19:05:21.311611+07:00,-0.046,-0.041,0.005
2026-07-28T19:05:21.315611+07:00,-0.048,-0.041,0.007
2026-07-28T19:05:21.319611+07:00,0.004,0.007,0.003
2026-07-28T19:05:21.323611+07:00,-0.007,-0.001,0.006
2026-07-28T19:05:21.327611+07:00,-0.01,-0.002,0.008
2026-07-28T19:05:21.331611+07:00,0.025,0.032,0.007
2026-07-28T19:05:21.335611+07:00,0.025,0.034,0.009
2026-07-28T19:05:21.339611+07:00,0.041,0.051,0.01
2026-07-28T19:05:21.343611+07:00,0.036,0.05,0.013
2026-07-28T19:05:21.347611+07:00,0.043,0.058,0.015
2026-07-28T19:05:21.351611+07:00,0.082,0.096,0.013
2026-07-28T19:05:21.355611+07:00,0.059,0.077,0.018
2026-07-28T19:05:21.359611+07:00,0.035,0.057,0.022
2026-07-28T19:05:21.363611+07:00,0.062,0.082,0.02
2026-07-28T19:05:21.367611+07:00,0.055,0.077,0.022
2026-07-28T19:05:21.371611+07:00,0.047,0.07,0.022
2026-07-28T19:05:21.375611+07:00,0.096,0.113,0.017
2026-07-28T19:05:21.379611+07:00,0.044,0.065,0.021
2026-07-28T19:05:21.383611+07:00,0.073,0.09,0.017
2026-07-28T19:05:21.387611+07:00,0.066,0.081,0.015
2026-07-28T19:05:21.391611+07:00,0.039,0.055,0.016
2026-07-28T19:05:21.395611+07:00,0.05,0.062,0.012
2026-07-28T19:05:21.399611+07:00,0.02,0.032,0.013
2026-07-28T19:05:21.403611+07:00,0.009,0.02,0.011
2026-07-28T19:05:21.407611+07:00,-0.009,0.001,0.01
2026-07-28T19:05:21.411611+07:00,0.011,0.018,0.006
2026-07-28T19:05:21.415611+07:00,0.015,0.019,0.004
2026-07-28T19:05:21.419611+07:00,0.003,0.007,0.003
2026-07-28T19:05:21.423611+07:00,-0.019,-0.015,0.004
2026-07-28T19:05:21.427611+07:00,-0.016,-0.013,0.003
2026-07-28T19:05:21.431611+07:00,-0.038,-0.034,0.004
2026-07-28T19:05:21.435611+07:00,-0.017,-0.016,0.001
2026-07-28T19:05:21.439611+07:00,-0.052,-0.048,0.004
2026-07-28T19:05:21.443611+07:00,-0.045,-0.042,0.003
2026-07-28T19:05:21.447611+07:00,-0.024,-0.024,0.001
2026-07-28T19:05:21.451611+07:00,-0.028,-0.027,0.001
2026-07-28T19:05:21.455611+07:00,-0.056,-0.052,0.003
2026-07-28T19:05:21.459611+07:00,-0.047,-0.045,0.003
2026-07-28T19:05:21.463611+07:00,-0.03,-0.03,0.001
2026-07-28T19:05:21.467611+07:00,0.012,0.009,-0.003
2026-07-28T19:05:21.471611+07:00,0.024,0.019,-0.005
2026-07-28T19:05:21.475611+07:00,-0.012,-0.013,-0.001
2026-07-28T19:05:21.479611+07:00,0.01,0.007,-0.003
2026-07-28T19:05:21.483611+07:00,0.026,0.021,-0.005
2026-07-28T19:05:21.487611+07:00,-0.063,-0.059,0.004
2026-07-28T19:05:21.491611+07:00,-0.052,-0.049,0.003
2026-07-28T19:05:21.495611+07:00,-0.065,-0.061,0.004
2026-07-28T19:05:21.499611+07:00,-0.03,-0.029,0.001
2026-07-28T19:05:21.503611+07:00,-0.044,-0.042,0.002
2026-07-28T19:05:21.507611+07:00,-0.057,-0.053,0.004
2026-07-28T19:05:21.511611+07:00,-0.025,-0.025,0.0
2026-07-28T19:05:21.515611+07:00,-0.014,-0.015,-0.001
2026-07-28T19:05:21.519611+07:00,-0.06,-0.056,0.004
2026-07-28T19:05:21.523611+07:00,-0.046,-0.044,0.003
2026-07-28T19:05:21.527611+07:00,0.003,0.001,-0.002
2026-07-28T19:05:21.531611+07:00,-0.01,-0.011,-0.001
2026-07-28T19:05:21.535611+07:00,0.003,0.001,-0.002
2026-07-28T19:05:21.539611+07:00,-0.024,-0.023,0.0
2026-07-28T19:05:21.543611+07:00,-0.06,-0.056,0.004
2026-07-28T19:05:21.547611+07:00,-0.034,-0.033,0.001
2026-07-28T19:05:21.551611+07:00,-0.029,-0.028,0.001
2026-07-28T19:05:21.555611+07:00,-0.01,-0.011,-0.001
2026-07-28T19:05:21.559611+07:00,-0.039,-0.037,0.002
2026-07-28T19:05:21.563611+07:00,-0.011,-0.011,-0.001
2026-07-28T19:05:21.567611+07:00,-0.027,-0.026,0.001
2026-07-28T19:05:21.571611+07:00,-0.014,-0.015,-0.0
2026-07-28T19:05:21.575611+07:00,-0.054,-0.05,0.003
2026-07-28T19:05:21.579611+07:00,-0.027,-0.026,0.001
2026-07-28T19:05:21.583611+07:00,-0.013,-0.014,-0.001
2026-07-28T19:05:21.587611+07:00,0.034,0.029,-0.005
2026-07-28T19:05:21.591611+07:00,-0.024,-0.023,0.001
2026-07-28T19:05:21.595611+07:00,-0.008,-0.009,-0.001
2026-07-28T19:05:21.599611+07:00,-0.039,-0.037,0.002
2026-07-28T19:05:21.603611+07:00,-0.021,-0.021,0.0
2026-07-28T19:05:21.607611+07:00,-0.002,-0.004,-0.002
2026-07-28T19:05:21.611611+07:00,0.025,0.021,-0.004
2026-07-28T19:05:21.615611+07:00,-0.035,-0.033,0.002
2026-07-28T19:05:21.619611+07:00,-0.048,-0.045,0.003
2026-07-28T19:05:21.623611+07:00,-0.016,-0.016,-0.0
2026-07-28T19:05:21.627611+07:00,-0.015,-0.015,-0.0
2026-07-28T19:05:21.631611+07:00,-0.01,-0.01,-0.001
2026-07-28T19:05:21.635611+07:00,-0.03,-0.028,0.001
2026-07-28T19:05:21.639611+07:00,0.011,0.008,-0.003
2026-07-28T19:05:21.643611+07:00,-0.037,-0.035,0.002
2026-07-28T19:05:21.647611+07:00,-0.049,-0.046,0.003
2026-07-28T19:05:21.651611+07:00,-0.011,-0.011,-0.0
2026-07-28T19:05:21.655611+07:00,0.012,0.01,-0.003
2026-07-28T19:05:21.659611+07:00,-0.027,-0.026,0.001
2026-07-28T19:05:21.663611+07:00,-0.033,-0.031,0.002
2026-07-28T19:05:21.667611+07:00,-0.07,-0.065,0.006
2026-07-28T19:05:21.671611+07:00,-0.011,-0.011,-0.0
2026-07-28T19:05:21.675611+07:00,0.004,0.002,-0.002
2026-07-28T19:05:21.679611+07:00,-0.019,-0.019,0.0
2026-07-28T19:05:21.683611+07:00,-0.034,-0.032,0.002
2026-07-28T19:05:21.687611+07:00,-0.029,-0.028,0.002
2026-07-28T19:05:21.691611+07:00,0.001,-0.001,-0.001
2026-07-28T19:05:21.695611+07:00,-0.025,-0.024,0.001
2026-07-28T19:05:21.699611+07:00,0.005,0.003,-0.002
2026-07-28T19:05:21.703611+07:00,-0.021,-0.02,0.001
2026-07-28T19:05:21.707611+07:00,-0.019,-0.019,0.001
2026-07-28T19:05:21.711611+07:00,-0.033,-0.031,0.002
2026-07-28T19:05:21.715611+07:00,-0.009,-0.009,-0.0
2026-07-28T19:05:21.719611+07:00,0.019,0.016,-0.003
2026-07-28T19:05:21.723611+07:00,-0.026,-0.025,0.001
2026-07-28T19:05:21.727611+07:00,-0.007,-0.008,-0.001
2026-07-28T19:05:21.731611+07:00,0.014,0.012,-0.003
2026-07-28T19:05:21.735611+07:00,-0.022,-0.021,0.001
2026-07-28T19:05:21.739611+07:00,-0.014,-0.014,0.0
2026-07-28T19:05:21.743611+07:00,-0.031,-0.029,0.002
2026-07-28T19:05:21.747611+07:00,0.003,0.002,-0.001
2026-07-28T19:05:21.751611+07:00,-0.018,-0.017,0.001
2026-07-28T19:05:21.755611+07:00,-0.01,-0.01,-0.0
2026-07-28T19:05:21.759611+07:00,-0.037,-0.035,0.003
2026-07-28T19:05:21.763611+07:00,0.01,0.008,-0.002
2026-07-28T19:05:21.767611+07:00,-0.023,-0.022,0.001
2026-07-28T19:05:21.771611+07:00,0.009,0.007,-0.002
2026-07-28T19:05:21.775611+07:00,-0.017,-0.016,0.001
2026-07-28T19:05:21.779611+07:00,0.002,0.001,-0.001
2026-07-28T19:05:21.783611+07:00,-0.003,-0.003,-0.001
2026-07-28T19:05:21.787611+07:00,-0.024,-0.022,0.001
2026-07-28T19:05:21.791611+07:00,0.011,0.009,-0.002
2026-07-28T19:05:21.795611+07:00,-0.022,-0.021,0.001
2026-07-28T19:05:21.799611+07:00,0.015,0.012,-0.002
2026-07-28T19:05:21.803611+07:00,-0.008,-0.008,-0.0
2026-07-28T19:05:21.807611+07:00,-0.006,-0.006,-0.0
2026-07-28T19:05:21.811611+07:00,-0.005,-0.005,-0.0
2026-07-28T19:05:21.815611+07:00,-0.027,-0.025,0.002
2026-07-28T19:05:21.819611+07:00,-0.029,-0.027,0.002
2026-07-28T19:05:21.823611+07:00,-0.015,-0.014,0.001
2026-07-28T19:05:21.827611+07:00,-0.011,-0.01,0.001
2026-07-28T19:05:21.831611+07:00,-0.004,-0.004,0.0
2026-07-28T19:05:21.835611+07:00,0.024,0.022,-0.002
2026-07-28T19:05:21.839611+07:00,-0.014,-0.011,0.003
2026-07-28T19:05:21.843611+07:00,0.045,0.044,-0.001
2026-07-28T19:05:21.847611+07:00,0.025,0.028,0.003
2026-07-28T19:05:21.851611+07:00,-0.008,0.002,0.009
2026-07-28T19:05:21.855611+07:00,0.014,0.025,0.011
2026-07-28T19:05:21.859611+07:00,0.086,0.093,0.007
2026-07-28T19:05:21.863611+07:00,0.032,0.047,0.015
2026-07-28T19:05:21.867611+07:00,0.075,0.088,0.013
2026-07-28T19:05:21.871611+07:00,0.049,0.064,0.015
2026-07-28T19:05:21.875611+07:00,0.041,0.056,0.014
2026-07-28T19:05:21.879611+07:00,0.028,0.041,0.013
2026-07-28T19:05:21.883611+07:00,0.026,0.035,0.01
2026-07-28T19:05:21.887611+07:00,-0.006,0.003,0.009
2026-07-28T19:05:21.891611+07:00,-0.0,0.006,0.006
2026-07-28T19:05:21.895611+07:00,-0.008,-0.004,0.004
2026-07-28T19:05:21.899611+07:00,-0.003,-0.001,0.002
2026-07-28T19:05:21.903611+07:00,0.006,0.006,0.0
2026-07-28T19:05:21.907611+07:00,0.03,0.027,-0.003
2026-07-28T19:05:21.911611+07:00,-0.016,-0.014,0.001
2026-07-28T19:05:21.915611+07:00,0.007,0.006,-0.001
2026-07-28T19:05:21.919611+07:00,0.018,0.016,-0.002
2026-07-28T19:05:21.923611+07:00,-0.021,-0.02,0.002
2026-07-28T19:05:21.927611+07:00,-0.048,-0.044,0.005
2026-07-28T19:05:21.931611+07:00,-0.012,-0.012,0.0
2026-07-28T19:05:21.935611+07:00,-0.031,-0.033,-0.002
2026-07-28T19:05:21.939611+07:00,-0.015,-0.023,-0.007
2026-07-28T19:05:21.943611+07:00,-0.037,-0.037,-0.0
2026-07-28T19:05:21.947611+07:00,-0.009,-0.005,0.004
2026-07-28T19:05:21.951611+07:00,0.046,0.06,0.014
2026-07-28T19:05:21.955611+07:00,0.081,0.141,0.059
2026-07-28T19:05:21.959611+07:00,0.267,0.416,0.15
2026-07-28T19:05:21.963611+07:00,0.573,0.85,0.277
2026-07-28T19:05:21.967611+07:00,0.763,1.147,0.384
2026-07-28T19:05:21.971611+07:00,0.762,1.145,0.384
2026-07-28T19:05:21.975611+07:00,0.564,0.839,0.275
2026-07-28T19:05:21.979611+07:00,0.293,0.433,0.141
2026-07-28T19:05:21.983611+07:00,0.093,0.138,0.045
2026-07-28T19:05:21.987611+07:00,-0.066,-0.061,0.004
2026-07-28T19:05:21.991611+07:00,-0.093,-0.11,-0.017
2026-07-28T19:05:21.995611+07:00,-0.17,-0.19,-0.02
2026-07-28T19:05:21.999611+07:00,-0.14,-0.166,-0.026
2026-07-28T19:05:22.003611+07:00,-0.161,-0.182,-0.021
2026-07-28T19:05:22.007611+07:00,-0.092,-0.113,-0.021
2026-07-28T19:05:22.011611+07:00,-0.064,-0.078,-0.015
2026-07-28T19:05:22.015611+07:00,-0.038,-0.047,-0.009
2026-07-28T19:05:22.019611+07:00,0.017,0.009,-0.008
2026-07-28T19:05:22.023611+07:00,-0.029,-0.029,-0.0
2026-07-28T19:05:22.027611+07:00,-0.005,-0.006,-0.001
2026-07-28T19:05:22.031611+07:00,0.002,0.002,-0.0
2026-07-28T19:05:22.035611+07:00,-0.022,-0.02,0.002
2026-07-28T19:05:22.039611+07:00,-0.013,-0.012,0.002
2026-07-28T19:05:22.043611+07:00,-0.0,-0.0,0.0
2026-07-28T19:05:22.047611+07:00,0.013,0.012,-0.001
2026-07-28T19:05:22.051611+07:00,0.031,0.028,-0.003
2026-07-28T19:05:22.055611+07:00,-0.038,-0.034,0.004
2026-07-28T19:05:22.059611+07:00,-0.033,-0.03,0.004
2026-07-28T19:05:22.063611+07:00,0.021,0.019,-0.002
2026-07-28T19:05:22.067611+07:00,0.019,0.018,-0.001
2026-07-28T19:05:22.071611+07:00,-0.022,-0.019,0.003
2026-07-28T19:05:22.075611+07:00,0.005,0.005,0.0
2026-07-28T19:05:22.079611+07:00,-0.016,-0.014,0.002
2026-07-28T19:05:22.083611+07:00,0.014,0.014,-0.001
2026-07-28T19:05:22.087611+07:00,-0.018,-0.016,0.003
2026-07-28T19:05:22.091611+07:00,0.003,0.004,0.001
2026-07-28T19:05:22.095611+07:00,0.061,0.056,-0.005
2026-07-28T19:05:22.099611+07:00,0.04,0.038,-0.002
2026-07-28T19:05:22.103611+07:00,-0.002,0.0,0.003
2026-07-28T19:05:22.107611+07:00,0.017,0.018,0.002
2026-07-28T19:05:22.111611+07:00,-0.002,0.003,0.004
2026-07-28T19:05:22.115611+07:00,0.005,0.01,0.005
2026-07-28T19:05:22.119611+07:00,-0.017,-0.008,0.009
2026-07-28T19:05:22.123611+07:00,0.046,0.05,0.004
2026-07-28T19:05:22.127611+07:00,0.041,0.048,0.007
2026-07-28T19:05:22.131611+07:00,0.056,0.064,0.007
2026-07-28T19:05:22.135611+07:00,0.07,0.078,0.008
2026-07-28T19:05:22.139611+07:00,0.069,0.08,0.011
2026-07-28T19:05:22.143611+07:00,0.07,0.083,0.013
2026-07-28T19:05:22.147611+07:00,0.104,0.116,0.013
2026-07-28T19:05:22.151611+07:00,0.082,0.099,0.017
2026-07-28T19:05:22.155611+07:00,0.119,0.135,0.015
2026-07-28T19:05:22.159611+07:00,0.103,0.121,0.019
2026-07-28T19:05:22.163611+07:00,0.09,0.111,0.021
2026-07-28T19:05:22.167611+07:00,0.126,0.144,0.018
2026-07-28T19:05:22.171611+07:00,0.087,0.109,0.022
2026-07-28T19:05:22.175611+07:00,0.104,0.124,0.02
2026-07-28T19:05:22.179611+07:00,0.098,0.117,0.019
2026-07-28T19:05:22.183611+07:00,0.083,0.102,0.019
2026-07-28T19:05:22.187611+07:00,0.09,0.106,0.016
2026-07-28T19:05:22.191611+07:00,0.104,0.117,0.013
2026-07-28T19:05:22.195611+07:00,0.074,0.087,0.013
2026-07-28T19:05:22.199611+07:00,0.049,0.063,0.013
2026-07-28T19:05:22.203611+07:00,0.034,0.046,0.012
2026-07-28T19:05:22.207611+07:00,0.057,0.064,0.008
2026-07-28T19:05:22.211611+07:00,0.035,0.043,0.007
2026-07-28T19:05:22.215611+07:00,0.075,0.077,0.002
2026-07-28T19:05:22.219611+07:00,-0.008,0.0,0.008
2026-07-28T19:05:22.223611+07:00,0.024,0.027,0.004
2026-07-28T19:05:22.227611+07:00,0.037,0.038,0.001
2026-07-28T19:05:22.231611+07:00,0.036,0.036,0.0
2026-07-28T19:05:22.235611+07:00,-0.003,0.001,0.003
2026-07-28T19:05:22.239611+07:00,0.044,0.043,-0.002
2026-07-28T19:05:22.243611+07:00,0.01,0.011,0.001
2026-07-28T19:05:22.247611+07:00,0.02,0.02,-0.0
2026-07-28T19:05:22.251611+07:00,0.016,0.016,0.0
2026-07-28T19:05:22.255611+07:00,-0.007,-0.005,0.002
2026-07-28T19:05:22.259611+07:00,0.003,0.004,0.001
2026-07-28T19:05:22.263611+07:00,0.047,0.044,-0.003
2026-07-28T19:05:22.267611+07:00,0.012,0.013,0.0
2026-07-28T19:05:22.271611+07:00,-0.021,-0.018,0.004
2026-07-28T19:05:22.275611+07:00,0.031,0.029,-0.002
2026-07-28T19:05:22.279611+07:00,0.022,0.021,-0.001
2026-07-28T19:05:22.283611+07:00,-0.017,-0.014,0.003
2026-07-28T19:05:22.287611+07:00,0.022,0.021,-0.001
2026-07-28T19:05:22.291611+07:00,0.041,0.038,-0.003
2026-07-28T19:05:22.295611+07:00,0.035,0.033,-0.002
2026-07-28T19:05:22.299611+07:00,-0.011,-0.009,0.003
2026-07-28T19:05:22.303611+07:00,-0.018,-0.015,0.003
2026-07-28T19:05:22.307611+07:00,0.031,0.029,-0.002
2026-07-28T19:05:22.311611+07:00,0.015,0.015,0.0
2026-07-28T19:05:22.315611+07:00,0.01,0.011,0.001
2026-07-28T19:05:22.319611+07:00,0.035,0.033,-0.002
2026-07-28T19:05:22.323611+07:00,-0.017,-0.014,0.003
2026-07-28T19:05:22.327611+07:00,0.047,0.044,-0.003
2026-07-28T19:05:22.331611+07:00,0.032,0.031,-0.002
2026-07-28T19:05:22.335611+07:00,-0.025,-0.021,0.004
2026-07-28T19:05:22.339611+07:00,0.063,0.059,-0.005
2026-07-28T19:05:22.343611+07:00,0.019,0.019,-0.0
2026-07-28T19:05:22.347611+07:00,0.033,0.032,-0.002
2026-07-28T19:05:22.351611+07:00,0.024,0.024,-0.001
2026-07-28T19:05:22.355611+07:00,0.019,0.018,-0.0
2026-07-28T19:05:22.359611+07:00,0.01,0.01,0.001
2026-07-28T19:05:22.363611+07:00,0.044,0.041,-0.003
2026-07-28T19:05:22.367611+07:00,0.027,0.026,-0.001
2026-07-28T19:05:22.371611+07:00,0.056,0.052,-0.004
2026-07-28T19:05:22.375611+07:00,0.019,0.018,-0.0
2026-07-28T19:05:22.379611+07:00,0.043,0.04,-0.002
2026-07-28T19:05:22.383611+07:00,0.06,0.055,-0.004
2026-07-28T19:05:22.387611+07:00,0.037,0.035,-0.002
2026-07-28T19:05:22.391611+07:00,0.035,0.034,-0.002
2026-07-28T19:05:22.395611+07:00,0.029,0.028,-0.001
2026-07-28T19:05:22.399611+07:00,0.019,0.019,0.0
2026-07-28T19:05:22.403611+07:00,0.0,0.002,0.002
2026-07-28T19:05:22.407611+07:00,0.06,0.056,-0.004
2026-07-28T19:05:22.411611+07:00,0.047,0.044,-0.003
2026-07-28T19:05:22.415611+07:00,0.01,0.011,0.001
2026-07-28T19:05:22.419611+07:00,0.003,0.005,0.002
2026-07-28T19:05:22.423611+07:00,0.013,0.014,0.001
2026-07-28T19:05:22.427611+07:00,0.001,0.003,0.002
2026-07-28T19:05:22.431611+07:00,0.015,0.015,0.001
2026-07-28T19:05:22.435611+07:00,0.011,0.012,0.001
2026-07-28T19:05:22.439611+07:00,0.022,0.022,-0.0
2026-07-28T19:05:22.443611+07:00,0.025,0.025,-0.0
2026-07-28T19:05:22.447611+07:00,0.034,0.033,-0.001
2026-07-28T19:05:22.451611+07:00,0.01,0.011,0.001
2026-07-28T19:05:22.455611+07:00,0.034,0.033,-0.001
2026-07-28T19:05:22.459611+07:00,0.012,0.013,0.001
2026-07-28T19:05:22.463611+07:00,0.009,0.01,0.001
2026-07-28T19:05:22.467611+07:00,0.006,0.007,0.002
2026-07-28T19:05:22.471611+07:00,0.038,0.037,-0.002
2026-07-28T19:05:22.475611+07:00,0.028,0.027,-0.001
2026-07-28T19:05:22.479611+07:00,0.027,0.026,-0.0
2026-07-28T19:05:22.483611+07:00,-0.018,-0.014,0.004
2026-07-28T19:05:22.487611+07:00,0.035,0.033,-0.001
2026-07-28T19:05:22.491611+07:00,0.01,0.012,0.001
2026-07-28T19:05:22.495611+07:00,-0.004,-0.002,0.003
2026-07-28T19:05:22.499611+07:00,0.057,0.053,-0.003
2026-07-28T19:05:22.503611+07:00,0.012,0.013,0.001
2026-07-28T19:05:22.507611+07:00,0.001,0.003,0.002
2026-07-28T19:05:22.511611+07:00,0.032,0.031,-0.001
2026-07-28T19:05:22.515611+07:00,-0.012,-0.008,0.004
2026-07-28T19:05:22.519611+07:00,0.052,0.049,-0.003
2026-07-28T19:05:22.523611+07:00,0.01,0.011,0.001
2026-07-28T19:05:22.527611+07:00,0.055,0.052,-0.003
2026-07-28T19:05:22.531611+07:00,0.044,0.042,-0.002
2026-07-28T19:05:22.535611+07:00,0.014,0.015,0.001
2026-07-28T19:05:22.539611+07:00,0.036,0.035,-0.001
2026-07-28T19:05:22.543611+07:00,0.031,0.03,-0.001
2026-07-28T19:05:22.547611+07:00,0.049,0.046,-0.002
2026-07-28T19:05:22.551611+07:00,0.013,0.014,0.001
2026-07-28T19:05:22.555611+07:00,0.057,0.054,-0.003
2026-07-28T19:05:22.559611+07:00,0.034,0.033,-0.001
2026-07-28T19:05:22.563611+07:00,0.031,0.03,-0.0
2026-07-28T19:05:22.567611+07:00,0.014,0.016,0.001
2026-07-28T19:05:22.571611+07:00,0.026,0.026,0.0
2026-07-28T19:05:22.575611+07:00,0.034,0.033,-0.001
2026-07-28T19:05:22.579611+07:00,0.028,0.028,-0.0
2026-07-28T19:05:22.583611+07:00,0.022,0.023,0.0
2026-07-28T19:05:22.587611+07:00,0.017,0.018,0.001
2026-07-28T19:05:22.591611+07:00,0.054,0.051,-0.003
2026-07-28T19:05:22.595611+07:00,0.02,0.021,0.001
2026-07-28T19:05:22.599611+07:00,0.019,0.02,0.001
2026-07-28T19:05:22.603611+07:00,0.041,0.039,-0.001
2026-07-28T19:05:22.607611+07:00,0.043,0.042,-0.002
2026-07-28T19:05:22.611611+07:00,0.029,0.029,-0.0
2026-07-28T19:05:22.615611+07:00,0.03,0.03,-0.0
2026-07-28T19:05:22.619611+07:00,0.023,0.024,0.001
2026-07-28T19:05:22.623611+07:00,0.023,0.023,0.001
2026-07-28T19:05:22.627611+07:00,0.083,0.078,-0.005
2026-07-28T19:05:22.631611+07:00,0.029,0.03,0.001
2026-07-28T19:05:22.635611+07:00,-0.008,-0.004,0.005
2026-07-28T19:05:22.639611+07:00,0.02,0.023,0.003
2026-07-28T19:05:22.643611+07:00,0.078,0.077,-0.001
2026-07-28T19:05:22.647611+07:00,0.057,0.061,0.003
2026-07-28T19:05:22.651611+07:00,0.036,0.045,0.009
2026-07-28T19:05:22.655611+07:00,0.038,0.05,0.012
2026-07-28T19:05:22.659611+07:00,0.072,0.084,0.012
2026-07-28T19:05:22.663611+07:00,0.042,0.06,0.018
2026-07-28T19:05:22.667611+07:00,0.064,0.081,0.017
2026-07-28T19:05:22.671611+07:00,0.047,0.066,0.019
2026-07-28T19:05:22.675611+07:00,0.046,0.064,0.017
2026-07-28T19:05:22.679611+07:00,0.091,0.101,0.01
2026-07-28T19:05:22.683611+07:00,0.024,0.038,0.013
2026-07-28T19:05:22.687611+07:00,0.073,0.078,0.005
2026-07-28T19:05:22.691611+07:00,0.038,0.044,0.005
2026-07-28T19:05:22.695611+07:00,0.054,0.055,0.002
2026-07-28T19:05:22.699611+07:00,0.0,0.005,0.005
2026-07-28T19:05:22.703611+07:00,0.041,0.042,0.0
2026-07-28T19:05:22.707611+07:00,0.059,0.057,-0.002
2026-07-28T19:05:22.711611+07:00,0.044,0.043,-0.001
2026-07-28T19:05:22.715611+07:00,0.071,0.067,-0.004
2026-07-28T19:05:22.719611+07:00,0.027,0.027,0.001
2026-07-28T19:05:22.723611+07:00,0.047,0.045,-0.001
2026-07-28T19:05:22.727611+07:00,0.032,0.032,-0.0
2026-07-28T19:05:22.731611+07:00,0.044,0.042,-0.002
2026-07-28T19:05:22.735611+07:00,0.057,0.05,-0.007
2026-07-28T19:05:22.739611+07:00,-0.016,-0.019,-0.004
2026-07-28T19:05:22.743611+07:00,-0.002,-0.002,-0.0
2026-07-28T19:05:22.747611+07:00,0.015,0.02,0.005
2026-07-28T19:05:22.751611+07:00,0.08,0.094,0.014
2026-07-28T19:05:22.755611+07:00,0.134,0.192,0.057
2026-07-28T19:05:22.759611+07:00,0.286,0.437,0.151
2026-07-28T19:05:22.763611+07:00,0.624,0.9,0.276
2026-07-28T19:05:22.767611+07:00,0.807,1.191,0.383
2026-07-28T19:05:22.771611+07:00,0.779,1.165,0.385
2026-07-28T19:05:22.775611+07:00,0.543,0.824,0.281
2026-07-28T19:05:22.779611+07:00,0.302,0.445,0.143
2026-07-28T19:05:22.783611+07:00,0.101,0.149,0.048
2026-07-28T19:05:22.787611+07:00,-0.02,-0.017,0.003
2026-07-28T19:05:22.791611+07:00,-0.089,-0.103,-0.014
2026-07-28T19:05:22.795611+07:00,-0.086,-0.111,-0.025
2026-07-28T19:05:22.799611+07:00,-0.118,-0.142,-0.025
2026-07-28T19:05:22.803611+07:00,-0.113,-0.135,-0.022
2026-07-28T19:05:22.807611+07:00,-0.081,-0.099,-0.019
2026-07-28T19:05:22.811611+07:00,-0.113,-0.12,-0.006
2026-07-28T19:05:22.815611+07:00,-0.004,-0.013,-0.009
2026-07-28T19:05:22.819611+07:00,-0.025,-0.025,-0.001
2026-07-28T19:05:22.823611+07:00,0.022,0.021,-0.002
2026-07-28T19:05:22.827611+07:00,0.011,0.012,0.001
2026-07-28T19:05:22.831611+07:00,0.035,0.035,-0.0
2026-07-28T19:05:22.835611+07:00,0.025,0.026,0.001
2026-07-28T19:05:22.839611+07:00,0.031,0.032,0.0
2026-07-28T19:05:22.843611+07:00,0.035,0.035,0.0
2026-07-28T19:05:22.847611+07:00,0.065,0.062,-0.003
2026-07-28T19:05:22.851611+07:00,0.039,0.039,-0.0
2026-07-28T19:05:22.855611+07:00,0.041,0.04,-0.0
2026-07-28T19:05:22.859611+07:00,0.026,0.027,0.001
2026-07-28T19:05:22.863611+07:00,0.079,0.075,-0.004
2026-07-28T19:05:22.867611+07:00,0.037,0.037,0.0
2026-07-28T19:05:22.871611+07:00,0.015,0.018,0.002
2026-07-28T19:05:22.875611+07:00,0.059,0.057,-0.002
2026-07-28T19:05:22.879611+07:00,0.03,0.031,0.001
2026-07-28T19:05:22.883611+07:00,0.048,0.047,-0.001
2026-07-28T19:05:22.887611+07:00,0.029,0.03,0.001
2026-07-28T19:05:22.891611+07:00,0.049,0.048,-0.0
2026-07-28T19:05:22.895611+07:00,0.017,0.02,0.003
2026-07-28T19:05:22.899611+07:00,0.065,0.064,-0.001
2026-07-28T19:05:22.903611+07:00,0.045,0.046,0.001
2026-07-28T19:05:22.907611+07:00,0.055,0.056,0.001
2026-07-28T19:05:22.911611+07:00,0.039,0.043,0.004
2026-07-28T19:05:22.915611+07:00,0.038,0.043,0.005
2026-07-28T19:05:22.919611+07:00,0.05,0.055,0.005
2026-07-28T19:05:22.923611+07:00,0.03,0.039,0.009
2026-07-28T19:05:22.927611+07:00,0.053,0.062,0.009
2026-07-28T19:05:22.931611+07:00,0.111,0.116,0.005
2026-07-28T19:05:22.935611+07:00,0.083,0.093,0.01
2026-07-28T19:05:22.939611+07:00,0.064,0.078,0.015
2026-07-28T19:05:22.943611+07:00,0.113,0.126,0.012
2026-07-28T19:05:22.947611+07:00,0.126,0.14,0.013
2026-07-28T19:05:22.951611+07:00,0.112,0.129,0.017
2026-07-28T19:05:22.955611+07:00,0.099,0.12,0.021
2026-07-28T19:05:22.959611+07:00,0.152,0.169,0.017
2026-07-28T19:05:22.963611+07:00,0.129,0.149,0.02
2026-07-28T19:05:22.967611+07:00,0.103,0.127,0.024
2026-07-28T19:05:22.971611+07:00,0.157,0.175,0.018
2026-07-28T19:05:22.975611+07:00,0.169,0.185,0.016
2026-07-28T19:05:22.979611+07:00,0.123,0.142,0.02
2026-07-28T19:05:22.983611+07:00,0.152,0.167,0.015
2026-07-28T19:05:22.987611+07:00,0.132,0.147,0.015
2026-07-28T19:05:22.991611+07:00,0.103,0.119,0.016
2026-07-28T19:05:22.995611+07:00,0.104,0.117,0.013
2026-07-28T19:05:22.999611+07:00,0.079,0.092,0.013
2026-07-28T19:05:23.003611+07:00,0.12,0.127,0.007
2026-07-28T19:05:23.007611+07:00,0.076,0.085,0.009
2026-07-28T19:05:23.011611+07:00,0.095,0.099,0.005
2026-07-28T19:05:23.015611+07:00,0.081,0.085,0.004
2026-07-28T19:05:23.019611+07:00,0.073,0.076,0.003
2026-07-28T19:05:23.023611+07:00,0.061,0.064,0.003
2026-07-28T19:05:23.027611+07:00,0.04,0.044,0.004
2026-07-28T19:05:23.031611+07:00,0.058,0.059,0.001
2026-07-28T19:05:23.035611+07:00,0.072,0.071,-0.001
2026-07-28T19:05:23.039611+07:00,0.043,0.044,0.001
2026-07-28T19:05:23.043611+07:00,0.064,0.063,-0.001
2026-07-28T19:05:23.047611+07:00,0.05,0.05,-0.0
2026-07-28T19:05:23.051611+07:00,0.067,0.065,-0.002
2026-07-28T19:05:23.055611+07:00,0.025,0.027,0.002
2026-07-28T19:05:23.059611+07:00,0.054,0.053,-0.001
2026-07-28T19:05:23.063611+07:00,0.05,0.05,-0.001
2026-07-28T19:05:23.067611+07:00,0.03,0.031,0.001
2026-07-28T19:05:23.071611+07:00,0.038,0.038,0.001
2026-07-28T19:05:23.075611+07:00,0.044,0.044,-0.0
2026-07-28T19:05:23.079611+07:00,0.052,0.051,-0.001
2026-07-28T19:05:23.083611+07:00,0.075,0.072,-0.003
2026-07-28T19:05:23.087611+07:00,0.039,0.04,0.0
2026-07-28T19:05:23.091611+07:00,0.037,0.038,0.001
2026-07-28T19:05:23.095611+07:00,0.058,0.056,-0.001
2026-07-28T19:05:23.099611+07:00,0.037,0.038,0.001
2026-07-28T19:05:23.103611+07:00,0.051,0.05,-0.001
2026-07-28T19:05:23.107611+07:00,0.067,0.065,-0.002
2026-07-28T19:05:23.111611+07:00,0.027,0.028,0.002
2026-07-28T19:05:23.115611+07:00,0.013,0.017,0.003
2026-07-28T19:05:23.119611+07:00,0.042,0.042,0.0
2026-07-28T19:05:23.123611+07:00,0.076,0.073,-0.003
2026-07-28T19:05:23.127611+07:00,0.055,0.054,-0.001
2026-07-28T19:05:23.131611+07:00,0.019,0.022,0.002
2026-07-28T19:05:23.135611+07:00,0.053,0.052,-0.001
2026-07-28T19:05:23.139611+07:00,0.07,0.067,-0.003
2026-07-28T19:05:23.143611+07:00,0.031,0.032,0.001
2026-07-28T19:05:23.147611+07:00,0.047,0.046,-0.0
2026-07-28T19:05:23.151611+07:00,0.026,0.028,0.002
2026-07-28T19:05:23.155611+07:00,0.043,0.043,0.0
2026-07-28T19:05:23.159611+07:00,0.027,0.029,0.002
2026-07-28T19:05:23.163611+07:00,0.041,0.042,0.0
2026-07-28T19:05:23.167611+07:00,0.067,0.065,-0.002
2026-07-28T19:05:23.171611+07:00,0.028,0.03,0.002
2026-07-28T19:05:23.175611+07:00,0.024,0.026,0.002
2026-07-28T19:05:23.179611+07:00,0.025,0.027,0.002
2026-07-28T19:05:23.183611+07:00,0.054,0.053,-0.001
2026-07-28T19:05:23.187611+07:00,0.045,0.045,0.0
2026-07-28T19:05:23.191611+07:00,0.043,0.043,0.0
2026-07-28T19:05:23.195611+07:00,0.048,0.048,-0.0
2026-07-28T19:05:23.199611+07:00,0.061,0.059,-0.002
2026-07-28T19:05:23.203611+07:00,0.038,0.039,0.001
2026-07-28T19:05:23.207611+07:00,0.036,0.037,0.001
2026-07-28T19:05:23.211611+07:00,0.036,0.037,0.001
2026-07-28T19:05:23.215611+07:00,0.042,0.043,0.0
2026-07-28T19:05:23.219611+07:00,0.075,0.072,-0.003
2026-07-28T19:05:23.223611+07:00,0.041,0.041,0.001
2026-07-28T19:05:23.227611+07:00,0.032,0.033,0.001
2026-07-28T19:05:23.231611+07:00,0.01,0.014,0.004
2026-07-28T19:05:23.235611+07:00,0.081,0.077,-0.003
2026-07-28T19:05:23.239611+07:00,0.051,0.051,-0.0
2026-07-28T19:05:23.243611+07:00,0.053,0.053,-0.001
2026-07-28T19:05:23.247611+07:00,0.034,0.035,0.001
2026-07-28T19:05:23.251611+07:00,0.046,0.046,0.0
2026-07-28T19:05:23.255611+07:00,0.054,0.053,-0.001
2026-07-28T19:05:23.259611+07:00,0.046,0.046,0.0
2026-07-28T19:05:23.263611+07:00,0.058,0.057,-0.001
2026-07-28T19:05:23.267611+07:00,0.037,0.038,0.001
2026-07-28T19:05:23.271611+07:00,0.018,0.021,0.003
2026-07-28T19:05:23.275611+07:00,0.069,0.066,-0.002
2026-07-28T19:05:23.279611+07:00,0.056,0.055,-0.001
2026-07-28T19:05:23.283611+07:00,0.048,0.048,-0.0
2026-07-28T19:05:23.287611+07:00,0.029,0.031,0.002
2026-07-28T19:05:23.291611+07:00,0.059,0.058,-0.001
2026-07-28T19:05:23.295611+07:00,0.029,0.031,0.002
2026-07-28T19:05:23.299611+07:00,0.061,0.059,-0.001
2026-07-28T19:05:23.303611+07:00,0.085,0.081,-0.004
2026-07-28T19:05:23.307611+07:00,0.041,0.042,0.001
2026-07-28T19:05:23.311611+07:00,0.063,0.061,-0.002
2026-07-28T19:05:23.315611+07:00,0.056,0.055,-0.001
2026-07-28T19:05:23.319611+07:00,0.058,0.057,-0.001
2026-07-28T19:05:23.323611+07:00,0.029,0.03,0.002
2026-07-28T19:05:23.327611+07:00,0.054,0.053,-0.001
2026-07-28T19:05:23.331611+07:00,0.034,0.036,0.001
2026-07-28T19:05:23.335611+07:00,0.077,0.074,-0.003
2026-07-28T19:05:23.339611+07:00,0.069,0.067,-0.002
2026-07-28T19:05:23.343611+07:00,0.04,0.04,0.001
2026-07-28T19:05:23.347611+07:00,0.063,0.062,-0.002
2026-07-28T19:05:23.351611+07:00,0.041,0.042,0.001
2026-07-28T19:05:23.355611+07:00,0.041,0.041,0.001
2026-07-28T19:05:23.359611+07:00,0.039,0.039,0.001
2026-07-28T19:05:23.363611+07:00,0.039,0.04,0.001
2026-07-28T19:05:23.367611+07:00,0.026,0.028,0.002
2026-07-28T19:05:23.371611+07:00,0.054,0.054,-0.001
2026-07-28T19:05:23.375611+07:00,0.041,0.042,0.001
2026-07-28T19:05:23.379611+07:00,0.042,0.043,0.001
2026-07-28T19:05:23.383611+07:00,0.043,0.044,0.001
2026-07-28T19:05:23.387611+07:00,0.033,0.034,0.002
2026-07-28T19:05:23.391611+07:00,0.065,0.064,-0.002
2026-07-28T19:05:23.395611+07:00,0.017,0.02,0.003
2026-07-28T19:05:23.399611+07:00,0.029,0.031,0.002
2026-07-28T19:05:23.403611+07:00,0.049,0.049,-0.0
2026-07-28T19:05:23.407611+07:00,0.058,0.057,-0.001
2026-07-28T19:05:23.411611+07:00,0.041,0.041,0.001
2026-07-28T19:05:23.415611+07:00,0.013,0.017,0.004
2026-07-28T19:05:23.419611+07:00,0.043,0.043,0.001
2026-07-28T19:05:23.423611+07:00,0.035,0.037,0.001
2026-07-28T19:05:23.427611+07:00,0.026,0.028,0.003
2026-07-28T19:05:23.431611+07:00,0.074,0.072,-0.002
2026-07-28T19:05:23.435611+07:00,0.04,0.042,0.002
2026-07-28T19:05:23.439611+07:00,0.022,0.027,0.005
2026-07-28T19:05:23.443611+07:00,0.077,0.078,0.001
2026-07-28T19:05:23.447611+07:00,0.066,0.071,0.004
2026-07-28T19:05:23.451611+07:00,0.064,0.071,0.008
2026-07-28T19:05:23.455611+07:00,0.08,0.09,0.01
2026-07-28T19:05:23.459611+07:00,0.076,0.09,0.013
2026-07-28T19:05:23.463611+07:00,0.092,0.107,0.015
2026-07-28T19:05:23.467611+07:00,0.09,0.106,0.017
2026-07-28T19:05:23.471611+07:00,0.105,0.12,0.015
2026-07-28T19:05:23.475611+07:00,0.098,0.113,0.014
2026-07-28T19:05:23.479611+07:00,0.102,0.113,0.011
2026-07-28T19:05:23.483611+07:00,0.061,0.073,0.012
2026-07-28T19:05:23.487611+07:00,0.083,0.089,0.006
2026-07-28T19:05:23.491611+07:00,0.09,0.092,0.002
2026-07-28T19:05:23.495611+07:00,0.039,0.044,0.005
2026-07-28T19:05:23.499611+07:00,0.049,0.052,0.002
2026-07-28T19:05:23.503611+07:00,0.034,0.037,0.003
2026-07-28T19:05:23.507611+07:00,0.025,0.028,0.003
2026-07-28T19:05:23.511611+07:00,0.067,0.065,-0.001
2026-07-28T19:05:23.515611+07:00,0.019,0.022,0.003
2026-07-28T19:05:23.519611+07:00,0.011,0.015,0.004
2026-07-28T19:05:23.523611+07:00,0.022,0.024,0.003
2026-07-28T19:05:23.527611+07:00,0.033,0.034,0.002
2026-07-28T19:05:23.531611+07:00,0.027,0.028,0.002
2026-07-28T19:05:23.535611+07:00,0.022,0.02,-0.002
2026-07-28T19:05:23.539611+07:00,0.021,0.015,-0.006
2026-07-28T19:05:23.543611+07:00,0.018,0.017,-0.001
2026-07-28T19:05:23.547611+07:00,0.054,0.057,0.003
2026-07-28T19:05:23.551611+07:00,0.059,0.077,0.018
2026-07-28T19:05:23.555611+07:00,0.182,0.236,0.054
2026-07-28T19:05:23.559611+07:00,0.369,0.514,0.145
2026-07-28T19:05:23.563611+07:00,0.597,0.877,0.28
2026-07-28T19:05:23.567611+07:00,0.811,1.196,0.385
2026-07-28T19:05:23.571611+07:00,0.827,1.21,0.382
2026-07-28T19:05:23.575611+07:00,0.601,0.877,0.277
2026-07-28T19:05:23.579611+07:00,0.333,0.474,0.142
2026-07-28T19:05:23.583611+07:00,0.138,0.184,0.046
2026-07-28T19:05:23.587611+07:00,0.031,0.031,-0.0
2026-07-28T19:05:23.591611+07:00,-0.02,-0.04,-0.019
2026-07-28T19:05:23.595611+07:00,-0.091,-0.114,-0.023
2026-07-28T19:05:23.599611+07:00,-0.107,-0.131,-0.024
2026-07-28T19:05:23.603611+07:00,-0.07,-0.095,-0.025
2026-07-28T19:05:23.607611+07:00,-0.087,-0.104,-0.016
2026-07-28T19:05:23.611611+07:00,-0.052,-0.063,-0.011
2026-07-28T19:05:23.615611+07:00,-0.01,-0.017,-0.007
2026-07-28T19:05:23.619611+07:00,0.044,0.038,-0.006
2026-07-28T19:05:23.623611+07:00,0.066,0.061,-0.005
2026-07-28T19:05:23.627611+07:00,0.069,0.066,-0.003
2026-07-28T19:05:23.631611+07:00,0.05,0.05,-0.0
2026-07-28T19:05:23.635611+07:00,0.046,0.046,0.0
2026-07-28T19:05:23.639611+07:00,0.037,0.038,0.001
2026-07-28T19:05:23.643611+07:00,0.036,0.038,0.001
2026-07-28T19:05:23.647611+07:00,0.042,0.043,0.001
2026-07-28T19:05:23.651611+07:00,0.021,0.024,0.003
2026-07-28T19:05:23.655611+07:00,0.059,0.059,-0.001
2026-07-28T19:05:23.659611+07:00,0.044,0.044,0.001
2026-07-28T19:05:23.663611+07:00,0.047,0.048,0.0
2026-07-28T19:05:23.667611+07:00,0.063,0.062,-0.001
2026-07-28T19:05:23.671611+07:00,0.052,0.052,-0.0
2026-07-28T19:05:23.675611+07:00,0.069,0.067,-0.002
2026-07-28T19:05:23.679611+07:00,0.079,0.077,-0.003
2026-07-28T19:05:23.683611+07:00,0.041,0.042,0.001
2026-07-28T19:05:23.687611+07:00,0.038,0.04,0.002
2026-07-28T19:05:23.691611+07:00,0.071,0.07,-0.001
2026-07-28T19:05:23.695611+07:00,0.042,0.044,0.002
2026-07-28T19:05:23.699611+07:00,0.061,0.062,0.0
2026-07-28T19:05:23.703611+07:00,0.02,0.025,0.005
2026-07-28T19:05:23.707611+07:00,0.063,0.064,0.001
2026-07-28T19:05:23.711611+07:00,0.021,0.028,0.007
2026-07-28T19:05:23.715611+07:00,0.025,0.033,0.007
2026-07-28T19:05:23.719611+07:00,0.082,0.085,0.003
2026-07-28T19:05:23.723611+07:00,0.09,0.094,0.004
2026-07-28T19:05:23.727611+07:00,0.122,0.125,0.003
2026-07-28T19:05:23.731611+07:00,0.106,0.113,0.007
2026-07-28T19:05:23.735611+07:00,0.095,0.105,0.01
2026-07-28T19:05:23.739611+07:00,0.128,0.137,0.009
2026-07-28T19:05:23.743611+07:00,0.126,0.138,0.012
2026-07-28T19:05:23.747611+07:00,0.124,0.139,0.015
2026-07-28T19:05:23.751611+07:00,0.126,0.143,0.017
2026-07-28T19:05:23.755611+07:00,0.171,0.185,0.014
2026-07-28T19:05:23.759611+07:00,0.148,0.167,0.018
2026-07-28T19:05:23.763611+07:00,0.132,0.154,0.021
2026-07-28T19:05:23.767611+07:00,0.12,0.143,0.023
2026-07-28T19:05:23.771611+07:00,0.143,0.163,0.021
2026-07-28T19:05:23.775611+07:00,0.172,0.189,0.017
2026-07-28T19:05:23.779611+07:00,0.14,0.159,0.019
2026-07-28T19:05:23.783611+07:00,0.147,0.164,0.017
2026-07-28T19:05:23.787611+07:00,0.147,0.162,0.015
2026-07-28T19:05:23.791611+07:00,0.153,0.165,0.012
2026-07-28T19:05:23.795611+07:00,0.132,0.143,0.011
2026-07-28T19:05:23.799611+07:00,0.101,0.113,0.012
2026-07-28T19:05:23.803611+07:00,0.104,0.113,0.009
2026-07-28T19:05:23.807611+07:00,0.08,0.09,0.009
2026-07-28T19:05:23.811611+07:00,0.059,0.068,0.009
2026-07-28T19:05:23.815611+07:00,0.056,0.063,0.007
2026-07-28T19:05:23.819611+07:00,0.059,0.064,0.005
2026-07-28T19:05:23.823611+07:00,0.051,0.056,0.005
2026-07-28T19:05:23.827611+07:00,0.047,0.051,0.004
2026-07-28T19:05:23.831611+07:00,0.053,0.056,0.002
2026-07-28T19:05:23.835611+07:00,0.053,0.055,0.002
2026-07-28T19:05:23.839611+07:00,0.054,0.055,0.001
2026-07-28T19:05:23.843611+07:00,0.046,0.047,0.001
2026-07-28T19:05:23.847611+07:00,0.057,0.057,-0.0
2026-07-28T19:05:23.851611+07:00,0.034,0.036,0.002
2026-07-28T19:05:23.855611+07:00,0.048,0.049,0.0
2026-07-28T19:05:23.859611+07:00,0.039,0.04,0.001
2026-07-28T19:05:23.863611+07:00,0.032,0.034,0.002
2026-07-28T19:05:23.867611+07:00,0.043,0.044,0.001
2026-07-28T19:05:23.871611+07:00,0.07,0.068,-0.002
2026-07-28T19:05:23.875611+07:00,0.05,0.05,-0.0
2026-07-28T19:05:23.879611+07:00,0.051,0.051,-0.0
2026-07-28T19:05:23.883611+07:00,0.05,0.05,-0.0
2026-07-28T19:05:23.887611+07:00,0.066,0.064,-0.002
2026-07-28T19:05:23.891611+07:00,0.062,0.061,-0.001
2026-07-28T19:05:23.895611+07:00,0.032,0.034,0.002
2026-07-28T19:05:23.899611+07:00,0.037,0.038,0.001
2026-07-28T19:05:23.903611+07:00,0.045,0.045,0.0
2026-07-28T19:05:23.907611+07:00,0.051,0.051,-0.0
2026-07-28T19:05:23.911611+07:00,0.063,0.061,-0.001
2026-07-28T19:05:23.915611+07:00,0.053,0.052,-0.0
2026-07-28T19:05:23.919611+07:00,0.043,0.044,0.001
2026-07-28T19:05:23.923611+07:00,0.025,0.027,0.002
2026-07-28T19:05:23.927611+07:00,0.075,0.072,-0.003
2026-07-28T19:05:23.931611+07:00,0.057,0.056,-0.001
2026-07-28T19:05:23.935611+07:00,0.061,0.06,-0.001
2026-07-28T19:05:23.939611+07:00,0.062,0.06,-0.001
2026-07-28T19:05:23.943611+07:00,0.081,0.078,-0.003
2026-07-28T19:05:23.947611+07:00,0.053,0.053,-0.001
2026-07-28T19:05:23.951611+07:00,0.065,0.063,-0.002
2026-07-28T19:05:23.955611+07:00,0.036,0.037,0.001
2026-07-28T19:05:23.959611+07:00,0.054,0.054,-0.001
2026-07-28T19:05:23.963611+07:00,0.038,0.039,0.001
2026-07-28T19:05:23.967611+07:00,0.054,0.054,-0.001
2026-07-28T19:05:23.971611+07:00,0.034,0.035,0.001
2026-07-28T19:05:23.975611+07:00,0.053,0.053,-0.001
2026-07-28T19:05:23.979611+07:00,0.079,0.076,-0.003
2026-07-28T19:05:23.983611+07:00,0.059,0.058,-0.001
2026-07-28T19:05:23.987611+07:00,0.012,0.015,0.004
2026-07-28T19:05:23.991611+07:00,0.079,0.076,-0.003
2026-07-28T19:05:23.995611+07:00,0.076,0.073,-0.003
2026-07-28T19:05:23.999611+07:00,0.048,0.048,-0.0
2026-07-28T19:05:24.003611+07:00,0.083,0.08,-0.004
2026-07-28T19:05:24.007611+07:00,0.074,0.072,-0.003
2026-07-28T19:05:24.011611+07:00,0.044,0.044,0.0
2026-07-28T19:05:24.015611+07:00,0.025,0.028,0.002
2026-07-28T19:05:24.019611+07:00,0.014,0.017,0.003
2026-07-28T19:05:24.023611+07:00,0.05,0.05,-0.0
2026-07-28T19:05:24.027611+07:00,0.027,0.029,0.002
2026-07-28T19:05:24.031611+07:00,0.047,0.047,-0.0
2026-07-28T19:05:24.035611+07:00,0.051,0.051,-0.0
2026-07-28T19:05:24.039611+07:00,0.051,0.05,-0.0
2026-07-28T19:05:24.043611+07:00,0.039,0.04,0.001
2026-07-28T19:05:24.047611+07:00,0.048,0.048,-0.0
2026-07-28T19:05:24.051611+07:00,0.054,0.054,-0.001
2026-07-28T19:05:24.055611+07:00,0.046,0.046,0.0
2026-07-28T19:05:24.059611+07:00,0.054,0.053,-0.001
2026-07-28T19:05:24.063611+07:00,-0.006,-0.001,0.005
2026-07-28T19:05:24.067611+07:00,0.054,0.054,-0.001
2026-07-28T19:05:24.071611+07:00,0.054,0.053,-0.001
2026-07-28T19:05:24.075611+07:00,0.05,0.05,-0.0
2026-07-28T19:05:24.079611+07:00,0.059,0.058,-0.001
2026-07-28T19:05:24.083611+07:00,0.04,0.041,0.001
2026-07-28T19:05:24.087611+07:00,0.029,0.031,0.002
2026-07-28T19:05:24.091611+07:00,0.039,0.04,0.001
2026-07-28T19:05:24.095611+07:00,0.079,0.075,-0.003
2026-07-28T19:05:24.099611+07:00,0.046,0.046,-0.0
2026-07-28T19:05:24.103611+07:00,0.093,0.088,-0.005
2026-07-28T19:05:24.107611+07:00,0.017,0.02,0.003
2026-07-28T19:05:24.111611+07:00,0.075,0.072,-0.003
2026-07-28T19:05:24.115611+07:00,0.063,0.061,-0.002
2026-07-28T19:05:24.119611+07:00,0.043,0.043,0.0
2026-07-28T19:05:24.123611+07:00,0.057,0.056,-0.001
2026-07-28T19:05:24.127611+07:00,0.032,0.033,0.001
2026-07-28T19:05:24.131611+07:00,0.027,0.029,0.002
2026-07-28T19:05:24.135611+07:00,0.043,0.043,0.0
2026-07-28T19:05:24.139611+07:00,-0.011,-0.005,0.006
2026-07-28T19:05:24.143611+07:00,0.075,0.072,-0.003
2026-07-28T19:05:24.147611+07:00,0.044,0.044,0.0
2026-07-28T19:05:24.151611+07:00,0.058,0.057,-0.001
2026-07-28T19:05:24.155611+07:00,0.04,0.04,0.0
2026-07-28T19:05:24.159611+07:00,0.067,0.064,-0.002
2026-07-28T19:05:24.163611+07:00,0.006,0.01,0.004
2026-07-28T19:05:24.167611+07:00,0.029,0.03,0.002
2026-07-28T19:05:24.171611+07:00,0.063,0.061,-0.002
2026-07-28T19:05:24.175611+07:00,0.021,0.023,0.002
2026-07-28T19:05:24.179611+07:00,0.057,0.056,-0.001
2026-07-28T19:05:24.183611+07:00,0.024,0.026,0.002
2026-07-28T19:05:24.187611+07:00,0.069,0.067,-0.003
2026-07-28T19:05:24.191611+07:00,0.025,0.027,0.002
2026-07-28T19:05:24.195611+07:00,0.097,0.092,-0.005
2026-07-28T19:05:24.199611+07:00,0.051,0.05,-0.001
2026-07-28T19:05:24.203611+07:00,0.03,0.031,0.001
2026-07-28T19:05:24.207611+07:00,0.022,0.024,0.002
2026-07-28T19:05:24.211611+07:00,0.061,0.06,-0.002
2026-07-28T19:05:24.215611+07:00,0.033,0.034,0.001
2026-07-28T19:05:24.219611+07:00,0.034,0.035,0.001
2026-07-28T19:05:24.223611+07:00,0.038,0.038,0.001
2026-07-28T19:05:24.227611+07:00,0.049,0.049,-0.0
2026-07-28T19:05:24.231611+07:00,0.04,0.041,0.001
2026-07-28T19:05:24.235611+07:00,0.041,0.043,0.001
2026-07-28T19:05:24.239611+07:00,0.027,0.03,0.004
2026-07-28T19:05:24.243611+07:00,0.016,0.022,0.007
2026-07-28T19:05:24.247611+07:00,0.068,0.071,0.004
2026-07-28T19:05:24.251611+07:00,0.042,0.051,0.009
2026-07-28T19:05:24.255611+07:00,0.054,0.065,0.012
2026-07-28T19:05:24.259611+07:00,0.069,0.083,0.013
2026-07-28T19:05:24.263611+07:00,0.078,0.093,0.015
2026-07-28T19:05:24.267611+07:00,0.109,0.123,0.014
2026-07-28T19:05:24.271611+07:00,0.078,0.095,0.017
2026-07-28T19:05:24.275611+07:00,0.107,0.12,0.012
2026-07-28T19:05:24.279611+07:00,0.054,0.069,0.015
2026-07-28T19:05:24.283611+07:00,0.047,0.06,0.012
2026-07-28T19:05:24.287611+07:00,0.033,0.043,0.01
2026-07-28T19:05:24.291611+07:00,0.04,0.047,0.006
2026-07-28T19:05:24.295611+07:00,0.065,0.066,0.001
2026-07-28T19:05:24.299611+07:00,0.042,0.044,0.002
2026-07-28T19:05:24.303611+07:00,0.043,0.044,0.001
2026-07-28T19:05:24.307611+07:00,0.063,0.061,-0.002
2026-07-28T19:05:24.311611+07:00,0.011,0.014,0.003
2026-07-28T19:05:24.315611+07:00,0.045,0.044,-0.0
2026-07-28T19:05:24.319611+07:00,0.047,0.046,-0.001
2026-07-28T19:05:24.323611+07:00,0.019,0.021,0.002
2026-07-28T19:05:24.327611+07:00,0.063,0.061,-0.002
2026-07-28T19:05:24.331611+07:00,0.025,0.026,0.001
2026-07-28T19:05:24.335611+07:00,-0.006,-0.006,0.0
2026-07-28T19:05:24.339611+07:00,-0.016,-0.018,-0.003
2026-07-28T19:05:24.343611+07:00,-0.005,-0.004,0.001
2026-07-28T19:05:24.347611+07:00,0.0,0.007,0.007
2026-07-28T19:05:24.351611+07:00,0.103,0.116,0.012
2026-07-28T19:05:24.355611+07:00,0.164,0.219,0.055
2026-07-28T19:05:24.359611+07:00,0.323,0.472,0.148
2026-07-28T19:05:24.363611+07:00,0.58,0.861,0.281
2026-07-28T19:05:24.367611+07:00,0.803,1.187,0.384
2026-07-28T19:05:24.371611+07:00,0.804,1.187,0.383
2026-07-28T19:05:24.375611+07:00,0.591,0.867,0.277
2026-07-28T19:05:24.379611+07:00,0.275,0.421,0.146
2026-07-28T19:05:24.383611+07:00,0.112,0.159,0.047
2026-07-28T19:05:24.387611+07:00,-0.001,0.001,0.002
2026-07-28T19:05:24.391611+07:00,-0.118,-0.129,-0.011
2026-07-28T19:05:24.395611+07:00,-0.094,-0.118,-0.023
2026-07-28T19:05:24.399611+07:00,-0.105,-0.13,-0.026
2026-07-28T19:05:24.403611+07:00,-0.073,-0.099,-0.026
2026-07-28T19:05:24.407611+07:00,-0.036,-0.059,-0.023
2026-07-28T19:05:24.411611+07:00,-0.049,-0.061,-0.012
2026-07-28T19:05:24.415611+07:00,-0.015,-0.022,-0.008
2026-07-28T19:05:24.419611+07:00,0.009,0.005,-0.004
2026-07-28T19:05:24.423611+07:00,0.015,0.014,-0.001
2026-07-28T19:05:24.427611+07:00,0.036,0.035,-0.001
2026-07-28T19:05:24.431611+07:00,0.017,0.019,0.002
2026-07-28T19:05:24.435611+07:00,-0.009,-0.004,0.004
2026-07-28T19:05:24.439611+07:00,0.038,0.038,-0.0
2026-07-28T19:05:24.443611+07:00,0.062,0.059,-0.002
2026-07-28T19:05:24.447611+07:00,0.027,0.028,0.001
2026-07-28T19:05:24.451611+07:00,0.031,0.031,0.001
2026-07-28T19:05:24.455611+07:00,0.035,0.036,0.0
2026-07-28T19:05:24.459611+07:00,0.001,0.004,0.004
2026-07-28T19:05:24.463611+07:00,0.037,0.037,-0.0
2026-07-28T19:05:24.467611+07:00,0.026,0.027,0.001
2026-07-28T19:05:24.471611+07:00,0.04,0.039,-0.0
2026-07-28T19:05:24.475611+07:00,0.048,0.047,-0.001
2026-07-28T19:05:24.479611+07:00,0.037,0.037,0.0
2026-07-28T19:05:24.483611+07:00,0.036,0.036,0.0
2026-07-28T19:05:24.487611+07:00,0.047,0.046,-0.001
2026-07-28T19:05:24.491611+07:00,0.043,0.043,-0.0
2026-07-28T19:05:24.495611+07:00,0.043,0.044,0.0
2026-07-28T19:05:24.499611+07:00,0.02,0.023,0.003
2026-07-28T19:05:24.503611+07:00,0.036,0.038,0.002
2026-07-28T19:05:24.507611+07:00,0.059,0.059,0.0
2026-07-28T19:05:24.511611+07:00,0.045,0.048,0.003
2026-07-28T19:05:24.515611+07:00,0.038,0.042,0.005
2026-07-28T19:05:24.519611+07:00,0.081,0.082,0.002
2026-07-28T19:05:24.523611+07:00,0.022,0.031,0.009
2026-07-28T19:05:24.527611+07:00,0.086,0.091,0.005
2026-07-28T19:05:24.531611+07:00,0.07,0.079,0.009
2026-07-28T19:05:24.535611+07:00,0.097,0.105,0.008
2026-07-28T19:05:24.539611+07:00,0.064,0.078,0.014
2026-07-28T19:05:24.543611+07:00,0.079,0.094,0.015
2026-07-28T19:05:24.547611+07:00,0.118,0.131,0.014
2026-07-28T19:05:24.551611+07:00,0.116,0.133,0.016
2026-07-28T19:05:24.555611+07:00,0.1,0.12,0.02
2026-07-28T19:05:24.559611+07:00,0.141,0.158,0.017
2026-07-28T19:05:24.563611+07:00,0.139,0.158,0.019
2026-07-28T19:05:24.567611+07:00,0.107,0.13,0.022
2026-07-28T19:05:24.571611+07:00,0.133,0.153,0.02
2026-07-28T19:05:24.575611+07:00,0.147,0.165,0.018
2026-07-28T19:05:24.579611+07:00,0.122,0.141,0.019
2026-07-28T19:05:24.583611+07:00,0.089,0.11,0.021
2026-07-28T19:05:24.587611+07:00,0.11,0.127,0.017
2026-07-28T19:05:24.591611+07:00,0.152,0.163,0.01
2026-07-28T19:05:24.595611+07:00,0.052,0.069,0.018
2026-07-28T19:05:24.599611+07:00,0.062,0.076,0.014
2026-07-28T19:05:24.603611+07:00,0.125,0.13,0.005
2026-07-28T19:05:24.607611+07:00,0.056,0.066,0.01
2026-07-28T19:05:24.611611+07:00,0.078,0.083,0.005
2026-07-28T19:05:24.615611+07:00,0.057,0.063,0.005
2026-07-28T19:05:24.619611+07:00,0.056,0.06,0.004
2026-07-28T19:05:24.623611+07:00,0.067,0.068,0.001
2026-07-28T19:05:24.627611+07:00,0.055,0.056,0.001
2026-07-28T19:05:24.631611+07:00,0.058,0.058,-0.0
2026-07-28T19:05:24.635611+07:00,0.021,0.024,0.003
2026-07-28T19:05:24.639611+07:00,0.041,0.041,0.0
2026-07-28T19:05:24.643611+07:00,0.035,0.036,0.0
2026-07-28T19:05:24.647611+07:00,0.018,0.02,0.002
2026-07-28T19:05:24.651611+07:00,0.043,0.042,-0.001
2026-07-28T19:05:24.655611+07:00,0.02,0.022,0.001
2026-07-28T19:05:24.659611+07:00,0.053,0.051,-0.002
2026-07-28T19:05:24.663611+07:00,0.041,0.04,-0.001
2026-07-28T19:05:24.667611+07:00,-0.012,-0.008,0.004
2026-07-28T19:05:24.671611+07:00,0.037,0.036,-0.001
2026-07-28T19:05:24.675611+07:00,0.018,0.019,0.001
2026-07-28T19:05:24.679611+07:00,0.061,0.058,-0.003
2026-07-28T19:05:24.683611+07:00,0.023,0.024,0.001
2026-07-28T19:05:24.687611+07:00,0.011,0.013,0.002
2026-07-28T19:05:24.691611+07:00,0.021,0.021,0.001
2026-07-28T19:05:24.695611+07:00,0.033,0.032,-0.001
2026-07-28T19:05:24.699611+07:00,0.021,0.021,0.001
2026-07-28T19:05:24.703611+07:00,0.025,0.026,0.0
2026-07-28T19:05:24.707611+07:00,0.034,0.034,-0.001
2026-07-28T19:05:24.711611+07:00,0.025,0.025,0.0
2026-07-28T19:05:24.715611+07:00,0.054,0.052,-0.003
2026-07-28T19:05:24.719611+07:00,0.029,0.029,-0.0
2026-07-28T19:05:24.723611+07:00,0.001,0.004,0.003
2026-07-28T19:05:24.727611+07:00,0.041,0.04,-0.001
2026-07-28T19:05:24.731611+07:00,0.007,0.009,0.002
2026-07-28T19:05:24.735611+07:00,0.051,0.048,-0.002
2026-07-28T19:05:24.739611+07:00,0.055,0.052,-0.003
2026-07-28T19:05:24.743611+07:00,0.016,0.017,0.001
2026-07-28T19:05:24.747611+07:00,-0.016,-0.012,0.004
2026-07-28T19:05:24.751611+07:00,-0.008,-0.004,0.003
2026-07-28T19:05:24.755611+07:00,0.029,0.029,-0.0
2026-07-28T19:05:24.759611+07:00,-0.011,-0.008,0.004
2026-07-28T19:05:24.763611+07:00,0.028,0.028,-0.0
2026-07-28T19:05:24.767611+07:00,0.022,0.022,0.0
2026-07-28T19:05:24.771611+07:00,0.02,0.021,0.0
2026-07-28T19:05:24.775611+07:00,0.076,0.071,-0.005
2026-07-28T19:05:24.779611+07:00,-0.006,-0.003,0.003
2026-07-28T19:05:24.783611+07:00,-0.006,-0.003,0.003
2026-07-28T19:05:24.787611+07:00,0.086,0.08,-0.006
2026-07-28T19:05:24.791611+07:00,0.002,0.004,0.002
2026-07-28T19:05:24.795611+07:00,0.027,0.027,-0.0
2026-07-28T19:05:24.799611+07:00,-0.005,-0.002,0.003
2026-07-28T19:05:24.803611+07:00,0.036,0.035,-0.001
2026-07-28T19:05:24.807611+07:00,0.033,0.032,-0.001
2026-07-28T19:05:24.811611+07:00,0.034,0.033,-0.001
2026-07-28T19:05:24.815611+07:00,0.033,0.032,-0.001
2026-07-28T19:05:24.819611+07:00,0.006,0.007,0.002
2026-07-28T19:05:24.823611+07:00,0.052,0.049,-0.003
2026-07-28T19:05:24.827611+07:00,0.037,0.035,-0.001
2026-07-28T19:05:24.831611+07:00,0.012,0.013,0.001
2026-07-28T19:05:24.835611+07:00,0.021,0.021,0.0
2026-07-28T19:05:24.839611+07:00,0.074,0.069,-0.005
2026-07-28T19:05:24.843611+07:00,0.051,0.048,-0.003
2026-07-28T19:05:24.847611+07:00,0.007,0.008,0.002
2026-07-28T19:05:24.851611+07:00,0.037,0.035,-0.002
2026-07-28T19:05:24.855611+07:00,0.013,0.014,0.001
2026-07-28T19:05:24.859611+07:00,0.018,0.018,0.0
2026-07-28T19:05:24.863611+07:00,-0.009,-0.006,0.003
2026-07-28T19:05:24.867611+07:00,0.023,0.022,-0.0
2026-07-28T19:05:24.871611+07:00,0.05,0.047,-0.003
2026-07-28T19:05:24.875611+07:00,0.009,0.01,0.001
2026-07-28T19:05:24.879611+07:00,0.015,0.016,0.001
2026-07-28T19:05:24.883611+07:00,-0.008,-0.005,0.003
2026-07-28T19:05:24.887611+07:00,0.011,0.012,0.001
2026-07-28T19:05:24.891611+07:00,0.001,0.003,0.002
2026-07-28T19:05:24.895611+07:00,0.015,0.015,0.0
2026-07-28T19:05:24.899611+07:00,0.013,0.014,0.001
2026-07-28T19:05:24.903611+07:00,-0.037,-0.031,0.006
2026-07-28T19:05:24.907611+07:00,0.027,0.026,-0.001
2026-07-28T19:05:24.911611+07:00,0.049,0.046,-0.003
2026-07-28T19:05:24.915611+07:00,0.012,0.013,0.001
2026-07-28T19:05:24.919611+07:00,0.02,0.02,-0.0
2026-07-28T19:05:24.923611+07:00,0.015,0.015,0.0
2026-07-28T19:05:24.927611+07:00,-0.014,-0.011,0.003
2026-07-28T19:05:24.931611+07:00,0.022,0.022,-0.0
2026-07-28T19:05:24.935611+07:00,0.068,0.063,-0.005
2026-07-28T19:05:24.939611+07:00,0.001,0.002,0.002
2026-07-28T19:05:24.943611+07:00,0.007,0.008,0.001
2026-07-28T19:05:24.947611+07:00,-0.012,-0.009,0.003
2026-07-28T19:05:24.951611+07:00,0.025,0.024,-0.001
2026-07-28T19:05:24.955611+07:00,0.026,0.025,-0.001
2026-07-28T19:05:24.959611+07:00,0.008,0.009,0.001
2026-07-28T19:05:24.963611+07:00,-0.029,-0.024,0.005
2026-07-28T19:05:24.967611+07:00,-0.021,-0.017,0.004
2026-07-28T19:05:24.971611+07:00,0.033,0.031,-0.002
2026-07-28T19:05:24.975611+07:00,0.051,0.047,-0.003
2026-07-28T19:05:24.979611+07:00,0.002,0.003,0.001
2026-07-28T19:05:24.983611+07:00,0.026,0.025,-0.001
2026-07-28T19:05:24.987611+07:00,0.037,0.035,-0.002
2026-07-28T19:05:24.991611+07:00,0.024,0.023,-0.001
2026-07-28T19:05:24.995611+07:00,0.034,0.032,-0.002
2026-07-28T19:05:24.999611+07:00,-0.0,0.001,0.002
2026-07-28T19:05:25.003611+07:00,0.023,0.022,-0.001
2026-07-28T19:05:25.007611+07:00,-0.013,-0.01,0.003
2026-07-28T19:05:25.011611+07:00,0.023,0.022,-0.001
2026-07-28T19:05:25.015611+07:00,0.004,0.005,0.001
2026-07-28T19:05:25.019611+07:00,-0.014,-0.011,0.003
2026-07-28T19:05:25.023611+07:00,0.023,0.022,-0.001
2026-07-28T19:05:25.027611+07:00,-0.002,-0.0,0.002
2026-07-28T19:05:25.031611+07:00,0.037,0.035,-0.002
2026-07-28T19:05:25.035611+07:00,0.001,0.004,0.002
2026-07-28T19:05:25.039611+07:00,-0.001,0.002,0.004
2026-07-28T19:05:25.043611+07:00,0.015,0.019,0.004
2026-07-28T19:05:25.047611+07:00,0.051,0.053,0.002
2026-07-28T19:05:25.051611+07:00,-0.008,0.003,0.011
2026-07-28T19:05:25.055611+07:00,0.071,0.078,0.007
2026-07-28T19:05:25.059611+07:00,0.033,0.047,0.014
2026-07-28T19:05:25.063611+07:00,0.046,0.062,0.016
2026-07-28T19:05:25.067611+07:00,0.075,0.089,0.014
2026-07-28T19:05:25.071611+07:00,0.077,0.091,0.014
2026-07-28T19:05:25.075611+07:00,0.038,0.055,0.016
2026-07-28T19:05:25.079611+07:00,0.058,0.069,0.012
2026-07-28T19:05:25.083611+07:00,-0.001,0.013,0.014
2026-07-28T19:05:25.087611+07:00,0.042,0.048,0.006
2026-07-28T19:05:25.091611+07:00,0.05,0.052,0.002
2026-07-28T19:05:25.095611+07:00,0.031,0.032,0.002
2026-07-28T19:05:25.099611+07:00,0.045,0.044,-0.001
2026-07-28T19:05:25.103611+07:00,0.018,0.019,0.0
2026-07-28T19:05:25.107611+07:00,0.034,0.032,-0.002
2026-07-28T19:05:25.111611+07:00,0.023,0.022,-0.001
2026-07-28T19:05:25.115611+07:00,0.01,0.01,0.0
2026-07-28T19:05:25.119611+07:00,0.023,0.022,-0.001
2026-07-28T19:05:25.123611+07:00,-0.008,-0.006,0.002
2026-07-28T19:05:25.127611+07:00,0.005,0.006,0.0
2026-07-28T19:05:25.131611+07:00,0.002,0.002,0.0
2026-07-28T19:05:25.135611+07:00,-0.014,-0.017,-0.002
2026-07-28T19:05:25.139611+07:00,-0.039,-0.043,-0.004
2026-07-28T19:05:25.143611+07:00,-0.02,-0.021,-0.001
2026-07-28T19:05:25.147611+07:00,-0.002,0.003,0.004
2026-07-28T19:05:25.151611+07:00,0.035,0.051,0.016
2026-07-28T19:05:25.155611+07:00,0.139,0.193,0.054
2026-07-28T19:05:25.159611+07:00,0.318,0.464,0.145
2026-07-28T19:05:25.163611+07:00,0.543,0.824,0.281
2026-07-28T19:05:25.167611+07:00,0.75,1.137,0.386
2026-07-28T19:05:25.171611+07:00,0.777,1.16,0.383
2026-07-28T19:05:25.175611+07:00,0.548,0.826,0.278
2026-07-28T19:05:25.179611+07:00,0.287,0.429,0.142
2026-07-28T19:05:25.183611+07:00,0.068,0.116,0.049
2026-07-28T19:05:25.187611+07:00,-0.091,-0.084,0.007
2026-07-28T19:05:25.191611+07:00,-0.124,-0.137,-0.013
2026-07-28T19:05:25.195611+07:00,-0.113,-0.138,-0.025
2026-07-28T19:05:25.199611+07:00,-0.143,-0.169,-0.025
2026-07-28T19:05:25.203611+07:00,-0.123,-0.148,-0.024
2026-07-28T19:05:25.207611+07:00,-0.086,-0.107,-0.021
2026-07-28T19:05:25.211611+07:00,-0.059,-0.073,-0.015
2026-07-28T19:05:25.215611+07:00,-0.001,-0.013,-0.012
2026-07-28T19:05:25.219611+07:00,-0.051,-0.053,-0.001
2026-07-28T19:05:25.223611+07:00,0.004,0.001,-0.003
2026-07-28T19:05:25.227611+07:00,0.036,0.031,-0.004
2026-07-28T19:05:25.231611+07:00,0.037,0.033,-0.004
2026-07-28T19:05:25.235611+07:00,0.006,0.006,-0.0
2026-07-28T19:05:25.239611+07:00,-0.02,-0.017,0.002
2026-07-28T19:05:25.243611+07:00,-0.014,-0.012,0.002
2026-07-28T19:05:25.247611+07:00,-0.007,-0.006,0.001
2026-07-28T19:05:25.251611+07:00,0.002,0.002,0.0
2026-07-28T19:05:25.255611+07:00,-0.02,-0.018,0.002
2026-07-28T19:05:25.259611+07:00,-0.003,-0.002,0.001
2026-07-28T19:05:25.263611+07:00,0.015,0.013,-0.001
2026-07-28T19:05:25.267611+07:00,0.024,0.022,-0.002
2026-07-28T19:05:25.271611+07:00,-0.013,-0.012,0.002
2026-07-28T19:05:25.275611+07:00,0.003,0.003,-0.0
2026-07-28T19:05:25.279611+07:00,-0.021,-0.018,0.002
2026-07-28T19:05:25.283611+07:00,0.033,0.03,-0.003
2026-07-28T19:05:25.287611+07:00,0.01,0.01,-0.0
2026-07-28T19:05:25.291611+07:00,0.019,0.018,-0.001
2026-07-28T19:05:25.295611+07:00,-0.028,-0.024,0.004
2026-07-28T19:05:25.299611+07:00,0.031,0.029,-0.002
2026-07-28T19:05:25.303611+07:00,-0.02,-0.016,0.004
2026-07-28T19:05:25.307611+07:00,-0.007,-0.004,0.004
2026-07-28T19:05:25.311611+07:00,-0.013,-0.008,0.005
2026-07-28T19:05:25.315611+07:00,-0.017,-0.011,0.007
