created_at,lead_1,lead_2,lead_3
2026-08-04T04:56:31-04:00,12.36477279663086,0.7068591117858887,-11.657913208007812
2026-08-04T04:56:31.004000-04:00,12.375411987304688,0.716446042060852,-11.658966064453125
2026-08-04T04:56:31.008000-04:00,12.371554374694824,0.736672043800354,-11.634881973266602
2026-08-04T04:56:31.012000-04:00,12.371203422546387,0.7297741770744324,-11.64142894744873
2026-08-04T04:56:31.016000-04:00,12.373541831970215,0.7172644138336182,-11.656277656555176
2026-08-04T04:56:31.020000-04:00,12.374944686889648,0.7388933897018433,-11.636051177978516
2026-08-04T04:56:31.024000-04:00,12.39084529876709,0.7466096878051758,-11.644235610961914
2026-08-04T04:56:31.028000-04:00,12.382660865783691,0.7561966180801392,-11.626463890075684
2026-08-04T04:56:31.032000-04:00,12.390610694885254,0.7706938982009888,-11.619916915893555
2026-08-04T04:56:31.036000-04:00,12.381959915161133,0.774552047252655,-11.607407569885254
2026-08-04T04:56:31.040000-04:00,12.389325141906738,0.7853080630302429,-11.60401725769043
2026-08-04T04:56:31.044000-04:00,12.405926704406738,0.802377462387085,-11.603549003601074
2026-08-04T04:56:31.048000-04:00,12.401951789855957,0.811847448348999,-11.590104103088379
2026-08-04T04:56:31.052000-04:00,12.400665283203125,0.8036634922027588,-11.597002029418945
2026-08-04T04:56:31.056000-04:00,12.394001960754395,0.8137180805206299,-11.580284118652344
2026-08-04T04:56:31.060000-04:00,12.399028778076172,0.8010913729667664,-11.59793758392334
2026-08-04T04:56:31.064000-04:00,12.410252571105957,0.8109121322631836,-11.599340438842773
2026-08-04T04:56:31.068000-04:00,12.406628608703613,0.8237726092338562,-11.582856178283691
2026-08-04T04:56:31.072000-04:00,12.400899887084961,0.8067032694816589,-11.594196319580078
2026-08-04T04:56:31.076000-04:00,12.404172897338867,0.8036634922027588,-11.600509643554688
2026-08-04T04:56:31.080000-04:00,12.397743225097656,0.7948949933052063,-11.602848052978516
2026-08-04T04:56:31.084000-04:00,12.406160354614258,0.8009744882583618,-11.605185508728027
2026-08-04T04:56:31.088000-04:00,12.40943431854248,0.7968825101852417,-11.61255168914795
2026-08-04T04:56:31.092000-04:00,12.403939247131348,0.810795247554779,-11.593144416809082
2026-08-04T04:56:31.096000-04:00,12.394820213317871,0.7977008819580078,-11.597119331359863
2026-08-04T04:56:31.100000-04:00,12.400782585144043,0.7810992002487183,-11.619683265686035
2026-08-04T04:56:31.104000-04:00,12.40768051147461,0.782619059085846,-11.62506103515625
2026-08-04T04:56:31.108000-04:00,12.399496078491211,0.778877854347229,-11.620617866516113
2026-08-04T04:56:31.112000-04:00,12.389442443847656,0.7722137570381165,-11.617228507995605
2026-08-04T04:56:31.116000-04:00,12.38698673248291,0.7681217789649963,-11.618865013122559
2026-08-04T04:56:31.120000-04:00,12.397041320800781,0.775604248046875,-11.621437072753906
2026-08-04T04:56:31.124000-04:00,12.395171165466309,0.7704600691795349,-11.624711036682129
2026-08-04T04:56:31.128000-04:00,12.39891242980957,0.7670695781707764,-11.631842613220215
2026-08-04T04:56:31.132000-04:00,12.39306640625,0.7503509521484375,-11.642715454101562
2026-08-04T04:56:31.136000-04:00,12.385701179504395,0.7445052862167358,-11.641196250915527
2026-08-04T04:56:31.140000-04:00,12.387571334838867,0.7599378228187561,-11.627633094787598
2026-08-04T04:56:31.144000-04:00,12.408147811889648,0.7640298008918762,-11.644118309020996
2026-08-04T04:56:31.148000-04:00,12.395404815673828,0.7516369819641113,-11.643768310546875
2026-08-04T04:56:31.152000-04:00,12.392715454101562,0.7533906698226929,-11.639325141906738
2026-08-04T04:56:31.156000-04:00,12.385934829711914,0.7301248908042908,-11.655810356140137
2026-08-04T04:56:31.160000-04:00,12.394936561584473,0.7467266321182251,-11.648209571838379
2026-08-04T04:56:31.164000-04:00,12.398210525512695,0.742634654045105,-11.6555757522583
2026-08-04T04:56:31.168000-04:00,12.39084529876709,0.7379580736160278,-11.652887344360352
2026-08-04T04:56:31.172000-04:00,12.3889741897583,0.7316447496414185,-11.657329559326172
2026-08-04T04:56:31.176000-04:00,12.381608963012695,0.7224085927009583,-11.659200668334961
2026-08-04T04:56:31.180000-04:00,12.386168479919434,0.7118864059448242,-11.67428207397461
2026-08-04T04:56:31.184000-04:00,12.388389587402344,0.7309432625770569,-11.657445907592773
2026-08-04T04:56:31.188000-04:00,12.389792442321777,0.7387765049934387,-11.651016235351562
2026-08-04T04:56:31.192000-04:00,12.378568649291992,0.7505847811698914,-11.627984046936035
2026-08-04T04:56:31.196000-04:00,12.389792442321777,0.7463758587837219,-11.643416404724121
2026-08-04T04:56:31.200000-04:00,12.414344787597656,0.793725848197937,-11.62061882019043
2026-08-04T04:56:31.204000-04:00,12.406628608703613,0.8019098043441772,-11.604719161987305
2026-08-04T04:56:31.208000-04:00,12.390961647033691,0.8000391721725464,-11.590922355651855
2026-08-04T04:56:31.212000-04:00,12.38698673248291,0.8088076710700989,-11.578179359436035
2026-08-04T04:56:31.216000-04:00,12.377399444580078,0.815588653087616,-11.561810493469238
2026-08-04T04:56:31.220000-04:00,12.40358829498291,0.8508965373039246,-11.552691459655762
2026-08-04T04:56:31.224000-04:00,12.408265113830566,0.8851522207260132,-11.523113250732422
2026-08-04T04:56:31.228000-04:00,12.377867698669434,0.8990648984909058,-11.478802680969238
2026-08-04T04:56:31.232000-04:00,12.372489929199219,0.8990648984909058,-11.473424911499023
2026-08-04T04:56:31.236000-04:00,12.3723726272583,0.8960251808166504,-11.476346969604492
2026-08-04T04:56:31.240000-04:00,12.37447738647461,0.9057289958000183,-11.468748092651367
2026-08-04T04:56:31.244000-04:00,12.39084529876709,0.909937858581543,-11.480907440185547
2026-08-04T04:56:31.248000-04:00,12.415163040161133,0.91157466173172,-11.503588676452637
2026-08-04T04:56:31.252000-04:00,12.413058280944824,0.8765006065368652,-11.536558151245117
2026-08-04T04:56:31.256000-04:00,12.3972749710083,0.8477398753166199,-11.549534797668457
2026-08-04T04:56:31.260000-04:00,12.393884658813477,0.8237726092338562,-11.570112228393555
2026-08-04T04:56:31.264000-04:00,12.407563209533691,0.7987531423568726,-11.608810424804688
2026-08-04T04:56:31.268000-04:00,12.395404815673828,0.7892831563949585,-11.606122016906738
2026-08-04T04:56:31.272000-04:00,12.385466575622559,0.7689402103424072,-11.61652660369873
2026-08-04T04:56:31.276000-04:00,12.367111206054688,0.7376073598861694,-11.629504203796387
2026-08-04T04:56:31.280000-04:00,12.363720893859863,0.7238115668296814,-11.639909744262695
2026-08-04T04:56:31.284000-04:00,12.363253593444824,0.7117694616317749,-11.651484489440918
2026-08-04T04:56:31.288000-04:00,12.358576774597168,0.7015979886054993,-11.656978607177734
2026-08-04T04:56:31.292000-04:00,12.358810424804688,0.6777476668357849,-11.681062698364258
2026-08-04T04:56:31.296000-04:00,12.357992172241211,0.6699144244194031,-11.688077926635742
2026-08-04T04:56:31.300000-04:00,12.364656448364258,0.6692129373550415,-11.695443153381348
2026-08-04T04:56:31.304000-04:00,12.369566917419434,0.6633672714233398,-11.706199645996094
2026-08-04T04:56:31.308000-04:00,12.363253593444824,0.6686283946037292,-11.694624900817871
2026-08-04T04:56:31.312000-04:00,12.346534729003906,0.6576384902000427,-11.688896179199219
2026-08-04T04:56:31.316000-04:00,12.348054885864258,0.6514421105384827,-11.696612358093262
2026-08-04T04:56:31.320000-04:00,12.347352981567383,0.6672254204750061,-11.680127143859863
2026-08-04T04:56:31.324000-04:00,12.355302810668945,0.658807635307312,-11.696495056152344
2026-08-04T04:56:31.328000-04:00,12.349224090576172,0.663718044757843,-11.685505867004395
2026-08-04T04:56:31.332000-04:00,12.343611717224121,0.6738895177841187,-11.669722557067871
2026-08-04T04:56:31.336000-04:00,12.327361106872559,0.675877034664154,-11.651484489440918
2026-08-04T04:56:31.340000-04:00,12.311460494995117,0.7117694616317749,-11.599691390991211
2026-08-04T04:56:31.344000-04:00,12.311811447143555,0.7250975966453552,-11.586713790893555
2026-08-04T04:56:31.348000-04:00,12.358343124389648,0.7136400938034058,-11.644702911376953
2026-08-04T04:56:31.352000-04:00,12.394469261169434,0.7213563919067383,-11.673112869262695
2026-08-04T04:56:31.356000-04:00,12.535233497619629,0.8781374096870422,-11.657095909118652
2026-08-04T04:56:31.360000-04:00,12.678802490234375,1.086477279663086,-11.592325210571289
2026-08-04T04:56:31.364000-04:00,12.71609878540039,1.6176153421401978,-11.098483085632324
2026-08-04T04:56:31.368000-04:00,12.642091751098633,2.4107565879821777,-10.231334686279297
2026-08-04T04:56:31.372000-04:00,12.58702564239502,2.8544435501098633,-9.732582092285156
2026-08-04T04:56:31.376000-04:00,12.497236251831055,3.0343732833862305,-9.462862968444824
2026-08-04T04:56:31.380000-04:00,12.47549057006836,3.0342564582824707,-9.441234588623047
2026-08-04T04:56:31.384000-04:00,12.406862258911133,2.53187894821167,-9.874982833862305
2026-08-04T04:56:31.388000-04:00,12.361499786376953,2.049260139465332,-10.312239646911621
2026-08-04T04:56:31.392000-04:00,12.332387924194336,1.4753316640853882,-10.857056617736816
2026-08-04T04:56:31.396000-04:00,12.37482738494873,1.0909199714660645,-11.283906936645508
2026-08-04T04:56:31.400000-04:00,12.467423439025879,1.033515453338623,-11.433908462524414
2026-08-04T04:56:31.404000-04:00,12.493728637695312,0.9871007800102234,-11.506628036499023
2026-08-04T04:56:31.408000-04:00,12.44450855255127,0.9333205819129944,-11.511187553405762
2026-08-04T04:56:31.412000-04:00,12.425568580627441,0.8667967915534973,-11.558772087097168
2026-08-04T04:56:31.416000-04:00,12.422528266906738,0.8420111536979675,-11.580516815185547
2026-08-04T04:56:31.420000-04:00,12.425100326538086,0.814536452293396,-11.610564231872559
2026-08-04T04:56:31.424000-04:00,12.432816505432129,0.8067032694816589,-11.626112937927246
2026-08-04T04:56:31.428000-04:00,12.431297302246094,0.794778048992157,-11.636519432067871
2026-08-04T04:56:31.432000-04:00,12.425217628479004,0.789400041103363,-11.635817527770996
2026-08-04T04:56:31.436000-04:00,12.42381477355957,0.7818006873130798,-11.642014503479004
2026-08-04T04:56:31.440000-04:00,12.433752059936523,0.7940765619277954,-11.63967514038086
2026-08-04T04:56:31.444000-04:00,12.43842887878418,0.7994546294212341,-11.6389741897583
2026-08-04T04:56:31.448000-04:00,12.446612358093262,0.7972332239151001,-11.649378776550293
2026-08-04T04:56:31.452000-04:00,12.440299034118652,0.804248034954071,-11.636051177978516
2026-08-04T04:56:31.456000-04:00,12.438779830932617,0.8136011362075806,-11.625178337097168
2026-08-04T04:56:31.460000-04:00,12.44041633605957,0.8076385259628296,-11.63277816772461
2026-08-04T04:56:31.464000-04:00,12.450704574584961,0.8181607723236084,-11.632543563842773
2026-08-04T04:56:31.468000-04:00,12.461461067199707,0.8252924680709839,-11.636168479919434
2026-08-04T04:56:31.472000-04:00,12.459122657775879,0.849142849445343,-11.609979629516602
2026-08-04T04:56:31.476000-04:00,12.446145057678223,0.8355808854103088,-11.610564231872559
2026-08-04T04:56:31.480000-04:00,12.46508502960205,0.8538193702697754,-11.611265182495117
2026-08-04T04:56:31.484000-04:00,12.474204063415527,0.869953453540802,-11.60425090789795
2026-08-04T04:56:31.488000-04:00,12.476776123046875,0.8884257674217224,-11.588350296020508
2026-08-04T04:56:31.492000-04:00,12.476075172424316,0.8842169046401978,-11.59185791015625
2026-08-04T04:56:31.496000-04:00,12.473970413208008,0.9031568765640259,-11.570813179016113
2026-08-04T04:56:31.500000-04:00,12.476308822631836,0.9071319699287415,-11.56917667388916
2026-08-04T04:56:31.504000-04:00,12.50436782836914,0.9299300909042358,-11.574438095092773
2026-08-04T04:56:31.508000-04:00,12.509278297424316,0.9426736831665039,-11.566604614257812
2026-08-04T04:56:31.512000-04:00,12.51044750213623,0.9618474841117859,-11.548600196838379
2026-08-04T04:56:31.516000-04:00,12.51488971710205,0.9674593210220337,-11.547430038452148
2026-08-04T04:56:31.520000-04:00,12.526464462280273,0.9952847361564636,-11.531179428100586
2026-08-04T04:56:31.524000-04:00,12.536519050598145,0.9979737401008606,-11.538545608520508
2026-08-04T04:56:31.528000-04:00,12.55019760131836,1.0257991552352905,-11.524398803710938
2026-08-04T04:56:31.532000-04:00,12.559083938598633,1.0626269578933716,-11.49645709991455
2026-08-04T04:56:31.536000-04:00,12.571359634399414,1.080514669418335,-11.4908447265625
2026-08-04T04:56:31.540000-04:00,12.593807220458984,1.1150041818618774,-11.478802680969238
2026-08-04T04:56:31.544000-04:00,12.610642433166504,1.1418943405151367,-11.468748092651367
2026-08-04T04:56:31.548000-04:00,12.626425743103027,1.1666799783706665,-11.459745407104492
2026-08-04T04:56:31.552000-04:00,12.630634307861328,1.189244270324707,-11.441390037536621
2026-08-04T04:56:31.556000-04:00,12.646417617797852,1.2132115364074707,-11.433206558227539
2026-08-04T04:56:31.560000-04:00,12.663253784179688,1.2466487884521484,-11.416604995727539
2026-08-04T04:56:31.564000-04:00,12.675178527832031,1.2508577108383179,-11.424321174621582
2026-08-04T04:56:31.568000-04:00,12.690377235412598,1.2880362272262573,-11.40234088897705
2026-08-04T04:56:31.572000-04:00,12.689676284790039,1.2907252311706543,-11.398950576782227
2026-08-04T04:56:31.576000-04:00,12.68803882598877,1.3012473583221436,-11.386791229248047
2026-08-04T04:56:31.580000-04:00,12.695521354675293,1.3152769804000854,-11.380244255065918
2026-08-04T04:56:31.584000-04:00,12.695521354675293,1.2966878414154053,-11.398833274841309
2026-08-04T04:56:31.588000-04:00,12.698210716247559,1.305222511291504,-11.392988204956055
2026-08-04T04:56:31.592000-04:00,12.678335189819336,1.27926766872406,-11.399067878723145
2026-08-04T04:56:31.596000-04:00,12.661149024963379,1.2521437406539917,-11.409005165100098
2026-08-04T04:56:31.600000-04:00,12.658576965332031,1.2378802299499512,-11.420696258544922
2026-08-04T04:56:31.604000-04:00,12.64466381072998,1.2155498266220093,-11.42911434173584
2026-08-04T04:56:31.608000-04:00,12.625373840332031,1.2001172304153442,-11.425256729125977
2026-08-04T04:56:31.612000-04:00,12.599652290344238,1.144115686416626,-11.455536842346191
2026-08-04T04:56:31.616000-04:00,12.578958511352539,1.1079894304275513,-11.470969200134277
2026-08-04T04:56:31.620000-04:00,12.552302360534668,1.0552613735198975,-11.497040748596191
2026-08-04T04:56:31.624000-04:00,12.53967571258545,1.0250977277755737,-11.514577865600586
2026-08-04T04:56:31.628000-04:00,12.51898193359375,0.9754094481468201,-11.543572425842285
2026-08-04T04:56:31.632000-04:00,12.48192024230957,0.9303977489471436,-11.551522254943848
2026-08-04T04:56:31.636000-04:00,12.469761848449707,0.9141467809677124,-11.555615425109863
2026-08-04T04:56:31.640000-04:00,12.455497741699219,0.8754484057426453,-11.580049514770508
2026-08-04T04:56:31.644000-04:00,12.45058822631836,0.8638739585876465,-11.586713790893555
2026-08-04T04:56:31.648000-04:00,12.429309844970703,0.8306705355644226,-11.598639488220215
2026-08-04T04:56:31.652000-04:00,12.414578437805176,0.804248034954071,-11.610330581665039
2026-08-04T04:56:31.656000-04:00,12.398561477661133,0.7901015281677246,-11.60845947265625
2026-08-04T04:56:31.660000-04:00,12.407329559326172,0.7758380770683289,-11.631491661071777
2026-08-04T04:56:31.664000-04:00,12.39552116394043,0.7740843892097473,-11.621437072753906
2026-08-04T04:56:31.668000-04:00,12.394936561584473,0.758534848690033,-11.636402130126953
2026-08-04T04:56:31.672000-04:00,12.379270553588867,0.7404133081436157,-11.638856887817383
2026-08-04T04:56:31.676000-04:00,12.373892784118652,0.742634654045105,-11.631258010864258
2026-08-04T04:56:31.680000-04:00,12.368046760559082,0.7502340078353882,-11.617813110351562
2026-08-04T04:56:31.684000-04:00,12.377399444580078,0.7495325207710266,-11.627866744995117
2026-08-04T04:56:31.688000-04:00,12.371905326843262,0.7390103340148926,-11.632894515991211
2026-08-04T04:56:31.692000-04:00,12.363720893859863,0.735035240650177,-11.62868595123291
2026-08-04T04:56:31.696000-04:00,12.359979629516602,0.7419331669807434,-11.618046760559082
2026-08-04T04:56:31.700000-04:00,12.36652660369873,0.7549105882644653,-11.611616134643555
2026-08-04T04:56:31.704000-04:00,12.374009132385254,0.7600547671318054,-11.613954544067383
2026-08-04T04:56:31.708000-04:00,12.373074531555176,0.7593532800674438,-11.613720893859863
2026-08-04T04:56:31.712000-04:00,12.355420112609863,0.7529230117797852,-11.602497100830078
2026-08-04T04:56:31.716000-04:00,12.359628677368164,0.7656666040420532,-11.593961715698242
2026-08-04T04:56:31.720000-04:00,12.371437072753906,0.7717460989952087,-11.599691390991211
2026-08-04T04:56:31.724000-04:00,12.382309913635254,0.7903353571891785,-11.591974258422852
2026-08-04T04:56:31.728000-04:00,12.379270553588867,0.7870617508888245,-11.592208862304688
2026-08-04T04:56:31.732000-04:00,12.373775482177734,0.7924398183822632,-11.58133602142334
2026-08-04T04:56:31.736000-04:00,12.374944686889648,0.7903353571891785,-11.584609031677246
2026-08-04T04:56:31.740000-04:00,12.384414672851562,0.8123151063919067,-11.572099685668945
2026-08-04T04:56:31.744000-04:00,12.392715454101562,0.8208497762680054,-11.571866035461426
2026-08-04T04:56:31.748000-04:00,12.3888578414917,0.8222527503967285,-11.566604614257812
2026-08-04T04:56:31.752000-04:00,12.387922286987305,0.8376853466033936,-11.550236701965332
2026-08-04T04:56:31.756000-04:00,12.387922286987305,0.8494935631752014,-11.53842830657959
2026-08-04T04:56:31.760000-04:00,12.396223068237305,0.8328918814659119,-11.563331604003906
2026-08-04T04:56:31.764000-04:00,12.401718139648438,0.8514811396598816,-11.550236701965332
2026-08-04T04:56:31.768000-04:00,12.397625923156738,0.8638739585876465,-11.53375244140625
2026-08-04T04:56:31.772000-04:00,12.399613380432129,0.854520857334137,-11.545092582702637
2026-08-04T04:56:31.776000-04:00,12.397976875305176,0.8711225986480713,-11.526854515075684
2026-08-04T04:56:31.780000-04:00,12.401249885559082,0.8685504794120789,-11.532699584960938
2026-08-04T04:56:31.784000-04:00,12.4054594039917,0.8735777735710144,-11.531881332397461
2026-08-04T04:56:31.788000-04:00,12.408031463623047,0.8790727257728577,-11.528958320617676
2026-08-04T04:56:31.792000-04:00,12.39306640625,0.874279260635376,-11.518787384033203
2026-08-04T04:56:31.796000-04:00,12.397976875305176,0.8621202707290649,-11.535856246948242
2026-08-04T04:56:31.800000-04:00,12.401249885559082,0.8660953044891357,-11.535154342651367
2026-08-04T04:56:31.804000-04:00,12.400548934936523,0.8579113483428955,-11.542637825012207
2026-08-04T04:56:31.808000-04:00,12.408849716186523,0.8565083742141724,-11.55234146118164
2026-08-04T04:56:31.812000-04:00,12.399262428283691,0.8611849546432495,-11.538077354431152
2026-08-04T04:56:31.816000-04:00,12.388389587402344,0.849142849445343,-11.539246559143066
2026-08-04T04:56:31.820000-04:00,12.396807670593262,0.8546378016471863,-11.542169570922852
2026-08-04T04:56:31.824000-04:00,12.401951789855957,0.855105459690094,-11.546846389770508
2026-08-04T04:56:31.828000-04:00,12.391779899597168,0.828332245349884,-11.563447952270508
2026-08-04T04:56:31.832000-04:00,12.396574020385742,0.8394390344619751,-11.557134628295898
2026-08-04T04:56:31.836000-04:00,12.388740539550781,0.81886225938797,-11.569878578186035
2026-08-04T04:56:31.840000-04:00,12.401016235351562,0.8252924680709839,-11.575723648071289
2026-08-04T04:56:31.844000-04:00,12.395404815673828,0.8209667205810547,-11.574438095092773
2026-08-04T04:56:31.848000-04:00,12.394351959228516,0.8152379393577576,-11.579113960266113
2026-08-04T04:56:31.852000-04:00,12.383245468139648,0.8171085715293884,-11.566137313842773
2026-08-04T04:56:31.856000-04:00,12.392248153686523,0.8174592852592468,-11.574789047241211
2026-08-04T04:56:31.860000-04:00,12.392130851745605,0.823188066482544,-11.56894302368164
2026-08-04T04:56:31.864000-04:00,12.3888578414917,0.8078723549842834,-11.580985069274902
2026-08-04T04:56:31.868000-04:00,12.39283275604248,0.8089246153831482,-11.583908081054688
2026-08-04T04:56:31.872000-04:00,12.385934829711914,0.8062356114387512,-11.579699516296387
2026-08-04T04:56:31.876000-04:00,12.379855155944824,0.8029620051383972,-11.576892852783203
2026-08-04T04:56:31.880000-04:00,12.387104034423828,0.8021436333656311,-11.584959983825684
2026-08-04T04:56:31.884000-04:00,12.391546249389648,0.802377462387085,-11.589168548583984
2026-08-04T04:56:31.888000-04:00,12.390377044677734,0.799688458442688,-11.590688705444336
2026-08-04T04:56:31.892000-04:00,12.37845230102539,0.7870617508888245,-11.591390609741211
2026-08-04T04:56:31.896000-04:00,12.374593734741211,0.7706938982009888,-11.603899955749512
2026-08-04T04:56:31.900000-04:00,12.379737854003906,0.7814499139785767,-11.598287582397461
2026-08-04T04:56:31.904000-04:00,12.390026092529297,0.7923228740692139,-11.597702980041504
2026-08-04T04:56:31.908000-04:00,12.379621505737305,0.7936089038848877,-11.586012840270996
2026-08-04T04:56:31.912000-04:00,12.374360084533691,0.8020266890525818,-11.572333335876465
2026-08-04T04:56:31.916000-04:00,12.368514060974121,0.7868279218673706,-11.581686019897461
2026-08-04T04:56:31.920000-04:00,12.379504203796387,0.7901015281677246,-11.58940315246582
2026-08-04T04:56:31.924000-04:00,12.37482738494873,0.79103684425354,-11.58379077911377
2026-08-04T04:56:31.928000-04:00,12.379855155944824,0.7948949933052063,-11.584959983825684
2026-08-04T04:56:31.932000-04:00,12.377399444580078,0.7944273352622986,-11.582972526550293
2026-08-04T04:56:31.936000-04:00,12.367695808410645,0.7870617508888245,-11.580634117126465
2026-08-04T04:56:31.940000-04:00,12.39552116394043,0.8151209950447083,-11.580400466918945
2026-08-04T04:56:31.944000-04:00,12.412473678588867,0.8388544917106628,-11.57361888885498
2026-08-04T04:56:31.948000-04:00,12.386285781860352,0.8593143224716187,-11.526971817016602
2026-08-04T04:56:31.952000-04:00,12.378101348876953,0.8583790063858032,-11.519721984863281
2026-08-04T04:56:31.956000-04:00,12.382076263427734,0.8707718253135681,-11.51130485534668
2026-08-04T04:56:31.960000-04:00,12.390026092529297,0.8725255727767944,-11.517500877380371
2026-08-04T04:56:31.964000-04:00,12.40335464477539,0.8898287415504456,-11.51352596282959
2026-08-04T04:56:31.968000-04:00,12.383479118347168,0.9367110729217529,-11.446767807006836
2026-08-04T04:56:31.972000-04:00,12.364188194274902,0.9473502039909363,-11.416837692260742
2026-08-04T04:56:31.976000-04:00,12.359395027160645,0.9426736831665039,-11.41672134399414
2026-08-04T04:56:31.980000-04:00,12.374009132385254,0.94454425573349,-11.429465293884277
2026-08-04T04:56:31.984000-04:00,12.37646484375,0.9645364880561829,-11.411928176879883
2026-08-04T04:56:31.988000-04:00,12.373659133911133,0.9590415358543396,-11.414617538452148
2026-08-04T04:56:31.992000-04:00,12.390610694885254,0.9605614542961121,-11.430048942565918
2026-08-04T04:56:31.996000-04:00,12.39505386352539,0.9394000768661499,-11.45565414428711
2026-08-04T04:56:32-04:00,12.4054594039917,0.9066643118858337,-11.498795509338379
2026-08-04T04:56:32.004000-04:00,12.383830070495605,0.8556900024414062,-11.5281400680542
2026-08-04T04:56:32.008000-04:00,12.390260696411133,0.8576775193214417,-11.532583236694336
2026-08-04T04:56:32.012000-04:00,12.374711036682129,0.8319565653800964,-11.542754173278809
2026-08-04T04:56:32.016000-04:00,12.368514060974121,0.8202652335166931,-11.548249244689941
2026-08-04T04:56:32.020000-04:00,12.372255325317383,0.7794623970985413,-11.592792510986328
2026-08-04T04:56:32.024000-04:00,12.365474700927734,0.7625099420547485,-11.602964401245117
2026-08-04T04:56:32.028000-04:00,12.350977897644043,0.7590025067329407,-11.591975212097168
2026-08-04T04:56:32.032000-04:00,12.340104103088379,0.7295403480529785,-11.610563278198242
2026-08-04T04:56:32.036000-04:00,12.342208862304688,0.7328138947486877,-11.609395027160645
2026-08-04T04:56:32.040000-04:00,12.35378360748291,0.7333984971046448,-11.62038516998291
2026-08-04T04:56:32.044000-04:00,12.357056617736816,0.7312940359115601,-11.625762939453125
2026-08-04T04:56:32.048000-04:00,12.352848052978516,0.7324631810188293,-11.62038516998291
2026-08-04T04:56:32.052000-04:00,12.341156959533691,0.7170305848121643,-11.624126434326172
2026-08-04T04:56:32.056000-04:00,12.334025382995605,0.7060407400131226,-11.627985000610352
2026-08-04T04:56:32.060000-04:00,12.346652030944824,0.7159783840179443,-11.6306734085083
2026-08-04T04:56:32.064000-04:00,12.34209156036377,0.7094312310218811,-11.632659912109375
2026-08-04T04:56:32.068000-04:00,12.342676162719727,0.7123540639877319,-11.630322456359863
2026-08-04T04:56:32.072000-04:00,12.334609985351562,0.7095481157302856,-11.625061988830566
2026-08-04T04:56:32.076000-04:00,12.33110237121582,0.7189012169837952,-11.612200736999512
2026-08-04T04:56:32.080000-04:00,12.32911491394043,0.7229931950569153,-11.606122016906738
2026-08-04T04:56:32.084000-04:00,12.309940338134766,0.748831033706665,-11.56110954284668
2026-08-04T04:56:32.088000-04:00,12.28012752532959,0.769641637802124,-11.510485649108887
2026-08-04T04:56:32.092000-04:00,12.322333335876465,0.7874125242233276,-11.534920692443848
2026-08-04T04:56:32.096000-04:00,12.410252571105957,0.808573842048645,-11.601678848266602
2026-08-04T04:56:32.100000-04:00,12.512317657470703,0.9223307371139526,-11.589986801147461
2026-08-04T04:56:32.104000-04:00,12.671670913696289,1.2364773750305176,-11.43519401550293
2026-08-04T04:56:32.108000-04:00,12.654718399047852,1.5736558437347412,-11.081062316894531
2026-08-04T04:56:32.112000-04:00,12.59310531616211,2.334412097930908,-10.25869369506836
2026-08-04T04:56:32.116000-04:00,12.540727615356445,2.823110580444336,-9.71761703491211
2026-08-04T04:56:32.120000-04:00,12.470111846923828,3.140413999557495,-9.329697608947754
2026-08-04T04:56:32.124000-04:00,12.441117286682129,3.170109987258911,-9.271007537841797
2026-08-04T04:56:32.128000-04:00,12.378101348876953,2.7401020526885986,-9.637999534606934
2026-08-04T04:56:32.132000-04:00,12.342910766601562,2.0526504516601562,-10.290260314941406
2026-08-04T04:56:32.136000-04:00,12.3723726272583,1.6673036813735962,-10.705068588256836
2026-08-04T04:56:32.140000-04:00,12.40744686126709,1.1469215154647827,-11.260525703430176
2026-08-04T04:56:32.144000-04:00,12.469995498657227,1.0974671840667725,-11.372528076171875
2026-08-04T04:56:32.148000-04:00,12.470462799072266,1.047545075416565,-11.422917366027832
2026-08-04T04:56:32.152000-04:00,12.410486221313477,0.9681608080863953,-11.442325592041016
2026-08-04T04:56:32.156000-04:00,12.415630340576172,0.9016370177268982,-11.513993263244629
2026-08-04T04:56:32.160000-04:00,12.417617797851562,0.8836323618888855,-11.533985137939453
2026-08-04T04:56:32.164000-04:00,12.428841590881348,0.863990843296051,-11.564850807189941
2026-08-04T04:56:32.168000-04:00,12.417852401733398,0.8421280384063721,-11.575724601745605
2026-08-04T04:56:32.172000-04:00,12.413409233093262,0.834294855594635,-11.579113960266113
2026-08-04T04:56:32.176000-04:00,12.406044006347656,0.824824869632721,-11.581218719482422
2026-08-04T04:56:32.180000-04:00,12.41551399230957,0.8229542374610901,-11.592559814453125
2026-08-04T04:56:32.184000-04:00,12.425451278686523,0.8109121322631836,-11.61453914642334
2026-08-04T04:56:32.188000-04:00,12.42849063873291,0.8265785574913025,-11.601912498474121
2026-08-04T04:56:32.192000-04:00,12.415863990783691,0.8328918814659119,-11.582972526550293
2026-08-04T04:56:32.196000-04:00,12.431530952453613,0.8417773246765137,-11.589754104614258
2026-08-04T04:56:32.200000-04:00,12.433167457580566,0.8421280384063721,-11.591039657592773
2026-08-04T04:56:32.204000-04:00,12.445093154907227,0.8586128354072571,-11.586480140686035
2026-08-04T04:56:32.208000-04:00,12.450704574584961,0.8472722172737122,-11.603432655334473
2026-08-04T04:56:32.212000-04:00,12.437493324279785,0.8576775193214417,-11.579815864562988
2026-08-04T04:56:32.216000-04:00,12.44485855102539,0.862938642501831,-11.58191967010498
2026-08-04T04:56:32.220000-04:00,12.458538055419922,0.8833985328674316,-11.575139999389648
2026-08-04T04:56:32.224000-04:00,12.459823608398438,0.8754484057426453,-11.584375381469727
2026-08-04T04:56:32.228000-04:00,12.460992813110352,0.8819955587387085,-11.578997611999512
2026-08-04T04:56:32.232000-04:00,12.461226463317871,0.9004678726196289,-11.560758590698242
2026-08-04T04:56:32.236000-04:00,12.465903282165527,0.9190571308135986,-11.546846389770508
2026-08-04T04:56:32.240000-04:00,12.478413581848145,0.9374125599861145,-11.541001319885254
2026-08-04T04:56:32.244000-04:00,12.479348182678223,0.9496884942054749,-11.529659271240234
2026-08-04T04:56:32.248000-04:00,12.490922927856445,0.9644196033477783,-11.526503562927246
2026-08-04T04:56:32.252000-04:00,12.486363410949707,0.9748249053955078,-11.5115385055542
2026-08-04T04:56:32.256000-04:00,12.494430541992188,0.9903743863105774,-11.504055976867676
2026-08-04T04:56:32.260000-04:00,12.510330200195312,1.0116525888442993,-11.498677253723145
2026-08-04T04:56:32.264000-04:00,12.52260684967041,1.0287220478057861,-11.493885040283203
2026-08-04T04:56:32.268000-04:00,12.53558349609375,1.0381920337677002,-11.497391700744629
2026-08-04T04:56:32.272000-04:00,12.536402702331543,1.0711616277694702,-11.465241432189941
2026-08-04T04:56:32.276000-04:00,12.555108070373535,1.0936089754104614,-11.461499214172363
2026-08-04T04:56:32.280000-04:00,12.568436622619629,1.1337103843688965,-11.43472671508789
2026-08-04T04:56:32.284000-04:00,12.587610244750977,1.1615357398986816,-11.426074981689453
2026-08-04T04:56:32.288000-04:00,12.607603073120117,1.1794235706329346,-11.428179740905762
2026-08-04T04:56:32.292000-04:00,12.623151779174805,1.2091195583343506,-11.414031982421875
2026-08-04T04:56:32.296000-04:00,12.634960174560547,1.235658884048462,-11.399301528930664
2026-08-04T04:56:32.300000-04:00,12.65658950805664,1.2624320983886719,-11.394157409667969
2026-08-04T04:56:32.304000-04:00,12.678802490234375,1.2845287322998047,-11.39427375793457
2026-08-04T04:56:32.308000-04:00,12.686869621276855,1.3107174634933472,-11.376152038574219
2026-08-04T04:56:32.312000-04:00,12.688857078552246,1.3183168172836304,-11.370540618896484
2026-08-04T04:56:32.316000-04:00,12.690260887145996,1.3318787813186646,-11.358382225036621
2026-08-04T04:56:32.320000-04:00,12.69832706451416,1.3353861570358276,-11.362940788269043
2026-08-04T04:56:32.324000-04:00,12.71048641204834,1.3367891311645508,-11.373697280883789
2026-08-04T04:56:32.328000-04:00,12.702302932739258,1.322993278503418,-11.37930965423584
2026-08-04T04:56:32.332000-04:00,12.695638656616211,1.3419333696365356,-11.353705406188965
2026-08-04T04:56:32.336000-04:00,12.684765815734863,1.3348015546798706,-11.349964141845703
2026-08-04T04:56:32.340000-04:00,12.679037094116211,1.3040533065795898,-11.374983787536621
2026-08-04T04:56:32.344000-04:00,12.674711227416992,1.295986294746399,-11.378725051879883
2026-08-04T04:56:32.348000-04:00,12.645599365234375,1.2809044122695923,-11.364694595336914
2026-08-04T04:56:32.352000-04:00,12.641157150268555,1.2558850049972534,-11.385272026062012
2026-08-04T04:56:32.356000-04:00,12.60538101196289,1.1998833417892456,-11.405497550964355
2026-08-04T04:56:32.360000-04:00,12.590182304382324,1.1669137477874756,-11.42326831817627
2026-08-04T04:56:32.364000-04:00,12.578842163085938,1.1372177600860596,-11.441624641418457
2026-08-04T04:56:32.368000-04:00,12.535116195678711,1.0830868482589722,-11.45202922821045
2026-08-04T04:56:32.372000-04:00,12.516878128051758,1.0578334331512451,-11.459044456481934
2026-08-04T04:56:32.376000-04:00,12.499691009521484,1.018667459487915,-11.481023788452148
2026-08-04T04:56:32.380000-04:00,12.484609603881836,0.9879192113876343,-11.49669075012207
2026-08-04T04:56:32.384000-04:00,12.468358993530273,0.9625489711761475,-11.505809783935547
2026-08-04T04:56:32.388000-04:00,12.452925682067871,0.9468825459480286,-11.506043434143066
2026-08-04T04:56:32.392000-04:00,12.432816505432129,0.9189402461051941,-11.513875961303711
2026-08-04T04:56:32.396000-04:00,12.412824630737305,0.9007017016410828,-11.512123107910156
2026-08-04T04:56:32.400000-04:00,12.422761917114258,0.8767344355583191,-11.546027183532715
2026-08-04T04:56:32.404000-04:00,12.411772727966309,0.8549885153770447,-11.556784629821777
2026-08-04T04:56:32.408000-04:00,12.404641151428223,0.8562746047973633,-11.54836654663086
2026-08-04T04:56:32.412000-04:00,12.3806734085083,0.8361654281616211,-11.54450798034668
2026-08-04T04:56:32.416000-04:00,12.383245468139648,0.8348793983459473,-11.54836654663086
2026-08-04T04:56:32.420000-04:00,12.378334999084473,0.8203821182250977,-11.557952880859375
2026-08-04T04:56:32.424000-04:00,12.376113891601562,0.81781005859375,-11.558303833007812
2026-08-04T04:56:32.428000-04:00,12.371203422546387,0.8285660743713379,-11.54263687133789
2026-08-04T04:56:32.432000-04:00,12.356940269470215,0.8041311502456665,-11.55280876159668
2026-08-04T04:56:32.436000-04:00,12.36617660522461,0.8169916272163391,-11.549184799194336
2026-08-04T04:56:32.440000-04:00,12.366059303283691,0.8097429871559143,-11.556316375732422
2026-08-04T04:56:32.444000-04:00,12.366761207580566,0.810210645198822,-11.556550979614258
2026-08-04T04:56:32.448000-04:00,12.369683265686035,0.8133673071861267,-11.556316375732422
2026-08-04T04:56:32.452000-04:00,12.361499786376953,0.8194468021392822,-11.54205322265625
2026-08-04T04:56:32.456000-04:00,12.363019943237305,0.8200314044952393,-11.542988777160645
2026-08-04T04:56:32.460000-04:00,12.367111206054688,0.8140687942504883,-11.5530424118042
2026-08-04T04:56:32.464000-04:00,12.37015151977539,0.8187453150749207,-11.551405906677246
2026-08-04T04:56:32.468000-04:00,12.373659133911133,0.8408420085906982,-11.532816886901855
2026-08-04T04:56:32.472000-04:00,12.36185073852539,0.848090648651123,-11.51375961303711
2026-08-04T04:56:32.476000-04:00,12.35845947265625,0.8358147144317627,-11.522644996643066
2026-08-04T04:56:32.480000-04:00,12.368280410766602,0.8546378016471863,-11.513642311096191
2026-08-04T04:56:32.484000-04:00,12.384297370910645,0.8741623163223267,-11.51013469696045
2026-08-04T04:56:32.488000-04:00,12.383947372436523,0.862938642501831,-11.521008491516113
2026-08-04T04:56:32.492000-04:00,12.372957229614258,0.8838661909103394,-11.489090919494629
2026-08-04T04:56:32.496000-04:00,12.377516746520996,0.8885427117347717,-11.488973617553711
2026-08-04T04:56:32.500000-04:00,12.381491661071777,0.8949729204177856,-11.486518859863281
2026-08-04T04:56:32.504000-04:00,12.391429901123047,0.9044429659843445,-11.486987113952637
2026-08-04T04:56:32.508000-04:00,12.391663551330566,0.919407844543457,-11.47225570678711
2026-08-04T04:56:32.512000-04:00,12.377399444580078,0.9164850115776062,-11.460914611816406
2026-08-04T04:56:32.516000-04:00,12.383245468139648,0.9230321645736694,-11.460213661193848
2026-08-04T04:56:32.520000-04:00,12.389558792114258,0.925955057144165,-11.463603973388672
2026-08-04T04:56:32.524000-04:00,12.394001960754395,0.9404522776603699,-11.4535493850708
2026-08-04T04:56:32.528000-04:00,12.384414672851562,0.9302808046340942,-11.454133987426758
2026-08-04T04:56:32.532000-04:00,12.389091491699219,0.9357757568359375,-11.453315734863281
2026-08-04T04:56:32.536000-04:00,12.390961647033691,0.9433751702308655,-11.447586059570312
2026-08-04T04:56:32.540000-04:00,12.399262428283691,0.9475840330123901,-11.451678276062012
2026-08-04T04:56:32.544000-04:00,12.40335464477539,0.9479347467422485,-11.455419540405273
2026-08-04T04:56:32.548000-04:00,12.390727996826172,0.9335544109344482,-11.457173347473145
2026-08-04T04:56:32.552000-04:00,12.380790710449219,0.9289947748184204,-11.45179557800293
2026-08-04T04:56:32.556000-04:00,12.384881973266602,0.9070150256156921,-11.477867126464844
2026-08-04T04:56:32.560000-04:00,12.398561477661133,0.9321514368057251,-11.466409683227539
2026-08-04T04:56:32.564000-04:00,12.399496078491211,0.9358927011489868,-11.463603019714355
2026-08-04T04:56:32.568000-04:00,12.392248153686523,0.9242013096809387,-11.468047142028809
2026-08-04T04:56:32.572000-04:00,12.380439758300781,0.921044647693634,-11.459395408630371
2026-08-04T04:56:32.576000-04:00,12.38722038269043,0.9144974946975708,-11.472723007202148
2026-08-04T04:56:32.580000-04:00,12.390610694885254,0.9143806099891663,-11.476229667663574
2026-08-04T04:56:32.584000-04:00,12.3971586227417,0.9102886319160461,-11.486869812011719
2026-08-04T04:56:32.588000-04:00,12.390260696411133,0.9028061628341675,-11.487454414367676
2026-08-04T04:56:32.592000-04:00,12.381258010864258,0.8969604969024658,-11.484297752380371
2026-08-04T04:56:32.596000-04:00,12.375646591186523,0.8983634114265442,-11.477283477783203
2026-08-04T04:56:32.600000-04:00,12.390494346618652,0.8982465267181396,-11.492247581481934
2026-08-04T04:56:32.604000-04:00,12.388389587402344,0.8873735666275024,-11.501015663146973
2026-08-04T04:56:32.608000-04:00,12.388623237609863,0.8855029344558716,-11.503120422363281
2026-08-04T04:56:32.612000-04:00,12.37868595123291,0.8803587555885315,-11.498327255249023
2026-08-04T04:56:32.616000-04:00,12.378568649291992,0.8641077876091003,-11.514460563659668
2026-08-04T04:56:32.620000-04:00,12.37447738647461,0.8707718253135681,-11.503705978393555
2026-08-04T04:56:32.624000-04:00,12.390377044677734,0.8761498928070068,-11.514226913452148
2026-08-04T04:56:32.628000-04:00,12.383947372436523,0.8746299743652344,-11.509317398071289
2026-08-04T04:56:32.632000-04:00,12.361266136169434,0.8621202707290649,-11.4991455078125
2026-08-04T04:56:32.636000-04:00,12.374242782592773,0.8717071413993835,-11.502535820007324
2026-08-04T04:56:32.640000-04:00,12.373074531555176,0.8692519664764404,-11.503822326660156
2026-08-04T04:56:32.644000-04:00,12.381725311279297,0.8659784197807312,-11.5157470703125
2026-08-04T04:56:32.648000-04:00,12.370034217834473,0.8616526126861572,-11.508381843566895
2026-08-04T04:56:32.652000-04:00,12.374593734741211,0.8628217577934265,-11.511772155761719
2026-08-04T04:56:32.656000-04:00,12.360681533813477,0.8649261593818665,-11.495755195617676
2026-08-04T04:56:32.660000-04:00,12.38090705871582,0.8588466644287109,-11.52206039428711
2026-08-04T04:56:32.664000-04:00,12.38499927520752,0.8767344355583191,-11.508264541625977
2026-08-04T04:56:32.668000-04:00,12.373775482177734,0.8787219524383545,-11.4950532913208
2026-08-04T04:56:32.672000-04:00,12.365241050720215,0.8733439445495605,-11.491897583007812
2026-08-04T04:56:32.676000-04:00,12.367462158203125,0.8625879287719727,-11.504874229431152
2026-08-04T04:56:32.680000-04:00,12.368280410766602,0.8484413623809814,-11.5198392868042
2026-08-04T04:56:32.684000-04:00,12.37260627746582,0.8638739585876465,-11.508731842041016
2026-08-04T04:56:32.688000-04:00,12.373190879821777,0.8510134816169739,-11.522177696228027
2026-08-04T04:56:32.692000-04:00,12.369333267211914,0.8530009984970093,-11.516332626342773
2026-08-04T04:56:32.696000-04:00,12.364890098571777,0.8555731177330017,-11.509317398071289
2026-08-04T04:56:32.700000-04:00,12.369215965270996,0.8617694973945618,-11.5074462890625
2026-08-04T04:56:32.704000-04:00,12.367344856262207,0.8583790063858032,-11.508965492248535
2026-08-04T04:56:32.708000-04:00,12.369333267211914,0.848090648651123,-11.521242141723633
2026-08-04T04:56:32.712000-04:00,12.357173919677734,0.8461030721664429,-11.51107120513916
2026-08-04T04:56:32.716000-04:00,12.36652660369873,0.8562746047973633,-11.510251998901367
2026-08-04T04:56:32.720000-04:00,12.369800567626953,0.8579113483428955,-11.511889457702637
2026-08-04T04:56:32.724000-04:00,12.37447738647461,0.8562746047973633,-11.518202781677246
2026-08-04T04:56:32.728000-04:00,12.370034217834473,0.8437648415565491,-11.52626895904541
2026-08-04T04:56:32.732000-04:00,12.353081703186035,0.8347625136375427,-11.518319129943848
2026-08-04T04:56:32.736000-04:00,12.359278678894043,0.8427125811576843,-11.516566276550293
2026-08-04T04:56:32.740000-04:00,12.367579460144043,0.8532348275184631,-11.514344215393066
2026-08-04T04:56:32.744000-04:00,12.375996589660645,0.8535855412483215,-11.522411346435547
2026-08-04T04:56:32.748000-04:00,12.37061882019043,0.8530009984970093,-11.517618179321289
2026-08-04T04:56:32.752000-04:00,12.372138977050781,0.8444663286209106,-11.52767276763916
2026-08-04T04:56:32.756000-04:00,12.387688636779785,0.867264449596405,-11.520423889160156
2026-08-04T04:56:32.760000-04:00,12.39084529876709,0.9092363715171814,-11.481609344482422
2026-08-04T04:56:32.764000-04:00,12.385232925415039,0.928059458732605,-11.457173347473145
2026-08-04T04:56:32.768000-04:00,12.375996589660645,0.9201093316078186,-11.455886840820312
2026-08-04T04:56:32.772000-04:00,12.380206108093262,0.9277087450027466,-11.452497482299805
2026-08-04T04:56:32.776000-04:00,12.392715454101562,0.9309822916984558,-11.461732864379883
2026-08-04T04:56:32.780000-04:00,12.400431632995605,0.958340048789978,-11.442091941833496
2026-08-04T04:56:32.784000-04:00,12.384414672851562,1.0256822109222412,-11.358732223510742
2026-08-04T04:56:32.788000-04:00,12.36185073852539,1.0144585371017456,-11.347392082214355
2026-08-04T04:56:32.792000-04:00,12.353315353393555,0.9935310482978821,-11.359784126281738
2026-08-04T04:56:32.796000-04:00,12.367695808410645,1.0089635848999023,-11.358732223510742
2026-08-04T04:56:32.800000-04:00,12.375178337097168,1.021941065788269,-11.35323715209961
2026-08-04T04:56:32.804000-04:00,12.396105766296387,1.0102496147155762,-11.385856628417969
2026-08-04T04:56:32.808000-04:00,12.407329559326172,0.9951678514480591,-11.412161827087402
2026-08-04T04:56:32.812000-04:00,12.394351959228516,0.9617305397987366,-11.432621002197266
2026-08-04T04:56:32.816000-04:00,12.388740539550781,0.9303977489471436,-11.458342552185059
2026-08-04T04:56:32.820000-04:00,12.388038635253906,0.9119254350662231,-11.476113319396973
2026-08-04T04:56:32.824000-04:00,12.385701179504395,0.8992987275123596,-11.48640251159668
2026-08-04T04:56:32.828000-04:00,12.374944686889648,0.8851522207260132,-11.489792823791504
2026-08-04T04:56:32.832000-04:00,12.359278678894043,0.8497273921966553,-11.509551048278809
2026-08-04T04:56:32.836000-04:00,12.354952812194824,0.8278645873069763,-11.527088165283203
2026-08-04T04:56:32.840000-04:00,12.355186462402344,0.8270462155342102,-11.5281400680542
2026-08-04T04:56:32.844000-04:00,12.349691390991211,0.814536452293396,-11.535155296325684
2026-08-04T04:56:32.848000-04:00,12.35015869140625,0.8252924680709839,-11.524866104125977
2026-08-04T04:56:32.852000-04:00,12.341975212097168,0.8056510090827942,-11.536324501037598
2026-08-04T04:56:32.856000-04:00,12.340572357177734,0.7813330292701721,-11.559239387512207
2026-08-04T04:56:32.860000-04:00,12.353199005126953,0.8016759753227234,-11.551523208618164
2026-08-04T04:56:32.864000-04:00,12.357056617736816,0.7881140112876892,-11.56894302368164
2026-08-04T04:56:32.868000-04:00,12.347821235656738,0.7913875579833984,-11.55643367767334
2026-08-04T04:56:32.872000-04:00,12.33741569519043,0.7879970669746399,-11.549418449401855
2026-08-04T04:56:32.876000-04:00,12.340923309326172,0.776656448841095,-11.5642671585083
2026-08-04T04:56:32.880000-04:00,12.340221405029297,0.7730321288108826,-11.56718921661377
2026-08-04T04:56:32.884000-04:00,12.346301078796387,0.7781763672828674,-11.568124771118164
2026-08-04T04:56:32.888000-04:00,12.337882995605469,0.7844896912574768,-11.553393363952637
2026-08-04T04:56:32.892000-04:00,12.324087142944336,0.7850742340087891,-11.539012908935547
2026-08-04T04:56:32.896000-04:00,12.305264472961426,0.804248034954071,-11.501016616821289
2026-08-04T04:56:32.900000-04:00,12.289481163024902,0.8332425951957703,-11.456238746643066
2026-08-04T04:56:32.904000-04:00,12.318358421325684,0.8708887696266174,-11.447469711303711
2026-08-04T04:56:32.908000-04:00,12.363019943237305,0.844817042350769,-11.518202781677246
2026-08-04T04:56:32.912000-04:00,12.464383125305176,0.9198755025863647,-11.54450798034668
2026-08-04T04:56:32.916000-04:00,12.579426765441895,1.0572489500045776,-11.522177696228027
2026-08-04T04:56:32.920000-04:00,12.729777336120605,1.4613020420074463,-11.268475532531738
2026-08-04T04:56:32.924000-04:00,12.65436840057373,2.167576551437378,-10.486791610717773
2026-08-04T04:56:32.928000-04:00,12.607719421386719,2.679774761199951,-9.92794418334961
2026-08-04T04:56:32.932000-04:00,12.492443084716797,3.1674208641052246,-9.325021743774414
2026-08-04T04:56:32.936000-04:00,12.493261337280273,3.158886194229126,-9.334375381469727
2026-08-04T04:56:32.940000-04:00,12.424866676330566,2.9178106784820557,-9.50705623626709
2026-08-04T04:56:32.944000-04:00,12.382660865783691,2.468161106109619,-9.914499282836914
2026-08-04T04:56:32.948000-04:00,12.331920623779297,1.8340222835540771,-10.49789810180664
2026-08-04T04:56:32.952000-04:00,12.323151588439941,1.4501951932907104,-10.872956275939941
2026-08-04T04:56:32.956000-04:00,12.413993835449219,1.180008053779602,-11.233985900878906
2026-08-04T04:56:32.960000-04:00,12.476893424987793,1.114653468132019,-11.362239837646484
2026-08-04T04:56:32.964000-04:00,12.460525512695312,1.0715123414993286,-11.389013290405273
2026-08-04T04:56:32.968000-04:00,12.409785270690918,0.9722527861595154,-11.437532424926758
2026-08-04T04:56:32.972000-04:00,12.42018985748291,0.9538973569869995,-11.466292381286621
2026-08-04T04:56:32.976000-04:00,12.422996520996094,0.9240844249725342,-11.49891185760498
2026-08-04T04:56:32.980000-04:00,12.414929389953613,0.9168357849121094,-11.498093605041504
2026-08-04T04:56:32.984000-04:00,12.424515724182129,0.896726667881012,-11.527789115905762
2026-08-04T04:56:32.988000-04:00,12.408966064453125,0.892400860786438,-11.516565322875977
2026-08-04T04:56:32.992000-04:00,12.411539077758789,0.8971943259239197,-11.514345169067383
2026-08-04T04:56:32.996000-04:00,12.41528034210205,0.8952067494392395,-11.520073890686035
2026-08-04T04:56:33-04:00,12.418086051940918,0.8928685188293457,-11.525217056274414
2026-08-04T04:56:33.004000-04:00,12.429192543029785,0.8963758945465088,-11.532816886901855
2026-08-04T04:56:33.008000-04:00,12.424983978271484,0.8970773816108704,-11.52790641784668
2026-08-04T04:56:33.012000-04:00,12.429192543029785,0.9105224609375,-11.518670082092285
2026-08-04T04:56:33.016000-04:00,12.434453964233398,0.9163681268692017,-11.518085479736328
2026-08-04T04:56:33.020000-04:00,12.440533638000488,0.9227983951568604,-11.517735481262207
2026-08-04T04:56:33.024000-04:00,12.449769020080566,0.9365941882133484,-11.513175010681152
2026-08-04T04:56:33.028000-04:00,12.451406478881836,0.925370454788208,-11.526036262512207
2026-08-04T04:56:33.032000-04:00,12.450353622436523,0.9284102320671082,-11.521943092346191
2026-08-04T04:56:33.036000-04:00,12.44895076751709,0.9325022101402283,-11.516448974609375
2026-08-04T04:56:33.040000-04:00,12.461226463317871,0.9513252377510071,-11.50990104675293
2026-08-04T04:56:33.044000-04:00,12.46941089630127,0.9548326730728149,-11.514577865600586
2026-08-04T04:56:33.048000-04:00,12.470931053161621,0.9662901759147644,-11.504640579223633
2026-08-04T04:56:33.052000-04:00,12.460174560546875,0.9721358418464661,-11.488039016723633
2026-08-04T04:56:33.056000-04:00,12.471749305725098,0.9871007800102234,-11.484648704528809
2026-08-04T04:56:33.060000-04:00,12.491040229797363,1.0035855770111084,-11.487454414367676
2026-08-04T04:56:33.064000-04:00,12.506004333496094,1.0052224397659302,-11.500782012939453
2026-08-04T04:56:33.068000-04:00,12.494664192199707,1.011886477470398,-11.48277759552002
2026-08-04T04:56:33.072000-04:00,12.498054504394531,1.018667459487915,-11.479387283325195
2026-08-04T04:56:33.076000-04:00,12.520502090454102,1.0393611192703247,-11.481141090393066
2026-08-04T04:56:33.080000-04:00,12.5328950881958,1.0639129877090454,-11.468981742858887
2026-08-04T04:56:33.084000-04:00,12.53944206237793,1.089984655380249,-11.449457168579102
2026-08-04T04:56:33.088000-04:00,12.557330131530762,1.095362663269043,-11.461967468261719
2026-08-04T04:56:33.092000-04:00,12.558615684509277,1.110561490058899,-11.448054313659668
2026-08-04T04:56:33.096000-04:00,12.574983596801758,1.1609511375427246,-11.414031982421875
2026-08-04T04:56:33.100000-04:00,12.600354194641113,1.1863213777542114,-11.414032936096191
2026-08-04T04:56:33.104000-04:00,12.621164321899414,1.2101718187332153,-11.410992622375488
2026-08-04T04:56:33.108000-04:00,12.6323881149292,1.2226815223693848,-11.409706115722656
2026-08-04T04:56:33.112000-04:00,12.645950317382812,1.2535467147827148,-11.392403602600098
2026-08-04T04:56:33.116000-04:00,12.653199195861816,1.267693281173706,-11.385505676269531
2026-08-04T04:56:33.120000-04:00,12.67704963684082,1.30604088306427,-11.37100887298584
2026-08-04T04:56:33.124000-04:00,12.695170402526855,1.3265007734298706,-11.368669509887695
2026-08-04T04:56:33.128000-04:00,12.695521354675293,1.328955888748169,-11.366565704345703
2026-08-04T04:56:33.132000-04:00,12.698444366455078,1.3474282026290894,-11.3510160446167
2026-08-04T04:56:33.136000-04:00,12.698561668395996,1.3584181070327759,-11.340143203735352
2026-08-04T04:56:33.140000-04:00,12.703354835510254,1.3695249557495117,-11.333829879760742
2026-08-04T04:56:33.144000-04:00,12.707329750061035,1.3606394529342651,-11.34669017791748
2026-08-04T04:56:33.148000-04:00,12.695405006408691,1.3607563972473145,-11.334648132324219
2026-08-04T04:56:33.152000-04:00,12.691312789916992,1.352455496788025,-11.338857650756836
2026-08-04T04:56:33.156000-04:00,12.677634239196777,1.3374905586242676,-11.340143203735352
2026-08-04T04:56:33.160000-04:00,12.667813301086426,1.3159785270690918,-11.351835250854492
2026-08-04T04:56:33.164000-04:00,12.661031723022461,1.3090806007385254,-11.351951599121094
2026-08-04T04:56:33.168000-04:00,12.623151779174805,1.2542481422424316,-11.368904113769531
2026-08-04T04:56:33.172000-04:00,12.604796409606934,1.2206939458847046,-11.384102821350098
2026-08-04T04:56:33.176000-04:00,12.57825756072998,1.18035888671875,-11.39789867401123
2026-08-04T04:56:33.180000-04:00,12.575217247009277,1.1574437618255615,-11.417773246765137
2026-08-04T04:56:33.184000-04:00,12.554056167602539,1.1151211261749268,-11.438935279846191
2026-08-04T04:56:33.188000-04:00,12.51453971862793,1.06297767162323,-11.45156192779541
2026-08-04T04:56:33.192000-04:00,12.500626564025879,1.0212395191192627,-11.479387283325195
2026-08-04T04:56:33.196000-04:00,12.470346450805664,0.9828919172286987,-11.487454414367676
2026-08-04T04:56:33.200000-04:00,12.476075172424316,0.9693299531936646,-11.506745338439941
2026-08-04T04:56:33.204000-04:00,12.460992813110352,0.9471163749694824,-11.513875961303711
2026-08-04T04:56:33.208000-04:00,12.433869361877441,0.9105224609375,-11.523346900939941
2026-08-04T04:56:33.212000-04:00,12.412590980529785,0.8974281549453735,-11.515162467956543
2026-08-04T04:56:33.216000-04:00,12.420540809631348,0.8850352764129639,-11.535505294799805
2026-08-04T04:56:33.220000-04:00,12.418437004089355,0.8791896104812622,-11.539247512817383
2026-08-04T04:56:33.224000-04:00,12.412941932678223,0.8572098612785339,-11.555731773376465
2026-08-04T04:56:33.228000-04:00,12.3889741897583,0.8375684022903442,-11.551405906677246
2026-08-04T04:56:33.232000-04:00,12.38499927520752,0.8285660743713379,-11.556432723999023
2026-08-04T04:56:33.236000-04:00,12.385583877563477,0.8220189213752747,-11.563565254211426
2026-08-04T04:56:33.240000-04:00,12.38090705871582,0.8131334781646729,-11.567773818969727
2026-08-04T04:56:33.244000-04:00,12.38090705871582,0.8078723549842834,-11.573034286499023
2026-08-04T04:56:33.248000-04:00,12.37623119354248,0.8096261024475098,-11.566604614257812
2026-08-04T04:56:33.252000-04:00,12.373190879821777,0.8079892992973328,-11.565201759338379
2026-08-04T04:56:33.256000-04:00,12.367813110351562,0.8013252019882202,-11.566488265991211
2026-08-04T04:56:33.260000-04:00,12.381608963012695,0.8097429871559143,-11.571866035461426
2026-08-04T04:56:33.264000-04:00,12.377283096313477,0.8193299174308777,-11.557952880859375
2026-08-04T04:56:33.268000-04:00,12.367111206054688,0.8217850923538208,-11.545326232910156
2026-08-04T04:56:33.272000-04:00,12.374242782592773,0.8257601261138916,-11.548482894897461
2026-08-04T04:56:33.276000-04:00,12.37447738647461,0.8352301716804504,-11.539247512817383
2026-08-04T04:56:33.280000-04:00,12.375996589660645,0.8292675614356995,-11.54672908782959
2026-08-04T04:56:33.284000-04:00,12.379387855529785,0.8263447284698486,-11.553043365478516
2026-08-04T04:56:33.288000-04:00,12.373308181762695,0.836399257183075,-11.536909103393555
2026-08-04T04:56:33.292000-04:00,12.368748664855957,0.831605851650238,-11.537142753601074
2026-08-04T04:56:33.296000-04:00,12.383362770080566,0.8487921357154846,-11.534570693969727
2026-08-04T04:56:33.300000-04:00,12.38499927520752,0.8559238314628601,-11.529075622558594
2026-08-04T04:56:33.304000-04:00,12.398093223571777,0.8921670317649841,-11.505926132202148
2026-08-04T04:56:33.308000-04:00,12.387804985046387,0.8754484057426453,-11.512356758117676
2026-08-04T04:56:33.312000-04:00,12.384063720703125,0.873227059841156,-11.510836601257324
2026-08-04T04:56:33.316000-04:00,12.392949104309082,0.8749807476997375,-11.51796817779541
2026-08-04T04:56:33.320000-04:00,12.400665283203125,0.890764057636261,-11.50990104675293
2026-08-04T04:56:33.324000-04:00,12.400665283203125,0.906196653842926,-11.494468688964844
2026-08-04T04:56:33.328000-04:00,12.401249885559082,0.9050275087356567,-11.496222496032715
2026-08-04T04:56:33.332000-04:00,12.40160083770752,0.9008186459541321,-11.500782012939453
2026-08-04T04:56:33.336000-04:00,12.40721321105957,0.9157835841178894,-11.491429328918457
2026-08-04T04:56:33.340000-04:00,12.412590980529785,0.9156666398048401,-11.49692440032959
2026-08-04T04:56:33.344000-04:00,12.414929389953613,0.9208108186721802,-11.494118690490723
2026-08-04T04:56:33.348000-04:00,12.400315284729004,0.9133283495903015,-11.486987113952637
2026-08-04T04:56:33.352000-04:00,12.401834487915039,0.9173034429550171,-11.48453140258789
2026-08-04T04:56:33.356000-04:00,12.408265113830566,0.9347235560417175,-11.473541259765625
2026-08-04T04:56:33.360000-04:00,12.421943664550781,0.9107562899589539,-11.511187553405762
2026-08-04T04:56:33.364000-04:00,12.425100326538086,0.9104055166244507,-11.514695167541504
2026-08-04T04:56:33.368000-04:00,12.40990161895752,0.9293455481529236,-11.48055648803711
2026-08-04T04:56:33.372000-04:00,12.39914608001709,0.915900468826294,-11.483245849609375
2026-08-04T04:56:33.376000-04:00,12.40160083770752,0.9081841707229614,-11.493416786193848
2026-08-04T04:56:33.380000-04:00,12.412941932678223,0.9204601049423218,-11.49248218536377
2026-08-04T04:56:33.384000-04:00,12.406628608703613,0.9087687730789185,-11.497859954833984
2026-08-04T04:56:33.388000-04:00,12.399613380432129,0.9060797095298767,-11.493534088134766
2026-08-04T04:56:33.392000-04:00,12.401834487915039,0.9046767950057983,-11.49715805053711
2026-08-04T04:56:33.396000-04:00,12.397041320800781,0.8956744074821472,-11.50136661529541
2026-08-04T04:56:33.400000-04:00,12.40580940246582,0.8933361768722534,-11.512473106384277
2026-08-04T04:56:33.404000-04:00,12.406511306762695,0.8966097235679626,-11.509902000427246
2026-08-04T04:56:33.408000-04:00,12.39937973022461,0.8869059085845947,-11.512474060058594
2026-08-04T04:56:33.412000-04:00,12.388506889343262,0.8724086284637451,-11.516098022460938
2026-08-04T04:56:33.416000-04:00,12.38920783996582,0.8665629625320435,-11.522644996643066
2026-08-04T04:56:33.420000-04:00,12.398327827453613,0.8611849546432495,-11.537142753601074
2026-08-04T04:56:33.424000-04:00,12.40335464477539,0.8685504794120789,-11.534804344177246
2026-08-04T04:56:33.428000-04:00,12.395404815673828,0.8801249265670776,-11.515279769897461
2026-08-04T04:56:33.432000-04:00,12.383947372436523,0.8739284873008728,-11.510019302368164
2026-08-04T04:56:33.436000-04:00,12.392949104309082,0.8734608888626099,-11.519488334655762
2026-08-04T04:56:33.440000-04:00,12.392014503479004,0.8473891615867615,-11.544625282287598
2026-08-04T04:56:33.444000-04:00,12.390026092529297,0.8532348275184631,-11.53679084777832
2026-08-04T04:56:33.448000-04:00,12.387922286987305,0.8512473106384277,-11.536674499511719
2026-08-04T04:56:33.452000-04:00,12.391312599182129,0.8652769327163696,-11.52603530883789
2026-08-04T04:56:33.456000-04:00,12.386402130126953,0.8477398753166199,-11.53866195678711
2026-08-04T04:56:33.460000-04:00,12.394001960754395,0.8408420085906982,-11.553159713745117
2026-08-04T04:56:33.464000-04:00,12.3888578414917,0.8500781655311584,-11.538779258728027
2026-08-04T04:56:33.468000-04:00,12.389091491699219,0.832658052444458,-11.55643367767334
2026-08-04T04:56:33.472000-04:00,12.384297370910645,0.8382698893547058,-11.546027183532715
2026-08-04T04:56:33.476000-04:00,12.3806734085083,0.8416603803634644,-11.539012908935547
2026-08-04T04:56:33.480000-04:00,12.393651008605957,0.847506046295166,-11.546144485473633
2026-08-04T04:56:33.484000-04:00,12.382309913635254,0.8515980243682861,-11.530712127685547
2026-08-04T04:56:33.488000-04:00,12.38499927520752,0.8245910406112671,-11.560408592224121
2026-08-04T04:56:33.492000-04:00,12.38090705871582,0.8238895535469055,-11.55701732635498
2026-08-04T04:56:33.496000-04:00,12.382427215576172,0.8471553325653076,-11.535271644592285
2026-08-04T04:56:33.500000-04:00,12.397392272949219,0.8455185294151306,-11.551874160766602
2026-08-04T04:56:33.504000-04:00,12.413058280944824,0.8931023478507996,-11.5199556350708
2026-08-04T04:56:33.508000-04:00,12.397976875305176,0.904559850692749,-11.493416786193848
2026-08-04T04:56:33.512000-04:00,12.388740539550781,0.9093533158302307,-11.479387283325195
2026-08-04T04:56:33.516000-04:00,12.388623237609863,0.903507649898529,-11.485116004943848
2026-08-04T04:56:33.520000-04:00,12.401484489440918,0.9070150256156921,-11.49446964263916
2026-08-04T04:56:33.524000-04:00,12.414578437805176,0.9267734289169312,-11.487805366516113
2026-08-04T04:56:33.528000-04:00,12.40580940246582,0.9668747782707214,-11.438934326171875
2026-08-04T04:56:33.532000-04:00,12.361031532287598,0.991075873374939,-11.369956016540527
2026-08-04T04:56:33.536000-04:00,12.367579460144043,1.0014811754226685,-11.366098403930664
2026-08-04T04:56:33.540000-04:00,12.386168479919434,1.0001951456069946,-11.38597297668457
2026-08-04T04:56:33.544000-04:00,12.39750862121582,1.021356463432312,-11.376152038574219
2026-08-04T04:56:33.548000-04:00,12.392248153686523,1.015160083770752,-11.37708854675293
2026-08-04T04:56:33.552000-04:00,12.398795127868652,0.9928295612335205,-11.405965805053711
2026-08-04T04:56:33.556000-04:00,12.413642883300781,0.9724866151809692,-11.441156387329102
2026-08-04T04:56:33.560000-04:00,12.413993835449219,0.949454665184021,-11.464539527893066
2026-08-04T04:56:33.564000-04:00,12.402770042419434,0.9173034429550171,-11.485466957092285
2026-08-04T04:56:33.568000-04:00,12.397976875305176,0.8975450396537781,-11.500432014465332
2026-08-04T04:56:33.572000-04:00,12.388740539550781,0.895089864730835,-11.493650436401367
2026-08-04T04:56:33.576000-04:00,12.392599105834961,0.8677321076393127,-11.524867057800293
2026-08-04T04:56:33.580000-04:00,12.3888578414917,0.8411927223205566,-11.547664642333984
2026-08-04T04:56:33.584000-04:00,12.3723726272583,0.8279815316200256,-11.544390678405762
2026-08-04T04:56:33.588000-04:00,12.36231803894043,0.8061186671257019,-11.556199073791504
2026-08-04T04:56:33.592000-04:00,12.352497100830078,0.7929074764251709,-11.559589385986328
2026-08-04T04:56:33.596000-04:00,12.366643905639648,0.7898676991462708,-11.576776504516602
2026-08-04T04:56:33.600000-04:00,12.369566917419434,0.7944273352622986,-11.575139999389648
2026-08-04T04:56:33.604000-04:00,12.361266136169434,0.7758380770683289,-11.585428237915039
2026-08-04T04:56:33.608000-04:00,12.358109474182129,0.7827360033988953,-11.575373649597168
2026-08-04T04:56:33.612000-04:00,12.356940269470215,0.7876463532447815,-11.569293975830078
2026-08-04T04:56:33.616000-04:00,12.352263450622559,0.7691739797592163,-11.583089828491211
2026-08-04T04:56:33.620000-04:00,12.359395027160645,0.7717460989952087,-11.58764934539795
2026-08-04T04:56:33.624000-04:00,12.347236633300781,0.7746689319610596,-11.5725679397583
2026-08-04T04:56:33.628000-04:00,12.352380752563477,0.7699924111366272,-11.582387924194336
2026-08-04T04:56:33.632000-04:00,12.342559814453125,0.7774748802185059,-11.565084457397461
2026-08-04T04:56:33.636000-04:00,12.349224090576172,0.777241051197052,-11.571983337402344
2026-08-04T04:56:33.640000-04:00,12.34571647644043,0.7870617508888245,-11.55865478515625
2026-08-04T04:56:33.644000-04:00,12.341039657592773,0.8017928600311279,-11.539246559143066
2026-08-04T04:56:33.648000-04:00,12.307836532592773,0.8347625136375427,-11.473073959350586
2026-08-04T04:56:33.652000-04:00,12.346183776855469,0.8311381936073303,-11.515045166015625
2026-08-04T04:56:33.656000-04:00,12.381258010864258,0.8264616131782532,-11.55479621887207
2026-08-04T04:56:33.660000-04:00,12.527984619140625,0.985113263130188,-11.542871475219727
2026-08-04T04:56:33.664000-04:00,12.682778358459473,1.1811772584915161,-11.501601219177246
2026-08-04T04:56:33.668000-04:00,12.72486686706543,1.6892833709716797,-11.03558349609375
2026-08-04T04:56:33.672000-04:00,12.657174110412598,2.1890885829925537,-10.468085289001465
2026-08-04T04:56:33.676000-04:00,12.595560073852539,2.925410032272339,-9.670149803161621
2026-08-04T04:56:33.680000-04:00,12.513486862182617,3.165316581726074,-9.348170280456543
2026-08-04T04:56:33.684000-04:00,12.487064361572266,3.151052951812744,-9.33601188659668
2026-08-04T04:56:33.688000-04:00,12.410837173461914,2.7210450172424316,-9.68979263305664
2026-08-04T04:56:33.692000-04:00,12.36430549621582,2.2260332107543945,-10.138272285461426
2026-08-04T04:56:33.696000-04:00,12.334609985351562,1.653390884399414,-10.681219100952148
2026-08-04T04:56:33.700000-04:00,12.373424530029297,1.323577880859375,-11.049846649169922
2026-08-04T04:56:33.704000-04:00,12.459940910339355,1.168433666229248,-11.291507720947266
2026-08-04T04:56:33.708000-04:00,12.487415313720703,1.1196807622909546,-11.367734909057617
2026-08-04T04:56:33.712000-04:00,12.436441421508789,1.0532737970352173,-11.383167266845703
2026-08-04T04:56:33.716000-04:00,12.42404842376709,0.9987921714782715,-11.425256729125977
2026-08-04T04:56:33.720000-04:00,12.433752059936523,0.9814889430999756,-11.452262878417969
2026-08-04T04:56:33.724000-04:00,12.431647300720215,0.9492208361625671,-11.482426643371582
2026-08-04T04:56:33.728000-04:00,12.42790699005127,0.9390493631362915,-11.48885726928711
2026-08-04T04:56:33.732000-04:00,12.420774459838867,0.9105224609375,-11.510251998901367
2026-08-04T04:56:33.736000-04:00,12.424983978271484,0.9049106240272522,-11.520072937011719
2026-08-04T04:56:33.740000-04:00,12.431413650512695,0.902923047542572,-11.528491020202637
2026-08-04T04:56:33.744000-04:00,12.435973167419434,0.9119254350662231,-11.5240478515625
2026-08-04T04:56:33.748000-04:00,12.440299034118652,0.9217461347579956,-11.518552780151367
2026-08-04T04:56:33.752000-04:00,12.429543495178223,0.914848268032074,-11.514695167541504
2026-08-04T04:56:33.756000-04:00,12.430479049682617,0.919407844543457,-11.51107120513916
2026-08-04T04:56:33.760000-04:00,12.451991081237793,0.9353080987930298,-11.516682624816895
2026-08-04T04:56:33.764000-04:00,12.444624900817871,0.9231491088867188,-11.521475791931152
2026-08-04T04:56:33.768000-04:00,12.447080612182617,0.946765661239624,-11.500314712524414
2026-08-04T04:56:33.772000-04:00,12.446027755737305,0.9577555060386658,-11.488272666931152
2026-08-04T04:56:33.776000-04:00,12.449535369873047,0.9479347467422485,-11.50160026550293
2026-08-04T04:56:33.780000-04:00,12.464033126831055,0.9713174700737,-11.492715835571289
2026-08-04T04:56:33.784000-04:00,12.46111011505127,0.9708498120307922,-11.490260124206543
2026-08-04T04:56:33.788000-04:00,12.46555233001709,0.9920111894607544,-11.473541259765625
2026-08-04T04:56:33.792000-04:00,12.463915824890137,0.9952847361564636,-11.46863079071045
2026-08-04T04:56:33.796000-04:00,12.47385311126709,1.0041701793670654,-11.469682693481445
2026-08-04T04:56:33.800000-04:00,12.474555015563965,1.0110681056976318,-11.463486671447754
2026-08-04T04:56:33.804000-04:00,12.486479759216309,1.0459083318710327,-11.440571784973145
2026-08-04T04:56:33.808000-04:00,12.487064361572266,1.0404133796691895,-11.446651458740234
2026-08-04T04:56:33.812000-04:00,12.48776626586914,1.053741455078125,-11.434024810791016
2026-08-04T04:56:33.816000-04:00,12.497820854187012,1.0814499855041504,-11.416370391845703
2026-08-04T04:56:33.820000-04:00,12.521086692810059,1.0871787071228027,-11.433908462524414
2026-08-04T04:56:33.824000-04:00,12.533830642700195,1.1065864562988281,-11.427244186401367
2026-08-04T04:56:33.828000-04:00,12.530205726623535,1.1250587701797485,-11.405146598815918
2026-08-04T04:56:33.832000-04:00,12.54330062866211,1.1436480283737183,-11.399652481079102
2026-08-04T04:56:33.836000-04:00,12.553471565246582,1.155456304550171,-11.398015022277832
2026-08-04T04:56:33.840000-04:00,12.5826997756958,1.2022216320037842,-11.380477905273438
2026-08-04T04:56:33.844000-04:00,12.599418640136719,1.221980094909668,-11.37743854522705
2026-08-04T04:56:33.848000-04:00,12.605849266052246,1.2404524087905884,-11.365396499633789
2026-08-04T04:56:33.852000-04:00,12.614734649658203,1.2814890146255493,-11.333245277404785
2026-08-04T04:56:33.856000-04:00,12.637298583984375,1.3024165630340576,-11.334881782531738
2026-08-04T04:56:33.860000-04:00,12.660213470458984,1.347077488899231,-11.313136100769043
2026-08-04T04:56:33.864000-04:00,12.678452491760254,1.3727984428405762,-11.305654525756836
2026-08-04T04:56:33.868000-04:00,12.679387092590332,1.3984025716781616,-11.280984878540039
2026-08-04T04:56:33.872000-04:00,12.675178527832031,1.4050666093826294,-11.270112037658691
2026-08-04T04:56:33.876000-04:00,12.689909934997559,1.4229543209075928,-11.266955375671387
2026-08-04T04:56:33.880000-04:00,12.712122917175293,1.446337103843689,-11.265786170959473
2026-08-04T04:56:33.884000-04:00,12.704991340637207,1.446921706199646,-11.25806999206543
2026-08-04T04:56:33.888000-04:00,12.698795318603516,1.4353471994400024,-11.263447761535645
2026-08-04T04:56:33.892000-04:00,12.691079139709473,1.4266955852508545,-11.264383316040039
2026-08-04T04:56:33.896000-04:00,12.689091682434082,1.418745517730713,-11.270345687866211
2026-08-04T04:56:33.900000-04:00,12.68803882598877,1.406820297241211,-11.281218528747559
2026-08-04T04:56:33.904000-04:00,12.66734504699707,1.3792287111282349,-11.288116455078125
2026-08-04T04:56:33.908000-04:00,12.657525062561035,1.3682388067245483,-11.289286613464355
2026-08-04T04:56:33.912000-04:00,12.624905586242676,1.3039363622665405,-11.320969581604004
2026-08-04T04:56:33.916000-04:00,12.61333179473877,1.2723697423934937,-11.340962409973145
2026-08-04T04:56:33.920000-04:00,12.58702564239502,1.2375295162200928,-11.349495887756348
2026-08-04T04:56:33.924000-04:00,12.566682815551758,1.2123931646347046,-11.354290008544922
2026-08-04T04:56:33.928000-04:00,12.544235229492188,1.161652684211731,-11.382582664489746
2026-08-04T04:56:33.932000-04:00,12.515474319458008,1.1102107763290405,-11.405263900756836
2026-08-04T04:56:33.936000-04:00,12.500977516174316,1.090335488319397,-11.41064167022705
2026-08-04T04:56:33.940000-04:00,12.490104675292969,1.0379581451416016,-11.452146530151367
2026-08-04T04:56:33.944000-04:00,12.474788665771484,1.0158615112304688,-11.458927154541016
2026-08-04T04:56:33.948000-04:00,12.447547912597656,0.9778646230697632,-11.469683647155762
2026-08-04T04:56:33.952000-04:00,12.430595397949219,0.9538973569869995,-11.47669792175293
2026-08-04T04:56:33.956000-04:00,12.42650318145752,0.9405692219734192,-11.485934257507324
2026-08-04T04:56:33.960000-04:00,12.418086051940918,0.9273579716682434,-11.490728378295898
2026-08-04T04:56:33.964000-04:00,12.41352653503418,0.928059458732605,-11.485466957092285
2026-08-04T04:56:33.968000-04:00,12.39528751373291,0.8964928388595581,-11.498794555664062
2026-08-04T04:56:33.972000-04:00,12.389676094055176,0.8819955587387085,-11.507680892944336
2026-08-04T04:56:33.976000-04:00,12.38722038269043,0.8815279006958008,-11.505692481994629
2026-08-04T04:56:33.980000-04:00,12.391429901123047,0.8794234395027161,-11.512006759643555
2026-08-04T04:56:33.984000-04:00,12.38453197479248,0.8597819805145264,-11.524749755859375
2026-08-04T04:56:33.988000-04:00,12.37669849395752,0.8669136762619019,-11.509784698486328
2026-08-04T04:56:33.992000-04:00,12.371086120605469,0.8658614754676819,-11.505224227905273
2026-08-04T04:56:33.996000-04:00,12.3723726272583,0.8608341813087463,-11.5115385055542
2026-08-04T04:56:34-04:00,12.373775482177734,0.8552223443984985,-11.518552780151367
2026-08-04T04:56:34.004000-04:00,12.374944686889648,0.8600158095359802,-11.514928817749023
2026-08-04T04:56:34.008000-04:00,12.371320724487305,0.8635231852531433,-11.507797241210938
2026-08-04T04:56:34.012000-04:00,12.358343124389648,0.8548716306686401,-11.503471374511719
2026-08-04T04:56:34.016000-04:00,12.381258010864258,0.8498443365097046,-11.531414031982422
2026-08-04T04:56:34.020000-04:00,12.377984046936035,0.8535855412483215,-11.524398803710938
2026-08-04T04:56:34.024000-04:00,12.373775482177734,0.871590256690979,-11.502184867858887
2026-08-04T04:56:34.028000-04:00,12.366410255432129,0.8704211115837097,-11.495988845825195
2026-08-04T04:56:34.032000-04:00,12.372723579406738,0.868901252746582,-11.503822326660156
2026-08-04T04:56:34.036000-04:00,12.371905326843262,0.8791896104812622,-11.492715835571289
2026-08-04T04:56:34.040000-04:00,12.37623119354248,0.8819955587387085,-11.49423599243164
2026-08-04T04:56:34.044000-04:00,12.37646484375,0.8929854035377502,-11.483479499816895
2026-08-04T04:56:34.048000-04:00,12.383129119873047,0.9067811965942383,-11.476347923278809
2026-08-04T04:56:34.052000-04:00,12.377049446105957,0.9077165126800537,-11.469332695007324
2026-08-04T04:56:34.056000-04:00,12.389792442321777,0.9086518287658691,-11.48114013671875
2026-08-04T04:56:34.060000-04:00,12.39528751373291,0.9203431606292725,-11.474944114685059
2026-08-04T04:56:34.064000-04:00,12.395872116088867,0.9287609457969666,-11.467111587524414
2026-08-04T04:56:34.068000-04:00,12.388038635253906,0.9364772439002991,-11.451560974121094
2026-08-04T04:56:34.072000-04:00,12.390026092529297,0.9398677349090576,-11.45015811920166
2026-08-04T04:56:34.076000-04:00,12.392364501953125,0.9555341601371765,-11.436830520629883
2026-08-04T04:56:34.080000-04:00,12.400431632995605,0.9660563468933105,-11.434375762939453
2026-08-04T04:56:34.084000-04:00,12.407095909118652,0.9717851281166077,-11.435310363769531
2026-08-04T04:56:34.088000-04:00,12.395872116088867,0.969680666923523,-11.426191329956055
2026-08-04T04:56:34.092000-04:00,12.399496078491211,0.9741234183311462,-11.425373077392578
2026-08-04T04:56:34.096000-04:00,12.401016235351562,0.9744741320610046,-11.426542282104492
2026-08-04T04:56:34.100000-04:00,12.416799545288086,0.9762278199195862,-11.440571784973145
2026-08-04T04:56:34.104000-04:00,12.406511306762695,0.9756432771682739,-11.430868148803711
2026-08-04T04:56:34.108000-04:00,12.404172897338867,0.9748249053955078,-11.42934799194336
2026-08-04T04:56:34.112000-04:00,12.398210525512695,0.9621981978416443,-11.436012268066406
2026-08-04T04:56:34.116000-04:00,12.409083366394043,0.959976851940155,-11.449106216430664
2026-08-04T04:56:34.120000-04:00,12.415630340576172,0.9646534323692322,-11.450977325439453
2026-08-04T04:56:34.124000-04:00,12.402069091796875,0.9557679891586304,-11.446301460266113
2026-08-04T04:56:34.128000-04:00,12.396456718444824,0.9453626871109009,-11.451093673706055
2026-08-04T04:56:34.132000-04:00,12.396105766296387,0.9374125599861145,-11.458693504333496
2026-08-04T04:56:34.136000-04:00,12.396690368652344,0.94454425573349,-11.452146530151367
2026-08-04T04:56:34.140000-04:00,12.408732414245605,0.9439597129821777,-11.464773178100586
2026-08-04T04:56:34.144000-04:00,12.401834487915039,0.9358927011489868,-11.465941429138184
2026-08-04T04:56:34.148000-04:00,12.391663551330566,0.9279425740242004,-11.46372127532959
2026-08-04T04:56:34.152000-04:00,12.392248153686523,0.9133283495903015,-11.478919982910156
2026-08-04T04:56:34.156000-04:00,12.393767356872559,0.9144974946975708,-11.479269981384277
2026-08-04T04:56:34.160000-04:00,12.396574020385742,0.9116916060447693,-11.484882354736328
2026-08-04T04:56:34.164000-04:00,12.404290199279785,0.9162511825561523,-11.488039016723633
2026-08-04T04:56:34.168000-04:00,12.395404815673828,0.9036245346069336,-11.491780281066895
2026-08-04T04:56:34.172000-04:00,12.38675308227539,0.8968435525894165,-11.489909172058105
2026-08-04T04:56:34.176000-04:00,12.387337684631348,0.8987141847610474,-11.48862361907959
2026-08-04T04:56:34.180000-04:00,12.395872116088867,0.8939207196235657,-11.501951217651367
2026-08-04T04:56:34.184000-04:00,12.392130851745605,0.8921670317649841,-11.499963760375977
2026-08-04T04:56:34.188000-04:00,12.38277816772461,0.8801249265670776,-11.502653121948242
2026-08-04T04:56:34.192000-04:00,12.384765625,0.8885427117347717,-11.496222496032715
2026-08-04T04:56:34.196000-04:00,12.388623237609863,0.888075053691864,-11.500548362731934
2026-08-04T04:56:34.200000-04:00,12.38745403289795,0.8867890238761902,-11.500664710998535
2026-08-04T04:56:34.204000-04:00,12.38499927520752,0.8849183917045593,-11.500081062316895
2026-08-04T04:56:34.208000-04:00,12.375529289245605,0.8825801014900208,-11.492949485778809
2026-08-04T04:56:34.212000-04:00,12.378101348876953,0.8878412246704102,-11.490260124206543
2026-08-04T04:56:34.216000-04:00,12.378803253173828,0.873227059841156,-11.505576133728027
2026-08-04T04:56:34.220000-04:00,12.392248153686523,0.8762667775154114,-11.515981674194336
2026-08-04T04:56:34.224000-04:00,12.383947372436523,0.8829308748245239,-11.501016616821289
2026-08-04T04:56:34.228000-04:00,12.369098663330078,0.8798910975456238,-11.48920726776123
2026-08-04T04:56:34.232000-04:00,12.367111206054688,0.8783712387084961,-11.488739967346191
2026-08-04T04:56:34.236000-04:00,12.382193565368652,0.8895949125289917,-11.492598533630371
2026-08-04T04:56:34.240000-04:00,12.396456718444824,0.8912317156791687,-11.50522518157959
2026-08-04T04:56:34.244000-04:00,12.411772727966309,0.9113408327102661,-11.500432014465332
2026-08-04T04:56:34.248000-04:00,12.393767356872559,0.9607952833175659,-11.432971954345703
2026-08-04T04:56:34.252000-04:00,12.38254451751709,0.9619643688201904,-11.42057991027832
2026-08-04T04:56:34.256000-04:00,12.389909744262695,0.9756432771682739,-11.414266586303711
2026-08-04T04:56:34.260000-04:00,12.396223068237305,0.9652379751205444,-11.430985450744629
2026-08-04T04:56:34.264000-04:00,12.409200668334961,0.9900236129760742,-11.419177055358887
2026-08-04T04:56:34.268000-04:00,12.39107894897461,1.0387765169143677,-11.352302551269531
2026-08-04T04:56:34.272000-04:00,12.36839771270752,1.0598210096359253,-11.308576583862305
2026-08-04T04:56:34.276000-04:00,12.366761207580566,1.0595871210098267,-11.307173728942871
2026-08-04T04:56:34.280000-04:00,12.377984046936035,1.045440673828125,-11.33254337310791
2026-08-04T04:56:34.284000-04:00,12.385583877563477,1.078994870185852,-11.306589126586914
2026-08-04T04:56:34.288000-04:00,12.388038635253906,1.0877633094787598,-11.300275802612305
2026-08-04T04:56:34.292000-04:00,12.394586563110352,1.0847235918045044,-11.309863090515137
2026-08-04T04:56:34.296000-04:00,12.414695739746094,1.0600547790527344,-11.35464096069336
2026-08-04T04:56:34.300000-04:00,12.410486221313477,1.0307095050811768,-11.379776954650879
2026-08-04T04:56:34.304000-04:00,12.400899887084961,0.9863992929458618,-11.41450023651123
2026-08-04T04:56:34.308000-04:00,12.390260696411133,0.967576265335083,-11.422684669494629
2026-08-04T04:56:34.312000-04:00,12.38114070892334,0.9624320268630981,-11.418708801269531
2026-08-04T04:56:34.316000-04:00,12.380206108093262,0.9439597129821777,-11.436246871948242
2026-08-04T04:56:34.320000-04:00,12.392599105834961,0.9245520830154419,-11.468047142028809
2026-08-04T04:56:34.324000-04:00,12.372021675109863,0.8866720795631409,-11.485349655151367
2026-08-04T04:56:34.328000-04:00,12.351327896118164,0.8704211115837097,-11.48090648651123
2026-08-04T04:56:34.332000-04:00,12.350860595703125,0.853468656539917,-11.497391700744629
2026-08-04T04:56:34.336000-04:00,12.357641220092773,0.8608341813087463,-11.496807098388672
2026-08-04T04:56:34.340000-04:00,12.358694076538086,0.8547546863555908,-11.503939628601074
2026-08-04T04:56:34.344000-04:00,12.356822967529297,0.8576775193214417,-11.4991455078125
2026-08-04T04:56:34.348000-04:00,12.354484558105469,0.8309043645858765,-11.523580551147461
2026-08-04T04:56:34.352000-04:00,12.349691390991211,0.835347056388855,-11.514344215393066
2026-08-04T04:56:34.356000-04:00,12.347821235656738,0.8269292712211609,-11.520892143249512
2026-08-04T04:56:34.360000-04:00,12.355537414550781,0.8432971835136414,-11.512240409851074
2026-08-04T04:56:34.364000-04:00,12.347586631774902,0.8418942093849182,-11.505692481994629
2026-08-04T04:56:34.368000-04:00,12.33718204498291,0.8321903944015503,-11.50499153137207
2026-08-04T04:56:34.372000-04:00,12.339519500732422,0.8416603803634644,-11.497859001159668
2026-08-04T04:56:34.376000-04:00,12.337882995605469,0.8324242234230042,-11.50545883178711
2026-08-04T04:56:34.380000-04:00,12.343729019165039,0.8593143224716187,-11.484415054321289
2026-08-04T04:56:34.384000-04:00,12.319293975830078,0.8727594017982483,-11.446534156799316
2026-08-04T04:56:34.388000-04:00,12.281063079833984,0.9075996279716492,-11.37346363067627
2026-08-04T04:56:34.392000-04:00,12.311928749084473,0.9171864986419678,-11.394742012023926
2026-08-04T04:56:34.396000-04:00,12.387104034423828,0.9246689677238464,-11.462434768676758
2026-08-04T04:56:34.400000-04:00,12.472450256347656,1.017498254776001,-11.454952239990234
2026-08-04T04:56:34.404000-04:00,12.652146339416504,1.2814890146255493,-11.370656967163086
2026-08-04T04:56:34.408000-04:00,12.669683456420898,1.559860110282898,-11.109823226928711
2026-08-04T04:56:34.412000-04:00,12.602108001708984,2.278176784515381,-10.323930740356445
2026-08-04T04:56:34.416000-04:00,12.552068710327148,3.0320351123809814,-9.520033836364746
2026-08-04T04:56:34.420000-04:00,12.498405456542969,3.278488874435425,-9.219916343688965
2026-08-04T04:56:34.424000-04:00,12.440065383911133,3.296727180480957,-9.143338203430176
2026-08-04T04:56:34.428000-04:00,12.396339416503906,3.03647780418396,-9.359861373901367
2026-08-04T04:56:34.432000-04:00,12.36009693145752,2.3240067958831787,-10.036089897155762
2026-08-04T04:56:34.436000-04:00,12.385466575622559,1.9463762044906616,-10.439090728759766
2026-08-04T04:56:34.440000-04:00,12.400080680847168,1.3424009084701538,-11.057680130004883
2026-08-04T04:56:34.444000-04:00,12.45923900604248,1.2614967823028564,-11.197742462158203
2026-08-04T04:56:34.448000-04:00,12.486129760742188,1.212977647781372,-11.273152351379395
2026-08-04T04:56:34.452000-04:00,12.402770042419434,1.1064695119857788,-11.296300888061523
2026-08-04T04:56:34.456000-04:00,12.419488906860352,1.0577166080474854,-11.361772537231445
2026-08-04T04:56:34.460000-04:00,12.423230171203613,1.0265007019042969,-11.396729469299316
2026-08-04T04:56:34.464000-04:00,12.426854133605957,1.0042871236801147,-11.422567367553711
2026-08-04T04:56:34.468000-04:00,12.416799545288086,0.9826580882072449,-11.434141159057617
2026-08-04T04:56:34.472000-04:00,12.410603523254395,0.9810212850570679,-11.429582595825195
2026-08-04T04:56:34.476000-04:00,12.419371604919434,0.9678100943565369,-11.45156192779541
2026-08-04T04:56:34.480000-04:00,12.425217628479004,0.9576386213302612,-11.467578887939453
2026-08-04T04:56:34.484000-04:00,12.429777145385742,0.9730711579322815,-11.456706047058105
2026-08-04T04:56:34.488000-04:00,12.422879219055176,0.9703821539878845,-11.452497482299805
2026-08-04T04:56:34.492000-04:00,12.420774459838867,0.9750587344169617,-11.44571590423584
2026-08-04T04:56:34.496000-04:00,12.435154914855957,0.9685115218162537,-11.466643333435059
2026-08-04T04:56:34.500000-04:00,12.443690299987793,0.9806705713272095,-11.463019371032715
2026-08-04T04:56:34.504000-04:00,12.448366165161133,1.0008965730667114,-11.447469711303711
2026-08-04T04:56:34.508000-04:00,12.44041633605957,0.997272253036499,-11.443143844604492
2026-08-04T04:56:34.512000-04:00,12.441819190979004,1.0141078233718872,-11.427711486816406
2026-08-04T04:56:34.516000-04:00,12.449419021606445,1.0114188194274902,-11.437999725341797
2026-08-04T04:56:34.520000-04:00,12.455848693847656,1.0128217935562134,-11.443026542663574
2026-08-04T04:56:34.524000-04:00,12.46718978881836,1.0243961811065674,-11.442793846130371
2026-08-04T04:56:34.528000-04:00,12.458420753479004,1.0200704336166382,-11.438350677490234
2026-08-04T04:56:34.532000-04:00,12.45748519897461,1.033281683921814,-11.424203872680664
2026-08-04T04:56:34.536000-04:00,12.467423439025879,1.0519877672195435,-11.415435791015625
2026-08-04T04:56:34.540000-04:00,12.490689277648926,1.0625100135803223,-11.428178787231445
2026-08-04T04:56:34.544000-04:00,12.491273880004883,1.0839052200317383,-11.407368659973145
2026-08-04T04:56:34.548000-04:00,12.48379135131836,1.0782933235168457,-11.405498504638672
2026-08-04T04:56:34.552000-04:00,12.486948013305664,1.089984655380249,-11.396963119506836
2026-08-04T04:56:34.556000-04:00,12.494897842407227,1.1088078022003174,-11.386090278625488
2026-08-04T04:56:34.560000-04:00,12.517696380615234,1.1312551498413086,-11.386441230773926
2026-08-04T04:56:34.564000-04:00,12.518865585327148,1.1430634260177612,-11.375802040100098
2026-08-04T04:56:34.568000-04:00,12.524243354797363,1.1722917556762695,-11.351951599121094
2026-08-04T04:56:34.572000-04:00,12.537454605102539,1.189828872680664,-11.347625732421875
2026-08-04T04:56:34.576000-04:00,12.553471565246582,1.2220969200134277,-11.331375122070312
2026-08-04T04:56:34.580000-04:00,12.571359634399414,1.2392832040786743,-11.332076072692871
2026-08-04T04:56:34.584000-04:00,12.596028327941895,1.271902084350586,-11.324126243591309
2026-08-04T04:56:34.588000-04:00,12.5993013381958,1.3030011653900146,-11.296299934387207
2026-08-04T04:56:34.592000-04:00,12.613097190856934,1.3201874494552612,-11.292909622192383
2026-08-04T04:56:34.596000-04:00,12.643027305603027,1.3462591171264648,-11.296768188476562
2026-08-04T04:56:34.600000-04:00,12.655420303344727,1.371161699295044,-11.284258842468262
2026-08-04T04:56:34.604000-04:00,12.679153442382812,1.4017930030822754,-11.277360916137695
2026-08-04T04:56:34.608000-04:00,12.679971694946289,1.430904507637024,-11.249067306518555
2026-08-04T04:56:34.612000-04:00,12.69201374053955,1.4569761753082275,-11.235037803649902
2026-08-04T04:56:34.616000-04:00,12.713525772094727,1.4804757833480835,-11.233050346374512
2026-08-04T04:56:34.620000-04:00,12.723931312561035,1.4763838052749634,-11.247547149658203
2026-08-04T04:56:34.624000-04:00,12.715514183044434,1.487958312034607,-11.227556228637695
2026-08-04T04:56:34.628000-04:00,12.717968940734863,1.4959083795547485,-11.222060203552246
2026-08-04T04:56:34.632000-04:00,12.703472137451172,1.496843695640564,-11.206628799438477
2026-08-04T04:56:34.636000-04:00,12.704874992370605,1.4720580577850342,-11.232816696166992
2026-08-04T04:56:34.640000-04:00,12.700549125671387,1.4722918272018433,-11.228257179260254
2026-08-04T04:56:34.644000-04:00,12.691546440124512,1.464458703994751,-11.22708797454834
2026-08-04T04:56:34.648000-04:00,12.669332504272461,1.4204992055892944,-11.248833656311035
2026-08-04T04:56:34.652000-04:00,12.638701438903809,1.378527283668518,-11.260173797607422
2026-08-04T04:56:34.656000-04:00,12.633557319641113,1.3628607988357544,-11.270696640014648
2026-08-04T04:56:34.660000-04:00,12.606667518615723,1.3024165630340576,-11.304250717163086
2026-08-04T04:56:34.664000-04:00,12.584219932556152,1.2560018301010132,-11.328218460083008
2026-08-04T04:56:34.668000-04:00,12.557914733886719,1.2225645780563354,-11.335350036621094
2026-08-04T04:56:34.672000-04:00,12.528100967407227,1.1745131015777588,-11.353588104248047
2026-08-04T04:56:34.676000-04:00,12.508576393127441,1.116173267364502,-11.392402648925781
2026-08-04T04:56:34.680000-04:00,12.492325782775879,1.074902892112732,-11.417423248291016
2026-08-04T04:56:34.684000-04:00,12.47163200378418,1.0495326519012451,-11.422099113464355
2026-08-04T04:56:34.688000-04:00,12.443222045898438,1.028838872909546,-11.414382934570312
2026-08-04T04:56:34.692000-04:00,12.434453964233398,0.997856855392456,-11.436596870422363
2026-08-04T04:56:34.696000-04:00,12.428607940673828,0.9839441180229187,-11.444664001464844
2026-08-04T04:56:34.700000-04:00,12.419605255126953,0.965354859828949,-11.45425033569336
2026-08-04T04:56:34.704000-04:00,12.4055757522583,0.9535466432571411,-11.45202922821045
2026-08-04T04:56:34.708000-04:00,12.395404815673828,0.9350742697715759,-11.460330963134766
2026-08-04T04:56:34.712000-04:00,12.381375312805176,0.9092363715171814,-11.472139358520508
2026-08-04T04:56:34.716000-04:00,12.379972457885742,0.9097040295600891,-11.470268249511719
2026-08-04T04:56:34.720000-04:00,12.381725311279297,0.901870846748352,-11.479854583740234
2026-08-04T04:56:34.724000-04:00,12.380088806152344,0.8991818428039551,-11.480907440185547
2026-08-04T04:56:34.728000-04:00,12.368748664855957,0.8974281549453735,-11.471320152282715
2026-08-04T04:56:34.732000-04:00,12.371905326843262,0.8849183917045593,-11.486987113952637
2026-08-04T04:56:34.736000-04:00,12.369566917419434,0.8711225986480713,-11.498444557189941
2026-08-04T04:56:34.740000-04:00,12.377399444580078,0.8775528073310852,-11.499846458435059
2026-08-04T04:56:34.744000-04:00,12.37447738647461,0.8936868906021118,-11.480790138244629
2026-08-04T04:56:34.748000-04:00,12.360915184020996,0.8845676183700562,-11.476347923278809
2026-08-04T04:56:34.752000-04:00,12.351678848266602,0.874279260635376,-11.477399826049805
2026-08-04T04:56:34.756000-04:00,12.351912498474121,0.8817617297172546,-11.4701509475708
2026-08-04T04:56:34.760000-04:00,12.373892784118652,0.8890103697776794,-11.484882354736328
2026-08-04T04:56:34.764000-04:00,12.373074531555176,0.885386049747467,-11.487688064575195
2026-08-04T04:56:34.768000-04:00,12.35822582244873,0.906196653842926,-11.45202922821045
2026-08-04T04:56:34.772000-04:00,12.35647201538086,0.9022215604782104,-11.45425033569336
2026-08-04T04:56:34.776000-04:00,12.367228507995605,0.9023385047912598,-11.464889526367188
2026-08-04T04:56:34.780000-04:00,12.368982315063477,0.901870846748352,-11.467111587524414
2026-08-04T04:56:34.784000-04:00,12.368280410766602,0.9157835841178894,-11.452496528625488
2026-08-04T04:56:34.788000-04:00,12.36009693145752,0.9204601049423218,-11.439637184143066
2026-08-04T04:56:34.792000-04:00,12.363720893859863,0.9284102320671082,-11.435310363769531
2026-08-04T04:56:34.796000-04:00,12.368748664855957,0.9394000768661499,-11.429348945617676
2026-08-04T04:56:34.800000-04:00,12.379621505737305,0.9498053789138794,-11.429816246032715
2026-08-04T04:56:34.804000-04:00,12.376815795898438,0.964302659034729,-11.41251277923584
2026-08-04T04:56:34.808000-04:00,12.3806734085083,0.9692130088806152,-11.411460876464844
2026-08-04T04:56:34.812000-04:00,12.375295639038086,0.9639519453048706,-11.411343574523926
2026-08-04T04:56:34.816000-04:00,12.380088806152344,0.9655886888504028,-11.41450023651123
2026-08-04T04:56:34.820000-04:00,12.385116577148438,0.9701483249664307,-11.414968490600586
2026-08-04T04:56:34.824000-04:00,12.390143394470215,0.9900236129760742,-11.40011978149414
2026-08-04T04:56:34.828000-04:00,12.380088806152344,0.9827749729156494,-11.397314071655273
2026-08-04T04:56:34.832000-04:00,12.373424530029297,0.9951678514480591,-11.378256797790527
2026-08-04T04:56:34.836000-04:00,12.380790710449219,0.9862824082374573,-11.394508361816406
2026-08-04T04:56:34.840000-04:00,12.391429901123047,0.9941155910491943,-11.397314071655273
2026-08-04T04:56:34.844000-04:00,12.39505386352539,0.9976230263710022,-11.397430419921875
2026-08-04T04:56:34.848000-04:00,12.379504203796387,0.9911927580833435,-11.388311386108398
2026-08-04T04:56:34.852000-04:00,12.379855155944824,0.998909056186676,-11.380946159362793
2026-08-04T04:56:34.856000-04:00,12.382660865783691,0.9848794341087341,-11.397781372070312
2026-08-04T04:56:34.860000-04:00,12.396807670593262,0.9865162372589111,-11.41029167175293
2026-08-04T04:56:34.864000-04:00,12.391195297241211,0.9938817620277405,-11.397313117980957
2026-08-04T04:56:34.868000-04:00,12.384063720703125,0.9890883564949036,-11.394975662231445
2026-08-04T04:56:34.872000-04:00,12.387804985046387,0.9848794341087341,-11.402925491333008
2026-08-04T04:56:34.876000-04:00,12.384181022644043,0.9733049869537354,-11.410876274108887
2026-08-04T04:56:34.880000-04:00,12.3806734085083,0.965354859828949,-11.415318489074707
2026-08-04T04:56:34.884000-04:00,12.385934829711914,0.9743572473526001,-11.411577224731445
2026-08-04T04:56:34.888000-04:00,12.37915325164795,0.9613798260688782,-11.417773246765137
2026-08-04T04:56:34.892000-04:00,12.375880241394043,0.959976851940155,-11.415903091430664
2026-08-04T04:56:34.896000-04:00,12.38675308227539,0.9520267248153687,-11.43472671508789
2026-08-04T04:56:34.900000-04:00,12.386519432067871,0.945128858089447,-11.441390991210938
2026-08-04T04:56:34.904000-04:00,12.38745403289795,0.9529620409011841,-11.434492111206055
2026-08-04T04:56:34.908000-04:00,12.376113891601562,0.930748462677002,-11.445365905761719
2026-08-04T04:56:34.912000-04:00,12.3640718460083,0.927007257938385,-11.437064170837402
2026-08-04T04:56:34.916000-04:00,12.377634048461914,0.9312161207199097,-11.446417808532715
2026-08-04T04:56:34.920000-04:00,12.379036903381348,0.9249027967453003,-11.454133987426758
2026-08-04T04:56:34.924000-04:00,12.370969772338867,0.9263057708740234,-11.444664001464844
2026-08-04T04:56:34.928000-04:00,12.362785339355469,0.9195247888565063,-11.443260192871094
2026-08-04T04:56:34.932000-04:00,12.363838195800781,0.9101716876029968,-11.453666687011719
2026-08-04T04:56:34.936000-04:00,12.37845230102539,0.9047936797142029,-11.473658561706543
2026-08-04T04:56:34.940000-04:00,12.381959915161133,0.9104055166244507,-11.47155475616455
2026-08-04T04:56:34.944000-04:00,12.381375312805176,0.9170696139335632,-11.464305877685547
2026-08-04T04:56:34.948000-04:00,12.357758522033691,0.9071319699287415,-11.450626373291016
2026-08-04T04:56:34.952000-04:00,12.358810424804688,0.9087687730789185,-11.450041770935059
2026-08-04T04:56:34.956000-04:00,12.371437072753906,0.9123930335044861,-11.459044456481934
2026-08-04T04:56:34.960000-04:00,12.377049446105957,0.9133283495903015,-11.46372127532959
2026-08-04T04:56:34.964000-04:00,12.371788024902344,0.9106393456459045,-11.461148262023926
2026-08-04T04:56:34.968000-04:00,12.357524871826172,0.8914655447006226,-11.466059684753418
2026-08-04T04:56:34.972000-04:00,12.359512329101562,0.9063135385513306,-11.453198432922363
2026-08-04T04:56:34.976000-04:00,12.3640718460083,0.9036245346069336,-11.460447311401367
2026-08-04T04:56:34.980000-04:00,12.372255325317383,0.9125099778175354,-11.459745407104492
2026-08-04T04:56:34.984000-04:00,12.365123748779297,0.9068981409072876,-11.45822525024414
2026-08-04T04:56:34.988000-04:00,12.36009693145752,0.8978958129882812,-11.462201118469238
2026-08-04T04:56:34.992000-04:00,12.363604545593262,0.894037663936615,-11.46956729888916
2026-08-04T04:56:34.996000-04:00,12.362785339355469,0.8948560357093811,-11.467928886413574
2026-08-04T04:56:35-04:00,12.371086120605469,0.9022215604782104,-11.468864440917969
2026-08-04T04:56:35.004000-04:00,12.361266136169434,0.8938038349151611,-11.467462539672852
2026-08-04T04:56:35.008000-04:00,12.348404884338379,0.8857367634773254,-11.462668418884277
2026-08-04T04:56:35.012000-04:00,12.359395027160645,0.9047936797142029,-11.454601287841797
2026-08-04T04:56:35.016000-04:00,12.369098663330078,0.8973112106323242,-11.471787452697754
2026-08-04T04:56:35.020000-04:00,12.371203422546387,0.9047936797142029,-11.466409683227539
2026-08-04T04:56:35.024000-04:00,12.362668991088867,0.8973112106323242,-11.465357780456543
2026-08-04T04:56:35.028000-04:00,12.35600471496582,0.8877243399620056,-11.468280792236328
2026-08-04T04:56:35.032000-04:00,12.356822967529297,0.9022215604782104,-11.454601287841797
2026-08-04T04:56:35.036000-04:00,12.359044075012207,0.8883088827133179,-11.470735549926758
2026-08-04T04:56:35.040000-04:00,12.36185073852539,0.9063135385513306,-11.455536842346191
2026-08-04T04:56:35.044000-04:00,12.36208438873291,0.908885657787323,-11.453198432922363
2026-08-04T04:56:35.048000-04:00,12.354368209838867,0.9092363715171814,-11.4451322555542
2026-08-04T04:56:35.052000-04:00,12.35378360748291,0.9044429659843445,-11.4493408203125
2026-08-04T04:56:35.056000-04:00,12.366410255432129,0.9153159260749817,-11.451094627380371
2026-08-04T04:56:35.060000-04:00,12.398677825927734,0.9627828001976013,-11.435894966125488
2026-08-04T04:56:35.064000-04:00,12.38722038269043,0.9816058874130249,-11.405614852905273
2026-08-04T04:56:35.068000-04:00,12.37061882019043,0.9785661101341248,-11.39205265045166
2026-08-04T04:56:35.072000-04:00,12.367228507995605,0.9799690842628479,-11.387259483337402
2026-08-04T04:56:35.076000-04:00,12.380088806152344,0.9890883564949036,-11.391000747680664
2026-08-04T04:56:35.080000-04:00,12.39937973022461,1.0227594375610352,-11.376620292663574
2026-08-04T04:56:35.084000-04:00,12.397041320800781,1.0675373077392578,-11.329504013061523
2026-08-04T04:56:35.088000-04:00,12.345365524291992,1.0740844011306763,-11.271281242370605
2026-08-04T04:56:35.092000-04:00,12.345014572143555,1.0595871210098267,-11.28542709350586
2026-08-04T04:56:35.096000-04:00,12.359512329101562,1.0492987632751465,-11.310213088989258
2026-08-04T04:56:35.100000-04:00,12.364188194274902,1.066251277923584,-11.297937393188477
2026-08-04T04:56:35.104000-04:00,12.368046760559082,1.0836713314056396,-11.284375190734863
2026-08-04T04:56:35.108000-04:00,12.386402130126953,1.0699924230575562,-11.316410064697266
2026-08-04T04:56:35.112000-04:00,12.395404815673828,1.048363447189331,-11.347041130065918
2026-08-04T04:56:35.116000-04:00,12.385817527770996,0.9918942451477051,-11.393922805786133
2026-08-04T04:56:35.120000-04:00,12.379387855529785,0.9748249053955078,-11.404562950134277
2026-08-04T04:56:35.124000-04:00,12.378803253173828,0.965354859828949,-11.413448333740234
2026-08-04T04:56:35.128000-04:00,12.372957229614258,0.9703821539878845,-11.402575492858887
2026-08-04T04:56:35.132000-04:00,12.358576774597168,0.9318007230758667,-11.426775932312012
2026-08-04T04:56:35.136000-04:00,12.366643905639648,0.914848268032074,-11.45179557800293
2026-08-04T04:56:35.140000-04:00,12.346652030944824,0.8801249265670776,-11.466526985168457
2026-08-04T04:56:35.144000-04:00,12.332036972045898,0.8505458235740662,-11.481491088867188
2026-08-04T04:56:35.148000-04:00,12.330634117126465,0.85077965259552,-11.479854583740234
2026-08-04T04:56:35.152000-04:00,12.332621574401855,0.8574436902999878,-11.475177764892578
2026-08-04T04:56:35.156000-04:00,12.336713790893555,0.8604834675788879,-11.47623062133789
2026-08-04T04:56:35.160000-04:00,12.349106788635254,0.8537024855613708,-11.495404243469238
2026-08-04T04:56:35.164000-04:00,12.33741569519043,0.8505458235740662,-11.486869812011719
2026-08-04T04:56:35.168000-04:00,12.322917938232422,0.8210836052894592,-11.50183391571045
2026-08-04T04:56:35.172000-04:00,12.328763961791992,0.8270462155342102,-11.501717567443848
2026-08-04T04:56:35.176000-04:00,12.332505226135254,0.8402574062347412,-11.492247581481934
2026-08-04T04:56:35.180000-04:00,12.333674430847168,0.8365162014961243,-11.49715805053711
2026-08-04T04:56:35.184000-04:00,12.332154273986816,0.8429464101791382,-11.489208221435547
2026-08-04T04:56:35.188000-04:00,12.313798904418945,0.8334764242172241,-11.48032283782959
2026-08-04T04:56:35.192000-04:00,12.31473445892334,0.8300859332084656,-11.484648704528809
2026-08-04T04:56:35.196000-04:00,12.31286334991455,0.8381530046463013,-11.474710464477539
2026-08-04T04:56:35.200000-04:00,12.28842830657959,0.8512473106384277,-11.43718147277832
2026-08-04T04:56:35.204000-04:00,12.270423889160156,0.8935700058937073,-11.376853942871094
2026-08-04T04:56:35.208000-04:00,12.339519500732422,0.9032738208770752,-11.436245918273926
2026-08-04T04:56:35.212000-04:00,12.380556106567383,0.9254873991012573,-11.455068588256836
2026-08-04T04:56:35.216000-04:00,12.534998893737793,1.068355679512024,-11.466643333435059
2026-08-04T04:56:35.220000-04:00,12.647820472717285,1.2803199291229248,-11.367500305175781
2026-08-04T04:56:35.224000-04:00,12.622801780700684,1.784217119216919,-10.838584899902344
2026-08-04T04:56:35.228000-04:00,12.586207389831543,2.293492317199707,-10.292715072631836
2026-08-04T04:56:35.232000-04:00,12.517228126525879,3.014497995376587,-9.502730369567871
2026-08-04T04:56:35.236000-04:00,12.469878196716309,3.2210841178894043,-9.248794555664062
2026-08-04T04:56:35.240000-04:00,12.419137954711914,3.254521369934082,-9.164616584777832
2026-08-04T04:56:35.244000-04:00,12.36208438873291,2.711808919906616,-9.650275230407715
2026-08-04T04:56:35.248000-04:00,12.31672191619873,2.245908498764038,-10.070813179016113
2026-08-04T04:56:35.252000-04:00,12.346768379211426,1.6796964406967163,-10.667072296142578
2026-08-04T04:56:35.256000-04:00,12.355537414550781,1.312821865081787,-11.042715072631836
2026-08-04T04:56:35.260000-04:00,12.459473609924316,1.2141468524932861,-11.24532699584961
2026-08-04T04:56:35.264000-04:00,12.458420753479004,1.166329264640808,-11.292091369628906
2026-08-04T04:56:35.268000-04:00,12.383712768554688,1.0754873752593994,-11.308225631713867
2026-08-04T04:56:35.272000-04:00,12.406394004821777,1.0392441749572754,-11.367149353027344
2026-08-04T04:56:35.276000-04:00,12.406744956970215,1.0169137716293335,-11.38983154296875
2026-08-04T04:56:35.280000-04:00,12.412357330322266,0.9848794341087341,-11.427477836608887
2026-08-04T04:56:35.284000-04:00,12.4054594039917,0.981372058391571,-11.424087524414062
2026-08-04T04:56:35.288000-04:00,12.398093223571777,0.9501561522483826,-11.44793701171875
2026-08-04T04:56:35.292000-04:00,12.402887344360352,0.9486362338066101,-11.454251289367676
2026-08-04T04:56:35.296000-04:00,12.404991149902344,0.9446612000465393,-11.46033000946045
2026-08-04T04:56:35.300000-04:00,12.415863990783691,0.9477009177207947,-11.46816349029541
2026-08-04T04:56:35.304000-04:00,12.410135269165039,0.9550665020942688,-11.455068588256836
2026-08-04T04:56:35.308000-04:00,12.404641151428223,0.9560018181800842,-11.448638916015625
2026-08-04T04:56:35.312000-04:00,12.411772727966309,0.9614967107772827,-11.450276374816895
2026-08-04T04:56:35.316000-04:00,12.424165725708008,0.9658225178718567,-11.458343505859375
2026-08-04T04:56:35.320000-04:00,12.42650318145752,0.9715512990951538,-11.454952239990234
2026-08-04T04:56:35.324000-04:00,12.43234920501709,0.9641857743263245,-11.46816349029541
2026-08-04T04:56:35.328000-04:00,12.4303617477417,0.9683946371078491,-11.461967468261719
2026-08-04T04:56:35.332000-04:00,12.439831733703613,0.9661732912063599,-11.473658561706543
2026-08-04T04:56:35.336000-04:00,12.438779830932617,0.9806705713272095,-11.458108901977539
2026-08-04T04:56:35.340000-04:00,12.450470924377441,0.9944663643836975,-11.45600414276123
2026-08-04T04:56:35.344000-04:00,12.44918441772461,1.0101327896118164,-11.439051628112793
2026-08-04T04:56:35.348000-04:00,12.444040298461914,1.0144585371017456,-11.429581642150879
2026-08-04T04:56:35.352000-04:00,12.452458381652832,1.0233440399169922,-11.42911434173584
2026-08-04T04:56:35.356000-04:00,12.464033126831055,1.0282543897628784,-11.435778617858887
2026-08-04T04:56:35.360000-04:00,12.47993278503418,1.053507685661316,-11.426424980163574
2026-08-04T04:56:35.364000-04:00,12.480401039123535,1.0601717233657837,-11.420228958129883
2026-08-04T04:56:35.368000-04:00,12.479581832885742,1.071044683456421,-11.408536911010742
2026-08-04T04:56:35.372000-04:00,12.481335639953613,1.069524884223938,-11.411810874938965
2026-08-04T04:56:35.376000-04:00,12.50015926361084,1.092673659324646,-11.407485961914062
2026-08-04T04:56:35.380000-04:00,12.516643524169922,1.1212005615234375,-11.395442962646484
2026-08-04T04:56:35.384000-04:00,12.527400016784668,1.1269294023513794,-11.400470733642578
2026-08-04T04:56:35.388000-04:00,12.528802871704102,1.152767300605774,-11.376035690307617
2026-08-04T04:56:35.392000-04:00,12.545638084411621,1.1629387140274048,-11.382699012756348
2026-08-04T04:56:35.396000-04:00,12.567033767700195,1.1950899362564087,-11.371943473815918
2026-08-04T04:56:35.400000-04:00,12.579543113708496,1.216017484664917,-11.363525390625
2026-08-04T04:56:35.404000-04:00,12.594741821289062,1.2432583570480347,-11.351483345031738
2026-08-04T04:56:35.408000-04:00,12.609355926513672,1.2770463228225708,-11.33230972290039
2026-08-04T04:56:35.412000-04:00,12.6282958984375,1.2866332530975342,-11.341662406921387
2026-08-04T04:56:35.416000-04:00,12.659161567687988,1.3310604095458984,-11.32810115814209
2026-08-04T04:56:35.420000-04:00,12.67143726348877,1.3516371250152588,-11.31980037689209
2026-08-04T04:56:35.424000-04:00,12.69166374206543,1.3784103393554688,-11.313253402709961
2026-08-04T04:56:35.428000-04:00,12.686869621276855,1.3891663551330566,-11.29770278930664
2026-08-04T04:56:35.432000-04:00,12.700899124145508,1.4061188697814941,-11.294780731201172
2026-08-04T04:56:35.436000-04:00,12.705459594726562,1.4112629890441895,-11.294197082519531
2026-08-04T04:56:35.440000-04:00,12.72486686706543,1.432307481765747,-11.292559623718262
2026-08-04T04:56:35.444000-04:00,12.715981483459473,1.438270092010498,-11.277711868286133
2026-08-04T04:56:35.448000-04:00,12.704757690429688,1.4289169311523438,-11.275840759277344
2026-08-04T04:56:35.452000-04:00,12.696807861328125,1.410678505897522,-11.286128997802734
2026-08-04T04:56:35.456000-04:00,12.698210716247559,1.4143028259277344,-11.283907890319824
2026-08-04T04:56:35.460000-04:00,12.689208030700684,1.3955966234207153,-11.293611526489258
2026-08-04T04:56:35.464000-04:00,12.674827575683594,1.3703433275222778,-11.304484367370605
2026-08-04T04:56:35.468000-04:00,12.648055076599121,1.3436870574951172,-11.304368019104004
2026-08-04T04:56:35.472000-04:00,12.627594947814941,1.3094313144683838,-11.318163871765137
2026-08-04T04:56:35.476000-04:00,12.607719421386719,1.2666410207748413,-11.341078758239746
2026-08-04T04:56:35.480000-04:00,12.581063270568848,1.2123931646347046,-11.368670463562012
2026-08-04T04:56:35.484000-04:00,12.561772346496582,1.1748639345169067,-11.386908531188965
2026-08-04T04:56:35.488000-04:00,12.530089378356934,1.1238895654678345,-11.40619945526123
2026-08-04T04:56:35.492000-04:00,12.506823539733887,1.0927906036376953,-11.414032936096191
2026-08-04T04:56:35.496000-04:00,12.491741180419922,1.0583010911941528,-11.433440208435059
2026-08-04T04:56:35.500000-04:00,12.480985641479492,1.029423475265503,-11.45156192779541
2026-08-04T04:56:35.504000-04:00,12.456199645996094,0.996220052242279,-11.459980010986328
2026-08-04T04:56:35.508000-04:00,12.428841590881348,0.9526113271713257,-11.47623062133789
2026-08-04T04:56:35.512000-04:00,12.42018985748291,0.9342558979988098,-11.485934257507324
2026-08-04T04:56:35.516000-04:00,12.412590980529785,0.9217461347579956,-11.4908447265625
2026-08-04T04:56:35.520000-04:00,12.403003692626953,0.8952067494392395,-11.507797241210938
2026-08-04T04:56:35.524000-04:00,12.391546249389648,0.8717071413993835,-11.5198392868042
2026-08-04T04:56:35.528000-04:00,12.379737854003906,0.8725255727767944,-11.50721263885498
2026-08-04T04:56:35.532000-04:00,12.37669849395752,0.8500781655311584,-11.526619911193848
2026-08-04T04:56:35.536000-04:00,12.376347541809082,0.8492597937583923,-11.527088165283203
2026-08-04T04:56:35.540000-04:00,12.376581192016602,0.8487921357154846,-11.527789115905762
2026-08-04T04:56:35.544000-04:00,12.3640718460083,0.8443493843078613,-11.519721984863281
2026-08-04T04:56:35.548000-04:00,12.358576774597168,0.8291506171226501,-11.529426574707031
2026-08-04T04:56:35.552000-04:00,12.355420112609863,0.8279815316200256,-11.527438163757324
2026-08-04T04:56:35.556000-04:00,12.363954544067383,0.8359315991401672,-11.528022766113281
2026-08-04T04:56:35.560000-04:00,12.359395027160645,0.812899649143219,-11.54649543762207
2026-08-04T04:56:35.564000-04:00,12.355653762817383,0.8289167881011963,-11.526737213134766
2026-08-04T04:56:35.568000-04:00,12.348404884338379,0.8197975754737854,-11.528607368469238
2026-08-04T04:56:35.572000-04:00,12.34770393371582,0.8209667205810547,-11.526737213134766
2026-08-04T04:56:35.576000-04:00,12.349224090576172,0.817225456237793,-11.531998634338379
2026-08-04T04:56:35.580000-04:00,12.349808692932129,0.8105614185333252,-11.539247512817383
2026-08-04T04:56:35.584000-04:00,12.357291221618652,0.8259939551353455,-11.53129768371582
2026-08-04T04:56:35.588000-04:00,12.3474702835083,0.8387375473976135,-11.508732795715332
2026-08-04T04:56:35.592000-04:00,12.351211547851562,0.835347056388855,-11.515864372253418
2026-08-04T04:56:35.596000-04:00,12.35986328125,0.838620662689209,-11.521242141723633
2026-08-04T04:56:35.600000-04:00,12.362200736999512,0.848090648651123,-11.514110565185547
2026-08-04T04:56:35.604000-04:00,12.362902641296387,0.8567422032356262,-11.506160736083984
2026-08-04T04:56:35.608000-04:00,12.354368209838867,0.8614187836647034,-11.492949485778809
2026-08-04T04:56:35.612000-04:00,12.35354995727539,0.8625879287719727,-11.490962028503418
2026-08-04T04:56:35.616000-04:00,12.366410255432129,0.8724086284637451,-11.494001388549805
2026-08-04T04:56:35.620000-04:00,12.378334999084473,0.8824632167816162,-11.495871543884277
2026-08-04T04:56:35.624000-04:00,12.369215965270996,0.895089864730835,-11.474125862121582
2026-08-04T04:56:35.628000-04:00,12.365942001342773,0.8925177454948425,-11.473423957824707
2026-08-04T04:56:35.632000-04:00,12.374242782592773,0.9057289958000183,-11.468513488769531
2026-08-04T04:56:35.636000-04:00,12.371203422546387,0.9094702005386353,-11.461732864379883
2026-08-04T04:56:35.640000-04:00,12.380206108093262,0.9134452939033508,-11.466760635375977
2026-08-04T04:56:35.644000-04:00,12.379504203796387,0.9070150256156921,-11.472489356994629
2026-08-04T04:56:35.648000-04:00,12.371437072753906,0.9102886319160461,-11.461148262023926
2026-08-04T04:56:35.652000-04:00,12.374711036682129,0.9129776358604431,-11.4617338180542
2026-08-04T04:56:35.656000-04:00,12.394936561584473,0.919174075126648,-11.475762367248535
2026-08-04T04:56:35.660000-04:00,12.389909744262695,0.9168357849121094,-11.473073959350586
2026-08-04T04:56:35.664000-04:00,12.388389587402344,0.907248854637146,-11.481141090393066
2026-08-04T04:56:35.668000-04:00,12.369215965270996,0.9030399918556213,-11.46617603302002
2026-08-04T04:56:35.672000-04:00,12.379036903381348,0.9168357849121094,-11.462201118469238
2026-08-04T04:56:35.676000-04:00,12.38254451751709,0.9139129519462585,-11.468631744384766
2026-08-04T04:56:35.680000-04:00,12.394936561584473,0.9208108186721802,-11.474125862121582
2026-08-04T04:56:35.684000-04:00,12.384181022644043,0.9133283495903015,-11.470852851867676
2026-08-04T04:56:35.688000-04:00,12.381024360656738,0.905144453048706,-11.475879669189453
2026-08-04T04:56:35.692000-04:00,12.379504203796387,0.9016370177268982,-11.477867126464844
2026-08-04T04:56:35.696000-04:00,12.38114070892334,0.9090025424957275,-11.472138404846191
2026-08-04T04:56:35.700000-04:00,12.384765625,0.8883088827133179,-11.49645709991455
2026-08-04T04:56:35.704000-04:00,12.383947372436523,0.8696027398109436,-11.514344215393066
2026-08-04T04:56:35.708000-04:00,12.37845230102539,0.8728762865066528,-11.505576133728027
2026-08-04T04:56:35.712000-04:00,12.376347541809082,0.8789557814598083,-11.497391700744629
2026-08-04T04:56:35.716000-04:00,12.378218650817871,0.8691350817680359,-11.50908374786377
2026-08-04T04:56:35.720000-04:00,12.369683265686035,0.8615356683731079,-11.508147239685059
2026-08-04T04:56:35.724000-04:00,12.375411987304688,0.8565083742141724,-11.518903732299805
2026-08-04T04:56:35.728000-04:00,12.369917869567871,0.8514811396598816,-11.518436431884766
2026-08-04T04:56:35.732000-04:00,12.376815795898438,0.8450508713722229,-11.53176498413086
2026-08-04T04:56:35.736000-04:00,12.37845230102539,0.8389713764190674,-11.539481163024902
2026-08-04T04:56:35.740000-04:00,12.382193565368652,0.8542870283126831,-11.52790641784668
2026-08-04T04:56:35.744000-04:00,12.371554374694824,0.8332425951957703,-11.538311958312988
2026-08-04T04:56:35.748000-04:00,12.369449615478516,0.8347625136375427,-11.534687042236328
2026-08-04T04:56:35.752000-04:00,12.36477279663086,0.8307874202728271,-11.533985137939453
2026-08-04T04:56:35.756000-04:00,12.37482738494873,0.834294855594635,-11.540532112121582
2026-08-04T04:56:35.760000-04:00,12.37015151977539,0.8282153606414795,-11.541935920715332
2026-08-04T04:56:35.764000-04:00,12.369800567626953,0.8223696351051331,-11.547430992126465
2026-08-04T04:56:35.768000-04:00,12.35179615020752,0.8167577981948853,-11.535037994384766
2026-08-04T04:56:35.772000-04:00,12.361733436584473,0.8217850923538208,-11.539948463439941
2026-08-04T04:56:35.776000-04:00,12.359628677368164,0.8109121322631836,-11.54871654510498
2026-08-04T04:56:35.780000-04:00,12.367462158203125,0.8083400130271912,-11.559122085571289
2026-08-04T04:56:35.784000-04:00,12.361031532287598,0.7959471940994263,-11.565084457397461
2026-08-04T04:56:35.788000-04:00,12.347352981567383,0.8017928600311279,-11.545559883117676
2026-08-04T04:56:35.792000-04:00,12.352848052978516,0.804248034954071,-11.548600196838379
2026-08-04T04:56:35.796000-04:00,12.358810424804688,0.8043649792671204,-11.554445266723633
2026-08-04T04:56:35.800000-04:00,12.367929458618164,0.809158444404602,-11.558771133422852
2026-08-04T04:56:35.804000-04:00,12.363487243652344,0.8183946013450623,-11.545092582702637
2026-08-04T04:56:35.808000-04:00,12.358694076538086,0.8119643330574036,-11.546730041503906
2026-08-04T04:56:35.812000-04:00,12.348522186279297,0.8190960884094238,-11.529426574707031
2026-08-04T04:56:35.816000-04:00,12.381491661071777,0.8362823724746704,-11.545208930969238
2026-08-04T04:56:35.820000-04:00,12.387804985046387,0.8618864417076111,-11.525918960571289
2026-08-04T04:56:35.824000-04:00,12.368748664855957,0.8690181374549866,-11.499730110168457
2026-08-04T04:56:35.828000-04:00,12.360797882080078,0.8632894158363342,-11.49750804901123
2026-08-04T04:56:35.832000-04:00,12.37283992767334,0.8641077876091003,-11.508731842041016
2026-08-04T04:56:35.836000-04:00,12.37845230102539,0.861301839351654,-11.51715087890625
2026-08-04T04:56:35.840000-04:00,12.397625923156738,0.9229152798652649,-11.474710464477539
2026-08-04T04:56:35.844000-04:00,12.365007400512695,0.9437258839607239,-11.421281814575195
2026-08-04T04:56:35.848000-04:00,12.338584899902344,0.963250458240509,-11.375334739685059
2026-08-04T04:56:35.852000-04:00,12.354484558105469,0.9551833868026733,-11.399301528930664
2026-08-04T04:56:35.856000-04:00,12.36617660522461,0.9542481303215027,-11.411928176879883
2026-08-04T04:56:35.860000-04:00,12.372255325317383,0.959976851940155,-11.412278175354004
2026-08-04T04:56:35.864000-04:00,12.37891960144043,0.9621981978416443,-11.41672134399414
2026-08-04T04:56:35.868000-04:00,12.390026092529297,0.9471163749694824,-11.442909240722656
2026-08-04T04:56:35.872000-04:00,12.384881973266602,0.9106393456459045,-11.474242210388184
2026-08-04T04:56:35.876000-04:00,12.387571334838867,0.8644585013389587,-11.523113250732422
2026-08-04T04:56:35.880000-04:00,12.379855155944824,0.8447001576423645,-11.535155296325684
2026-08-04T04:56:35.884000-04:00,12.38277816772461,0.8304367065429688,-11.55234146118164
2026-08-04T04:56:35.888000-04:00,12.363604545593262,0.8278645873069763,-11.53573989868164
2026-08-04T04:56:35.892000-04:00,12.371437072753906,0.8067032694816589,-11.564733505249023
2026-08-04T04:56:35.896000-04:00,12.348522186279297,0.761808454990387,-11.586713790893555
2026-08-04T04:56:35.900000-04:00,12.347002029418945,0.745323657989502,-11.601678848266602
2026-08-04T04:56:35.904000-04:00,12.330517768859863,0.718550443649292,-11.611967086791992
2026-08-04T04:56:35.908000-04:00,12.33379077911377,0.7386595606803894,-11.595130920410156
2026-08-04T04:56:35.912000-04:00,12.33577823638916,0.7308263778686523,-11.604951858520508
2026-08-04T04:56:35.916000-04:00,12.34185791015625,0.7321124076843262,-11.609745025634766
2026-08-04T04:56:35.920000-04:00,12.351211547851562,0.7288388609886169,-11.6223726272583
2026-08-04T04:56:35.924000-04:00,12.34384536743164,0.7266175150871277,-11.617227554321289
2026-08-04T04:56:35.928000-04:00,12.33133602142334,0.7052223086357117,-11.626113891601562
2026-08-04T04:56:35.932000-04:00,12.336362838745117,0.6943493485450745,-11.642013549804688
2026-08-04T04:56:35.936000-04:00,12.343611717224121,0.7059237957000732,-11.637687683105469
2026-08-04T04:56:35.940000-04:00,12.350042343139648,0.7198365330696106,-11.630206108093262
2026-08-04T04:56:35.944000-04:00,12.333674430847168,0.7136400938034058,-11.620034217834473
2026-08-04T04:56:35.948000-04:00,12.326308250427246,0.7024164199829102,-11.623891830444336
2026-08-04T04:56:35.952000-04:00,12.318358421325684,0.6958692073822021,-11.622488975524902
2026-08-04T04:56:35.956000-04:00,12.312162399291992,0.7106003165245056,-11.6015625
2026-08-04T04:56:35.960000-04:00,12.297313690185547,0.7535076141357422,-11.543806076049805
2026-08-04T04:56:35.964000-04:00,12.299886703491211,0.7819175720214844,-11.517969131469727
2026-08-04T04:56:35.968000-04:00,12.343962669372559,0.7490648627281189,-11.594898223876953
2026-08-04T04:56:35.972000-04:00,12.396690368652344,0.838036060333252,-11.55865478515625
2026-08-04T04:56:35.976000-04:00,12.562941551208496,0.9722527861595154,-11.590688705444336
2026-08-04T04:56:35.980000-04:00,12.755615234375,1.3602887392044067,-11.395326614379883
2026-08-04T04:56:35.984000-04:00,12.68371295928955,1.8084182739257812,-10.87529468536377
2026-08-04T04:56:35.988000-04:00,12.622567176818848,2.570577383041382,-10.051989555358887
2026-08-04T04:56:35.992000-04:00,12.545872688293457,2.97053861618042,-9.575334548950195
2026-08-04T04:56:35.996000-04:00,12.504251480102539,3.047818422317505,-9.456433296203613
2026-08-04T04:56:36-04:00,12.46333122253418,2.9659788608551025,-9.497352600097656
2026-08-04T04:56:36.004000-04:00,12.381258010864258,2.390296697616577,-9.990961074829102
2026-08-04T04:56:36.008000-04:00,12.29836654663086,1.7359318733215332,-10.562435150146484
2026-08-04T04:56:36.012000-04:00,12.298600196838379,1.3897509574890137,-10.908849716186523
2026-08-04T04:56:36.016000-04:00,12.404290199279785,1.0909199714660645,-11.313369750976562
2026-08-04T04:56:36.020000-04:00,12.46718978881836,1.0450899600982666,-11.422100067138672
2026-08-04T04:56:36.024000-04:00,12.454094886779785,0.997272253036499,-11.456822395324707
2026-08-04T04:56:36.028000-04:00,12.410369873046875,0.9464148879051208,-11.46395492553711
2026-08-04T04:56:36.032000-04:00,12.412941932678223,0.8843338489532471,-11.528608322143555
2026-08-04T04:56:36.036000-04:00,12.414812088012695,0.861301839351654,-11.553510665893555
2026-08-04T04:56:36.040000-04:00,12.419255256652832,0.8457523584365845,-11.573502540588379
2026-08-04T04:56:36.044000-04:00,12.415045738220215,0.8327749371528625,-11.582270622253418
2026-08-04T04:56:36.048000-04:00,12.405926704406738,0.8153548240661621,-11.590572357177734
2026-08-04T04:56:36.052000-04:00,12.408382415771484,0.8243572115898132,-11.584025382995605
2026-08-04T04:56:36.056000-04:00,12.412240028381348,0.8202652335166931,-11.591975212097168
2026-08-04T04:56:36.060000-04:00,12.419605255126953,0.8180438280105591,-11.601561546325684
2026-08-04T04:56:36.064000-04:00,12.414111137390137,0.8235387802124023,-11.590572357177734
2026-08-04T04:56:36.068000-04:00,12.417150497436523,0.8305535912513733,-11.586596488952637
2026-08-04T04:56:36.072000-04:00,12.400899887084961,0.8418942093849182,-11.559005737304688
2026-08-04T04:56:36.076000-04:00,12.420891761779785,0.8521826267242432,-11.568709373474121
2026-08-04T04:56:36.080000-04:00,12.436792373657227,0.8512473106384277,-11.58554458618164
2026-08-04T04:56:36.084000-04:00,12.43012809753418,0.8456354737281799,-11.584492683410645
2026-08-04T04:56:36.088000-04:00,12.431297302246094,0.8504288792610168,-11.5808687210083
2026-08-04T04:56:36.092000-04:00,12.42989444732666,0.8525333404541016,-11.577361106872559
2026-08-04T04:56:36.096000-04:00,12.454328536987305,0.8819955587387085,-11.572333335876465
2026-08-04T04:56:36.100000-04:00,12.455732345581055,0.8777866363525391,-11.577945709228516
2026-08-04T04:56:36.104000-04:00,12.450470924377441,0.8826970458030701,-11.567773818969727
2026-08-04T04:56:36.108000-04:00,12.449769020080566,0.9064304828643799,-11.543338775634766
2026-08-04T04:56:36.112000-04:00,12.457135200500488,0.9092363715171814,-11.54789924621582
2026-08-04T04:56:36.116000-04:00,12.471749305725098,0.9171864986419678,-11.55456256866455
2026-08-04T04:56:36.120000-04:00,12.47525691986084,0.931333065032959,-11.543924331665039
2026-08-04T04:56:36.124000-04:00,12.484025001525879,0.9444273710250854,-11.539597511291504
2026-08-04T04:56:36.128000-04:00,12.472100257873535,0.958340048789978,-11.513760566711426
2026-08-04T04:56:36.132000-04:00,12.488117218017578,0.9771631360054016,-11.510953903198242
2026-08-04T04:56:36.136000-04:00,12.504718780517578,0.9827749729156494,-11.521944046020508
2026-08-04T04:56:36.140000-04:00,12.516176223754883,1.0102496147155762,-11.505926132202148
2026-08-04T04:56:36.144000-04:00,12.52307415008545,1.0259160995483398,-11.49715805053711
2026-08-04T04:56:36.148000-04:00,12.519683837890625,1.0477789640426636,-11.471904754638672
2026-08-04T04:56:36.152000-04:00,12.540727615356445,1.0742013454437256,-11.46652603149414
2026-08-04T04:56:36.156000-04:00,12.562005996704102,1.09384286403656,-11.46816349029541
2026-08-04T04:56:36.160000-04:00,12.586909294128418,1.1307874917984009,-11.456121444702148
2026-08-04T04:56:36.164000-04:00,12.593222618103027,1.1485583782196045,-11.444664001464844
2026-08-04T04:56:36.168000-04:00,12.61146068572998,1.1888935565948486,-11.422567367553711
2026-08-04T04:56:36.172000-04:00,12.6282958984375,1.2225645780563354,-11.405731201171875
2026-08-04T04:56:36.176000-04:00,12.645248413085938,1.231450080871582,-11.413798332214355
2026-08-04T04:56:36.180000-04:00,12.669800758361816,1.2841780185699463,-11.38562297821045
2026-08-04T04:56:36.184000-04:00,12.674360275268555,1.3007797002792358,-11.373580932617188
2026-08-04T04:56:36.188000-04:00,12.672255516052246,1.3136402368545532,-11.358614921569824
2026-08-04T04:56:36.192000-04:00,12.674477577209473,1.320070505142212,-11.35440731048584
2026-08-04T04:56:36.196000-04:00,12.691780090332031,1.3333985805511475,-11.358381271362305
2026-08-04T04:56:36.200000-04:00,12.692481994628906,1.3348015546798706,-11.357680320739746
2026-08-04T04:56:36.204000-04:00,12.69189739227295,1.3369060754776,-11.35499095916748
2026-08-04T04:56:36.208000-04:00,12.678802490234375,1.3377244472503662,-11.34107780456543
2026-08-04T04:56:36.212000-04:00,12.669800758361816,1.3253315687179565,-11.34446907043457
2026-08-04T04:56:36.216000-04:00,12.671554565429688,1.3082622289657593,-11.363292694091797
2026-08-04T04:56:36.220000-04:00,12.659512519836426,1.2893222570419312,-11.370190620422363
2026-08-04T04:56:36.224000-04:00,12.626425743103027,1.2326191663742065,-11.393806457519531
2026-08-04T04:56:36.228000-04:00,12.608070373535156,1.197895884513855,-11.410174369812012
2026-08-04T04:56:36.232000-04:00,12.583050727844238,1.1582621335983276,-11.424788475036621
2026-08-04T04:56:36.236000-04:00,12.565046310424805,1.1185115575790405,-11.446535110473633
2026-08-04T04:56:36.240000-04:00,12.550314903259277,1.0752536058425903,-11.475061416625977
2026-08-04T04:56:36.244000-04:00,12.511032104492188,1.026149868965149,-11.484882354736328
2026-08-04T04:56:36.248000-04:00,12.497353553771973,0.9955185651779175,-11.501834869384766
2026-08-04T04:56:36.252000-04:00,12.478062629699707,0.9582231640815735,-11.5198392868042
2026-08-04T04:56:36.256000-04:00,12.463915824890137,0.9328529238700867,-11.531063079833984
2026-08-04T04:56:36.260000-04:00,12.45058822631836,0.9134452939033508,-11.537142753601074
2026-08-04T04:56:36.264000-04:00,12.428140640258789,0.8873735666275024,-11.540766716003418
2026-08-04T04:56:36.268000-04:00,12.401951789855957,0.841309666633606,-11.56064224243164
2026-08-04T04:56:36.272000-04:00,12.405926704406738,0.8203821182250977,-11.58554458618164
2026-08-04T04:56:36.276000-04:00,12.404991149902344,0.8021436333656311,-11.6028470993042
2026-08-04T04:56:36.280000-04:00,12.39306640625,0.7870617508888245,-11.60600471496582
2026-08-04T04:56:36.284000-04:00,12.385583877563477,0.7764226198196411,-11.609161376953125
2026-08-04T04:56:36.288000-04:00,12.373308181762695,0.7559627890586853,-11.617345809936523
2026-08-04T04:56:36.292000-04:00,12.363253593444824,0.7508186101913452,-11.612435340881348
2026-08-04T04:56:36.296000-04:00,12.365007400512695,0.7522215247154236,-11.612786293029785
2026-08-04T04:56:36.300000-04:00,12.364656448364258,0.7510524392127991,-11.613603591918945
2026-08-04T04:56:36.304000-04:00,12.359395027160645,0.7351521849632263,-11.624242782592773
2026-08-04T04:56:36.308000-04:00,12.356589317321777,0.7388933897018433,-11.617695808410645
2026-08-04T04:56:36.312000-04:00,12.35015869140625,0.7204210758209229,-11.629737854003906
2026-08-04T04:56:36.316000-04:00,12.35214614868164,0.7330477237701416,-11.619098663330078
2026-08-04T04:56:36.320000-04:00,12.35354995727539,0.7312940359115601,-11.6222562789917
2026-08-04T04:56:36.324000-04:00,12.34793758392334,0.7171474695205688,-11.630789756774902
2026-08-04T04:56:36.328000-04:00,12.341507911682129,0.7225255370140076,-11.618982315063477
2026-08-04T04:56:36.332000-04:00,12.336947441101074,0.7324631810188293,-11.604484558105469
2026-08-04T04:56:36.336000-04:00,12.348522186279297,0.7456743717193604,-11.602848052978516
2026-08-04T04:56:36.340000-04:00,12.35845947265625,0.7424008250236511,-11.616058349609375
2026-08-04T04:56:36.344000-04:00,12.349808692932129,0.7468435168266296,-11.602965354919434
2026-08-04T04:56:36.348000-04:00,12.354484558105469,0.7599378228187561,-11.5945463180542
2026-08-04T04:56:36.352000-04:00,12.35425090789795,0.7659004330635071,-11.588350296020508
2026-08-04T04:56:36.356000-04:00,12.365942001342773,0.7792285680770874,-11.586713790893555
2026-08-04T04:56:36.360000-04:00,12.367579460144043,0.7825021743774414,-11.585077285766602
2026-08-04T04:56:36.364000-04:00,12.367344856262207,0.7879970669746399,-11.579347610473633
2026-08-04T04:56:36.368000-04:00,12.356706619262695,0.7941935062408447,-11.56251335144043
2026-08-04T04:56:36.372000-04:00,12.359628677368164,0.8029620051383972,-11.556666374206543
2026-08-04T04:56:36.376000-04:00,12.37646484375,0.807521641254425,-11.56894302368164
2026-08-04T04:56:36.380000-04:00,12.377867698669434,0.8143026232719421,-11.563565254211426
2026-08-04T04:56:36.384000-04:00,12.37283992767334,0.8124319911003113,-11.560407638549805
2026-08-04T04:56:36.388000-04:00,12.381725311279297,0.8335933685302734,-11.548131942749023
2026-08-04T04:56:36.392000-04:00,12.374944686889648,0.8219019770622253,-11.5530424118042
2026-08-04T04:56:36.396000-04:00,12.386869430541992,0.8459861874580383,-11.54088306427002
2026-08-04T04:56:36.400000-04:00,12.3888578414917,0.8411927223205566,-11.547664642333984
2026-08-04T04:56:36.404000-04:00,12.381842613220215,0.8533517122268677,-11.528491020202637
2026-08-04T04:56:36.408000-04:00,12.376581192016602,0.8469215035438538,-11.529659271240234
2026-08-04T04:56:36.412000-04:00,12.383362770080566,0.8429464101791382,-11.540416717529297
2026-08-04T04:56:36.416000-04:00,12.391429901123047,0.843180239200592,-11.548249244689941
2026-08-04T04:56:36.420000-04:00,12.397976875305176,0.8422449827194214,-11.555731773376465
2026-08-04T04:56:36.424000-04:00,12.376932144165039,0.8256432414054871,-11.551288604736328
2026-08-04T04:56:36.428000-04:00,12.382076263427734,0.8314889073371887,-11.55058765411377
2026-08-04T04:56:36.432000-04:00,12.382660865783691,0.8200314044952393,-11.562629699707031
2026-08-04T04:56:36.436000-04:00,12.390610694885254,0.8378022313117981,-11.55280876159668
2026-08-04T04:56:36.440000-04:00,12.39084529876709,0.8356977701187134,-11.555147171020508
2026-08-04T04:56:36.444000-04:00,12.380206108093262,0.8278645873069763,-11.55234146118164
2026-08-04T04:56:36.448000-04:00,12.388155937194824,0.8279815316200256,-11.560173988342285
2026-08-04T04:56:36.452000-04:00,12.381959915161133,0.8062356114387512,-11.575724601745605
2026-08-04T04:56:36.456000-04:00,12.387571334838867,0.8072878122329712,-11.580283164978027
2026-08-04T04:56:36.460000-04:00,12.383830070495605,0.8006237149238586,-11.583206176757812
2026-08-04T04:56:36.464000-04:00,12.386285781860352,0.8001561164855957,-11.586130142211914
2026-08-04T04:56:36.468000-04:00,12.377283096313477,0.7981685400009155,-11.57911491394043
2026-08-04T04:56:36.472000-04:00,12.368748664855957,0.7889323830604553,-11.579815864562988
2026-08-04T04:56:36.476000-04:00,12.386402130126953,0.7787609100341797,-11.607641220092773
2026-08-04T04:56:36.480000-04:00,12.389442443847656,0.7946611642837524,-11.594780921936035
2026-08-04T04:56:36.484000-04:00,12.382427215576172,0.8010913729667664,-11.58133602142334
2026-08-04T04:56:36.488000-04:00,12.36839771270752,0.7765395641326904,-11.59185791015625
2026-08-04T04:56:36.492000-04:00,12.371086120605469,0.7791116833686829,-11.591974258422852
2026-08-04T04:56:36.496000-04:00,12.374009132385254,0.7742012739181519,-11.599807739257812
2026-08-04T04:56:36.500000-04:00,12.378218650817871,0.7731490731239319,-11.605069160461426
2026-08-04T04:56:36.504000-04:00,12.379621505737305,0.7701092958450317,-11.609512329101562
2026-08-04T04:56:36.508000-04:00,12.362785339355469,0.757482647895813,-11.605302810668945
2026-08-04T04:56:36.512000-04:00,12.367813110351562,0.7623929977416992,-11.605420112609863
2026-08-04T04:56:36.516000-04:00,12.374593734741211,0.7661342620849609,-11.60845947265625
2026-08-04T04:56:36.520000-04:00,12.374360084533691,0.7713953852653503,-11.602964401245117
2026-08-04T04:56:36.524000-04:00,12.39107894897461,0.7929074764251709,-11.59817123413086
2026-08-04T04:56:36.528000-04:00,12.391897201538086,0.8147702813148499,-11.577126502990723
2026-08-04T04:56:36.532000-04:00,12.379387855529785,0.8376853466033936,-11.541702270507812
2026-08-04T04:56:36.536000-04:00,12.39107894897461,0.849142849445343,-11.541935920715332
2026-08-04T04:56:36.540000-04:00,12.386285781860352,0.8483244776725769,-11.53796100616455
2026-08-04T04:56:36.544000-04:00,12.378334999084473,0.843180239200592,-11.535154342651367
2026-08-04T04:56:36.548000-04:00,12.3806734085083,0.8580282926559448,-11.522644996643066
2026-08-04T04:56:36.552000-04:00,12.384881973266602,0.9133283495903015,-11.471553802490234
2026-08-04T04:56:36.556000-04:00,12.363604545593262,0.9397508502006531,-11.423853874206543
2026-08-04T04:56:36.560000-04:00,12.37038516998291,0.9620813131332397,-11.408304214477539
2026-08-04T04:56:36.564000-04:00,12.373424530029297,0.9390493631362915,-11.434374809265137
2026-08-04T04:56:36.568000-04:00,12.367111206054688,0.9475840330123901,-11.419527053833008
2026-08-04T04:56:36.572000-04:00,12.375529289245605,0.9535466432571411,-11.421982765197754
2026-08-04T04:56:36.576000-04:00,12.390961647033691,0.952143669128418,-11.438817977905273
2026-08-04T04:56:36.580000-04:00,12.414812088012695,0.9374125599861145,-11.477399826049805
2026-08-04T04:56:36.584000-04:00,12.399847030639648,0.8964928388595581,-11.5033540725708
2026-08-04T04:56:36.588000-04:00,12.383129119873047,0.8468045592308044,-11.536324501037598
2026-08-04T04:56:36.592000-04:00,12.37482738494873,0.8435310125350952,-11.531296730041504
2026-08-04T04:56:36.596000-04:00,12.37646484375,0.8303197622299194,-11.54614543914795
2026-08-04T04:56:36.600000-04:00,12.37669849395752,0.81886225938797,-11.557836532592773
2026-08-04T04:56:36.604000-04:00,12.371203422546387,0.7623929977416992,-11.608810424804688
2026-08-04T04:56:36.608000-04:00,12.341975212097168,0.7543259859085083,-11.58764934539795
2026-08-04T04:56:36.612000-04:00,12.339052200317383,0.7373735308647156,-11.601678848266602
2026-08-04T04:56:36.616000-04:00,12.344898223876953,0.7352690696716309,-11.609628677368164
2026-08-04T04:56:36.620000-04:00,12.35647201538086,0.7303587198257446,-11.626112937927246
2026-08-04T04:56:36.624000-04:00,12.340688705444336,0.7268513441085815,-11.613837242126465
2026-08-04T04:56:36.628000-04:00,12.340455055236816,0.7113018035888672,-11.62915325164795
2026-08-04T04:56:36.632000-04:00,12.334492683410645,0.7014811038970947,-11.633011817932129
2026-08-04T04:56:36.636000-04:00,12.345365524291992,0.7120032906532288,-11.63336181640625
2026-08-04T04:56:36.640000-04:00,12.347821235656738,0.711535632610321,-11.636285781860352
2026-08-04T04:56:36.644000-04:00,12.33963680267334,0.6914265155792236,-11.648210525512695
2026-08-04T04:56:36.648000-04:00,12.323386192321777,0.6999611854553223,-11.623424530029297
2026-08-04T04:56:36.652000-04:00,12.333206176757812,0.6911926865577698,-11.642013549804688
2026-08-04T04:56:36.656000-04:00,12.334609985351562,0.6869838237762451,-11.647625923156738
2026-08-04T04:56:36.660000-04:00,12.332271575927734,0.6939986348152161,-11.638273239135742
2026-08-04T04:56:36.664000-04:00,12.32911491394043,0.6957523226737976,-11.633362770080566
2026-08-04T04:56:36.668000-04:00,12.313916206359863,0.7130555510520935,-11.600860595703125
2026-08-04T04:56:36.672000-04:00,12.284687042236328,0.7705769538879395,-11.514110565185547
2026-08-04T04:56:36.676000-04:00,12.309122085571289,0.7819175720214844,-11.527204513549805
2026-08-04T04:56:36.680000-04:00,12.374360084533691,0.7715122699737549,-11.602848052978516
2026-08-04T04:56:36.684000-04:00,12.441468238830566,0.8409588932991028,-11.600509643554688
2026-08-04T04:56:36.688000-04:00,12.607953071594238,1.0807485580444336,-11.527204513549805
2026-08-04T04:56:36.692000-04:00,12.694936752319336,1.3510525226593018,-11.343884468078613
2026-08-04T04:56:36.696000-04:00,12.618358612060547,2.046804904937744,-10.571554183959961
2026-08-04T04:56:36.700000-04:00,12.595210075378418,2.5815672874450684,-10.013643264770508
2026-08-04T04:56:36.704000-04:00,12.486129760742188,3.104287624359131,-9.381841659545898
2026-08-04T04:56:36.708000-04:00,12.451873779296875,3.131411552429199,-9.320462226867676
2026-08-04T04:56:36.712000-04:00,12.407563209533691,2.933710813522339,-9.473852157592773
2026-08-04T04:56:36.716000-04:00,12.36652660369873,2.237023115158081,-10.12950325012207
2026-08-04T04:56:36.720000-04:00,12.353081703186035,1.8223309516906738,-10.530750274658203
2026-08-04T04:56:36.724000-04:00,12.3681640625,1.2600938081741333,-11.108070373535156
2026-08-04T04:56:36.728000-04:00,12.408498764038086,1.1079894304275513,-11.300509452819824
2026-08-04T04:56:36.732000-04:00,12.472216606140137,1.050818681716919,-11.421398162841797
2026-08-04T04:56:36.736000-04:00,12.427438735961914,0.9810212850570679,-11.446417808532715
2026-08-04T04:56:36.740000-04:00,12.411772727966309,0.9154328107833862,-11.496339797973633
2026-08-04T04:56:36.744000-04:00,12.409083366394043,0.8746299743652344,-11.534453392028809
2026-08-04T04:56:36.748000-04:00,12.399496078491211,0.8430633544921875,-11.556432723999023
2026-08-04T04:56:36.752000-04:00,12.410486221313477,0.8403743505477905,-11.570112228393555
2026-08-04T04:56:36.756000-04:00,12.400197982788086,0.8199144601821899,-11.580283164978027
2026-08-04T04:56:36.760000-04:00,12.408498764038086,0.8219019770622253,-11.586596488952637
2026-08-04T04:56:36.764000-04:00,12.404172897338867,0.8254094123840332,-11.578763961791992
2026-08-04T04:56:36.768000-04:00,12.408966064453125,0.8123151063919067,-11.596651077270508
2026-08-04T04:56:36.772000-04:00,12.404172897338867,0.8104444742202759,-11.593728065490723
2026-08-04T04:56:36.776000-04:00,12.419605255126953,0.8313720226287842,-11.58823299407959
2026-08-04T04:56:36.780000-04:00,12.416683197021484,0.8192129731178284,-11.5974702835083
2026-08-04T04:56:36.784000-04:00,12.40966796875,0.8180438280105591,-11.59162425994873
2026-08-04T04:56:36.788000-04:00,12.412824630737305,0.8429464101791382,-11.569878578186035
2026-08-04T04:56:36.792000-04:00,12.420307159423828,0.8365162014961243,-11.58379077911377
2026-08-04T04:56:36.796000-04:00,12.430479049682617,0.8575606346130371,-11.572917938232422
2026-08-04T04:56:36.800000-04:00,12.438311576843262,0.8662122488021851,-11.572099685668945
2026-08-04T04:56:36.804000-04:00,12.433752059936523,0.8734608888626099,-11.560291290283203
2026-08-04T04:56:36.808000-04:00,12.430244445800781,0.8719409704208374,-11.558303833007812
2026-08-04T04:56:36.812000-04:00,12.444040298461914,0.896726667881012,-11.547313690185547
2026-08-04T04:56:36.816000-04:00,12.453042984008789,0.9022215604782104,-11.550821304321289
2026-08-04T04:56:36.820000-04:00,12.459356307983398,0.9052613377571106,-11.554095268249512
2026-08-04T04:56:36.824000-04:00,12.456433296203613,0.9170696139335632,-11.539363861083984
2026-08-04T04:56:36.828000-04:00,12.455381393432617,0.924318253993988,-11.531063079833984
2026-08-04T04:56:36.832000-04:00,12.474087715148926,0.9447780847549438,-11.529309272766113
2026-08-04T04:56:36.836000-04:00,12.481452941894531,0.9547157287597656,-11.526737213134766
2026-08-04T04:56:36.840000-04:00,12.487064361572266,0.9835934042930603,-11.503471374511719
2026-08-04T04:56:36.844000-04:00,12.489169120788574,0.9874515533447266,-11.501717567443848
2026-08-04T04:56:36.848000-04:00,12.495599746704102,0.9917773604393005,-11.503822326660156
2026-08-04T04:56:36.852000-04:00,12.51477336883545,1.012471079826355,-11.502302169799805
2026-08-04T04:56:36.856000-04:00,12.530439376831055,1.0420501232147217,-11.488389015197754
2026-08-04T04:56:36.860000-04:00,12.5452880859375,1.075721263885498,-11.469566345214844
2026-08-04T04:56:36.864000-04:00,12.558148384094238,1.0974671840667725,-11.460680961608887
2026-08-04T04:56:36.868000-04:00,12.567267417907715,1.1271631717681885,-11.440104484558105
2026-08-04T04:56:36.872000-04:00,12.587843894958496,1.1747469902038574,-11.413097381591797
2026-08-04T04:56:36.876000-04:00,12.60315990447998,1.1748639345169067,-11.428296089172363
2026-08-04T04:56:36.880000-04:00,12.627477645874023,1.2375295162200928,-11.389947891235352
2026-08-04T04:56:36.884000-04:00,12.639519691467285,1.2652380466461182,-11.374281883239746
2026-08-04T04:56:36.888000-04:00,12.649224281311035,1.2971553802490234,-11.352068901062012
2026-08-04T04:56:36.892000-04:00,12.666293144226074,1.3129388093948364,-11.353354454040527
2026-08-04T04:56:36.896000-04:00,12.684414863586426,1.3339831829071045,-11.350431442260742
2026-08-04T04:56:36.900000-04:00,12.69587230682373,1.3641468286514282,-11.331725120544434
2026-08-04T04:56:36.904000-04:00,12.698210716247559,1.3704601526260376,-11.327750205993652
2026-08-04T04:56:36.908000-04:00,12.69411849975586,1.3649653196334839,-11.329153060913086
2026-08-04T04:56:36.912000-04:00,12.699262619018555,1.3697587251663208,-11.329504013061523
2026-08-04T04:56:36.916000-04:00,12.70218563079834,1.3698756694793701,-11.33230972290039
2026-08-04T04:56:36.920000-04:00,12.69411849975586,1.3637961149215698,-11.330322265625
2026-08-04T04:56:36.924000-04:00,12.676465034484863,1.3405303955078125,-11.33593463897705
2026-08-04T04:56:36.928000-04:00,12.66290283203125,1.3242794275283813,-11.338623046875
2026-08-04T04:56:36.932000-04:00,12.649340629577637,1.2853472232818604,-11.363993644714355
2026-08-04T04:56:36.936000-04:00,12.625958442687988,1.230865478515625,-11.395092964172363
2026-08-04T04:56:36.940000-04:00,12.610759735107422,1.2080672979354858,-11.402692794799805
2026-08-04T04:56:36.944000-04:00,12.583752632141113,1.1555731296539307,-11.428179740905762
2026-08-04T04:56:36.948000-04:00,12.555927276611328,1.1130166053771973,-11.442911148071289
2026-08-04T04:56:36.952000-04:00,12.529153823852539,1.0595871210098267,-11.469566345214844
2026-08-04T04:56:36.956000-04:00,12.518046379089355,1.0369060039520264,-11.48114013671875
2026-08-04T04:56:36.960000-04:00,12.496768951416016,0.9997274279594421,-11.497041702270508
2026-08-04T04:56:36.964000-04:00,12.477828979492188,0.9563525319099426,-11.521476745605469
2026-08-04T04:56:36.968000-04:00,12.441117286682129,0.9322683811187744,-11.508849143981934
2026-08-04T04:56:36.972000-04:00,12.431297302246094,0.8938038349151611,-11.537493705749512
2026-08-04T04:56:36.976000-04:00,12.428841590881348,0.8667967915534973,-11.562045097351074
2026-08-04T04:56:36.980000-04:00,12.412824630737305,0.8392052054405212,-11.573619842529297
2026-08-04T04:56:36.984000-04:00,12.4013671875,0.8255262970924377,-11.575840950012207
2026-08-04T04:56:36.988000-04:00,12.386519432067871,0.8084569573402405,-11.578062057495117
2026-08-04T04:56:36.992000-04:00,12.386869430541992,0.7982854843139648,-11.588583946228027
2026-08-04T04:56:36.996000-04:00,12.373190879821777,0.7746689319610596,-11.598522186279297
2026-08-04T04:56:37-04:00,12.379036903381348,0.7753704190254211,-11.603666305541992
2026-08-04T04:56:37.004000-04:00,12.372957229614258,0.7673034071922302,-11.605653762817383
2026-08-04T04:56:37.008000-04:00,12.35214614868164,0.7725644707679749,-11.579581260681152
2026-08-04T04:56:37.012000-04:00,12.354718208312988,0.7671864628791809,-11.587532043457031
2026-08-04T04:56:37.016000-04:00,12.36430549621582,0.7495325207710266,-11.61477279663086
2026-08-04T04:56:37.020000-04:00,12.354952812194824,0.75911945104599,-11.595833778381348
2026-08-04T04:56:37.024000-04:00,12.348054885864258,0.740997850894928,-11.607056617736816
2026-08-04T04:56:37.028000-04:00,12.342326164245605,0.7435699701309204,-11.598755836486816
2026-08-04T04:56:37.032000-04:00,12.351094245910645,0.7427515387535095,-11.608343124389648
2026-08-04T04:56:37.036000-04:00,12.351561546325684,0.7332815527915955,-11.618280410766602
2026-08-04T04:56:37.040000-04:00,12.3474702835083,0.7424008250236511,-11.605069160461426
2026-08-04T04:56:37.044000-04:00,12.338818550109863,0.7449728846549988,-11.59384536743164
2026-08-04T04:56:37.048000-04:00,12.343260765075684,0.7401794791221619,-11.603081703186035
2026-08-04T04:56:37.052000-04:00,12.342442512512207,0.7284880876541138,-11.613954544067383
2026-08-04T04:56:37.056000-04:00,12.34770393371582,0.7398287057876587,-11.607874870300293
2026-08-04T04:56:37.060000-04:00,12.354601860046387,0.7598209381103516,-11.594780921936035
2026-08-04T04:56:37.064000-04:00,12.354835510253906,0.7680048942565918,-11.586830139160156
2026-08-04T04:56:37.068000-04:00,12.350626945495605,0.778877854347229,-11.571748733520508
2026-08-04T04:56:37.072000-04:00,12.357758522033691,0.778877854347229,-11.578880310058594
2026-08-04T04:56:37.076000-04:00,12.362200736999512,0.7825021743774414,-11.57969856262207
2026-08-04T04:56:37.080000-04:00,12.362902641296387,0.7802807688713074,-11.582621574401855
2026-08-04T04:56:37.084000-04:00,12.358694076538086,0.790452241897583,-11.568242073059082
2026-08-04T04:56:37.088000-04:00,12.359512329101562,0.8065863251686096,-11.552926063537598
2026-08-04T04:56:37.092000-04:00,12.360681533813477,0.7972332239151001,-11.563447952270508
2026-08-04T04:56:37.096000-04:00,12.369333267211914,0.8051833510398865,-11.564149856567383
2026-08-04T04:56:37.100000-04:00,12.377750396728516,0.82505863904953,-11.552691459655762
2026-08-04T04:56:37.104000-04:00,12.367813110351562,0.8332425951957703,-11.534570693969727
2026-08-04T04:56:37.108000-04:00,12.359979629516602,0.8374515175819397,-11.522527694702148
2026-08-04T04:56:37.112000-04:00,12.369449615478516,0.8587297797203064,-11.510720252990723
2026-08-04T04:56:37.116000-04:00,12.381375312805176,0.8437648415565491,-11.537610054016113
2026-08-04T04:56:37.120000-04:00,12.38114070892334,0.8489090204238892,-11.532231330871582
2026-08-04T04:56:37.124000-04:00,12.374126434326172,0.8690181374549866,-11.505107879638672
2026-08-04T04:56:37.128000-04:00,12.366410255432129,0.8659784197807312,-11.500432014465332
2026-08-04T04:56:37.132000-04:00,12.368982315063477,0.8622371554374695,-11.506745338439941
2026-08-04T04:56:37.136000-04:00,12.375295639038086,0.8614187836647034,-11.513876914978027
2026-08-04T04:56:37.140000-04:00,12.376581192016602,0.8653938174247742,-11.511187553405762
2026-08-04T04:56:37.144000-04:00,12.375996589660645,0.8542870283126831,-11.521709442138672
2026-08-04T04:56:37.148000-04:00,12.36617660522461,0.8458693027496338,-11.520307540893555
2026-08-04T04:56:37.152000-04:00,12.373659133911133,0.85183185338974,-11.521827697753906
2026-08-04T04:56:37.156000-04:00,12.388389587402344,0.8547546863555908,-11.533635139465332
2026-08-04T04:56:37.160000-04:00,12.375529289245605,0.8404912352561951,-11.535037994384766
2026-08-04T04:56:37.164000-04:00,12.369683265686035,0.8244740962982178,-11.545208930969238
2026-08-04T04:56:37.168000-04:00,12.36453914642334,0.8305535912513733,-11.533985137939453
2026-08-04T04:56:37.172000-04:00,12.374009132385254,0.8382698893547058,-11.535738945007324
2026-08-04T04:56:37.176000-04:00,12.375178337097168,0.8430633544921875,-11.53211498260498
2026-08-04T04:56:37.180000-04:00,12.37646484375,0.8462200164794922,-11.530244827270508
2026-08-04T04:56:37.184000-04:00,12.367695808410645,0.8461030721664429,-11.52159309387207
2026-08-04T04:56:37.188000-04:00,12.357758522033691,0.8061186671257019,-11.551639556884766
2026-08-04T04:56:37.192000-04:00,12.364422798156738,0.8017928600311279,-11.562629699707031
2026-08-04T04:56:37.196000-04:00,12.376347541809082,0.8077554702758789,-11.568592071533203
2026-08-04T04:56:37.200000-04:00,12.3681640625,0.8060017824172974,-11.562162399291992
2026-08-04T04:56:37.204000-04:00,12.364890098571777,0.798051655292511,-11.566838264465332
2026-08-04T04:56:37.208000-04:00,12.358694076538086,0.7954795360565186,-11.563214302062988
2026-08-04T04:56:37.212000-04:00,12.358694076538086,0.7954795360565186,-11.563214302062988
2026-08-04T04:56:37.216000-04:00,12.373659133911133,0.8013252019882202,-11.572334289550781
2026-08-04T04:56:37.220000-04:00,12.372489929199219,0.7943103909492493,-11.578179359436035
2026-08-04T04:56:37.224000-04:00,12.364422798156738,0.7705769538879395,-11.59384536743164
2026-08-04T04:56:37.228000-04:00,12.358576774597168,0.766952633857727,-11.59162425994873
2026-08-04T04:56:37.232000-04:00,12.36009693145752,0.779930055141449,-11.580166816711426
2026-08-04T04:56:37.236000-04:00,12.35986328125,0.7636790871620178,-11.596183776855469
2026-08-04T04:56:37.240000-04:00,12.352848052978516,0.770226240158081,-11.582621574401855
2026-08-04T04:56:37.244000-04:00,12.35378360748291,0.7632114291191101,-11.590572357177734
2026-08-04T04:56:37.248000-04:00,12.351561546325684,0.777241051197052,-11.574320793151855
2026-08-04T04:56:37.252000-04:00,12.351912498474121,0.7711615562438965,-11.580751419067383
2026-08-04T04:56:37.256000-04:00,12.355186462402344,0.7692909240722656,-11.585895538330078
2026-08-04T04:56:37.260000-04:00,12.356706619262695,0.7625099420547485,-11.594196319580078
2026-08-04T04:56:37.264000-04:00,12.355186462402344,0.758534848690033,-11.596652030944824
2026-08-04T04:56:37.268000-04:00,12.348522186279297,0.7710446119308472,-11.57747745513916
2026-08-04T04:56:37.272000-04:00,12.35600471496582,0.7753704190254211,-11.580634117126465
2026-08-04T04:56:37.276000-04:00,12.359512329101562,0.7627437710762024,-11.596768379211426
2026-08-04T04:56:37.280000-04:00,12.369333267211914,0.7726814150810242,-11.596652030944824
2026-08-04T04:56:37.284000-04:00,12.38114070892334,0.8012083172798157,-11.57993221282959
2026-08-04T04:56:37.288000-04:00,12.365592002868652,0.8306705355644226,-11.534921646118164
2026-08-04T04:56:37.292000-04:00,12.354134559631348,0.8186284303665161,-11.535506248474121
2026-08-04T04:56:37.296000-04:00,12.375178337097168,0.8552223443984985,-11.5199556350708
2026-08-04T04:56:37.300000-04:00,12.372957229614258,0.8535855412483215,-11.51937198638916
2026-08-04T04:56:37.304000-04:00,12.376347541809082,0.8584959506988525,-11.517851829528809
2026-08-04T04:56:37.308000-04:00,12.370034217834473,0.9162511825561523,-11.45378303527832
2026-08-04T04:56:37.312000-04:00,12.34992504119873,0.9190571308135986,-11.430868148803711
2026-08-04T04:56:37.316000-04:00,12.348288536071777,0.9423229098320007,-11.405965805053711
2026-08-04T04:56:37.320000-04:00,12.35647201538086,0.932969868183136,-11.423501968383789
2026-08-04T04:56:37.324000-04:00,12.350275993347168,0.9422060251235962,-11.408069610595703
2026-08-04T04:56:37.328000-04:00,12.346534729003906,0.9480516910552979,-11.398483276367188
2026-08-04T04:56:37.332000-04:00,12.368631362915039,0.9362434148788452,-11.432388305664062
2026-08-04T04:56:37.336000-04:00,12.392481803894043,0.9294624328613281,-11.463019371032715
2026-08-04T04:56:37.340000-04:00,12.383947372436523,0.9032738208770752,-11.480673789978027
2026-08-04T04:56:37.344000-04:00,12.364890098571777,0.8454016447067261,-11.519488334655762
2026-08-04T04:56:37.348000-04:00,12.3640718460083,0.8438817262649536,-11.520190238952637
2026-08-04T04:56:37.352000-04:00,12.354952812194824,0.8171085715293884,-11.53784465789795
2026-08-04T04:56:37.356000-04:00,12.367462158203125,0.8174592852592468,-11.550003051757812
2026-08-04T04:56:37.360000-04:00,12.369449615478516,0.7789947390556335,-11.590455055236816
2026-08-04T04:56:37.364000-04:00,12.344429969787598,0.7429853677749634,-11.601444244384766
2026-08-04T04:56:37.368000-04:00,12.328880310058594,0.7473111748695374,-11.581568717956543
2026-08-04T04:56:37.372000-04:00,12.334375381469727,0.7289557456970215,-11.605419158935547
2026-08-04T04:56:37.376000-04:00,12.332856178283691,0.7277866005897522,-11.605069160461426
2026-08-04T04:56:37.380000-04:00,12.33987045288086,0.7192519307136536,-11.62061882019043
2026-08-04T04:56:37.384000-04:00,12.342910766601562,0.7274358868598938,-11.615474700927734
2026-08-04T04:56:37.388000-04:00,12.332036972045898,0.6984413266181946,-11.63359546661377
2026-08-04T04:56:37.392000-04:00,12.337766647338867,0.7038193345069885,-11.633947372436523
2026-08-04T04:56:37.396000-04:00,12.34349536895752,0.7084959149360657,-11.63499927520752
2026-08-04T04:56:37.400000-04:00,12.331453323364258,0.69832444190979,-11.633129119873047
2026-08-04T04:56:37.404000-04:00,12.32548999786377,0.6965706944465637,-11.62891960144043
2026-08-04T04:56:37.408000-04:00,12.322450637817383,0.7070929408073425,-11.615357398986816
2026-08-04T04:56:37.412000-04:00,12.327594757080078,0.7093142867088318,-11.618280410766602
2026-08-04T04:56:37.416000-04:00,12.332621574401855,0.7058069109916687,-11.626814842224121
2026-08-04T04:56:37.420000-04:00,12.33355712890625,0.7125878930091858,-11.62096881866455
2026-08-04T04:56:37.424000-04:00,12.298249244689941,0.7074436545372009,-11.590806007385254
2026-08-04T04:56:37.428000-04:00,12.277789115905762,0.736672043800354,-11.541116714477539
2026-08-04T04:56:37.432000-04:00,12.284687042236328,0.7843727469444275,-11.500314712524414
2026-08-04T04:56:37.436000-04:00,12.347236633300781,0.7577164769172668,-11.589520454406738
2026-08-04T04:56:37.440000-04:00,12.413291931152344,0.8136011362075806,-11.599690437316895
2026-08-04T04:56:37.444000-04:00,12.570775032043457,1.0443884134292603,-11.526386260986328
2026-08-04T04:56:37.448000-04:00,12.65904426574707,1.304871678352356,-11.354172706604004
2026-08-04T04:56:37.452000-04:00,12.61754035949707,1.925331711769104,-10.692208290100098
2026-08-04T04:56:37.456000-04:00,12.591585159301758,2.457054376602173,-10.134531021118164
2026-08-04T04:56:37.460000-04:00,12.500041961669922,3.072019577026367,-9.428022384643555
2026-08-04T04:56:37.464000-04:00,12.47116470336914,3.1145761013031006,-9.356588363647461
2026-08-04T04:56:37.468000-04:00,12.411304473876953,2.986555814743042,-9.424748420715332
2026-08-04T04:56:37.472000-04:00,12.35425090789795,2.326812744140625,-10.027438163757324
2026-08-04T04:56:37.476000-04:00,12.326776504516602,1.8924790620803833,-10.434297561645508
2026-08-04T04:56:37.480000-04:00,12.34817123413086,1.3300081491470337,-11.018162727355957
2026-08-04T04:56:37.484000-04:00,12.389442443847656,1.1282154321670532,-11.261226654052734
2026-08-04T04:56:37.488000-04:00,12.453510284423828,1.0533907413482666,-11.40011978149414
2026-08-04T04:56:37.492000-04:00,12.449769020080566,1.0008965730667114,-11.448872566223145
2026-08-04T04:56:37.496000-04:00,12.401951789855957,0.9201093316078186,-11.481842041015625
2026-08-04T04:56:37.500000-04:00,12.408966064453125,0.8844507336616516,-11.524515151977539
2026-08-04T04:56:37.504000-04:00,12.395872116088867,0.8676151633262634,-11.528257369995117
2026-08-04T04:56:37.508000-04:00,12.404056549072266,0.8482075333595276,-11.555849075317383
2026-08-04T04:56:37.512000-04:00,12.393767356872559,0.8296182751655579,-11.564148902893066
2026-08-04T04:56:37.516000-04:00,12.406744956970215,0.8153548240661621,-11.591390609741211
2026-08-04T04:56:37.520000-04:00,12.401834487915039,0.8121981620788574,-11.589635848999023
2026-08-04T04:56:37.524000-04:00,12.397041320800781,0.8071709275245667,-11.58987045288086
2026-08-04T04:56:37.528000-04:00,12.398210525512695,0.8139519095420837,-11.584259033203125
2026-08-04T04:56:37.532000-04:00,12.412590980529785,0.8162901401519775,-11.596301078796387
2026-08-04T04:56:37.536000-04:00,12.417150497436523,0.8247079253196716,-11.592442512512207
2026-08-04T04:56:37.540000-04:00,12.415863990783691,0.8344117403030396,-11.581452369689941
2026-08-04T04:56:37.544000-04:00,12.419488906860352,0.8334764242172241,-11.586012840270996
2026-08-04T04:56:37.548000-04:00,12.419020652770996,0.8399066925048828,-11.579113960266113
2026-08-04T04:56:37.552000-04:00,12.423697471618652,0.8510134816169739,-11.572684288024902
2026-08-04T04:56:37.556000-04:00,12.430244445800781,0.8538193702697754,-11.576425552368164
2026-08-04T04:56:37.560000-04:00,12.43234920501709,0.8694857954978943,-11.56286334991455
2026-08-04T04:56:37.564000-04:00,12.431764602661133,0.8648092746734619,-11.56695556640625
2026-08-04T04:56:37.568000-04:00,12.43211555480957,0.865627646446228,-11.566488265991211
2026-08-04T04:56:37.572000-04:00,12.442403793334961,0.876968264579773,-11.565435409545898
2026-08-04T04:56:37.576000-04:00,12.451406478881836,0.8911148309707642,-11.560291290283203
2026-08-04T04:56:37.580000-04:00,12.462162017822266,0.9080672860145569,-11.554094314575195
2026-08-04T04:56:37.584000-04:00,12.454328536987305,0.9272410869598389,-11.527087211608887
2026-08-04T04:56:37.588000-04:00,12.4635648727417,0.9196416735649109,-11.543923377990723
2026-08-04T04:56:37.592000-04:00,12.461577415466309,0.9417383670806885,-11.5198392868042
2026-08-04T04:56:37.596000-04:00,12.483206748962402,0.9627828001976013,-11.520423889160156
2026-08-04T04:56:37.600000-04:00,12.490805625915527,0.9768124222755432,-11.513993263244629
2026-08-04T04:56:37.604000-04:00,12.50238037109375,0.9789168238639832,-11.523463249206543
2026-08-04T04:56:37.608000-04:00,12.500977516174316,1.006508469581604,-11.494468688964844
2026-08-04T04:56:37.612000-04:00,12.519099235534668,1.0289558172225952,-11.490143775939941
2026-08-04T04:56:37.616000-04:00,12.542598724365234,1.0634453296661377,-11.479153633117676
2026-08-04T04:56:37.620000-04:00,12.540962219238281,1.0739675760269165,-11.466994285583496
2026-08-04T04:56:37.624000-04:00,12.563993453979492,1.1252925395965576,-11.438700675964355
2026-08-04T04:56:37.628000-04:00,12.571008682250977,1.1222528219223022,-11.448756217956543
2026-08-04T04:56:37.632000-04:00,12.587376594543457,1.1510134935379028,-11.436363220214844
2026-08-04T04:56:37.636000-04:00,12.618709564208984,1.1856199502944946,-11.433089256286621
2026-08-04T04:56:37.640000-04:00,12.625256538391113,1.2167189121246338,-11.408537864685059
2026-08-04T04:56:37.644000-04:00,12.633790969848633,1.2465318441390991,-11.387259483337402
2026-08-04T04:56:37.648000-04:00,12.649457931518555,1.2639520168304443,-11.385505676269531
2026-08-04T04:56:37.652000-04:00,12.668514251708984,1.296570897102356,-11.371943473815918
2026-08-04T04:56:37.656000-04:00,12.682894706726074,1.3234609365463257,-11.359434127807617
2026-08-04T04:56:37.660000-04:00,12.69587230682373,1.3315280675888062,-11.364344596862793
2026-08-04T04:56:37.664000-04:00,12.687104225158691,1.3400627374649048,-11.347041130065918
2026-08-04T04:56:37.668000-04:00,12.692481994628906,1.3280205726623535,-11.364461898803711
2026-08-04T04:56:37.672000-04:00,12.687337875366211,1.3523386716842651,-11.334999084472656
2026-08-04T04:56:37.676000-04:00,12.694820404052734,1.3406472206115723,-11.35417366027832
2026-08-04T04:56:37.680000-04:00,12.678686141967773,1.327436089515686,-11.351249694824219
2026-08-04T04:56:37.684000-04:00,12.66898250579834,1.3198366165161133,-11.349145889282227
2026-08-04T04:56:37.688000-04:00,12.642910957336426,1.295401692390442,-11.347509384155273
2026-08-04T04:56:37.692000-04:00,12.634259223937988,1.2723697423934937,-11.361889839172363
2026-08-04T04:56:37.696000-04:00,12.622333526611328,1.222213864326477,-11.40011978149414
2026-08-04T04:56:37.700000-04:00,12.581765174865723,1.175916075706482,-11.40584945678711
2026-08-04T04:56:37.704000-04:00,12.565513610839844,1.135697841644287,-11.429815292358398
2026-08-04T04:56:37.708000-04:00,12.532777786254883,1.0796962976455688,-11.453081130981445
2026-08-04T04:56:37.712000-04:00,12.522255897521973,1.0428684949874878,-11.479387283325195
2026-08-04T04:56:37.716000-04:00,12.513486862182617,1.0008965730667114,-11.512590408325195
2026-08-04T04:56:37.720000-04:00,12.482271194458008,0.9734219312667847,-11.508849143981934
2026-08-04T04:56:37.724000-04:00,12.463448524475098,0.9347235560417175,-11.528724670410156
2026-08-04T04:56:37.728000-04:00,12.44672966003418,0.9224476218223572,-11.524282455444336
2026-08-04T04:56:37.732000-04:00,12.430595397949219,0.8752145767211914,-11.555380821228027
2026-08-04T04:56:37.736000-04:00,12.416799545288086,0.8449339866638184,-11.57186508178711
2026-08-04T04:56:37.740000-04:00,12.408732414245605,0.8492597937583923,-11.559473037719727
2026-08-04T04:56:37.744000-04:00,12.383245468139648,0.7925567030906677,-11.590688705444336
2026-08-04T04:56:37.748000-04:00,12.382076263427734,0.8030789494514465,-11.578997611999512
2026-08-04T04:56:37.752000-04:00,12.375880241394043,0.7876463532447815,-11.588233947753906
2026-08-04T04:56:37.756000-04:00,12.377867698669434,0.7723307013511658,-11.605537414550781
2026-08-04T04:56:37.760000-04:00,12.369449615478516,0.7540921568870544,-11.615357398986816
2026-08-04T04:56:37.764000-04:00,12.367579460144043,0.7627437710762024,-11.604835510253906
2026-08-04T04:56:37.768000-04:00,12.354718208312988,0.7483633756637573,-11.606354713439941
2026-08-04T04:56:37.772000-04:00,12.360330581665039,0.7428684830665588,-11.617462158203125
2026-08-04T04:56:37.776000-04:00,12.364890098571777,0.7394779920578003,-11.625411987304688
2026-08-04T04:56:37.780000-04:00,12.356822967529297,0.73234623670578,-11.624476432800293
2026-08-04T04:56:37.784000-04:00,12.346885681152344,0.7277866005897522,-11.619098663330078
2026-08-04T04:56:37.788000-04:00,12.346768379211426,0.7332815527915955,-11.613487243652344
2026-08-04T04:56:37.792000-04:00,12.348755836486816,0.7344506978988647,-11.61430549621582
2026-08-04T04:56:37.796000-04:00,12.35986328125,0.7358536720275879,-11.62401008605957
2026-08-04T04:56:37.800000-04:00,12.35179615020752,0.7301248908042908,-11.621671676635742
2026-08-04T04:56:37.804000-04:00,12.34817123413086,0.7434530258178711,-11.604718208312988
2026-08-04T04:56:37.808000-04:00,12.344429969787598,0.7412316799163818,-11.603198051452637
2026-08-04T04:56:37.812000-04:00,12.33764934539795,0.7380750179290771,-11.599574089050293
2026-08-04T04:56:37.816000-04:00,12.352380752563477,0.7597039937973022,-11.592677116394043
2026-08-04T04:56:37.820000-04:00,12.35822582244873,0.7586517930030823,-11.599574089050293
2026-08-04T04:56:37.824000-04:00,12.350393295288086,0.7594701647758484,-11.590923309326172
2026-08-04T04:56:37.828000-04:00,12.341156959533691,0.7711615562438965,-11.569995880126953
2026-08-04T04:56:37.832000-04:00,12.348288536071777,0.7876463532447815,-11.56064224243164
2026-08-04T04:56:37.836000-04:00,12.363720893859863,0.7948949933052063,-11.568825721740723
2026-08-04T04:56:37.840000-04:00,12.364188194274902,0.7897508144378662,-11.574437141418457
2026-08-04T04:56:37.844000-04:00,12.353666305541992,0.8077554702758789,-11.545910835266113
2026-08-04T04:56:37.848000-04:00,12.35647201538086,0.8090415000915527,-11.547430038452148
2026-08-04T04:56:37.852000-04:00,12.36477279663086,0.8259939551353455,-11.538779258728027
2026-08-04T04:56:37.856000-04:00,12.375411987304688,0.8295013904571533,-11.545910835266113
2026-08-04T04:56:37.860000-04:00,12.37447738647461,0.838620662689209,-11.535856246948242
2026-08-04T04:56:37.864000-04:00,12.366643905639648,0.8410758376121521,-11.525568008422852
2026-08-04T04:56:37.868000-04:00,12.36652660369873,0.8392052054405212,-11.527321815490723
2026-08-04T04:56:37.872000-04:00,12.374360084533691,0.8539363145828247,-11.520423889160156
2026-08-04T04:56:37.876000-04:00,12.380322456359863,0.8556900024414062,-11.524632453918457
2026-08-04T04:56:37.880000-04:00,12.378334999084473,0.8685504794120789,-11.509784698486328
2026-08-04T04:56:37.884000-04:00,12.375646591186523,0.8646923303604126,-11.510953903198242
2026-08-04T04:56:37.888000-04:00,12.375411987304688,0.8650431036949158,-11.510369300842285
2026-08-04T04:56:37.892000-04:00,12.377165794372559,0.8595481514930725,-11.517617225646973
2026-08-04T04:56:37.896000-04:00,12.383712768554688,0.865627646446228,-11.518085479736328
2026-08-04T04:56:37.900000-04:00,12.379621505737305,0.8473891615867615,-11.532232284545898
2026-08-04T04:56:37.904000-04:00,12.384414672851562,0.8553392887115479,-11.529075622558594
2026-08-04T04:56:37.908000-04:00,12.367344856262207,0.8542870283126831,-11.513057708740234
2026-08-04T04:56:37.912000-04:00,12.375880241394043,0.850195050239563,-11.52568531036377
2026-08-04T04:56:37.916000-04:00,12.37868595123291,0.8479737043380737,-11.530712127685547
2026-08-04T04:56:37.920000-04:00,12.381375312805176,0.8500781655311584,-11.531296730041504
2026-08-04T04:56:37.924000-04:00,12.378218650817871,0.8368669152259827,-11.541351318359375
2026-08-04T04:56:37.928000-04:00,12.374009132385254,0.8291506171226501,-11.544858932495117
2026-08-04T04:56:37.932000-04:00,12.369800567626953,0.832073450088501,-11.537727355957031
2026-08-04T04:56:37.936000-04:00,12.38090705871582,0.8167577981948853,-11.564148902893066
2026-08-04T04:56:37.940000-04:00,12.379855155944824,0.8157055974006653,-11.564149856567383
2026-08-04T04:56:37.944000-04:00,12.372957229614258,0.8175762295722961,-11.555380821228027
2026-08-04T04:56:37.948000-04:00,12.364656448364258,0.8194468021392822,-11.545209884643555
2026-08-04T04:56:37.952000-04:00,12.375762939453125,0.8189791440963745,-11.556783676147461
2026-08-04T04:56:37.956000-04:00,12.378334999084473,0.8144195675849915,-11.563915252685547
2026-08-04T04:56:37.960000-04:00,12.370736122131348,0.808573842048645,-11.562162399291992
2026-08-04T04:56:37.964000-04:00,12.357524871826172,0.797467052936554,-11.560057640075684
2026-08-04T04:56:37.968000-04:00,12.358927726745605,0.8063524961471558,-11.55257511138916
2026-08-04T04:56:37.972000-04:00,12.36430549621582,0.8084569573402405,-11.555848121643066
2026-08-04T04:56:37.976000-04:00,12.367111206054688,0.800740659236908,-11.566370964050293
2026-08-04T04:56:37.980000-04:00,12.373659133911133,0.8005068302154541,-11.573152542114258
2026-08-04T04:56:37.984000-04:00,12.367111206054688,0.7830867171287537,-11.584024429321289
2026-08-04T04:56:37.988000-04:00,12.363720893859863,0.7840220332145691,-11.57969856262207
2026-08-04T04:56:37.992000-04:00,12.360915184020996,0.7882308959960938,-11.572684288024902
2026-08-04T04:56:37.996000-04:00,12.363369941711426,0.7862433791160583,-11.577126502990723
2026-08-04T04:56:38-04:00,12.363487243652344,0.7945442199707031,-11.56894302368164
2026-08-04T04:56:38.004000-04:00,12.365123748779297,0.7908030152320862,-11.574320793151855
2026-08-04T04:56:38.008000-04:00,12.354835510253906,0.7767733931541443,-11.578062057495117
2026-08-04T04:56:38.012000-04:00,12.357992172241211,0.7697585821151733,-11.588233947753906
2026-08-04T04:56:38.016000-04:00,12.366059303283691,0.7791116833686829,-11.586947441101074
2026-08-04T04:56:38.020000-04:00,12.361967086791992,0.7810992002487183,-11.580867767333984
2026-08-04T04:56:38.024000-04:00,12.356940269470215,0.7770072221755981,-11.579933166503906
2026-08-04T04:56:38.028000-04:00,12.354368209838867,0.7644974589347839,-11.58987045288086
2026-08-04T04:56:38.032000-04:00,12.353666305541992,0.7654327750205994,-11.588233947753906
2026-08-04T04:56:38.036000-04:00,12.370034217834473,0.7812160849571228,-11.588818550109863
2026-08-04T04:56:38.040000-04:00,12.365592002868652,0.7889323830604553,-11.576659202575684
2026-08-04T04:56:38.044000-04:00,12.366643905639648,0.792673647403717,-11.573969841003418
2026-08-04T04:56:38.048000-04:00,12.37623119354248,0.8303197622299194,-11.54591178894043
2026-08-04T04:56:38.052000-04:00,12.369917869567871,0.848090648651123,-11.521827697753906
2026-08-04T04:56:38.056000-04:00,12.374360084533691,0.8703042268753052,-11.504055976867676
2026-08-04T04:56:38.060000-04:00,12.37482738494873,0.8645754456520081,-11.510251998901367
2026-08-04T04:56:38.064000-04:00,12.365007400512695,0.871005654335022,-11.494001388549805
2026-08-04T04:56:38.068000-04:00,12.374242782592773,0.8862044215202332,-11.488038063049316
2026-08-04T04:56:38.072000-04:00,12.3681640625,0.9520267248153687,-11.4161376953125
2026-08-04T04:56:38.076000-04:00,12.361382484436035,0.9544818997383118,-11.406900405883789
2026-08-04T04:56:38.080000-04:00,12.357874870300293,0.939166247844696,-11.418708801269531
2026-08-04T04:56:38.084000-04:00,12.354134559631348,0.934022068977356,-11.420112609863281
2026-08-04T04:56:38.088000-04:00,12.349340438842773,0.9492208361625671,-11.40011978149414
2026-08-04T04:56:38.092000-04:00,12.364890098571777,0.9595091938972473,-11.405381202697754
2026-08-04T04:56:38.096000-04:00,12.392130851745605,0.9527282118797302,-11.43940258026123
2026-08-04T04:56:38.100000-04:00,12.392248153686523,0.9225645661354065,-11.469683647155762
2026-08-04T04:56:38.104000-04:00,12.381725311279297,0.9024553894996643,-11.479269981384277
2026-08-04T04:56:38.108000-04:00,12.371788024902344,0.8642246723175049,-11.507563591003418
2026-08-04T04:56:38.112000-04:00,12.373541831970215,0.8444663286209106,-11.529075622558594
2026-08-04T04:56:38.116000-04:00,12.376347541809082,0.832658052444458,-11.543689727783203
2026-08-04T04:56:38.120000-04:00,12.372021675109863,0.8256432414054871,-11.546378135681152
2026-08-04T04:56:38.124000-04:00,12.352730751037598,0.7941935062408447,-11.558537483215332
2026-08-04T04:56:38.128000-04:00,12.33741569519043,0.7524553537368774,-11.584959983825684
2026-08-04T04:56:38.132000-04:00,12.330985069274902,0.7391272187232971,-11.59185791015625
2026-08-04T04:56:38.136000-04:00,12.335661888122559,0.7400625348091125,-11.595599174499512
2026-08-04T04:56:38.140000-04:00,12.3391695022583,0.7342168688774109,-11.604952812194824
2026-08-04T04:56:38.144000-04:00,12.32946491241455,0.716913640499115,-11.61255168914795
2026-08-04T04:56:38.148000-04:00,12.327127456665039,0.7240453958511353,-11.603081703186035
2026-08-04T04:56:38.152000-04:00,12.339519500732422,0.7123540639877319,-11.627165794372559
2026-08-04T04:56:38.156000-04:00,12.337064743041992,0.7170305848121643,-11.620034217834473
2026-08-04T04:56:38.160000-04:00,12.33110237121582,0.7130555510520935,-11.618046760559082
2026-08-04T04:56:38.164000-04:00,12.31286334991455,0.7093142867088318,-11.603549003601074
2026-08-04T04:56:38.168000-04:00,12.317072868347168,0.7093142867088318,-11.607758522033691
2026-08-04T04:56:38.172000-04:00,12.327010154724121,0.7135231494903564,-11.613487243652344
2026-08-04T04:56:38.176000-04:00,12.327010154724121,0.7155107259750366,-11.611499786376953
2026-08-04T04:56:38.180000-04:00,12.327127456665039,0.702065646648407,-11.625061988830566
2026-08-04T04:56:38.184000-04:00,12.309356689453125,0.7151599526405334,-11.594196319580078
2026-08-04T04:56:38.188000-04:00,12.282699584960938,0.7308263778686523,-11.551873207092285
2026-08-04T04:56:38.192000-04:00,12.266098022460938,0.7463758587837219,-11.519721984863281
2026-08-04T04:56:38.196000-04:00,12.303977966308594,0.7883478403091431,-11.515629768371582
2026-08-04T04:56:38.200000-04:00,12.371203422546387,0.7794623970985413,-11.591740608215332
2026-08-04T04:56:38.204000-04:00,12.451991081237793,0.8693689107894897,-11.582622528076172
2026-08-04T04:56:38.208000-04:00,12.614150047302246,1.1418943405151367,-11.47225570678711
2026-08-04T04:56:38.212000-04:00,12.646651268005371,1.4603667259216309,-11.186285018920898
2026-08-04T04:56:38.216000-04:00,12.595443725585938,2.188971757888794,-10.406472206115723
2026-08-04T04:56:38.220000-04:00,12.549029350280762,2.702572822570801,-9.846456527709961
2026-08-04T04:56:38.224000-04:00,12.460291862487793,3.1413493156433105,-9.31894302368164
2026-08-04T04:56:38.228000-04:00,12.408498764038086,3.134451389312744,-9.2740478515625
2026-08-04T04:56:38.232000-04:00,12.372489929199219,2.8685898780822754,-9.503900527954102
2026-08-04T04:56:38.236000-04:00,12.350860595703125,2.1583404541015625,-10.192520141601562
2026-08-04T04:56:38.240000-04:00,12.363253593444824,1.7694860696792603,-10.593767166137695
2026-08-04T04:56:38.244000-04:00,12.38499927520752,1.2140299081802368,-11.170969009399414
2026-08-04T04:56:38.248000-04:00,12.427556037902832,1.1192131042480469,-11.308342933654785
2026-08-04T04:56:38.252000-04:00,12.45923900604248,1.056430459022522,-11.40280818939209
2026-08-04T04:56:38.256000-04:00,12.4221773147583,1.0090805292129517,-11.41309642791748
2026-08-04T04:56:38.260000-04:00,12.40744686126709,0.917537271976471,-11.489909172058105
2026-08-04T04:56:38.264000-04:00,12.395872116088867,0.8884257674217224,-11.5074462890625
2026-08-04T04:56:38.268000-04:00,12.390026092529297,0.8615356683731079,-11.52849006652832
2026-08-04T04:56:38.272000-04:00,12.401249885559082,0.8478568196296692,-11.553393363952637
2026-08-04T04:56:38.276000-04:00,12.41188907623291,0.8439986705780029,-11.567890167236328
2026-08-04T04:56:38.280000-04:00,12.400315284729004,0.8344117403030396,-11.565903663635254
2026-08-04T04:56:38.284000-04:00,12.39505386352539,0.8305535912513733,-11.564499855041504
2026-08-04T04:56:38.288000-04:00,12.397976875305176,0.826695442199707,-11.571281433105469
2026-08-04T04:56:38.292000-04:00,12.400665283203125,0.8249417543411255,-11.575723648071289
2026-08-04T04:56:38.296000-04:00,12.424165725708008,0.8324242234230042,-11.591741561889648
2026-08-04T04:56:38.300000-04:00,12.419137954711914,0.8403743505477905,-11.578763961791992
2026-08-04T04:56:38.304000-04:00,12.413409233093262,0.8432971835136414,-11.570112228393555
2026-08-04T04:56:38.308000-04:00,12.408849716186523,0.8591974377632141,-11.549652099609375
2026-08-04T04:56:38.312000-04:00,12.419839859008789,0.8624709844589233,-11.557369232177734
2026-08-04T04:56:38.316000-04:00,12.437610626220703,0.8611849546432495,-11.576425552368164
2026-08-04T04:56:38.320000-04:00,12.42849063873291,0.8805925846099854,-11.547898292541504
2026-08-04T04:56:38.324000-04:00,12.428725242614746,0.8804756999015808,-11.548249244689941
2026-08-04T04:56:38.328000-04:00,12.434103012084961,0.8955575227737427,-11.538545608520508
2026-08-04T04:56:38.332000-04:00,12.448015213012695,0.9047936797142029,-11.543221473693848
2026-08-04T04:56:38.336000-04:00,12.451171875,0.9163681268692017,-11.53480339050293
2026-08-04T04:56:38.340000-04:00,12.457135200500488,0.9109901189804077,-11.54614543914795
2026-08-04T04:56:38.344000-04:00,12.451406478881836,0.939166247844696,-11.512240409851074
2026-08-04T04:56:38.348000-04:00,12.451873779296875,0.9320345520973206,-11.5198392868042
2026-08-04T04:56:38.352000-04:00,12.470813751220703,0.9665240049362183,-11.504289627075195
2026-08-04T04:56:38.356000-04:00,12.480050086975098,0.9682776927947998,-11.511772155761719
2026-08-04T04:56:38.360000-04:00,12.47993278503418,0.9909589290618896,-11.488973617553711
2026-08-04T04:56:38.364000-04:00,12.47946548461914,1.0077944993972778,-11.471671104431152
2026-08-04T04:56:38.368000-04:00,12.481452941894531,1.003468632698059,-11.477984428405762
2026-08-04T04:56:38.372000-04:00,12.509980201721191,1.024279236793518,-11.485700607299805
2026-08-04T04:56:38.376000-04:00,12.523307800292969,1.0500003099441528,-11.473307609558105
2026-08-04T04:56:38.380000-04:00,12.529972076416016,1.0820345878601074,-11.44793701171875
2026-08-04T04:56:38.384000-04:00,12.54142951965332,1.1020268201828003,-11.43940258026123
2026-08-04T04:56:38.388000-04:00,12.553471565246582,1.1323074102401733,-11.421164512634277
2026-08-04T04:56:38.392000-04:00,12.575685501098633,1.1617696285247803,-11.413915634155273
2026-08-04T04:56:38.396000-04:00,12.60140609741211,1.204676866531372,-11.396729469299316
2026-08-04T04:56:38.400000-04:00,12.610525131225586,1.2305147647857666,-11.380010604858398
2026-08-04T04:56:38.404000-04:00,12.623269081115723,1.2503900527954102,-11.372879028320312
2026-08-04T04:56:38.408000-04:00,12.636480331420898,1.2827750444412231,-11.353705406188965
2026-08-04T04:56:38.412000-04:00,12.65436840057373,1.3070931434631348,-11.347274780273438
2026-08-04T04:56:38.416000-04:00,12.680322647094727,1.3309434652328491,-11.349379539489746
2026-08-04T04:56:38.420000-04:00,12.691546440124512,1.3367891311645508,-11.354757308959961
2026-08-04T04:56:38.424000-04:00,12.676581382751465,1.3514033555984497,-11.325178146362305
2026-08-04T04:56:38.428000-04:00,12.687454223632812,1.3736169338226318,-11.313837051391602
2026-08-04T04:56:38.432000-04:00,12.686869621276855,1.3720970153808594,-11.314772605895996
2026-08-04T04:56:38.436000-04:00,12.697275161743164,1.367303490638733,-11.329971313476562
2026-08-04T04:56:38.440000-04:00,12.686051368713379,1.3689403533935547,-11.317111015319824
2026-08-04T04:56:38.444000-04:00,12.665241241455078,1.3380751609802246,-11.327165603637695
2026-08-04T04:56:38.448000-04:00,12.65658950805664,1.325682282447815,-11.330906867980957
2026-08-04T04:56:38.452000-04:00,12.649807929992676,1.3076776266098022,-11.342130661010742
2026-08-04T04:56:38.456000-04:00,12.637649536132812,1.2695637941360474,-11.368085861206055
2026-08-04T04:56:38.460000-04:00,12.607836723327637,1.2233830690383911,-11.384453773498535
2026-08-04T04:56:38.464000-04:00,12.57287883758545,1.181878685951233,-11.390999794006348
2026-08-04T04:56:38.468000-04:00,12.55604362487793,1.140842080116272,-11.415201187133789
2026-08-04T04:56:38.472000-04:00,12.534998893737793,1.0820345878601074,-11.452964782714844
2026-08-04T04:56:38.476000-04:00,12.515591621398926,1.0459083318710327,-11.469683647155762
2026-08-04T04:56:38.480000-04:00,12.495131492614746,1.0190181732177734,-11.476113319396973
2026-08-04T04:56:38.484000-04:00,12.47549057006836,0.9741234183311462,-11.501367568969727
2026-08-04T04:56:38.488000-04:00,12.447314262390137,0.9287609457969666,-11.518553733825684
2026-08-04T04:56:38.492000-04:00,12.43258285522461,0.8912317156791687,-11.541351318359375
2026-08-04T04:56:38.496000-04:00,12.430595397949219,0.8970773816108704,-11.533517837524414
2026-08-04T04:56:38.500000-04:00,12.40966796875,0.8569760322570801,-11.552692413330078
2026-08-04T04:56:38.504000-04:00,12.392949104309082,0.8361654281616211,-11.556783676147461
2026-08-04T04:56:38.508000-04:00,12.378101348876953,0.8332425951957703,-11.544858932495117
2026-08-04T04:56:38.512000-04:00,12.378803253173828,0.8113797903060913,-11.567423820495605
2026-08-04T04:56:38.516000-04:00,12.374126434326172,0.7981685400009155,-11.575958251953125
2026-08-04T04:56:38.520000-04:00,12.37015151977539,0.7906860709190369,-11.579465866088867
2026-08-04T04:56:38.524000-04:00,12.359278678894043,0.7895169854164124,-11.569761276245117
2026-08-04T04:56:38.528000-04:00,12.35214614868164,0.7770072221755981,-11.575139045715332
2026-08-04T04:56:38.532000-04:00,12.351211547851562,0.7680048942565918,-11.583206176757812
2026-08-04T04:56:38.536000-04:00,12.357173919677734,0.7821514010429382,-11.57502269744873
2026-08-04T04:56:38.540000-04:00,12.350393295288086,0.778293251991272,-11.572099685668945
2026-08-04T04:56:38.544000-04:00,12.340923309326172,0.7594701647758484,-11.581453323364258
2026-08-04T04:56:38.548000-04:00,12.341507911682129,0.7566642761230469,-11.584843635559082
2026-08-04T04:56:38.552000-04:00,12.352263450622559,0.7644974589347839,-11.58776569366455
2026-08-04T04:56:38.556000-04:00,12.3474702835083,0.7662511467933655,-11.581218719482422
2026-08-04T04:56:38.560000-04:00,12.346534729003906,0.7683556079864502,-11.578179359436035
2026-08-04T04:56:38.564000-04:00,12.332387924194336,0.7538583278656006,-11.578529357910156
2026-08-04T04:56:38.568000-04:00,12.33987045288086,0.7667188048362732,-11.573151588439941
2026-08-04T04:56:38.572000-04:00,12.346183776855469,0.7682387232780457,-11.5779447555542
2026-08-04T04:56:38.576000-04:00,12.349106788635254,0.7715122699737549,-11.577594757080078
2026-08-04T04:56:38.580000-04:00,12.34548282623291,0.7758380770683289,-11.569644927978516
2026-08-04T04:56:38.584000-04:00,12.343378067016602,0.7892831563949585,-11.554095268249512
2026-08-04T04:56:38.588000-04:00,12.346301078796387,0.7861264944076538,-11.560174942016602
2026-08-04T04:56:38.592000-04:00,12.342910766601562,0.796414852142334,-11.54649543762207
2026-08-04T04:56:38.596000-04:00,12.35214614868164,0.8140687942504883,-11.538077354431152
2026-08-04T04:56:38.600000-04:00,12.351094245910645,0.8206159472465515,-11.530478477478027
2026-08-04T04:56:38.604000-04:00,12.350042343139648,0.7968825101852417,-11.553159713745117
2026-08-04T04:56:38.608000-04:00,12.343378067016602,0.8125489354133606,-11.530829429626465
2026-08-04T04:56:38.612000-04:00,12.350977897644043,0.8258770704269409,-11.525100708007812
2026-08-04T04:56:38.616000-04:00,12.35647201538086,0.8289167881011963,-11.527555465698242
2026-08-04T04:56:38.620000-04:00,12.35647201538086,0.8352301716804504,-11.521242141723633
2026-08-04T04:56:38.624000-04:00,12.351678848266602,0.8498443365097046,-11.501834869384766
2026-08-04T04:56:38.628000-04:00,12.354134559631348,0.8498443365097046,-11.504290580749512
2026-08-04T04:56:38.632000-04:00,12.362200736999512,0.8566253185272217,-11.505575180053711
2026-08-04T04:56:38.636000-04:00,12.368982315063477,0.8510134816169739,-11.517969131469727
2026-08-04T04:56:38.640000-04:00,12.36652660369873,0.8652769327163696,-11.501249313354492
2026-08-04T04:56:38.644000-04:00,12.363838195800781,0.8631724715232849,-11.500665664672852
2026-08-04T04:56:38.648000-04:00,12.368280410766602,0.862938642501831,-11.505341529846191
2026-08-04T04:56:38.652000-04:00,12.363487243652344,0.8487921357154846,-11.514695167541504
2026-08-04T04:56:38.656000-04:00,12.37283992767334,0.8752145767211914,-11.497625350952148
2026-08-04T04:56:38.660000-04:00,12.36430549621582,0.859431266784668,-11.504874229431152
2026-08-04T04:56:38.664000-04:00,12.36255168914795,0.8604834675788879,-11.502068519592285
2026-08-04T04:56:38.668000-04:00,12.366877555847168,0.857794463634491,-11.509082794189453
2026-08-04T04:56:38.672000-04:00,12.3681640625,0.8580282926559448,-11.510135650634766
2026-08-04T04:56:38.676000-04:00,12.369449615478516,0.8493766784667969,-11.520072937011719
2026-08-04T04:56:38.680000-04:00,12.37447738647461,0.8416603803634644,-11.532816886901855
2026-08-04T04:56:38.684000-04:00,12.36208438873291,0.8381530046463013,-11.523931503295898
2026-08-04T04:56:38.688000-04:00,12.361733436584473,0.8411927223205566,-11.520540237426758
2026-08-04T04:56:38.692000-04:00,12.369449615478516,0.841309666633606,-11.5281400680542
2026-08-04T04:56:38.696000-04:00,12.369098663330078,0.8358147144317627,-11.533284187316895
2026-08-04T04:56:38.700000-04:00,12.371554374694824,0.8295013904571533,-11.54205322265625
2026-08-04T04:56:38.704000-04:00,12.355069160461426,0.8221358060836792,-11.532933235168457
2026-08-04T04:56:38.708000-04:00,12.356706619262695,0.8189791440963745,-11.537727355957031
2026-08-04T04:56:38.712000-04:00,12.363720893859863,0.8167577981948853,-11.54696273803711
2026-08-04T04:56:38.716000-04:00,12.358343124389648,0.8036634922027588,-11.554679870605469
2026-08-04T04:56:38.720000-04:00,12.365357398986816,0.8113797903060913,-11.553977966308594
2026-08-04T04:56:38.724000-04:00,12.355186462402344,0.809158444404602,-11.546028137207031
2026-08-04T04:56:38.728000-04:00,12.356355667114258,0.7940765619277954,-11.562278747558594
2026-08-04T04:56:38.732000-04:00,12.353081703186035,0.7863603234291077,-11.566720962524414
2026-08-04T04:56:38.736000-04:00,12.36430549621582,0.7965317964553833,-11.567773818969727
2026-08-04T04:56:38.740000-04:00,12.363019943237305,0.7899845838546753,-11.57303524017334
2026-08-04T04:56:38.744000-04:00,12.348522186279297,0.7915045022964478,-11.55701732635498
2026-08-04T04:56:38.748000-04:00,12.345365524291992,0.7905691862106323,-11.55479621887207
2026-08-04T04:56:38.752000-04:00,12.358927726745605,0.787763237953186,-11.57116413116455
2026-08-04T04:56:38.756000-04:00,12.369449615478516,0.7849573493003845,-11.584492683410645
2026-08-04T04:56:38.760000-04:00,12.360330581665039,0.7954795360565186,-11.564850807189941
2026-08-04T04:56:38.764000-04:00,12.342910766601562,0.784255862236023,-11.55865478515625
2026-08-04T04:56:38.768000-04:00,12.351094245910645,0.7839050889015198,-11.56718921661377
2026-08-04T04:56:38.772000-04:00,12.351561546325684,0.7761887907981873,-11.575372695922852
2026-08-04T04:56:38.776000-04:00,12.359512329101562,0.7784101963043213,-11.58110237121582
2026-08-04T04:56:38.780000-04:00,12.353666305541992,0.7836712598800659,-11.569994926452637
2026-08-04T04:56:38.784000-04:00,12.349574089050293,0.779930055141449,-11.5696439743042
2026-08-04T04:56:38.788000-04:00,12.343378067016602,0.7674202919006348,-11.575958251953125
2026-08-04T04:56:38.792000-04:00,12.356122016906738,0.7646144032478333,-11.591507911682129
2026-08-04T04:56:38.796000-04:00,12.360213279724121,0.7724475860595703,-11.58776569366455
2026-08-04T04:56:38.800000-04:00,12.351561546325684,0.7557289600372314,-11.595832824707031
2026-08-04T04:56:38.804000-04:00,12.343962669372559,0.7559627890586853,-11.588000297546387
2026-08-04T04:56:38.808000-04:00,12.344196319580078,0.7609900832176208,-11.583206176757812
2026-08-04T04:56:38.812000-04:00,12.35015869140625,0.7660173177719116,-11.584141731262207
2026-08-04T04:56:38.816000-04:00,12.348404884338379,0.7529230117797852,-11.595481872558594
2026-08-04T04:56:38.820000-04:00,12.339987754821777,0.7625099420547485,-11.57747745513916
2026-08-04T04:56:38.824000-04:00,12.345832824707031,0.7722137570381165,-11.57361888885498
2026-08-04T04:56:38.828000-04:00,12.340338706970215,0.7563135027885437,-11.584025382995605
2026-08-04T04:56:38.832000-04:00,12.348755836486816,0.7433361411094666,-11.605420112609863
2026-08-04T04:56:38.836000-04:00,12.345131874084473,0.7441545128822327,-11.600976943969727
2026-08-04T04:56:38.840000-04:00,12.341390609741211,0.7463758587837219,-11.595014572143555
2026-08-04T04:56:38.844000-04:00,12.342793464660645,0.7484803199768066,-11.59431266784668
2026-08-04T04:56:38.848000-04:00,12.332856178283691,0.755845844745636,-11.577010154724121
2026-08-04T04:56:38.852000-04:00,12.3474702835083,0.7615746259689331,-11.585895538330078
2026-08-04T04:56:38.856000-04:00,12.35214614868164,0.7440376281738281,-11.608108520507812
2026-08-04T04:56:38.860000-04:00,12.342208862304688,0.7551443576812744,-11.587064743041992
2026-08-04T04:56:38.864000-04:00,12.33764934539795,0.7489479780197144,-11.588701248168945
2026-08-04T04:56:38.868000-04:00,12.332856178283691,0.7455574870109558,-11.587298393249512
2026-08-04T04:56:38.872000-04:00,12.345014572143555,0.7597039937973022,-11.585310935974121
2026-08-04T04:56:38.876000-04:00,12.335895538330078,0.7606393098831177,-11.57525634765625
2026-08-04T04:56:38.880000-04:00,12.347586631774902,0.7656666040420532,-11.58191967010498
2026-08-04T04:56:38.884000-04:00,12.346534729003906,0.7633283138275146,-11.583206176757812
2026-08-04T04:56:38.888000-04:00,12.365708351135254,0.7962979674339294,-11.56941032409668
2026-08-04T04:56:38.892000-04:00,12.362200736999512,0.8126658201217651,-11.549534797668457
2026-08-04T04:56:38.896000-04:00,12.361031532287598,0.8233049511909485,-11.537726402282715
2026-08-04T04:56:38.900000-04:00,12.356940269470215,0.8388544917106628,-11.518085479736328
2026-08-04T04:56:38.904000-04:00,12.355887413024902,0.8361654281616211,-11.519721984863281
2026-08-04T04:56:38.908000-04:00,12.370034217834473,0.8741623163223267,-11.495871543884277
2026-08-04T04:56:38.912000-04:00,12.379387855529785,0.9240844249725342,-11.455303192138672
2026-08-04T04:56:38.916000-04:00,12.348873138427734,0.9150820970535278,-11.433791160583496
2026-08-04T04:56:38.920000-04:00,12.339285850524902,0.9166019558906555,-11.422683715820312
2026-08-04T04:56:38.924000-04:00,12.33741569519043,0.8962590098381042,-11.441156387329102
2026-08-04T04:56:38.928000-04:00,12.339285850524902,0.9174203276634216,-11.421865463256836
2026-08-04T04:56:38.932000-04:00,12.345131874084473,0.9171864986419678,-11.427945137023926
2026-08-04T04:56:38.936000-04:00,12.376815795898438,0.9229152798652649,-11.453900337219238
2026-08-04T04:56:38.940000-04:00,12.382894515991211,0.903507649898529,-11.479387283325195
2026-08-04T04:56:38.944000-04:00,12.364422798156738,0.8614187836647034,-11.50300407409668
2026-08-04T04:56:38.948000-04:00,12.351094245910645,0.8312550783157349,-11.5198392868042
2026-08-04T04:56:38.952000-04:00,12.361266136169434,0.8084569573402405,-11.55280876159668
2026-08-04T04:56:38.956000-04:00,12.369683265686035,0.8045988082885742,-11.565084457397461
2026-08-04T04:56:38.960000-04:00,12.34595012664795,0.7835543751716614,-11.562396049499512
2026-08-04T04:56:38.964000-04:00,12.335310935974121,0.7550274729728699,-11.580283164978027
2026-08-04T04:56:38.968000-04:00,12.332972526550293,0.7418162226676941,-11.591156005859375
2026-08-04T04:56:38.972000-04:00,12.312045097351074,0.7103664875030518,-11.601678848266602
2026-08-04T04:56:38.976000-04:00,12.321281433105469,0.7082620859146118,-11.613018989562988
2026-08-04T04:56:38.980000-04:00,12.320463180541992,0.7088466286659241,-11.611616134643555
2026-08-04T04:56:38.984000-04:00,12.307134628295898,0.7056899666786194,-11.601444244384766
2026-08-04T04:56:38.988000-04:00,12.311928749084473,0.6975060105323792,-11.614422798156738
2026-08-04T04:56:38.992000-04:00,12.318709373474121,0.6881529688835144,-11.630556106567383
2026-08-04T04:56:38.996000-04:00,12.319293975830078,0.6936478614807129,-11.625646591186523
2026-08-04T04:56:39-04:00,12.314266204833984,0.6854639053344727,-11.628802299499512
2026-08-04T04:56:39.004000-04:00,12.299886703491211,0.6875683665275574,-11.61231803894043
2026-08-04T04:56:39.008000-04:00,12.307134628295898,0.6817227005958557,-11.625411987304688
2026-08-04T04:56:39.012000-04:00,12.307251930236816,0.685580849647522,-11.621670722961426
2026-08-04T04:56:39.016000-04:00,12.31274700164795,0.7017149329185486,-11.611032485961914
2026-08-04T04:56:39.020000-04:00,12.305615425109863,0.6957523226737976,-11.60986328125
2026-08-04T04:56:39.024000-04:00,12.29427433013916,0.7015979886054993,-11.592676162719727
2026-08-04T04:56:39.028000-04:00,12.270190238952637,0.7250975966453552,-11.545092582702637
2026-08-04T04:56:39.032000-04:00,12.24669075012207,0.7611069679260254,-11.485584259033203
2026-08-04T04:56:39.036000-04:00,12.301405906677246,0.7746689319610596,-11.526737213134766
2026-08-04T04:56:39.040000-04:00,12.345599174499512,0.7568981051445007,-11.588701248168945
2026-08-04T04:56:39.044000-04:00,12.472918510437012,0.8941545486450195,-11.578763961791992
2026-08-04T04:56:39.048000-04:00,12.585973739624023,1.074552059173584,-11.511421203613281
2026-08-04T04:56:39.052000-04:00,12.605498313903809,1.5223308801651,-11.08316707611084
2026-08-04T04:56:39.056000-04:00,12.559551239013672,2.273266315460205,-10.286285400390625
2026-08-04T04:56:39.060000-04:00,12.497002601623535,2.754131555557251,-9.742871284484863
2026-08-04T04:56:39.064000-04:00,12.427087783813477,3.062081813812256,-9.365005493164062
2026-08-04T04:56:39.068000-04:00,12.387104034423828,3.086282968521118,-9.300821304321289
2026-08-04T04:56:39.072000-04:00,12.340338706970215,2.669603109359741,-9.670735359191895
2026-08-04T04:56:39.076000-04:00,12.333206176757812,2.184762716293335,-10.148443222045898
2026-08-04T04:56:39.080000-04:00,12.350509643554688,1.6226426362991333,-10.727867126464844
2026-08-04T04:56:39.084000-04:00,12.351211547851562,1.2098209857940674,-11.141390800476074
2026-08-04T04:56:39.088000-04:00,12.41574764251709,1.048363447189331,-11.36738395690918
2026-08-04T04:56:39.092000-04:00,12.432700157165527,0.9954016804695129,-11.437298774719238
2026-08-04T04:56:39.096000-04:00,12.382894515991211,0.940803050994873,-11.44209098815918
2026-08-04T04:56:39.100000-04:00,12.381258010864258,0.8822293877601624,-11.499028205871582
2026-08-04T04:56:39.104000-04:00,12.381608963012695,0.8678489923477173,-11.51375961303711
2026-08-04T04:56:39.108000-04:00,12.374593734741211,0.8425956964492798,-11.531997680664062
2026-08-04T04:56:39.112000-04:00,12.38722038269043,0.8333595395088196,-11.553860664367676
2026-08-04T04:56:39.116000-04:00,12.390026092529297,0.8280984163284302,-11.561927795410156
2026-08-04T04:56:39.120000-04:00,12.38698673248291,0.8119643330574036,-11.57502269744873
2026-08-04T04:56:39.124000-04:00,12.379737854003906,0.7981685400009155,-11.58156967163086
2026-08-04T04:56:39.128000-04:00,12.375295639038086,0.7917383313179016,-11.58355712890625
2026-08-04T04:56:39.132000-04:00,12.39084529876709,0.8051833510398865,-11.585661888122559
2026-08-04T04:56:39.136000-04:00,12.403939247131348,0.8086907863616943,-11.595248222351074
2026-08-04T04:56:39.140000-04:00,12.396456718444824,0.8069370985031128,-11.589519500732422
2026-08-04T04:56:39.144000-04:00,12.397041320800781,0.8207328915596008,-11.576308250427246
2026-08-04T04:56:39.148000-04:00,12.3972749710083,0.81886225938797,-11.578413009643555
2026-08-04T04:56:39.152000-04:00,12.407329559326172,0.8388544917106628,-11.568474769592285
2026-08-04T04:56:39.156000-04:00,12.417267799377441,0.8444663286209106,-11.57280158996582
2026-08-04T04:56:39.160000-04:00,12.422528266906738,0.8457523584365845,-11.576775550842285
2026-08-04T04:56:39.164000-04:00,12.41796875,0.8627048134803772,-11.55526351928711
2026-08-04T04:56:39.168000-04:00,12.418670654296875,0.8520656824111938,-11.566604614257812
2026-08-04T04:56:39.172000-04:00,12.429659843444824,0.868316650390625,-11.5613431930542
2026-08-04T04:56:39.176000-04:00,12.439364433288574,0.8760329484939575,-11.563331604003906
2026-08-04T04:56:39.180000-04:00,12.437844276428223,0.8776697516441345,-11.560174942016602
2026-08-04T04:56:39.184000-04:00,12.441819190979004,0.8949729204177856,-11.546846389770508
2026-08-04T04:56:39.188000-04:00,12.441351890563965,0.9085349440574646,-11.532816886901855
2026-08-04T04:56:39.192000-04:00,12.461811065673828,0.9426736831665039,-11.519137382507324
2026-08-04T04:56:39.196000-04:00,12.46917724609375,0.9382309317588806,-11.530946731567383
2026-08-04T04:56:39.200000-04:00,12.474321365356445,0.9519098401069641,-11.522411346435547
2026-08-04T04:56:39.204000-04:00,12.478062629699707,0.9706159830093384,-11.5074462890625
2026-08-04T04:56:39.208000-04:00,12.48987102508545,0.9941155910491943,-11.495755195617676
2026-08-04T04:56:39.212000-04:00,12.506706237792969,1.0063915252685547,-11.500314712524414
2026-08-04T04:56:39.216000-04:00,12.524009704589844,1.03000807762146,-11.494001388549805
2026-08-04T04:56:39.220000-04:00,12.529854774475098,1.0349184274673462,-11.494935989379883
2026-08-04T04:56:39.224000-04:00,12.541546821594238,1.068355679512024,-11.473191261291504
2026-08-04T04:56:39.228000-04:00,12.560954093933105,1.0884648561477661,-11.472489356994629
2026-08-04T04:56:39.232000-04:00,12.573698043823242,1.1026113033294678,-11.471086502075195
2026-08-04T04:56:39.236000-04:00,12.601639747619629,1.146804690361023,-11.454834938049316
2026-08-04T04:56:39.240000-04:00,12.61531925201416,1.1674983501434326,-11.447820663452148
2026-08-04T04:56:39.244000-04:00,12.630167007446289,1.206781268119812,-11.423385620117188
2026-08-04T04:56:39.248000-04:00,12.635193824768066,1.2257212400436401,-11.409472465515137
2026-08-04T04:56:39.252000-04:00,12.665825843811035,1.2602107524871826,-11.405614852905273
2026-08-04T04:56:39.256000-04:00,12.681609153747559,1.2804367542266846,-11.401172637939453
2026-08-04T04:56:39.260000-04:00,12.687454223632812,1.2892053127288818,-11.398248672485352
2026-08-04T04:56:39.264000-04:00,12.693533897399902,1.3130556344985962,-11.380477905273438
2026-08-04T04:56:39.268000-04:00,12.686869621276855,1.3277868032455444,-11.35908317565918
2026-08-04T04:56:39.272000-04:00,12.692832946777344,1.3246301412582397,-11.368203163146973
2026-08-04T04:56:39.276000-04:00,12.700782775878906,1.3366721868515015,-11.364110946655273
2026-08-04T04:56:39.280000-04:00,12.68979263305664,1.3157446384429932,-11.374048233032227
2026-08-04T04:56:39.284000-04:00,12.67751693725586,1.3014812469482422,-11.376035690307617
2026-08-04T04:56:39.288000-04:00,12.664772987365723,1.2955186367034912,-11.369254112243652
2026-08-04T04:56:39.292000-04:00,12.656121253967285,1.2869839668273926,-11.369136810302734
2026-08-04T04:56:39.296000-04:00,12.64653491973877,1.2709667682647705,-11.375568389892578
2026-08-04T04:56:39.300000-04:00,12.613448143005371,1.2140299081802368,-11.399417877197266
2026-08-04T04:56:39.304000-04:00,12.587843894958496,1.180008053779602,-11.407835960388184
2026-08-04T04:56:39.308000-04:00,12.56995677947998,1.1386207342147827,-11.431336402893066
2026-08-04T04:56:39.312000-04:00,12.554523468017578,1.1058849096298218,-11.448638916015625
2026-08-04T04:56:39.316000-04:00,12.529738426208496,1.047545075416565,-11.482192993164062
2026-08-04T04:56:39.320000-04:00,12.509511947631836,1.0116525888442993,-11.497859001159668
2026-08-04T04:56:39.324000-04:00,12.475606918334961,0.9734219312667847,-11.502184867858887
2026-08-04T04:56:39.328000-04:00,12.459356307983398,0.9265395998954773,-11.532816886901855
2026-08-04T04:56:39.332000-04:00,12.448249816894531,0.906196653842926,-11.54205322265625
2026-08-04T04:56:39.336000-04:00,12.426971435546875,0.8658614754676819,-11.56110954284668
2026-08-04T04:56:39.340000-04:00,12.413291931152344,0.8372176885604858,-11.576074600219727
2026-08-04T04:56:39.344000-04:00,12.380322456359863,0.8054171800613403,-11.574905395507812
2026-08-04T04:56:39.348000-04:00,12.37891960144043,0.8027281761169434,-11.576190948486328
2026-08-04T04:56:39.352000-04:00,12.379504203796387,0.7805145978927612,-11.598989486694336
2026-08-04T04:56:39.356000-04:00,12.36652660369873,0.7780594229698181,-11.588467597961426
2026-08-04T04:56:39.360000-04:00,12.362200736999512,0.7711615562438965,-11.591039657592773
2026-08-04T04:56:39.364000-04:00,12.340688705444336,0.7450898289680481,-11.595599174499512
2026-08-04T04:56:39.368000-04:00,12.339052200317383,0.7427515387535095,-11.596301078796387
2026-08-04T04:56:39.372000-04:00,12.34817123413086,0.7248637676239014,-11.623307228088379
2026-08-04T04:56:39.376000-04:00,12.351327896118164,0.7331646680831909,-11.618163108825684
2026-08-04T04:56:39.380000-04:00,12.339754104614258,0.7181997299194336,-11.621554374694824
2026-08-04T04:56:39.384000-04:00,12.334025382995605,0.7116525769233704,-11.6223726272583
2026-08-04T04:56:39.388000-04:00,12.33741569519043,0.7128217220306396,-11.624593734741211
2026-08-04T04:56:39.392000-04:00,12.343027114868164,0.7132893204689026,-11.629737854003906
2026-08-04T04:56:39.396000-04:00,12.342910766601562,0.7241622805595398,-11.618748664855957
2026-08-04T04:56:39.400000-04:00,12.341390609741211,0.737724244594574,-11.603666305541992
2026-08-04T04:56:39.404000-04:00,12.328763961791992,0.7340999245643616,-11.594663619995117
2026-08-04T04:56:39.408000-04:00,12.33156967163086,0.7247468829154968,-11.606822967529297
2026-08-04T04:56:39.412000-04:00,12.333206176757812,0.736672043800354,-11.59653377532959
2026-08-04T04:56:39.416000-04:00,12.338467597961426,0.745323657989502,-11.593143463134766
2026-08-04T04:56:39.420000-04:00,12.337064743041992,0.7336323261260986,-11.603432655334473
2026-08-04T04:56:39.424000-04:00,12.330634117126465,0.7379580736160278,-11.592676162719727
2026-08-04T04:56:39.428000-04:00,12.333089828491211,0.7584179639816284,-11.574671745300293
2026-08-04T04:56:39.432000-04:00,12.342793464660645,0.7577164769172668,-11.585077285766602
2026-08-04T04:56:39.436000-04:00,12.34349536895752,0.7532737851142883,-11.590221405029297
2026-08-04T04:56:39.440000-04:00,12.34162425994873,0.754793643951416,-11.586830139160156
2026-08-04T04:56:39.444000-04:00,12.343378067016602,0.765082061290741,-11.578295707702637
2026-08-04T04:56:39.448000-04:00,12.33718204498291,0.7732659578323364,-11.563916206359863
2026-08-04T04:56:39.452000-04:00,12.354601860046387,0.800740659236908,-11.553861618041992
2026-08-04T04:56:39.456000-04:00,12.359628677368164,0.7938427329063416,-11.565786361694336
2026-08-04T04:56:39.460000-04:00,12.354835510253906,0.7957133650779724,-11.559122085571289
2026-08-04T04:56:39.464000-04:00,12.344079971313477,0.7854250073432922,-11.55865478515625
2026-08-04T04:56:39.468000-04:00,12.350626945495605,0.7916213870048523,-11.559005737304688
2026-08-04T04:56:39.472000-04:00,12.363954544067383,0.8160563111305237,-11.547898292541504
2026-08-04T04:56:39.476000-04:00,12.357758522033691,0.8166409134864807,-11.541117668151855
2026-08-04T04:56:39.480000-04:00,12.356122016906738,0.8284491300582886,-11.52767276763916
2026-08-04T04:56:39.484000-04:00,12.351912498474121,0.8203821182250977,-11.531530380249023
2026-08-04T04:56:39.488000-04:00,12.346183776855469,0.8083400130271912,-11.537843704223633
2026-08-04T04:56:39.492000-04:00,12.360330581665039,0.8089246153831482,-11.551405906677246
2026-08-04T04:56:39.496000-04:00,12.373190879821777,0.8084569573402405,-11.564733505249023
2026-08-04T04:56:39.500000-04:00,12.365241050720215,0.8202652335166931,-11.544976234436035
2026-08-04T04:56:39.504000-04:00,12.363604545593262,0.8029620051383972,-11.56064224243164
2026-08-04T04:56:39.508000-04:00,12.359044075012207,0.79103684425354,-11.568007469177246
2026-08-04T04:56:39.512000-04:00,12.367579460144043,0.7979347109794617,-11.569644927978516
2026-08-04T04:56:39.516000-04:00,12.369333267211914,0.8026112914085388,-11.56672191619873
2026-08-04T04:56:39.520000-04:00,12.369917869567871,0.7860095500946045,-11.583908081054688
2026-08-04T04:56:39.524000-04:00,12.35623836517334,0.7746689319610596,-11.58156967163086
2026-08-04T04:56:39.528000-04:00,12.361733436584473,0.7785270810127258,-11.583206176757812
2026-08-04T04:56:39.532000-04:00,12.364188194274902,0.7854250073432922,-11.578763008117676
2026-08-04T04:56:39.536000-04:00,12.364656448364258,0.7730321288108826,-11.59162425994873
2026-08-04T04:56:39.540000-04:00,12.35986328125,0.7581841349601746,-11.601678848266602
2026-08-04T04:56:39.544000-04:00,12.343027114868164,0.7474281191825867,-11.595599174499512
2026-08-04T04:56:39.548000-04:00,12.354718208312988,0.7572488188743591,-11.597469329833984
2026-08-04T04:56:39.552000-04:00,12.361616134643555,0.7683556079864502,-11.593260765075684
2026-08-04T04:56:39.556000-04:00,12.367111206054688,0.75911945104599,-11.607992172241211
2026-08-04T04:56:39.560000-04:00,12.360213279724121,0.7373735308647156,-11.62283992767334
2026-08-04T04:56:39.564000-04:00,12.353199005126953,0.7433361411094666,-11.60986328125
2026-08-04T04:56:39.568000-04:00,12.349574089050293,0.7626268267631531,-11.586947441101074
2026-08-04T04:56:39.572000-04:00,12.361148834228516,0.7422838807106018,-11.618865013122559
2026-08-04T04:56:39.576000-04:00,12.359395027160645,0.7480126619338989,-11.611382484436035
2026-08-04T04:56:39.580000-04:00,12.352380752563477,0.7316447496414185,-11.620736122131348
2026-08-04T04:56:39.584000-04:00,12.346301078796387,0.7257990837097168,-11.620502471923828
2026-08-04T04:56:39.588000-04:00,12.339285850524902,0.7160952687263489,-11.623190879821777
2026-08-04T04:56:39.592000-04:00,12.354134559631348,0.7267343997955322,-11.627400398254395
2026-08-04T04:56:39.596000-04:00,12.346652030944824,0.7279035449028015,-11.618748664855957
2026-08-04T04:56:39.600000-04:00,12.348639488220215,0.7233439087867737,-11.625295639038086
2026-08-04T04:56:39.604000-04:00,12.335895538330078,0.7241622805595398,-11.611733436584473
2026-08-04T04:56:39.608000-04:00,12.343144416809082,0.716446042060852,-11.62669849395752
2026-08-04T04:56:39.612000-04:00,12.349457740783691,0.7136400938034058,-11.635817527770996
2026-08-04T04:56:39.616000-04:00,12.356589317321777,0.7132893204689026,-11.64330005645752
2026-08-04T04:56:39.620000-04:00,12.344547271728516,0.7094312310218811,-11.635115623474121
2026-08-04T04:56:39.624000-04:00,12.338818550109863,0.7079113125801086,-11.63090705871582
2026-08-04T04:56:39.628000-04:00,12.340806007385254,0.7096650004386902,-11.63114070892334
2026-08-04T04:56:39.632000-04:00,12.352380752563477,0.7113018035888672,-11.64107894897461
2026-08-04T04:56:39.636000-04:00,12.350977897644043,0.7012472748756409,-11.649730682373047
2026-08-04T04:56:39.640000-04:00,12.352848052978516,0.7052223086357117,-11.647625923156738
2026-08-04T04:56:39.644000-04:00,12.336713790893555,0.6942324638366699,-11.642480850219727
2026-08-04T04:56:39.648000-04:00,12.34793758392334,0.6954016089439392,-11.652536392211914
2026-08-04T04:56:39.652000-04:00,12.351327896118164,0.711535632610321,-11.639792442321777
2026-08-04T04:56:39.656000-04:00,12.343962669372559,0.6945831775665283,-11.64937973022461
2026-08-04T04:56:39.660000-04:00,12.339052200317383,0.6992596983909607,-11.639792442321777
2026-08-04T04:56:39.664000-04:00,12.336246490478516,0.7011303305625916,-11.635116577148438
2026-08-04T04:56:39.668000-04:00,12.343611717224121,0.6978567838668823,-11.64575481414795
2026-08-04T04:56:39.672000-04:00,12.346534729003906,0.7034686207771301,-11.64306640625
2026-08-04T04:56:39.676000-04:00,12.357874870300293,0.7034686207771301,-11.654406547546387
2026-08-04T04:56:39.680000-04:00,12.358810424804688,0.7297741770744324,-11.629035949707031
2026-08-04T04:56:39.684000-04:00,12.36185073852539,0.7554951310157776,-11.606355667114258
2026-08-04T04:56:39.688000-04:00,12.348288536071777,0.7660173177719116,-11.582271575927734
2026-08-04T04:56:39.692000-04:00,12.357874870300293,0.7822683453559875,-11.575606346130371
2026-08-04T04:56:39.696000-04:00,12.349691390991211,0.7575995922088623,-11.59209156036377
2026-08-04T04:56:39.700000-04:00,12.37015151977539,0.7868279218673706,-11.58332347869873
2026-08-04T04:56:39.704000-04:00,12.365123748779297,0.8159394264221191,-11.549184799194336
2026-08-04T04:56:39.708000-04:00,12.361967086791992,0.8760329484939575,-11.485934257507324
2026-08-04T04:56:39.712000-04:00,12.33156967163086,0.8733439445495605,-11.45822525024414
2026-08-04T04:56:39.716000-04:00,12.346067428588867,0.8644585013389587,-11.481609344482422
2026-08-04T04:56:39.720000-04:00,12.336597442626953,0.8606003522872925,-11.475996971130371
2026-08-04T04:56:39.724000-04:00,12.338701248168945,0.8553392887115479,-11.483362197875977
2026-08-04T04:56:39.728000-04:00,12.363253593444824,0.8611849546432495,-11.502068519592285
2026-08-04T04:56:39.732000-04:00,12.377399444580078,0.8556900024414062,-11.521709442138672
2026-08-04T04:56:39.736000-04:00,12.381725311279297,0.81886225938797,-11.56286334991455
2026-08-04T04:56:39.740000-04:00,12.36430549621582,0.7820345163345337,-11.582270622253418
2026-08-04T04:56:39.744000-04:00,12.355302810668945,0.7550274729728699,-11.600275039672852
2026-08-04T04:56:39.748000-04:00,12.352029800415039,0.7371397018432617,-11.614890098571777
2026-08-04T04:56:39.752000-04:00,12.34595012664795,0.7257990837097168,-11.62015151977539
2026-08-04T04:56:39.756000-04:00,12.344664573669434,0.6883867979049683,-11.656277656555176
2026-08-04T04:56:39.760000-04:00,12.332972526550293,0.6712004542350769,-11.661771774291992
2026-08-04T04:56:39.764000-04:00,12.30888843536377,0.6659393906593323,-11.642949104309082
2026-08-04T04:56:39.768000-04:00,12.314617156982422,0.6489869356155396,-11.665630340576172
2026-08-04T04:56:39.772000-04:00,12.32326889038086,0.6471163034439087,-11.676152229309082
2026-08-04T04:56:39.776000-04:00,12.331453323364258,0.6351911425590515,-11.69626235961914
2026-08-04T04:56:39.780000-04:00,12.321281433105469,0.6306315064430237,-11.69064998626709
2026-08-04T04:56:39.784000-04:00,12.316137313842773,0.6218630075454712,-11.694273948669434
2026-08-04T04:56:39.788000-04:00,12.315319061279297,0.6244350671768188,-11.69088363647461
2026-08-04T04:56:39.792000-04:00,12.323502540588379,0.635308027267456,-11.688194274902344
2026-08-04T04:56:39.796000-04:00,12.321515083312988,0.6328528523445129,-11.6886625289917
2026-08-04T04:56:39.800000-04:00,12.308772087097168,0.6121591329574585,-11.696613311767578
2026-08-04T04:56:39.804000-04:00,12.310759544372559,0.5973111391067505,-11.713448524475098
2026-08-04T04:56:39.808000-04:00,12.306316375732422,0.5982464551925659,-11.708069801330566
2026-08-04T04:56:39.812000-04:00,12.307719230651855,0.6071318984031677,-11.700587272644043
2026-08-04T04:56:39.816000-04:00,12.302458763122559,0.6217460632324219,-11.680712699890137
2026-08-04T04:56:39.820000-04:00,12.274749755859375,0.6350741982460022,-11.63967514038086
2026-08-04T04:56:39.824000-04:00,12.258030891418457,0.6514421105384827,-11.606588363647461
2026-08-04T04:56:39.828000-04:00,12.289363861083984,0.6659393906593323,-11.623424530029297
2026-08-04T04:56:39.832000-04:00,12.337298393249512,0.6489869356155396,-11.688311576843262
2026-08-04T04:56:39.836000-04:00,12.463214874267578,0.7701092958450317,-11.693105697631836
2026-08-04T04:56:39.840000-04:00,12.597898483276367,0.9364772439002991,-11.661420822143555
2026-08-04T04:56:39.844000-04:00,12.713175773620605,1.3412318229675293,-11.371944427490234
2026-08-04T04:56:39.848000-04:00,12.642560005187988,1.818005084991455,-10.824554443359375
2026-08-04T04:56:39.852000-04:00,12.60070514678955,2.5821518898010254,-10.018552780151367
2026-08-04T04:56:39.856000-04:00,12.484843254089355,3.0064311027526855,-9.478412628173828
2026-08-04T04:56:39.860000-04:00,12.47116470336914,2.9506633281707764,-9.520501136779785
2026-08-04T04:56:39.864000-04:00,12.375529289245605,2.6450512409210205,-9.730478286743164
2026-08-04T04:56:39.868000-04:00,12.330517768859863,2.184178352355957,-10.146339416503906
2026-08-04T04:56:39.872000-04:00,12.278491020202637,1.5680440664291382,-10.710447311401367
2026-08-04T04:56:39.876000-04:00,12.295209884643555,1.2170696258544922,-11.078140258789062
2026-08-04T04:56:39.880000-04:00,12.383245468139648,0.9825411438941956,-11.400704383850098
2026-08-04T04:56:39.884000-04:00,12.417267799377441,0.9584569931030273,-11.458810806274414
2026-08-04T04:56:39.888000-04:00,12.415396690368652,0.8775528073310852,-11.537843704223633
2026-08-04T04:56:39.892000-04:00,12.389676094055176,0.8160563111305237,-11.573619842529297
2026-08-04T04:56:39.896000-04:00,12.396690368652344,0.7973501682281494,-11.599340438842773
2026-08-04T04:56:39.900000-04:00,12.391897201538086,0.7613407969474792,-11.630556106567383
2026-08-04T04:56:39.904000-04:00,12.387922286987305,0.7502340078353882,-11.637688636779785
2026-08-04T04:56:39.908000-04:00,12.381375312805176,0.7117694616317749,-11.66960620880127
2026-08-04T04:56:39.912000-04:00,12.393417358398438,0.7155107259750366,-11.67790699005127
2026-08-04T04:56:39.916000-04:00,12.391897201538086,0.711535632610321,-11.6803617477417
2026-08-04T04:56:39.920000-04:00,12.383479118347168,0.7055730819702148,-11.677906036376953
2026-08-04T04:56:39.924000-04:00,12.375529289245605,0.7056899666786194,-11.669838905334473
2026-08-04T04:56:39.928000-04:00,12.390143394470215,0.7294234037399292,-11.660719871520996
2026-08-04T04:56:39.932000-04:00,12.4054594039917,0.7143415808677673,-11.691118240356445
2026-08-04T04:56:39.936000-04:00,12.4055757522583,0.7221747636795044,-11.683401107788086
2026-08-04T04:56:39.940000-04:00,12.407329559326172,0.7394779920578003,-11.667851448059082
2026-08-04T04:56:39.944000-04:00,12.397625923156738,0.7344506978988647,-11.663175582885742
2026-08-04T04:56:39.948000-04:00,12.404874801635742,0.7478957772254944,-11.656978607177734
2026-08-04T04:56:39.952000-04:00,12.410719871520996,0.7602885961532593,-11.650431632995605
2026-08-04T04:56:39.956000-04:00,12.425100326538086,0.7594701647758484,-11.665630340576172
2026-08-04T04:56:39.960000-04:00,12.426620483398438,0.7644974589347839,-11.66212272644043
2026-08-04T04:56:39.964000-04:00,12.41551399230957,0.7858926653862,-11.629621505737305
2026-08-04T04:56:39.968000-04:00,12.429543495178223,0.7827360033988953,-11.646807670593262
2026-08-04T04:56:39.972000-04:00,12.442521095275879,0.7943103909492493,-11.648210525512695
2026-08-04T04:56:39.976000-04:00,12.445677757263184,0.8027281761169434,-11.642950057983398
2026-08-04T04:56:39.980000-04:00,12.44263744354248,0.8105614185333252,-11.632076263427734
2026-08-04T04:56:39.984000-04:00,12.443339347839355,0.8264616131782532,-11.616877555847168
2026-08-04T04:56:39.988000-04:00,12.453627586364746,0.8290337324142456,-11.624593734741211
2026-08-04T04:56:39.992000-04:00,12.473503112792969,0.8463369011878967,-11.627165794372559
2026-08-04T04:56:39.996000-04:00,12.488117218017578,0.867264449596405,-11.62085247039795
2026-08-04T04:56:40-04:00,12.475373268127441,0.8795403838157654,-11.595832824707031
2026-08-04T04:56:40.004000-04:00,12.482504844665527,0.9007017016410828,-11.581803321838379
2026-08-04T04:56:40.008000-04:00,12.505537033081055,0.9219799637794495,-11.58355712890625
2026-08-04T04:56:40.012000-04:00,12.525412559509277,0.9436089992523193,-11.581803321838379
2026-08-04T04:56:40.016000-04:00,12.543416976928711,0.9611459970474243,-11.582270622253418
2026-08-04T04:56:40.020000-04:00,12.550081253051758,1.0042871236801147,-11.545794486999512
2026-08-04T04:56:40.024000-04:00,12.558499336242676,1.0155107975006104,-11.542988777160645
2026-08-04T04:56:40.028000-04:00,12.580127716064453,1.040062665939331,-11.540064811706543
2026-08-04T04:56:40.032000-04:00,12.604796409606934,1.0803977251052856,-11.524398803710938
2026-08-04T04:56:40.036000-04:00,12.625490188598633,1.1176931858062744,-11.507797241210938
2026-08-04T04:56:40.040000-04:00,12.6323881149292,1.1512473821640015,-11.481141090393066
2026-08-04T04:56:40.044000-04:00,12.639870643615723,1.1798912286758423,-11.459979057312012
2026-08-04T04:56:40.048000-04:00,12.645950317382812,1.1885427236557007,-11.45740795135498
2026-08-04T04:56:40.052000-04:00,12.667929649353027,1.198129653930664,-11.469799995422363
2026-08-04T04:56:40.056000-04:00,12.674477577209473,1.2217462062835693,-11.452731132507324
2026-08-04T04:56:40.060000-04:00,12.670268058776855,1.219291090965271,-11.450977325439453
2026-08-04T04:56:40.064000-04:00,12.668514251708984,1.2237337827682495,-11.444780349731445
2026-08-04T04:56:40.068000-04:00,12.670268058776855,1.2372957468032837,-11.432971954345703
2026-08-04T04:56:40.072000-04:00,12.671904563903809,1.2247859239578247,-11.447118759155273
2026-08-04T04:56:40.076000-04:00,12.66535758972168,1.2334375381469727,-11.431920051574707
2026-08-04T04:56:40.080000-04:00,12.642793655395508,1.2050275802612305,-11.437766075134277
2026-08-04T04:56:40.084000-04:00,12.624438285827637,1.1745131015777588,-11.449925422668457
2026-08-04T04:56:40.088000-04:00,12.6033935546875,1.1485583782196045,-11.454834938049316
2026-08-04T04:56:40.092000-04:00,12.593456268310547,1.0978178977966309,-11.495637893676758
2026-08-04T04:56:40.096000-04:00,12.583168029785156,1.06508207321167,-11.518085479736328
2026-08-04T04:56:40.100000-04:00,12.545053482055664,1.0206550359725952,-11.524398803710938
2026-08-04T04:56:40.104000-04:00,12.521320343017578,0.9830088019371033,-11.538311958312988
2026-08-04T04:56:40.108000-04:00,12.495599746704102,0.930748462677002,-11.564851760864258
2026-08-04T04:56:40.112000-04:00,12.488468170166016,0.9024553894996643,-11.586012840270996
2026-08-04T04:56:40.116000-04:00,12.464617729187012,0.8603665232658386,-11.60425090789795
2026-08-04T04:56:40.120000-04:00,12.435973167419434,0.8137180805206299,-11.622255325317383
2026-08-04T04:56:40.124000-04:00,12.421476364135742,0.7912706732749939,-11.630206108093262
2026-08-04T04:56:40.128000-04:00,12.400197982788086,0.7614577412605286,-11.638740539550781
2026-08-04T04:56:40.132000-04:00,12.40580940246582,0.7412316799163818,-11.66457748413086
2026-08-04T04:56:40.136000-04:00,12.38698673248291,0.7121202349662781,-11.674866676330566
2026-08-04T04:56:40.140000-04:00,12.377634048461914,0.6964538097381592,-11.681180000305176
2026-08-04T04:56:40.144000-04:00,12.360564231872559,0.6920111179351807,-11.668553352355957
2026-08-04T04:56:40.148000-04:00,12.363253593444824,0.6694467663764954,-11.693806648254395
2026-08-04T04:56:40.152000-04:00,12.360330581665039,0.6589245796203613,-11.701406478881836
2026-08-04T04:56:40.156000-04:00,12.35378360748291,0.6457133293151855,-11.708070755004883
2026-08-04T04:56:40.160000-04:00,12.343144416809082,0.6401014924049377,-11.703042984008789
2026-08-04T04:56:40.164000-04:00,12.332154273986816,0.6461809873580933,-11.685973167419434
2026-08-04T04:56:40.168000-04:00,12.325840950012207,0.6343727111816406,-11.691468238830566
2026-08-04T04:56:40.172000-04:00,12.3391695022583,0.6329697370529175,-11.706199645996094
2026-08-04T04:56:40.176000-04:00,12.336129188537598,0.64068603515625,-11.695443153381348
2026-08-04T04:56:40.180000-04:00,12.330049514770508,0.6349573135375977,-11.69509220123291
2026-08-04T04:56:40.184000-04:00,12.327127456665039,0.6376463174819946,-11.689480781555176
2026-08-04T04:56:40.188000-04:00,12.326659202575684,0.6391661763191223,-11.687493324279785
2026-08-04T04:56:40.192000-04:00,12.331920623779297,0.624201238155365,-11.707719802856445
2026-08-04T04:56:40.196000-04:00,12.32525634765625,0.6233828663825989,-11.701873779296875
2026-08-04T04:56:40.200000-04:00,12.330634117126465,0.6540141701698303,-11.676619529724121
2026-08-04T04:56:40.204000-04:00,12.324204444885254,0.6447780132293701,-11.679426193237305
2026-08-04T04:56:40.208000-04:00,12.333206176757812,0.6562355756759644,-11.676970481872559
2026-08-04T04:56:40.212000-04:00,12.338584899902344,0.6536634564399719,-11.684921264648438
2026-08-04T04:56:40.216000-04:00,12.341507911682129,0.6609120965003967,-11.680595397949219
2026-08-04T04:56:40.220000-04:00,12.338467597961426,0.6731880307197571,-11.665279388427734
2026-08-04T04:56:40.224000-04:00,12.332271575927734,0.6726034283638,-11.65966796875
2026-08-04T04:56:40.228000-04:00,12.33963680267334,0.6764615774154663,-11.663175582885742
2026-08-04T04:56:40.232000-04:00,12.354484558105469,0.6835933327674866,-11.670890808105469
2026-08-04T04:56:40.236000-04:00,12.35378360748291,0.6949339509010315,-11.658849716186523
2026-08-04T04:56:40.240000-04:00,12.349106788635254,0.6847624778747559,-11.664344787597656
2026-08-04T04:56:40.244000-04:00,12.346652030944824,0.7135231494903564,-11.633129119873047
2026-08-04T04:56:40.248000-04:00,12.35425090789795,0.7124709486961365,-11.641779899597168
2026-08-04T04:56:40.252000-04:00,12.366292953491211,0.7268513441085815,-11.63944149017334
2026-08-04T04:56:40.256000-04:00,12.362902641296387,0.7233439087867737,-11.639558792114258
2026-08-04T04:56:40.260000-04:00,12.365708351135254,0.7146922945976257,-11.651016235351562
2026-08-04T04:56:40.264000-04:00,12.352029800415039,0.7243961095809937,-11.627634048461914
2026-08-04T04:56:40.268000-04:00,12.361266136169434,0.7302418351173401,-11.631024360656738
2026-08-04T04:56:40.272000-04:00,12.367462158203125,0.7386595606803894,-11.628802299499512
2026-08-04T04:56:40.276000-04:00,12.369800567626953,0.735619843006134,-11.634181022644043
2026-08-04T04:56:40.280000-04:00,12.369917869567871,0.7355028986930847,-11.634414672851562
2026-08-04T04:56:40.284000-04:00,12.365007400512695,0.7270851135253906,-11.637922286987305
2026-08-04T04:56:40.288000-04:00,12.370034217834473,0.7288388609886169,-11.641195297241211
2026-08-04T04:56:40.292000-04:00,12.386051177978516,0.735035240650177,-11.651016235351562
2026-08-04T04:56:40.296000-04:00,12.379504203796387,0.7332815527915955,-11.646223068237305
2026-08-04T04:56:40.300000-04:00,12.369215965270996,0.7322293519973755,-11.63698673248291
2026-08-04T04:56:40.304000-04:00,12.362902641296387,0.7293065190315247,-11.633596420288086
2026-08-04T04:56:40.308000-04:00,12.367813110351562,0.7220578789710999,-11.64575481414795
2026-08-04T04:56:40.312000-04:00,12.359745979309082,0.7132893204689026,-11.646456718444824
2026-08-04T04:56:40.316000-04:00,12.367813110351562,0.7081451416015625,-11.65966796875
2026-08-04T04:56:40.320000-04:00,12.352497100830078,0.705339252948761,-11.647157669067383
2026-08-04T04:56:40.324000-04:00,12.355069160461426,0.7077944278717041,-11.6472749710083
2026-08-04T04:56:40.328000-04:00,12.352497100830078,0.7058069109916687,-11.646690368652344
2026-08-04T04:56:40.332000-04:00,12.36477279663086,0.7089635729789734,-11.65580940246582
2026-08-04T04:56:40.336000-04:00,12.355537414550781,0.7190181016921997,-11.636519432067871
2026-08-04T04:56:40.340000-04:00,12.3557710647583,0.7077944278717041,-11.647976875305176
2026-08-04T04:56:40.344000-04:00,12.344898223876953,0.6991428136825562,-11.645755767822266
2026-08-04T04:56:40.348000-04:00,12.35378360748291,0.6982074975967407,-11.6555757522583
2026-08-04T04:56:40.352000-04:00,12.356940269470215,0.695050835609436,-11.66188907623291
2026-08-04T04:56:40.356000-04:00,12.357874870300293,0.683944046497345,-11.673931121826172
2026-08-04T04:56:40.360000-04:00,12.357291221618652,0.6965706944465637,-11.660720825195312
2026-08-04T04:56:40.364000-04:00,12.350626945495605,0.6956353783607483,-11.654991149902344
2026-08-04T04:56:40.368000-04:00,12.355420112609863,0.6959861516952515,-11.65943431854248
2026-08-04T04:56:40.372000-04:00,12.352730751037598,0.689906656742096,-11.662823677062988
2026-08-04T04:56:40.376000-04:00,12.358343124389648,0.704754650592804,-11.65358829498291
2026-08-04T04:56:40.380000-04:00,12.371554374694824,0.7231100797653198,-11.648444175720215
2026-08-04T04:56:40.384000-04:00,12.362902641296387,0.7428684830665588,-11.620034217834473
2026-08-04T04:56:40.388000-04:00,12.351445198059082,0.7385426759719849,-11.612902641296387
2026-08-04T04:56:40.392000-04:00,12.367579460144043,0.7573657631874084,-11.610213279724121
2026-08-04T04:56:40.396000-04:00,12.356122016906738,0.7526891827583313,-11.603432655334473
2026-08-04T04:56:40.400000-04:00,12.365592002868652,0.765082061290741,-11.600509643554688
2026-08-04T04:56:40.404000-04:00,12.377516746520996,0.8026112914085388,-11.574905395507812
2026-08-04T04:56:40.408000-04:00,12.352965354919434,0.8372176885604858,-11.515748023986816
2026-08-04T04:56:40.412000-04:00,12.35600471496582,0.854520857334137,-11.501483917236328
2026-08-04T04:56:40.416000-04:00,12.354134559631348,0.8450508713722229,-11.50908374786377
2026-08-04T04:56:40.420000-04:00,12.350393295288086,0.8631724715232849,-11.487220764160156
2026-08-04T04:56:40.424000-04:00,12.340688705444336,0.8429464101791382,-11.497742652893066
2026-08-04T04:56:40.428000-04:00,12.362435340881348,0.836399257183075,-11.526036262512207
2026-08-04T04:56:40.432000-04:00,12.378101348876953,0.8268123865127563,-11.551288604736328
2026-08-04T04:56:40.436000-04:00,12.384297370910645,0.7906860709190369,-11.593611717224121
2026-08-04T04:56:40.440000-04:00,12.369800567626953,0.7704600691795349,-11.599340438842773
2026-08-04T04:56:40.444000-04:00,12.357056617736816,0.7418162226676941,-11.615240097045898
2026-08-04T04:56:40.448000-04:00,12.357056617736816,0.7173812985420227,-11.63967514038086
2026-08-04T04:56:40.452000-04:00,12.36231803894043,0.7087297439575195,-11.65358829498291
2026-08-04T04:56:40.456000-04:00,12.343144416809082,0.6646533012390137,-11.678491592407227
2026-08-04T04:56:40.460000-04:00,12.329231262207031,0.6522604823112488,-11.676970481872559
2026-08-04T04:56:40.464000-04:00,12.323970794677734,0.645596444606781,-11.678374290466309
2026-08-04T04:56:40.468000-04:00,12.327712059020996,0.6391661763191223,-11.688546180725098
2026-08-04T04:56:40.472000-04:00,12.31894302368164,0.6123929619789124,-11.706549644470215
2026-08-04T04:56:40.476000-04:00,12.32502269744873,0.6296961903572083,-11.695326805114746
2026-08-04T04:56:40.480000-04:00,12.322099685668945,0.6277086734771729,-11.694391250610352
2026-08-04T04:56:40.484000-04:00,12.309823989868164,0.606079638004303,-11.703743934631348
2026-08-04T04:56:40.488000-04:00,12.324087142944336,0.6011692881584167,-11.722917556762695
2026-08-04T04:56:40.492000-04:00,12.319644927978516,0.5887764692306519,-11.730868339538574
2026-08-04T04:56:40.496000-04:00,12.318242073059082,0.5908808708190918,-11.727361679077148
2026-08-04T04:56:40.500000-04:00,12.319761276245117,0.5934529900550842,-11.72630786895752
2026-08-04T04:56:40.504000-04:00,12.305498123168945,0.5949728488922119,-11.710525512695312
2026-08-04T04:56:40.508000-04:00,12.312396049499512,0.5863212943077087,-11.726075172424316
2026-08-04T04:56:40.512000-04:00,12.321632385253906,0.5909978151321411,-11.730634689331055
2026-08-04T04:56:40.516000-04:00,12.31496810913086,0.5884256958961487,-11.726542472839355
2026-08-04T04:56:40.520000-04:00,12.288779258728027,0.6059627532958984,-11.682816505432129
2026-08-04T04:56:40.524000-04:00,12.262005805969238,0.622096836566925,-11.639908790588379
2026-08-04T04:56:40.528000-04:00,12.275100708007812,0.6623150706291199,-11.612785339355469
2026-08-04T04:56:40.532000-04:00,12.31941032409668,0.6348403692245483,-11.6845703125
2026-08-04T04:56:40.536000-04:00,12.411772727966309,0.6970383524894714,-11.714734077453613
2026-08-04T04:56:40.540000-04:00,12.518514633178711,0.8390882611274719,-11.679426193237305
2026-08-04T04:56:40.544000-04:00,12.685233116149902,1.1899456977844238,-11.49528694152832
2026-08-04T04:56:40.548000-04:00,12.635662078857422,1.8384649753570557,-10.797197341918945
2026-08-04T04:56:40.552000-04:00,12.598132133483887,2.383866548538208,-10.214265823364258
2026-08-04T04:56:40.556000-04:00,12.483674049377441,2.955573558807373,-9.528100967407227
2026-08-04T04:56:40.560000-04:00,12.45503044128418,2.9631729125976562,-9.491857528686523
2026-08-04T04:56:40.564000-04:00,12.384297370910645,2.8269686698913574,-9.557329177856445
2026-08-04T04:56:40.568000-04:00,12.362668991088867,2.4191744327545166,-9.94349479675293
2026-08-04T04:56:40.572000-04:00,12.316020011901855,1.7386208772659302,-10.577399253845215
2026-08-04T04:56:40.576000-04:00,12.323970794677734,1.3567813634872437,-10.96718978881836
2026-08-04T04:56:40.580000-04:00,12.38499927520752,0.9831257462501526,-11.401873588562012
2026-08-04T04:56:40.584000-04:00,12.449769020080566,0.9328529238700867,-11.516916275024414
2026-08-04T04:56:40.588000-04:00,12.443105697631836,0.8966097235679626,-11.546496391296387
2026-08-04T04:56:40.592000-04:00,12.388506889343262,0.7939596772193909,-11.594547271728516
2026-08-04T04:56:40.596000-04:00,12.397625923156738,0.7661342620849609,-11.631491661071777
2026-08-04T04:56:40.600000-04:00,12.385934829711914,0.7452067136764526,-11.640727996826172
2026-08-04T04:56:40.604000-04:00,12.3806734085083,0.7386595606803894,-11.642013549804688
2026-08-04T04:56:40.608000-04:00,12.382894515991211,0.723460853099823,-11.659433364868164
2026-08-04T04:56:40.612000-04:00,12.397041320800781,0.7173812985420227,-11.679659843444824
2026-08-04T04:56:40.616000-04:00,12.3972749710083,0.7101326584815979,-11.687142372131348
2026-08-04T04:56:40.620000-04:00,12.39107894897461,0.7118864059448242,-11.679192543029785
2026-08-04T04:56:40.624000-04:00,12.389909744262695,0.705339252948761,-11.6845703125
2026-08-04T04:56:40.628000-04:00,12.39750862121582,0.7208887338638306,-11.676619529724121
2026-08-04T04:56:40.632000-04:00,12.400197982788086,0.7125878930091858,-11.687609672546387
2026-08-04T04:56:40.636000-04:00,12.410369873046875,0.7217071056365967,-11.6886625289917
2026-08-04T04:56:40.640000-04:00,12.401016235351562,0.7153937816619873,-11.685622215270996
2026-08-04T04:56:40.644000-04:00,12.410837173461914,0.7159783840179443,-11.69485855102539
2026-08-04T04:56:40.648000-04:00,12.422645568847656,0.7380750179290771,-11.6845703125
2026-08-04T04:56:40.652000-04:00,12.422761917114258,0.7514031529426575,-11.671359062194824
2026-08-04T04:56:40.656000-04:00,12.425217628479004,0.7523384690284729,-11.672879219055176
2026-08-04T04:56:40.660000-04:00,12.41574764251709,0.7501171231269836,-11.665630340576172
2026-08-04T04:56:40.664000-04:00,12.424515724182129,0.7614577412605286,-11.663058280944824
2026-08-04T04:56:40.668000-04:00,12.434453964233398,0.7813330292701721,-11.653120994567871
2026-08-04T04:56:40.672000-04:00,12.451171875,0.7849573493003845,-11.666214942932129
2026-08-04T04:56:40.676000-04:00,12.445326805114746,0.7864772081375122,-11.658849716186523
2026-08-04T04:56:40.680000-04:00,12.444157600402832,0.7975839972496033,-11.646574020385742
2026-08-04T04:56:40.684000-04:00,12.44450855255127,0.8040142059326172,-11.640494346618652
2026-08-04T04:56:40.688000-04:00,12.457953453063965,0.8183946013450623,-11.639558792114258
2026-08-04T04:56:40.692000-04:00,12.47163200378418,0.8416603803634644,-11.629971504211426
2026-08-04T04:56:40.696000-04:00,12.480985641479492,0.8510134816169739,-11.629972457885742
2026-08-04T04:56:40.700000-04:00,12.481335639953613,0.8805925846099854,-11.600743293762207
2026-08-04T04:56:40.704000-04:00,12.48355770111084,0.892400860786438,-11.591156959533691
2026-08-04T04:56:40.708000-04:00,12.495716094970703,0.9109901189804077,-11.584726333618164
2026-08-04T04:56:40.712000-04:00,12.515942573547363,0.9265395998954773,-11.58940315246582
2026-08-04T04:56:40.716000-04:00,12.5369873046875,0.9721358418464661,-11.564851760864258
2026-08-04T04:56:40.720000-04:00,12.54552173614502,0.9971553683280945,-11.54836654663086
2026-08-04T04:56:40.724000-04:00,12.557680130004883,1.0222917795181274,-11.535387992858887
2026-08-04T04:56:40.728000-04:00,12.579660415649414,1.0553783178329468,-11.524282455444336
2026-08-04T04:56:40.732000-04:00,12.594508171081543,1.0794625282287598,-11.515045166015625
2026-08-04T04:56:40.736000-04:00,12.616955757141113,1.1116136312484741,-11.505342483520508
2026-08-04T04:56:40.740000-04:00,12.627361297607422,1.147038459777832,-11.48032283782959
2026-08-04T04:56:40.744000-04:00,12.645599365234375,1.1814110279083252,-11.464188575744629
2026-08-04T04:56:40.748000-04:00,12.657758712768555,1.2012863159179688,-11.456472396850586
2026-08-04T04:56:40.752000-04:00,12.678452491760254,1.2265397310256958,-11.451912879943848
2026-08-04T04:56:40.756000-04:00,12.684882164001465,1.2363604307174683,-11.448521614074707
2026-08-04T04:56:40.760000-04:00,12.676932334899902,1.2388155460357666,-11.438117027282715
2026-08-04T04:56:40.764000-04:00,12.670736312866211,1.2361265420913696,-11.434609413146973
2026-08-04T04:56:40.768000-04:00,12.676347732543945,1.24419367313385,-11.432153701782227
2026-08-04T04:56:40.772000-04:00,12.67541217803955,1.234139084815979,-11.441272735595703
2026-08-04T04:56:40.776000-04:00,12.663603782653809,1.2225645780563354,-11.441039085388184
2026-08-04T04:56:40.780000-04:00,12.644547462463379,1.2054952383041382,-11.43905258178711
2026-08-04T04:56:40.784000-04:00,12.624320983886719,1.1658616065979004,-11.458459854125977
2026-08-04T04:56:40.788000-04:00,12.612045288085938,1.1448171138763428,-11.467227935791016
2026-08-04T04:56:40.792000-04:00,12.602458000183105,1.0961811542510986,-11.506277084350586
2026-08-04T04:56:40.796000-04:00,12.576035499572754,1.054910659790039,-11.521124839782715
2026-08-04T04:56:40.800000-04:00,12.54142951965332,1.0033518075942993,-11.538077354431152
2026-08-04T04:56:40.804000-04:00,12.520151138305664,0.969680666923523,-11.550470352172852
2026-08-04T04:56:40.808000-04:00,12.490805625915527,0.9328529238700867,-11.557952880859375
2026-08-04T04:56:40.812000-04:00,12.490805625915527,0.8943883776664734,-11.596417427062988
2026-08-04T04:56:40.816000-04:00,12.462395668029785,0.8383868336677551,-11.624009132385254
2026-08-04T04:56:40.820000-04:00,12.439247131347656,0.805884838104248,-11.63336181640625
2026-08-04T04:56:40.824000-04:00,12.417150497436523,0.7802807688713074,-11.636869430541992
2026-08-04T04:56:40.828000-04:00,12.40358829498291,0.7553781867027283,-11.648210525512695
2026-08-04T04:56:40.832000-04:00,12.400782585144043,0.73234623670578,-11.668436050415039
2026-08-04T04:56:40.836000-04:00,12.390727996826172,0.7077944278717041,-11.682933807373047
2026-08-04T04:56:40.840000-04:00,12.379387855529785,0.6927125453948975,-11.686675071716309
2026-08-04T04:56:40.844000-04:00,12.356122016906738,0.6644194722175598,-11.691702842712402
2026-08-04T04:56:40.848000-04:00,12.361148834228516,0.6651209592819214,-11.696027755737305
2026-08-04T04:56:40.852000-04:00,12.361499786376953,0.6585738062858582,-11.702925682067871
2026-08-04T04:56:40.856000-04:00,12.351211547851562,0.6501560211181641,-11.701055526733398
2026-08-04T04:56:40.860000-04:00,12.33379077911377,0.6375293731689453,-11.696261405944824
2026-08-04T04:56:40.864000-04:00,12.334492683410645,0.6397507190704346,-11.694742202758789
2026-08-04T04:56:40.868000-04:00,12.336713790893555,0.6349573135375977,-11.701756477355957
2026-08-04T04:56:40.872000-04:00,12.33519458770752,0.6296961903572083,-11.705498695373535
2026-08-04T04:56:40.876000-04:00,12.328880310058594,0.6370617151260376,-11.691818237304688
2026-08-04T04:56:40.880000-04:00,12.321748733520508,0.6298130750656128,-11.691935539245605
2026-08-04T04:56:40.884000-04:00,12.324204444885254,0.6240843534469604,-11.700119972229004
2026-08-04T04:56:40.888000-04:00,12.322333335876465,0.6326190233230591,-11.689714431762695
2026-08-04T04:56:40.892000-04:00,12.33741569519043,0.6335543394088745,-11.703861236572266
2026-08-04T04:56:40.896000-04:00,12.329699516296387,0.63963383436203,-11.690065383911133
2026-08-04T04:56:40.900000-04:00,12.322450637817383,0.633671224117279,-11.688779830932617
2026-08-04T04:56:40.904000-04:00,12.324087142944336,0.6402183771133423,-11.683868408203125
2026-08-04T04:56:40.908000-04:00,12.332621574401855,0.6457133293151855,-11.686908721923828
2026-08-04T04:56:40.912000-04:00,12.335428237915039,0.6500391364097595,-11.685389518737793
2026-08-04T04:56:40.916000-04:00,12.342442512512207,0.6777476668357849,-11.664694786071777
2026-08-04T04:56:40.920000-04:00,12.332271575927734,0.66745924949646,-11.664812088012695
2026-08-04T04:56:40.924000-04:00,12.33379077911377,0.664185643196106,-11.669605255126953
2026-08-04T04:56:40.928000-04:00,12.342559814453125,0.6818395853042603,-11.660719871520996
2026-08-04T04:56:40.932000-04:00,12.348054885864258,0.688269853591919,-11.659785270690918
2026-08-04T04:56:40.936000-04:00,12.347586631774902,0.6888543963432312,-11.658732414245605
2026-08-04T04:56:40.940000-04:00,12.349691390991211,0.701013445854187,-11.648677825927734
2026-08-04T04:56:40.944000-04:00,12.34571647644043,0.7017149329185486,-11.644001960754395
2026-08-04T04:56:40.948000-04:00,12.346885681152344,0.7005457878112793,-11.646339416503906
2026-08-04T04:56:40.952000-04:00,12.360915184020996,0.7015979886054993,-11.659317016601562
2026-08-04T04:56:40.956000-04:00,12.353432655334473,0.7058069109916687,-11.647625923156738
2026-08-04T04:56:40.960000-04:00,12.35179615020752,0.7097819447517395,-11.642014503479004
2026-08-04T04:56:40.964000-04:00,12.356589317321777,0.7180827856063843,-11.638506889343262
2026-08-04T04:56:40.968000-04:00,12.353666305541992,0.7246299386024475,-11.629035949707031
2026-08-04T04:56:40.972000-04:00,12.36009693145752,0.730709433555603,-11.629387855529785
2026-08-04T04:56:40.976000-04:00,12.363136291503906,0.7241622805595398,-11.6389741897583
2026-08-04T04:56:40.980000-04:00,12.361967086791992,0.7220578789710999,-11.639908790588379
2026-08-04T04:56:40.984000-04:00,12.34817123413086,0.7235777378082275,-11.624593734741211
2026-08-04T04:56:40.988000-04:00,12.355069160461426,0.7160952687263489,-11.6389741897583
2026-08-04T04:56:40.992000-04:00,12.36185073852539,0.7135231494903564,-11.648327827453613
2026-08-04T04:56:40.996000-04:00,12.35986328125,0.7205379605293274,-11.639325141906738
