created_at,lead_1,lead_2,lead_3
2026-08-04T04:57:13-04:00,12.206706047058105,0.299532413482666,-11.907173156738281
2026-08-04T04:57:13.004000-04:00,12.211967468261719,0.3059626519680023,-11.906004905700684
2026-08-04T04:57:13.008000-04:00,12.233362197875977,0.3187062442302704,-11.914655685424805
2026-08-04T04:57:13.012000-04:00,12.227282524108887,0.3284100592136383,-11.898872375488281
2026-08-04T04:57:13.016000-04:00,12.224360466003418,0.33413881063461304,-11.89022159576416
2026-08-04T04:57:13.020000-04:00,12.223775863647461,0.3319174647331238,-11.891858100891113
2026-08-04T04:57:13.024000-04:00,12.231492042541504,0.32338276505470276,-11.908109664916992
2026-08-04T04:57:13.028000-04:00,12.244235038757324,0.34746697545051575,-11.896767616271973
2026-08-04T04:57:13.032000-04:00,12.237103462219238,0.34945449233055115,-11.887648582458496
2026-08-04T04:57:13.036000-04:00,12.228919982910156,0.3447779417037964,-11.88414192199707
2026-08-04T04:57:13.040000-04:00,12.23476505279541,0.3516758382320404,-11.883089065551758
2026-08-04T04:57:13.044000-04:00,12.234415054321289,0.36360102891921997,-11.870814323425293
2026-08-04T04:57:13.048000-04:00,12.254173278808594,0.3717849850654602,-11.8823881149292
2026-08-04T04:57:13.052000-04:00,12.245404243469238,0.3605612814426422,-11.884842872619629
2026-08-04T04:57:13.056000-04:00,12.240728378295898,0.3665238618850708,-11.874204635620117
2026-08-04T04:57:13.060000-04:00,12.24692440032959,0.368862122297287,-11.87806224822998
2026-08-04T04:57:13.064000-04:00,12.247742652893066,0.37190189957618713,-11.87584114074707
2026-08-04T04:57:13.068000-04:00,12.245872497558594,0.36956360936164856,-11.87630844116211
2026-08-04T04:57:13.072000-04:00,12.25545883178711,0.379033625125885,-11.876424789428711
2026-08-04T04:57:13.076000-04:00,12.240260124206543,0.36558854579925537,-11.874671936035156
2026-08-04T04:57:13.080000-04:00,12.24937915802002,0.35915830731391907,-11.890220642089844
2026-08-04T04:57:13.084000-04:00,12.245054244995117,0.37038201093673706,-11.874671936035156
2026-08-04T04:57:13.088000-04:00,12.256043434143066,0.37108349800109863,-11.884960174560547
2026-08-04T04:57:13.092000-04:00,12.249496459960938,0.36629003286361694,-11.883206367492676
2026-08-04T04:57:13.096000-04:00,12.242364883422852,0.35670313239097595,-11.885662078857422
2026-08-04T04:57:13.100000-04:00,12.237220764160156,0.3560016453266144,-11.881218910217285
2026-08-04T04:57:13.104000-04:00,12.247859954833984,0.3581061065196991,-11.889754295349121
2026-08-04T04:57:13.108000-04:00,12.25522518157959,0.3572877049446106,-11.897937774658203
2026-08-04T04:57:13.112000-04:00,12.247509002685547,0.3520265817642212,-11.895482063293457
2026-08-04T04:57:13.116000-04:00,12.241662979125977,0.33951684832572937,-11.902146339416504
2026-08-04T04:57:13.120000-04:00,12.241312980651855,0.3328527808189392,-11.90846061706543
2026-08-04T04:57:13.124000-04:00,12.237220764160156,0.3323851227760315,-11.90483570098877
2026-08-04T04:57:13.128000-04:00,12.245170593261719,0.33671092987060547,-11.908459663391113
2026-08-04T04:57:13.132000-04:00,12.250665664672852,0.3339049816131592,-11.916760444641113
2026-08-04T04:57:13.136000-04:00,12.242598533630371,0.3178878426551819,-11.924710273742676
2026-08-04T04:57:13.140000-04:00,12.239559173583984,0.31543266773223877,-11.924126625061035
2026-08-04T04:57:13.144000-04:00,12.234648704528809,0.3050273656845093,-11.929621696472168
2026-08-04T04:57:13.148000-04:00,12.252302169799805,0.3227982223033905,-11.92950439453125
2026-08-04T04:57:13.152000-04:00,12.23885726928711,0.31215909123420715,-11.926697731018066
2026-08-04T04:57:13.156000-04:00,12.234180450439453,0.29801255464553833,-11.93616771697998
2026-08-04T04:57:13.160000-04:00,12.235466957092285,0.30572885274887085,-11.92973804473877
2026-08-04T04:57:13.164000-04:00,12.232661247253418,0.30654722452163696,-11.926114082336426
2026-08-04T04:57:13.168000-04:00,12.240026473999023,0.3067810535430908,-11.933245658874512
2026-08-04T04:57:13.172000-04:00,12.233595848083496,0.3026890754699707,-11.930906295776367
2026-08-04T04:57:13.176000-04:00,12.221086502075195,0.2898285984992981,-11.931258201599121
2026-08-04T04:57:13.180000-04:00,12.227750778198242,0.29964932799339294,-11.928101539611816
2026-08-04T04:57:13.184000-04:00,12.233362197875977,0.29041317105293274,-11.942949295043945
2026-08-04T04:57:13.188000-04:00,12.234882354736328,0.29532355070114136,-11.939558982849121
2026-08-04T04:57:13.192000-04:00,12.233713150024414,0.2931021749973297,-11.940610885620117
2026-08-04T04:57:13.196000-04:00,12.23277759552002,0.29321908950805664,-11.939558029174805
2026-08-04T04:57:13.200000-04:00,12.227750778198242,0.2817615568637848,-11.945989608764648
2026-08-04T04:57:13.204000-04:00,12.23032283782959,0.28877636790275574,-11.941546440124512
2026-08-04T04:57:13.208000-04:00,12.229270935058594,0.2870226800441742,-11.942248344421387
2026-08-04T04:57:13.212000-04:00,12.237220764160156,0.3007015585899353,-11.936519622802734
2026-08-04T04:57:13.216000-04:00,12.228569030761719,0.3007015585899353,-11.927867889404297
2026-08-04T04:57:13.220000-04:00,12.224710464477539,0.28152772784233093,-11.943182945251465
2026-08-04T04:57:13.224000-04:00,12.232661247253418,0.29006242752075195,-11.942598342895508
2026-08-04T04:57:13.228000-04:00,12.234297752380371,0.29450514912605286,-11.93979263305664
2026-08-04T04:57:13.232000-04:00,12.22669792175293,0.2781372368335724,-11.94856071472168
2026-08-04T04:57:13.236000-04:00,12.227048873901367,0.2706547975540161,-11.95639419555664
2026-08-04T04:57:13.240000-04:00,12.223307609558105,0.2722915709018707,-11.951016426086426
2026-08-04T04:57:13.244000-04:00,12.228569030761719,0.2890101969242096,-11.939558982849121
2026-08-04T04:57:13.248000-04:00,12.236518859863281,0.27392837405204773,-11.962590217590332
2026-08-04T04:57:13.252000-04:00,12.229387283325195,0.2794232964515686,-11.949963569641113
2026-08-04T04:57:13.256000-04:00,12.22669792175293,0.2843336760997772,-11.942364692687988
2026-08-04T04:57:13.260000-04:00,12.21617603302002,0.266562819480896,-11.949613571166992
2026-08-04T04:57:13.264000-04:00,12.220852851867676,0.2645752727985382,-11.956277847290039
2026-08-04T04:57:13.268000-04:00,12.235934257507324,0.2762666344642639,-11.959667205810547
2026-08-04T04:57:13.272000-04:00,12.23231029510498,0.2773188650608063,-11.954991340637207
2026-08-04T04:57:13.276000-04:00,12.224594116210938,0.2725253999233246,-11.952068328857422
2026-08-04T04:57:13.280000-04:00,12.216643333435059,0.2766173779964447,-11.94002628326416
2026-08-04T04:57:13.284000-04:00,12.22225570678711,0.2818784713745117,-11.940377235412598
2026-08-04T04:57:13.288000-04:00,12.227517127990723,0.2810600996017456,-11.946456909179688
2026-08-04T04:57:13.292000-04:00,12.226114273071289,0.2947389781475067,-11.931375503540039
2026-08-04T04:57:13.296000-04:00,12.227048873901367,0.298597127199173,-11.928451538085938
2026-08-04T04:57:13.300000-04:00,12.25113296508789,0.3147311806678772,-11.9364013671875
2026-08-04T04:57:13.304000-04:00,12.251016616821289,0.35062363743782043,-11.900392532348633
2026-08-04T04:57:13.308000-04:00,12.247626304626465,0.3531957268714905,-11.894430160522461
2026-08-04T04:57:13.312000-04:00,12.238974571228027,0.34816843271255493,-11.890806198120117
2026-08-04T04:57:13.316000-04:00,12.236869812011719,0.36664077639579773,-11.87022876739502
2026-08-04T04:57:13.320000-04:00,12.24891185760498,0.3742401599884033,-11.874671936035156
2026-08-04T04:57:13.324000-04:00,12.265981674194336,0.41691359877586365,-11.849067687988281
2026-08-04T04:57:13.328000-04:00,12.245404243469238,0.45233839750289917,-11.793066024780273
2026-08-04T04:57:13.332000-04:00,12.229504585266113,0.45900246500968933,-11.770502090454102
2026-08-04T04:57:13.336000-04:00,12.21617603302002,0.43106013536453247,-11.785116195678711
2026-08-04T04:57:13.340000-04:00,12.221320152282715,0.4394778907299042,-11.781842231750488
2026-08-04T04:57:13.344000-04:00,12.235817909240723,0.45350751280784607,-11.782310485839844
2026-08-04T04:57:13.348000-04:00,12.24692440032959,0.4436867833137512,-11.803237915039062
2026-08-04T04:57:13.352000-04:00,12.266916275024414,0.434450626373291,-11.832466125488281
2026-08-04T04:57:13.356000-04:00,12.25300407409668,0.4138738512992859,-11.839130401611328
2026-08-04T04:57:13.360000-04:00,12.24306583404541,0.36360102891921997,-11.879465103149414
2026-08-04T04:57:13.364000-04:00,12.247742652893066,0.3512082099914551,-11.896533966064453
2026-08-04T04:57:13.368000-04:00,12.250899314880371,0.33858153223991394,-11.912318229675293
2026-08-04T04:57:13.372000-04:00,12.237921714782715,0.3316836357116699,-11.906238555908203
2026-08-04T04:57:13.376000-04:00,12.2242431640625,0.30175378918647766,-11.922489166259766
2026-08-04T04:57:13.380000-04:00,12.216526985168457,0.2782541513442993,-11.938272476196289
2026-08-04T04:57:13.384000-04:00,12.214188575744629,0.2669135630130768,-11.947275161743164
2026-08-04T04:57:13.388000-04:00,12.214655876159668,0.260600209236145,-11.954055786132812
2026-08-04T04:57:13.392000-04:00,12.205887794494629,0.2642245292663574,-11.94166374206543
2026-08-04T04:57:13.396000-04:00,12.2035493850708,0.2477397322654724,-11.955809593200684
2026-08-04T04:57:13.400000-04:00,12.200276374816895,0.24668751657009125,-11.953588485717773
2026-08-04T04:57:13.404000-04:00,12.211967468261719,0.24294628202915192,-11.96902084350586
2026-08-04T04:57:13.408000-04:00,12.204952239990234,0.2380359172821045,-11.96691608428955
2026-08-04T04:57:13.412000-04:00,12.207290649414062,0.23090419173240662,-11.976386070251465
2026-08-04T04:57:13.416000-04:00,12.20179557800293,0.23873738944530487,-11.963058471679688
2026-08-04T04:57:13.420000-04:00,12.19571590423584,0.23031961917877197,-11.9653959274292
2026-08-04T04:57:13.424000-04:00,12.206823348999023,0.24540147185325623,-11.961421966552734
2026-08-04T04:57:13.428000-04:00,12.208810806274414,0.24657060205936432,-11.962240219116211
2026-08-04T04:57:13.432000-04:00,12.192793846130371,0.2444661557674408,-11.948328018188477
2026-08-04T04:57:13.436000-04:00,12.184375762939453,0.237217515707016,-11.947157859802246
2026-08-04T04:57:13.440000-04:00,12.16251277923584,0.2548714578151703,-11.907641410827637
2026-08-04T04:57:13.444000-04:00,12.14789867401123,0.2725253999233246,-11.875372886657715
2026-08-04T04:57:13.448000-04:00,12.163564682006836,0.33144980669021606,-11.832115173339844
2026-08-04T04:57:13.452000-04:00,12.197587013244629,0.31250983476638794,-11.885077476501465
2026-08-04T04:57:13.456000-04:00,12.279777526855469,0.3556509017944336,-11.924126625061035
2026-08-04T04:57:13.460000-04:00,12.455147743225098,0.5843337178230286,-11.870814323425293
2026-08-04T04:57:13.464000-04:00,12.55195140838623,0.8437648415565491,-11.708186149597168
2026-08-04T04:57:13.468000-04:00,12.48776626586914,1.4732271432876587,-11.014538764953613
2026-08-04T04:57:13.472000-04:00,12.460408210754395,2.01067852973938,-10.449729919433594
2026-08-04T04:57:13.476000-04:00,12.365474700927734,2.601910352706909,-9.763564109802246
2026-08-04T04:57:13.480000-04:00,12.340104103088379,2.643648386001587,-9.696455955505371
2026-08-04T04:57:13.484000-04:00,12.281881332397461,2.5606398582458496,-9.721240997314453
2026-08-04T04:57:13.488000-04:00,12.247742652893066,1.9148095846176147,-10.33293342590332
2026-08-04T04:57:13.492000-04:00,12.21033000946045,1.48936128616333,-10.720968246459961
2026-08-04T04:57:13.496000-04:00,12.206472396850586,0.9009355306625366,-11.305537223815918
2026-08-04T04:57:13.500000-04:00,12.250198364257812,0.6743571758270264,-11.575840950012207
2026-08-04T04:57:13.504000-04:00,12.332856178283691,0.6278255581855774,-11.70503044128418
2026-08-04T04:57:13.508000-04:00,12.326892852783203,0.571473240852356,-11.755419731140137
2026-08-04T04:57:13.512000-04:00,12.257096290588379,0.4681217074394226,-11.78897476196289
2026-08-04T04:57:13.516000-04:00,12.269722938537598,0.4346844553947449,-11.835038185119629
2026-08-04T04:57:13.520000-04:00,12.265981674194336,0.4059237241744995,-11.860057830810547
2026-08-04T04:57:13.524000-04:00,12.274749755859375,0.3909587860107422,-11.883790969848633
2026-08-04T04:57:13.528000-04:00,12.276386260986328,0.384294718503952,-11.892091751098633
2026-08-04T04:57:13.532000-04:00,12.267033576965332,0.36839449405670166,-11.898638725280762
2026-08-04T04:57:13.536000-04:00,12.265981674194336,0.36477017402648926,-11.901211738586426
2026-08-04T04:57:13.540000-04:00,12.253822326660156,0.3676930069923401,-11.886129379272461
2026-08-04T04:57:13.544000-04:00,12.26913833618164,0.3693297803401947,-11.899808883666992
2026-08-04T04:57:13.548000-04:00,12.279542922973633,0.3834763169288635,-11.896066665649414
2026-08-04T04:57:13.552000-04:00,12.276152610778809,0.3914264440536499,-11.884726524353027
2026-08-04T04:57:13.556000-04:00,12.279426574707031,0.3834763169288635,-11.895950317382812
2026-08-04T04:57:13.560000-04:00,12.279777526855469,0.3949338495731354,-11.884843826293945
2026-08-04T04:57:13.564000-04:00,12.288545608520508,0.38768520951271057,-11.900860786437988
2026-08-04T04:57:13.568000-04:00,12.29813289642334,0.3990258276462555,-11.899106979370117
2026-08-04T04:57:13.572000-04:00,12.289130210876465,0.39247867465019226,-11.896651268005371
2026-08-04T04:57:13.576000-04:00,12.292520523071289,0.4059237241744995,-11.8865966796875
2026-08-04T04:57:13.580000-04:00,12.29614543914795,0.4139907658100128,-11.88215446472168
2026-08-04T04:57:13.584000-04:00,12.307602882385254,0.43854260444641113,-11.869060516357422
2026-08-04T04:57:13.588000-04:00,12.31309700012207,0.44579121470451355,-11.867305755615234
2026-08-04T04:57:13.592000-04:00,12.318358421325684,0.45526123046875,-11.863097190856934
2026-08-04T04:57:13.596000-04:00,12.32081413269043,0.4615745544433594,-11.85923957824707
2026-08-04T04:57:13.600000-04:00,12.32303524017334,0.46999233961105347,-11.853042602539062
2026-08-04T04:57:13.604000-04:00,12.335077285766602,0.48039764165878296,-11.854680061340332
2026-08-04T04:57:13.608000-04:00,12.346067428588867,0.5055340528488159,-11.840533256530762
2026-08-04T04:57:13.612000-04:00,12.342326164245605,0.5140687227249146,-11.82825756072998
2026-08-04T04:57:13.616000-04:00,12.344079971313477,0.5258769989013672,-11.81820297241211
2026-08-04T04:57:13.620000-04:00,12.359512329101562,0.5421279668807983,-11.817384719848633
2026-08-04T04:57:13.624000-04:00,12.379621505737305,0.5701872110366821,-11.809433937072754
2026-08-04T04:57:13.628000-04:00,12.384297370910645,0.5876073241233826,-11.796689987182617
2026-08-04T04:57:13.632000-04:00,12.396924018859863,0.6026891469955444,-11.794235229492188
2026-08-04T04:57:13.636000-04:00,12.402536392211914,0.6238505244255066,-11.778685569763184
2026-08-04T04:57:13.640000-04:00,12.422528266906738,0.6464148163795471,-11.776113510131836
2026-08-04T04:57:13.644000-04:00,12.437493324279785,0.6866330504417419,-11.750860214233398
2026-08-04T04:57:13.648000-04:00,12.456666946411133,0.7069759964942932,-11.749691009521484
2026-08-04T04:57:13.652000-04:00,12.46917724609375,0.7533906698226929,-11.715786933898926
2026-08-04T04:57:13.656000-04:00,12.4801664352417,0.7765395641326904,-11.70362663269043
2026-08-04T04:57:13.660000-04:00,12.507290840148926,0.8020266890525818,-11.7052640914917
2026-08-04T04:57:13.664000-04:00,12.52482795715332,0.8298521041870117,-11.694975852966309
2026-08-04T04:57:13.668000-04:00,12.547040939331055,0.8783712387084961,-11.668669700622559
2026-08-04T04:57:13.672000-04:00,12.555459022521973,0.9079503417015076,-11.64750862121582
2026-08-04T04:57:13.676000-04:00,12.56212329864502,0.9289947748184204,-11.63312816619873
2026-08-04T04:57:13.680000-04:00,12.576620101928711,0.9459472298622131,-11.630672454833984
2026-08-04T04:57:13.684000-04:00,12.587493896484375,0.9719020128250122,-11.615592002868652
2026-08-04T04:57:13.688000-04:00,12.596729278564453,0.9918942451477051,-11.604835510253906
2026-08-04T04:57:13.692000-04:00,12.59895133972168,0.9977399110794067,-11.601211547851562
2026-08-04T04:57:13.696000-04:00,12.586090087890625,0.9931802749633789,-11.592909812927246
2026-08-04T04:57:13.700000-04:00,12.578608512878418,0.9875684380531311,-11.591039657592773
2026-08-04T04:57:13.704000-04:00,12.572060585021973,0.9728373289108276,-11.599223136901855
2026-08-04T04:57:13.708000-04:00,12.56820297241211,0.9660563468933105,-11.60214614868164
2026-08-04T04:57:13.712000-04:00,12.546339988708496,0.9294624328613281,-11.616877555847168
2026-08-04T04:57:13.716000-04:00,12.525646209716797,0.8984803557395935,-11.627165794372559
2026-08-04T04:57:13.720000-04:00,12.49817180633545,0.8418942093849182,-11.656277656555176
2026-08-04T04:57:13.724000-04:00,12.47163200378418,0.7988700270652771,-11.672761917114258
2026-08-04T04:57:13.728000-04:00,12.460174560546875,0.7643805742263794,-11.695794105529785
2026-08-04T04:57:13.732000-04:00,12.415045738220215,0.6998443007469177,-11.715201377868652
2026-08-04T04:57:13.736000-04:00,12.391663551330566,0.6613797545433044,-11.730283737182617
2026-08-04T04:57:13.740000-04:00,12.37646484375,0.6097039580345154,-11.76676082611084
2026-08-04T04:57:13.744000-04:00,12.353081703186035,0.569836437702179,-11.783245086669922
2026-08-04T04:57:13.748000-04:00,12.335895538330078,0.527747631072998,-11.808147430419922
2026-08-04T04:57:13.752000-04:00,12.314032554626465,0.4820344150066376,-11.831997871398926
2026-08-04T04:57:13.756000-04:00,12.29181957244873,0.4496493637561798,-11.842169761657715
2026-08-04T04:57:13.760000-04:00,12.27966022491455,0.43211233615875244,-11.84754753112793
2026-08-04T04:57:13.764000-04:00,12.275100708007812,0.3954015076160431,-11.879698753356934
2026-08-04T04:57:13.768000-04:00,12.263994216918945,0.4014810025691986,-11.862513542175293
2026-08-04T04:57:13.772000-04:00,12.250314712524414,0.36266571283340454,-11.887648582458496
2026-08-04T04:57:13.776000-04:00,12.239792823791504,0.36196422576904297,-11.877828598022461
2026-08-04T04:57:13.780000-04:00,12.234882354736328,0.33869844675064087,-11.896183967590332
2026-08-04T04:57:13.784000-04:00,12.241195678710938,0.3333204388618469,-11.907875061035156
2026-08-04T04:57:13.788000-04:00,12.237103462219238,0.3295792043209076,-11.907524108886719
2026-08-04T04:57:13.792000-04:00,12.233128547668457,0.32221364974975586,-11.91091537475586
2026-08-04T04:57:13.796000-04:00,12.22225570678711,0.3206937611103058,-11.901561737060547
2026-08-04T04:57:13.800000-04:00,12.217696189880371,0.31695252656936646,-11.90074348449707
2026-08-04T04:57:13.804000-04:00,12.220969200134277,0.3187062442302704,-11.902262687683105
2026-08-04T04:57:13.808000-04:00,12.225178718566895,0.31929081678390503,-11.905887603759766
2026-08-04T04:57:13.812000-04:00,12.214422225952148,0.31905698776245117,-11.895364761352539
2026-08-04T04:57:13.816000-04:00,12.20986270904541,0.3210445046424866,-11.88881778717041
2026-08-04T04:57:13.820000-04:00,12.207056999206543,0.3156664967536926,-11.891390800476074
2026-08-04T04:57:13.824000-04:00,12.217111587524414,0.321979820728302,-11.895132064819336
2026-08-04T04:57:13.828000-04:00,12.2201509475708,0.3195246458053589,-11.900626182556152
2026-08-04T04:57:13.832000-04:00,12.208810806274414,0.324668824672699,-11.88414192199707
2026-08-04T04:57:13.836000-04:00,12.20962905883789,0.3188231587409973,-11.890806198120117
2026-08-04T04:57:13.840000-04:00,12.209511756896973,0.3259548842906952,-11.883557319641113
2026-08-04T04:57:13.844000-04:00,12.218280792236328,0.328877717256546,-11.889403343200684
2026-08-04T04:57:13.848000-04:00,12.20986270904541,0.3389322757720947,-11.870930671691895
2026-08-04T04:57:13.852000-04:00,12.212318420410156,0.3404521644115448,-11.871866226196289
2026-08-04T04:57:13.856000-04:00,12.202613830566406,0.35190966725349426,-11.850704193115234
2026-08-04T04:57:13.860000-04:00,12.212434768676758,0.34583017230033875,-11.866604804992676
2026-08-04T04:57:13.864000-04:00,12.216643333435059,0.36114585399627686,-11.855497360229492
2026-08-04T04:57:13.868000-04:00,12.2200345993042,0.37155115604400635,-11.848483085632324
2026-08-04T04:57:13.872000-04:00,12.218047142028809,0.36745917797088623,-11.850587844848633
2026-08-04T04:57:13.876000-04:00,12.213603973388672,0.3744739890098572,-11.839130401611328
2026-08-04T04:57:13.880000-04:00,12.216760635375977,0.3749416470527649,-11.841818809509277
2026-08-04T04:57:13.884000-04:00,12.226114273071289,0.37915053963661194,-11.846963882446289
2026-08-04T04:57:13.888000-04:00,12.23277759552002,0.3945831060409546,-11.838194847106934
2026-08-04T04:57:13.892000-04:00,12.230907440185547,0.4026501476764679,-11.82825756072998
2026-08-04T04:57:13.896000-04:00,12.222957611083984,0.3910757005214691,-11.831881523132324
2026-08-04T04:57:13.900000-04:00,12.229620933532715,0.4047545790672302,-11.82486629486084
2026-08-04T04:57:13.904000-04:00,12.236987113952637,0.4062744677066803,-11.83071231842041
2026-08-04T04:57:13.908000-04:00,12.242949485778809,0.41480913758277893,-11.828140258789062
2026-08-04T04:57:13.912000-04:00,12.231258392333984,0.40171483159065247,-11.829543113708496
2026-08-04T04:57:13.916000-04:00,12.22669792175293,0.41083407402038574,-11.815863609313965
2026-08-04T04:57:13.920000-04:00,12.23453140258789,0.40615755319595337,-11.828373908996582
2026-08-04T04:57:13.924000-04:00,12.247391700744629,0.4145753085613251,-11.832816123962402
2026-08-04T04:57:13.928000-04:00,12.244235038757324,0.4106002748012543,-11.833634376525879
2026-08-04T04:57:13.932000-04:00,12.233830451965332,0.40767741203308105,-11.826152801513672
2026-08-04T04:57:13.936000-04:00,12.231258392333984,0.39844125509262085,-11.832817077636719
2026-08-04T04:57:13.940000-04:00,12.23055648803711,0.3975059390068054,-11.833050727844238
2026-08-04T04:57:13.944000-04:00,12.239792823791504,0.3941154479980469,-11.845677375793457
2026-08-04T04:57:13.948000-04:00,12.241897583007812,0.39353087544441223,-11.848366737365723
2026-08-04T04:57:13.952000-04:00,12.227399826049805,0.38043656945228577,-11.846962928771973
2026-08-04T04:57:13.956000-04:00,12.227517127990723,0.3885036110877991,-11.83901309967041
2026-08-04T04:57:13.960000-04:00,12.235116004943848,0.3902572989463806,-11.84485912322998
2026-08-04T04:57:13.964000-04:00,12.23231029510498,0.3769291639328003,-11.85538101196289
2026-08-04T04:57:13.968000-04:00,12.2367525100708,0.3789167106151581,-11.85783576965332
2026-08-04T04:57:13.972000-04:00,12.237337112426758,0.38441163301467896,-11.852925300598145
2026-08-04T04:57:13.976000-04:00,12.227166175842285,0.37272027134895325,-11.854445457458496
2026-08-04T04:57:13.980000-04:00,12.222373008728027,0.3681606650352478,-11.854212760925293
2026-08-04T04:57:13.984000-04:00,12.231492042541504,0.38195645809173584,-11.849535942077637
2026-08-04T04:57:13.988000-04:00,12.227166175842285,0.36839449405670166,-11.858771324157715
2026-08-04T04:57:13.992000-04:00,12.225879669189453,0.3621980547904968,-11.86368179321289
2026-08-04T04:57:13.996000-04:00,12.216760635375977,0.36441943049430847,-11.852341651916504
2026-08-04T04:57:14-04:00,12.221904754638672,0.36547163128852844,-11.856432914733887
2026-08-04T04:57:14.004000-04:00,12.228218078613281,0.356586217880249,-11.871631622314453
2026-08-04T04:57:14.008000-04:00,12.228569030761719,0.3632502853870392,-11.865318298339844
2026-08-04T04:57:14.012000-04:00,12.231023788452148,0.3612627685070038,-11.86976146697998
2026-08-04T04:57:14.016000-04:00,12.227633476257324,0.36395177245140076,-11.86368179321289
2026-08-04T04:57:14.020000-04:00,12.2201509475708,0.3548325002193451,-11.865318298339844
2026-08-04T04:57:14.024000-04:00,12.225529670715332,0.34302425384521484,-11.882505416870117
2026-08-04T04:57:14.028000-04:00,12.224360466003418,0.35027289390563965,-11.8740873336792
2026-08-04T04:57:14.032000-04:00,12.218981742858887,0.34547942876815796,-11.873502731323242
2026-08-04T04:57:14.036000-04:00,12.218047142028809,0.3368278443813324,-11.881218910217285
2026-08-04T04:57:14.040000-04:00,12.219683647155762,0.3356586992740631,-11.884024620056152
2026-08-04T04:57:14.044000-04:00,12.225763320922852,0.34103670716285706,-11.884726524353027
2026-08-04T04:57:14.048000-04:00,12.218865394592285,0.3328527808189392,-11.88601303100586
2026-08-04T04:57:14.052000-04:00,12.221086502075195,0.3420889377593994,-11.878997802734375
2026-08-04T04:57:14.056000-04:00,12.211031913757324,0.3371785879135132,-11.87385368347168
2026-08-04T04:57:14.060000-04:00,12.208810806274414,0.33308660984039307,-11.875723838806152
2026-08-04T04:57:14.064000-04:00,12.21980094909668,0.3339049816131592,-11.885895729064941
2026-08-04T04:57:14.068000-04:00,12.221203804016113,0.34501177072525024,-11.876192092895508
2026-08-04T04:57:14.072000-04:00,12.219332695007324,0.33507412672042847,-11.884258270263672
2026-08-04T04:57:14.076000-04:00,12.209395408630371,0.3215121626853943,-11.887883186340332
2026-08-04T04:57:14.080000-04:00,12.211616516113281,0.3142635226249695,-11.897353172302246
2026-08-04T04:57:14.084000-04:00,12.227166175842285,0.34302425384521484,-11.88414192199707
2026-08-04T04:57:14.088000-04:00,12.225996971130371,0.33308660984039307,-11.89291000366211
2026-08-04T04:57:14.092000-04:00,12.219917297363281,0.32665637135505676,-11.893260955810547
2026-08-04T04:57:14.096000-04:00,12.208927154541016,0.3243180811405182,-11.88460922241211
2026-08-04T04:57:14.100000-04:00,12.213136672973633,0.3135620355606079,-11.899574279785156
2026-08-04T04:57:14.104000-04:00,12.216409683227539,0.32501956820487976,-11.891389846801758
2026-08-04T04:57:14.108000-04:00,12.220619201660156,0.33308660984039307,-11.887532234191895
2026-08-04T04:57:14.112000-04:00,12.211967468261719,0.3256041407585144,-11.88636302947998
2026-08-04T04:57:14.116000-04:00,12.20156192779541,0.31695252656936646,-11.88460922241211
2026-08-04T04:57:14.120000-04:00,12.202146530151367,0.30362439155578613,-11.89852237701416
2026-08-04T04:57:14.124000-04:00,12.214071273803711,0.31812167167663574,-11.895949363708496
2026-08-04T04:57:14.128000-04:00,12.216877937316895,0.31625106930732727,-11.900627136230469
2026-08-04T04:57:14.132000-04:00,12.209511756896973,0.3195246458053589,-11.889986991882324
2026-08-04T04:57:14.136000-04:00,12.202613830566406,0.315081924200058,-11.887532234191895
2026-08-04T04:57:14.140000-04:00,12.208342552185059,0.3139127790927887,-11.894430160522461
2026-08-04T04:57:14.144000-04:00,12.215240478515625,0.32420116662979126,-11.89103889465332
2026-08-04T04:57:14.148000-04:00,12.214655876159668,0.3275916576385498,-11.887063980102539
2026-08-04T04:57:14.152000-04:00,12.199925422668457,0.3163679540157318,-11.883557319641113
2026-08-04T04:57:14.156000-04:00,12.196885108947754,0.32139524817466736,-11.875490188598633
2026-08-04T04:57:14.160000-04:00,12.206939697265625,0.328877717256546,-11.87806224822998
2026-08-04T04:57:14.164000-04:00,12.213486671447754,0.31742018461227417,-11.896066665649414
2026-08-04T04:57:14.168000-04:00,12.206589698791504,0.3130943775177002,-11.893495559692383
2026-08-04T04:57:14.172000-04:00,12.200392723083496,0.31777092814445496,-11.882621765136719
2026-08-04T04:57:14.176000-04:00,12.196300506591797,0.331566721200943,-11.864733695983887
2026-08-04T04:57:14.180000-04:00,12.20156192779541,0.31531575322151184,-11.886245727539062
2026-08-04T04:57:14.184000-04:00,12.207757949829102,0.31169143319129944,-11.896066665649414
2026-08-04T04:57:14.188000-04:00,12.209044456481934,0.3274747431278229,-11.881569862365723
2026-08-04T04:57:14.192000-04:00,12.201912879943848,0.331566721200943,-11.870346069335938
2026-08-04T04:57:14.196000-04:00,12.197236061096191,0.3111068606376648,-11.886129379272461
2026-08-04T04:57:14.200000-04:00,12.198287963867188,0.31169143319129944,-11.8865966796875
2026-08-04T04:57:14.204000-04:00,12.206706047058105,0.32057684659957886,-11.886129379272461
2026-08-04T04:57:14.208000-04:00,12.210447311401367,0.3296961188316345,-11.880751609802246
2026-08-04T04:57:14.212000-04:00,12.200041770935059,0.3239673376083374,-11.87607479095459
2026-08-04T04:57:14.216000-04:00,12.193612098693848,0.31367895007133484,-11.87993335723877
2026-08-04T04:57:14.220000-04:00,12.199691772460938,0.313445121049881,-11.886246681213379
2026-08-04T04:57:14.224000-04:00,12.213486671447754,0.3284100592136383,-11.885076522827148
2026-08-04T04:57:14.228000-04:00,12.212201118469238,0.3316836357116699,-11.880517959594727
2026-08-04T04:57:14.232000-04:00,12.199223518371582,0.32174599170684814,-11.877477645874023
2026-08-04T04:57:14.236000-04:00,12.19735336303711,0.31286054849624634,-11.884492874145508
2026-08-04T04:57:14.240000-04:00,12.191624641418457,0.32373350858688354,-11.867891311645508
2026-08-04T04:57:14.244000-04:00,12.203082084655762,0.3238504230976105,-11.879231452941895
2026-08-04T04:57:14.248000-04:00,12.208108901977539,0.3375293016433716,-11.870579719543457
2026-08-04T04:57:14.252000-04:00,12.201094627380371,0.32501956820487976,-11.87607479095459
2026-08-04T04:57:14.256000-04:00,12.198405265808105,0.3171863555908203,-11.881218910217285
2026-08-04T04:57:14.260000-04:00,12.201444625854492,0.3243180811405182,-11.877126693725586
2026-08-04T04:57:14.264000-04:00,12.202380180358887,0.3300468623638153,-11.872333526611328
2026-08-04T04:57:14.268000-04:00,12.209746360778809,0.3348402976989746,-11.874906539916992
2026-08-04T04:57:14.272000-04:00,12.202380180358887,0.3239673376083374,-11.878413200378418
2026-08-04T04:57:14.276000-04:00,12.198522567749023,0.32689017057418823,-11.87163257598877
2026-08-04T04:57:14.280000-04:00,12.197587013244629,0.33296969532966614,-11.864617347717285
2026-08-04T04:57:14.284000-04:00,12.209278106689453,0.32537031173706055,-11.883907318115234
2026-08-04T04:57:14.288000-04:00,12.204601287841797,0.32689017057418823,-11.877711296081543
2026-08-04T04:57:14.292000-04:00,12.19957447052002,0.3224474787712097,-11.877126693725586
2026-08-04T04:57:14.296000-04:00,12.194313049316406,0.3236165940761566,-11.870696067810059
2026-08-04T04:57:14.300000-04:00,12.19711971282959,0.3171863555908203,-11.87993335723877
2026-08-04T04:57:14.304000-04:00,12.20378303527832,0.3232658803462982,-11.88051700592041
2026-08-04T04:57:14.308000-04:00,12.206823348999023,0.33823078870773315,-11.868592262268066
2026-08-04T04:57:14.312000-04:00,12.202731132507324,0.31461426615715027,-11.888116836547852
2026-08-04T04:57:14.316000-04:00,12.192910194396973,0.32057684659957886,-11.872333526611328
2026-08-04T04:57:14.320000-04:00,12.196184158325195,0.3284100592136383,-11.86777400970459
2026-08-04T04:57:14.324000-04:00,12.211265563964844,0.32572105526924133,-11.885544776916504
2026-08-04T04:57:14.328000-04:00,12.215124130249023,0.3271239995956421,-11.88800048828125
2026-08-04T04:57:14.332000-04:00,12.225412368774414,0.3576384484767914,-11.86777400970459
2026-08-04T04:57:14.336000-04:00,12.226932525634766,0.35985979437828064,-11.867073059082031
2026-08-04T04:57:14.340000-04:00,12.24107837677002,0.3851131200790405,-11.855965614318848
2026-08-04T04:57:14.344000-04:00,12.236167907714844,0.3934139609336853,-11.842754364013672
2026-08-04T04:57:14.348000-04:00,12.229504585266113,0.41165247559547424,-11.817852020263672
2026-08-04T04:57:14.352000-04:00,12.2325439453125,0.419018030166626,-11.813526153564453
2026-08-04T04:57:14.356000-04:00,12.260953903198242,0.45818406343460083,-11.802769660949707
2026-08-04T04:57:14.360000-04:00,12.254524230957031,0.4758380055427551,-11.7786865234375
2026-08-04T04:57:14.364000-04:00,12.234882354736328,0.4818005859851837,-11.753081321716309
2026-08-04T04:57:14.368000-04:00,12.211149215698242,0.4649650454521179,-11.746184349060059
2026-08-04T04:57:14.372000-04:00,12.215006828308105,0.45982083678245544,-11.755186080932617
2026-08-04T04:57:14.376000-04:00,12.21208381652832,0.45549505949020386,-11.75658893585205
2026-08-04T04:57:14.380000-04:00,12.22038459777832,0.4641466438770294,-11.756237983703613
2026-08-04T04:57:14.384000-04:00,12.247859954833984,0.46823862195014954,-11.779621124267578
2026-08-04T04:57:14.388000-04:00,12.258381843566895,0.4445051848888397,-11.81387710571289
2026-08-04T04:57:14.392000-04:00,12.248444557189941,0.41328927874565125,-11.835155487060547
2026-08-04T04:57:14.396000-04:00,12.239559173583984,0.4183165431022644,-11.821242332458496
2026-08-04T04:57:14.400000-04:00,12.233128547668457,0.40884655714035034,-11.824281692504883
2026-08-04T04:57:14.404000-04:00,12.23008918762207,0.3922448456287384,-11.837843894958496
2026-08-04T04:57:14.408000-04:00,12.223191261291504,0.3881528675556183,-11.835038185119629
2026-08-04T04:57:14.412000-04:00,12.208927154541016,0.36956360936164856,-11.839363098144531
2026-08-04T04:57:14.416000-04:00,12.199457168579102,0.33542487025260925,-11.864032745361328
2026-08-04T04:57:14.420000-04:00,12.18472671508789,0.32303205132484436,-11.8616943359375
2026-08-04T04:57:14.424000-04:00,12.187649726867676,0.315081924200058,-11.872568130493164
2026-08-04T04:57:14.428000-04:00,12.189637184143066,0.3056119382381439,-11.884025573730469
2026-08-04T04:57:14.432000-04:00,12.188117027282715,0.30292290449142456,-11.885193824768066
2026-08-04T04:57:14.436000-04:00,12.177244186401367,0.29240068793296814,-11.884843826293945
2026-08-04T04:57:14.440000-04:00,12.193378448486328,0.3023383617401123,-11.891039848327637
2026-08-04T04:57:14.444000-04:00,12.188467979431152,0.30163687467575073,-11.886831283569336
2026-08-04T04:57:14.448000-04:00,12.184024810791016,0.29719415307044983,-11.88683032989502
2026-08-04T04:57:14.452000-04:00,12.185544967651367,0.291582316160202,-11.893962860107422
2026-08-04T04:57:14.456000-04:00,12.17712688446045,0.2784879803657532,-11.898638725280762
2026-08-04T04:57:14.460000-04:00,12.179465293884277,0.2907639145851135,-11.888701438903809
2026-08-04T04:57:14.464000-04:00,12.185895919799805,0.2983632981777191,-11.887532234191895
2026-08-04T04:57:14.468000-04:00,12.177010536193848,0.3018707036972046,-11.875140190124512
2026-08-04T04:57:14.472000-04:00,12.164617538452148,0.30654722452163696,-11.858070373535156
2026-08-04T04:57:14.476000-04:00,12.128725051879883,0.32057684659957886,-11.808148384094238
2026-08-04T04:57:14.480000-04:00,12.119956016540527,0.3537802994251251,-11.766175270080566
2026-08-04T04:57:14.484000-04:00,12.186714172363281,0.35424795746803284,-11.832466125488281
2026-08-04T04:57:14.488000-04:00,12.288311958312988,0.4187842011451721,-11.869527816772461
2026-08-04T04:57:14.492000-04:00,12.380206108093262,0.5441154837608337,-11.836091041564941
2026-08-04T04:57:14.496000-04:00,12.489520072937012,0.8932192325592041,-11.596301078796387
2026-08-04T04:57:14.500000-04:00,12.451873779296875,1.2661733627319336,-11.185700416564941
2026-08-04T04:57:14.504000-04:00,12.40966796875,2.0341782569885254,-10.375490188598633
2026-08-04T04:57:14.508000-04:00,12.369917869567871,2.475877523422241,-9.89404010772705
2026-08-04T04:57:14.512000-04:00,12.303393363952637,2.6980130672454834,-9.605380058288574
2026-08-04T04:57:14.516000-04:00,12.220268249511719,2.6017932891845703,-9.618474960327148
2026-08-04T04:57:14.520000-04:00,12.216643333435059,2.1819570064544678,-10.034686088562012
2026-08-04T04:57:14.524000-04:00,12.195950508117676,1.539867877960205,-10.656082153320312
2026-08-04T04:57:14.528000-04:00,12.214890480041504,1.1704212427139282,-11.044468879699707
2026-08-04T04:57:14.532000-04:00,12.231492042541504,0.724513053894043,-11.506978988647461
2026-08-04T04:57:14.536000-04:00,12.287843704223633,0.6885036826133728,-11.599340438842773
2026-08-04T04:57:14.540000-04:00,12.294858932495117,0.6142635941505432,-11.680595397949219
2026-08-04T04:57:14.544000-04:00,12.255927085876465,0.5556899309158325,-11.700237274169922
2026-08-04T04:57:14.548000-04:00,12.265864372253418,0.489867627620697,-11.775997161865234
2026-08-04T04:57:14.552000-04:00,12.262474060058594,0.4633282423019409,-11.799145698547363
2026-08-04T04:57:14.556000-04:00,12.247509002685547,0.44134852290153503,-11.806160926818848
2026-08-04T04:57:14.560000-04:00,12.253822326660156,0.41609519720077515,-11.837727546691895
2026-08-04T04:57:14.564000-04:00,12.26107120513916,0.4198364317417145,-11.841235160827637
2026-08-04T04:57:14.568000-04:00,12.259317398071289,0.41013261675834656,-11.8491849899292
2026-08-04T04:57:14.572000-04:00,12.256978988647461,0.4039361774921417,-11.853042602539062
2026-08-04T04:57:14.576000-04:00,12.252653121948242,0.3932970464229584,-11.859355926513672
2026-08-04T04:57:14.580000-04:00,12.250081062316895,0.40206557512283325,-11.848015785217285
2026-08-04T04:57:14.584000-04:00,12.268085479736328,0.4131723642349243,-11.854912757873535
2026-08-04T04:57:14.588000-04:00,12.278724670410156,0.42334383726119995,-11.85538101196289
2026-08-04T04:57:14.592000-04:00,12.273229598999023,0.4125877916812897,-11.860641479492188
2026-08-04T04:57:14.596000-04:00,12.27568531036377,0.42498061060905457,-11.85070514678955
2026-08-04T04:57:14.600000-04:00,12.282583236694336,0.4307093918323517,-11.851873397827148
2026-08-04T04:57:14.604000-04:00,12.292637825012207,0.43538591265678406,-11.85725212097168
2026-08-04T04:57:14.608000-04:00,12.288779258728027,0.43608739972114563,-11.852691650390625
2026-08-04T04:57:14.612000-04:00,12.289363861083984,0.448363333940506,-11.8410005569458
2026-08-04T04:57:14.616000-04:00,12.292871475219727,0.449298620223999,-11.843572616577148
2026-08-04T04:57:14.620000-04:00,12.303159713745117,0.45865172147750854,-11.844508171081543
2026-08-04T04:57:14.624000-04:00,12.31941032409668,0.47911158204078674,-11.840298652648926
2026-08-04T04:57:14.628000-04:00,12.323619842529297,0.49279046058654785,-11.830829620361328
2026-08-04T04:57:14.632000-04:00,12.319060325622559,0.49232280254364014,-11.826737403869629
2026-08-04T04:57:14.636000-04:00,12.313565254211426,0.4973500967025757,-11.816215515136719
2026-08-04T04:57:14.640000-04:00,12.334141731262207,0.5201482176780701,-11.813993453979492
2026-08-04T04:57:14.644000-04:00,12.345599174499512,0.5365161299705505,-11.809082984924316
2026-08-04T04:57:14.648000-04:00,12.356822967529297,0.5561575889587402,-11.800664901733398
2026-08-04T04:57:14.652000-04:00,12.361266136169434,0.5643415451049805,-11.796924591064453
2026-08-04T04:57:14.656000-04:00,12.357641220092773,0.5735777020454407,-11.784063339233398
2026-08-04T04:57:14.660000-04:00,12.374944686889648,0.5964927673339844,-11.778451919555664
2026-08-04T04:57:14.664000-04:00,12.393884658813477,0.6122760772705078,-11.781608581542969
2026-08-04T04:57:14.668000-04:00,12.411188125610352,0.6420890092849731,-11.769099235534668
2026-08-04T04:57:14.672000-04:00,12.414111137390137,0.6564694046974182,-11.757641792297363
2026-08-04T04:57:14.676000-04:00,12.430829048156738,0.6860485076904297,-11.744780540466309
2026-08-04T04:57:14.680000-04:00,12.439480781555176,0.7331646680831909,-11.706315994262695
2026-08-04T04:57:14.684000-04:00,12.474672317504883,0.7578334212303162,-11.716838836669922
2026-08-04T04:57:14.688000-04:00,12.50039291381836,0.7962979674339294,-11.704094886779785
2026-08-04T04:57:14.692000-04:00,12.503900527954102,0.8194468021392822,-11.684453964233398
2026-08-04T04:57:14.696000-04:00,12.519800186157227,0.8449339866638184,-11.67486572265625
2026-08-04T04:57:14.700000-04:00,12.538272857666016,0.8685504794120789,-11.669722557067871
2026-08-04T04:57:14.704000-04:00,12.5701904296875,0.9293455481529236,-11.64084529876709
2026-08-04T04:57:14.708000-04:00,12.574983596801758,0.9362434148788452,-11.638740539550781
2026-08-04T04:57:14.712000-04:00,12.590415954589844,0.9688622951507568,-11.621553421020508
2026-08-04T04:57:14.716000-04:00,12.597548484802246,0.9904912710189819,-11.607057571411133
2026-08-04T04:57:14.720000-04:00,12.600120544433594,1.0052224397659302,-11.594898223876953
2026-08-04T04:57:14.724000-04:00,12.616604804992676,1.0166798830032349,-11.59992504119873
2026-08-04T04:57:14.728000-04:00,12.613565444946289,1.0227594375610352,-11.590806007385254
2026-08-04T04:57:14.732000-04:00,12.602692604064941,1.0141078233718872,-11.588584899902344
2026-08-04T04:57:14.736000-04:00,12.590065956115723,1.0210057497024536,-11.569060325622559
2026-08-04T04:57:14.740000-04:00,12.596963882446289,1.0095481872558594,-11.58741569519043
2026-08-04T04:57:14.744000-04:00,12.581296920776367,0.9963369369506836,-11.584959983825684
2026-08-04T04:57:14.748000-04:00,12.573814392089844,0.974591076374054,-11.599223136901855
2026-08-04T04:57:14.752000-04:00,12.526581764221191,0.9206939339637756,-11.605887413024902
2026-08-04T04:57:14.756000-04:00,12.511032104492188,0.8916993737220764,-11.619332313537598
2026-08-04T04:57:14.760000-04:00,12.486714363098145,0.8471553325653076,-11.639558792114258
2026-08-04T04:57:14.764000-04:00,12.474672317504883,0.8079892992973328,-11.666683197021484
2026-08-04T04:57:14.768000-04:00,12.440065383911133,0.7648482322692871,-11.675216674804688
2026-08-04T04:57:14.772000-04:00,12.420658111572266,0.7146922945976257,-11.705965995788574
2026-08-04T04:57:14.776000-04:00,12.383362770080566,0.6599767804145813,-11.72338581085205
2026-08-04T04:57:14.780000-04:00,12.358343124389648,0.6125099062919617,-11.745833396911621
2026-08-04T04:57:14.784000-04:00,12.34571647644043,0.5983633399009705,-11.747353553771973
2026-08-04T04:57:14.788000-04:00,12.324671745300293,0.5589635372161865,-11.765707969665527
2026-08-04T04:57:14.792000-04:00,12.297548294067383,0.5103275179862976,-11.78722095489502
2026-08-04T04:57:14.796000-04:00,12.291000366210938,0.4709276258945465,-11.820073127746582
2026-08-04T04:57:14.800000-04:00,12.27767276763916,0.464848130941391,-11.812824249267578
2026-08-04T04:57:14.804000-04:00,12.274282455444336,0.4432191252708435,-11.831063270568848
2026-08-04T04:57:14.808000-04:00,12.26305866241455,0.4303586483001709,-11.8326997756958
2026-08-04T04:57:14.812000-04:00,12.24692440032959,0.398207426071167,-11.848716735839844
2026-08-04T04:57:14.816000-04:00,12.238740921020508,0.3726033568382263,-11.866137504577637
2026-08-04T04:57:14.820000-04:00,12.24061107635498,0.3722526431083679,-11.868358612060547
2026-08-04T04:57:14.824000-04:00,12.237805366516113,0.37026509642601013,-11.86754035949707
2026-08-04T04:57:14.828000-04:00,12.229854583740234,0.36792683601379395,-11.86192798614502
2026-08-04T04:57:14.832000-04:00,12.21839714050293,0.3660562038421631,-11.852340698242188
2026-08-04T04:57:14.836000-04:00,12.214773178100586,0.3597428798675537,-11.855030059814453
2026-08-04T04:57:14.840000-04:00,12.229270935058594,0.35904139280319214,-11.870229721069336
2026-08-04T04:57:14.844000-04:00,12.231608390808105,0.35226041078567505,-11.879347801208496
2026-08-04T04:57:14.848000-04:00,12.221671104431152,0.3716680705547333,-11.850003242492676
2026-08-04T04:57:14.852000-04:00,12.212318420410156,0.360912024974823,-11.85140609741211
2026-08-04T04:57:14.856000-04:00,12.2118501663208,0.3602105379104614,-11.851639747619629
2026-08-04T04:57:14.860000-04:00,12.212552070617676,0.3524942398071289,-11.860057830810547
2026-08-04T04:57:14.864000-04:00,12.226114273071289,0.35144200921058655,-11.874671936035156
2026-08-04T04:57:14.868000-04:00,12.221671104431152,0.36664077639579773,-11.855030059814453
2026-08-04T04:57:14.872000-04:00,12.210213661193848,0.3548325002193451,-11.85538101196289
2026-08-04T04:57:14.876000-04:00,12.21395492553711,0.3553001582622528,-11.858654975891113
2026-08-04T04:57:14.880000-04:00,12.217111587524414,0.3772799074649811,-11.839831352233887
2026-08-04T04:57:14.884000-04:00,12.225295066833496,0.37318792939186096,-11.852107048034668
2026-08-04T04:57:14.888000-04:00,12.22225570678711,0.3838270604610443,-11.838428497314453
2026-08-04T04:57:14.892000-04:00,12.213603973388672,0.3729541003704071,-11.840649604797363
2026-08-04T04:57:14.896000-04:00,12.223073959350586,0.3922448456287384,-11.830828666687012
2026-08-04T04:57:14.900000-04:00,12.224125862121582,0.39201101660728455,-11.832115173339844
2026-08-04T04:57:14.904000-04:00,12.234882354736328,0.39446619153022766,-11.840415954589844
2026-08-04T04:57:14.908000-04:00,12.230439186096191,0.40077951550483704,-11.829659461975098
2026-08-04T04:57:14.912000-04:00,12.225996971130371,0.398207426071167,-11.827789306640625
2026-08-04T04:57:14.916000-04:00,12.227166175842285,0.4038192629814148,-11.823347091674805
2026-08-04T04:57:14.920000-04:00,12.23277759552002,0.4035854637622833,-11.829192161560059
2026-08-04T04:57:14.924000-04:00,12.241780281066895,0.41095098853111267,-11.830829620361328
2026-08-04T04:57:14.928000-04:00,12.237454414367676,0.4235776662826538,-11.81387710571289
2026-08-04T04:57:14.932000-04:00,12.24107837677002,0.4187842011451721,-11.822294235229492
2026-08-04T04:57:14.936000-04:00,12.232661247253418,0.42813730239868164,-11.804523468017578
2026-08-04T04:57:14.940000-04:00,12.246222496032715,0.43901023268699646,-11.807211875915527
2026-08-04T04:57:14.944000-04:00,12.24937915802002,0.4436867833137512,-11.805692672729492
2026-08-04T04:57:14.948000-04:00,12.246807098388672,0.4296571612358093,-11.817150115966797
2026-08-04T04:57:14.952000-04:00,12.244585990905762,0.43620431423187256,-11.808382034301758
2026-08-04T04:57:14.956000-04:00,12.24283218383789,0.4227592647075653,-11.820073127746582
2026-08-04T04:57:14.960000-04:00,12.251016616821289,0.41656285524368286,-11.834453582763672
2026-08-04T04:57:14.964000-04:00,12.259668350219727,0.4041700065135956,-11.855498313903809
2026-08-04T04:57:14.968000-04:00,12.250081062316895,0.4138738512992859,-11.836207389831543
2026-08-04T04:57:14.972000-04:00,12.24306583404541,0.41936877369880676,-11.823697090148926
2026-08-04T04:57:14.976000-04:00,12.23838996887207,0.4218239486217499,-11.816566467285156
2026-08-04T04:57:14.980000-04:00,12.259317398071289,0.4218239486217499,-11.837493896484375
2026-08-04T04:57:14.984000-04:00,12.255107879638672,0.4187842011451721,-11.836323738098145
2026-08-04T04:57:14.988000-04:00,12.249496459960938,0.41282162070274353,-11.836674690246582
2026-08-04T04:57:14.992000-04:00,12.247626304626465,0.39645373821258545,-11.85117244720459
2026-08-04T04:57:14.996000-04:00,12.243534088134766,0.3785659670829773,-11.864968299865723
2026-08-04T04:57:15-04:00,12.239792823791504,0.3823072016239166,-11.8574857711792
2026-08-04T04:57:15.004000-04:00,12.248444557189941,0.38639914989471436,-11.862045288085938
2026-08-04T04:57:15.008000-04:00,12.254173278808594,0.38791903853416443,-11.866253852844238
2026-08-04T04:57:15.012000-04:00,12.240026473999023,0.37564313411712646,-11.864383697509766
2026-08-04T04:57:15.016000-04:00,12.2325439453125,0.36617311835289,-11.866371154785156
2026-08-04T04:57:15.020000-04:00,12.237220764160156,0.3668746054172516,-11.870346069335938
2026-08-04T04:57:15.024000-04:00,12.23838996887207,0.3602105379104614,-11.878179550170898
2026-08-04T04:57:15.028000-04:00,12.239909172058105,0.38125497102737427,-11.858654022216797
2026-08-04T04:57:15.032000-04:00,12.239324569702148,0.3749416470527649,-11.86438274383545
2026-08-04T04:57:15.036000-04:00,12.232894897460938,0.3648870885372162,-11.86800765991211
2026-08-04T04:57:15.040000-04:00,12.228919982910156,0.34781768918037415,-11.881102561950684
2026-08-04T04:57:15.044000-04:00,12.233245849609375,0.34068599343299866,-11.892560005187988
2026-08-04T04:57:15.048000-04:00,12.244235038757324,0.3479346036911011,-11.896300315856934
2026-08-04T04:57:15.052000-04:00,12.225996971130371,0.34384265542030334,-11.88215446472168
2026-08-04T04:57:15.056000-04:00,12.225646018981934,0.34033524990081787,-11.885311126708984
2026-08-04T04:57:15.060000-04:00,12.223307609558105,0.3361263573169708,-11.887181282043457
2026-08-04T04:57:15.064000-04:00,12.246807098388672,0.34267351031303406,-11.904133796691895
2026-08-04T04:57:15.068000-04:00,12.23815631866455,0.3343726396560669,-11.903783798217773
2026-08-04T04:57:15.072000-04:00,12.229738235473633,0.34068599343299866,-11.889052391052246
2026-08-04T04:57:15.076000-04:00,12.225412368774414,0.32420116662979126,-11.90121078491211
2026-08-04T04:57:15.080000-04:00,12.228569030761719,0.3396337628364563,-11.888935089111328
2026-08-04T04:57:15.084000-04:00,12.234882354736328,0.3312159776687622,-11.903666496276855
2026-08-04T04:57:15.088000-04:00,12.227048873901367,0.33051449060440063,-11.896533966064453
2026-08-04T04:57:15.092000-04:00,12.224125862121582,0.32092759013175964,-11.9031982421875
2026-08-04T04:57:15.096000-04:00,12.222373008728027,0.3167186975479126,-11.905653953552246
2026-08-04T04:57:15.100000-04:00,12.230907440185547,0.3218629062175751,-11.90904426574707
2026-08-04T04:57:15.104000-04:00,12.233128547668457,0.32665637135505676,-11.906472206115723
2026-08-04T04:57:15.108000-04:00,12.225295066833496,0.32665637135505676,-11.898638725280762
2026-08-04T04:57:15.112000-04:00,12.218280792236328,0.3232658803462982,-11.895014762878418
2026-08-04T04:57:15.116000-04:00,12.222489356994629,0.3252533972263336,-11.897235870361328
2026-08-04T04:57:15.120000-04:00,12.22447681427002,0.3099377155303955,-11.914539337158203
2026-08-04T04:57:15.124000-04:00,12.230205535888672,0.32303205132484436,-11.907173156738281
2026-08-04T04:57:15.128000-04:00,12.225763320922852,0.32735782861709595,-11.898405075073242
2026-08-04T04:57:15.132000-04:00,12.21208381652832,0.31929081678390503,-11.892792701721191
2026-08-04T04:57:15.136000-04:00,12.219449996948242,0.3059626519680023,-11.913487434387207
2026-08-04T04:57:15.140000-04:00,12.233713150024414,0.3119252622127533,-11.921788215637207
2026-08-04T04:57:15.144000-04:00,12.223191261291504,0.31379586458206177,-11.909395217895508
2026-08-04T04:57:15.148000-04:00,12.227867126464844,0.3215121626853943,-11.906354904174805
2026-08-04T04:57:15.152000-04:00,12.22202205657959,0.3111068606376648,-11.91091537475586
2026-08-04T04:57:15.156000-04:00,12.2200345993042,0.3031567335128784,-11.916877746582031
2026-08-04T04:57:15.160000-04:00,12.227048873901367,0.29964932799339294,-11.927399635314941
2026-08-04T04:57:15.164000-04:00,12.231258392333984,0.3104053735733032,-11.920852661132812
2026-08-04T04:57:15.168000-04:00,12.226815223693848,0.31449735164642334,-11.912318229675293
2026-08-04T04:57:15.172000-04:00,12.2200345993042,0.30537810921669006,-11.914656639099121
2026-08-04T04:57:15.176000-04:00,12.218280792236328,0.3106392025947571,-11.907641410827637
2026-08-04T04:57:15.180000-04:00,12.227399826049805,0.301169216632843,-11.926230430603027
2026-08-04T04:57:15.184000-04:00,12.221320152282715,0.31613415479660034,-11.90518569946289
2026-08-04T04:57:15.188000-04:00,12.2284517288208,0.31730327010154724,-11.911148071289062
2026-08-04T04:57:15.192000-04:00,12.220735549926758,0.3135620355606079,-11.907173156738281
2026-08-04T04:57:15.196000-04:00,12.215475082397461,0.315081924200058,-11.90039348602295
2026-08-04T04:57:15.200000-04:00,12.221904754638672,0.3051442801952362,-11.916760444641113
2026-08-04T04:57:15.204000-04:00,12.228919982910156,0.30444279313087463,-11.924477577209473
2026-08-04T04:57:15.208000-04:00,12.225646018981934,0.2919330298900604,-11.93371295928955
2026-08-04T04:57:15.212000-04:00,12.212903022766113,0.28959476947784424,-11.923308372497559
2026-08-04T04:57:15.216000-04:00,12.214188575744629,0.28877636790275574,-11.92541217803955
2026-08-04T04:57:15.220000-04:00,12.221904754638672,0.30128613114356995,-11.920619010925293
2026-08-04T04:57:15.224000-04:00,12.221671104431152,0.3163679540157318,-11.905303001403809
2026-08-04T04:57:15.228000-04:00,12.223892211914062,0.30736562609672546,-11.916526794433594
2026-08-04T04:57:15.232000-04:00,12.224945068359375,0.3127436637878418,-11.912200927734375
2026-08-04T04:57:15.236000-04:00,12.212785720825195,0.29719415307044983,-11.9155912399292
2026-08-04T04:57:15.240000-04:00,12.219099044799805,0.29894784092903137,-11.920150756835938
2026-08-04T04:57:15.244000-04:00,12.233946800231934,0.31379586458206177,-11.920150756835938
2026-08-04T04:57:15.248000-04:00,12.230205535888672,0.31449735164642334,-11.915708541870117
2026-08-04T04:57:15.252000-04:00,12.223191261291504,0.30724871158599854,-11.915942192077637
2026-08-04T04:57:15.256000-04:00,12.215240478515625,0.30163687467575073,-11.913603782653809
2026-08-04T04:57:15.260000-04:00,12.227399826049805,0.3139127790927887,-11.913487434387207
2026-08-04T04:57:15.264000-04:00,12.233479499816895,0.3059626519680023,-11.92751693725586
2026-08-04T04:57:15.268000-04:00,12.228919982910156,0.31250983476638794,-11.916410446166992
2026-08-04T04:57:15.272000-04:00,12.22400951385498,0.3156664967536926,-11.908343315124512
2026-08-04T04:57:15.276000-04:00,12.209980010986328,0.29964932799339294,-11.910330772399902
2026-08-04T04:57:15.280000-04:00,12.220619201660156,0.2959080934524536,-11.924711227416992
2026-08-04T04:57:15.284000-04:00,12.2367525100708,0.312392920255661,-11.924359321594238
2026-08-04T04:57:15.288000-04:00,12.23055648803711,0.31929081678390503,-11.91126537322998
2026-08-04T04:57:15.292000-04:00,12.21372127532959,0.3092362582683563,-11.904484748840332
2026-08-04T04:57:15.296000-04:00,12.213603973388672,0.305495023727417,-11.908108711242676
2026-08-04T04:57:15.300000-04:00,12.221086502075195,0.31367895007133484,-11.907407760620117
2026-08-04T04:57:15.304000-04:00,12.222957611083984,0.30292290449142456,-11.920034408569336
2026-08-04T04:57:15.308000-04:00,12.23032283782959,0.31017154455184937,-11.920151710510254
2026-08-04T04:57:15.312000-04:00,12.214890480041504,0.30736562609672546,-11.907525062561035
2026-08-04T04:57:15.316000-04:00,12.216293334960938,0.29333600401878357,-11.922957420349121
2026-08-04T04:57:15.320000-04:00,12.221671104431152,0.30210453271865845,-11.91956615447998
2026-08-04T04:57:15.324000-04:00,12.233128547668457,0.3168356120586395,-11.916293144226074
2026-08-04T04:57:15.328000-04:00,12.246339797973633,0.3210445046424866,-11.925294876098633
2026-08-04T04:57:15.332000-04:00,12.25277042388916,0.35342955589294434,-11.899340629577637
2026-08-04T04:57:15.336000-04:00,12.251601219177246,0.35272806882858276,-11.898873329162598
2026-08-04T04:57:15.340000-04:00,12.239675521850586,0.36629003286361694,-11.873385429382324
2026-08-04T04:57:15.344000-04:00,12.24470329284668,0.39844125509262085,-11.846261978149414
2026-08-04T04:57:15.348000-04:00,12.262825012207031,0.3954015076160431,-11.867423057556152
2026-08-04T04:57:15.352000-04:00,12.266682624816895,0.41609519720077515,-11.850587844848633
2026-08-04T04:57:15.356000-04:00,12.263409614562988,0.43024173378944397,-11.833168029785156
2026-08-04T04:57:15.360000-04:00,12.240143775939941,0.44696035981178284,-11.793183326721191
2026-08-04T04:57:15.364000-04:00,12.23231029510498,0.43106013536453247,-11.801250457763672
2026-08-04T04:57:15.368000-04:00,12.231141090393066,0.4268512427806854,-11.804289817810059
2026-08-04T04:57:15.372000-04:00,12.231842994689941,0.4296571612358093,-11.802186012268066
2026-08-04T04:57:15.376000-04:00,12.240026473999023,0.4404132068157196,-11.799612998962402
2026-08-04T04:57:15.380000-04:00,12.269488334655762,0.4150429666042328,-11.854445457458496
2026-08-04T04:57:15.384000-04:00,12.27545166015625,0.39481693506240845,-11.880634307861328
2026-08-04T04:57:15.388000-04:00,12.271475791931152,0.37108349800109863,-11.900392532348633
2026-08-04T04:57:15.392000-04:00,12.260602951049805,0.3597428798675537,-11.900859832763672
2026-08-04T04:57:15.396000-04:00,12.247976303100586,0.3528449833393097,-11.89513111114502
2026-08-04T04:57:15.400000-04:00,12.24306583404541,0.34664857387542725,-11.896417617797852
2026-08-04T04:57:15.404000-04:00,12.242364883422852,0.34255659580230713,-11.899807929992676
2026-08-04T04:57:15.408000-04:00,12.234648704528809,0.3163679540157318,-11.918280601501465
2026-08-04T04:57:15.412000-04:00,12.206589698791504,0.2959080934524536,-11.91068172454834
2026-08-04T04:57:15.416000-04:00,12.204367637634277,0.2689010798931122,-11.935466766357422
2026-08-04T04:57:15.420000-04:00,12.206121444702148,0.27591589093208313,-11.930205345153809
2026-08-04T04:57:15.424000-04:00,12.209746360778809,0.27591589093208313,-11.933830261230469
2026-08-04T04:57:15.428000-04:00,12.213253021240234,0.27591589093208313,-11.937336921691895
2026-08-04T04:57:15.432000-04:00,12.205887794494629,0.26071712374687195,-11.945170402526855
2026-08-04T04:57:15.436000-04:00,12.201679229736328,0.26200318336486816,-11.939676284790039
2026-08-04T04:57:15.440000-04:00,12.20962905883789,0.26551058888435364,-11.94411849975586
2026-08-04T04:57:15.444000-04:00,12.214071273803711,0.2766173779964447,-11.937454223632812
2026-08-04T04:57:15.448000-04:00,12.203900337219238,0.2662120759487152,-11.937687873840332
2026-08-04T04:57:15.452000-04:00,12.185544967651367,0.25276702642440796,-11.932778358459473
2026-08-04T04:57:15.456000-04:00,12.191624641418457,0.2608340382575989,-11.930790901184082
2026-08-04T04:57:15.460000-04:00,12.189519882202148,0.25183171033859253,-11.937687873840332
2026-08-04T04:57:15.464000-04:00,12.195014953613281,0.2597818374633789,-11.935233116149902
2026-08-04T04:57:15.468000-04:00,12.167774200439453,0.27685120701789856,-11.890922546386719
2026-08-04T04:57:15.472000-04:00,12.144859313964844,0.28690576553344727,-11.857954025268555
2026-08-04T04:57:15.476000-04:00,12.165202140808105,0.3216290771961212,-11.843572616577148
2026-08-04T04:57:15.480000-04:00,12.24669075012207,0.3183555006980896,-11.928335189819336
2026-08-04T04:57:15.484000-04:00,12.32548999786377,0.4204210042953491,-11.905069351196289
2026-08-04T04:57:15.488000-04:00,12.5162935256958,0.665822446346283,-11.850471496582031
2026-08-04T04:57:15.492000-04:00,12.589481353759766,0.9623151421546936,-11.627165794372559
2026-08-04T04:57:15.496000-04:00,12.508576393127441,1.6515202522277832,-10.8570556640625
2026-08-04T04:57:15.500000-04:00,12.474437713623047,2.172837734222412,-10.301599502563477
2026-08-04T04:57:15.504000-04:00,12.376347541809082,2.6616530418395996,-9.71469497680664
2026-08-04T04:57:15.508000-04:00,12.378334999084473,2.648909568786621,-9.729425430297852
2026-08-04T04:57:15.512000-04:00,12.300003051757812,2.4246692657470703,-9.875333786010742
2026-08-04T04:57:15.516000-04:00,12.225646018981934,1.742362141609192,-10.483283996582031
2026-08-04T04:57:15.520000-04:00,12.179465293884277,1.3578335046768188,-10.82163143157959
2026-08-04T04:57:15.524000-04:00,12.209980010986328,0.8240064382553101,-11.385973930358887
2026-08-04T04:57:15.528000-04:00,12.256978988647461,0.6714342832565308,-11.58554458618164
2026-08-04T04:57:15.532000-04:00,12.321866035461426,0.6162511110305786,-11.705615043640137
2026-08-04T04:57:15.536000-04:00,12.31274700164795,0.5689011812210083,-11.74384593963623
2026-08-04T04:57:15.540000-04:00,12.265279769897461,0.4926735460758209,-11.772605895996094
2026-08-04T04:57:15.544000-04:00,12.291584968566895,0.46742022037506104,-11.824164390563965
2026-08-04T04:57:15.548000-04:00,12.284570693969727,0.44263455271720886,-11.841936111450195
2026-08-04T04:57:15.552000-04:00,12.272411346435547,0.4178488850593567,-11.854562759399414
2026-08-04T04:57:15.556000-04:00,12.264461517333984,0.4082619845867157,-11.856199264526367
2026-08-04T04:57:15.560000-04:00,12.277555465698242,0.39399853348731995,-11.883557319641113
2026-08-04T04:57:15.564000-04:00,12.286791801452637,0.3906080424785614,-11.896183967590332
2026-08-04T04:57:15.568000-04:00,12.284570693969727,0.4003118574619293,-11.884259223937988
2026-08-04T04:57:15.572000-04:00,12.278841972351074,0.3902572989463806,-11.888585090637207
2026-08-04T04:57:15.576000-04:00,12.275801658630371,0.39727210998535156,-11.87852954864502
2026-08-04T04:57:15.580000-04:00,12.28983211517334,0.3949338495731354,-11.894898414611816
2026-08-04T04:57:15.584000-04:00,12.291351318359375,0.406742125749588,-11.88460922241211
2026-08-04T04:57:15.588000-04:00,12.299769401550293,0.4034685492515564,-11.89630126953125
2026-08-04T04:57:15.592000-04:00,12.293222427368164,0.4139907658100128,-11.879231452941895
2026-08-04T04:57:15.596000-04:00,12.302692413330078,0.42696815729141235,-11.875723838806152
2026-08-04T04:57:15.600000-04:00,12.303510665893555,0.435502827167511,-11.86800765991211
2026-08-04T04:57:15.604000-04:00,12.31087589263916,0.4304755628108978,-11.880400657653809
2026-08-04T04:57:15.608000-04:00,12.316370964050293,0.45105233788490295,-11.865318298339844
2026-08-04T04:57:15.612000-04:00,12.313331604003906,0.4587686359882355,-11.854562759399414
2026-08-04T04:57:15.616000-04:00,12.318826675415039,0.47116145491600037,-11.847664833068848
2026-08-04T04:57:15.620000-04:00,12.334609985351562,0.4793454110622406,-11.855264663696289
2026-08-04T04:57:15.624000-04:00,12.342326164245605,0.4848403334617615,-11.8574857711792
2026-08-04T04:57:15.628000-04:00,12.344079971313477,0.4991037845611572,-11.844976425170898
2026-08-04T04:57:15.632000-04:00,12.338584899902344,0.5058847665786743,-11.8326997756958
2026-08-04T04:57:15.636000-04:00,12.344079971313477,0.5167577266693115,-11.827322006225586
2026-08-04T04:57:15.640000-04:00,12.357874870300293,0.5362823009490967,-11.821592330932617
2026-08-04T04:57:15.644000-04:00,12.373190879821777,0.5670305490493774,-11.806159973144531
2026-08-04T04:57:15.648000-04:00,12.377516746520996,0.584216833114624,-11.793299674987793
2026-08-04T04:57:15.652000-04:00,12.37447738647461,0.5838660597801208,-11.790611267089844
2026-08-04T04:57:15.656000-04:00,12.383362770080566,0.5950897932052612,-11.788272857666016
2026-08-04T04:57:15.660000-04:00,12.40580940246582,0.6265395283699036,-11.77927017211914
2026-08-04T04:57:15.664000-04:00,12.425802230834961,0.6445441842079163,-11.781257629394531
2026-08-04T04:57:15.668000-04:00,12.439129829406738,0.6776307225227356,-11.761499404907227
2026-08-04T04:57:15.672000-04:00,12.44871711730957,0.6968045234680176,-11.751913070678711
2026-08-04T04:57:15.676000-04:00,12.456316947937012,0.7291895747184753,-11.727127075195312
2026-08-04T04:57:15.680000-04:00,12.485427856445312,0.760756254196167,-11.724671363830566
2026-08-04T04:57:15.684000-04:00,12.502029418945312,0.7884647250175476,-11.7135648727417
2026-08-04T04:57:15.688000-04:00,12.51290225982666,0.8362823724746704,-11.676619529724121
2026-08-04T04:57:15.692000-04:00,12.522489547729492,0.8609511256217957,-11.661538124084473
2026-08-04T04:57:15.696000-04:00,12.544235229492188,0.8862044215202332,-11.65803050994873
2026-08-04T04:57:15.700000-04:00,12.562824249267578,0.9211615920066833,-11.64166259765625
2026-08-04T04:57:15.704000-04:00,12.584687232971191,0.9628996849060059,-11.621788024902344
2026-08-04T04:57:15.708000-04:00,12.595443725585938,0.9835934042930603,-11.61185073852539
2026-08-04T04:57:15.712000-04:00,12.584921836853027,0.9897897839546204,-11.595131874084473
2026-08-04T04:57:15.716000-04:00,12.603744506835938,1.021356463432312,-11.582387924194336
2026-08-04T04:57:15.720000-04:00,12.604796409606934,1.0287220478057861,-11.576074600219727
2026-08-04T04:57:15.724000-04:00,12.600236892700195,1.0344507694244385,-11.565786361694336
2026-08-04T04:57:15.728000-04:00,12.596144676208496,1.042985439300537,-11.553159713745117
2026-08-04T04:57:15.732000-04:00,12.576854705810547,1.0276697874069214,-11.549184799194336
2026-08-04T04:57:15.736000-04:00,12.577204704284668,1.0136401653289795,-11.56356430053711
2026-08-04T04:57:15.740000-04:00,12.565864562988281,1.0003119707107544,-11.565552711486816
2026-08-04T04:57:15.744000-04:00,12.547860145568848,0.9598599672317505,-11.588000297546387
2026-08-04T04:57:15.748000-04:00,12.522723197937012,0.9343727827072144,-11.588350296020508
2026-08-04T04:57:15.752000-04:00,12.483323097229004,0.8836323618888855,-11.599690437316895
2026-08-04T04:57:15.756000-04:00,12.468124389648438,0.8421280384063721,-11.625996589660645
2026-08-04T04:57:15.760000-04:00,12.449886322021484,0.7863603234291077,-11.663525581359863
2026-08-04T04:57:15.764000-04:00,12.43480396270752,0.761808454990387,-11.672995567321777
2026-08-04T04:57:15.768000-04:00,12.400197982788086,0.7001950144767761,-11.700002670288086
2026-08-04T04:57:15.772000-04:00,12.378101348876953,0.6557679176330566,-11.722333908081055
2026-08-04T04:57:15.776000-04:00,12.346768379211426,0.6078333854675293,-11.738935470581055
2026-08-04T04:57:15.780000-04:00,12.334141731262207,0.560132622718811,-11.774008750915527
2026-08-04T04:57:15.784000-04:00,12.32548999786377,0.5376852750778198,-11.78780460357666
2026-08-04T04:57:15.788000-04:00,12.301990509033203,0.4953625500202179,-11.806628227233887
2026-08-04T04:57:15.792000-04:00,12.282699584960938,0.4613407254219055,-11.821358680725098
2026-08-04T04:57:15.796000-04:00,12.271475791931152,0.43620431423187256,-11.835271835327148
2026-08-04T04:57:15.800000-04:00,12.273229598999023,0.41656285524368286,-11.856666564941406
2026-08-04T04:57:15.804000-04:00,12.268787384033203,0.41048336029052734,-11.858304023742676
2026-08-04T04:57:15.808000-04:00,12.262240409851074,0.3889712691307068,-11.873269081115723
2026-08-04T04:57:15.812000-04:00,12.24470329284668,0.37272027134895325,-11.87198257446289
2026-08-04T04:57:15.816000-04:00,12.2367525100708,0.35997670888900757,-11.876775741577148
2026-08-04T04:57:15.820000-04:00,12.249613761901855,0.36675769090652466,-11.882856369018555
2026-08-04T04:57:15.824000-04:00,12.234297752380371,0.3588075637817383,-11.875490188598633
2026-08-04T04:57:15.828000-04:00,12.236051559448242,0.3557678163051605,-11.88028335571289
2026-08-04T04:57:15.832000-04:00,12.223424911499023,0.3548325002193451,-11.868592262268066
2026-08-04T04:57:15.836000-04:00,12.221671104431152,0.36664077639579773,-11.855030059814453
2026-08-04T04:57:15.840000-04:00,12.220969200134277,0.36161351203918457,-11.859355926513672
2026-08-04T04:57:15.844000-04:00,12.22400951385498,0.36617311835289,-11.857836723327637
2026-08-04T04:57:15.848000-04:00,12.21617603302002,0.35541707277297974,-11.860758781433105
2026-08-04T04:57:15.852000-04:00,12.216877937316895,0.3536633849143982,-11.863214492797852
2026-08-04T04:57:15.856000-04:00,12.222957611083984,0.36348411440849304,-11.85947322845459
2026-08-04T04:57:15.860000-04:00,12.226114273071289,0.36944669485092163,-11.856667518615723
2026-08-04T04:57:15.864000-04:00,12.234297752380371,0.3692128658294678,-11.865084648132324
2026-08-04T04:57:15.868000-04:00,12.223892211914062,0.37961816787719727,-11.844274520874023
2026-08-04T04:57:15.872000-04:00,12.215591430664062,0.3793843388557434,-11.836207389831543
2026-08-04T04:57:15.876000-04:00,12.220619201660156,0.3821902871131897,-11.838428497314453
2026-08-04T04:57:15.880000-04:00,12.231842994689941,0.3986750841140747,-11.833168029785156
2026-08-04T04:57:15.884000-04:00,12.2366361618042,0.40919730067253113,-11.827439308166504
2026-08-04T04:57:15.888000-04:00,12.234882354736328,0.40697595477104187,-11.827906608581543
2026-08-04T04:57:15.892000-04:00,12.2283353805542,0.4001949727535248,-11.828140258789062
2026-08-04T04:57:15.896000-04:00,12.227867126464844,0.40919730067253113,-11.818670272827148
2026-08-04T04:57:15.900000-04:00,12.242715835571289,0.4167966842651367,-11.825919151306152
2026-08-04T04:57:15.904000-04:00,12.250081062316895,0.4291895031929016,-11.820891380310059
2026-08-04T04:57:15.908000-04:00,12.242364883422852,0.43129396438598633,-11.811071395874023
2026-08-04T04:57:15.912000-04:00,12.246339797973633,0.434450626373291,-11.8118896484375
2026-08-04T04:57:15.916000-04:00,12.239792823791504,0.4372565448284149,-11.802536010742188
2026-08-04T04:57:15.920000-04:00,12.252653121948242,0.4387764036655426,-11.81387710571289
2026-08-04T04:57:15.924000-04:00,12.259784698486328,0.44216692447662354,-11.817617416381836
2026-08-04T04:57:15.928000-04:00,12.258966445922852,0.4473111033439636,-11.811655044555664
2026-08-04T04:57:15.932000-04:00,12.244001388549805,0.4376072883605957,-11.806394577026367
2026-08-04T04:57:15.936000-04:00,12.25277042388916,0.43971171975135803,-11.813058853149414
2026-08-04T04:57:15.940000-04:00,12.25475788116455,0.4529229402542114,-11.801835060119629
2026-08-04T04:57:15.944000-04:00,12.262474060058594,0.4516369104385376,-11.810836791992188
2026-08-04T04:57:15.948000-04:00,12.260252952575684,0.4464927017688751,-11.813759803771973
2026-08-04T04:57:15.952000-04:00,12.25499153137207,0.4387764036655426,-11.816215515136719
2026-08-04T04:57:15.956000-04:00,12.253588676452637,0.442400723695755,-11.811187744140625
2026-08-04T04:57:15.960000-04:00,12.261422157287598,0.44462209939956665,-11.816800117492676
2026-08-04T04:57:15.964000-04:00,12.266566276550293,0.4453235864639282,-11.821242332458496
2026-08-04T04:57:15.968000-04:00,12.259551048278809,0.44462209939956665,-11.814929008483887
2026-08-04T04:57:15.972000-04:00,12.25113296508789,0.43526899814605713,-11.815863609313965
2026-08-04T04:57:15.976000-04:00,12.25078296661377,0.43491828441619873,-11.815864562988281
2026-08-04T04:57:15.980000-04:00,12.258966445922852,0.4272019863128662,-11.831764221191406
2026-08-04T04:57:15.984000-04:00,12.265864372253418,0.43655505776405334,-11.829309463500977
2026-08-04T04:57:15.988000-04:00,12.261422157287598,0.4218239486217499,-11.839598655700684
2026-08-04T04:57:15.992000-04:00,12.243650436401367,0.42170703411102295,-11.821943283081055
2026-08-04T04:57:15.996000-04:00,12.24669075012207,0.4138738512992859,-11.832817077636719
2026-08-04T04:57:16-04:00,12.254640579223633,0.409431129693985,-11.845209121704102
2026-08-04T04:57:16.004000-04:00,12.256861686706543,0.40919730067253113,-11.847664833068848
2026-08-04T04:57:16.008000-04:00,12.242247581481934,0.40615755319595337,-11.836090087890625
2026-08-04T04:57:16.012000-04:00,12.241780281066895,0.4034685492515564,-11.838312149047852
2026-08-04T04:57:16.016000-04:00,12.237220764160156,0.3934139609336853,-11.843807220458984
2026-08-04T04:57:16.020000-04:00,12.240026473999023,0.3917771875858307,-11.848249435424805
2026-08-04T04:57:16.024000-04:00,12.254524230957031,0.4039361774921417,-11.850587844848633
2026-08-04T04:57:16.028000-04:00,12.239675521850586,0.39762285351753235,-11.842052459716797
2026-08-04T04:57:16.032000-04:00,12.23453140258789,0.39516767859458923,-11.839364051818848
2026-08-04T04:57:16.036000-04:00,12.237103462219238,0.3878021240234375,-11.8493013381958
2026-08-04T04:57:16.040000-04:00,12.236051559448242,0.3885036110877991,-11.84754753112793
2026-08-04T04:57:16.044000-04:00,12.245755195617676,0.3901403844356537,-11.85561466217041
2026-08-04T04:57:16.048000-04:00,12.239324569702148,0.3885036110877991,-11.850820541381836
2026-08-04T04:57:16.052000-04:00,12.231492042541504,0.37108349800109863,-11.860408782958984
2026-08-04T04:57:16.056000-04:00,12.229036331176758,0.3640686869621277,-11.864967346191406
2026-08-04T04:57:16.060000-04:00,12.241897583007812,0.386983722448349,-11.854913711547852
2026-08-04T04:57:16.064000-04:00,12.245170593261719,0.3838270604610443,-11.861343383789062
2026-08-04T04:57:16.068000-04:00,12.237688064575195,0.3750585615634918,-11.862629890441895
2026-08-04T04:57:16.072000-04:00,12.225178718566895,0.3814888000488281,-11.843689918518066
2026-08-04T04:57:16.076000-04:00,12.227166175842285,0.37844905257225037,-11.848716735839844
2026-08-04T04:57:16.080000-04:00,12.238039016723633,0.37751373648643494,-11.860525131225586
2026-08-04T04:57:16.084000-04:00,12.236285209655762,0.37798139452934265,-11.858304023742676
2026-08-04T04:57:16.088000-04:00,12.227399826049805,0.3792674243450165,-11.848132133483887
2026-08-04T04:57:16.092000-04:00,12.225763320922852,0.37307101488113403,-11.852692604064941
2026-08-04T04:57:16.096000-04:00,12.214422225952148,0.3569369614124298,-11.857484817504883
2026-08-04T04:57:16.100000-04:00,12.225295066833496,0.3736555874347687,-11.851639747619629
2026-08-04T04:57:16.104000-04:00,12.233245849609375,0.3749416470527649,-11.858304023742676
2026-08-04T04:57:16.108000-04:00,12.224360466003418,0.37587693333625793,-11.848483085632324
2026-08-04T04:57:16.112000-04:00,12.216994285583496,0.37763065099716187,-11.839364051818848
2026-08-04T04:57:16.116000-04:00,12.224710464477539,0.3802027404308319,-11.844508171081543
2026-08-04T04:57:16.120000-04:00,12.232427597045898,0.3744739890098572,-11.857954025268555
2026-08-04T04:57:16.124000-04:00,12.233479499816895,0.38756829500198364,-11.845911026000977
2026-08-04T04:57:16.128000-04:00,12.231725692749023,0.3853469491004944,-11.846378326416016
2026-08-04T04:57:16.132000-04:00,12.22225570678711,0.37844905257225037,-11.843806266784668
2026-08-04T04:57:16.136000-04:00,12.22623062133789,0.37236952781677246,-11.853860855102539
2026-08-04T04:57:16.140000-04:00,12.233595848083496,0.3837101459503174,-11.849885940551758
2026-08-04T04:57:16.144000-04:00,12.237571716308594,0.37763065099716187,-11.859941482543945
2026-08-04T04:57:16.148000-04:00,12.22646427154541,0.36629003286361694,-11.860174179077148
2026-08-04T04:57:16.152000-04:00,12.226581573486328,0.37155115604400635,-11.855030059814453
2026-08-04T04:57:16.156000-04:00,12.221203804016113,0.3806703984737396,-11.840533256530762
2026-08-04T04:57:16.160000-04:00,12.233011245727539,0.3650040030479431,-11.86800765991211
2026-08-04T04:57:16.164000-04:00,12.227166175842285,0.3722526431083679,-11.854913711547852
2026-08-04T04:57:16.168000-04:00,12.2325439453125,0.37552621960639954,-11.857017517089844
2026-08-04T04:57:16.172000-04:00,12.219917297363281,0.3689790368080139,-11.850937843322754
2026-08-04T04:57:16.176000-04:00,12.214188575744629,0.3645363450050354,-11.849652290344238
2026-08-04T04:57:16.180000-04:00,12.224360466003418,0.36582237482070923,-11.858537673950195
2026-08-04T04:57:16.184000-04:00,12.2284517288208,0.36792683601379395,-11.860525131225586
2026-08-04T04:57:16.188000-04:00,12.22038459777832,0.37587693333625793,-11.844507217407227
2026-08-04T04:57:16.192000-04:00,12.2117338180542,0.37517547607421875,-11.83655834197998
2026-08-04T04:57:16.196000-04:00,12.217111587524414,0.3653547167778015,-11.851757049560547
2026-08-04T04:57:16.200000-04:00,12.21980094909668,0.36617311835289,-11.853628158569336
2026-08-04T04:57:16.204000-04:00,12.218280792236328,0.3610289394855499,-11.85725212097168
2026-08-04T04:57:16.208000-04:00,12.221320152282715,0.36675769090652466,-11.854562759399414
2026-08-04T04:57:16.212000-04:00,12.218514442443848,0.37400633096694946,-11.844508171081543
2026-08-04T04:57:16.216000-04:00,12.22038459777832,0.3536633849143982,-11.866721153259277
2026-08-04T04:57:16.220000-04:00,12.217227935791016,0.36512091755867004,-11.852107048034668
2026-08-04T04:57:16.224000-04:00,12.224125862121582,0.3650040030479431,-11.859122276306152
2026-08-04T04:57:16.228000-04:00,12.223658561706543,0.3641856014728546,-11.85947322845459
2026-08-04T04:57:16.232000-04:00,12.211382865905762,0.3593921363353729,-11.851990699768066
2026-08-04T04:57:16.236000-04:00,12.217111587524414,0.37318792939186096,-11.843923568725586
2026-08-04T04:57:16.240000-04:00,12.231258392333984,0.3841778039932251,-11.84708023071289
2026-08-04T04:57:16.244000-04:00,12.250314712524414,0.38768520951271057,-11.862629890441895
2026-08-04T04:57:16.248000-04:00,12.254640579223633,0.41083407402038574,-11.843806266784668
2026-08-04T04:57:16.252000-04:00,12.240962028503418,0.41855037212371826,-11.82241153717041
2026-08-04T04:57:16.256000-04:00,12.233713150024414,0.4226423501968384,-11.811070442199707
2026-08-04T04:57:16.260000-04:00,12.242481231689453,0.4473111033439636,-11.795169830322266
2026-08-04T04:57:16.264000-04:00,12.249029159545898,0.46098998188972473,-11.788039207458496
2026-08-04T04:57:16.268000-04:00,12.27135944366455,0.499454528093338,-11.771904945373535
2026-08-04T04:57:16.272000-04:00,12.260018348693848,0.5273968577384949,-11.732621192932129
2026-08-04T04:57:16.276000-04:00,12.23640251159668,0.5408419370651245,-11.695560455322266
2026-08-04T04:57:16.280000-04:00,12.228218078613281,0.5159393548965454,-11.712278366088867
2026-08-04T04:57:16.284000-04:00,12.235700607299805,0.5114966034889221,-11.724204063415527
2026-08-04T04:57:16.288000-04:00,12.229387283325195,0.5292674899101257,-11.700119972229004
2026-08-04T04:57:16.292000-04:00,12.227399826049805,0.5182775855064392,-11.709122657775879
2026-08-04T04:57:16.296000-04:00,12.254524230957031,0.4943103492259979,-11.760213851928711
2026-08-04T04:57:16.300000-04:00,12.2657470703125,0.4889323115348816,-11.776814460754395
2026-08-04T04:57:16.304000-04:00,12.261889457702637,0.46017158031463623,-11.801717758178711
2026-08-04T04:57:16.308000-04:00,12.249963760375977,0.4416992664337158,-11.80826473236084
2026-08-04T04:57:16.312000-04:00,12.244352340698242,0.43141087889671326,-11.812941551208496
2026-08-04T04:57:16.316000-04:00,12.227282524108887,0.40767741203308105,-11.819604873657227
2026-08-04T04:57:16.320000-04:00,12.226815223693848,0.3970382809638977,-11.829776763916016
2026-08-04T04:57:16.324000-04:00,12.23032283782959,0.37879979610443115,-11.851523399353027
2026-08-04T04:57:16.328000-04:00,12.21570873260498,0.3637179434299469,-11.851990699768066
2026-08-04T04:57:16.332000-04:00,12.191156387329102,0.3399845063686371,-11.851171493530273
2026-08-04T04:57:16.336000-04:00,12.19372844696045,0.3391661047935486,-11.854562759399414
2026-08-04T04:57:16.340000-04:00,12.202263832092285,0.33624327182769775,-11.866020202636719
2026-08-04T04:57:16.344000-04:00,12.210914611816406,0.33776313066482544,-11.873151779174805
2026-08-04T04:57:16.348000-04:00,12.204835891723633,0.32946228981018066,-11.875373840332031
2026-08-04T04:57:16.352000-04:00,12.19326114654541,0.3292284607887268,-11.864032745361328
2026-08-04T04:57:16.356000-04:00,12.192442893981934,0.31742018461227417,-11.875022888183594
2026-08-04T04:57:16.360000-04:00,12.199223518371582,0.32572105526924133,-11.873502731323242
2026-08-04T04:57:16.364000-04:00,12.195365905761719,0.32501956820487976,-11.870346069335938
2026-08-04T04:57:16.368000-04:00,12.195131301879883,0.3115745186805725,-11.883556365966797
2026-08-04T04:57:16.372000-04:00,12.180634498596191,0.31052228808403015,-11.870112419128418
2026-08-04T04:57:16.376000-04:00,12.187532424926758,0.3231489658355713,-11.864383697509766
2026-08-04T04:57:16.380000-04:00,12.187065124511719,0.3375293016433716,-11.849535942077637
2026-08-04T04:57:16.384000-04:00,12.171865463256836,0.3432580828666687,-11.828607559204102
2026-08-04T04:57:16.388000-04:00,12.135973930358887,0.3772799074649811,-11.75869369506836
2026-08-04T04:57:16.392000-04:00,12.142637252807617,0.3770460784435272,-11.765591621398926
2026-08-04T04:57:16.396000-04:00,12.212785720825195,0.3569369614124298,-11.85584831237793
2026-08-04T04:57:16.400000-04:00,12.28819465637207,0.4243960678577423,-11.863798141479492
2026-08-04T04:57:16.404000-04:00,12.47549057006836,0.6699144244194031,-11.80557632446289
2026-08-04T04:57:16.408000-04:00,12.543416976928711,1.1035466194152832,-11.439870834350586
2026-08-04T04:57:16.412000-04:00,12.474788665771484,1.5701484680175781,-10.904640197753906
2026-08-04T04:57:16.416000-04:00,12.423931121826172,2.3390886783599854,-10.084842681884766
2026-08-04T04:57:16.420000-04:00,12.361266136169434,2.675682783126831,-9.685583114624023
2026-08-04T04:57:16.424000-04:00,12.322216987609863,2.755417585372925,-9.56679916381836
2026-08-04T04:57:16.428000-04:00,12.249613761901855,2.6100943088531494,-9.639519691467285
2026-08-04T04:57:16.432000-04:00,12.215357780456543,1.9227596521377563,-10.292597770690918
2026-08-04T04:57:16.436000-04:00,12.191507339477539,1.5320346355438232,-10.659472465515137
2026-08-04T04:57:16.440000-04:00,12.223892211914062,0.94349205493927,-11.280400276184082
2026-08-04T04:57:16.444000-04:00,12.285856246948242,0.7086127996444702,-11.57724380493164
2026-08-04T04:57:16.448000-04:00,12.322917938232422,0.6842948198318481,-11.638623237609863
2026-08-04T04:57:16.452000-04:00,12.272528648376465,0.5932191610336304,-11.679309844970703
2026-08-04T04:57:16.456000-04:00,12.249613761901855,0.5450507998466492,-11.70456314086914
2026-08-04T04:57:16.460000-04:00,12.276152610778809,0.5107951164245605,-11.765357971191406
2026-08-04T04:57:16.464000-04:00,12.275100708007812,0.5027281045913696,-11.772372245788574
2026-08-04T04:57:16.468000-04:00,12.266448974609375,0.47186294198036194,-11.794586181640625
2026-08-04T04:57:16.472000-04:00,12.25721263885498,0.45233839750289917,-11.804874420166016
2026-08-04T04:57:16.476000-04:00,12.264695167541504,0.4496493637561798,-11.815045356750488
2026-08-04T04:57:16.480000-04:00,12.27182674407959,0.4394778907299042,-11.832348823547363
2026-08-04T04:57:16.484000-04:00,12.26913833618164,0.44824641942977905,-11.820892333984375
2026-08-04T04:57:16.488000-04:00,12.270774841308594,0.43538591265678406,-11.835389137268066
2026-08-04T04:57:16.492000-04:00,12.265864372253418,0.43503519892692566,-11.830829620361328
2026-08-04T04:57:16.496000-04:00,12.274165153503418,0.4620422124862671,-11.81212329864502
2026-08-04T04:57:16.500000-04:00,12.286324501037598,0.45818406343460083,-11.828140258789062
2026-08-04T04:57:16.504000-04:00,12.295794486999512,0.46344515681266785,-11.83234977722168
2026-08-04T04:57:16.508000-04:00,12.274632453918457,0.4720967710018158,-11.802536010742188
2026-08-04T04:57:16.512000-04:00,12.280011177062988,0.45947012305259705,-11.820541381835938
2026-08-04T04:57:16.516000-04:00,12.28983211517334,0.4676540493965149,-11.82217788696289
2026-08-04T04:57:16.520000-04:00,12.298833847045898,0.48355430364608765,-11.815279960632324
2026-08-04T04:57:16.524000-04:00,12.304095268249512,0.49162131547927856,-11.812474250793457
2026-08-04T04:57:16.528000-04:00,12.299769401550293,0.49033528566360474,-11.809433937072754
2026-08-04T04:57:16.532000-04:00,12.303977966308594,0.5023773908615112,-11.801600456237793
2026-08-04T04:57:16.536000-04:00,12.309473037719727,0.5295013189315796,-11.779972076416016
2026-08-04T04:57:16.540000-04:00,12.318475723266602,0.5296182036399841,-11.788857460021973
2026-08-04T04:57:16.544000-04:00,12.33332347869873,0.5447000861167908,-11.788623809814453
2026-08-04T04:57:16.548000-04:00,12.332621574401855,0.5575605630874634,-11.775060653686523
2026-08-04T04:57:16.552000-04:00,12.333206176757812,0.5635231137275696,-11.769682884216309
2026-08-04T04:57:16.556000-04:00,12.334141731262207,0.5639907717704773,-11.770151138305664
2026-08-04T04:57:16.560000-04:00,12.363136291503906,0.5957912802696228,-11.767345428466797
2026-08-04T04:57:16.564000-04:00,12.37447738647461,0.6133282780647278,-11.761149406433105
2026-08-04T04:57:16.568000-04:00,12.374711036682129,0.6403353214263916,-11.734375953674316
2026-08-04T04:57:16.572000-04:00,12.376932144165039,0.6557679176330566,-11.72116470336914
2026-08-04T04:57:16.576000-04:00,12.385232925415039,0.6563524603843689,-11.728880882263184
2026-08-04T04:57:16.580000-04:00,12.409785270690918,0.680202841758728,-11.729582786560059
2026-08-04T04:57:16.584000-04:00,12.41995620727539,0.7141077518463135,-11.705848693847656
2026-08-04T04:57:16.588000-04:00,12.441936492919922,0.7418162226676941,-11.700119972229004
2026-08-04T04:57:16.592000-04:00,12.448599815368652,0.7743182182312012,-11.67428207397461
2026-08-04T04:57:16.596000-04:00,12.466605186462402,0.8033127784729004,-11.663291931152344
2026-08-04T04:57:16.600000-04:00,12.491507530212402,0.8468045592308044,-11.644702911376953
2026-08-04T04:57:16.604000-04:00,12.515942573547363,0.8872566819190979,-11.62868595123291
2026-08-04T04:57:16.608000-04:00,12.531257629394531,0.9108731746673584,-11.620384216308594
2026-08-04T04:57:16.612000-04:00,12.538623809814453,0.9503899812698364,-11.588233947753906
2026-08-04T04:57:16.616000-04:00,12.562824249267578,0.9827749729156494,-11.580049514770508
2026-08-04T04:57:16.620000-04:00,12.577204704284668,1.0019488334655762,-11.57525634765625
2026-08-04T04:57:16.624000-04:00,12.590533256530762,1.045440673828125,-11.545092582702637
2026-08-04T04:57:16.628000-04:00,12.5950927734375,1.0566643476486206,-11.53842830657959
2026-08-04T04:57:16.632000-04:00,12.598483085632324,1.065666675567627,-11.532815933227539
2026-08-04T04:57:16.636000-04:00,12.610291481018066,1.0829699039459229,-11.527321815490723
2026-08-04T04:57:16.640000-04:00,12.615903854370117,1.0904523134231567,-11.52545166015625
2026-08-04T04:57:16.644000-04:00,12.612162590026855,1.091153860092163,-11.521008491516113
2026-08-04T04:57:16.648000-04:00,12.60140609741211,1.0770072937011719,-11.524398803710938
2026-08-04T04:57:16.652000-04:00,12.581063270568848,1.0633283853530884,-11.51773452758789
2026-08-04T04:57:16.656000-04:00,12.56796932220459,1.0550276041030884,-11.512941360473633
2026-08-04T04:57:16.660000-04:00,12.551133155822754,1.0150431394577026,-11.536089897155762
2026-08-04T04:57:16.664000-04:00,12.5369873046875,0.9823073148727417,-11.554679870605469
2026-08-04T04:57:16.668000-04:00,12.504952430725098,0.9367110729217529,-11.568241119384766
2026-08-04T04:57:16.672000-04:00,12.46508502960205,0.8687843084335327,-11.596301078796387
2026-08-04T04:57:16.676000-04:00,12.447547912597656,0.8387375473976135,-11.608810424804688
2026-08-04T04:57:16.680000-04:00,12.418670654296875,0.7705769538879395,-11.648094177246094
2026-08-04T04:57:16.684000-04:00,12.397392272949219,0.7407640218734741,-11.656628608703613
2026-08-04T04:57:16.688000-04:00,12.368865013122559,0.678566038608551,-11.690299034118652
2026-08-04T04:57:16.692000-04:00,12.340221405029297,0.6382308602333069,-11.701990127563477
2026-08-04T04:57:16.696000-04:00,12.316370964050293,0.5960251092910767,-11.720345497131348
2026-08-04T04:57:16.700000-04:00,12.306082725524902,0.5596649646759033,-11.746417999267578
2026-08-04T04:57:16.704000-04:00,12.295209884643555,0.5346454977989197,-11.760564804077148
2026-08-04T04:57:16.708000-04:00,12.276854515075684,0.5050663948059082,-11.771787643432617
2026-08-04T04:57:16.712000-04:00,12.262474060058594,0.4713952839374542,-11.791078567504883
2026-08-04T04:57:16.716000-04:00,12.258615493774414,0.4496493637561798,-11.808965682983398
2026-08-04T04:57:16.720000-04:00,12.26107120513916,0.44544050097465515,-11.815630912780762
2026-08-04T04:57:16.724000-04:00,12.254173278808594,0.43421679735183716,-11.81995677947998
2026-08-04T04:57:16.728000-04:00,12.247275352478027,0.4183165431022644,-11.828958511352539
2026-08-04T04:57:16.732000-04:00,12.231374740600586,0.4031178057193756,-11.828256607055664
2026-08-04T04:57:16.736000-04:00,12.233713150024414,0.40732666850090027,-11.826386451721191
2026-08-04T04:57:16.740000-04:00,12.23838996887207,0.4079112410545349,-11.83047866821289
2026-08-04T04:57:16.744000-04:00,12.234648704528809,0.3969213664531708,-11.837727546691895
2026-08-04T04:57:16.748000-04:00,12.221086502075195,0.39961040019989014,-11.821475982666016
2026-08-04T04:57:16.752000-04:00,12.211967468261719,0.38359323143959045,-11.828373908996582
2026-08-04T04:57:16.756000-04:00,12.212785720825195,0.3851131200790405,-11.827672958374023
2026-08-04T04:57:16.760000-04:00,12.212434768676758,0.3765784204006195,-11.835856437683105
2026-08-04T04:57:16.764000-04:00,12.212434768676758,0.39282941818237305,-11.819604873657227
2026-08-04T04:57:16.768000-04:00,12.211031913757324,0.40171483159065247,-11.809316635131836
2026-08-04T04:57:16.772000-04:00,12.205069541931152,0.3889712691307068,-11.8160982131958
2026-08-04T04:57:16.776000-04:00,12.210680961608887,0.38721755146980286,-11.823463439941406
2026-08-04T04:57:16.780000-04:00,12.217345237731934,0.40802815556526184,-11.809316635131836
2026-08-04T04:57:16.784000-04:00,12.218748092651367,0.41293853521347046,-11.80580997467041
2026-08-04T04:57:16.788000-04:00,12.207173347473145,0.3950507640838623,-11.812122344970703
2026-08-04T04:57:16.792000-04:00,12.210447311401367,0.40978187322616577,-11.800665855407715
2026-08-04T04:57:16.796000-04:00,12.218748092651367,0.41200321912765503,-11.806744575500488
2026-08-04T04:57:16.800000-04:00,12.227633476257324,0.4203040897846222,-11.807329177856445
2026-08-04T04:57:16.804000-04:00,12.233595848083496,0.42568209767341614,-11.807913780212402
2026-08-04T04:57:16.808000-04:00,12.23032283782959,0.43024173378944397,-11.800081253051758
2026-08-04T04:57:16.812000-04:00,12.220268249511719,0.4346844553947449,-11.78558349609375
2026-08-04T04:57:16.816000-04:00,12.222606658935547,0.4287218451499939,-11.793885231018066
2026-08-04T04:57:16.820000-04:00,12.233595848083496,0.4331645667552948,-11.800431251525879
2026-08-04T04:57:16.824000-04:00,12.23640251159668,0.4367888867855072,-11.799613952636719
2026-08-04T04:57:16.828000-04:00,12.234882354736328,0.43702271580696106,-11.797859191894531
2026-08-04T04:57:16.832000-04:00,12.229504585266113,0.452572226524353,-11.776932716369629
2026-08-04T04:57:16.836000-04:00,12.231258392333984,0.4588855504989624,-11.77237319946289
2026-08-04T04:57:16.840000-04:00,12.240377426147461,0.4491817057132721,-11.7911958694458
2026-08-04T04:57:16.844000-04:00,12.249847412109375,0.4511692523956299,-11.798678398132324
2026-08-04T04:57:16.848000-04:00,12.243767738342285,0.4593532085418701,-11.784414291381836
2026-08-04T04:57:16.852000-04:00,12.241546630859375,0.45701491832733154,-11.784531593322754
2026-08-04T04:57:16.856000-04:00,12.238506317138672,0.46473121643066406,-11.773775100708008
2026-08-04T04:57:16.860000-04:00,12.252302169799805,0.46823862195014954,-11.784063339233398
2026-08-04T04:57:16.864000-04:00,12.245404243469238,0.4660172760486603,-11.779386520385742
2026-08-04T04:57:16.868000-04:00,12.240260124206543,0.46742022037506104,-11.772839546203613
2026-08-04T04:57:16.872000-04:00,12.231374740600586,0.4623929560184479,-11.76898193359375
2026-08-04T04:57:16.876000-04:00,12.242481231689453,0.45713183283805847,-11.78534984588623
2026-08-04T04:57:16.880000-04:00,12.257563591003418,0.46671873331069946,-11.790844917297363
2026-08-04T04:57:16.884000-04:00,12.252419471740723,0.46180838346481323,-11.790611267089844
2026-08-04T04:57:16.888000-04:00,12.255809783935547,0.44988319277763367,-11.805926322937012
2026-08-04T04:57:16.892000-04:00,12.243650436401367,0.4521045684814453,-11.791545867919922
2026-08-04T04:57:16.896000-04:00,12.254640579223633,0.4508185088634491,-11.80382251739502
2026-08-04T04:57:16.900000-04:00,12.255809783935547,0.4556119740009308,-11.80019760131836
2026-08-04T04:57:16.904000-04:00,12.235700607299805,0.4463757872581482,-11.789324760437012
2026-08-04T04:57:16.908000-04:00,12.232661247253418,0.43982863426208496,-11.792832374572754
2026-08-04T04:57:16.912000-04:00,12.228569030761719,0.4252144396305084,-11.803354263305664
2026-08-04T04:57:16.916000-04:00,12.236285209655762,0.42977407574653625,-11.806510925292969
2026-08-04T04:57:16.920000-04:00,12.23838996887207,0.41843345761299133,-11.81995677947998
2026-08-04T04:57:16.924000-04:00,12.239441871643066,0.4207717478275299,-11.818670272827148
2026-08-04T04:57:16.928000-04:00,12.236285209655762,0.42334383726119995,-11.812941551208496
2026-08-04T04:57:16.932000-04:00,12.22178840637207,0.41644594073295593,-11.805342674255371
2026-08-04T04:57:16.936000-04:00,12.233245849609375,0.41375693678855896,-11.819488525390625
2026-08-04T04:57:16.940000-04:00,12.236167907714844,0.4118863046169281,-11.824281692504883
2026-08-04T04:57:16.944000-04:00,12.227867126464844,0.41247087717056274,-11.815396308898926
2026-08-04T04:57:16.948000-04:00,12.228569030761719,0.41176939010620117,-11.81679916381836
2026-08-04T04:57:16.952000-04:00,12.224827766418457,0.39762285351753235,-11.827204704284668
2026-08-04T04:57:16.956000-04:00,12.219216346740723,0.40159791707992554,-11.817618370056152
2026-08-04T04:57:16.960000-04:00,12.234180450439453,0.4075604975223541,-11.826620101928711
2026-08-04T04:57:16.964000-04:00,12.230439186096191,0.41282162070274353,-11.817617416381836
2026-08-04T04:57:16.968000-04:00,12.225295066833496,0.39318016171455383,-11.832115173339844
2026-08-04T04:57:16.972000-04:00,12.223307609558105,0.3949338495731354,-11.828373908996582
2026-08-04T04:57:16.976000-04:00,12.220852851867676,0.3927125036716461,-11.828140258789062
2026-08-04T04:57:16.980000-04:00,12.232894897460938,0.3894389271736145,-11.843456268310547
2026-08-04T04:57:16.984000-04:00,12.23008918762207,0.4021824896335602,-11.827906608581543
2026-08-04T04:57:16.988000-04:00,12.223775863647461,0.39972731471061707,-11.82404899597168
2026-08-04T04:57:16.992000-04:00,12.215006828308105,0.39247867465019226,-11.822527885437012
2026-08-04T04:57:16.996000-04:00,12.2200345993042,0.39563533663749695,-11.8243989944458
2026-08-04T04:57:17-04:00,12.223424911499023,0.3954015076160431,-11.828022956848145
2026-08-04T04:57:17.004000-04:00,12.222723007202148,0.39890891313552856,-11.823814392089844
2026-08-04T04:57:17.008000-04:00,12.210798263549805,0.3937647044658661,-11.817033767700195
2026-08-04T04:57:17.012000-04:00,12.211499214172363,0.39166027307510376,-11.819838523864746
2026-08-04T04:57:17.016000-04:00,12.21009635925293,0.3851131200790405,-11.824983596801758
2026-08-04T04:57:17.020000-04:00,12.219917297363281,0.39002346992492676,-11.829894065856934
2026-08-04T04:57:17.024000-04:00,12.226581573486328,0.38558077812194824,-11.8410005569458
2026-08-04T04:57:17.028000-04:00,12.213486671447754,0.3846454620361328,-11.828841209411621
2026-08-04T04:57:17.032000-04:00,12.215240478515625,0.37798139452934265,-11.837259292602539
2026-08-04T04:57:17.036000-04:00,12.212903022766113,0.37026509642601013,-11.84263801574707
2026-08-04T04:57:17.040000-04:00,12.217462539672852,0.3786828815937042,-11.83877944946289
2026-08-04T04:57:17.044000-04:00,12.226114273071289,0.37950125336647034,-11.846612930297852
2026-08-04T04:57:17.048000-04:00,12.213486671447754,0.36909595131874084,-11.844390869140625
2026-08-04T04:57:17.052000-04:00,12.209044456481934,0.3680437505245209,-11.8410005569458
2026-08-04T04:57:17.056000-04:00,12.211149215698242,0.3741232454776764,-11.83702564239502
2026-08-04T04:57:17.060000-04:00,12.221203804016113,0.3770460784435272,-11.844158172607422
2026-08-04T04:57:17.064000-04:00,12.225996971130371,0.38043656945228577,-11.845560073852539
2026-08-04T04:57:17.068000-04:00,12.21617603302002,0.3818395435810089,-11.834336280822754
2026-08-04T04:57:17.072000-04:00,12.206589698791504,0.36874523758888245,-11.837844848632812
2026-08-04T04:57:17.076000-04:00,12.202497482299805,0.3556509017944336,-11.846846580505371
2026-08-04T04:57:17.080000-04:00,12.217111587524414,0.3777475655078888,-11.839364051818848
2026-08-04T04:57:17.084000-04:00,12.216409683227539,0.3709665834903717,-11.845442771911621
2026-08-04T04:57:17.088000-04:00,12.207173347473145,0.3734217584133148,-11.833751678466797
2026-08-04T04:57:17.092000-04:00,12.196768760681152,0.3665238618850708,-11.830245018005371
2026-08-04T04:57:17.096000-04:00,12.207290649414062,0.35541707277297974,-11.851873397827148
2026-08-04T04:57:17.100000-04:00,12.209395408630371,0.3633671998977661,-11.846028327941895
2026-08-04T04:57:17.104000-04:00,12.204835891723633,0.3777475655078888,-11.827088356018066
2026-08-04T04:57:17.108000-04:00,12.213837623596191,0.368862122297287,-11.844975471496582
2026-08-04T04:57:17.112000-04:00,12.197469711303711,0.3533126413822174,-11.844157218933105
2026-08-04T04:57:17.116000-04:00,12.204952239990234,0.36710843443870544,-11.837843894958496
2026-08-04T04:57:17.120000-04:00,12.20986270904541,0.35787227749824524,-11.851990699768066
2026-08-04T04:57:17.124000-04:00,12.212201118469238,0.37120041251182556,-11.8410005569458
2026-08-04T04:57:17.128000-04:00,12.209044456481934,0.35798919200897217,-11.851055145263672
2026-08-04T04:57:17.132000-04:00,12.200977325439453,0.3625487983226776,-11.838428497314453
2026-08-04T04:57:17.136000-04:00,12.208810806274414,0.3577553629875183,-11.851055145263672
2026-08-04T04:57:17.140000-04:00,12.216760635375977,0.34898683428764343,-11.86777400970459
2026-08-04T04:57:17.144000-04:00,12.214539527893066,0.35985979437828064,-11.854680061340332
2026-08-04T04:57:17.148000-04:00,12.214305877685547,0.3716680705547333,-11.84263801574707
2026-08-04T04:57:17.152000-04:00,12.203198432922363,0.36161351203918457,-11.841585159301758
2026-08-04T04:57:17.156000-04:00,12.20132827758789,0.35705387592315674,-11.844274520874023
2026-08-04T04:57:17.160000-04:00,12.21033000946045,0.3487530052661896,-11.861577033996582
2026-08-04T04:57:17.164000-04:00,12.200977325439453,0.3541310429573059,-11.846846580505371
2026-08-04T04:57:17.168000-04:00,12.206823348999023,0.3557678163051605,-11.851055145263672
2026-08-04T04:57:17.172000-04:00,12.192676544189453,0.35226041078567505,-11.840415954589844
2026-08-04T04:57:17.176000-04:00,12.200510025024414,0.3533126413822174,-11.847197532653809
2026-08-04T04:57:17.180000-04:00,12.208810806274414,0.34910374879837036,-11.85970687866211
2026-08-04T04:57:17.184000-04:00,12.218280792236328,0.3653547167778015,-11.852926254272461
2026-08-04T04:57:17.188000-04:00,12.200392723083496,0.35354647040367126,-11.846846580505371
2026-08-04T04:57:17.192000-04:00,12.200626373291016,0.35226041078567505,-11.848365783691406
2026-08-04T04:57:17.196000-04:00,12.218981742858887,0.36395177245140076,-11.855030059814453
2026-08-04T04:57:17.200000-04:00,12.235233306884766,0.3978566825389862,-11.837376594543457
2026-08-04T04:57:17.204000-04:00,12.245988845825195,0.42498061060905457,-11.821008682250977
2026-08-04T04:57:17.208000-04:00,12.225646018981934,0.41410768032073975,-11.811538696289062
2026-08-04T04:57:17.212000-04:00,12.221437454223633,0.41971951723098755,-11.801717758178711
2026-08-04T04:57:17.216000-04:00,12.229270935058594,0.4218239486217499,-11.80744743347168
2026-08-04T04:57:17.220000-04:00,12.25300407409668,0.43421679735183716,-11.818787574768066
2026-08-04T04:57:17.224000-04:00,12.274048805236816,0.4876462519168854,-11.786402702331543
2026-08-04T04:57:17.228000-04:00,12.223775863647461,0.5214342474937439,-11.70234203338623
2026-08-04T04:57:17.232000-04:00,12.211382865905762,0.5078722834587097,-11.703510284423828
2026-08-04T04:57:17.236000-04:00,12.217578887939453,0.4877631664276123,-11.729815483093262
2026-08-04T04:57:17.240000-04:00,12.225996971130371,0.4918551445007324,-11.734142303466797
2026-08-04T04:57:17.244000-04:00,12.227517127990723,0.4946610629558563,-11.732855796813965
2026-08-04T04:57:17.248000-04:00,12.236167907714844,0.494193434715271,-11.741974830627441
2026-08-04T04:57:17.252000-04:00,12.249496459960938,0.4677709639072418,-11.781725883483887
2026-08-04T04:57:17.256000-04:00,12.258499145507812,0.4529229402542114,-11.80557632446289
2026-08-04T04:57:17.260000-04:00,12.250665664672852,0.4283711016178131,-11.822294235229492
2026-08-04T04:57:17.264000-04:00,12.24692440032959,0.42860493063926697,-11.818319320678711
2026-08-04T04:57:17.268000-04:00,12.244352340698242,0.4214732050895691,-11.82287883758545
2026-08-04T04:57:17.272000-04:00,12.212668418884277,0.372135728597641,-11.840532302856445
2026-08-04T04:57:17.276000-04:00,12.216293334960938,0.3632502853870392,-11.853042602539062
2026-08-04T04:57:17.280000-04:00,12.198522567749023,0.3383477032184601,-11.860175132751465
2026-08-04T04:57:17.284000-04:00,12.200626373291016,0.3389322757720947,-11.8616943359375
2026-08-04T04:57:17.288000-04:00,12.183791160583496,0.31858932971954346,-11.865201950073242
2026-08-04T04:57:17.292000-04:00,12.171982765197754,0.30771636962890625,-11.864266395568848
2026-08-04T04:57:17.296000-04:00,12.179465293884277,0.305495023727417,-11.873970031738281
2026-08-04T04:57:17.300000-04:00,12.196768760681152,0.31215909123420715,-11.88460922241211
2026-08-04T04:57:17.304000-04:00,12.199691772460938,0.3183555006980896,-11.881336212158203
2026-08-04T04:57:17.308000-04:00,12.19349479675293,0.30771636962890625,-11.885778427124023
2026-08-04T04:57:17.312000-04:00,12.188117027282715,0.30537810921669006,-11.882739067077637
2026-08-04T04:57:17.316000-04:00,12.19326114654541,0.29053008556365967,-11.902730941772461
2026-08-04T04:57:17.320000-04:00,12.2035493850708,0.28760725259780884,-11.915942192077637
2026-08-04T04:57:17.324000-04:00,12.19770336151123,0.29929858446121216,-11.898405075073242
2026-08-04T04:57:17.328000-04:00,12.1869478225708,0.3031567335128784,-11.883790969848633
2026-08-04T04:57:17.332000-04:00,12.169410705566406,0.28316453099250793,-11.886245727539062
2026-08-04T04:57:17.336000-04:00,12.16812515258789,0.2987140417098999,-11.86941146850586
2026-08-04T04:57:17.340000-04:00,12.148716926574707,0.3180047571659088,-11.83071231842041
2026-08-04T04:57:17.344000-04:00,12.137726783752441,0.35623547434806824,-11.78149127960205
2026-08-04T04:57:17.348000-04:00,12.17104721069336,0.3473500609397888,-11.823697090148926
2026-08-04T04:57:17.352000-04:00,12.245755195617676,0.3600936233997345,-11.885661125183105
2026-08-04T04:57:17.356000-04:00,12.348873138427734,0.4812160134315491,-11.867656707763672
2026-08-04T04:57:17.360000-04:00,12.561772346496582,0.779930055141449,-11.781842231750488
2026-08-04T04:57:17.364000-04:00,12.575801849365234,1.1345287561416626,-11.441272735595703
2026-08-04T04:57:17.368000-04:00,12.483907699584961,1.8992600440979004,-10.584648132324219
2026-08-04T04:57:17.372000-04:00,12.403705596923828,2.5559632778167725,-9.847742080688477
2026-08-04T04:57:17.376000-04:00,12.351561546325684,2.6884262561798096,-9.663135528564453
2026-08-04T04:57:17.380000-04:00,12.320112228393555,2.638270378112793,-9.681841850280762
2026-08-04T04:57:17.384000-04:00,12.237454414367676,2.2955968379974365,-9.94185733795166
2026-08-04T04:57:17.388000-04:00,12.174554824829102,1.6095483303070068,-10.565006256103516
2026-08-04T04:57:17.392000-04:00,12.161928176879883,1.2408031225204468,-10.921125411987305
2026-08-04T04:57:17.396000-04:00,12.212785720825195,0.739361047744751,-11.473424911499023
2026-08-04T04:57:17.400000-04:00,12.313798904418945,0.6570539474487305,-11.656744956970215
2026-08-04T04:57:17.404000-04:00,12.318242073059082,0.6210445761680603,-11.697197914123535
2026-08-04T04:57:17.408000-04:00,12.26551342010498,0.5342947840690613,-11.731218338012695
2026-08-04T04:57:17.412000-04:00,12.255107879638672,0.4800468981266022,-11.775060653686523
2026-08-04T04:57:17.416000-04:00,12.272411346435547,0.46870627999305725,-11.803705215454102
2026-08-04T04:57:17.420000-04:00,12.275918960571289,0.44579121470451355,-11.830127716064453
2026-08-04T04:57:17.424000-04:00,12.276970863342285,0.42252543568611145,-11.854445457458496
2026-08-04T04:57:17.428000-04:00,12.265630722045898,0.40919730067253113,-11.856433868408203
2026-08-04T04:57:17.432000-04:00,12.265864372253418,0.3963368237018585,-11.869527816772461
2026-08-04T04:57:17.436000-04:00,12.266566276550293,0.3853469491004944,-11.881218910217285
2026-08-04T04:57:17.440000-04:00,12.272177696228027,0.3861653506755829,-11.886012077331543
2026-08-04T04:57:17.444000-04:00,12.276854515075684,0.407794326543808,-11.869060516357422
2026-08-04T04:57:17.448000-04:00,12.263643264770508,0.39727210998535156,-11.866371154785156
2026-08-04T04:57:17.452000-04:00,12.275568008422852,0.39727210998535156,-11.8782958984375
2026-08-04T04:57:17.456000-04:00,12.27381420135498,0.3983243405818939,-11.875490188598633
2026-08-04T04:57:17.460000-04:00,12.285037994384766,0.42007026076316833,-11.864967346191406
2026-08-04T04:57:17.464000-04:00,12.286791801452637,0.42568209767341614,-11.861109733581543
2026-08-04T04:57:17.468000-04:00,12.289363861083984,0.4291895031929016,-11.860174179077148
2026-08-04T04:57:17.472000-04:00,12.29006576538086,0.43094322085380554,-11.859122276306152
2026-08-04T04:57:17.476000-04:00,12.300704956054688,0.442400723695755,-11.858304023742676
2026-08-04T04:57:17.480000-04:00,12.320463180541992,0.4480125904083252,-11.872450828552246
2026-08-04T04:57:17.484000-04:00,12.305615425109863,0.46706947684288025,-11.838545799255371
2026-08-04T04:57:17.488000-04:00,12.310524940490723,0.47116145491600037,-11.839363098144531
2026-08-04T04:57:17.492000-04:00,12.301756858825684,0.4729151725769043,-11.828842163085938
2026-08-04T04:57:17.496000-04:00,12.316488265991211,0.4660172760486603,-11.850470542907715
2026-08-04T04:57:17.500000-04:00,12.33764934539795,0.49594712257385254,-11.841702461242676
2026-08-04T04:57:17.504000-04:00,12.350393295288086,0.5165238976478577,-11.833868980407715
2026-08-04T04:57:17.508000-04:00,12.338351249694824,0.5292674899101257,-11.809083938598633
2026-08-04T04:57:17.512000-04:00,12.342793464660645,0.5310211777687073,-11.811772346496582
2026-08-04T04:57:17.516000-04:00,12.356355667114258,0.5537024140357971,-11.802653312683105
2026-08-04T04:57:17.520000-04:00,12.377049446105957,0.5670305490493774,-11.810018539428711
2026-08-04T04:57:17.524000-04:00,12.381725311279297,0.5832815170288086,-11.798443794250488
2026-08-04T04:57:17.528000-04:00,12.382894515991211,0.602338433265686,-11.780555725097656
2026-08-04T04:57:17.532000-04:00,12.397625923156738,0.6254873275756836,-11.772138595581055
2026-08-04T04:57:17.536000-04:00,12.425217628479004,0.646648645401001,-11.778569221496582
2026-08-04T04:57:17.540000-04:00,12.442403793334961,0.6667577624320984,-11.775646209716797
2026-08-04T04:57:17.544000-04:00,12.457602500915527,0.7001950144767761,-11.757407188415527
2026-08-04T04:57:17.548000-04:00,12.458771705627441,0.7144584655761719,-11.74431324005127
2026-08-04T04:57:17.552000-04:00,12.473034858703613,0.7536244988441467,-11.719409942626953
2026-08-04T04:57:17.556000-04:00,12.500510215759277,0.787763237953186,-11.712746620178223
2026-08-04T04:57:17.560000-04:00,12.540260314941406,0.8351132273674011,-11.705146789550781
2026-08-04T04:57:17.564000-04:00,12.540962219238281,0.8609511256217957,-11.680010795593262
2026-08-04T04:57:17.568000-04:00,12.553120613098145,0.9046767950057983,-11.648444175720215
2026-08-04T04:57:17.572000-04:00,12.573229789733887,0.9275918006896973,-11.645637512207031
2026-08-04T04:57:17.576000-04:00,12.577906608581543,0.9486362338066101,-11.629270553588867
2026-08-04T04:57:17.580000-04:00,12.608186721801758,0.9752925038337708,-11.632894515991211
2026-08-04T04:57:17.584000-04:00,12.60093879699707,0.989439070224762,-11.611499786376953
2026-08-04T04:57:17.588000-04:00,12.609355926513672,1.0061577558517456,-11.603198051452637
2026-08-04T04:57:17.592000-04:00,12.596495628356934,1.010015845298767,-11.586480140686035
2026-08-04T04:57:17.596000-04:00,12.607836723327637,1.0318787097930908,-11.575958251953125
2026-08-04T04:57:17.600000-04:00,12.603510856628418,1.0274360179901123,-11.576074600219727
2026-08-04T04:57:17.604000-04:00,12.58924674987793,1.0212395191192627,-11.568007469177246
2026-08-04T04:57:17.608000-04:00,12.569372177124023,1.0015981197357178,-11.567773818969727
2026-08-04T04:57:17.612000-04:00,12.54973030090332,0.9758771061897278,-11.573853492736816
2026-08-04T04:57:17.616000-04:00,12.536051750183105,0.9360095858573914,-11.600042343139648
2026-08-04T04:57:17.620000-04:00,12.523776054382324,0.9095871448516846,-11.614189147949219
2026-08-04T04:57:17.624000-04:00,12.493494987487793,0.863990843296051,-11.629504203796387
2026-08-04T04:57:17.628000-04:00,12.467423439025879,0.8240064382553101,-11.643417358398438
2026-08-04T04:57:17.632000-04:00,12.430479049682617,0.7621591687202454,-11.668319702148438
2026-08-04T04:57:17.636000-04:00,12.416332244873047,0.7059237957000732,-11.710408210754395
2026-08-04T04:57:17.640000-04:00,12.395404815673828,0.6650040745735168,-11.730401039123535
2026-08-04T04:57:17.644000-04:00,12.369333267211914,0.6114577054977417,-11.757875442504883
2026-08-04T04:57:17.648000-04:00,12.338000297546387,0.5791895389556885,-11.758810997009277
2026-08-04T04:57:17.652000-04:00,12.320579528808594,0.5179268717765808,-11.802652359008789
2026-08-04T04:57:17.656000-04:00,12.309940338134766,0.494193434715271,-11.815747261047363
2026-08-04T04:57:17.660000-04:00,12.313331604003906,0.4757210910320282,-11.837610244750977
2026-08-04T04:57:17.664000-04:00,12.300003051757812,0.4288387596607208,-11.871164321899414
2026-08-04T04:57:17.668000-04:00,12.270774841308594,0.41375693678855896,-11.857017517089844
2026-08-04T04:57:17.672000-04:00,12.265630722045898,0.3814888000488281,-11.88414192199707
2026-08-04T04:57:17.676000-04:00,12.253822326660156,0.3653547167778015,-11.888467788696289
2026-08-04T04:57:17.680000-04:00,12.253939628601074,0.3576384484767914,-11.89630126953125
2026-08-04T04:57:17.684000-04:00,12.252302169799805,0.3416212797164917,-11.910680770874023
2026-08-04T04:57:17.688000-04:00,12.231141090393066,0.3287608027458191,-11.902379989624023
2026-08-04T04:57:17.692000-04:00,12.234180450439453,0.3112237751483917,-11.922956466674805
2026-08-04T04:57:17.696000-04:00,12.22669792175293,0.3147311806678772,-11.911966323852539
2026-08-04T04:57:17.700000-04:00,12.233713150024414,0.31625106930732727,-11.917462348937988
2026-08-04T04:57:17.704000-04:00,12.230439186096191,0.3140296936035156,-11.916409492492676
2026-08-04T04:57:17.708000-04:00,12.217111587524414,0.3254872262477875,-11.891624450683594
2026-08-04T04:57:17.712000-04:00,12.214655876159668,0.31905698776245117,-11.895599365234375
2026-08-04T04:57:17.716000-04:00,12.21816349029541,0.3198753595352173,-11.898287773132324
2026-08-04T04:57:17.720000-04:00,12.22400951385498,0.33063140511512756,-11.893378257751465
2026-08-04T04:57:17.724000-04:00,12.223073959350586,0.3291115462779999,-11.893962860107422
2026-08-04T04:57:17.728000-04:00,12.223191261291504,0.33226820826530457,-11.890923500061035
2026-08-04T04:57:17.732000-04:00,12.214773178100586,0.32537031173706055,-11.889402389526367
2026-08-04T04:57:17.736000-04:00,12.225061416625977,0.3299299478530884,-11.89513111114502
2026-08-04T04:57:17.740000-04:00,12.228569030761719,0.33308660984039307,-11.895482063293457
2026-08-04T04:57:17.744000-04:00,12.228218078613281,0.3351910412311554,-11.893027305603027
2026-08-04T04:57:17.748000-04:00,12.2283353805542,0.3447779417037964,-11.883557319641113
2026-08-04T04:57:17.752000-04:00,12.221553802490234,0.3436088263988495,-11.877944946289062
2026-08-04T04:57:17.756000-04:00,12.22623062133789,0.3513250946998596,-11.874905586242676
2026-08-04T04:57:17.760000-04:00,12.242949485778809,0.3657054603099823,-11.877243995666504
2026-08-04T04:57:17.764000-04:00,12.244235038757324,0.3584568202495575,-11.885778427124023
2026-08-04T04:57:17.768000-04:00,12.231959342956543,0.3508574664592743,-11.881101608276367
2026-08-04T04:57:17.772000-04:00,12.239559173583984,0.3785659670829773,-11.860993385314941
2026-08-04T04:57:17.776000-04:00,12.240728378295898,0.37388941645622253,-11.866839408874512
2026-08-04T04:57:17.780000-04:00,12.248210906982422,0.37564313411712646,-11.872568130493164
2026-08-04T04:57:17.784000-04:00,12.250548362731934,0.3821902871131897,-11.86835765838623
2026-08-04T04:57:17.788000-04:00,12.253471374511719,0.3902572989463806,-11.863214492797852
2026-08-04T04:57:17.792000-04:00,12.241662979125977,0.3849962055683136,-11.856666564941406
2026-08-04T04:57:17.796000-04:00,12.24715805053711,0.3901403844356537,-11.857017517089844
2026-08-04T04:57:17.800000-04:00,12.251601219177246,0.38756829500198364,-11.864032745361328
2026-08-04T04:57:17.804000-04:00,12.263643264770508,0.40089643001556396,-11.862747192382812
2026-08-04T04:57:17.808000-04:00,12.255576133728027,0.39516767859458923,-11.860408782958984
2026-08-04T04:57:17.812000-04:00,12.248327255249023,0.39598608016967773,-11.852340698242188
2026-08-04T04:57:17.816000-04:00,12.257096290588379,0.40697595477104187,-11.850120544433594
2026-08-04T04:57:17.820000-04:00,12.254640579223633,0.4021824896335602,-11.852458000183105
2026-08-04T04:57:17.824000-04:00,12.261187553405762,0.3999611437320709,-11.861226081848145
2026-08-04T04:57:17.828000-04:00,12.255809783935547,0.3921279311180115,-11.86368179321289
2026-08-04T04:57:17.832000-04:00,12.251601219177246,0.39166027307510376,-11.859940528869629
2026-08-04T04:57:17.836000-04:00,12.258499145507812,0.38967275619506836,-11.868825912475586
2026-08-04T04:57:17.840000-04:00,12.265162467956543,0.39247867465019226,-11.87268352508545
2026-08-04T04:57:17.844000-04:00,12.25908374786377,0.39961040019989014,-11.85947322845459
2026-08-04T04:57:17.848000-04:00,12.254055976867676,0.3823072016239166,-11.871748924255371
2026-08-04T04:57:17.852000-04:00,12.247626304626465,0.37751373648643494,-11.870112419128418
2026-08-04T04:57:17.856000-04:00,12.257563591003418,0.3745909035205841,-11.882972717285156
2026-08-04T04:57:17.860000-04:00,12.264928817749023,0.3762276768684387,-11.888701438903809
2026-08-04T04:57:17.864000-04:00,12.25499153137207,0.3741232454776764,-11.880867958068848
2026-08-04T04:57:17.868000-04:00,12.249847412109375,0.3757600486278534,-11.8740873336792
2026-08-04T04:57:17.872000-04:00,12.249262809753418,0.36792683601379395,-11.881336212158203
2026-08-04T04:57:17.876000-04:00,12.24645709991455,0.354949414730072,-11.891508102416992
2026-08-04T04:57:17.880000-04:00,12.254406929016113,0.3515589237213135,-11.902848243713379
2026-08-04T04:57:17.884000-04:00,12.242481231689453,0.3509743809700012,-11.891507148742676
2026-08-04T04:57:17.888000-04:00,12.245988845825195,0.3485191762447357,-11.897469520568848
2026-08-04T04:57:17.892000-04:00,12.237805366516113,0.34185510873794556,-11.895950317382812
2026-08-04T04:57:17.896000-04:00,12.248093605041504,0.3429073393344879,-11.905186653137207
2026-08-04T04:57:17.900000-04:00,12.244585990905762,0.3429073393344879,-11.901679039001465
2026-08-04T04:57:17.904000-04:00,12.248444557189941,0.35553398728370667,-11.892910957336426
2026-08-04T04:57:17.908000-04:00,12.237337112426758,0.3452455997467041,-11.892091751098633
2026-08-04T04:57:17.912000-04:00,12.229036331176758,0.3368278443813324,-11.892208099365234
2026-08-04T04:57:17.916000-04:00,12.24669075012207,0.32782548666000366,-11.918865203857422
2026-08-04T04:57:17.920000-04:00,12.236987113952637,0.3170694410800934,-11.919918060302734
2026-08-04T04:57:17.924000-04:00,12.239792823791504,0.33671092987060547,-11.903081893920898
2026-08-04T04:57:17.928000-04:00,12.237337112426758,0.3333204388618469,-11.904016494750977
2026-08-04T04:57:17.932000-04:00,12.2325439453125,0.3287608027458191,-11.903782844543457
2026-08-04T04:57:17.936000-04:00,12.243183135986328,0.3336711823940277,-11.90951156616211
2026-08-04T04:57:17.940000-04:00,12.237337112426758,0.3299299478530884,-11.9074068069458
2026-08-04T04:57:17.944000-04:00,12.232192993164062,0.32373350858688354,-11.908459663391113
2026-08-04T04:57:17.948000-04:00,12.244001388549805,0.33051449060440063,-11.91348648071289
2026-08-04T04:57:17.952000-04:00,12.233245849609375,0.32010918855667114,-11.91313648223877
2026-08-04T04:57:17.956000-04:00,12.231842994689941,0.3140296936035156,-11.917813301086426
2026-08-04T04:57:17.960000-04:00,12.236869812011719,0.32221364974975586,-11.914655685424805
2026-08-04T04:57:17.964000-04:00,12.231141090393066,0.3264225423336029,-11.904718399047852
2026-08-04T04:57:17.968000-04:00,12.227399826049805,0.3244349956512451,-11.90296459197998
2026-08-04T04:57:17.972000-04:00,12.229036331176758,0.3234996795654297,-11.905536651611328
2026-08-04T04:57:17.976000-04:00,12.238272666931152,0.32817623019218445,-11.910096168518066
2026-08-04T04:57:17.980000-04:00,12.241780281066895,0.32700708508491516,-11.914772987365723
2026-08-04T04:57:17.984000-04:00,12.231608390808105,0.3274747431278229,-11.904133796691895
2026-08-04T04:57:17.988000-04:00,12.223658561706543,0.31975847482681274,-11.903900146484375
2026-08-04T04:57:17.992000-04:00,12.21792984008789,0.3238504230976105,-11.894079208374023
2026-08-04T04:57:17.996000-04:00,12.217462539672852,0.3199922740459442,-11.897470474243164
2026-08-04T04:57:18-04:00,12.239090919494629,0.3187062442302704,-11.920384407043457
2026-08-04T04:57:18.004000-04:00,12.252535820007324,0.32501956820487976,-11.927515983581543
2026-08-04T04:57:18.008000-04:00,12.240260124206543,0.3416212797164917,-11.898638725280762
2026-08-04T04:57:18.012000-04:00,12.257563591003418,0.3765784204006195,-11.880985260009766
2026-08-04T04:57:18.016000-04:00,12.245404243469238,0.38277482986450195,-11.862628936767578
2026-08-04T04:57:18.020000-04:00,12.253588676452637,0.3957522511482239,-11.857836723327637
2026-08-04T04:57:18.024000-04:00,12.245521545410156,0.41247087717056274,-11.833050727844238
2026-08-04T04:57:18.028000-04:00,12.253705024719238,0.4079112410545349,-11.845793724060059
2026-08-04T04:57:18.032000-04:00,12.265046119689941,0.435502827167511,-11.829543113708496
2026-08-04T04:57:18.036000-04:00,12.25721263885498,0.4862433075904846,-11.77096939086914
2026-08-04T04:57:18.040000-04:00,12.235934257507324,0.4973500967025757,-11.738584518432617
2026-08-04T04:57:18.044000-04:00,12.21980094909668,0.4660172760486603,-11.753783226013184
2026-08-04T04:57:18.048000-04:00,12.231023788452148,0.4577164053916931,-11.773307800292969
2026-08-04T04:57:18.052000-04:00,12.229270935058594,0.47385045886039734,-11.755420684814453
2026-08-04T04:57:18.056000-04:00,12.234064102172852,0.4854249060153961,-11.748639106750488
2026-08-04T04:57:18.060000-04:00,12.260252952575684,0.4889323115348816,-11.771320343017578
2026-08-04T04:57:18.064000-04:00,12.260486602783203,0.4529229402542114,-11.807563781738281
2026-08-04T04:57:18.068000-04:00,12.250314712524414,0.43129396438598633,-11.819021224975586
2026-08-04T04:57:18.072000-04:00,12.251483917236328,0.3894389271736145,-11.862045288085938
2026-08-04T04:57:18.076000-04:00,12.25277042388916,0.37108349800109863,-11.88168716430664
2026-08-04T04:57:18.080000-04:00,12.247275352478027,0.37950125336647034,-11.86777400970459
2026-08-04T04:57:18.084000-04:00,12.238272666931152,0.36067819595336914,-11.877593994140625
2026-08-04T04:57:18.088000-04:00,12.212552070617676,0.32022610306739807,-11.892326354980469
2026-08-04T04:57:18.092000-04:00,12.201210975646973,0.31286054849624634,-11.888350486755371
2026-08-04T04:57:18.096000-04:00,12.209980010986328,0.30210453271865845,-11.907875061035156
2026-08-04T04:57:18.100000-04:00,12.215475082397461,0.2978956401348114,-11.917579650878906
2026-08-04T04:57:18.104000-04:00,12.212318420410156,0.29812946915626526,-11.914189338684082
2026-08-04T04:57:18.108000-04:00,12.211031913757324,0.28760725259780884,-11.92342472076416
2026-08-04T04:57:18.112000-04:00,12.208108901977539,0.2853858768939972,-11.922722816467285
2026-08-04T04:57:18.116000-04:00,12.202380180358887,0.2765004634857178,-11.92587947845459
2026-08-04T04:57:18.120000-04:00,12.210564613342285,0.28082627058029175,-11.92973804473877
2026-08-04T04:57:18.124000-04:00,12.202497482299805,0.2765004634857178,-11.925996780395508
2026-08-04T04:57:18.128000-04:00,12.19957447052002,0.2717069983482361,-11.927867889404297
2026-08-04T04:57:18.132000-04:00,12.192559242248535,0.26036641001701355,-11.9321928024292
2026-08-04T04:57:18.136000-04:00,12.192910194396973,0.2602494955062866,-11.932661056518555
2026-08-04T04:57:18.140000-04:00,12.198872566223145,0.27357763051986694,-11.925294876098633
2026-08-04T04:57:18.144000-04:00,12.195365905761719,0.28445059061050415,-11.91091537475586
2026-08-04T04:57:18.148000-04:00,12.173970222473145,0.28889328241348267,-11.885076522827148
2026-08-04T04:57:18.152000-04:00,12.145209312438965,0.30210453271865845,-11.843104362487793
2026-08-04T04:57:18.156000-04:00,12.145092964172363,0.3264225423336029,-11.818670272827148
2026-08-04T04:57:18.160000-04:00,12.207056999206543,0.3030398190021515,-11.904017448425293
2026-08-04T04:57:18.164000-04:00,12.314266204833984,0.3963368237018585,-11.917929649353027
2026-08-04T04:57:18.168000-04:00,12.425684928894043,0.5268123149871826,-11.898872375488281
2026-08-04T04:57:18.172000-04:00,12.606316566467285,0.8978958129882812,-11.708420753479004
2026-08-04T04:57:18.176000-04:00,12.5494966506958,1.3345677852630615,-11.21492862701416
2026-08-04T04:57:18.180000-04:00,12.502497673034668,2.116952896118164,-10.385544776916504
2026-08-04T04:57:18.184000-04:00,12.417617797851562,2.538893938064575,-9.878724098205566
2026-08-04T04:57:18.188000-04:00,12.347119331359863,2.6511309146881104,-9.695988655090332
2026-08-04T04:57:18.192000-04:00,12.305849075317383,2.6029624938964844,-9.702886581420898
2026-08-04T04:57:18.196000-04:00,12.244352340698242,2.034879684448242,-10.20947265625
2026-08-04T04:57:18.200000-04:00,12.184493064880371,1.3870619535446167,-10.797430992126465
2026-08-04T04:57:18.204000-04:00,12.179582595825195,1.011886477470398,-11.167695999145508
2026-08-04T04:57:18.208000-04:00,12.237921714782715,0.6777476668357849,-11.560173988342285
2026-08-04T04:57:18.212000-04:00,12.295443534851074,0.6234997510910034,-11.671943664550781
2026-08-04T04:57:18.216000-04:00,12.320930480957031,0.5700702667236328,-11.750860214233398
2026-08-04T04:57:18.220000-04:00,12.27568531036377,0.5196805596351624,-11.756004333496094
2026-08-04T04:57:18.224000-04:00,12.287727355957031,0.45783331990242004,-11.829894065856934
2026-08-04T04:57:18.228000-04:00,12.283167839050293,0.43094322085380554,-11.852224349975586
2026-08-04T04:57:18.232000-04:00,12.272644996643066,0.41527679562568665,-11.857368469238281
2026-08-04T04:57:18.236000-04:00,12.273113250732422,0.38768520951271057,-11.885428428649902
2026-08-04T04:57:18.240000-04:00,12.27790641784668,0.3849962055683136,-11.89291000366211
2026-08-04T04:57:18.244000-04:00,12.280945777893066,0.3778644800186157,-11.903080940246582
2026-08-04T04:57:18.248000-04:00,12.276269912719727,0.37833213806152344,-11.897937774658203
2026-08-04T04:57:18.252000-04:00,12.265279769897461,0.3716680705547333,-11.893611907958984
2026-08-04T04:57:18.256000-04:00,12.283284187316895,0.37961816787719727,-11.903665542602539
2026-08-04T04:57:18.260000-04:00,12.28796100616455,0.3925955891609192,-11.895365715026855
2026-08-04T04:57:18.264000-04:00,12.289714813232422,0.3993765711784363,-11.890337944030762
2026-08-04T04:57:18.268000-04:00,12.290650367736816,0.40159791707992554,-11.889052391052246
2026-08-04T04:57:18.272000-04:00,12.28573989868164,0.39551842212677,-11.89022159576416
2026-08-04T04:57:18.276000-04:00,12.297898292541504,0.42007026076316833,-11.877827644348145
2026-08-04T04:57:18.280000-04:00,12.30865478515625,0.4379580318927765,-11.870697021484375
2026-08-04T04:57:18.284000-04:00,12.30234146118164,0.4323461651802063,-11.8699951171875
2026-08-04T04:57:18.288000-04:00,12.307952880859375,0.43608739972114563,-11.871865272521973
2026-08-04T04:57:18.292000-04:00,12.308070182800293,0.44988319277763367,-11.858186721801758
2026-08-04T04:57:18.296000-04:00,12.32116413116455,0.45818406343460083,-11.862979888916016
2026-08-04T04:57:18.300000-04:00,12.331803321838379,0.4701092541217804,-11.8616943359375
2026-08-04T04:57:18.304000-04:00,12.332154273986816,0.47151219844818115,-11.860642433166504
2026-08-04T04:57:18.308000-04:00,12.330751419067383,0.48156675696372986,-11.8491849899292
2026-08-04T04:57:18.312000-04:00,12.338233947753906,0.47957924008369446,-11.858654975891113
2026-08-04T04:57:18.316000-04:00,12.348639488220215,0.5104444026947021,-11.838194847106934
2026-08-04T04:57:18.320000-04:00,12.354718208312988,0.5171085000038147,-11.83760929107666
2026-08-04T04:57:18.324000-04:00,12.368748664855957,0.5461030006408691,-11.82264518737793
2026-08-04T04:57:18.328000-04:00,12.364422798156738,0.5630554556846619,-11.80136775970459
2026-08-04T04:57:18.332000-04:00,12.37061882019043,0.5749806761741638,-11.795638084411621
2026-08-04T04:57:18.336000-04:00,12.390026092529297,0.5897117853164673,-11.800313949584961
2026-08-04T04:57:18.340000-04:00,12.402185440063477,0.6223306059837341,-11.779854774475098
2026-08-04T04:57:18.344000-04:00,12.416332244873047,0.6410368084907532,-11.77529525756836
2026-08-04T04:57:18.348000-04:00,12.414111137390137,0.6628996133804321,-11.751211166381836
2026-08-04T04:57:18.352000-04:00,12.437142372131348,0.6798520684242249,-11.75728988647461
2026-08-04T04:57:18.356000-04:00,12.44848346710205,0.7117694616317749,-11.736714363098145
2026-08-04T04:57:18.360000-04:00,12.474437713623047,0.7518708109855652,-11.722566604614258
2026-08-04T04:57:18.364000-04:00,12.490571975708008,0.7952457070350647,-11.69532585144043
2026-08-04T04:57:18.368000-04:00,12.501094818115234,0.8195637464523315,-11.681530952453613
2026-08-04T04:57:18.372000-04:00,12.517579078674316,0.8627048134803772,-11.654873847961426
2026-08-04T04:57:18.376000-04:00,12.542832374572754,0.8978958129882812,-11.644936561584473
2026-08-04T04:57:18.380000-04:00,12.56633186340332,0.9257212281227112,-11.640610694885254
2026-08-04T04:57:18.384000-04:00,12.576971054077148,0.9484024047851562,-11.628568649291992
2026-08-04T04:57:18.388000-04:00,12.582232475280762,0.9770462512969971,-11.605186462402344
2026-08-04T04:57:18.392000-04:00,12.589481353759766,0.9954016804695129,-11.594079971313477
2026-08-04T04:57:18.396000-04:00,12.60093879699707,1.0123541355133057,-11.588584899902344
2026-08-04T04:57:18.400000-04:00,12.611577987670898,1.0330477952957153,-11.578530311584473
2026-08-04T04:57:18.404000-04:00,12.606082916259766,1.0349184274673462,-11.57116413116455
2026-08-04T04:57:18.408000-04:00,12.594625473022461,1.0208888053894043,-11.573736190795898
2026-08-04T04:57:18.412000-04:00,12.588545799255371,1.017264485359192,-11.571281433105469
2026-08-04T04:57:18.416000-04:00,12.574867248535156,0.9977399110794067,-11.577127456665039
2026-08-04T04:57:18.420000-04:00,12.567267417907715,0.9730711579322815,-11.594196319580078
2026-08-04T04:57:18.424000-04:00,12.542131423950195,0.9474670886993408,-11.594664573669434
2026-08-04T04:57:18.428000-04:00,12.50214672088623,0.8892441987991333,-11.612902641296387
2026-08-04T04:57:18.432000-04:00,12.487181663513184,0.8402574062347412,-11.646924018859863
2026-08-04T04:57:18.436000-04:00,12.460992813110352,0.7827360033988953,-11.67825698852539
2026-08-04T04:57:18.440000-04:00,12.44485855102539,0.7598209381103516,-11.685037612915039
2026-08-04T04:57:18.444000-04:00,12.406744956970215,0.6986751556396484,-11.708069801330566
2026-08-04T04:57:18.448000-04:00,12.378803253173828,0.659392237663269,-11.71941089630127
2026-08-04T04:57:18.452000-04:00,12.3557710647583,0.5939206480979919,-11.761850357055664
2026-08-04T04:57:18.456000-04:00,12.341975212097168,0.5587297081947327,-11.783245086669922
2026-08-04T04:57:18.460000-04:00,12.324438095092773,0.510678231716156,-11.813759803771973
2026-08-04T04:57:18.464000-04:00,12.297664642333984,0.47478577494621277,-11.82287883758545
2026-08-04T04:57:18.468000-04:00,12.285155296325684,0.44789567589759827,-11.837259292602539
2026-08-04T04:57:18.472000-04:00,12.263643264770508,0.41364002227783203,-11.850003242492676
2026-08-04T04:57:18.476000-04:00,12.265046119689941,0.3941154479980469,-11.870930671691895
2026-08-04T04:57:18.480000-04:00,12.26305866241455,0.3797350823879242,-11.883323669433594
2026-08-04T04:57:18.484000-04:00,12.257096290588379,0.3585737347602844,-11.89852237701416
2026-08-04T04:57:18.488000-04:00,12.236167907714844,0.34980523586273193,-11.88636302947998
2026-08-04T04:57:18.492000-04:00,12.22646427154541,0.33823078870773315,-11.888233184814453
2026-08-04T04:57:18.496000-04:00,12.233830451965332,0.3323851227760315,-11.901445388793945
2026-08-04T04:57:18.500000-04:00,12.229153633117676,0.3355417847633362,-11.893611907958984
2026-08-04T04:57:18.504000-04:00,12.224594116210938,0.3274747431278229,-11.897119522094727
2026-08-04T04:57:18.508000-04:00,12.218865394592285,0.3224474787712097,-11.896417617797852
2026-08-04T04:57:18.512000-04:00,12.20787525177002,0.30900242924690247,-11.898872375488281
2026-08-04T04:57:18.516000-04:00,12.216994285583496,0.3005846440792084,-11.916409492492676
2026-08-04T04:57:18.520000-04:00,12.224710464477539,0.32092759013175964,-11.903782844543457
2026-08-04T04:57:18.524000-04:00,12.210680961608887,0.31098994612693787,-11.899690628051758
2026-08-04T04:57:18.528000-04:00,12.205185890197754,0.3098208010196686,-11.895364761352539
2026-08-04T04:57:18.532000-04:00,12.200626373291016,0.29848021268844604,-11.902146339416504
2026-08-04T04:57:18.536000-04:00,12.210213661193848,0.3215121626853943,-11.888701438903809
2026-08-04T04:57:18.540000-04:00,12.216760635375977,0.3238504230976105,-11.89291000366211
2026-08-04T04:57:18.544000-04:00,12.21395492553711,0.313445121049881,-11.90050983428955
2026-08-04T04:57:18.548000-04:00,12.204718589782715,0.3247857391834259,-11.879932403564453
2026-08-04T04:57:18.552000-04:00,12.20401668548584,0.3226813077926636,-11.881335258483887
2026-08-04T04:57:18.556000-04:00,12.214305877685547,0.32899463176727295,-11.885311126708984
2026-08-04T04:57:18.560000-04:00,12.221203804016113,0.32864388823509216,-11.892560005187988
2026-08-04T04:57:18.564000-04:00,12.217345237731934,0.34454411268234253,-11.872800827026367
2026-08-04T04:57:18.568000-04:00,12.215124130249023,0.34746697545051575,-11.867656707763672
2026-08-04T04:57:18.572000-04:00,12.2159423828125,0.3392830193042755,-11.876659393310547
2026-08-04T04:57:18.576000-04:00,12.23008918762207,0.35062363743782043,-11.879465103149414
2026-08-04T04:57:18.580000-04:00,12.231492042541504,0.3673422634601593,-11.864150047302246
2026-08-04T04:57:18.584000-04:00,12.2284517288208,0.36582237482070923,-11.862628936767578
2026-08-04T04:57:18.588000-04:00,12.22447681427002,0.3604443669319153,-11.864032745361328
2026-08-04T04:57:18.592000-04:00,12.23055648803711,0.37026509642601013,-11.860291481018066
2026-08-04T04:57:18.596000-04:00,12.227517127990723,0.3736555874347687,-11.853861808776855
2026-08-04T04:57:18.600000-04:00,12.24692440032959,0.39318016171455383,-11.853744506835938
2026-08-04T04:57:18.604000-04:00,12.244118690490723,0.38768520951271057,-11.856433868408203
2026-08-04T04:57:18.608000-04:00,12.229971885681152,0.38476237654685974,-11.845209121704102
2026-08-04T04:57:18.612000-04:00,12.23640251159668,0.38160571455955505,-11.854796409606934
2026-08-04T04:57:18.616000-04:00,12.24306583404541,0.3921279311180115,-11.850937843322754
2026-08-04T04:57:18.620000-04:00,12.245521545410156,0.3894389271736145,-11.856082916259766
2026-08-04T04:57:18.624000-04:00,12.242131233215332,0.4042869210243225,-11.837843894958496
2026-08-04T04:57:18.628000-04:00,12.240143775939941,0.393881618976593,-11.846261978149414
2026-08-04T04:57:18.632000-04:00,12.236518859863281,0.39236176013946533,-11.844157218933105
2026-08-04T04:57:18.636000-04:00,12.240026473999023,0.3918941020965576,-11.848132133483887
2026-08-04T04:57:18.640000-04:00,12.245170593261719,0.3845285475254059,-11.860642433166504
2026-08-04T04:57:18.644000-04:00,12.234882354736328,0.3798519968986511,-11.855030059814453
2026-08-04T04:57:18.648000-04:00,12.231725692749023,0.3761107623577118,-11.85561466217041
2026-08-04T04:57:18.652000-04:00,12.24061107635498,0.37201881408691406,-11.868592262268066
2026-08-04T04:57:18.656000-04:00,12.24061107635498,0.3736555874347687,-11.866955757141113
2026-08-04T04:57:18.660000-04:00,12.240260124206543,0.3729541003704071,-11.867305755615234
2026-08-04T04:57:18.664000-04:00,12.240260124206543,0.37236952781677246,-11.867890357971191
2026-08-04T04:57:18.668000-04:00,12.23055648803711,0.36114585399627686,-11.869410514831543
2026-08-04T04:57:18.672000-04:00,12.229036331176758,0.36231496930122375,-11.866721153259277
2026-08-04T04:57:18.676000-04:00,12.235817909240723,0.35985979437828064,-11.875958442687988
2026-08-04T04:57:18.680000-04:00,12.235466957092285,0.35787227749824524,-11.877594947814941
2026-08-04T04:57:18.684000-04:00,12.238974571228027,0.3589244782924652,-11.880049705505371
2026-08-04T04:57:18.688000-04:00,12.227282524108887,0.3537802994251251,-11.873501777648926
2026-08-04T04:57:18.692000-04:00,12.224710464477539,0.35109129548072815,-11.873619079589844
2026-08-04T04:57:18.696000-04:00,12.237103462219238,0.36360102891921997,-11.873502731323242
2026-08-04T04:57:18.700000-04:00,12.229738235473633,0.34629783034324646,-11.883440017700195
2026-08-04T04:57:18.704000-04:00,12.224594116210938,0.3509743809700012,-11.87362003326416
2026-08-04T04:57:18.708000-04:00,12.22225570678711,0.3515589237213135,-11.870697021484375
2026-08-04T04:57:18.712000-04:00,12.22225570678711,0.3509743809700012,-11.871281623840332
2026-08-04T04:57:18.716000-04:00,12.223892211914062,0.34033524990081787,-11.883557319641113
2026-08-04T04:57:18.720000-04:00,12.227517127990723,0.3437257409095764,-11.883790969848633
2026-08-04T04:57:18.724000-04:00,12.223775863647461,0.3376462161540985,-11.886129379272461
2026-08-04T04:57:18.728000-04:00,12.224594116210938,0.3360094428062439,-11.888585090637207
2026-08-04T04:57:18.732000-04:00,12.220735549926758,0.3243180811405182,-11.896417617797852
2026-08-04T04:57:18.736000-04:00,12.228218078613281,0.3291115462779999,-11.899106979370117
2026-08-04T04:57:18.740000-04:00,12.228218078613281,0.331566721200943,-11.896651268005371
2026-08-04T04:57:18.744000-04:00,12.213837623596191,0.3226813077926636,-11.891156196594238
2026-08-04T04:57:18.748000-04:00,12.208810806274414,0.3215121626853943,-11.887298583984375
2026-08-04T04:57:18.752000-04:00,12.2159423828125,0.31905698776245117,-11.89688491821289
2026-08-04T04:57:18.756000-04:00,12.216409683227539,0.3198753595352173,-11.896533966064453
2026-08-04T04:57:18.760000-04:00,12.218981742858887,0.31929081678390503,-11.899690628051758
2026-08-04T04:57:18.764000-04:00,12.211616516113281,0.3078332841396332,-11.903782844543457
2026-08-04T04:57:18.768000-04:00,12.204952239990234,0.3199922740459442,-11.884960174560547
2026-08-04T04:57:18.772000-04:00,12.210447311401367,0.31262674927711487,-11.897820472717285
2026-08-04T04:57:18.776000-04:00,12.221437454223633,0.317654013633728,-11.903783798217773
2026-08-04T04:57:18.780000-04:00,12.217696189880371,0.3335542678833008,-11.88414192199707
2026-08-04T04:57:18.784000-04:00,12.21617603302002,0.32981303334236145,-11.88636302947998
2026-08-04T04:57:18.788000-04:00,12.21009635925293,0.30374130606651306,-11.906354904174805
2026-08-04T04:57:18.792000-04:00,12.21208381652832,0.3095869719982147,-11.902497291564941
2026-08-04T04:57:18.796000-04:00,12.229270935058594,0.32338276505470276,-11.905888557434082
2026-08-04T04:57:18.800000-04:00,12.243885040283203,0.36266571283340454,-11.881218910217285
2026-08-04T04:57:18.804000-04:00,12.240962028503418,0.3873344659805298,-11.85362720489502
2026-08-04T04:57:18.808000-04:00,12.225763320922852,0.38160571455955505,-11.844157218933105
2026-08-04T04:57:18.812000-04:00,12.22623062133789,0.3838270604610443,-11.842403411865234
2026-08-04T04:57:18.816000-04:00,12.231258392333984,0.3818395435810089,-11.849418640136719
2026-08-04T04:57:18.820000-04:00,12.248210906982422,0.40849581360816956,-11.839715003967285
2026-08-04T04:57:18.824000-04:00,12.251250267028809,0.45151999592781067,-11.79973030090332
2026-08-04T04:57:18.828000-04:00,12.20179557800293,0.4653157889842987,-11.736479759216309
2026-08-04T04:57:18.832000-04:00,12.199457168579102,0.4730320870876312,-11.726425170898438
2026-08-04T04:57:18.836000-04:00,12.211149215698242,0.4615745544433594,-11.749574661254883
2026-08-04T04:57:18.840000-04:00,12.216877937316895,0.4681217074394226,-11.748756408691406
2026-08-04T04:57:18.844000-04:00,12.214773178100586,0.4673033058643341,-11.747469902038574
2026-08-04T04:57:18.848000-04:00,12.221086502075195,0.47279825806617737,-11.74828815460205
2026-08-04T04:57:18.852000-04:00,12.2366361618042,0.4468434453010559,-11.789793014526367
2026-08-04T04:57:18.856000-04:00,12.249613761901855,0.44660961627960205,-11.803004264831543
2026-08-04T04:57:18.860000-04:00,12.239909172058105,0.3994934856891632,-11.840415954589844
2026-08-04T04:57:18.864000-04:00,12.227166175842285,0.3633671998977661,-11.863799095153809
2026-08-04T04:57:18.868000-04:00,12.217812538146973,0.3613796830177307,-11.856432914733887
2026-08-04T04:57:18.872000-04:00,12.206706047058105,0.341153621673584,-11.86555290222168
2026-08-04T04:57:18.876000-04:00,12.210564613342285,0.32373350858688354,-11.886831283569336
2026-08-04T04:57:18.880000-04:00,12.206823348999023,0.3019876182079315,-11.90483570098877
2026-08-04T04:57:18.884000-04:00,12.192091941833496,0.2921668589115143,-11.899925231933594
2026-08-04T04:57:18.888000-04:00,12.18110179901123,0.27346071600914,-11.907641410827637
2026-08-04T04:57:18.892000-04:00,12.180634498596191,0.2698363959789276,-11.910798072814941
2026-08-04T04:57:18.896000-04:00,12.1869478225708,0.2669135630130768,-11.920034408569336
2026-08-04T04:57:18.900000-04:00,12.188350677490234,0.26235392689704895,-11.925996780395508
2026-08-04T04:57:18.904000-04:00,12.188233375549316,0.2513640522956848,-11.936869621276855
2026-08-04T04:57:18.908000-04:00,12.178296089172363,0.25475454330444336,-11.923542022705078
2026-08-04T04:57:18.912000-04:00,12.176191329956055,0.23710060119628906,-11.939090728759766
2026-08-04T04:57:18.916000-04:00,12.183440208435059,0.23780208826065063,-11.945637702941895
2026-08-04T04:57:18.920000-04:00,12.186596870422363,0.24621985852718353,-11.940377235412598
2026-08-04T04:57:18.924000-04:00,12.182037353515625,0.24201098084449768,-11.94002628326416
2026-08-04T04:57:18.928000-04:00,12.167656898498535,0.23745134472846985,-11.930205345153809
2026-08-04T04:57:18.932000-04:00,12.16029167175293,0.2287997454404831,-11.93149185180664
2026-08-04T04:57:18.936000-04:00,12.163331031799316,0.25872960686683655,-11.904601097106934
2026-08-04T04:57:18.940000-04:00,12.15199089050293,0.2545207142829895,-11.897470474243164
2026-08-04T04:57:18.944000-04:00,12.110018730163574,0.29403749108314514,-11.815980911254883
2026-08-04T04:57:18.948000-04:00,12.116565704345703,0.31660178303718567,-11.79996395111084
2026-08-04T04:57:18.952000-04:00,12.182271003723145,0.2901793420314789,-11.892091751098633
2026-08-04T04:57:18.956000-04:00,12.257563591003418,0.3492206633090973,-11.908343315124512
2026-08-04T04:57:18.960000-04:00,12.442052841186523,0.5602495670318604,-11.881803512573242
2026-08-04T04:57:18.964000-04:00,12.554991722106934,0.9536635279655457,-11.601327896118164
2026-08-04T04:57:18.968000-04:00,12.486830711364746,1.3995716571807861,-11.087259292602539
2026-08-04T04:57:18.972000-04:00,12.443923950195312,2.1813724040985107,-10.262551307678223
2026-08-04T04:57:18.976000-04:00,12.38675308227539,2.5712788105010986,-9.815474510192871
2026-08-04T04:57:18.980000-04:00,12.328880310058594,2.6616530418395996,-9.667226791381836
2026-08-04T04:57:18.984000-04:00,12.254173278808594,2.568239212036133,-9.685934066772461
2026-08-04T04:57:18.988000-04:00,12.209980010986328,1.9215905666351318,-10.288389205932617
2026-08-04T04:57:18.992000-04:00,12.167423248291016,1.3293066024780273,-10.838116645812988
2026-08-04T04:57:18.996000-04:00,12.186129570007324,0.9256042838096619,-11.260525703430176
2026-08-04T04:57:19-04:00,12.247041702270508,0.6405691504478455,-11.606472969055176
2026-08-04T04:57:19.004000-04:00,12.29813289642334,0.6127437353134155,-11.685389518737793
2026-08-04T04:57:19.008000-04:00,12.264461517333984,0.5480905771255493,-11.716370582580566
2026-08-04T04:57:19.012000-04:00,12.227633476257324,0.48951688408851624,-11.738116264343262
2026-08-04T04:57:19.016000-04:00,12.251601219177246,0.43702271580696106,-11.81457805633545
2026-08-04T04:57:19.020000-04:00,12.260953903198242,0.41095098853111267,-11.850003242492676
2026-08-04T04:57:19.024000-04:00,12.242598533630371,0.39961040019989014,-11.842988014221191
2026-08-04T04:57:19.028000-04:00,12.235817909240723,0.37950125336647034,-11.856316566467285
2026-08-04T04:57:19.032000-04:00,12.2408447265625,0.3841778039932251,-11.856666564941406
2026-08-04T04:57:19.036000-04:00,12.257680892944336,0.37026509642601013,-11.887415885925293
2026-08-04T04:57:19.040000-04:00,12.265397071838379,0.3701481819152832,-11.895248413085938
2026-08-04T04:57:19.044000-04:00,12.264695167541504,0.37763065099716187,-11.887064933776855
2026-08-04T04:57:19.048000-04:00,12.253120422363281,0.36477017402648926,-11.888350486755371
2026-08-04T04:57:19.052000-04:00,12.260602951049805,0.37599384784698486,-11.88460922241211
2026-08-04T04:57:19.056000-04:00,12.27135944366455,0.3849962055683136,-11.88636302947998
2026-08-04T04:57:19.060000-04:00,12.278491020202637,0.39434927701950073,-11.88414192199707
2026-08-04T04:57:19.064000-04:00,12.269254684448242,0.3957522511482239,-11.873502731323242
2026-08-04T04:57:19.068000-04:00,12.274632453918457,0.40767741203308105,-11.866954803466797
2026-08-04T04:57:19.072000-04:00,12.280945777893066,0.41293853521347046,-11.86800765991211
2026-08-04T04:57:19.076000-04:00,12.2864408493042,0.4199533462524414,-11.866487503051758
2026-08-04T04:57:19.080000-04:00,12.297781944274902,0.4304755628108978,-11.86730670928955
2026-08-04T04:57:19.084000-04:00,12.296846389770508,0.4303586483001709,-11.866487503051758
2026-08-04T04:57:19.088000-04:00,12.292637825012207,0.44696035981178284,-11.845677375793457
2026-08-04T04:57:19.092000-04:00,12.299418449401855,0.4511692523956299,-11.848249435424805
2026-08-04T04:57:19.096000-04:00,12.310408592224121,0.45385825634002686,-11.856550216674805
2026-08-04T04:57:19.100000-04:00,12.316020011901855,0.47548726201057434,-11.840532302856445
2026-08-04T04:57:19.104000-04:00,12.314149856567383,0.4861263930797577,-11.828023910522461
2026-08-04T04:57:19.108000-04:00,12.320579528808594,0.5045987367630005,-11.815980911254883
2026-08-04T04:57:19.112000-04:00,12.325840950012207,0.5045987367630005,-11.821242332458496
2026-08-04T04:57:19.116000-04:00,12.350275993347168,0.5356976985931396,-11.81457805633545
2026-08-04T04:57:19.120000-04:00,12.354368209838867,0.5513641238212585,-11.803004264831543
2026-08-04T04:57:19.124000-04:00,12.358927726745605,0.571473240852356,-11.787454605102539
2026-08-04T04:57:19.128000-04:00,12.365474700927734,0.5853859782218933,-11.780088424682617
2026-08-04T04:57:19.132000-04:00,12.380088806152344,0.6011692881584167,-11.778919219970703
2026-08-04T04:57:19.136000-04:00,12.404641151428223,0.6465317606925964,-11.758109092712402
2026-08-04T04:57:19.140000-04:00,12.420307159423828,0.659392237663269,-11.76091480255127
2026-08-04T04:57:19.144000-04:00,12.431413650512695,0.6873345375061035,-11.74407958984375
2026-08-04T04:57:19.148000-04:00,12.439364433288574,0.7192519307136536,-11.720112800598145
2026-08-04T04:57:19.152000-04:00,12.457719802856445,0.7497663497924805,-11.707953453063965
2026-08-04T04:57:19.156000-04:00,12.480634689331055,0.31449735164642334,-12.1661376953125
2026-08-04T04:57:19.160000-04:00,12.510213851928711,0.8182776570320129,-11.691936492919922
2026-08-04T04:57:19.164000-04:00,12.531023979187012,0.8691350817680359,-11.66188907623291
2026-08-04T04:57:19.168000-04:00,12.534998893737793,0.8911148309707642,-11.64388370513916
2026-08-04T04:57:19.172000-04:00,12.556160926818848,0.9337882399559021,-11.6223726272583
2026-08-04T04:57:19.176000-04:00,12.570541381835938,0.9557679891586304,-11.614773750305176
2026-08-04T04:57:19.180000-04:00,12.584219932556152,0.9832426309585571,-11.600976943969727
2026-08-04T04:57:19.184000-04:00,12.591468811035156,0.9969215393066406,-11.594547271728516
2026-08-04T04:57:19.188000-04:00,12.585038185119629,1.0025334358215332,-11.582504272460938
2026-08-04T04:57:19.192000-04:00,12.597548484802246,1.012471079826355,-11.585077285766602
2026-08-04T04:57:19.196000-04:00,12.602692604064941,1.0364383459091187,-11.566254615783691
2026-08-04T04:57:19.200000-04:00,12.595911026000977,1.0348014831542969,-11.56110954284668
2026-08-04T04:57:19.204000-04:00,12.580595970153809,1.0187844038009644,-11.561811447143555
2026-08-04T04:57:19.208000-04:00,12.567150115966797,0.9965707659721375,-11.570579528808594
2026-08-04T04:57:19.212000-04:00,12.546106338500977,0.966991662979126,-11.57911491394043
2026-08-04T04:57:19.216000-04:00,12.534297943115234,0.939166247844696,-11.595131874084473
2026-08-04T04:57:19.220000-04:00,12.514071464538574,0.909937858581543,-11.604133605957031
2026-08-04T04:57:19.224000-04:00,12.482037544250488,0.8573268055915833,-11.624711036682129
2026-08-04T04:57:19.228000-04:00,12.416332244873047,0.7317616939544678,-11.6845703125
2026-08-04T04:57:19.232000-04:00,12.416332244873047,0.7317616939544678,-11.6845703125
2026-08-04T04:57:19.236000-04:00,12.391897201538086,0.676929235458374,-11.714967727661133
2026-08-04T04:57:19.240000-04:00,12.374944686889648,0.6534296274185181,-11.721514701843262
2026-08-04T04:57:19.244000-04:00,12.340688705444336,0.5992986559867859,-11.741390228271484
2026-08-04T04:57:19.248000-04:00,12.31718921661377,0.5646922588348389,-11.752496719360352
2026-08-04T04:57:19.252000-04:00,12.292637825012207,0.5113797187805176,-11.781257629394531
2026-08-04T04:57:19.256000-04:00,12.284337043762207,0.4737335443496704,-11.810603141784668
2026-08-04T04:57:19.260000-04:00,12.270072937011719,0.45222148299217224,-11.817851066589355
2026-08-04T04:57:19.264000-04:00,12.250314712524414,0.4280203878879547,-11.822294235229492
2026-08-04T04:57:19.268000-04:00,12.246339797973633,0.4186672866344452,-11.827672958374023
2026-08-04T04:57:19.272000-04:00,12.232427597045898,0.391309529542923,-11.841117858886719
2026-08-04T04:57:19.276000-04:00,12.226581573486328,0.3878021240234375,-11.83877944946289
2026-08-04T04:57:19.280000-04:00,12.222373008728027,0.368862122297287,-11.853510856628418
2026-08-04T04:57:19.284000-04:00,12.219566345214844,0.36383485794067383,-11.855731964111328
2026-08-04T04:57:19.288000-04:00,12.204952239990234,0.35869064927101135,-11.846261978149414
2026-08-04T04:57:19.292000-04:00,12.204251289367676,0.3361263573169708,-11.868124961853027
2026-08-04T04:57:19.296000-04:00,12.204718589782715,0.34267351031303406,-11.862045288085938
2026-08-04T04:57:19.300000-04:00,12.20378303527832,0.34021833539009094,-11.863564491271973
2026-08-04T04:57:19.304000-04:00,12.204952239990234,0.33098214864730835,-11.873970031738281
2026-08-04T04:57:19.308000-04:00,12.192442893981934,0.3408029079437256,-11.851639747619629
2026-08-04T04:57:19.312000-04:00,12.190221786499023,0.3267732858657837,-11.863448143005371
2026-08-04T04:57:19.316000-04:00,12.20202922821045,0.34150436520576477,-11.860525131225586
2026-08-04T04:57:19.320000-04:00,12.203666687011719,0.34068599343299866,-11.862980842590332
2026-08-04T04:57:19.324000-04:00,12.189168930053711,0.3479346036911011,-11.84123420715332
2026-08-04T04:57:19.328000-04:00,12.186714172363281,0.35226041078567505,-11.834453582763672
2026-08-04T04:57:19.332000-04:00,12.194313049316406,0.3399845063686371,-11.854328155517578
2026-08-04T04:57:19.336000-04:00,12.187649726867676,0.34664857387542725,-11.841001510620117
2026-08-04T04:57:19.340000-04:00,12.196300506591797,0.35424795746803284,-11.842052459716797
2026-08-04T04:57:19.344000-04:00,12.197002410888672,0.3557678163051605,-11.84123420715332
2026-08-04T04:57:19.348000-04:00,12.194897651672363,0.3548325002193451,-11.840065002441406
2026-08-04T04:57:19.352000-04:00,12.189286231994629,0.3431411683559418,-11.846144676208496
2026-08-04T04:57:19.356000-04:00,12.203082084655762,0.36278262734413147,-11.840299606323242
2026-08-04T04:57:19.360000-04:00,12.203082084655762,0.37435707449913025,-11.82872486114502
2026-08-04T04:57:19.364000-04:00,12.199457168579102,0.3742401599884033,-11.825217247009277
2026-08-04T04:57:19.368000-04:00,12.192091941833496,0.3681606650352478,-11.823931694030762
2026-08-04T04:57:19.372000-04:00,12.207757949829102,0.37763065099716187,-11.830127716064453
2026-08-04T04:57:19.376000-04:00,12.206005096435547,0.38125497102737427,-11.824749946594238
2026-08-04T04:57:19.380000-04:00,12.213136672973633,0.39645373821258545,-11.816682815551758
2026-08-04T04:57:19.384000-04:00,12.212668418884277,0.4019486606121063,-11.81071949005127
2026-08-04T04:57:19.388000-04:00,12.208342552185059,0.40042877197265625,-11.807913780212402
2026-08-04T04:57:19.392000-04:00,12.209746360778809,0.40849581360816956,-11.801250457763672
2026-08-04T04:57:19.396000-04:00,12.218748092651367,0.4159782826900482,-11.802769660949707
2026-08-04T04:57:19.400000-04:00,12.227048873901367,0.41855037212371826,-11.80849838256836
2026-08-04T04:57:19.404000-04:00,12.221203804016113,0.42123937606811523,-11.799964904785156
2026-08-04T04:57:19.408000-04:00,12.218280792236328,0.41212013363838196,-11.806160926818848
2026-08-04T04:57:19.412000-04:00,12.222957611083984,0.3978566825389862,-11.825100898742676
2026-08-04T04:57:19.416000-04:00,12.232661247253418,0.40978187322616577,-11.822879791259766
2026-08-04T04:57:19.420000-04:00,12.24107837677002,0.4167966842651367,-11.824281692504883
2026-08-04T04:57:19.424000-04:00,12.227048873901367,0.4014810025691986,-11.825568199157715
2026-08-04T04:57:19.428000-04:00,12.211499214172363,0.4013640880584717,-11.810134887695312
2026-08-04T04:57:19.432000-04:00,12.222723007202148,0.3990258276462555,-11.823697090148926
2026-08-04T04:57:19.436000-04:00,12.223307609558105,0.4074435830116272,-11.815863609313965
2026-08-04T04:57:19.440000-04:00,12.225879669189453,0.4062744677066803,-11.819604873657227
2026-08-04T04:57:19.444000-04:00,12.224594116210938,0.3986750841140747,-11.825919151306152
2026-08-04T04:57:19.448000-04:00,12.216059684753418,0.4046376645565033,-11.811422348022461
2026-08-04T04:57:19.452000-04:00,12.212785720825195,0.39645373821258545,-11.81633186340332
2026-08-04T04:57:19.456000-04:00,12.219917297363281,0.39610299468040466,-11.823814392089844
2026-08-04T04:57:19.460000-04:00,12.22202205657959,0.3958691656589508,-11.826152801513672
2026-08-04T04:57:19.464000-04:00,12.21980094909668,0.3736555874347687,-11.846145629882812
2026-08-04T04:57:19.468000-04:00,12.20542049407959,0.37599384784698486,-11.829426765441895
2026-08-04T04:57:19.472000-04:00,12.204367637634277,0.36675769090652466,-11.837610244750977
2026-08-04T04:57:19.476000-04:00,12.214655876159668,0.3717849850654602,-11.842870712280273
2026-08-04T04:57:19.480000-04:00,12.215591430664062,0.3777475655078888,-11.837843894958496
2026-08-04T04:57:19.484000-04:00,12.215825080871582,0.38487929105758667,-11.83094596862793
2026-08-04T04:57:19.488000-04:00,12.202731132507324,0.37587693333625793,-11.82685375213623
2026-08-04T04:57:19.492000-04:00,12.215240478515625,0.3696805238723755,-11.845560073852539
2026-08-04T04:57:19.496000-04:00,12.210564613342285,0.35717079043388367,-11.8533935546875
2026-08-04T04:57:19.500000-04:00,12.213370323181152,0.3596259653568268,-11.853744506835938
2026-08-04T04:57:19.504000-04:00,12.20787525177002,0.3568200469017029,-11.851055145263672
2026-08-04T04:57:19.508000-04:00,12.203315734863281,0.3501559793949127,-11.85315990447998
2026-08-04T04:57:19.512000-04:00,12.199925422668457,0.35553398728370667,-11.844391822814941
2026-08-04T04:57:19.516000-04:00,12.211382865905762,0.3396337628364563,-11.871748924255371
2026-08-04T04:57:19.520000-04:00,12.216643333435059,0.35752153396606445,-11.859121322631836
2026-08-04T04:57:19.524000-04:00,12.197937965393066,0.3327358663082123,-11.865201950073242
2026-08-04T04:57:19.528000-04:00,12.193143844604492,0.3355417847633362,-11.8576021194458
2026-08-04T04:57:19.532000-04:00,12.19735336303711,0.32899463176727295,-11.868358612060547
2026-08-04T04:57:19.536000-04:00,12.213603973388672,0.3368278443813324,-11.876775741577148
2026-08-04T04:57:19.540000-04:00,12.212552070617676,0.3436088263988495,-11.868943214416504
2026-08-04T04:57:19.544000-04:00,12.202613830566406,0.34431028366088867,-11.85830307006836
2026-08-04T04:57:19.548000-04:00,12.19711971282959,0.33986759185791016,-11.85725212097168
2026-08-04T04:57:19.552000-04:00,12.193612098693848,0.3303975760936737,-11.863214492797852
2026-08-04T04:57:19.556000-04:00,12.192676544189453,0.3132112920284271,-11.879465103149414
2026-08-04T04:57:19.560000-04:00,12.206472396850586,0.3218629062175751,-11.88460922241211
2026-08-04T04:57:19.564000-04:00,12.186363220214844,0.33098214864730835,-11.85538101196289
2026-08-04T04:57:19.568000-04:00,12.192209243774414,0.3260717988014221,-11.866137504577637
2026-08-04T04:57:19.572000-04:00,12.192442893981934,0.32981303334236145,-11.862629890441895
2026-08-04T04:57:19.576000-04:00,12.202964782714844,0.33589252829551697,-11.867072105407715
2026-08-04T04:57:19.580000-04:00,12.196651458740234,0.3369447588920593,-11.85970687866211
2026-08-04T04:57:19.584000-04:00,12.199808120727539,0.34138745069503784,-11.858420372009277
2026-08-04T04:57:19.588000-04:00,12.184493064880371,0.32303205132484436,-11.86146068572998
2026-08-04T04:57:19.592000-04:00,12.186596870422363,0.3155495822429657,-11.871047019958496
2026-08-04T04:57:19.596000-04:00,12.19349479675293,0.32420116662979126,-11.869293212890625
2026-08-04T04:57:19.600000-04:00,12.194313049316406,0.32782548666000366,-11.866487503051758
2026-08-04T04:57:19.604000-04:00,12.187649726867676,0.32770857214927673,-11.859941482543945
2026-08-04T04:57:19.608000-04:00,12.1869478225708,0.3224474787712097,-11.864500045776367
2026-08-04T04:57:19.612000-04:00,12.18496036529541,0.32373350858688354,-11.861227035522461
2026-08-04T04:57:19.616000-04:00,12.213136672973633,0.3488699197769165,-11.864266395568848
2026-08-04T04:57:19.620000-04:00,12.225061416625977,0.3862822353839874,-11.83877944946289
2026-08-04T04:57:19.624000-04:00,12.197469711303711,0.3825410306453705,-11.814929008483887
2026-08-04T04:57:19.628000-04:00,12.203900337219238,0.3761107623577118,-11.827789306640625
2026-08-04T04:57:19.632000-04:00,12.193612098693848,0.38207337260246277,-11.811538696289062
2026-08-04T04:57:19.636000-04:00,12.22669792175293,0.39797359704971313,-11.828723907470703
2026-08-04T04:57:19.640000-04:00,12.233946800231934,0.4351521134376526,-11.798794746398926
2026-08-04T04:57:19.644000-04:00,12.223892211914062,0.4833204746246338,-11.740571975708008
2026-08-04T04:57:19.648000-04:00,12.189519882202148,0.4836712181568146,-11.705848693847656
2026-08-04T04:57:19.652000-04:00,12.183557510375977,0.46823862195014954,-11.71531867980957
2026-08-04T04:57:19.656000-04:00,12.190221786499023,0.4793454110622406,-11.71087646484375
2026-08-04T04:57:19.660000-04:00,12.190689086914062,0.48671096563339233,-11.703978538513184
2026-08-04T04:57:19.664000-04:00,12.197820663452148,0.47595492005348206,-11.7218656539917
2026-08-04T04:57:19.668000-04:00,12.20740795135498,0.46905702352523804,-11.738350868225098
2026-08-04T04:57:19.672000-04:00,12.219917297363281,0.4316447079181671,-11.788272857666016
2026-08-04T04:57:19.676000-04:00,12.224827766418457,0.41562753915786743,-11.809200286865234
2026-08-04T04:57:19.680000-04:00,12.210798263549805,0.3846454620361328,-11.826152801513672
2026-08-04T04:57:19.684000-04:00,12.208810806274414,0.37388941645622253,-11.834921836853027
2026-08-04T04:57:19.688000-04:00,12.19349479675293,0.3581061065196991,-11.835389137268066
2026-08-04T04:57:19.692000-04:00,12.188701629638672,0.3372955024242401,-11.85140609741211
2026-08-04T04:57:19.696000-04:00,12.195014953613281,0.3119252622127533,-11.883090019226074
2026-08-04T04:57:19.700000-04:00,12.178062438964844,0.3051442801952362,-11.872918128967285
2026-08-04T04:57:19.704000-04:00,12.174087524414062,0.29251760244369507,-11.881569862365723
2026-08-04T04:57:19.708000-04:00,12.158304214477539,0.2822292149066925,-11.87607479095459
2026-08-04T04:57:19.712000-04:00,12.16859245300293,0.2697194814682007,-11.898873329162598
2026-08-04T04:57:19.716000-04:00,12.179698944091797,0.27007022500038147,-11.909628868103027
2026-08-04T04:57:19.720000-04:00,12.177477836608887,0.27509748935699463,-11.902379989624023
2026-08-04T04:57:19.724000-04:00,12.165552139282227,0.2630554139614105,-11.902496337890625
2026-08-04T04:57:19.728000-04:00,12.1620454788208,0.2576773762702942,-11.90436840057373
2026-08-04T04:57:19.732000-04:00,12.166254043579102,0.25510528683662415,-11.911149024963379
2026-08-04T04:57:19.736000-04:00,12.165669441223145,0.24832430481910706,-11.91734504699707
2026-08-04T04:57:19.740000-04:00,12.157017707824707,0.2461029440164566,-11.910914421081543
2026-08-04T04:57:19.744000-04:00,12.161109924316406,0.23838666081428528,-11.922722816467285
2026-08-04T04:57:19.748000-04:00,12.149768829345703,0.23394393920898438,-11.915824890136719
2026-08-04T04:57:19.752000-04:00,12.152809143066406,0.2573266327381134,-11.895482063293457
2026-08-04T04:57:19.756000-04:00,12.145092964172363,0.2593141794204712,-11.885778427124023
2026-08-04T04:57:19.760000-04:00,12.11738395690918,0.27474674582481384,-11.842637062072754
2026-08-04T04:57:19.764000-04:00,12.118085861206055,0.3127436637878418,-11.805341720581055
2026-08-04T04:57:19.768000-04:00,12.15643310546875,0.30537810921669006,-11.851055145263672
2026-08-04T04:57:19.772000-04:00,12.240377426147461,0.3323851227760315,-11.907992362976074
2026-08-04T04:57:19.776000-04:00,12.347236633300781,0.44941553473472595,-11.897821426391602
2026-08-04T04:57:19.780000-04:00,12.553004264831543,0.7608731389045715,-11.792131423950195
2026-08-04T04:57:19.784000-04:00,12.570541381835938,1.1154718399047852,-11.455069541931152
2026-08-04T04:57:19.788000-04:00,12.488117218017578,1.8679271936416626,-10.620189666748047
2026-08-04T04:57:19.792000-04:00,12.397392272949219,2.5221753120422363,-9.87521743774414
2026-08-04T04:57:19.796000-04:00,12.354368209838867,2.6332430839538574,-9.721124649047852
2026-08-04T04:57:19.800000-04:00,12.303393363952637,2.534918785095215,-9.768474578857422
2026-08-04T04:57:19.804000-04:00,12.239675521850586,2.182892322540283,-10.056783676147461
2026-08-04T04:57:19.808000-04:00,12.150938034057617,1.513445496559143,-10.637492179870605
2026-08-04T04:57:19.812000-04:00,12.137025833129883,1.1520657539367676,-10.984960556030273
2026-08-04T04:57:19.816000-04:00,12.192209243774414,0.6773968935012817,-11.514812469482422
2026-08-04T04:57:19.820000-04:00,12.24937915802002,0.5975449681282043,-11.651834487915039
2026-08-04T04:57:19.824000-04:00,12.289247512817383,0.5713563561439514,-11.717890739440918
2026-08-04T04:57:19.828000-04:00,12.220501899719238,0.47864392399787903,-11.741857528686523
2026-08-04T04:57:19.832000-04:00,12.229854583740234,0.43526899814605713,-11.794585227966309
2026-08-04T04:57:19.836000-04:00,12.25522518157959,0.4276696443557739,-11.827555656433105
2026-08-04T04:57:19.840000-04:00,12.252653121948242,0.41527679562568665,-11.837376594543457
2026-08-04T04:57:19.844000-04:00,12.246339797973633,0.3797350823879242,-11.866604804992676
2026-08-04T04:57:19.848000-04:00,12.237805366516113,0.37552621960639954,-11.862278938293457
2026-08-04T04:57:19.852000-04:00,12.235584259033203,0.372135728597641,-11.863448143005371
2026-08-04T04:57:19.856000-04:00,12.246807098388672,0.35261115431785583,-11.894195556640625
2026-08-04T04:57:19.860000-04:00,12.256978988647461,0.3668746054172516,-11.890104293823242
2026-08-04T04:57:19.864000-04:00,12.242715835571289,0.3600936233997345,-11.882621765136719
2026-08-04T04:57:19.868000-04:00,12.246222496032715,0.3628995418548584,-11.883322715759277
2026-08-04T04:57:19.872000-04:00,12.251717567443848,0.36827757954597473,-11.883440017700195
2026-08-04T04:57:19.876000-04:00,12.252185821533203,0.35752153396606445,-11.894664764404297
2026-08-04T04:57:19.880000-04:00,12.266799926757812,0.38324248790740967,-11.883557319641113
2026-08-04T04:57:19.884000-04:00,12.264578819274902,0.3834763169288635,-11.881102561950684
2026-08-04T04:57:19.888000-04:00,12.258732795715332,0.388620525598526,-11.870112419128418
2026-08-04T04:57:19.892000-04:00,12.282934188842773,0.40522223711013794,-11.87771224975586
2026-08-04T04:57:19.896000-04:00,12.275568008422852,0.4150429666042328,-11.860525131225586
2026-08-04T04:57:19.900000-04:00,12.289363861083984,0.42579901218414307,-11.863564491271973
2026-08-04T04:57:19.904000-04:00,12.282232284545898,0.42977407574653625,-11.852458000183105
2026-08-04T04:57:19.908000-04:00,12.283050537109375,0.42135629057884216,-11.8616943359375
2026-08-04T04:57:19.912000-04:00,12.291468620300293,0.43971171975135803,-11.851757049560547
2026-08-04T04:57:19.916000-04:00,12.307485580444336,0.452572226524353,-11.854913711547852
2026-08-04T04:57:19.920000-04:00,12.31941032409668,0.47513651847839355,-11.844273567199707
2026-08-04T04:57:19.924000-04:00,12.312629699707031,0.47361665964126587,-11.83901309967041
2026-08-04T04:57:19.928000-04:00,12.312278747558594,0.4798130691051483,-11.832466125488281
2026-08-04T04:57:19.932000-04:00,12.32525634765625,0.5035464763641357,-11.821709632873535
2026-08-04T04:57:19.936000-04:00,12.350275993347168,0.5323072075843811,-11.817968368530273
2026-08-04T04:57:19.940000-04:00,12.34770393371582,0.5497273206710815,-11.79797649383545
2026-08-04T04:57:19.944000-04:00,12.35986328125,0.5535854697227478,-11.806278228759766
2026-08-04T04:57:19.948000-04:00,12.363019943237305,0.5761498212814331,-11.786870002746582
2026-08-04T04:57:19.952000-04:00,12.375996589660645,0.6068980693817139,-11.769098281860352
2026-08-04T04:57:19.956000-04:00,12.406160354614258,0.6244350671768188,-11.78172492980957
2026-08-04T04:57:19.960000-04:00,12.416098594665527,0.6500391364097595,-11.766059875488281
2026-08-04T04:57:19.964000-04:00,12.422294616699219,0.6880360245704651,-11.734258651733398
2026-08-04T04:57:19.968000-04:00,12.447314262390137,0.7077944278717041,-11.739520072937012
2026-08-04T04:57:19.972000-04:00,12.47163200378418,0.7452067136764526,-11.726425170898438
2026-08-04T04:57:19.976000-04:00,12.486246109008789,0.7736167311668396,-11.712629318237305
2026-08-04T04:57:19.980000-04:00,12.514656066894531,0.8209667205810547,-11.693689346313477
2026-08-04T04:57:19.984000-04:00,12.517579078674316,0.8484413623809814,-11.669137954711914
2026-08-04T04:57:19.988000-04:00,12.531725883483887,0.8845676183700562,-11.6471586227417
2026-08-04T04:57:19.992000-04:00,12.559551239013672,0.9242013096809387,-11.635350227355957
2026-08-04T04:57:19.996000-04:00,12.574165344238281,0.9402185082435608,-11.633946418762207
2026-08-04T04:57:20-04:00,12.587610244750977,0.9655886888504028,-11.622021675109863
2026-08-04T04:57:20.004000-04:00,12.5826997756958,0.9787999391555786,-11.603899955749512
2026-08-04T04:57:20.008000-04:00,12.575568199157715,0.9914265871047974,-11.584141731262207
2026-08-04T04:57:20.012000-04:00,12.583284378051758,0.9914265871047974,-11.59185791015625
2026-08-04T04:57:20.016000-04:00,12.584453582763672,0.9935310482978821,-11.590922355651855
2026-08-04T04:57:20.020000-04:00,12.573931694030762,0.9793844819068909,-11.594547271728516
2026-08-04T04:57:20.024000-04:00,12.554991722106934,0.9737726449966431,-11.581218719482422
2026-08-04T04:57:20.028000-04:00,12.537103652954102,0.9258381128311157,-11.611265182495117
2026-08-04T04:57:20.032000-04:00,12.529972076416016,0.9144974946975708,-11.615474700927734
2026-08-04T04:57:20.036000-04:00,12.507408142089844,0.8739284873008728,-11.633480072021484
2026-08-04T04:57:20.040000-04:00,12.490104675292969,0.846453845500946,-11.643651008605957
2026-08-04T04:57:20.044000-04:00,12.44626235961914,0.7875294089317322,-11.658733367919922
2026-08-04T04:57:20.048000-04:00,12.430946350097656,0.7308263778686523,-11.700119972229004
2026-08-04T04:57:20.052000-04:00,12.3889741897583,0.6671085357666016,-11.7218656539917
2026-08-04T04:57:20.056000-04:00,12.375178337097168,0.6168357133865356,-11.758342742919922
2026-08-04T04:57:20.060000-04:00,12.349691390991211,0.5908808708190918,-11.758810043334961
2026-08-04T04:57:20.064000-04:00,12.316253662109375,0.5422448515892029,-11.774008750915527
2026-08-04T04:57:20.068000-04:00,12.303510665893555,0.5036634206771851,-11.799847602844238
2026-08-04T04:57:20.072000-04:00,12.286324501037598,0.4587686359882355,-11.827555656433105
2026-08-04T04:57:20.076000-04:00,12.281063079833984,0.4343337118625641,-11.846729278564453
2026-08-04T04:57:20.080000-04:00,12.258499145507812,0.40206557512283325,-11.856433868408203
2026-08-04T04:57:20.084000-04:00,12.24937915802002,0.38721755146980286,-11.862161636352539
2026-08-04T04:57:20.088000-04:00,12.231258392333984,0.37026509642601013,-11.860993385314941
2026-08-04T04:57:20.092000-04:00,12.234297752380371,0.3300468623638153,-11.904251098632812
2026-08-04T04:57:20.096000-04:00,12.235584259033203,0.3188231587409973,-11.91676139831543
2026-08-04T04:57:20.100000-04:00,12.230673789978027,0.3084178566932678,-11.922255516052246
2026-08-04T04:57:20.104000-04:00,12.20740795135498,0.30385822057724,-11.903550148010254
2026-08-04T04:57:20.108000-04:00,12.204718589782715,0.31262674927711487,-11.892091751098633
2026-08-04T04:57:20.112000-04:00,12.20179557800293,0.31414660811424255,-11.887648582458496
2026-08-04T04:57:20.116000-04:00,12.219332695007324,0.31297746300697327,-11.906354904174805
2026-08-04T04:57:20.120000-04:00,12.211499214172363,0.3046766221523285,-11.906822204589844
2026-08-04T04:57:20.124000-04:00,12.201210975646973,0.30093538761138916,-11.900275230407715
2026-08-04T04:57:20.128000-04:00,12.18940258026123,0.2929852604866028,-11.896417617797852
2026-08-04T04:57:20.132000-04:00,12.19372844696045,0.28597044944763184,-11.907757759094238
2026-08-04T04:57:20.136000-04:00,12.199223518371582,0.29169923067092896,-11.907524108886719
2026-08-04T04:57:20.140000-04:00,12.200977325439453,0.2990647554397583,-11.901912689208984
2026-08-04T04:57:20.144000-04:00,12.182388305664062,0.2893609404563904,-11.893027305603027
2026-08-04T04:57:20.148000-04:00,12.184609413146973,0.2947389781475067,-11.889870643615723
2026-08-04T04:57:20.152000-04:00,12.190571784973145,0.2931021749973297,-11.897469520568848
2026-08-04T04:57:20.156000-04:00,12.196300506591797,0.2957911789417267,-11.900508880615234
2026-08-04T04:57:20.160000-04:00,12.195014953613281,0.3067810535430908,-11.88823413848877
2026-08-04T04:57:20.164000-04:00,12.198287963867188,0.30935314297676086,-11.888935089111328
2026-08-04T04:57:20.168000-04:00,12.195833206176758,0.3015199601650238,-11.894312858581543
2026-08-04T04:57:20.172000-04:00,12.199925422668457,0.3180047571659088,-11.88192081451416
2026-08-04T04:57:20.176000-04:00,12.20132827758789,0.3210445046424866,-11.88028335571289
2026-08-04T04:57:20.180000-04:00,12.207757949829102,0.3316836357116699,-11.876073837280273
2026-08-04T04:57:20.184000-04:00,12.206939697265625,0.3551832437515259,-11.85175609588623
2026-08-04T04:57:20.188000-04:00,12.202263832092285,0.34384265542030334,-11.858421325683594
2026-08-04T04:57:20.192000-04:00,12.220852851867676,0.34302425384521484,-11.877828598022461
2026-08-04T04:57:20.196000-04:00,12.223892211914062,0.34466102719306946,-11.879231452941895
2026-08-04T04:57:20.200000-04:00,12.221671104431152,0.36149659752845764,-11.860174179077148
2026-08-04T04:57:20.204000-04:00,12.215475082397461,0.3610289394855499,-11.854446411132812
2026-08-04T04:57:20.208000-04:00,12.216760635375977,0.36383485794067383,-11.852926254272461
2026-08-04T04:57:20.212000-04:00,12.218631744384766,0.3569369614124298,-11.8616943359375
2026-08-04T04:57:20.216000-04:00,12.225879669189453,0.35635238885879517,-11.869526863098145
2026-08-04T04:57:20.220000-04:00,12.224594116210938,0.36032745242118835,-11.864266395568848
2026-08-04T04:57:20.224000-04:00,12.220268249511719,0.3617304265499115,-11.858537673950195
2026-08-04T04:57:20.228000-04:00,12.219216346740723,0.36196422576904297,-11.85725212097168
2026-08-04T04:57:20.232000-04:00,12.224594116210938,0.368862122297287,-11.855731964111328
2026-08-04T04:57:20.236000-04:00,12.233830451965332,0.37318792939186096,-11.860642433166504
2026-08-04T04:57:20.240000-04:00,12.232192993164062,0.3841778039932251,-11.848014831542969
2026-08-04T04:57:20.244000-04:00,12.227166175842285,0.37236952781677246,-11.854796409606934
2026-08-04T04:57:20.248000-04:00,12.222840309143066,0.3737725019454956,-11.849067687988281
2026-08-04T04:57:20.252000-04:00,12.230907440185547,0.36991435289382935,-11.860993385314941
2026-08-04T04:57:20.256000-04:00,12.233011245727539,0.3617304265499115,-11.871280670166016
2026-08-04T04:57:20.260000-04:00,12.240728378295898,0.36944669485092163,-11.871281623840332
2026-08-04T04:57:20.264000-04:00,12.22669792175293,0.35869064927101135,-11.86800765991211
2026-08-04T04:57:20.268000-04:00,12.222723007202148,0.36558854579925537,-11.857134819030762
2026-08-04T04:57:20.272000-04:00,12.221086502075195,0.3513250946998596,-11.86976146697998
2026-08-04T04:57:20.276000-04:00,12.225996971130371,0.34898683428764343,-11.877010345458984
2026-08-04T04:57:20.280000-04:00,12.23055648803711,0.3479346036911011,-11.882621765136719
2026-08-04T04:57:20.284000-04:00,12.223541259765625,0.3287608027458191,-11.894780158996582
2026-08-04T04:57:20.288000-04:00,12.218514442443848,0.3232658803462982,-11.895248413085938
2026-08-04T04:57:20.292000-04:00,12.216877937316895,0.3139127790927887,-11.902965545654297
2026-08-04T04:57:20.296000-04:00,12.222138404846191,0.31660178303718567,-11.905536651611328
2026-08-04T04:57:20.300000-04:00,12.218981742858887,0.33542487025260925,-11.883557319641113
2026-08-04T04:57:20.304000-04:00,12.214071273803711,0.31812167167663574,-11.895949363708496
2026-08-04T04:57:20.308000-04:00,12.218981742858887,0.3308652341365814,-11.888116836547852
2026-08-04T04:57:20.312000-04:00,12.216293334960938,0.31847241520881653,-11.897820472717285
2026-08-04T04:57:20.316000-04:00,12.228919982910156,0.32338276505470276,-11.905537605285645
2026-08-04T04:57:20.320000-04:00,12.211499214172363,0.312392920255661,-11.8991060256958
2026-08-04T04:57:20.324000-04:00,12.214071273803711,0.31297746300697327,-11.901093482971191
2026-08-04T04:57:20.328000-04:00,12.201912879943848,0.30888551473617554,-11.893027305603027
2026-08-04T04:57:20.332000-04:00,12.206355094909668,0.312392920255661,-11.893961906433105
2026-08-04T04:57:20.336000-04:00,12.209278106689453,0.3078332841396332,-11.901444435119629
2026-08-04T04:57:20.340000-04:00,12.221086502075195,0.3031567335128784,-11.917929649353027
2026-08-04T04:57:20.344000-04:00,12.222606658935547,0.32127833366394043,-11.901328086853027
2026-08-04T04:57:20.348000-04:00,12.226347923278809,0.35798919200897217,-11.868358612060547
2026-08-04T04:57:20.352000-04:00,12.231374740600586,0.3669915199279785,-11.864383697509766
2026-08-04T04:57:20.356000-04:00,12.227633476257324,0.37564313411712646,-11.851990699768066
2026-08-04T04:57:20.360000-04:00,12.226347923278809,0.3809042274951935,-11.845443725585938
2026-08-04T04:57:20.364000-04:00,12.225879669189453,0.3765784204006195,-11.8493013381958
2026-08-04T04:57:20.368000-04:00,12.231608390808105,0.4042869210243225,-11.82732105255127
2026-08-04T04:57:20.372000-04:00,12.2283353805542,0.44696035981178284,-11.78137493133545
2026-08-04T04:57:20.376000-04:00,12.216877937316895,0.4692908525466919,-11.747587203979492
2026-08-04T04:57:20.380000-04:00,12.207290649414062,0.47069379687309265,-11.736597061157227
2026-08-04T04:57:20.384000-04:00,12.209044456481934,0.4666018486022949,-11.742443084716797
2026-08-04T04:57:20.388000-04:00,12.206939697265625,0.4644973874092102,-11.74244213104248
2026-08-04T04:57:20.392000-04:00,12.218047142028809,0.46473121643066406,-11.753315925598145
2026-08-04T04:57:20.396000-04:00,12.242949485778809,0.4773578643798828,-11.765591621398926
2026-08-04T04:57:20.400000-04:00,12.244352340698242,0.43702271580696106,-11.807329177856445
2026-08-04T04:57:20.404000-04:00,12.232427597045898,0.40405309200286865,-11.828374862670898
2026-08-04T04:57:20.408000-04:00,12.223541259765625,0.3637179434299469,-11.859823226928711
2026-08-04T04:57:20.412000-04:00,12.222373008728027,0.34910374879837036,-11.873269081115723
2026-08-04T04:57:20.416000-04:00,12.223191261291504,0.3459470868110657,-11.877243995666504
2026-08-04T04:57:20.420000-04:00,12.22400951385498,0.31858932971954346,-11.905420303344727
2026-08-04T04:57:20.424000-04:00,12.198756217956543,0.28316453099250793,-11.9155912399292
2026-08-04T04:57:20.428000-04:00,12.182855606079102,0.26153552532196045,-11.921319961547852
2026-08-04T04:57:20.432000-04:00,12.189519882202148,0.27240848541259766,-11.91711139678955
2026-08-04T04:57:20.436000-04:00,12.195599555969238,0.2722915709018707,-11.923308372497559
2026-08-04T04:57:20.440000-04:00,12.186012268066406,0.26399070024490356,-11.922021865844727
2026-08-04T04:57:20.444000-04:00,12.184375762939453,0.2544037997722626,-11.929971694946289
2026-08-04T04:57:20.448000-04:00,12.17934799194336,0.24984417855739594,-11.929503440856934
2026-08-04T04:57:20.452000-04:00,12.185311317443848,0.24353085458278656,-11.941780090332031
2026-08-04T04:57:20.456000-04:00,12.196768760681152,0.2508963942527771,-11.94587230682373
2026-08-04T04:57:20.460000-04:00,12.179465293884277,0.2469213455915451,-11.932543754577637
2026-08-04T04:57:20.464000-04:00,12.183673858642578,0.2385035753250122,-11.945170402526855
2026-08-04T04:57:20.468000-04:00,12.170112609863281,0.23335936665534973,-11.936753273010254
2026-08-04T04:57:20.472000-04:00,12.169878005981445,0.22587691247463226,-11.944001197814941
2026-08-04T04:57:20.476000-04:00,12.181920051574707,0.2368667721748352,-11.945053100585938
2026-08-04T04:57:20.480000-04:00,12.18110179901123,0.22985196113586426,-11.951250076293945
2026-08-04T04:57:20.484000-04:00,12.164032936096191,0.24107566475868225,-11.922957420349121
2026-08-04T04:57:20.488000-04:00,12.152341842651367,0.25311776995658875,-11.899224281311035
2026-08-04T04:57:20.492000-04:00,12.12930965423584,0.281410813331604,-11.847898483276367
2026-08-04T04:57:20.496000-04:00,12.14591121673584,0.2939205765724182,-11.851990699768066
2026-08-04T04:57:20.500000-04:00,12.208226203918457,0.285736620426178,-11.922489166259766
2026-08-04T04:57:20.504000-04:00,12.271008491516113,0.34384265542030334,-11.927165985107422
2026-08-04T04:57:20.508000-04:00,12.453510284423828,0.5742791891098022,-11.879231452941895
2026-08-04T04:57:20.512000-04:00,12.576035499572754,0.8166409134864807,-11.759394645690918
2026-08-04T04:57:20.516000-04:00,12.524243354797363,1.464458703994751,-11.059784889221191
2026-08-04T04:57:20.520000-04:00,12.472216606140137,2.2367894649505615,-10.235426902770996
2026-08-04T04:57:20.524000-04:00,12.3889741897583,2.5774753093719482,-9.811498641967773
2026-08-04T04:57:20.528000-04:00,12.349457740783691,2.606235980987549,-9.743221282958984
2026-08-04T04:57:20.532000-04:00,12.303043365478516,2.449805736541748,-9.85323715209961
2026-08-04T04:57:20.536000-04:00,12.242715835571289,1.8154330253601074,-10.427282333374023
2026-08-04T04:57:20.540000-04:00,12.194196701049805,1.3930245637893677,-10.801172256469727
2026-08-04T04:57:20.544000-04:00,12.19080638885498,0.8609511256217957,-11.329854965209961
2026-08-04T04:57:20.548000-04:00,12.231258392333984,0.6371786594390869,-11.594079971313477
2026-08-04T04:57:20.552000-04:00,12.31894302368164,0.5840998888015747,-11.734843254089355
2026-08-04T04:57:20.556000-04:00,12.286909103393555,0.5223695635795593,-11.76453971862793
2026-08-04T04:57:20.560000-04:00,12.245755195617676,0.452572226524353,-11.793183326721191
2026-08-04T04:57:20.564000-04:00,12.251016616821289,0.41925185918807983,-11.831765174865723
2026-08-04T04:57:20.568000-04:00,12.255809783935547,0.4026501476764679,-11.85315990447998
2026-08-04T04:57:20.572000-04:00,12.258615493774414,0.3761107623577118,-11.8825044631958
2026-08-04T04:57:20.576000-04:00,12.260369300842285,0.3568200469017029,-11.903549194335938
2026-08-04T04:57:20.580000-04:00,12.26083755493164,0.34056907892227173,-11.920268058776855
2026-08-04T04:57:20.584000-04:00,12.25475788116455,0.328877717256546,-11.925880432128906
2026-08-04T04:57:20.588000-04:00,12.254055976867676,0.34185510873794556,-11.912200927734375
2026-08-04T04:57:20.592000-04:00,12.255809783935547,0.3361263573169708,-11.919683456420898
2026-08-04T04:57:20.596000-04:00,12.26551342010498,0.348051518201828,-11.917462348937988
2026-08-04T04:57:20.600000-04:00,12.268202781677246,0.34863609075546265,-11.919567108154297
2026-08-04T04:57:20.604000-04:00,12.2615385055542,0.34781768918037415,-11.913721084594727
2026-08-04T04:57:20.608000-04:00,12.266916275024414,0.3537802994251251,-11.913135528564453
2026-08-04T04:57:20.612000-04:00,12.275918960571289,0.3665238618850708,-11.909395217895508
2026-08-04T04:57:20.616000-04:00,12.294976234436035,0.3828917443752289,-11.912084579467773
2026-08-04T04:57:20.620000-04:00,12.285506248474121,0.38476237654685974,-11.90074348449707
2026-08-04T04:57:20.624000-04:00,12.291468620300293,0.3885036110877991,-11.90296459197998
2026-08-04T04:57:20.628000-04:00,12.281414031982422,0.39154335856437683,-11.889870643615723
2026-08-04T04:57:20.632000-04:00,12.289130210876465,0.3977397680282593,-11.891390800476074
2026-08-04T04:57:20.636000-04:00,12.297664642333984,0.4187842011451721,-11.878880500793457
2026-08-04T04:57:20.640000-04:00,12.300470352172852,0.43141087889671326,-11.869059562683105
2026-08-04T04:57:20.644000-04:00,12.299067497253418,0.4456743001937866,-11.8533935546875
2026-08-04T04:57:20.648000-04:00,12.298833847045898,0.4559627175331116,-11.842870712280273
2026-08-04T04:57:20.652000-04:00,12.30479621887207,0.46625110507011414,-11.838544845581055
2026-08-04T04:57:20.656000-04:00,12.330751419067383,0.48063144087791443,-11.850119590759277
2026-08-04T04:57:20.660000-04:00,12.326542854309082,0.49314120411872864,-11.833401679992676
2026-08-04T04:57:20.664000-04:00,12.332972526550293,0.5081061124801636,-11.82486629486084
2026-08-04T04:57:20.668000-04:00,12.336713790893555,0.5097429156303406,-11.826971054077148
2026-08-04T04:57:20.672000-04:00,12.35845947265625,0.5392051339149475,-11.819253921508789
2026-08-04T04:57:20.676000-04:00,12.371203422546387,0.5598987936973572,-11.811305046081543
2026-08-04T04:57:20.680000-04:00,12.383712768554688,0.5936868190765381,-11.79002571105957
2026-08-04T04:57:20.684000-04:00,12.39107894897461,0.6154327392578125,-11.775646209716797
2026-08-04T04:57:20.688000-04:00,12.39891242980957,0.6370617151260376,-11.761850357055664
2026-08-04T04:57:20.692000-04:00,12.428841590881348,0.6719019412994385,-11.756939888000488
2026-08-04T04:57:20.696000-04:00,12.44672966003418,0.7118864059448242,-11.734843254089355
2026-08-04T04:57:20.700000-04:00,12.472100257873535,0.7575995922088623,-11.714500427246094
2026-08-04T04:57:20.704000-04:00,12.47385311126709,0.7737336158752441,-11.700119018554688
2026-08-04T04:57:20.708000-04:00,12.49606704711914,0.8071709275245667,-11.688896179199219
2026-08-04T04:57:20.712000-04:00,12.515825271606445,0.8456354737281799,-11.67018985748291
2026-08-04T04:57:20.716000-04:00,12.548210144042969,0.8983634114265442,-11.649847030639648
2026-08-04T04:57:20.720000-04:00,12.563759803771973,0.9367110729217529,-11.62704849243164
2026-08-04T04:57:20.724000-04:00,12.565279960632324,0.9459472298622131,-11.619332313537598
2026-08-04T04:57:20.728000-04:00,12.571826934814453,0.9641857743263245,-11.607641220092773
2026-08-04T04:57:20.732000-04:00,12.5743989944458,0.9793844819068909,-11.595014572143555
2026-08-04T04:57:20.736000-04:00,12.582115173339844,0.9943494200706482,-11.58776569366455
2026-08-04T04:57:20.740000-04:00,12.589481353759766,1.0037025213241577,-11.585779190063477
2026-08-04T04:57:20.744000-04:00,12.577789306640625,1.0037025213241577,-11.574087142944336
2026-08-04T04:57:20.748000-04:00,12.568085670471191,0.97646164894104,-11.59162425994873
2026-08-04T04:57:20.752000-04:00,12.560018539428711,0.9699144959449768,-11.590104103088379
2026-08-04T04:57:20.756000-04:00,12.544586181640625,0.9416214227676392,-11.602964401245117
2026-08-04T04:57:20.760000-04:00,12.53067398071289,0.927007257938385,-11.603666305541992
2026-08-04T04:57:20.764000-04:00,12.494546890258789,0.8667967915534973,-11.627750396728516
2026-08-04T04:57:20.768000-04:00,12.466838836669922,0.8130165934562683,-11.65382194519043
2026-08-04T04:57:20.772000-04:00,12.450119972229004,0.768589437007904,-11.681530952453613
2026-08-04T04:57:20.776000-04:00,12.426153182983398,0.7277866005897522,-11.698366165161133
2026-08-04T04:57:20.780000-04:00,12.39084529876709,0.6660562753677368,-11.724788665771484
2026-08-04T04:57:20.784000-04:00,12.35214614868164,0.6083009839057922,-11.743844985961914
2026-08-04T04:57:20.788000-04:00,12.336480140686035,0.5710055828094482,-11.765474319458008
2026-08-04T04:57:20.792000-04:00,12.31274700164795,0.5216680765151978,-11.791078567504883
2026-08-04T04:57:20.796000-04:00,12.30643367767334,0.48682788014411926,-11.819605827331543
2026-08-04T04:57:20.800000-04:00,12.283868789672852,0.45233839750289917,-11.831530570983887
2026-08-04T04:57:20.804000-04:00,12.26375961303711,0.42299309372901917,-11.840766906738281
2026-08-04T04:57:20.808000-04:00,12.243416786193848,0.3834763169288635,-11.859940528869629
2026-08-04T04:57:20.812000-04:00,12.235116004943848,0.3610289394855499,-11.8740873336792
2026-08-04T04:57:20.816000-04:00,12.231842994689941,0.34536251425743103,-11.886480331420898
2026-08-04T04:57:20.820000-04:00,12.223658561706543,0.33133289217948914,-11.892325401306152
2026-08-04T04:57:20.824000-04:00,12.208108901977539,0.3106392025947571,-11.897469520568848
2026-08-04T04:57:20.828000-04:00,12.203900337219238,0.30818402767181396,-11.895716667175293
2026-08-04T04:57:20.832000-04:00,12.2035493850708,0.315081924200058,-11.888467788696289
2026-08-04T04:57:20.836000-04:00,12.208577156066895,0.3087686002254486,-11.899808883666992
2026-08-04T04:57:20.840000-04:00,12.202964782714844,0.31087303161621094,-11.892091751098633
2026-08-04T04:57:20.844000-04:00,12.192325592041016,0.3014030456542969,-11.890922546386719
2026-08-04T04:57:20.848000-04:00,12.189987182617188,0.2934529185295105,-11.896533966064453
2026-08-04T04:57:20.852000-04:00,12.19080638885498,0.27883872389793396,-11.911967277526855
2026-08-04T04:57:20.856000-04:00,12.195599555969238,0.29006242752075195,-11.905536651611328
2026-08-04T04:57:20.860000-04:00,12.193143844604492,0.28760725259780884,-11.905536651611328
2026-08-04T04:57:20.864000-04:00,12.183673858642578,0.29286834597587585,-11.8908052444458
2026-08-04T04:57:20.868000-04:00,12.184609413146973,0.2891271114349365,-11.895482063293457
2026-08-04T04:57:20.872000-04:00,12.192325592041016,0.29883095622062683,-11.893494606018066
2026-08-04T04:57:20.876000-04:00,12.1952486038208,0.2938036620616913,-11.901445388793945
2026-08-04T04:57:20.880000-04:00,12.188817977905273,0.28561970591545105,-11.9031982421875
2026-08-04T04:57:20.884000-04:00,12.178296089172363,0.28561970591545105,-11.89267635345459
2026-08-04T04:57:20.888000-04:00,12.176308631896973,0.28597044944763184,-11.890337944030762
2026-08-04T04:57:20.892000-04:00,12.187766075134277,0.2883087396621704,-11.899456977844238
2026-08-04T04:57:20.896000-04:00,12.190689086914062,0.30081847310066223,-11.889870643615723
2026-08-04T04:57:20.900000-04:00,12.19080638885498,0.305495023727417,-11.885311126708984
2026-08-04T04:57:20.904000-04:00,12.186714172363281,0.3163679540157318,-11.870346069335938
2026-08-04T04:57:20.908000-04:00,12.180283546447754,0.31017154455184937,-11.870112419128418
2026-08-04T04:57:20.912000-04:00,12.189519882202148,0.3243180811405182,-11.865201950073242
2026-08-04T04:57:20.916000-04:00,12.198872566223145,0.3323851227760315,-11.866487503051758
2026-08-04T04:57:20.920000-04:00,12.19302749633789,0.34150436520576477,-11.851523399353027
2026-08-04T04:57:20.924000-04:00,12.189286231994629,0.33869844675064087,-11.850587844848633
2026-08-04T04:57:20.928000-04:00,12.188701629638672,0.3448948562145233,-11.843807220458984
2026-08-04T04:57:20.932000-04:00,12.199223518371582,0.3452455997467041,-11.853978157043457
2026-08-04T04:57:20.936000-04:00,12.20202922821045,0.35752153396606445,-11.844507217407227
2026-08-04T04:57:20.940000-04:00,12.206589698791504,0.36231496930122375,-11.844274520874023
2026-08-04T04:57:20.944000-04:00,12.200510025024414,0.359275221824646,-11.841235160827637
2026-08-04T04:57:20.948000-04:00,12.198287963867188,0.3556509017944336,-11.842637062072754
2026-08-04T04:57:20.952000-04:00,12.207524299621582,0.3568200469017029,-11.850704193115234
2026-08-04T04:57:20.956000-04:00,12.217696189880371,0.368862122297287,-11.848834037780762
2026-08-04T04:57:20.960000-04:00,12.208108901977539,0.37716299295425415,-11.83094596862793
2026-08-04T04:57:20.964000-04:00,12.207290649414062,0.3669915199279785,-11.840299606323242
2026-08-04T04:57:20.968000-04:00,12.204835891723633,0.36792683601379395,-11.836909294128418
2026-08-04T04:57:20.972000-04:00,12.213136672973633,0.3716680705547333,-11.841468811035156
2026-08-04T04:57:20.976000-04:00,12.215825080871582,0.38441163301467896,-11.831413269042969
2026-08-04T04:57:20.980000-04:00,12.209511756896973,0.37634459137916565,-11.83316707611084
2026-08-04T04:57:20.984000-04:00,12.199223518371582,0.37026509642601013,-11.828958511352539
2026-08-04T04:57:20.988000-04:00,12.206706047058105,0.3645363450050354,-11.842169761657715
2026-08-04T04:57:20.992000-04:00,12.213253021240234,0.3612627685070038,-11.851990699768066
2026-08-04T04:57:20.996000-04:00,12.207173347473145,0.3637179434299469,-11.84345531463623
2026-08-04T04:57:21-04:00,12.208459854125977,0.3696805238723755,-11.83877944946289
2026-08-04T04:57:21.004000-04:00,12.200977325439453,0.36757609248161316,-11.833401679992676
2026-08-04T04:57:21.008000-04:00,12.20542049407959,0.3528449833393097,-11.852575302124023
2026-08-04T04:57:21.012000-04:00,12.20542049407959,0.34992215037345886,-11.855498313903809
2026-08-04T04:57:21.016000-04:00,12.20986270904541,0.352377325296402,-11.8574857711792
2026-08-04T04:57:21.020000-04:00,12.206355094909668,0.34384265542030334,-11.862512588500977
2026-08-04T04:57:21.024000-04:00,12.195365905761719,0.3460640013217926,-11.849302291870117
2026-08-04T04:57:21.028000-04:00,12.206238746643066,0.331566721200943,-11.874671936035156
2026-08-04T04:57:21.032000-04:00,12.205069541931152,0.3325020372867584,-11.872567176818848
2026-08-04T04:57:21.036000-04:00,12.212434768676758,0.3353079557418823,-11.877126693725586
2026-08-04T04:57:21.040000-04:00,12.200860023498535,0.3376462161540985,-11.863213539123535
2026-08-04T04:57:21.044000-04:00,12.193378448486328,0.321979820728302,-11.87139892578125
2026-08-04T04:57:21.048000-04:00,12.19326114654541,0.3187062442302704,-11.874554634094238
2026-08-04T04:57:21.052000-04:00,12.191624641418457,0.31777092814445496,-11.87385368347168
2026-08-04T04:57:21.056000-04:00,12.199808120727539,0.31858932971954346,-11.881218910217285
2026-08-04T04:57:21.060000-04:00,12.19910717010498,0.328877717256546,-11.870229721069336
2026-08-04T04:57:21.064000-04:00,12.191156387329102,0.31858932971954346,-11.872567176818848
2026-08-04T04:57:21.068000-04:00,12.185076713562012,0.315081924200058,-11.8699951171875
2026-08-04T04:57:21.072000-04:00,12.200860023498535,0.3251364827156067,-11.875723838806152
2026-08-04T04:57:21.076000-04:00,12.199457168579102,0.31286054849624634,-11.8865966796875
2026-08-04T04:57:21.080000-04:00,12.195365905761719,0.3231489658355713,-11.872217178344727
2026-08-04T04:57:21.084000-04:00,12.17934799194336,0.31414660811424255,-11.865200996398926
2026-08-04T04:57:21.088000-04:00,12.182037353515625,0.30689796805381775,-11.875139236450195
2026-08-04T04:57:21.092000-04:00,12.202848434448242,0.3206937611103058,-11.88215446472168
2026-08-04T04:57:21.096000-04:00,12.198638916015625,0.3139127790927887,-11.884726524353027
2026-08-04T04:57:21.100000-04:00,12.192793846130371,0.31496500968933105,-11.877828598022461
2026-08-04T04:57:21.104000-04:00,12.187883377075195,0.3114576041698456,-11.876425743103027
2026-08-04T04:57:21.108000-04:00,12.19127368927002,0.31742018461227417,-11.87385368347168
2026-08-04T04:57:21.112000-04:00,12.18905258178711,0.3022214472293854,-11.886831283569336
2026-08-04T04:57:21.116000-04:00,12.196768760681152,0.3142635226249695,-11.882505416870117
2026-08-04T04:57:21.120000-04:00,12.20787525177002,0.3612627685070038,-11.846612930297852
2026-08-04T04:57:21.124000-04:00,12.207290649414062,0.38113805651664734,-11.826152801513672
2026-08-04T04:57:21.128000-04:00,12.193612098693848,0.3830086588859558,-11.810603141784668
2026-08-04T04:57:21.132000-04:00,12.194897651672363,0.38441163301467896,-11.81048583984375
2026-08-04T04:57:21.136000-04:00,12.198872566223145,0.3894389271736145,-11.809433937072754
2026-08-04T04:57:21.140000-04:00,12.207992553710938,0.39762285351753235,-11.810369491577148
2026-08-04T04:57:21.144000-04:00,12.20986270904541,0.43409988284111023,-11.775762557983398
2026-08-04T04:57:21.148000-04:00,12.173151969909668,0.4644973874092102,-11.708654403686523
2026-08-04T04:57:21.152000-04:00,12.174554824829102,0.4623929560184479,-11.712162017822266
2026-08-04T04:57:21.156000-04:00,12.188817977905273,0.4491817057132721,-11.739636421203613
2026-08-04T04:57:21.160000-04:00,12.192091941833496,0.47548726201057434,-11.716604232788086
2026-08-04T04:57:21.164000-04:00,12.179231643676758,0.4745519459247589,-11.704679489135742
2026-08-04T04:57:21.168000-04:00,12.188817977905273,0.4752534329891205,-11.7135648727417
2026-08-04T04:57:21.172000-04:00,12.216526985168457,0.46706947684288025,-11.749457359313965
2026-08-04T04:57:21.176000-04:00,12.225178718566895,0.45058467984199524,-11.7745943069458
2026-08-04T04:57:21.180000-04:00,12.214539527893066,0.3958691656589508,-11.818670272827148
2026-08-04T04:57:21.184000-04:00,12.190221786499023,0.37435707449913025,-11.815864562988281
2026-08-04T04:57:21.188000-04:00,12.194313049316406,0.3685114085674286,-11.825801849365234
2026-08-04T04:57:21.192000-04:00,12.188233375549316,0.3577553629875183,-11.830477714538574
2026-08-04T04:57:21.196000-04:00,12.203082084655762,0.3439595699310303,-11.859122276306152
2026-08-04T04:57:21.200000-04:00,12.175957679748535,0.2871395945549011,-11.88881778717041
2026-08-04T04:57:21.204000-04:00,12.157719612121582,0.28480133414268494,-11.872918128967285
2026-08-04T04:57:21.208000-04:00,12.15175724029541,0.2532346844673157,-11.89852237701416
2026-08-04T04:57:21.212000-04:00,12.149886131286621,0.25276702642440796,-11.897119522094727
2026-08-04T04:57:21.216000-04:00,12.171281814575195,0.25756046175956726,-11.913721084594727
2026-08-04T04:57:21.220000-04:00,12.1620454788208,0.25159788131713867,-11.91044807434082
2026-08-04T04:57:21.224000-04:00,12.154562950134277,0.2456352859735489,-11.908927917480469
2026-08-04T04:57:21.228000-04:00,12.151288986206055,0.22435703873634338,-11.926932334899902
2026-08-04T04:57:21.232000-04:00,12.161577224731445,0.23300863802433014,-11.928568840026855
2026-08-04T04:57:21.236000-04:00,12.164266586303711,0.2356976419687271,-11.928568840026855
2026-08-04T04:57:21.240000-04:00,12.159122467041016,0.2344115972518921,-11.924711227416992
2026-08-04T04:57:21.244000-04:00,12.138428688049316,0.22061580419540405,-11.917813301086426
2026-08-04T04:57:21.248000-04:00,12.136908531188965,0.2320733219385147,-11.904834747314453
2026-08-04T04:57:21.252000-04:00,12.14836597442627,0.23943887650966644,-11.908926963806152
2026-08-04T04:57:21.256000-04:00,12.157953262329102,0.23897121846675873,-11.91898250579834
2026-08-04T04:57:21.260000-04:00,12.140767097473145,0.23978962004184723,-11.90097713470459
2026-08-04T04:57:21.264000-04:00,12.10639476776123,0.26153552532196045,-11.84485912322998
2026-08-04T04:57:21.268000-04:00,12.091546058654785,0.28772416710853577,-11.803821563720703
2026-08-04T04:57:21.272000-04:00,12.135973930358887,0.30806711316108704,-11.827906608581543
2026-08-04T04:57:21.276000-04:00,12.18542766571045,0.3087686002254486,-11.876659393310547
2026-08-04T04:57:21.280000-04:00,12.317773818969727,0.44579121470451355,-11.87198257446289
2026-08-04T04:57:21.284000-04:00,12.484960556030273,0.7490648627281189,-11.735896110534668
2026-08-04T04:57:21.288000-04:00,12.485661506652832,1.074552059173584,-11.411109924316406
2026-08-04T04:57:21.292000-04:00,12.443222045898438,1.8242015838623047,-10.619020462036133
2026-08-04T04:57:21.296000-04:00,12.398561477661133,2.3181612491607666,-10.080400466918945
2026-08-04T04:57:21.300000-04:00,12.309239387512207,2.6410763263702393,-9.668163299560547
2026-08-04T04:57:21.304000-04:00,12.2657470703125,2.647740364074707,-9.618006706237793
2026-08-04T04:57:21.308000-04:00,12.207056999206543,2.2385430335998535,-9.968513488769531
2026-08-04T04:57:21.312000-04:00,12.181452751159668,1.5466488599777222,-10.634803771972656
2026-08-04T04:57:21.316000-04:00,12.186480522155762,1.1876075267791748,-10.998872756958008
2026-08-04T04:57:21.320000-04:00,12.19957447052002,0.683944046497345,-11.515630722045898
2026-08-04T04:57:21.324000-04:00,12.256745338439941,0.622564435005188,-11.634181022644043
2026-08-04T04:57:21.328000-04:00,12.276036262512207,0.5639907717704773,-11.712045669555664
2026-08-04T04:57:21.332000-04:00,12.22669792175293,0.5167577266693115,-11.709939956665039
2026-08-04T04:57:21.336000-04:00,12.22810173034668,0.4420500099658966,-11.786051750183105
2026-08-04T04:57:21.340000-04:00,12.231258392333984,0.4291895031929016,-11.802068710327148
2026-08-04T04:57:21.344000-04:00,12.223191261291504,0.3958691656589508,-11.827322006225586
2026-08-04T04:57:21.348000-04:00,12.228919982910156,0.36067819595336914,-11.868242263793945
2026-08-04T04:57:21.352000-04:00,12.229270935058594,0.3488699197769165,-11.880400657653809
2026-08-04T04:57:21.356000-04:00,12.2325439453125,0.3561185598373413,-11.876425743103027
2026-08-04T04:57:21.360000-04:00,12.231141090393066,0.3630164563655853,-11.868124961853027
2026-08-04T04:57:21.364000-04:00,12.217111587524414,0.3437257409095764,-11.873385429382324
2026-08-04T04:57:21.368000-04:00,12.227517127990723,0.33016377687454224,-11.897353172302246
2026-08-04T04:57:21.372000-04:00,12.235233306884766,0.3556509017944336,-11.879582405090332
2026-08-04T04:57:21.376000-04:00,12.238974571228027,0.35471561551094055,-11.884259223937988
2026-08-04T04:57:21.380000-04:00,12.239909172058105,0.3650040030479431,-11.874905586242676
2026-08-04T04:57:21.384000-04:00,12.238740921020508,0.37120041251182556,-11.86754035949707
2026-08-04T04:57:21.388000-04:00,12.242131233215332,0.36991435289382935,-11.872217178344727
2026-08-04T04:57:21.392000-04:00,12.258148193359375,0.38721755146980286,-11.870930671691895
2026-08-04T04:57:21.396000-04:00,12.260369300842285,0.38686680793762207,-11.873502731323242
2026-08-04T04:57:21.400000-04:00,12.25721263885498,0.3969213664531708,-11.860291481018066
2026-08-04T04:57:21.404000-04:00,12.2615385055542,0.4087296426296234,-11.852808952331543
2026-08-04T04:57:21.408000-04:00,12.256277084350586,0.4155106246471405,-11.840766906738281
2026-08-04T04:57:21.412000-04:00,12.273229598999023,0.42451298236846924,-11.848716735839844
2026-08-04T04:57:21.416000-04:00,12.278491020202637,0.43982863426208496,-11.838662147521973
2026-08-04T04:57:21.420000-04:00,12.279777526855469,0.4491817057132721,-11.830595970153809
2026-08-04T04:57:21.424000-04:00,12.281296730041504,0.4572487473487854,-11.824048042297363
2026-08-04T04:57:21.428000-04:00,12.29626178741455,0.47069379687309265,-11.825568199157715
2026-08-04T04:57:21.432000-04:00,12.301874160766602,0.4820344150066376,-11.819839477539062
2026-08-04T04:57:21.436000-04:00,12.315319061279297,0.5077553987503052,-11.807563781738281
2026-08-04T04:57:21.440000-04:00,12.322566986083984,0.5164070129394531,-11.806159973144531
2026-08-04T04:57:21.444000-04:00,12.32747745513916,0.527747631072998,-11.79973030090332
2026-08-04T04:57:21.448000-04:00,12.340806007385254,0.5477398037910461,-11.793066024780273
2026-08-04T04:57:21.452000-04:00,12.352730751037598,0.5575605630874634,-11.795169830322266
2026-08-04T04:57:21.456000-04:00,12.371320724487305,0.600701630115509,-11.77061939239502
2026-08-04T04:57:21.460000-04:00,12.375295639038086,0.6119253039360046,-11.763370513916016
2026-08-04T04:57:21.464000-04:00,12.388389587402344,0.6381139755249023,-11.750275611877441
2026-08-04T04:57:21.468000-04:00,12.402770042419434,0.6503898501396179,-11.75238037109375
2026-08-04T04:57:21.472000-04:00,12.438077926635742,0.7146922945976257,-11.72338581085205
2026-08-04T04:57:21.476000-04:00,12.44672966003418,0.7371397018432617,-11.709589958190918
2026-08-04T04:57:21.480000-04:00,12.46333122253418,0.782619059085846,-11.68071174621582
2026-08-04T04:57:21.484000-04:00,12.484025001525879,0.826695442199707,-11.657329559326172
2026-08-04T04:57:21.488000-04:00,12.495131492614746,0.8521826267242432,-11.642949104309082
2026-08-04T04:57:21.492000-04:00,12.529036521911621,0.8842169046401978,-11.644819259643555
2026-08-04T04:57:21.496000-04:00,12.53967571258545,0.9114577770233154,-11.628217697143555
2026-08-04T04:57:21.500000-04:00,12.556160926818848,0.9481685757637024,-11.607992172241211
2026-08-04T04:57:21.504000-04:00,12.559083938598633,0.9510914087295532,-11.607992172241211
2026-08-04T04:57:21.508000-04:00,12.565864562988281,0.97026526927948,-11.595599174499512
2026-08-04T04:57:21.512000-04:00,12.575451850891113,0.986750066280365,-11.588702201843262
2026-08-04T04:57:21.516000-04:00,12.577555656433105,0.9853470921516418,-11.592208862304688
2026-08-04T04:57:21.520000-04:00,12.56457805633545,0.9849963784217834,-11.579581260681152
2026-08-04T04:57:21.524000-04:00,12.549613952636719,0.9765785932540894,-11.57303524017334
2026-08-04T04:57:21.528000-04:00,12.53137493133545,0.9410368800163269,-11.590337753295898
2026-08-04T04:57:21.532000-04:00,12.52927017211914,0.9219799637794495,-11.607290267944336
2026-08-04T04:57:21.536000-04:00,12.511499404907227,0.8977788686752319,-11.613720893859863
2026-08-04T04:57:21.540000-04:00,12.48776626586914,0.8510134816169739,-11.63675308227539
2026-08-04T04:57:21.544000-04:00,12.446378707885742,0.789400041103363,-11.656978607177734
2026-08-04T04:57:21.548000-04:00,12.407563209533691,0.719135046005249,-11.688427925109863
2026-08-04T04:57:21.552000-04:00,12.391312599182129,0.6840609908103943,-11.70725154876709
2026-08-04T04:57:21.556000-04:00,12.37015151977539,0.6426736116409302,-11.72747802734375
2026-08-04T04:57:21.560000-04:00,12.348989486694336,0.5982464551925659,-11.75074291229248
2026-08-04T04:57:21.564000-04:00,12.316137313842773,0.5484412908554077,-11.767696380615234
2026-08-04T04:57:21.568000-04:00,12.303627014160156,0.5092752575874329,-11.794351577758789
2026-08-04T04:57:21.572000-04:00,12.289948463439941,0.45619651675224304,-11.833751678466797
2026-08-04T04:57:21.576000-04:00,12.276854515075684,0.43538591265678406,-11.841468811035156
2026-08-04T04:57:21.580000-04:00,12.253120422363281,0.4186672866344452,-11.834453582763672
2026-08-04T04:57:21.584000-04:00,12.226114273071289,0.36944669485092163,-11.856667518615723
2026-08-04T04:57:21.588000-04:00,12.21792984008789,0.3473500609397888,-11.870579719543457
2026-08-04T04:57:21.592000-04:00,12.21816349029541,0.3271239995956421,-11.891039848327637
2026-08-04T04:57:21.596000-04:00,12.214539527893066,0.33320352435112,-11.881336212158203
2026-08-04T04:57:21.600000-04:00,12.206355094909668,0.32092759013175964,-11.885427474975586
2026-08-04T04:57:21.604000-04:00,12.189987182617188,0.30526119470596313,-11.884725570678711
2026-08-04T04:57:21.608000-04:00,12.188584327697754,0.28760725259780884,-11.90097713470459
2026-08-04T04:57:21.612000-04:00,12.196535110473633,0.28129392862319946,-11.915241241455078
2026-08-04T04:57:21.616000-04:00,12.190338134765625,0.28526896238327026,-11.905069351196289
2026-08-04T04:57:21.620000-04:00,12.186480522155762,0.28152772784233093,-11.904953002929688
2026-08-04T04:57:21.624000-04:00,12.176308631896973,0.27357763051986694,-11.902730941772461
2026-08-04T04:57:21.628000-04:00,12.173619270324707,0.2662120759487152,-11.9074068069458
2026-08-04T04:57:21.632000-04:00,12.1827392578125,0.27720195055007935,-11.905537605285645
2026-08-04T04:57:21.636000-04:00,12.173619270324707,0.2738114595413208,-11.899807929992676
2026-08-04T04:57:21.640000-04:00,12.182621955871582,0.26749810576438904,-11.91512393951416
2026-08-04T04:57:21.644000-04:00,12.176542282104492,0.2842167615890503,-11.892325401306152
2026-08-04T04:57:21.648000-04:00,12.17081356048584,0.27357763051986694,-11.897235870361328
2026-08-04T04:57:21.652000-04:00,12.179582595825195,0.2797740399837494,-11.899808883666992
2026-08-04T04:57:21.656000-04:00,12.175724029541016,0.27766960859298706,-11.898054122924805
2026-08-04T04:57:21.660000-04:00,12.178997993469238,0.2883087396621704,-11.8906888961792
2026-08-04T04:57:21.664000-04:00,12.171515464782715,0.2770850360393524,-11.894430160522461
2026-08-04T04:57:21.668000-04:00,12.170112609863281,0.27872180938720703,-11.891390800476074
2026-08-04T04:57:21.672000-04:00,12.175373077392578,0.29088082909584045,-11.884491920471191
2026-08-04T04:57:21.676000-04:00,12.185076713562012,0.2922837734222412,-11.892792701721191
2026-08-04T04:57:21.680000-04:00,12.169059753417969,0.28807491064071655,-11.880985260009766
2026-08-04T04:57:21.684000-04:00,12.169410705566406,0.28515204787254333,-11.884258270263672
2026-08-04T04:57:21.688000-04:00,12.174321174621582,0.2967264950275421,-11.877594947814941
2026-08-04T04:57:21.692000-04:00,12.178178787231445,0.2914654016494751,-11.886713027954102
2026-08-04T04:57:21.696000-04:00,12.176775932312012,0.30771636962890625,-11.869059562683105
2026-08-04T04:57:21.700000-04:00,12.182037353515625,0.3175370991230011,-11.864500045776367
2026-08-04T04:57:21.704000-04:00,12.175256729125977,0.3099377155303955,-11.86531925201416
2026-08-04T04:57:21.708000-04:00,12.186830520629883,0.32501956820487976,-11.861810684204102
2026-08-04T04:57:21.712000-04:00,12.18075180053711,0.32501956820487976,-11.855731964111328
2026-08-04T04:57:21.716000-04:00,12.19326114654541,0.3420889377593994,-11.85117244720459
2026-08-04T04:57:21.720000-04:00,12.186012268066406,0.3416212797164917,-11.844390869140625
2026-08-04T04:57:21.724000-04:00,12.178997993469238,0.33986759185791016,-11.839130401611328
2026-08-04T04:57:21.728000-04:00,12.184843063354492,0.3487530052661896,-11.836090087890625
2026-08-04T04:57:21.732000-04:00,12.197236061096191,0.3531957268714905,-11.844039916992188
2026-08-04T04:57:21.736000-04:00,12.19349479675293,0.3557678163051605,-11.837726593017578
2026-08-04T04:57:21.740000-04:00,12.191858291625977,0.3588075637817383,-11.833050727844238
2026-08-04T04:57:21.744000-04:00,12.193845748901367,0.3680437505245209,-11.825801849365234
2026-08-04T04:57:21.748000-04:00,12.19080638885498,0.35144200921058655,-11.839364051818848
2026-08-04T04:57:21.752000-04:00,12.198054313659668,0.35787227749824524,-11.840182304382324
2026-08-04T04:57:21.756000-04:00,12.20202922821045,0.36956360936164856,-11.832465171813965
2026-08-04T04:57:21.760000-04:00,12.199691772460938,0.3633671998977661,-11.836324691772461
2026-08-04T04:57:21.764000-04:00,12.18519401550293,0.34431028366088867,-11.840883255004883
2026-08-04T04:57:21.768000-04:00,12.19571590423584,0.33659401535987854,-11.859122276306152
2026-08-04T04:57:21.772000-04:00,12.195014953613281,0.3399845063686371,-11.855030059814453
2026-08-04T04:57:21.776000-04:00,12.206589698791504,0.3452455997467041,-11.861344337463379
2026-08-04T04:57:21.780000-04:00,12.2035493850708,0.3440764844417572,-11.85947322845459
2026-08-04T04:57:21.784000-04:00,12.190104484558105,0.33378809690475464,-11.856316566467285
2026-08-04T04:57:21.788000-04:00,12.19349479675293,0.3284100592136383,-11.865084648132324
2026-08-04T04:57:21.792000-04:00,12.203900337219238,0.3206937611103058,-11.883206367492676
2026-08-04T04:57:21.796000-04:00,12.195599555969238,0.33624327182769775,-11.859355926513672
2026-08-04T04:57:21.800000-04:00,12.199808120727539,0.31777092814445496,-11.882037162780762
2026-08-04T04:57:21.804000-04:00,12.185544967651367,0.305495023727417,-11.880049705505371
2026-08-04T04:57:21.808000-04:00,12.189286231994629,0.3148480951786041,-11.874438285827637
2026-08-04T04:57:21.812000-04:00,12.19735336303711,0.30806711316108704,-11.889286041259766
2026-08-04T04:57:21.816000-04:00,12.196885108947754,0.31543266773223877,-11.881452560424805
2026-08-04T04:57:21.820000-04:00,12.193378448486328,0.3171863555908203,-11.876192092895508
2026-08-04T04:57:21.824000-04:00,12.179582595825195,0.2994154989719391,-11.880167007446289
2026-08-04T04:57:21.828000-04:00,12.188233375549316,0.2826968729496002,-11.905536651611328
2026-08-04T04:57:21.832000-04:00,12.187298774719238,0.27790340781211853,-11.909395217895508
2026-08-04T04:57:21.836000-04:00,12.186363220214844,0.28877636790275574,-11.897586822509766
2026-08-04T04:57:21.840000-04:00,12.184493064880371,0.2794232964515686,-11.905069351196289
2026-08-04T04:57:21.844000-04:00,12.184375762939453,0.2850351333618164,-11.899340629577637
2026-08-04T04:57:21.848000-04:00,12.184142112731934,0.28082627058029175,-11.903315544128418
2026-08-04T04:57:21.852000-04:00,12.183206558227539,0.27638354897499084,-11.90682315826416
2026-08-04T04:57:21.856000-04:00,12.183440208435059,0.29450514912605286,-11.888935089111328
2026-08-04T04:57:21.860000-04:00,12.185895919799805,0.27322688698768616,-11.91266918182373
2026-08-04T04:57:21.864000-04:00,12.17642593383789,0.27521440386772156,-11.901211738586426
2026-08-04T04:57:21.868000-04:00,12.174788475036621,0.27439600229263306,-11.900392532348633
2026-08-04T04:57:21.872000-04:00,12.181219100952148,0.2645752727985382,-11.916644096374512
2026-08-04T04:57:21.876000-04:00,12.188233375549316,0.2741622030735016,-11.914071083068848
2026-08-04T04:57:21.880000-04:00,12.175724029541016,0.26726430654525757,-11.908459663391113
2026-08-04T04:57:21.884000-04:00,12.1744384765625,0.2472720891237259,-11.927165985107422
2026-08-04T04:57:21.888000-04:00,12.178997993469238,0.258028119802475,-11.92096996307373
2026-08-04T04:57:21.892000-04:00,12.179698944091797,0.26726430654525757,-11.912434577941895
2026-08-04T04:57:21.896000-04:00,12.18075180053711,0.2576773762702942,-11.923074722290039
2026-08-04T04:57:21.900000-04:00,12.18110179901123,0.2642245292663574,-11.916877746582031
2026-08-04T04:57:21.904000-04:00,12.171865463256836,0.26714739203453064,-11.904718399047852
2026-08-04T04:57:21.908000-04:00,12.171515464782715,0.24879196286201477,-11.922723770141602
2026-08-04T04:57:21.912000-04:00,12.188701629638672,0.2593141794204712,-11.929387092590332
2026-08-04T04:57:21.916000-04:00,12.18297290802002,0.26282158493995667,-11.920151710510254
2026-08-04T04:57:21.920000-04:00,12.176308631896973,0.26714739203453064,-11.909161567687988
2026-08-04T04:57:21.924000-04:00,12.169878005981445,0.2528839409351349,-11.916994094848633
2026-08-04T04:57:21.928000-04:00,12.17081356048584,0.23511306941509247,-11.935700416564941
2026-08-04T04:57:21.932000-04:00,12.181686401367188,0.24399849772453308,-11.937687873840332
2026-08-04T04:57:21.936000-04:00,12.173269271850586,0.2577942907810211,-11.915474891662598
2026-08-04T04:57:21.940000-04:00,12.184258460998535,0.26118478178977966,-11.923073768615723
2026-08-04T04:57:21.944000-04:00,12.169644355773926,0.24399849772453308,-11.92564582824707
2026-08-04T04:57:21.948000-04:00,12.17665958404541,0.24014036357402802,-11.936519622802734
2026-08-04T04:57:21.952000-04:00,12.190104484558105,0.24177715182304382,-11.94832706451416
2026-08-04T04:57:21.956000-04:00,12.178296089172363,0.25077947974205017,-11.92751693725586
2026-08-04T04:57:21.960000-04:00,12.172918319702148,0.2404910922050476,-11.932427406311035
2026-08-04T04:57:21.964000-04:00,12.173269271850586,0.24423232674598694,-11.929037094116211
2026-08-04T04:57:21.968000-04:00,12.17303466796875,0.23172257840633392,-11.941311836242676
2026-08-04T04:57:21.972000-04:00,12.176191329956055,0.2444661557674408,-11.93172550201416
2026-08-04T04:57:21.976000-04:00,12.182271003723145,0.24294628202915192,-11.939324378967285
2026-08-04T04:57:21.980000-04:00,12.174321174621582,0.24189406633377075,-11.932427406311035
2026-08-04T04:57:21.984000-04:00,12.165084838867188,0.22704604268074036,-11.93803882598877
2026-08-04T04:57:21.988000-04:00,12.16812515258789,0.23499616980552673,-11.93312931060791
2026-08-04T04:57:21.992000-04:00,12.175841331481934,0.2212003618478775,-11.954641342163086
2026-08-04T04:57:21.996000-04:00,12.17467212677002,0.2348792552947998,-11.93979263305664
2026-08-04T04:57:22-04:00,12.1744384765625,0.23943887650966644,-11.934999465942383
2026-08-04T04:57:22.004000-04:00,12.166955947875977,0.22985196113586426,-11.937104225158691
2026-08-04T04:57:22.008000-04:00,12.178997993469238,0.2416602373123169,-11.937337875366211
2026-08-04T04:57:22.012000-04:00,12.189870834350586,0.25031182169914246,-11.939558982849121
2026-08-04T04:57:22.016000-04:00,12.20542049407959,0.2593141794204712,-11.94610595703125
2026-08-04T04:57:22.020000-04:00,12.202964782714844,0.2817615568637848,-11.92120361328125
2026-08-04T04:57:22.024000-04:00,12.191507339477539,0.283047616481781,-11.908459663391113
2026-08-04T04:57:22.028000-04:00,12.18297290802002,0.2843336760997772,-11.898639678955078
2026-08-04T04:57:22.032000-04:00,12.197820663452148,0.29532355070114136,-11.902497291564941
2026-08-04T04:57:22.036000-04:00,12.203666687011719,0.3143804371356964,-11.889286041259766
2026-08-04T04:57:22.040000-04:00,12.21570873260498,0.3328527808189392,-11.882856369018555
2026-08-04T04:57:22.044000-04:00,12.215357780456543,0.37833213806152344,-11.83702564239502
2026-08-04T04:57:22.048000-04:00,12.184024810791016,0.39201101660728455,-11.792014122009277
2026-08-04T04:57:22.052000-04:00,12.182037353515625,0.37318792939186096,-11.808849334716797
2026-08-04T04:57:22.056000-04:00,12.179231643676758,0.3681606650352478,-11.811071395874023
2026-08-04T04:57:22.060000-04:00,12.180985450744629,0.37552621960639954,-11.805459022521973
2026-08-04T04:57:22.064000-04:00,12.179816246032715,0.37190189957618713,-11.807914733886719
2026-08-04T04:57:22.068000-04:00,12.192793846130371,0.36640694737434387,-11.826386451721191
2026-08-04T04:57:22.072000-04:00,12.206823348999023,0.3505067229270935,-11.856316566467285
2026-08-04T04:57:22.076000-04:00,12.211265563964844,0.32092759013175964,-11.890337944030762
2026-08-04T04:57:22.080000-04:00,12.208459854125977,0.2871395945549011,-11.921319961547852
2026-08-04T04:57:22.084000-04:00,12.18718147277832,0.28678885102272034,-11.900392532348633
2026-08-04T04:57:22.088000-04:00,12.190338134765625,0.2733438014984131,-11.916994094848633
2026-08-04T04:57:22.092000-04:00,12.186830520629883,0.2549883723258972,-11.931841850280762
2026-08-04T04:57:22.096000-04:00,12.1869478225708,0.24259553849697113,-11.944352149963379
2026-08-04T04:57:22.100000-04:00,12.164617538452148,0.20682001113891602,-11.95779800415039
2026-08-04T04:57:22.104000-04:00,12.14369010925293,0.20378024876117706,-11.939909934997559
2026-08-04T04:57:22.108000-04:00,12.153861045837402,0.19781766831874847,-11.956043243408203
2026-08-04T04:57:22.112000-04:00,12.161928176879883,0.19091977179050446,-11.97100830078125
2026-08-04T04:57:22.116000-04:00,12.159005165100098,0.1926734745502472,-11.966331481933594
2026-08-04T04:57:22.120000-04:00,12.153042793273926,0.18168359994888306,-11.971359252929688
2026-08-04T04:57:22.124000-04:00,12.144859313964844,0.17537027597427368,-11.969489097595215
2026-08-04T04:57:22.128000-04:00,12.149886131286621,0.16999225318431854,-11.979893684387207
2026-08-04T04:57:22.132000-04:00,12.159356117248535,0.16204212605953217,-11.997314453125
2026-08-04T04:57:22.136000-04:00,12.152458190917969,0.16028842329978943,-11.992169380187988
2026-08-04T04:57:22.140000-04:00,12.15011978149414,0.17034299671649933,-11.979776382446289
2026-08-04T04:57:22.144000-04:00,12.14591121673584,0.15970386564731598,-11.986207008361816
2026-08-04T04:57:22.148000-04:00,12.142754554748535,0.16075608134269714,-11.981998443603516
2026-08-04T04:57:22.152000-04:00,12.15199089050293,0.17162904143333435,-11.980361938476562
2026-08-04T04:57:22.156000-04:00,12.137961387634277,0.17361657321453094,-11.96434497833252
2026-08-04T04:57:22.160000-04:00,12.12732219696045,0.15970386564731598,-11.967617988586426
2026-08-04T04:57:22.164000-04:00,12.08803939819336,0.2035464346408844,-11.884492874145508
2026-08-04T04:57:22.168000-04:00,12.095871925354004,0.2248246818780899,-11.871047019958496
2026-08-04T04:57:22.172000-04:00,12.164968490600586,0.21991431713104248,-11.945054054260254
2026-08-04T04:57:22.176000-04:00,12.273931503295898,0.3183555006980896,-11.955575942993164
2026-08-04T04:57:22.180000-04:00,12.401484489440918,0.47876083850860596,-11.922723770141602
2026-08-04T04:57:22.184000-04:00,12.513370513916016,0.8768513798713684,-11.636519432067871
2026-08-04T04:57:22.188000-04:00,12.459823608398438,1.312003493309021,-11.147820472717285
2026-08-04T04:57:22.192000-04:00,12.413175582885742,2.083749532699585,-10.329425811767578
2026-08-04T04:57:22.196000-04:00,12.356355667114258,2.478449583053589,-9.87790584564209
2026-08-04T04:57:22.200000-04:00,12.323970794677734,2.5545601844787598,-9.769411087036133
2026-08-04T04:57:22.204000-04:00,12.266682624816895,2.471785545349121,-9.794897079467773
2026-08-04T04:57:22.208000-04:00,12.204952239990234,1.8481688499450684,-10.356782913208008
2026-08-04T04:57:22.212000-04:00,12.166136741638184,1.2369450330734253,-10.929191589355469
2026-08-04T04:57:22.216000-04:00,12.167890548706055,0.8469215035438538,-11.320968627929688
2026-08-04T04:57:22.220000-04:00,12.207290649414062,0.5598987936973572,-11.647392272949219
2026-08-04T04:57:22.224000-04:00,12.263643264770508,0.5131334066390991,-11.750510215759277
2026-08-04T04:57:22.228000-04:00,12.247626304626465,0.4359704852104187,-11.81165599822998
2026-08-04T04:57:22.232000-04:00,12.213603973388672,0.37190189957618713,-11.841702461242676
2026-08-04T04:57:22.236000-04:00,12.23453140258789,0.34021833539009094,-11.894312858581543
2026-08-04T04:57:22.240000-04:00,12.232894897460938,0.31905698776245117,-11.913837432861328
2026-08-04T04:57:22.244000-04:00,12.224125862121582,0.2950897216796875,-11.929036140441895
2026-08-04T04:57:22.248000-04:00,12.216877937316895,0.27837106585502625,-11.938507080078125
2026-08-04T04:57:22.252000-04:00,12.218865394592285,0.2725253999233246,-11.94633960723877
2026-08-04T04:57:22.256000-04:00,12.232192993164062,0.271823912858963,-11.960369110107422
2026-08-04T04:57:22.260000-04:00,12.224360466003418,0.2569758892059326,-11.967384338378906
2026-08-04T04:57:22.264000-04:00,12.217227935791016,0.2528839409351349,-11.964344024658203
2026-08-04T04:57:22.268000-04:00,12.225295066833496,0.24937652051448822,-11.975918769836426
2026-08-04T04:57:22.272000-04:00,12.237805366516113,0.27194082736968994,-11.965864181518555
2026-08-04T04:57:22.276000-04:00,12.240143775939941,0.27872180938720703,-11.961421966552734
2026-08-04T04:57:22.280000-04:00,12.238039016723633,0.27287614345550537,-11.965163230895996
2026-08-04T04:57:22.284000-04:00,12.24470329284668,0.2818784713745117,-11.962824821472168
2026-08-04T04:57:22.288000-04:00,12.238506317138672,0.27194082736968994,-11.966565132141113
2026-08-04T04:57:22.292000-04:00,12.2574462890625,0.29368674755096436,-11.963759422302246
2026-08-04T04:57:22.296000-04:00,12.263994216918945,0.30491045117378235,-11.959083557128906
2026-08-04T04:57:22.300000-04:00,12.265397071838379,0.305495023727417,-11.959901809692383
2026-08-04T04:57:22.304000-04:00,12.256160736083984,0.3148480951786041,-11.941312789916992
2026-08-04T04:57:22.308000-04:00,12.263876914978027,0.3079501986503601,-11.955926895141602
2026-08-04T04:57:22.312000-04:00,12.280478477478027,0.3452455997467041,-11.935233116149902
2026-08-04T04:57:22.316000-04:00,12.282816886901855,0.3500390648841858,-11.932777404785156
2026-08-04T04:57:22.320000-04:00,12.284804344177246,0.36184731125831604,-11.922957420349121
2026-08-04T04:57:22.324000-04:00,12.291351318359375,0.3604443669319153,-11.930907249450684
2026-08-04T04:57:22.328000-04:00,12.292637825012207,0.36944669485092163,-11.92319107055664
2026-08-04T04:57:22.332000-04:00,12.311226844787598,0.3813718855381012,-11.929855346679688
2026-08-04T04:57:22.336000-04:00,12.31274700164795,0.399844229221344,-11.91290283203125
2026-08-04T04:57:22.340000-04:00,12.314383506774902,0.4231100082397461,-11.891273498535156
2026-08-04T04:57:22.344000-04:00,12.331803321838379,0.4351521134376526,-11.896651268005371
2026-08-04T04:57:22.348000-04:00,12.351211547851562,0.4524553120136261,-11.89875602722168
2026-08-04T04:57:22.352000-04:00,12.350626945495605,0.47747477889060974,-11.873151779174805
2026-08-04T04:57:22.356000-04:00,12.374944686889648,0.507404625415802,-11.86754035949707
2026-08-04T04:57:22.360000-04:00,12.37623119354248,0.5186283588409424,-11.857603073120117
2026-08-04T04:57:22.364000-04:00,12.391897201538086,0.5576774477958679,-11.834219932556152
2026-08-04T04:57:22.368000-04:00,12.408031463623047,0.5802417993545532,-11.827789306640625
2026-08-04T04:57:22.372000-04:00,12.429075241088867,0.6058458089828491,-11.823229789733887
2026-08-04T04:57:22.376000-04:00,12.459473609924316,0.6356588006019592,-11.823814392089844
2026-08-04T04:57:22.380000-04:00,12.468826293945312,0.6646533012390137,-11.80417251586914
2026-08-04T04:57:22.384000-04:00,12.47946548461914,0.7014811038970947,-11.777984619140625
2026-08-04T04:57:22.388000-04:00,12.506939888000488,0.7325800657272339,-11.774359703063965
2026-08-04T04:57:22.392000-04:00,12.536636352539062,0.7733829021453857,-11.763253211975098
2026-08-04T04:57:22.396000-04:00,12.537805557250977,0.7973501682281494,-11.740455627441406
2026-08-04T04:57:22.400000-04:00,12.549029350280762,0.8208497762680054,-11.728179931640625
2026-08-04T04:57:22.404000-04:00,12.551133155822754,0.8406081795692444,-11.710524559020996
2026-08-04T04:57:22.408000-04:00,12.55627727508545,0.8404912352561951,-11.71578598022461
2026-08-04T04:57:22.412000-04:00,12.575568199157715,0.8641077876091003,-11.71146011352539
2026-08-04T04:57:22.416000-04:00,12.574048042297363,0.8749807476997375,-11.699067115783691
2026-08-04T04:57:22.420000-04:00,12.54552173614502,0.859431266784668,-11.686090469360352
2026-08-04T04:57:22.424000-04:00,12.540026664733887,0.8630555868148804,-11.676971435546875
2026-08-04T04:57:22.428000-04:00,12.534297943115234,0.8514811396598816,-11.682816505432129
2026-08-04T04:57:22.432000-04:00,12.522138595581055,0.8269292712211609,-11.695209503173828
2026-08-04T04:57:22.436000-04:00,12.501679420471191,0.7753704190254211,-11.726308822631836
2026-08-04T04:57:22.440000-04:00,12.470813751220703,0.7335153818130493,-11.737298011779785
2026-08-04T04:57:22.444000-04:00,12.455615043640137,0.7065083384513855,-11.749106407165527
2026-08-04T04:57:22.448000-04:00,12.421710014343262,0.645011842250824,-11.776698112487793
2026-08-04T04:57:22.452000-04:00,12.415163040161133,0.5947390198707581,-11.82042407989502
2026-08-04T04:57:22.456000-04:00,12.37845230102539,0.5406081080436707,-11.837843894958496
2026-08-04T04:57:22.460000-04:00,12.351327896118164,0.5007405877113342,-11.850586891174316
2026-08-04T04:57:22.464000-04:00,12.322684288024902,0.45502740144729614,-11.867656707763672
2026-08-04T04:57:22.468000-04:00,12.310759544372559,0.41130173206329346,-11.899457931518555
2026-08-04T04:57:22.472000-04:00,12.287610054016113,0.36079511046409607,-11.926815032958984
2026-08-04T04:57:22.476000-04:00,12.271008491516113,0.3282931447029114,-11.942715644836426
2026-08-04T04:57:22.480000-04:00,12.249847412109375,0.3127436637878418,-11.937103271484375
2026-08-04T04:57:22.484000-04:00,12.231608390808105,0.27556514739990234,-11.956043243408203
2026-08-04T04:57:22.488000-04:00,12.228802680969238,0.24715517461299896,-11.981647491455078
2026-08-04T04:57:22.492000-04:00,12.227867126464844,0.22903357446193695,-11.998833656311035
2026-08-04T04:57:22.496000-04:00,12.217812538146973,0.21547161042690277,-12.002341270446777
2026-08-04T04:57:22.500000-04:00,12.198287963867188,0.19922062754631042,-11.999067306518555
2026-08-04T04:57:22.504000-04:00,12.193963050842285,0.183086559176445,-12.010876655578613
2026-08-04T04:57:22.508000-04:00,12.19548225402832,0.18098211288452148,-12.01449966430664
2026-08-04T04:57:22.512000-04:00,12.195950508117676,0.18565866351127625,-12.010292053222656
2026-08-04T04:57:22.516000-04:00,12.202964782714844,0.18086521327495575,-12.022099494934082
2026-08-04T04:57:22.520000-04:00,12.186012268066406,0.1605222523212433,-12.025489807128906
2026-08-04T04:57:22.524000-04:00,12.185895919799805,0.16028842329978943,-12.025607109069824
2026-08-04T04:57:22.528000-04:00,12.181570053100586,0.15549497306346893,-12.02607536315918
2026-08-04T04:57:22.532000-04:00,12.190455436706543,0.15607954561710358,-12.03437614440918
2026-08-04T04:57:22.536000-04:00,12.184258460998535,0.15479348599910736,-12.029464721679688
2026-08-04T04:57:22.540000-04:00,12.176542282104492,0.14918164908885956,-12.027360916137695
2026-08-04T04:57:22.544000-04:00,12.173736572265625,0.145791158080101,-12.027945518493652
2026-08-04T04:57:22.548000-04:00,12.184375762939453,0.1433359682559967,-12.04103946685791
2026-08-04T04:57:22.552000-04:00,12.183440208435059,0.1545596718788147,-12.02888011932373
2026-08-04T04:57:22.556000-04:00,12.177711486816406,0.15268905460834503,-12.025022506713867
2026-08-04T04:57:22.560000-04:00,12.179231643676758,0.15233831107616425,-12.026893615722656
2026-08-04T04:57:22.564000-04:00,12.174087524414062,0.14953237771987915,-12.024555206298828
2026-08-04T04:57:22.568000-04:00,12.172333717346191,0.16028842329978943,-12.012044906616211
2026-08-04T04:57:22.572000-04:00,12.185311317443848,0.16566644608974457,-12.019644737243652
2026-08-04T04:57:22.576000-04:00,12.174087524414062,0.1626266986131668,-12.01146125793457
2026-08-04T04:57:22.580000-04:00,12.177828788757324,0.17852693796157837,-11.99930191040039
2026-08-04T04:57:22.584000-04:00,12.17104721069336,0.18098211288452148,-11.99006462097168
2026-08-04T04:57:22.588000-04:00,12.173385620117188,0.1915043294429779,-11.981881141662598
2026-08-04T04:57:22.592000-04:00,12.190689086914062,0.194310262799263,-11.996378898620605
2026-08-04T04:57:22.596000-04:00,12.183206558227539,0.1923227310180664,-11.990883827209473
2026-08-04T04:57:22.600000-04:00,12.180167198181152,0.20331260561943054,-11.97685432434082
2026-08-04T04:57:22.604000-04:00,12.172216415405273,0.19536247849464417,-11.97685432434082
2026-08-04T04:57:22.608000-04:00,12.183089256286621,0.20483247935771942,-11.978257179260254
2026-08-04T04:57:22.612000-04:00,12.19711971282959,0.22131727635860443,-11.975802421569824
2026-08-04T04:57:22.616000-04:00,12.201679229736328,0.22388938069343567,-11.977789878845215
2026-08-04T04:57:22.620000-04:00,12.189753532409668,0.2240062952041626,-11.965746879577637
2026-08-04T04:57:22.624000-04:00,12.193143844604492,0.21827752888202667,-11.974865913391113
2026-08-04T04:57:22.628000-04:00,12.198638916015625,0.21816061437129974,-11.980478286743164
2026-08-04T04:57:22.632000-04:00,12.208927154541016,0.22424012422561646,-11.984686851501465
2026-08-04T04:57:22.636000-04:00,12.207524299621582,0.23815283179283142,-11.969371795654297
2026-08-04T04:57:22.640000-04:00,12.20740795135498,0.24703826010227203,-11.960370063781738
2026-08-04T04:57:22.644000-04:00,12.200860023498535,0.24937652051448822,-11.951483726501465
2026-08-04T04:57:22.648000-04:00,12.200392723083496,0.23371011018753052,-11.966682434082031
2026-08-04T04:57:22.652000-04:00,12.213019371032715,0.2413094937801361,-11.971710205078125
2026-08-04T04:57:22.656000-04:00,12.20401668548584,0.237217515707016,-11.966798782348633
2026-08-04T04:57:22.660000-04:00,12.211265563964844,0.2352299839258194,-11.976035118103027
2026-08-04T04:57:22.664000-04:00,12.202731132507324,0.21570543944835663,-11.987025260925293
2026-08-04T04:57:22.668000-04:00,12.196768760681152,0.2116134613752365,-11.98515510559082
2026-08-04T04:57:22.672000-04:00,12.210798263549805,0.22950123250484467,-11.981297492980957
2026-08-04T04:57:22.676000-04:00,12.209511756896973,0.22540925443172455,-11.984102249145508
2026-08-04T04:57:22.680000-04:00,12.20565414428711,0.22540925443172455,-11.980244636535645
2026-08-04T04:57:22.684000-04:00,12.199223518371582,0.2312549352645874,-11.967968940734863
2026-08-04T04:57:22.688000-04:00,12.201679229736328,0.22178493440151215,-11.979894638061523
2026-08-04T04:57:22.692000-04:00,12.196184158325195,0.21208111941814423,-11.984103202819824
2026-08-04T04:57:22.696000-04:00,12.210914611816406,0.22295406460762024,-11.987960815429688
2026-08-04T04:57:22.700000-04:00,12.198405265808105,0.20249420404434204,-11.99591064453125
2026-08-04T04:57:22.704000-04:00,12.199808120727539,0.20506630837917328,-11.994741439819336
2026-08-04T04:57:22.708000-04:00,12.198872566223145,0.1966485232114792,-12.00222396850586
2026-08-04T04:57:22.712000-04:00,12.1993408203125,0.20214346051216125,-11.997197151184082
2026-08-04T04:57:22.716000-04:00,12.194781303405762,0.20202654600143433,-11.992754936218262
2026-08-04T04:57:22.720000-04:00,12.1952486038208,0.17817619442939758,-12.017072677612305
2026-08-04T04:57:22.724000-04:00,12.191156387329102,0.16788780689239502,-12.023268699645996
2026-08-04T04:57:22.728000-04:00,12.19302749633789,0.177474707365036,-12.015552520751953
2026-08-04T04:57:22.732000-04:00,12.199808120727539,0.17408421635627747,-12.025723457336426
2026-08-04T04:57:22.736000-04:00,12.193612098693848,0.17537027597427368,-12.018241882324219
2026-08-04T04:57:22.740000-04:00,12.183206558227539,0.15549497306346893,-12.027711868286133
2026-08-04T04:57:22.744000-04:00,12.180049896240234,0.15432584285736084,-12.025724411010742
2026-08-04T04:57:22.748000-04:00,12.179465293884277,0.16426348686218262,-12.015201568603516
2026-08-04T04:57:22.752000-04:00,12.177828788757324,0.155378058552742,-12.02245044708252
2026-08-04T04:57:22.756000-04:00,12.182621955871582,0.1637958288192749,-12.018826484680176
2026-08-04T04:57:22.760000-04:00,12.182621955871582,0.1677708923816681,-12.014850616455078
2026-08-04T04:57:22.764000-04:00,12.175139427185059,0.15911929309368134,-12.016019821166992
2026-08-04T04:57:22.768000-04:00,12.183673858642578,0.155378058552742,-12.028295516967773
2026-08-04T04:57:22.772000-04:00,12.194313049316406,0.15444275736808777,-12.039870262145996
2026-08-04T04:57:22.776000-04:00,12.186245918273926,0.15888546407222748,-12.027360916137695
2026-08-04T04:57:22.780000-04:00,12.19127368927002,0.16473114490509033,-12.026542663574219
2026-08-04T04:57:22.784000-04:00,12.172918319702148,0.14836324751377106,-12.024555206298828
2026-08-04T04:57:22.788000-04:00,12.180634498596191,0.16800472140312195,-12.012629508972168
2026-08-04T04:57:22.792000-04:00,12.184258460998535,0.16788780689239502,-12.01637077331543
2026-08-04T04:57:22.796000-04:00,12.187065124511719,0.17291508615016937,-12.01414966583252
2026-08-04T04:57:22.800000-04:00,12.177595138549805,0.1537412703037262,-12.02385425567627
2026-08-04T04:57:22.804000-04:00,12.17104721069336,0.15268905460834503,-12.01835823059082
2026-08-04T04:57:22.808000-04:00,12.186129570007324,0.15502731502056122,-12.031102180480957
2026-08-04T04:57:22.812000-04:00,12.189637184143066,0.15000003576278687,-12.039637565612793
2026-08-04T04:57:22.816000-04:00,12.188584327697754,0.1561964601278305,-12.032387733459473
2026-08-04T04:57:22.820000-04:00,12.1786470413208,0.1593531221151352,-12.019293785095215
2026-08-04T04:57:22.824000-04:00,12.178178787231445,0.16227595508098602,-12.015902519226074
2026-08-04T04:57:22.828000-04:00,12.180868148803711,0.16028842329978943,-12.02057933807373
2026-08-04T04:57:22.832000-04:00,12.189168930053711,0.16391274333000183,-12.025256156921387
2026-08-04T04:57:22.836000-04:00,12.174905776977539,0.13222917914390564,-12.04267692565918
2026-08-04T04:57:22.840000-04:00,12.171982765197754,0.15432584285736084,-12.017657279968262
2026-08-04T04:57:22.844000-04:00,12.169059753417969,0.14707720279693604,-12.021982192993164
2026-08-04T04:57:22.848000-04:00,12.179698944091797,0.16005459427833557,-12.019644737243652
2026-08-04T04:57:22.852000-04:00,12.184142112731934,0.14953237771987915,-12.0346097946167
2026-08-04T04:57:22.856000-04:00,12.177477836608887,0.14356979727745056,-12.033907890319824
2026-08-04T04:57:22.860000-04:00,12.174788475036621,0.1533905267715454,-12.021397590637207
2026-08-04T04:57:22.864000-04:00,12.180868148803711,0.15268905460834503,-12.028179168701172
2026-08-04T04:57:22.868000-04:00,12.193378448486328,0.17069372534751892,-12.022685050964355
2026-08-04T04:57:22.872000-04:00,12.206472396850586,0.21769295632839203,-11.988779067993164
2026-08-04T04:57:22.876000-04:00,12.194781303405762,0.2088075429201126,-11.985973358154297
2026-08-04T04:57:22.880000-04:00,12.188233375549316,0.21827752888202667,-11.969955444335938
2026-08-04T04:57:22.884000-04:00,12.189519882202148,0.22622765600681305,-11.963292121887207
2026-08-04T04:57:22.888000-04:00,12.204601287841797,0.24551838636398315,-11.95908260345459
2026-08-04T04:57:22.892000-04:00,12.20962905883789,0.2911146581172943,-11.918514251708984
2026-08-04T04:57:22.896000-04:00,12.205303192138672,0.32010918855667114,-11.885193824768066
2026-08-04T04:57:22.900000-04:00,12.175373077392578,0.3155495822429657,-11.859823226928711
2026-08-04T04:57:22.904000-04:00,12.172450065612793,0.28959476947784424,-11.882855415344238
2026-08-04T04:57:22.908000-04:00,12.174554824829102,0.3099377155303955,-11.864617347717285
2026-08-04T04:57:22.912000-04:00,12.180517196655273,0.3026890754699707,-11.877828598022461
2026-08-04T04:57:22.916000-04:00,12.194313049316406,0.30537810921669006,-11.888935089111328
2026-08-04T04:57:22.920000-04:00,12.204601287841797,0.2798909544944763,-11.924710273742676
2026-08-04T04:57:22.924000-04:00,12.203082084655762,0.26434144377708435,-11.938740730285645
2026-08-04T04:57:22.928000-04:00,12.19571590423584,0.22891665995121002,-11.966798782348633
2026-08-04T04:57:22.932000-04:00,12.200159072875977,0.21862827241420746,-11.981531143188477
2026-08-04T04:57:22.936000-04:00,12.19711971282959,0.21628999710083008,-11.980829238891602
2026-08-04T04:57:22.940000-04:00,12.18496036529541,0.18554174900054932,-11.999418258666992
2026-08-04T04:57:22.944000-04:00,12.17934799194336,0.170576810836792,-12.008770942687988
2026-08-04T04:57:22.948000-04:00,12.169293403625488,0.1400623917579651,-12.029231071472168
2026-08-04T04:57:22.952000-04:00,12.161227226257324,0.13480128347873688,-12.026426315307617
2026-08-04T04:57:22.956000-04:00,12.15421199798584,0.11574438214302063,-12.038467407226562
2026-08-04T04:57:22.960000-04:00,12.14836597442627,0.11773190647363663,-12.030633926391602
2026-08-04T04:57:22.964000-04:00,12.145793914794922,0.11024944484233856,-12.035544395446777
2026-08-04T04:57:22.968000-04:00,12.148950576782227,0.10814499855041504,-12.04080581665039
2026-08-04T04:57:22.972000-04:00,12.15807056427002,0.09820735454559326,-12.059863090515137
2026-08-04T04:57:22.976000-04:00,12.151873588562012,0.09551834315061569,-12.056355476379395
2026-08-04T04:57:22.980000-04:00,12.142988204956055,0.10089636594057083,-12.042091369628906
2026-08-04T04:57:22.984000-04:00,12.139480590820312,0.08651600033044815,-12.052964210510254
2026-08-04T04:57:22.988000-04:00,12.13737678527832,0.08160563558340073,-12.055770874023438
2026-08-04T04:57:22.992000-04:00,12.148249626159668,0.08265785127878189,-12.065591812133789
2026-08-04T04:57:22.996000-04:00,12.142871856689453,0.0879189595580101,-12.054952621459961
