created_at,lead_1,lead_2,lead_3
2026-08-04T04:57:44-04:00,12.16450023651123,0.44216692447662354,-11.722332954406738
2026-08-04T04:57:44.004000-04:00,12.184258460998535,0.36675769090652466,-11.817501068115234
2026-08-04T04:57:44.008000-04:00,12.134804725646973,0.294271320104599,-11.840533256530762
2026-08-04T04:57:44.012000-04:00,12.136090278625488,0.19442717730998993,-11.941662788391113
2026-08-04T04:57:44.016000-04:00,12.143455505371094,0.21044433116912842,-11.933011054992676
2026-08-04T04:57:44.020000-04:00,12.147314071655273,0.16402965784072876,-11.983283996582031
2026-08-04T04:57:44.024000-04:00,12.138545989990234,0.14146535098552704,-11.99708080291748
2026-08-04T04:57:44.028000-04:00,12.134570121765137,0.10931413620710373,-12.025256156921387
2026-08-04T04:57:44.032000-04:00,12.154679298400879,0.11165240406990051,-12.0430269241333
2026-08-04T04:57:44.036000-04:00,12.151639938354492,0.1164458617568016,-12.035194396972656
2026-08-04T04:57:44.040000-04:00,12.142169952392578,0.1128215417265892,-12.029348373413086
2026-08-04T04:57:44.044000-04:00,12.142403602600098,0.12135622650384903,-12.021047592163086
2026-08-04T04:57:44.048000-04:00,12.144274711608887,0.11387376487255096,-12.030401229858398
2026-08-04T04:57:44.052000-04:00,12.158771514892578,0.11434141546487808,-12.044429779052734
2026-08-04T04:57:44.056000-04:00,12.16450023651123,0.13433362543582916,-12.030166625976562
2026-08-04T04:57:44.060000-04:00,12.16450023651123,0.1176149919629097,-12.04688549041748
2026-08-04T04:57:44.064000-04:00,12.159122467041016,0.12053783237934113,-12.03858470916748
2026-08-04T04:57:44.068000-04:00,12.158537864685059,0.12147314101457596,-12.037064552307129
2026-08-04T04:57:44.072000-04:00,12.168475151062012,0.14672645926475525,-12.021748542785645
2026-08-04T04:57:44.076000-04:00,12.18075180053711,0.16765397787094116,-12.013097763061523
2026-08-04T04:57:44.080000-04:00,12.169995307922363,0.155378058552742,-12.014616966247559
2026-08-04T04:57:44.084000-04:00,12.165552139282227,0.1710444688796997,-11.994507789611816
2026-08-04T04:57:44.088000-04:00,12.166487693786621,0.17092755436897278,-11.995559692382812
2026-08-04T04:57:44.092000-04:00,12.186363220214844,0.18764619529247284,-11.998717308044434
2026-08-04T04:57:44.096000-04:00,12.190571784973145,0.21336716413497925,-11.977204322814941
2026-08-04T04:57:44.100000-04:00,12.196535110473633,0.22307097911834717,-11.973464012145996
2026-08-04T04:57:44.104000-04:00,12.19711971282959,0.2299688756465912,-11.967150688171387
2026-08-04T04:57:44.108000-04:00,12.206005096435547,0.2385035753250122,-11.967501640319824
2026-08-04T04:57:44.112000-04:00,12.215825080871582,0.2561575174331665,-11.959667205810547
2026-08-04T04:57:44.116000-04:00,12.223658561706543,0.25954800844192505,-11.964110374450684
2026-08-04T04:57:44.120000-04:00,12.230673789978027,0.2929852604866028,-11.937688827514648
2026-08-04T04:57:44.124000-04:00,12.23277759552002,0.29497280716896057,-11.93780517578125
2026-08-04T04:57:44.128000-04:00,12.250665664672852,0.33589252829551697,-11.914772987365723
2026-08-04T04:57:44.132000-04:00,12.270307540893555,0.3455963432788849,-11.924711227416992
2026-08-04T04:57:44.136000-04:00,12.281881332397461,0.36465325951576233,-11.917227745056152
2026-08-04T04:57:44.140000-04:00,12.284102439880371,0.4005456864833832,-11.883556365966797
2026-08-04T04:57:44.144000-04:00,12.296379089355469,0.4162121117115021,-11.880167007446289
2026-08-04T04:57:44.148000-04:00,12.312162399291992,0.4556119740009308,-11.856550216674805
2026-08-04T04:57:44.152000-04:00,12.331920623779297,0.47548726201057434,-11.856432914733887
2026-08-04T04:57:44.156000-04:00,12.356940269470215,0.5086907148361206,-11.848249435424805
2026-08-04T04:57:44.160000-04:00,12.35986328125,0.5349962115287781,-11.824867248535156
2026-08-04T04:57:44.164000-04:00,12.389558792114258,0.5893610119819641,-11.80019760131836
2026-08-04T04:57:44.168000-04:00,12.398093223571777,0.6163680553436279,-11.78172492980957
2026-08-04T04:57:44.172000-04:00,12.407797813415527,0.6302807331085205,-11.777517318725586
2026-08-04T04:57:44.176000-04:00,12.429309844970703,0.6669915914535522,-11.76231861114502
2026-08-04T04:57:44.180000-04:00,12.443690299987793,0.6751755475997925,-11.768514633178711
2026-08-04T04:57:44.184000-04:00,12.448132514953613,0.7252145409584045,-11.722917556762695
2026-08-04T04:57:44.188000-04:00,12.449419021606445,0.7428684830665588,-11.706550598144531
2026-08-04T04:57:44.192000-04:00,12.46333122253418,0.7632114291191101,-11.700119972229004
2026-08-04T04:57:44.196000-04:00,12.468826293945312,0.7655496597290039,-11.703276634216309
2026-08-04T04:57:44.200000-04:00,12.464617729187012,0.7554951310157776,-11.709122657775879
2026-08-04T04:57:44.204000-04:00,12.434921264648438,0.7428684830665588,-11.692052841186523
2026-08-04T04:57:44.208000-04:00,12.431180000305176,0.7189012169837952,-11.712278366088867
2026-08-04T04:57:44.212000-04:00,12.422761917114258,0.7055730819702148,-11.717188835144043
2026-08-04T04:57:44.216000-04:00,12.425684928894043,0.693414032459259,-11.732271194458008
2026-08-04T04:57:44.220000-04:00,12.388155937194824,0.6349573135375977,-11.753198623657227
2026-08-04T04:57:44.224000-04:00,12.349340438842773,0.5740453600883484,-11.77529525756836
2026-08-04T04:57:44.228000-04:00,12.308303833007812,0.5029619336128235,-11.805341720581055
2026-08-04T04:57:44.232000-04:00,12.297080039978027,0.4585348069667816,-11.838544845581055
2026-08-04T04:57:44.236000-04:00,12.237571716308594,0.34267351031303406,-11.894898414611816
2026-08-04T04:57:44.240000-04:00,12.237571716308594,0.34267351031303406,-11.894898414611816
2026-08-04T04:57:44.244000-04:00,12.21816349029541,0.3206937611103058,-11.897469520568848
2026-08-04T04:57:44.248000-04:00,12.201094627380371,0.27123934030532837,-11.929855346679688
2026-08-04T04:57:44.252000-04:00,12.18519401550293,0.2279813587665558,-11.957212448120117
2026-08-04T04:57:44.256000-04:00,12.178413391113281,0.21173037588596344,-11.966683387756348
2026-08-04T04:57:44.260000-04:00,12.14567756652832,0.15724867582321167,-11.988429069519043
2026-08-04T04:57:44.264000-04:00,12.138662338256836,0.1445050984621048,-11.994156837463379
2026-08-04T04:57:44.268000-04:00,12.118670463562012,0.1055729016661644,-12.013097763061523
2026-08-04T04:57:44.272000-04:00,12.118553161621094,0.08850353211164474,-12.030049324035645
2026-08-04T04:57:44.276000-04:00,12.124281883239746,0.08195637166500092,-12.042325973510742
2026-08-04T04:57:44.280000-04:00,12.113292694091797,0.07236946374177933,-12.040923118591309
2026-08-04T04:57:44.284000-04:00,12.10276985168457,0.06406860798597336,-12.038701057434082
2026-08-04T04:57:44.288000-04:00,12.098794937133789,0.05237725377082825,-12.046417236328125
2026-08-04T04:57:44.292000-04:00,12.097976684570312,0.04127047210931778,-12.056706428527832
2026-08-04T04:57:44.296000-04:00,12.097743034362793,0.035074055194854736,-12.062668800354004
2026-08-04T04:57:44.300000-04:00,12.0844144821167,0.029812946915626526,-12.054601669311523
2026-08-04T04:57:44.304000-04:00,12.086285591125488,0.024902578443288803,-12.061383247375488
2026-08-04T04:57:44.308000-04:00,12.077282905578613,0.007482464890927076,-12.06980037689209
2026-08-04T04:57:44.312000-04:00,12.095287322998047,0.015315670520067215,-12.079971313476562
2026-08-04T04:57:44.316000-04:00,12.0927152633667,0.007131724152714014,-12.085583686828613
2026-08-04T04:57:44.320000-04:00,12.073541641235352,0.007131724152714014,-12.066410064697266
2026-08-04T04:57:44.324000-04:00,12.079153060913086,0.005494934972375631,-12.073657989501953
2026-08-04T04:57:44.328000-04:00,12.070384979248047,-0.003624318866059184,-12.07400894165039
2026-08-04T04:57:44.332000-04:00,12.087688446044922,-0.007365551311522722,-12.095053672790527
2026-08-04T04:57:44.336000-04:00,12.081375122070312,0.025720972567796707,-12.055654525756836
2026-08-04T04:57:44.340000-04:00,12.072839736938477,0.04571318253874779,-12.02712631225586
2026-08-04T04:57:44.344000-04:00,12.074126243591309,0.030046772211790085,-12.044079780578613
2026-08-04T04:57:44.348000-04:00,12.078452110290527,0.028526896610856056,-12.049924850463867
2026-08-04T04:57:44.352000-04:00,12.08640193939209,0.019641470164060593,-12.066760063171387
2026-08-04T04:57:44.356000-04:00,12.094001770019531,0.04688232019543648,-12.047119140625
2026-08-04T04:57:44.360000-04:00,12.093183517456055,0.066640704870224,-12.026542663574219
2026-08-04T04:57:44.364000-04:00,12.087571144104004,0.06558848172426224,-12.021982192993164
2026-08-04T04:57:44.368000-04:00,12.077282905578613,0.04664849117398262,-12.030634880065918
2026-08-04T04:57:44.372000-04:00,12.080790519714355,0.04489478841423988,-12.035895347595215
2026-08-04T04:57:44.376000-04:00,12.104874610900879,0.06558848172426224,-12.039285659790039
2026-08-04T04:57:44.380000-04:00,12.090376853942871,0.06816057860851288,-12.022215843200684
2026-08-04T04:57:44.384000-04:00,12.093884468078613,0.07798131555318832,-12.01590347290039
2026-08-04T04:57:44.388000-04:00,12.101834297180176,0.0842946469783783,-12.017539978027344
2026-08-04T04:57:44.392000-04:00,12.093066215515137,0.07985193282365799,-12.013214111328125
2026-08-04T04:57:44.396000-04:00,12.117734909057617,0.07412316650152206,-12.043611526489258
2026-08-04T04:57:44.400000-04:00,12.108147621154785,0.06418552249670029,-12.043962478637695
2026-08-04T04:57:44.404000-04:00,12.09493637084961,0.05354638770222664,-12.041390419006348
2026-08-04T04:57:44.408000-04:00,12.09470272064209,0.07926736027002335,-12.015435218811035
2026-08-04T04:57:44.412000-04:00,12.101366996765137,0.0795011892914772,-12.021865844726562
2026-08-04T04:57:44.416000-04:00,12.110954284667969,0.06827749311923981,-12.04267692565918
2026-08-04T04:57:44.420000-04:00,12.104172706604004,0.06570539623498917,-12.038467407226562
2026-08-04T04:57:44.424000-04:00,12.105575561523438,0.08838661760091782,-12.017189025878906
2026-08-04T04:57:44.428000-04:00,12.105692863464355,0.07552613317966461,-12.030166625976562
2026-08-04T04:57:44.432000-04:00,12.097743034362793,0.05693688243627548,-12.04080581665039
2026-08-04T04:57:44.436000-04:00,12.106277465820312,0.07073267549276352,-12.035544395446777
2026-08-04T04:57:44.440000-04:00,12.09856128692627,0.0814887210726738,-12.017072677612305
2026-08-04T04:57:44.444000-04:00,12.100666046142578,0.07038193196058273,-12.03028392791748
2026-08-04T04:57:44.448000-04:00,12.102302551269531,0.07447391003370285,-12.027828216552734
2026-08-04T04:57:44.452000-04:00,12.110018730163574,0.07763057202100754,-12.032387733459473
2026-08-04T04:57:44.456000-04:00,12.106277465820312,0.06523773819208145,-12.04103946685791
2026-08-04T04:57:44.460000-04:00,12.107797622680664,0.05705379322171211,-12.05074405670166
2026-08-04T04:57:44.464000-04:00,12.10686206817627,0.051208119839429855,-12.05565357208252
2026-08-04T04:57:44.468000-04:00,12.099028587341309,0.028994550928473473,-12.07003402709961
2026-08-04T04:57:44.472000-04:00,12.097392082214355,0.030982080847024918,-12.066410064697266
2026-08-04T04:57:44.476000-04:00,12.103354454040527,0.014964929781854153,-12.08838939666748
2026-08-04T04:57:44.480000-04:00,12.108264923095703,0.025487145408988,-12.082777976989746
2026-08-04T04:57:44.484000-04:00,12.08663558959961,0.01601715199649334,-12.070618629455566
2026-08-04T04:57:44.488000-04:00,12.092130661010742,0.01613406464457512,-12.075996398925781
2026-08-04T04:57:44.492000-04:00,12.103471755981445,0.04489478841423988,-12.058576583862305
2026-08-04T04:57:44.496000-04:00,12.097625732421875,0.026188626885414124,-12.071436882019043
2026-08-04T04:57:44.500000-04:00,12.087804794311523,0.02665628120303154,-12.061148643493652
2026-08-04T04:57:44.504000-04:00,12.089909553527832,-0.013795794919133186,-12.103705406188965
2026-08-04T04:57:44.508000-04:00,12.087688446044922,0.00023382702784147114,-12.087454795837402
2026-08-04T04:57:44.512000-04:00,12.099145889282227,0.017653940245509148,-12.08149242401123
2026-08-04T04:57:44.516000-04:00,12.09423542022705,0.01847233437001705,-12.075762748718262
2026-08-04T04:57:44.520000-04:00,12.087454795837402,0.01613406464457512,-12.071320533752441
2026-08-04T04:57:44.524000-04:00,12.07786750793457,0.0016367891803383827,-12.076231002807617
2026-08-04T04:57:44.528000-04:00,12.076581001281738,0.0021044432651251554,-12.07447624206543
2026-08-04T04:57:44.532000-04:00,12.091196060180664,0.009119254536926746,-12.082077026367188
2026-08-04T04:57:44.536000-04:00,12.09470272064209,0.0021044432651251554,-12.092597961425781
2026-08-04T04:57:44.540000-04:00,12.09493637084961,0.015666410326957703,-12.079270362854004
2026-08-04T04:57:44.544000-04:00,12.093417167663574,0.006664070300757885,-12.086752891540527
2026-08-04T04:57:44.548000-04:00,12.090494155883789,-0.003039751434698701,-12.093533515930176
2026-08-04T04:57:44.552000-04:00,12.101951599121094,-0.010522216558456421,-12.112473487854004
2026-08-04T04:57:44.556000-04:00,12.11516284942627,0.00935308076441288,-12.105810165405273
2026-08-04T04:57:44.560000-04:00,12.108031272888184,0.06289947032928467,-12.04513168334961
2026-08-04T04:57:44.564000-04:00,12.103822708129883,0.07540921866893768,-12.028413772583008
2026-08-04T04:57:44.568000-04:00,12.103705406188965,0.07248637825250626,-12.031219482421875
2026-08-04T04:57:44.572000-04:00,12.103939056396484,0.07318785786628723,-12.03075122833252
2026-08-04T04:57:44.576000-04:00,12.110136032104492,0.0730709433555603,-12.037065505981445
2026-08-04T04:57:44.580000-04:00,12.104757308959961,0.10592364519834518,-11.998833656311035
2026-08-04T04:57:44.584000-04:00,12.094001770019531,0.14544041454792023,-11.948561668395996
2026-08-04T04:57:44.588000-04:00,12.076464653015137,0.16250978410243988,-11.913954734802246
2026-08-04T04:57:44.592000-04:00,12.07786750793457,0.16636793315410614,-11.911499977111816
2026-08-04T04:57:44.596000-04:00,12.082544326782227,0.16484805941581726,-11.917695999145508
2026-08-04T04:57:44.600000-04:00,12.080906867980957,0.1750195324420929,-11.905887603759766
2026-08-04T04:57:44.604000-04:00,12.076698303222656,0.15666410326957703,-11.920034408569336
2026-08-04T04:57:44.608000-04:00,12.110369682312012,0.13819177448749542,-11.972177505493164
2026-08-04T04:57:44.612000-04:00,12.131413459777832,0.12942326068878174,-12.00199031829834
2026-08-04T04:57:44.616000-04:00,12.126035690307617,0.09855809062719345,-12.027477264404297
2026-08-04T04:57:44.620000-04:00,12.088506698608398,0.04150429740548134,-12.047002792358398
2026-08-04T04:57:44.624000-04:00,12.098677635192871,0.06874514371156693,-12.029932022094727
2026-08-04T04:57:44.628000-04:00,12.084298133850098,0.043024174869060516,-12.041274070739746
2026-08-04T04:57:44.632000-04:00,12.101133346557617,0.014146534726023674,-12.086986541748047
2026-08-04T04:57:44.636000-04:00,12.091196060180664,-0.008885427378118038,-12.100081443786621
2026-08-04T04:57:44.640000-04:00,12.079972267150879,-0.028994550928473473,-12.108966827392578
2026-08-04T04:57:44.644000-04:00,12.071086883544922,-0.039399854838848114,-12.11048698425293
2026-08-04T04:57:44.648000-04:00,12.061616897583008,-0.04243960604071617,-12.104056358337402
2026-08-04T04:57:44.652000-04:00,12.065123558044434,-0.06897897273302078,-12.134102821350098
2026-08-04T04:57:44.656000-04:00,12.074243545532227,-0.056469228118658066,-12.130712509155273
2026-08-04T04:57:44.660000-04:00,12.063136100769043,-0.07014811038970947,-12.133284568786621
2026-08-04T04:57:44.664000-04:00,12.058810234069824,-0.08733439445495605,-12.14614486694336
2026-08-04T04:57:44.668000-04:00,12.058693885803223,-0.07330477237701416,-12.131999015808105
2026-08-04T04:57:44.672000-04:00,12.065123558044434,-0.08078724145889282,-12.14591121673584
2026-08-04T04:57:44.676000-04:00,12.05927848815918,-0.08581452071666718,-12.145092964172363
2026-08-04T04:57:44.680000-04:00,12.049924850463867,-0.09037414938211441,-12.140298843383789
2026-08-04T04:57:44.684000-04:00,12.03683090209961,-0.10370228439569473,-12.140533447265625
2026-08-04T04:57:44.688000-04:00,12.044780731201172,-0.11305537074804306,-12.157835960388184
2026-08-04T04:57:44.692000-04:00,12.04934024810791,-0.10253315418958664,-12.151873588562012
2026-08-04T04:57:44.696000-04:00,12.039753913879395,-0.09399846196174622,-12.133752822875977
2026-08-04T04:57:44.700000-04:00,12.017657279968262,-0.09294624626636505,-12.110603332519531
2026-08-04T04:57:44.704000-04:00,11.987025260925293,-0.031332820653915405,-12.01835823059082
2026-08-04T04:57:44.708000-04:00,12.015435218811035,-0.02010912448167801,-12.035544395446777
2026-08-04T04:57:44.712000-04:00,12.0927152633667,-0.03706158325076103,-12.129776954650879
2026-08-04T04:57:44.716000-04:00,12.195014953613281,0.03484022617340088,-12.160174369812012
2026-08-04T04:57:44.720000-04:00,12.358927726745605,0.259664922952652,-12.099263191223145
2026-08-04T04:57:44.724000-04:00,12.398093223571777,0.7336323261260986,-11.664461135864258
2026-08-04T04:57:44.728000-04:00,12.309005737304688,1.2480517625808716,-11.060954093933105
2026-08-04T04:57:44.732000-04:00,12.241780281066895,2.009509563446045,-10.232271194458008
2026-08-04T04:57:44.736000-04:00,12.16835880279541,2.2948954105377197,-9.87346363067627
2026-08-04T04:57:44.740000-04:00,12.105459213256836,2.32377290725708,-9.781686782836914
2026-08-04T04:57:44.744000-04:00,12.050509452819824,2.1391665935516357,-9.91134262084961
2026-08-04T04:57:44.748000-04:00,12.034375190734863,1.4628218412399292,-10.571553230285645
2026-08-04T04:57:44.752000-04:00,12.05518627166748,1.0975840091705322,-10.957602500915527
2026-08-04T04:57:44.756000-04:00,12.077516555786133,0.4517538249492645,-11.625762939453125
2026-08-04T04:57:44.760000-04:00,12.153627395629883,0.32338276505470276,-11.830245018005371
2026-08-04T04:57:44.764000-04:00,12.155732154846191,0.2770850360393524,-11.878646850585938
2026-08-04T04:57:44.768000-04:00,12.107095718383789,0.1814497709274292,-11.92564582824707
2026-08-04T04:57:44.772000-04:00,12.123347282409668,0.12579894065856934,-11.99754810333252
2026-08-04T04:57:44.776000-04:00,12.136207580566406,0.09177710860967636,-12.04443073272705
2026-08-04T04:57:44.780000-04:00,12.144975662231445,0.07564304023981094,-12.06933307647705
2026-08-04T04:57:44.784000-04:00,12.12545108795166,0.0417381227016449,-12.083712577819824
2026-08-04T04:57:44.788000-04:00,12.12743854522705,0.03180047497153282,-12.095638275146484
2026-08-04T04:57:44.792000-04:00,12.133869171142578,0.024434924125671387,-12.109434127807617
2026-08-04T04:57:44.796000-04:00,12.127789497375488,0.027591589838266373,-12.100197792053223
2026-08-04T04:57:44.800000-04:00,12.128607749938965,0.019056903198361397,-12.109550476074219
2026-08-04T04:57:44.804000-04:00,12.130244255065918,0.027357762679457664,-12.102886199951172
2026-08-04T04:57:44.808000-04:00,12.11937141418457,0.011457524262368679,-12.107913970947266
2026-08-04T04:57:44.812000-04:00,12.138195037841797,0.02665628120303154,-12.111538887023926
2026-08-04T04:57:44.816000-04:00,12.140416145324707,0.03460640087723732,-12.105810165405273
2026-08-04T04:57:44.820000-04:00,12.149886131286621,0.028643811121582985,-12.12124252319336
2026-08-04T04:57:44.824000-04:00,12.140883445739746,0.018355421721935272,-12.122528076171875
2026-08-04T04:57:44.828000-04:00,12.157017707824707,0.03869837149977684,-12.118319511413574
2026-08-04T04:57:44.832000-04:00,12.17057991027832,0.06710835546255112,-12.103471755981445
2026-08-04T04:57:44.836000-04:00,12.167656898498535,0.07038193196058273,-12.097274780273438
2026-08-04T04:57:44.840000-04:00,12.164617538452148,0.07961810380220413,-12.084999084472656
2026-08-04T04:57:44.844000-04:00,12.165202140808105,0.08967266231775284,-12.075529098510742
2026-08-04T04:57:44.848000-04:00,12.182388305664062,0.10113018751144409,-12.081257820129395
2026-08-04T04:57:44.852000-04:00,12.194430351257324,0.10148093104362488,-12.092949867248535
2026-08-04T04:57:44.856000-04:00,12.185661315917969,0.1111847534775734,-12.07447624206543
2026-08-04T04:57:44.860000-04:00,12.18297290802002,0.11410758644342422,-12.068865776062012
2026-08-04T04:57:44.864000-04:00,12.185544967651367,0.12813721597194672,-12.05740737915039
2026-08-04T04:57:44.868000-04:00,12.188233375549316,0.14111460745334625,-12.047119140625
2026-08-04T04:57:44.872000-04:00,12.201210975646973,0.15666410326957703,-12.044547080993652
2026-08-04T04:57:44.876000-04:00,12.210798263549805,0.16005459427833557,-12.05074405670166
2026-08-04T04:57:44.880000-04:00,12.214071273803711,0.17525336146354675,-12.038818359375
2026-08-04T04:57:44.884000-04:00,12.227984428405762,0.22178493440151215,-12.006199836730957
2026-08-04T04:57:44.888000-04:00,12.245404243469238,0.23219023644924164,-12.013214111328125
2026-08-04T04:57:44.892000-04:00,12.270892143249512,0.26878416538238525,-12.002107620239258
2026-08-04T04:57:44.896000-04:00,12.271242141723633,0.2805924415588379,-11.990650177001953
2026-08-04T04:57:44.900000-04:00,12.291000366210938,0.29602500796318054,-11.994975090026855
2026-08-04T04:57:44.904000-04:00,12.298600196838379,0.31847241520881653,-11.980127334594727
2026-08-04T04:57:44.908000-04:00,12.31941032409668,0.34828534722328186,-11.971124649047852
2026-08-04T04:57:44.912000-04:00,12.349808692932129,0.38593152165412903,-11.963876724243164
2026-08-04T04:57:44.916000-04:00,12.357992172241211,0.41293853521347046,-11.945054054260254
2026-08-04T04:57:44.920000-04:00,12.37891960144043,0.4512861669063568,-11.927633285522461
2026-08-04T04:57:44.924000-04:00,12.384063720703125,0.47911158204078674,-11.904952049255371
2026-08-04T04:57:44.928000-04:00,12.401249885559082,0.5016759037971497,-11.899574279785156
2026-08-04T04:57:44.932000-04:00,12.427556037902832,0.5396727919578552,-11.887883186340332
2026-08-04T04:57:44.936000-04:00,12.447196960449219,0.5757990479469299,-11.871397972106934
2026-08-04T04:57:44.940000-04:00,12.446378707885742,0.6016369462013245,-11.844741821289062
2026-08-04T04:57:44.944000-04:00,12.451640129089355,0.6127437353134155,-11.838896751403809
2026-08-04T04:57:44.948000-04:00,12.455732345581055,0.6196416020393372,-11.836091041564941
2026-08-04T04:57:44.952000-04:00,12.476893424987793,0.6349573135375977,-11.841936111450195
2026-08-04T04:57:44.956000-04:00,12.476075172424316,0.6494545936584473,-11.826620101928711
2026-08-04T04:57:44.960000-04:00,12.461928367614746,0.6457133293151855,-11.816215515136719
2026-08-04T04:57:44.964000-04:00,12.44871711730957,0.6517928242683411,-11.796924591064453
2026-08-04T04:57:44.968000-04:00,12.435856819152832,0.6153157949447632,-11.820541381835938
2026-08-04T04:57:44.972000-04:00,12.433869361877441,0.5897117853164673,-11.844157218933105
2026-08-04T04:57:44.976000-04:00,12.414111137390137,0.5613017678260803,-11.852808952331543
2026-08-04T04:57:44.980000-04:00,12.374242782592773,0.5083399415016174,-11.8659029006958
2026-08-04T04:57:44.984000-04:00,12.333206176757812,0.4657834470272064,-11.867423057556152
2026-08-04T04:57:44.988000-04:00,12.322216987609863,0.4255651831626892,-11.896652221679688
2026-08-04T04:57:44.992000-04:00,12.296846389770508,0.3653547167778015,-11.93149185180664
2026-08-04T04:57:44.996000-04:00,12.270190238952637,0.3132112920284271,-11.956978797912598
2026-08-04T04:57:45-04:00,12.24692440032959,0.26679664850234985,-11.980127334594727
2026-08-04T04:57:45.004000-04:00,12.216994285583496,0.2307872772216797,-11.986207008361816
2026-08-04T04:57:45.008000-04:00,12.196535110473633,0.19010137021541595,-12.006433486938477
2026-08-04T04:57:45.012000-04:00,12.178178787231445,0.1352689415216446,-12.042909622192383
2026-08-04T04:57:45.016000-04:00,12.170112609863281,0.11188623309135437,-12.058226585388184
2026-08-04T04:57:45.020000-04:00,12.134453773498535,0.05869058519601822,-12.075762748718262
2026-08-04T04:57:45.024000-04:00,12.12907600402832,0.023616530001163483,-12.105459213256836
2026-08-04T04:57:45.028000-04:00,12.12346363067627,0.029929859563708305,-12.093533515930176
2026-08-04T04:57:45.032000-04:00,12.116332054138184,0.01204209215939045,-12.104290008544922
2026-08-04T04:57:45.036000-04:00,12.10662841796875,-0.0038581460248678923,-12.11048698425293
2026-08-04T04:57:45.040000-04:00,12.087103843688965,-0.03343726322054863,-12.1205415725708
2026-08-04T04:57:45.044000-04:00,12.084765434265137,-0.03343726322054863,-12.118203163146973
2026-08-04T04:57:45.048000-04:00,12.08230972290039,-0.0545986108481884,-12.136908531188965
2026-08-04T04:57:45.052000-04:00,12.095989227294922,-0.03998441994190216,-12.135973930358887
2026-08-04T04:57:45.056000-04:00,12.084999084472656,-0.0417381227016449,-12.126737594604492
2026-08-04T04:57:45.060000-04:00,12.074710845947266,-0.05085738003253937,-12.125568389892578
2026-08-04T04:57:45.064000-04:00,12.06570816040039,-0.056586138904094696,-12.122294425964355
2026-08-04T04:57:45.068000-04:00,12.071671485900879,-0.05752144753932953,-12.129193305969238
2026-08-04T04:57:45.072000-04:00,12.08230972290039,-0.05366330221295357,-12.13597297668457
2026-08-04T04:57:45.076000-04:00,12.07833480834961,-0.05904132500290871,-12.137375831604004
2026-08-04T04:57:45.080000-04:00,12.071436882019043,-0.0545986108481884,-12.126035690307617
2026-08-04T04:57:45.084000-04:00,12.07365894317627,-0.04828527942299843,-12.121944427490234
2026-08-04T04:57:45.088000-04:00,12.070267677307129,-0.05892441049218178,-12.129192352294922
2026-08-04T04:57:45.092000-04:00,12.074359893798828,-0.047233060002326965,-12.12159252166748
2026-08-04T04:57:45.096000-04:00,12.077165603637695,-0.05681996792554855,-12.13398551940918
2026-08-04T04:57:45.100000-04:00,12.079621315002441,-0.04103664308786392,-12.120657920837402
2026-08-04T04:57:45.104000-04:00,12.070151329040527,-0.04688232019543648,-12.117033958435059
2026-08-04T04:57:45.108000-04:00,12.060914993286133,-0.05448169633746147,-12.115396499633789
2026-08-04T04:57:45.112000-04:00,12.074243545532227,-0.04793453961610794,-12.122178077697754
2026-08-04T04:57:45.116000-04:00,12.079621315002441,-0.03437257185578346,-12.113993644714355
2026-08-04T04:57:45.120000-04:00,12.074126243591309,-0.03191738948225975,-12.106043815612793
2026-08-04T04:57:45.124000-04:00,12.064656257629395,-0.026305541396141052,-12.090961456298828
2026-08-04T04:57:45.128000-04:00,12.072021484375,-0.01870616152882576,-12.090727806091309
2026-08-04T04:57:45.132000-04:00,12.07810115814209,-0.017887767404317856,-12.095989227294922
2026-08-04T04:57:45.136000-04:00,12.08394718170166,-0.0019875296857208014,-12.08593463897705
2026-08-04T04:57:45.140000-04:00,12.084063529968262,0.0015198757173493505,-12.08254337310791
2026-08-04T04:57:45.144000-04:00,12.074593544006348,-0.003975059371441603,-12.078568458557129
2026-08-04T04:57:45.148000-04:00,12.081375122070312,-0.005494934972375631,-12.086870193481445
2026-08-04T04:57:45.152000-04:00,12.09248161315918,-0.0035074055194854736,-12.095989227294922
2026-08-04T04:57:45.156000-04:00,12.086752891540527,0.000584567547775805,-12.08616828918457
2026-08-04T04:57:45.160000-04:00,12.07810115814209,-0.001870616222731769,-12.079971313476562
2026-08-04T04:57:45.164000-04:00,12.07833480834961,-0.00011691351392073557,-12.078452110290527
2026-08-04T04:57:45.168000-04:00,12.087804794311523,0.0010522216325625777,-12.086752891540527
2026-08-04T04:57:45.172000-04:00,12.091078758239746,0.004208886530250311,-12.086870193481445
2026-08-04T04:57:45.176000-04:00,12.09856128692627,0.013211227022111416,-12.085350036621094
2026-08-04T04:57:45.180000-04:00,12.092948913574219,0.0015198757173493505,-12.091428756713867
2026-08-04T04:57:45.184000-04:00,12.086870193481445,-0.00023382702784147114,-12.087103843688965
2026-08-04T04:57:45.188000-04:00,12.085232734680176,-0.004910367541015148,-12.090143203735352
2026-08-04T04:57:45.192000-04:00,12.097392082214355,0.007482464890927076,-12.089909553527832
2026-08-04T04:57:45.196000-04:00,12.095170974731445,-0.005027281120419502,-12.100197792053223
2026-08-04T04:57:45.200000-04:00,12.088623046875,-0.016718631610274315,-12.105341911315918
2026-08-04T04:57:45.204000-04:00,12.090376853942871,-0.011691351421177387,-12.102067947387695
2026-08-04T04:57:45.208000-04:00,12.08371353149414,-0.003975059371441603,-12.087688446044922
2026-08-04T04:57:45.212000-04:00,12.094001770019531,-0.003624318866059184,-12.097625732421875
2026-08-04T04:57:45.216000-04:00,12.09446907043457,0.0,-12.09446907043457
2026-08-04T04:57:45.220000-04:00,12.087804794311523,-0.012275919318199158,-12.100080490112305
2026-08-04T04:57:45.224000-04:00,12.0844144821167,-0.023148875683546066,-12.107563018798828
2026-08-04T04:57:45.228000-04:00,12.080205917358398,-0.020927518606185913,-12.101133346557617
2026-08-04T04:57:45.232000-04:00,12.080322265625,-0.029696032404899597,-12.110018730163574
2026-08-04T04:57:45.236000-04:00,12.075996398925781,-0.02805924415588379,-12.104055404663086
2026-08-04T04:57:45.240000-04:00,12.078218460083008,-0.03682775795459747,-12.115046501159668
2026-08-04T04:57:45.244000-04:00,12.068631172180176,-0.04372565448284149,-12.112357139587402
2026-08-04T04:57:45.248000-04:00,12.071671485900879,-0.04559627175331116,-12.117267608642578
2026-08-04T04:57:45.252000-04:00,12.07786750793457,-0.057989101856946945,-12.135856628417969
2026-08-04T04:57:45.256000-04:00,12.072256088256836,-0.0425565205514431,-12.114812850952148
2026-08-04T04:57:45.260000-04:00,12.071671485900879,-0.05833984166383743,-12.130011558532715
2026-08-04T04:57:45.264000-04:00,12.070384979248047,-0.06278255581855774,-12.133167266845703
2026-08-04T04:57:45.268000-04:00,12.070502281188965,-0.05717070773243904,-12.127673149108887
2026-08-04T04:57:45.272000-04:00,12.07786750793457,-0.06652379035949707,-12.144391059875488
2026-08-04T04:57:45.276000-04:00,12.078803062438965,-0.06722526997327805,-12.146028518676758
2026-08-04T04:57:45.280000-04:00,12.071671485900879,-0.07049884647130966,-12.142169952392578
2026-08-04T04:57:45.284000-04:00,12.06149959564209,-0.07552613317966461,-12.137025833129883
2026-08-04T04:57:45.288000-04:00,12.069917678833008,-0.07470773905515671,-12.144625663757324
2026-08-04T04:57:45.292000-04:00,12.07178783416748,-0.07482464611530304,-12.146612167358398
2026-08-04T04:57:45.296000-04:00,12.072723388671875,-0.06523773819208145,-12.137961387634277
2026-08-04T04:57:45.300000-04:00,12.063253402709961,-0.07236946374177933,-12.13562297821045
2026-08-04T04:57:45.304000-04:00,12.051094055175781,-0.07435699552297592,-12.12545108795166
2026-08-04T04:57:45.308000-04:00,12.056471824645996,-0.07926736027002335,-12.13573932647705
2026-08-04T04:57:45.312000-04:00,12.068397521972656,-0.07716292142868042,-12.145560264587402
2026-08-04T04:57:45.316000-04:00,12.060447692871094,-0.08406081795692444,-12.144508361816406
2026-08-04T04:57:45.320000-04:00,12.050275802612305,-0.09189402312040329,-12.142169952392578
2026-08-04T04:57:45.324000-04:00,12.048990249633789,-0.07494156062602997,-12.123931884765625
2026-08-04T04:57:45.328000-04:00,12.056471824645996,-0.0795011892914772,-12.13597297668457
2026-08-04T04:57:45.332000-04:00,12.062902450561523,-0.0862821713089943,-12.149184226989746
2026-08-04T04:57:45.336000-04:00,12.054835319519043,-0.08394390344619751,-12.138779640197754
2026-08-04T04:57:45.340000-04:00,12.054017066955566,-0.0758768692612648,-12.129894256591797
2026-08-04T04:57:45.344000-04:00,12.047821044921875,-0.09376464039087296,-12.141585350036621
2026-08-04T04:57:45.348000-04:00,12.053899765014648,-0.08242402970790863,-12.136323928833008
2026-08-04T04:57:45.352000-04:00,12.058225631713867,-0.06968045234680176,-12.12790584564209
2026-08-04T04:57:45.356000-04:00,12.059161186218262,-0.07038193196058273,-12.12954330444336
2026-08-04T04:57:45.360000-04:00,12.053666114807129,-0.08967266231775284,-12.143339157104492
2026-08-04T04:57:45.364000-04:00,12.046534538269043,-0.09294624626636505,-12.139480590820312
2026-08-04T04:57:45.368000-04:00,12.052146911621094,-0.07891662418842316,-12.131063461303711
2026-08-04T04:57:45.372000-04:00,12.056238174438477,-0.08756822347640991,-12.143806457519531
2026-08-04T04:57:45.376000-04:00,12.05927848815918,-0.09142636507749557,-12.150704383850098
2026-08-04T04:57:45.380000-04:00,12.047470092773438,-0.10370228439569473,-12.151172637939453
2026-08-04T04:57:45.384000-04:00,12.049223899841309,-0.09364772588014603,-12.142871856689453
2026-08-04T04:57:45.388000-04:00,12.050158500671387,-0.09224475920200348,-12.142403602600098
2026-08-04T04:57:45.392000-04:00,12.064305305480957,-0.0871005654335022,-12.151406288146973
2026-08-04T04:57:45.396000-04:00,12.078218460083008,-0.04045207425951958,-12.118670463562012
2026-08-04T04:57:45.400000-04:00,12.073307991027832,-0.0240841843187809,-12.097392082214355
2026-08-04T04:57:45.404000-04:00,12.063838005065918,-0.02817615680396557,-12.09201431274414
2026-08-04T04:57:45.408000-04:00,12.073541641235352,-0.011574437841773033,-12.085116386413574
2026-08-04T04:57:45.412000-04:00,12.089792251586914,-0.02279813587665558,-12.112590789794922
2026-08-04T04:57:45.416000-04:00,12.097158432006836,-0.009469994343817234,-12.10662841796875
2026-08-04T04:57:45.420000-04:00,12.095871925354004,0.05027281120419502,-12.045598983764648
2026-08-04T04:57:45.424000-04:00,12.049691200256348,0.07213563472032547,-11.977555274963379
2026-08-04T04:57:45.428000-04:00,12.046067237854004,0.08020266890525818,-11.965864181518555
2026-08-04T04:57:45.432000-04:00,12.047937393188477,0.061028853058815,-11.986908912658691
2026-08-04T04:57:45.436000-04:00,12.054368019104004,0.07716292142868042,-11.977205276489258
2026-08-04T04:57:45.440000-04:00,12.057524681091309,0.05997663363814354,-11.99754810333252
2026-08-04T04:57:45.444000-04:00,12.070502281188965,0.06687452644109726,-12.00362777709961
2026-08-04T04:57:45.448000-04:00,12.093066215515137,0.05904132500290871,-12.034025192260742
2026-08-04T04:57:45.452000-04:00,12.095404624938965,0.028994550928473473,-12.066410064697266
2026-08-04T04:57:45.456000-04:00,12.071086883544922,-0.016835546121001244,-12.087922096252441
2026-08-04T04:57:45.460000-04:00,12.06103229522705,-0.03355417773127556,-12.094586372375488
2026-08-04T04:57:45.464000-04:00,12.063019752502441,-0.043258000165224075,-12.106277465820312
2026-08-04T04:57:45.468000-04:00,12.056121826171875,-0.07342168688774109,-12.12954330444336
2026-08-04T04:57:45.472000-04:00,12.05927848815918,-0.08745130896568298,-12.146729469299316
2026-08-04T04:57:45.476000-04:00,12.031335830688477,-0.11176931858062744,-12.143105506896973
2026-08-04T04:57:45.480000-04:00,12.021632194519043,-0.13070930540561676,-12.152341842651367
2026-08-04T04:57:45.484000-04:00,12.011343955993652,-0.13959473371505737,-12.150938987731934
2026-08-04T04:57:45.488000-04:00,12.0263090133667,-0.12264227867126465,-12.148951530456543
2026-08-04T04:57:45.492000-04:00,12.03495979309082,-0.13725645840168,-12.172216415405273
2026-08-04T04:57:45.496000-04:00,12.024321556091309,-0.14356979727745056,-12.167891502380371
2026-08-04T04:57:45.500000-04:00,12.015786170959473,-0.15303978323936462,-12.16882610321045
2026-08-04T04:57:45.504000-04:00,12.013447761535645,-0.15596263110637665,-12.169410705566406
2026-08-04T04:57:45.508000-04:00,12.023268699645996,-0.1549104005098343,-12.178178787231445
2026-08-04T04:57:45.512000-04:00,12.019176483154297,-0.13901016116142273,-12.158186912536621
2026-08-04T04:57:45.516000-04:00,12.01227855682373,-0.1477786749601364,-12.160057067871094
2026-08-04T04:57:45.520000-04:00,11.998483657836914,-0.1512860804796219,-12.14976978302002
2026-08-04T04:57:45.524000-04:00,11.998015403747559,-0.13456745445728302,-12.132582664489746
2026-08-04T04:57:45.528000-04:00,12.005146980285645,-0.13725645840168,-12.142403602600098
2026-08-04T04:57:45.532000-04:00,12.004095077514648,-0.14836324751377106,-12.152458190917969
2026-08-04T04:57:45.536000-04:00,11.977789878845215,-0.12544819712638855,-12.103238105773926
2026-08-04T04:57:45.540000-04:00,11.956745147705078,-0.08850353211164474,-12.045248985290527
2026-08-04T04:57:45.544000-04:00,11.976503372192383,-0.0814887210726738,-12.057991981506348
2026-08-04T04:57:45.548000-04:00,12.06757926940918,-0.11551055312156677,-12.183090209960938
2026-08-04T04:57:45.552000-04:00,12.183791160583496,0.04501170292496681,-12.138779640197754
2026-08-04T04:57:45.556000-04:00,12.39330005645752,0.2272798717021942,-12.166020393371582
2026-08-04T04:57:45.560000-04:00,12.420424461364746,0.7198365330696106,-11.70058822631836
2026-08-04T04:57:45.564000-04:00,12.346768379211426,1.220109462738037,-11.126659393310547
2026-08-04T04:57:45.568000-04:00,12.261422157287598,1.9303590059280396,-10.331063270568848
2026-08-04T04:57:45.572000-04:00,12.197002410888672,2.162899971008301,-10.034102439880371
2026-08-04T04:57:45.576000-04:00,12.14392375946045,2.131333351135254,-10.012590408325195
2026-08-04T04:57:45.580000-04:00,12.069449424743652,1.8669918775558472,-10.202457427978516
2026-08-04T04:57:45.584000-04:00,12.004796981811523,1.1783713102340698,-10.826425552368164
2026-08-04T04:57:45.588000-04:00,11.959199905395508,0.6381139755249023,-11.321085929870605
2026-08-04T04:57:45.592000-04:00,11.998483657836914,0.31613415479660034,-11.68234920501709
2026-08-04T04:57:45.596000-04:00,12.080790519714355,0.19255656003952026,-11.88823413848877
2026-08-04T04:57:45.600000-04:00,12.107095718383789,0.15023386478424072,-11.95686149597168
2026-08-04T04:57:45.604000-04:00,12.081491470336914,0.09189402312040329,-11.98959732055664
2026-08-04T04:57:45.608000-04:00,12.07763385772705,0.05074046552181244,-12.026893615722656
2026-08-04T04:57:45.612000-04:00,12.107095718383789,0.027240848168730736,-12.079854965209961
2026-08-04T04:57:45.616000-04:00,12.099730491638184,0.02513640560209751,-12.074594497680664
2026-08-04T04:57:45.620000-04:00,12.08418083190918,0.0033904919400811195,-12.080790519714355
2026-08-04T04:57:45.624000-04:00,12.077049255371094,-0.028643811121582985,-12.105692863464355
2026-08-04T04:57:45.628000-04:00,12.084648132324219,-0.02934529259800911,-12.113993644714355
2026-08-04T04:57:45.632000-04:00,12.101250648498535,-0.01999220997095108,-12.12124252319336
2026-08-04T04:57:45.636000-04:00,12.097859382629395,-0.033320352435112,-12.131179809570312
2026-08-04T04:57:45.640000-04:00,12.08803939819336,-0.03367109224200249,-12.121710777282715
2026-08-04T04:57:45.644000-04:00,12.089091300964355,-0.03589244931936264,-12.124983787536621
2026-08-04T04:57:45.648000-04:00,12.104757308959961,-0.006897897459566593,-12.111655235290527
2026-08-04T04:57:45.652000-04:00,12.120657920837402,-0.0009353081113658845,-12.121593475341797
2026-08-04T04:57:45.656000-04:00,12.11270809173584,-0.0003507405344862491,-12.113059043884277
2026-08-04T04:57:45.660000-04:00,12.114811897277832,0.005027281120419502,-12.109785079956055
2026-08-04T04:57:45.664000-04:00,12.117852210998535,0.01975838467478752,-12.09809398651123
2026-08-04T04:57:45.668000-04:00,12.122060775756836,0.005027281120419502,-12.117033958435059
2026-08-04T04:57:45.672000-04:00,12.126620292663574,0.015081843361258507,-12.111538887023926
2026-08-04T04:57:45.676000-04:00,12.138895988464355,0.028293069452047348,-12.110603332519531
2026-08-04T04:57:45.680000-04:00,12.132582664489746,0.025604059919714928,-12.106978416442871
2026-08-04T04:57:45.684000-04:00,12.142403602600098,0.043374914675951004,-12.099028587341309
2026-08-04T04:57:45.688000-04:00,12.149768829345703,0.04477787762880325,-12.10499095916748
2026-08-04T04:57:45.692000-04:00,12.155732154846191,0.061730336397886276,-12.094001770019531
2026-08-04T04:57:45.696000-04:00,12.16029167175293,0.07844896614551544,-12.081842422485352
2026-08-04T04:57:45.700000-04:00,12.157135009765625,0.09236167371273041,-12.064773559570312
2026-08-04T04:57:45.704000-04:00,12.171398162841797,0.10452067852020264,-12.066877365112305
2026-08-04T04:57:45.708000-04:00,12.172216415405273,0.1027669757604599,-12.069449424743652
2026-08-04T04:57:45.712000-04:00,12.196885108947754,0.1340997964143753,-12.062785148620605
2026-08-04T04:57:45.716000-04:00,12.197469711303711,0.13561967015266418,-12.061849594116211
2026-08-04T04:57:45.720000-04:00,12.203900337219238,0.15105226635932922,-12.052847862243652
2026-08-04T04:57:45.724000-04:00,12.211149215698242,0.16718631982803345,-12.043962478637695
2026-08-04T04:57:45.728000-04:00,12.231023788452148,0.1931411176919937,-12.037882804870605
2026-08-04T04:57:45.732000-04:00,12.251483917236328,0.21851135790348053,-12.03297233581543
2026-08-04T04:57:45.736000-04:00,12.2574462890625,0.2461029440164566,-12.011343002319336
2026-08-04T04:57:45.740000-04:00,12.27381420135498,0.2586126923561096,-12.015201568603516
2026-08-04T04:57:45.744000-04:00,12.283635139465332,0.28328144550323486,-12.000353813171387
2026-08-04T04:57:45.748000-04:00,12.315085411071777,0.3216290771961212,-11.99345588684082
2026-08-04T04:57:45.752000-04:00,12.342910766601562,0.36617311835289,-11.976737976074219
2026-08-04T04:57:45.756000-04:00,12.359278678894043,0.39353087544441223,-11.965747833251953
2026-08-04T04:57:45.760000-04:00,12.371320724487305,0.42123937606811523,-11.950080871582031
2026-08-04T04:57:45.764000-04:00,12.388389587402344,0.4547935724258423,-11.933595657348633
2026-08-04T04:57:45.768000-04:00,12.412006378173828,0.4753703474998474,-11.936635971069336
2026-08-04T04:57:45.772000-04:00,12.42650318145752,0.4881139099597931,-11.93838882446289
2026-08-04T04:57:45.776000-04:00,12.44649600982666,0.5266953706741333,-11.919800758361816
2026-08-04T04:57:45.780000-04:00,12.44018268585205,0.5401404500007629,-11.900042533874512
2026-08-04T04:57:45.784000-04:00,12.446846961975098,0.5678489208221436,-11.878997802734375
2026-08-04T04:57:45.788000-04:00,12.458771705627441,0.5892441272735596,-11.869527816772461
2026-08-04T04:57:45.792000-04:00,12.458069801330566,0.5984802842140198,-11.859589576721191
2026-08-04T04:57:45.796000-04:00,12.444975852966309,0.5824631452560425,-11.862512588500977
2026-08-04T04:57:45.800000-04:00,12.429777145385742,0.5624709129333496,-11.867305755615234
2026-08-04T04:57:45.804000-04:00,12.413642883300781,0.5631723999977112,-11.850470542907715
2026-08-04T04:57:45.808000-04:00,12.412123680114746,0.5470383167266846,-11.86508560180664
2026-08-04T04:57:45.812000-04:00,12.391429901123047,0.5168746709823608,-11.874555587768555
2026-08-04T04:57:45.816000-04:00,12.371788024902344,0.49279046058654785,-11.878997802734375
2026-08-04T04:57:45.820000-04:00,12.332972526550293,0.4411146938800812,-11.891858100891113
2026-08-04T04:57:45.824000-04:00,12.303277015686035,0.37388941645622253,-11.929388046264648
2026-08-04T04:57:45.828000-04:00,12.283401489257812,0.34021833539009094,-11.943182945251465
2026-08-04T04:57:45.832000-04:00,12.25908374786377,0.3035074770450592,-11.955575942993164
2026-08-04T04:57:45.836000-04:00,12.240026473999023,0.25791120529174805,-11.982114791870117
2026-08-04T04:57:45.840000-04:00,12.20132827758789,0.20506630837917328,-11.996261596679688
2026-08-04T04:57:45.844000-04:00,12.185778617858887,0.1698753386735916,-12.01590347290039
2026-08-04T04:57:45.848000-04:00,12.163097381591797,0.13632115721702576,-12.026776313781738
2026-08-04T04:57:45.852000-04:00,12.147665023803711,0.09399846196174622,-12.053666114807129
2026-08-04T04:57:45.856000-04:00,12.128725051879883,0.05892441049218178,-12.06980037689209
2026-08-04T04:57:45.860000-04:00,12.106043815612793,0.027007021009922028,-12.079036712646484
2026-08-04T04:57:45.864000-04:00,12.101717948913574,0.012275919318199158,-12.089442253112793
2026-08-04T04:57:45.868000-04:00,12.090376853942871,-0.002572097349911928,-12.092948913574219
2026-08-04T04:57:45.872000-04:00,12.088155746459961,-0.012626659125089645,-12.10078239440918
2026-08-04T04:57:45.876000-04:00,12.079036712646484,-0.01461418904364109,-12.093650817871094
2026-08-04T04:57:45.880000-04:00,12.06348705291748,-0.04279034584760666,-12.106277465820312
2026-08-04T04:57:45.884000-04:00,12.054835319519043,-0.045947011560201645,-12.10078239440918
2026-08-04T04:57:45.888000-04:00,12.052146911621094,-0.04770071431994438,-12.099847793579102
2026-08-04T04:57:45.892000-04:00,12.054601669311523,-0.06254872679710388,-12.11715030670166
2026-08-04T04:57:45.896000-04:00,12.047001838684082,-0.056469228118658066,-12.103470802307129
2026-08-04T04:57:45.900000-04:00,12.03028392791748,-0.06628996133804321,-12.096573829650879
2026-08-04T04:57:45.904000-04:00,12.03273868560791,-0.06979736685752869,-12.10253620147705
2026-08-04T04:57:45.908000-04:00,12.03273868560791,-0.07096650451421738,-12.103705406188965
2026-08-04T04:57:45.912000-04:00,12.04735279083252,-0.07236946374177933,-12.119722366333008
2026-08-04T04:57:45.916000-04:00,12.036128997802734,-0.08417773246765137,-12.120306968688965
2026-08-04T04:57:45.920000-04:00,12.032622337341309,-0.08242402970790863,-12.115046501159668
2026-08-04T04:57:45.924000-04:00,12.037766456604004,-0.08242402970790863,-12.120190620422363
2026-08-04T04:57:45.928000-04:00,12.038351058959961,-0.07622761279344559,-12.114578247070312
2026-08-04T04:57:45.932000-04:00,12.047236442565918,-0.04629775136709213,-12.093534469604492
2026-08-04T04:57:45.936000-04:00,12.046768188476562,-0.045830097049474716,-12.092597961425781
2026-08-04T04:57:45.940000-04:00,12.042092323303223,-0.04711614549160004,-12.089208602905273
2026-08-04T04:57:45.944000-04:00,12.043611526489258,-0.04419330880045891,-12.087804794311523
2026-08-04T04:57:45.948000-04:00,12.048288345336914,-0.05074046552181244,-12.099028587341309
2026-08-04T04:57:45.952000-04:00,12.049924850463867,-0.04781762883067131,-12.097742080688477
2026-08-04T04:57:45.956000-04:00,12.045365333557129,-0.03869837149977684,-12.084063529968262
2026-08-04T04:57:45.960000-04:00,12.045716285705566,-0.028526896610856056,-12.074243545532227
2026-08-04T04:57:45.964000-04:00,12.04466438293457,-0.04127047210931778,-12.08593463897705
2026-08-04T04:57:45.968000-04:00,12.062668800354004,-0.04314108565449715,-12.105810165405273
2026-08-04T04:57:45.972000-04:00,12.061616897583008,-0.034021832048892975,-12.095638275146484
2026-08-04T04:57:45.976000-04:00,12.061616897583008,-0.02396726980805397,-12.08558464050293
2026-08-04T04:57:45.980000-04:00,12.057991981506348,-0.021862827241420746,-12.079854965209961
2026-08-04T04:57:45.984000-04:00,12.065942764282227,-0.03682775795459747,-12.102770805358887
2026-08-04T04:57:45.988000-04:00,12.068280220031738,-0.015081843361258507,-12.083361625671387
2026-08-04T04:57:45.992000-04:00,12.066643714904785,-0.011340610682964325,-12.077983856201172
2026-08-04T04:57:45.996000-04:00,12.072138786315918,-0.0057287621311843395,-12.07786750793457
2026-08-04T04:57:46-04:00,12.062317848205566,-0.006313329562544823,-12.068631172180176
2026-08-04T04:57:46.004000-04:00,12.05927848815918,-0.01578332483768463,-12.075061798095703
2026-08-04T04:57:46.008000-04:00,12.068631172180176,-0.014029622077941895,-12.082660675048828
2026-08-04T04:57:46.012000-04:00,12.073424339294434,-0.009469994343817234,-12.082894325256348
2026-08-04T04:57:46.016000-04:00,12.074243545532227,-0.03215121477842331,-12.10639476776123
2026-08-04T04:57:46.020000-04:00,12.062668800354004,-0.01730320043861866,-12.079972267150879
2026-08-04T04:57:46.024000-04:00,12.066526412963867,-0.029929859563708305,-12.096456527709961
2026-08-04T04:57:46.028000-04:00,12.073775291442871,-0.031098995357751846,-12.104874610900879
2026-08-04T04:57:46.032000-04:00,12.06933307647705,-0.021745912730693817,-12.091078758239746
2026-08-04T04:57:46.036000-04:00,12.069917678833008,-0.035074055194854736,-12.104991912841797
2026-08-04T04:57:46.040000-04:00,12.06126594543457,-0.030163686722517014,-12.091429710388184
2026-08-04T04:57:46.044000-04:00,12.058810234069824,-0.0397505946457386,-12.09856128692627
2026-08-04T04:57:46.048000-04:00,12.068748474121094,-0.036593928933143616,-12.105342864990234
2026-08-04T04:57:46.052000-04:00,12.06149959564209,-0.04138738289475441,-12.102887153625488
2026-08-04T04:57:46.056000-04:00,12.063604354858398,-0.04828527942299843,-12.111889839172363
2026-08-04T04:57:46.060000-04:00,12.067228317260742,-0.05576774477958679,-12.12299633026123
2026-08-04T04:57:46.064000-04:00,12.05319881439209,-0.060678113251924515,-12.113877296447754
2026-08-04T04:57:46.068000-04:00,12.054134368896484,-0.04957133159041405,-12.103705406188965
2026-08-04T04:57:46.072000-04:00,12.070502281188965,-0.0638347789645195,-12.134337425231934
2026-08-04T04:57:46.076000-04:00,12.05273151397705,-0.07003119587898254,-12.122762680053711
2026-08-04T04:57:46.080000-04:00,12.049691200256348,-0.07727983593940735,-12.126971244812012
2026-08-04T04:57:46.084000-04:00,12.05565357208252,-0.08698365092277527,-12.142637252807617
2026-08-04T04:57:46.088000-04:00,12.054368019104004,-0.08534686267375946,-12.139715194702148
2026-08-04T04:57:46.092000-04:00,12.061382293701172,-0.08090414851903915,-12.14228630065918
2026-08-04T04:57:46.096000-04:00,12.044313430786133,-0.09107562899589539,-12.13538932800293
2026-08-04T04:57:46.100000-04:00,12.045716285705566,-0.07926736027002335,-12.124983787536621
2026-08-04T04:57:46.104000-04:00,12.048990249633789,-0.08055341243743896,-12.12954330444336
2026-08-04T04:57:46.108000-04:00,12.05518627166748,-0.07915044575929642,-12.134336471557617
2026-08-04T04:57:46.112000-04:00,12.047937393188477,-0.09119254350662231,-12.139129638671875
2026-08-04T04:57:46.116000-04:00,12.052380561828613,-0.09095871448516846,-12.143339157104492
2026-08-04T04:57:46.120000-04:00,12.038000106811523,-0.09890883415937424,-12.136908531188965
2026-08-04T04:57:46.124000-04:00,12.037649154663086,-0.1128215417265892,-12.150470733642578
2026-08-04T04:57:46.128000-04:00,12.047001838684082,-0.09481685608625412,-12.14181900024414
2026-08-04T04:57:46.132000-04:00,12.048755645751953,-0.08651600033044815,-12.135272026062012
2026-08-04T04:57:46.136000-04:00,12.043144226074219,-0.0927124172449112,-12.135856628417969
2026-08-04T04:57:46.140000-04:00,12.036948204040527,-0.10756043344736099,-12.144508361816406
2026-08-04T04:57:46.144000-04:00,12.027243614196777,-0.1120031476020813,-12.139246940612793
2026-08-04T04:57:46.148000-04:00,12.047001838684082,-0.10381919890642166,-12.1508207321167
2026-08-04T04:57:46.152000-04:00,12.053315162658691,-0.09469994902610779,-12.148015022277832
2026-08-04T04:57:46.156000-04:00,12.041156768798828,-0.10253315418958664,-12.14369010925293
2026-08-04T04:57:46.160000-04:00,12.03858470916748,-0.10978178679943085,-12.148366928100586
2026-08-04T04:57:46.164000-04:00,12.03905200958252,-0.11831647902727127,-12.157368659973145
2026-08-04T04:57:46.168000-04:00,12.04489803314209,-0.10884647816419601,-12.1537446975708
2026-08-04T04:57:46.172000-04:00,12.047470092773438,-0.12053783237934113,-12.168007850646973
2026-08-04T04:57:46.176000-04:00,12.038233757019043,-0.10042870789766312,-12.138662338256836
2026-08-04T04:57:46.180000-04:00,12.037649154663086,-0.10241623967885971,-12.14006519317627
2026-08-04T04:57:46.184000-04:00,12.039636611938477,-0.10124710202217102,-12.140883445739746
2026-08-04T04:57:46.188000-04:00,12.034258842468262,-0.11095092445611954,-12.145209312438965
2026-08-04T04:57:46.192000-04:00,12.049574851989746,-0.10381919890642166,-12.153393745422363
2026-08-04T04:57:46.196000-04:00,12.031335830688477,-0.10954796522855759,-12.140883445739746
2026-08-04T04:57:46.200000-04:00,12.032154083251953,-0.12217462062835693,-12.154328346252441
2026-08-04T04:57:46.204000-04:00,12.0347261428833,-0.11960252374410629,-12.154328346252441
2026-08-04T04:57:46.208000-04:00,12.04080581665039,-0.11223697662353516,-12.153042793273926
2026-08-04T04:57:46.212000-04:00,12.043377876281738,-0.11048327386379242,-12.153861045837402
2026-08-04T04:57:46.216000-04:00,12.044547080993652,-0.10393611341714859,-12.148483276367188
2026-08-04T04:57:46.220000-04:00,12.04934024810791,-0.09762278199195862,-12.146963119506836
2026-08-04T04:57:46.224000-04:00,12.061616897583008,-0.06593922525644302,-12.127555847167969
2026-08-04T04:57:46.228000-04:00,12.057991981506348,-0.04758379980921745,-12.105575561523438
2026-08-04T04:57:46.232000-04:00,12.065474510192871,-0.03484022617340088,-12.10031509399414
2026-08-04T04:57:46.236000-04:00,12.064188957214355,-0.036593928933143616,-12.100783348083496
2026-08-04T04:57:46.240000-04:00,12.075762748718262,-0.037763066589832306,-12.113525390625
2026-08-04T04:57:46.244000-04:00,12.079621315002441,-0.012392832897603512,-12.09201431274414
2026-08-04T04:57:46.248000-04:00,12.071320533752441,0.027474675327539444,-12.043846130371094
2026-08-04T04:57:46.252000-04:00,12.041390419006348,0.035074055194854736,-12.006316184997559
2026-08-04T04:57:46.256000-04:00,12.032387733459473,0.030046772211790085,-12.002341270446777
2026-08-04T04:57:46.260000-04:00,12.037882804870605,0.034021832048892975,-12.003861427307129
2026-08-04T04:57:46.264000-04:00,12.04103946685791,0.039399854838848114,-12.001639366149902
2026-08-04T04:57:46.268000-04:00,12.061382293701172,0.03519096598029137,-12.026191711425781
2026-08-04T04:57:46.272000-04:00,12.079153060913086,0.034138746559619904,-12.045014381408691
2026-08-04T04:57:46.276000-04:00,12.07810115814209,0.008417773060500622,-12.069683074951172
2026-08-04T04:57:46.280000-04:00,12.065007209777832,-0.010872956365346909,-12.07588005065918
2026-08-04T04:57:46.284000-04:00,12.060330390930176,-0.04805145412683487,-12.108382225036621
2026-08-04T04:57:46.288000-04:00,12.06757926940918,-0.06161342188715935,-12.129192352294922
2026-08-04T04:57:46.292000-04:00,12.05343246459961,-0.07178489863872528,-12.12521743774414
2026-08-04T04:57:46.296000-04:00,12.046183586120605,-0.10767734795808792,-12.153861045837402
2026-08-04T04:57:46.300000-04:00,12.025840759277344,-0.12614968419075012,-12.15199089050293
2026-08-04T04:57:46.304000-04:00,12.023736953735352,-0.12299301475286484,-12.146730422973633
2026-08-04T04:57:46.308000-04:00,12.028179168701172,-0.13152770698070526,-12.159707069396973
2026-08-04T04:57:46.312000-04:00,12.029932975769043,-0.13199535012245178,-12.161928176879883
2026-08-04T04:57:46.316000-04:00,12.033089637756348,-0.14508967101573944,-12.178179740905762
2026-08-04T04:57:46.320000-04:00,12.023853302001953,-0.1590023785829544,-12.182855606079102
2026-08-04T04:57:46.324000-04:00,12.012746810913086,-0.18694470822811127,-12.199691772460938
2026-08-04T04:57:46.328000-04:00,12.01613712310791,-0.19442717730998993,-12.210564613342285
2026-08-04T04:57:46.332000-04:00,12.023619651794434,-0.170576810836792,-12.194196701049805
2026-08-04T04:57:46.336000-04:00,12.016839027404785,-0.1794622391462326,-12.196301460266113
2026-08-04T04:57:46.340000-04:00,12.015435218811035,-0.18916606903076172,-12.204601287841797
2026-08-04T04:57:46.344000-04:00,12.011110305786133,-0.18811383843421936,-12.199224472045898
2026-08-04T04:57:46.348000-04:00,12.014500617980957,-0.18600940704345703,-12.200510025024414
2026-08-04T04:57:46.352000-04:00,12.015669822692871,-0.176188662648201,-12.191858291625977
2026-08-04T04:57:46.356000-04:00,12.00199031829834,-0.1733827441930771,-12.175373077392578
2026-08-04T04:57:46.360000-04:00,11.985506057739258,-0.16894002258777618,-12.15444564819336
2026-08-04T04:57:46.364000-04:00,11.967500686645508,-0.1713952124118805,-12.138895988464355
2026-08-04T04:57:46.368000-04:00,11.987259864807129,-0.12942326068878174,-12.116683006286621
2026-08-04T04:57:46.372000-04:00,12.019878387451172,-0.14824633300304413,-12.16812515258789
2026-08-04T04:57:46.376000-04:00,12.11738395690918,-0.09247858822345734,-12.20986270904541
2026-08-04T04:57:46.380000-04:00,12.229036331176758,0.03729541227221489,-12.191740989685059
2026-08-04T04:57:46.384000-04:00,12.459005355834961,0.3271239995956421,-12.131881713867188
2026-08-04T04:57:46.388000-04:00,12.416332244873047,0.9368279576301575,-11.479504585266113
2026-08-04T04:57:46.392000-04:00,12.371320724487305,1.4713566303253174,-10.899964332580566
2026-08-04T04:57:46.396000-04:00,12.24937915802002,2.0858540534973145,-10.163524627685547
2026-08-04T04:57:46.400000-04:00,12.202731132507324,2.1536638736724854,-10.049067497253418
2026-08-04T04:57:46.404000-04:00,12.157135009765625,2.0026116371154785,-10.154523849487305
2026-08-04T04:57:46.408000-04:00,12.075295448303223,1.6446224451065063,-10.430672645568848
2026-08-04T04:57:46.412000-04:00,11.982465744018555,0.9984413981437683,-10.984024047851562
2026-08-04T04:57:46.416000-04:00,11.94610595703125,0.45911937952041626,-11.48698616027832
2026-08-04T04:57:46.420000-04:00,12.006549835205078,0.23172257840633392,-11.774827003479004
2026-08-04T04:57:46.424000-04:00,12.098677635192871,0.14029622077941895,-11.958381652832031
2026-08-04T04:57:46.428000-04:00,12.126269340515137,0.10545598715543747,-12.02081298828125
2026-08-04T04:57:46.432000-04:00,12.092130661010742,0.048752933740615845,-12.043377876281738
2026-08-04T04:57:46.436000-04:00,12.092832565307617,0.006430243141949177,-12.08640193939209
2026-08-04T04:57:46.440000-04:00,12.094001770019531,-0.008885427378118038,-12.102887153625488
2026-08-04T04:57:46.444000-04:00,12.088740348815918,-0.03764615207910538,-12.126386642456055
2026-08-04T04:57:46.448000-04:00,12.102418899536133,-0.061964161694049835,-12.164382934570312
2026-08-04T04:57:46.452000-04:00,12.111772537231445,-0.06547156721353531,-12.177244186401367
2026-08-04T04:57:46.456000-04:00,12.092832565307617,-0.0710834190249443,-12.163915634155273
2026-08-04T04:57:46.460000-04:00,12.093066215515137,-0.07201872766017914,-12.165084838867188
2026-08-04T04:57:46.464000-04:00,12.100666046142578,-0.0646531730890274,-12.165319442749023
2026-08-04T04:57:46.468000-04:00,12.110954284667969,-0.066640704870224,-12.177595138549805
2026-08-04T04:57:46.472000-04:00,12.112590789794922,-0.06348403543233871,-12.176074981689453
2026-08-04T04:57:46.476000-04:00,12.11130428314209,-0.05576774477958679,-12.167072296142578
2026-08-04T04:57:46.480000-04:00,12.108382225036621,-0.057872191071510315,-12.166254043579102
2026-08-04T04:57:46.484000-04:00,12.117267608642578,-0.06032737344503403,-12.177595138549805
2026-08-04T04:57:46.488000-04:00,12.133050918579102,-0.05202651396393776,-12.185077667236328
2026-08-04T04:57:46.492000-04:00,12.13398551940918,-0.0453624427318573,-12.17934799194336
2026-08-04T04:57:46.496000-04:00,12.128140449523926,-0.03951676934957504,-12.167656898498535
2026-08-04T04:57:46.500000-04:00,12.134336471557617,-0.03858146071434021,-12.172918319702148
2026-08-04T04:57:46.504000-04:00,12.133167266845703,-0.02946220524609089,-12.162629127502441
2026-08-04T04:57:46.508000-04:00,12.143806457519531,-0.015315670520067215,-12.159122467041016
2026-08-04T04:57:46.512000-04:00,12.150938034057617,0.008885427378118038,-12.14205265045166
2026-08-04T04:57:46.516000-04:00,12.152809143066406,0.016718631610274315,-12.136090278625488
2026-08-04T04:57:46.520000-04:00,12.145092964172363,0.02642245404422283,-12.118670463562012
2026-08-04T04:57:46.524000-04:00,12.157953262329102,0.04080281779170036,-12.11715030670166
2026-08-04T04:57:46.528000-04:00,12.173502922058105,0.05892441049218178,-12.114578247070312
2026-08-04T04:57:46.532000-04:00,12.187649726867676,0.07821513712406158,-12.109434127807617
2026-08-04T04:57:46.536000-04:00,12.189286231994629,0.09095871448516846,-12.09832763671875
2026-08-04T04:57:46.540000-04:00,12.184493064880371,0.10253315418958664,-12.08195972442627
2026-08-04T04:57:46.544000-04:00,12.198872566223145,0.11048327386379242,-12.08838939666748
2026-08-04T04:57:46.548000-04:00,12.216994285583496,0.12159005552530289,-12.095404624938965
2026-08-04T04:57:46.552000-04:00,12.233713150024414,0.1605222523212433,-12.073190689086914
2026-08-04T04:57:46.556000-04:00,12.23815631866455,0.1646142303943634,-12.073541641235352
2026-08-04T04:57:46.560000-04:00,12.249613761901855,0.19723309576511383,-12.052380561828613
2026-08-04T04:57:46.564000-04:00,12.26375961303711,0.20401407778263092,-12.059745788574219
2026-08-04T04:57:46.568000-04:00,12.29626178741455,0.2535853981971741,-12.042675971984863
2026-08-04T04:57:46.572000-04:00,12.309356689453125,0.26796576380729675,-12.041391372680664
2026-08-04T04:57:46.576000-04:00,12.323619842529297,0.3094700574874878,-12.01414966583252
2026-08-04T04:57:46.580000-04:00,12.336831092834473,0.35109129548072815,-11.985739707946777
2026-08-04T04:57:46.584000-04:00,12.353432655334473,0.3786828815937042,-11.974749565124512
2026-08-04T04:57:46.588000-04:00,12.378101348876953,0.40335163474082947,-11.974749565124512
2026-08-04T04:57:46.592000-04:00,12.390260696411133,0.4234607517719269,-11.96679973602295
2026-08-04T04:57:46.596000-04:00,12.411070823669434,0.4677709639072418,-11.943300247192383
2026-08-04T04:57:46.600000-04:00,12.40990161895752,0.4793454110622406,-11.930556297302246
2026-08-04T04:57:46.604000-04:00,12.42849063873291,0.524474024772644,-11.904016494750977
2026-08-04T04:57:46.608000-04:00,12.435739517211914,0.5389713048934937,-11.896768569946289
2026-08-04T04:57:46.612000-04:00,12.443455696105957,0.5537024140357971,-11.889753341674805
2026-08-04T04:57:46.616000-04:00,12.436792373657227,0.5442324280738831,-11.892560005187988
2026-08-04T04:57:46.620000-04:00,12.425918579101562,0.5402573347091675,-11.885661125183105
2026-08-04T04:57:46.624000-04:00,12.427438735961914,0.5464537739753723,-11.880985260009766
2026-08-04T04:57:46.628000-04:00,12.416098594665527,0.5371006727218628,-11.878997802734375
2026-08-04T04:57:46.632000-04:00,12.413993835449219,0.5206158757209778,-11.893378257751465
2026-08-04T04:57:46.636000-04:00,12.388623237609863,0.4912705719470978,-11.89735221862793
2026-08-04T04:57:46.640000-04:00,12.363604545593262,0.45350751280784607,-11.910097122192383
2026-08-04T04:57:46.644000-04:00,12.342326164245605,0.4303586483001709,-11.911967277526855
2026-08-04T04:57:46.648000-04:00,12.32116413116455,0.365237832069397,-11.955925941467285
2026-08-04T04:57:46.652000-04:00,12.287727355957031,0.3208106756210327,-11.966917037963867
2026-08-04T04:57:46.656000-04:00,12.266566276550293,0.27638354897499084,-11.990182876586914
2026-08-04T04:57:46.660000-04:00,12.232894897460938,0.209509015083313,-12.023386001586914
2026-08-04T04:57:46.664000-04:00,12.218280792236328,0.18215125799179077,-12.03612995147705
2026-08-04T04:57:46.668000-04:00,12.198989868164062,0.13094313442707062,-12.068046569824219
2026-08-04T04:57:46.672000-04:00,12.195833206176758,0.10662512481212616,-12.089207649230957
2026-08-04T04:57:46.676000-04:00,12.151873588562012,0.05027281120419502,-12.101600646972656
2026-08-04T04:57:46.680000-04:00,12.136908531188965,0.012392832897603512,-12.124515533447266
2026-08-04T04:57:46.684000-04:00,12.121476173400879,0.00467654038220644,-12.116799354553223
2026-08-04T04:57:46.688000-04:00,12.117033958435059,-0.023499615490436554,-12.140533447265625
2026-08-04T04:57:46.692000-04:00,12.101250648498535,-0.04501170292496681,-12.146262168884277
2026-08-04T04:57:46.696000-04:00,12.088740348815918,-0.05974280461668968,-12.148483276367188
2026-08-04T04:57:46.700000-04:00,12.076581001281738,-0.07260329276323318,-12.149184226989746
2026-08-04T04:57:46.704000-04:00,12.070735931396484,-0.07424008101224899,-12.144975662231445
2026-08-04T04:57:46.708000-04:00,12.07400894165039,-0.08558069169521332,-12.159589767456055
2026-08-04T04:57:46.712000-04:00,12.06395435333252,-0.09586907923221588,-12.159823417663574
2026-08-04T04:57:46.716000-04:00,12.062551498413086,-0.0983242616057396,-12.16087532043457
2026-08-04T04:57:46.720000-04:00,12.04910659790039,-0.10335154831409454,-12.152458190917969
2026-08-04T04:57:46.724000-04:00,12.052496910095215,-0.10592364519834518,-12.15842056274414
2026-08-04T04:57:46.728000-04:00,12.047937393188477,-0.10592364519834518,-12.153861045837402
2026-08-04T04:57:46.732000-04:00,12.055068969726562,-0.10054562240839005,-12.155614852905273
2026-08-04T04:57:46.736000-04:00,12.049457550048828,-0.10545598715543747,-12.154913902282715
2026-08-04T04:57:46.740000-04:00,12.038467407226562,-0.08721747994422913,-12.12568473815918
2026-08-04T04:57:46.744000-04:00,12.036479949951172,-0.10206549614667892,-12.138545036315918
2026-08-04T04:57:46.748000-04:00,12.042793273925781,-0.1007794514298439,-12.143572807312012
2026-08-04T04:57:46.752000-04:00,12.049223899841309,-0.0979735255241394,-12.147197723388672
2026-08-04T04:57:46.756000-04:00,12.045482635498047,-0.09575216472148895,-12.141234397888184
2026-08-04T04:57:46.760000-04:00,12.035077095031738,-0.0871005654335022,-12.122178077697754
2026-08-04T04:57:46.764000-04:00,12.046651840209961,-0.08558069169521332,-12.132232666015625
2026-08-04T04:57:46.768000-04:00,12.056940078735352,-0.06652379035949707,-12.12346363067627
2026-08-04T04:57:46.772000-04:00,12.058342933654785,-0.05354638770222664,-12.111888885498047
2026-08-04T04:57:46.776000-04:00,12.057291030883789,-0.058106016367673874,-12.115397453308105
2026-08-04T04:57:46.780000-04:00,12.055770874023438,-0.04664849117398262,-12.102418899536133
2026-08-04T04:57:46.784000-04:00,12.066994667053223,-0.05038972571492195,-12.11738395690918
2026-08-04T04:57:46.788000-04:00,12.072489738464355,-0.043374914675951004,-12.115864753723145
2026-08-04T04:57:46.792000-04:00,12.076231002807617,-0.04091972857713699,-12.11715030670166
2026-08-04T04:57:46.796000-04:00,12.072957038879395,-0.0361262746155262,-12.10908317565918
2026-08-04T04:57:46.800000-04:00,12.067695617675781,-0.024668751284480095,-12.092364311218262
2026-08-04T04:57:46.804000-04:00,12.06956672668457,-0.024318011477589607,-12.093884468078613
2026-08-04T04:57:46.808000-04:00,12.079854965209961,-0.015081843361258507,-12.09493637084961
2026-08-04T04:57:46.812000-04:00,12.079153060913086,-0.00467654038220644,-12.083829879760742
2026-08-04T04:57:46.816000-04:00,12.074359893798828,-0.009469994343817234,-12.083829879760742
2026-08-04T04:57:46.820000-04:00,12.072839736938477,-0.005494934972375631,-12.07833480834961
2026-08-04T04:57:46.824000-04:00,12.074710845947266,0.000584567547775805,-12.074126243591309
2026-08-04T04:57:46.828000-04:00,12.08593463897705,-0.001286048674955964,-12.087221145629883
2026-08-04T04:57:46.832000-04:00,12.078218460083008,-0.002455183770507574,-12.080673217773438
2026-08-04T04:57:46.836000-04:00,12.085466384887695,-0.002572097349911928,-12.088038444519043
2026-08-04T04:57:46.840000-04:00,12.078685760498047,0.0022213568445295095,-12.076464653015137
2026-08-04T04:57:46.844000-04:00,12.072606086730957,0.00046765405568294227,-12.072138786315918
2026-08-04T04:57:46.848000-04:00,12.088740348815918,0.0015198757173493505,-12.087220191955566
2026-08-04T04:57:46.852000-04:00,12.082660675048828,-0.003741232445463538,-12.08640193939209
2026-08-04T04:57:46.856000-04:00,12.082660675048828,-0.008768513798713684,-12.091428756713867
2026-08-04T04:57:46.860000-04:00,12.078218460083008,-0.010405302979052067,-12.088624000549316
2026-08-04T04:57:46.864000-04:00,12.078685760498047,-0.012392832897603512,-12.091078758239746
2026-08-04T04:57:46.868000-04:00,12.076347351074219,-0.012860486283898354,-12.089207649230957
2026-08-04T04:57:46.872000-04:00,12.08172607421875,-0.01461418904364109,-12.09634017944336
2026-08-04T04:57:46.876000-04:00,12.072372436523438,-0.023382702842354774,-12.095755577087402
2026-08-04T04:57:46.880000-04:00,12.062902450561523,-0.02022603712975979,-12.083128929138184
2026-08-04T04:57:46.884000-04:00,12.075529098510742,-0.029579119756817818,-12.105108261108398
2026-08-04T04:57:46.888000-04:00,12.079972267150879,-0.01332814060151577,-12.093300819396973
2026-08-04T04:57:46.892000-04:00,12.079387664794922,-0.005611848551779985,-12.084999084472656
2026-08-04T04:57:46.896000-04:00,12.077282905578613,-0.019524557515978813,-12.096807479858398
2026-08-04T04:57:46.900000-04:00,12.063136100769043,-0.03636010363698006,-12.099495887756348
2026-08-04T04:57:46.904000-04:00,12.068748474121094,-0.046180836856365204,-12.11492919921875
2026-08-04T04:57:46.908000-04:00,12.06757926940918,-0.053780216723680496,-12.121359825134277
2026-08-04T04:57:46.912000-04:00,12.07365894317627,-0.035424795001745224,-12.109084129333496
2026-08-04T04:57:46.916000-04:00,12.065474510192871,-0.030865168198943138,-12.096339225769043
2026-08-04T04:57:46.920000-04:00,12.053549766540527,-0.0361262746155262,-12.089675903320312
2026-08-04T04:57:46.924000-04:00,12.051562309265137,-0.047233060002326965,-12.098794937133789
2026-08-04T04:57:46.928000-04:00,12.070502281188965,-0.04793453961610794,-12.118436813354492
2026-08-04T04:57:46.932000-04:00,12.068280220031738,-0.04290726035833359,-12.111187934875488
2026-08-04T04:57:46.936000-04:00,12.070502281188965,-0.03951676934957504,-12.110018730163574
2026-08-04T04:57:46.940000-04:00,12.061382293701172,-0.05693688243627548,-12.118319511413574
2026-08-04T04:57:46.944000-04:00,12.064538955688477,-0.07073267549276352,-12.135272026062012
2026-08-04T04:57:46.948000-04:00,12.063369750976562,-0.05857367068529129,-12.121943473815918
2026-08-04T04:57:46.952000-04:00,12.064889907836914,-0.06254872679710388,-12.12743854522705
2026-08-04T04:57:46.956000-04:00,12.072723388671875,-0.03881528601050377,-12.111538887023926
2026-08-04T04:57:46.960000-04:00,12.054835319519043,-0.06254872679710388,-12.11738395690918
2026-08-04T04:57:46.964000-04:00,12.050743103027344,-0.05155885964632034,-12.102301597595215
2026-08-04T04:57:46.968000-04:00,12.075061798095703,-0.025720972567796707,-12.10078239440918
2026-08-04T04:57:46.972000-04:00,12.093066215515137,0.013094313442707062,-12.079972267150879
2026-08-04T04:57:46.976000-04:00,12.070384979248047,0.03191738948225975,-12.038467407226562
2026-08-04T04:57:46.980000-04:00,12.066526412963867,0.028643811121582985,-12.037882804870605
2026-08-04T04:57:46.984000-04:00,12.06173324584961,0.012509745545685291,-12.049223899841309
2026-08-04T04:57:46.988000-04:00,12.07178783416748,0.021629000082612038,-12.050158500671387
2026-08-04T04:57:46.992000-04:00,12.075996398925781,0.0481683686375618,-12.027828216552734
2026-08-04T04:57:46.996000-04:00,12.058342933654785,0.0951675996184349,-11.963175773620605
2026-08-04T04:57:47-04:00,12.032154083251953,0.09376464039087296,-11.938389778137207
2026-08-04T04:57:47.004000-04:00,12.040688514709473,0.08160563558340073,-11.95908260345459
2026-08-04T04:57:47.008000-04:00,12.056238174438477,0.08324242383241653,-11.97299575805664
2026-08-04T04:57:47.012000-04:00,12.052614212036133,0.09680438786745071,-11.955809593200684
2026-08-04T04:57:47.016000-04:00,12.0678129196167,0.10744351893663406,-11.960369110107422
2026-08-04T04:57:47.020000-04:00,12.083245277404785,0.09925957024097443,-11.983985900878906
2026-08-04T04:57:47.024000-04:00,12.079504013061523,0.06769292801618576,-12.011811256408691
2026-08-04T04:57:47.028000-04:00,12.068748474121094,0.02642245404422283,-12.042325973510742
2026-08-04T04:57:47.032000-04:00,12.068280220031738,0.003039751434698701,-12.065240859985352
2026-08-04T04:57:47.036000-04:00,12.070969581604004,-0.002572097349911928,-12.073541641235352
2026-08-04T04:57:47.040000-04:00,12.050393104553223,-0.01999220997095108,-12.070384979248047
2026-08-04T04:57:47.044000-04:00,12.058342933654785,-0.025837887078523636,-12.08418083190918
2026-08-04T04:57:47.048000-04:00,12.055068969726562,-0.0722525492310524,-12.127321243286133
2026-08-04T04:57:47.052000-04:00,12.041857719421387,-0.08756822347640991,-12.129426002502441
2026-08-04T04:57:47.056000-04:00,12.035544395446777,-0.10089636594057083,-12.136441230773926
2026-08-04T04:57:47.060000-04:00,12.019878387451172,-0.11714734137058258,-12.137025833129883
2026-08-04T04:57:47.064000-04:00,12.027594566345215,-0.13024164736270905,-12.157835960388184
2026-08-04T04:57:47.068000-04:00,12.033674240112305,-0.11551055312156677,-12.149185180664062
2026-08-04T04:57:47.072000-04:00,12.038233757019043,-0.1139906793832779,-12.15222454071045
2026-08-04T04:57:47.076000-04:00,12.041156768798828,-0.13749028742313385,-12.1786470413208
2026-08-04T04:57:47.080000-04:00,12.023386001586914,-0.14988312125205994,-12.173269271850586
2026-08-04T04:57:47.084000-04:00,12.016254425048828,-0.1537412703037262,-12.169995307922363
2026-08-04T04:57:47.088000-04:00,12.024321556091309,-0.1421668380498886,-12.166488647460938
2026-08-04T04:57:47.092000-04:00,12.032271385192871,-0.15643027424812317,-12.188701629638672
2026-08-04T04:57:47.096000-04:00,12.006900787353516,-0.155378058552742,-12.16227912902832
2026-08-04T04:57:47.100000-04:00,12.010993003845215,-0.14637571573257446,-12.157368659973145
2026-08-04T04:57:47.104000-04:00,12.017306327819824,-0.13386596739292145,-12.151172637939453
2026-08-04T04:57:47.108000-04:00,12.004212379455566,-0.14567424356937408,-12.149887084960938
2026-08-04T04:57:47.112000-04:00,11.981413841247559,-0.12533128261566162,-12.106744766235352
2026-08-04T04:57:47.116000-04:00,11.954757690429688,-0.08324242383241653,-12.038000106811523
2026-08-04T04:57:47.120000-04:00,11.997314453125,-0.08078724145889282,-12.078102111816406
2026-08-04T04:57:47.124000-04:00,12.068397521972656,-0.08207328617572784,-12.150470733642578
2026-08-04T04:57:47.128000-04:00,12.179582595825195,0.02139517292380333,-12.158187866210938
2026-08-04T04:57:47.132000-04:00,12.346301078796387,0.29333600401878357,-12.05296516418457
2026-08-04T04:57:47.136000-04:00,12.354952812194824,0.6217460632324219,-11.733206748962402
2026-08-04T04:57:47.140000-04:00,12.278841972351074,1.3724477291107178,-10.906394004821777
2026-08-04T04:57:47.144000-04:00,12.228218078613281,2.1144979000091553,-10.113719940185547
2026-08-04T04:57:47.148000-04:00,12.154562950134277,2.3325414657592773,-9.822021484375
2026-08-04T04:57:47.152000-04:00,12.089792251586914,2.339322566986084,-9.750469207763672
2026-08-04T04:57:47.156000-04:00,12.04466438293457,2.035113573074341,-10.009551048278809
2026-08-04T04:57:47.160000-04:00,12.009472846984863,1.3333985805511475,-10.676074028015137
2026-08-04T04:57:47.164000-04:00,12.026893615722656,0.9509745240211487,-11.075919151306152
2026-08-04T04:57:47.168000-04:00,12.071203231811523,0.34945449233055115,-11.721748352050781
2026-08-04T04:57:47.172000-04:00,12.122645378112793,0.27918946743011475,-11.843456268310547
2026-08-04T04:57:47.176000-04:00,12.146963119506836,0.21862827241420746,-11.928335189819336
2026-08-04T04:57:47.180000-04:00,12.067930221557617,0.11469215899705887,-11.953238487243652
2026-08-04T04:57:47.184000-04:00,12.084999084472656,0.07155106961727142,-12.013447761535645
2026-08-04T04:57:47.188000-04:00,12.108732223510742,0.048519108444452286,-12.060213088989258
2026-08-04T04:57:47.192000-04:00,12.098794937133789,0.025720972567796707,-12.073074340820312
2026-08-04T04:57:47.196000-04:00,12.100197792053223,0.0007014810689724982,-12.099495887756348
2026-08-04T04:57:47.200000-04:00,12.095170974731445,-0.018238509073853493,-12.113409042358398
2026-08-04T04:57:47.204000-04:00,12.083362579345703,-0.03729541227221489,-12.120657920837402
2026-08-04T04:57:47.208000-04:00,12.092130661010742,-0.016601718962192535,-12.108732223510742
2026-08-04T04:57:47.212000-04:00,12.102418899536133,-0.018355421721935272,-12.120774269104004
2026-08-04T04:57:47.216000-04:00,12.109551429748535,-0.0057287621311843395,-12.115280151367188
2026-08-04T04:57:47.220000-04:00,12.100666046142578,-0.013211227022111416,-12.113877296447754
2026-08-04T04:57:47.224000-04:00,12.101133346557617,-0.012509745545685291,-12.113642692565918
2026-08-04T04:57:47.228000-04:00,12.112239837646484,-0.014731102623045444,-12.126971244812012
2026-08-04T04:57:47.232000-04:00,12.127789497375488,0.006313329562544823,-12.121476173400879
2026-08-04T04:57:47.236000-04:00,12.122762680053711,0.015666410326957703,-12.107096672058105
2026-08-04T04:57:47.240000-04:00,12.11937141418457,0.02268122136592865,-12.09669017791748
2026-08-04T04:57:47.244000-04:00,12.121709823608398,0.024785665795207024,-12.096923828125
2026-08-04T04:57:47.248000-04:00,12.134804725646973,0.04162121191620827,-12.093183517456055
2026-08-04T04:57:47.252000-04:00,12.140883445739746,0.05226033926010132,-12.088623046875
2026-08-04T04:57:47.256000-04:00,12.131413459777832,0.05483243986964226,-12.076581001281738
2026-08-04T04:57:47.260000-04:00,12.138428688049316,0.06009354442358017,-12.07833480834961
2026-08-04T04:57:47.264000-04:00,12.146262168884277,0.0646531730890274,-12.081608772277832
2026-08-04T04:57:47.268000-04:00,12.160992622375488,0.09423229098320007,-12.066760063171387
2026-08-04T04:57:47.272000-04:00,12.161109924316406,0.0963367372751236,-12.064773559570312
2026-08-04T04:57:47.276000-04:00,12.16812515258789,0.10522216558456421,-12.06290340423584
2026-08-04T04:57:47.280000-04:00,12.169059753417969,0.12346067279577255,-12.045598983764648
2026-08-04T04:57:47.284000-04:00,12.173736572265625,0.13901016116142273,-12.0347261428833
2026-08-04T04:57:47.288000-04:00,12.195131301879883,0.1542089283466339,-12.040922164916992
2026-08-04T04:57:47.292000-04:00,12.202731132507324,0.17268125712871552,-12.030050277709961
2026-08-04T04:57:47.296000-04:00,12.200159072875977,0.18472334742546082,-12.015436172485352
2026-08-04T04:57:47.300000-04:00,12.210213661193848,0.19770075380802155,-12.012513160705566
2026-08-04T04:57:47.304000-04:00,12.23055648803711,0.23090419173240662,-11.999651908874512
2026-08-04T04:57:47.308000-04:00,12.24470329284668,0.2512471377849579,-11.99345588684082
2026-08-04T04:57:47.312000-04:00,12.260486602783203,0.2786048948764801,-11.981882095336914
2026-08-04T04:57:47.316000-04:00,12.267033576965332,0.3112237751483917,-11.955809593200684
2026-08-04T04:57:47.320000-04:00,12.278608322143555,0.32899463176727295,-11.949613571166992
2026-08-04T04:57:47.324000-04:00,12.31064224243164,0.3617304265499115,-11.948911666870117
2026-08-04T04:57:47.328000-04:00,12.332856178283691,0.40966495871543884,-11.92319107055664
2026-08-04T04:57:47.332000-04:00,12.348522186279297,0.4484802484512329,-11.900041580200195
2026-08-04T04:57:47.336000-04:00,12.366994857788086,0.4757210910320282,-11.891273498535156
2026-08-04T04:57:47.340000-04:00,12.375996589660645,0.5088075995445251,-11.867189407348633
2026-08-04T04:57:47.344000-04:00,12.401484489440918,0.5417772531509399,-11.85970687866211
2026-08-04T04:57:47.348000-04:00,12.40721321105957,0.5690180659294128,-11.838194847106934
2026-08-04T04:57:47.352000-04:00,12.426971435546875,0.5931022763252258,-11.833868980407715
2026-08-04T04:57:47.356000-04:00,12.42989444732666,0.5922838449478149,-11.837610244750977
2026-08-04T04:57:47.360000-04:00,12.431180000305176,0.6187062859535217,-11.81247329711914
2026-08-04T04:57:47.364000-04:00,12.437376976013184,0.6369448304176331,-11.800432205200195
2026-08-04T04:57:47.368000-04:00,12.439480781555176,0.6278255581855774,-11.811655044555664
2026-08-04T04:57:47.372000-04:00,12.437259674072266,0.6358926296234131,-11.801366806030273
2026-08-04T04:57:47.376000-04:00,12.416214942932129,0.6201092600822449,-11.79610538482666
2026-08-04T04:57:47.380000-04:00,12.39937973022461,0.5978956818580627,-11.801484107971191
2026-08-04T04:57:47.384000-04:00,12.379737854003906,0.5678489208221436,-11.811888694763184
2026-08-04T04:57:47.388000-04:00,12.363253593444824,0.5345286130905151,-11.82872486114502
2026-08-04T04:57:47.392000-04:00,12.340923309326172,0.4844895899295807,-11.856433868408203
2026-08-04T04:57:47.396000-04:00,12.30865478515625,0.4366719722747803,-11.87198257446289
2026-08-04T04:57:47.400000-04:00,12.279777526855469,0.38686680793762207,-11.892910957336426
2026-08-04T04:57:47.404000-04:00,12.257329940795898,0.3195246458053589,-11.93780517578125
2026-08-04T04:57:47.408000-04:00,12.23640251159668,0.2870226800441742,-11.949379920959473
2026-08-04T04:57:47.412000-04:00,12.206005096435547,0.22751370072364807,-11.97849178314209
2026-08-04T04:57:47.416000-04:00,12.177010536193848,0.1733827441930771,-12.00362777709961
2026-08-04T04:57:47.420000-04:00,12.154679298400879,0.14625880122184753,-12.008420944213867
2026-08-04T04:57:47.424000-04:00,12.143221855163574,0.1044037714600563,-12.038818359375
2026-08-04T04:57:47.428000-04:00,12.134102821350098,0.07879970967769623,-12.055303573608398
2026-08-04T04:57:47.432000-04:00,12.109667778015137,0.04384256899356842,-12.065825462341309
2026-08-04T04:57:47.436000-04:00,12.090143203735352,0.02922837808728218,-12.060914993286133
2026-08-04T04:57:47.440000-04:00,12.084882736206055,-0.003039751434698701,-12.087922096252441
2026-08-04T04:57:47.444000-04:00,12.085817337036133,-0.009820735082030296,-12.095638275146484
2026-08-04T04:57:47.448000-04:00,12.085232734680176,-0.015081843361258507,-12.100314140319824
2026-08-04T04:57:47.452000-04:00,12.074477195739746,-0.04559627175331116,-12.120073318481445
2026-08-04T04:57:47.456000-04:00,12.062317848205566,-0.04945441707968712,-12.111772537231445
2026-08-04T04:57:47.460000-04:00,12.0429105758667,-0.05190959945321083,-12.094820022583008
2026-08-04T04:57:47.464000-04:00,12.052380561828613,-0.052494168281555176,-12.104874610900879
2026-08-04T04:57:47.468000-04:00,12.053549766540527,-0.029696032404899597,-12.083246231079102
2026-08-04T04:57:47.472000-04:00,12.05518627166748,-0.038113806396722794,-12.093299865722656
2026-08-04T04:57:47.476000-04:00,12.04735279083252,-0.04968824237585068,-12.097041130065918
2026-08-04T04:57:47.480000-04:00,12.039987564086914,-0.052494168281555176,-12.09248161315918
2026-08-04T04:57:47.484000-04:00,12.033674240112305,-0.060678113251924515,-12.094352722167969
2026-08-04T04:57:47.488000-04:00,12.05319881439209,-0.05576774477958679,-12.108966827392578
2026-08-04T04:57:47.492000-04:00,12.05097770690918,-0.05705379322171211,-12.108031272888184
2026-08-04T04:57:47.496000-04:00,12.046418190002441,-0.047233060002326965,-12.093650817871094
2026-08-04T04:57:47.500000-04:00,12.044196128845215,-0.05471552535891533,-12.09891128540039
2026-08-04T04:57:47.504000-04:00,12.046067237854004,-0.048636022955179214,-12.094703674316406
2026-08-04T04:57:47.508000-04:00,12.047937393188477,-0.061028853058815,-12.108965873718262
2026-08-04T04:57:47.512000-04:00,12.049808502197266,-0.059158239513635635,-12.108966827392578
2026-08-04T04:57:47.516000-04:00,12.0430269241333,-0.06289947032928467,-12.105926513671875
2026-08-04T04:57:47.520000-04:00,12.041741371154785,-0.06254872679710388,-12.104290008544922
2026-08-04T04:57:47.524000-04:00,12.048755645751953,-0.04080281779170036,-12.089558601379395
2026-08-04T04:57:47.528000-04:00,12.057056427001953,-0.02256430871784687,-12.079620361328125
2026-08-04T04:57:47.532000-04:00,12.0513277053833,-0.020576778799295425,-12.071904182434082
2026-08-04T04:57:47.536000-04:00,12.050158500671387,-0.023733442649245262,-12.073891639709473
2026-08-04T04:57:47.540000-04:00,12.040454864501953,-0.019641470164060593,-12.060096740722656
2026-08-04T04:57:47.544000-04:00,12.054601669311523,-0.013561967760324478,-12.068163871765137
2026-08-04T04:57:47.548000-04:00,12.058810234069824,-0.01613406464457512,-12.074944496154785
2026-08-04T04:57:47.552000-04:00,12.058109283447266,-0.010522216558456421,-12.068631172180176
2026-08-04T04:57:47.556000-04:00,12.056706428527832,0.008885427378118038,-12.047821044921875
2026-08-04T04:57:47.560000-04:00,12.058342933654785,0.010405302979052067,-12.047937393188477
2026-08-04T04:57:47.564000-04:00,12.062084197998047,0.013094313442707062,-12.048990249633789
2026-08-04T04:57:47.568000-04:00,12.075178146362305,0.033320352435112,-12.041857719421387
2026-08-04T04:57:47.572000-04:00,12.064422607421875,0.026188626885414124,-12.038233757019043
2026-08-04T04:57:47.576000-04:00,12.055303573608398,0.017069373279809952,-12.038233757019043
2026-08-04T04:57:47.580000-04:00,12.050275802612305,0.032735783606767654,-12.017539978027344
2026-08-04T04:57:47.584000-04:00,12.066761016845703,0.01332814060151577,-12.05343246459961
2026-08-04T04:57:47.588000-04:00,12.06956672668457,0.0198752973228693,-12.049691200256348
2026-08-04T04:57:47.592000-04:00,12.07178783416748,0.017537027597427368,-12.054250717163086
2026-08-04T04:57:47.596000-04:00,12.072489738464355,0.031098995357751846,-12.041390419006348
2026-08-04T04:57:47.600000-04:00,12.068397521972656,0.02934529259800911,-12.03905200958252
2026-08-04T04:57:47.604000-04:00,12.066292762756348,0.011808265000581741,-12.054484367370605
2026-08-04T04:57:47.608000-04:00,12.068864822387695,0.0035074055194854736,-12.065357208251953
2026-08-04T04:57:47.612000-04:00,12.074126243591309,-0.0022213568445295095,-12.076347351074219
2026-08-04T04:57:47.616000-04:00,12.044196128845215,-0.004091972950845957,-12.048288345336914
2026-08-04T04:57:47.620000-04:00,12.056822776794434,0.015315670520067215,-12.04150676727295
2026-08-04T04:57:47.624000-04:00,12.071203231811523,0.02256430871784687,-12.048639297485352
2026-08-04T04:57:47.628000-04:00,12.083128929138184,-0.0033904919400811195,-12.086519241333008
2026-08-04T04:57:47.632000-04:00,12.07833480834961,-0.009703821502625942,-12.088038444519043
2026-08-04T04:57:47.636000-04:00,12.058342933654785,-0.018939988687634468,-12.077282905578613
2026-08-04T04:57:47.640000-04:00,12.059394836425781,-0.01858924888074398,-12.077983856201172
2026-08-04T04:57:47.644000-04:00,12.050860404968262,-0.011106783524155617,-12.061966896057129
2026-08-04T04:57:47.648000-04:00,12.074828147888184,0.005144194699823856,-12.069684028625488
2026-08-04T04:57:47.652000-04:00,12.066877365112305,0.00023382702784147114,-12.066643714904785
2026-08-04T04:57:47.656000-04:00,12.06734561920166,-0.02525331825017929,-12.092598915100098
2026-08-04T04:57:47.660000-04:00,12.066761016845703,-0.011925178579986095,-12.078685760498047
2026-08-04T04:57:47.664000-04:00,12.062902450561523,-0.010639130137860775,-12.073541641235352
2026-08-04T04:57:47.668000-04:00,12.070502281188965,-0.02244739420711994,-12.092949867248535
2026-08-04T04:57:47.672000-04:00,12.072021484375,-0.031098995357751846,-12.103120803833008
2026-08-04T04:57:47.676000-04:00,12.062551498413086,-0.04232269152998924,-12.104874610900879
2026-08-04T04:57:47.680000-04:00,12.062551498413086,-0.032501958310604095,-12.095053672790527
2026-08-04T04:57:47.684000-04:00,12.070852279663086,-0.06289947032928467,-12.13375186920166
2026-08-04T04:57:47.688000-04:00,12.070735931396484,-0.09727204591035843,-12.168007850646973
2026-08-04T04:57:47.692000-04:00,12.03858470916748,-0.11375685036182404,-12.152341842651367
2026-08-04T04:57:47.696000-04:00,12.032271385192871,-0.05892441049218178,-12.091196060180664
2026-08-04T04:57:47.700000-04:00,12.05904483795166,-0.039282940328121185,-12.09832763671875
2026-08-04T04:57:47.704000-04:00,12.066643714904785,-0.06968045234680176,-12.136323928833008
2026-08-04T04:57:47.708000-04:00,12.064305305480957,-0.06488700211048126,-12.129192352294922
2026-08-04T04:57:47.712000-04:00,12.042559623718262,-0.047349974513053894,-12.089909553527832
2026-08-04T04:57:47.716000-04:00,12.04489803314209,-0.017653940245509148,-12.062551498413086
2026-08-04T04:57:47.720000-04:00,12.052029609680176,-0.013211227022111416,-12.065240859985352
2026-08-04T04:57:47.724000-04:00,12.040338516235352,-0.031332820653915405,-12.071671485900879
2026-08-04T04:57:47.728000-04:00,12.045716285705566,-0.040568988770246506,-12.086285591125488
2026-08-04T04:57:47.732000-04:00,12.061616897583008,-0.05611848831176758,-12.117734909057617
2026-08-04T04:57:47.736000-04:00,12.04127311706543,-0.05985971912741661,-12.1011323928833
2026-08-04T04:57:47.740000-04:00,12.044780731201172,-0.05869058519601822,-12.103471755981445
2026-08-04T04:57:47.744000-04:00,12.058576583862305,-0.038113806396722794,-12.09669017791748
2026-08-04T04:57:47.748000-04:00,12.08593463897705,-0.003039751434698701,-12.088973999023438
2026-08-04T04:57:47.752000-04:00,12.08008861541748,0.03624318912625313,-12.043845176696777
2026-08-04T04:57:47.756000-04:00,12.05565357208252,0.01999220997095108,-12.035661697387695
2026-08-04T04:57:47.760000-04:00,12.05904483795166,0.02010912448167801,-12.038935661315918
2026-08-04T04:57:47.764000-04:00,12.049808502197266,-0.0026890109293162823,-12.052497863769531
2026-08-04T04:57:47.768000-04:00,12.069917678833008,0.012743572704494,-12.057173728942871
2026-08-04T04:57:47.772000-04:00,12.068514823913574,0.06453625857830048,-12.003978729248047
2026-08-04T04:57:47.776000-04:00,12.059979438781738,0.09703821688890457,-11.96294116973877
2026-08-04T04:57:47.780000-04:00,12.031218528747559,0.07447391003370285,-11.956744194030762
2026-08-04T04:57:47.784000-04:00,12.043377876281738,0.0630163848400116,-11.980361938476562
2026-08-04T04:57:47.788000-04:00,12.054368019104004,0.10872957110404968,-11.945638656616211
2026-08-04T04:57:47.792000-04:00,12.04103946685791,0.12661734223365784,-11.914422035217285
2026-08-04T04:57:47.796000-04:00,12.04466438293457,0.09925957024097443,-11.945405006408691
2026-08-04T04:57:47.800000-04:00,12.075295448303223,0.09095871448516846,-11.984336853027344
2026-08-04T04:57:47.804000-04:00,12.066059112548828,0.05705379322171211,-12.009005546569824
2026-08-04T04:57:47.808000-04:00,12.066410064697266,0.016601718962192535,-12.049808502197266
2026-08-04T04:57:47.812000-04:00,12.059863090515137,0.00116913509555161,-12.058693885803223
2026-08-04T04:57:47.816000-04:00,12.049924850463867,-0.02385035715997219,-12.073775291442871
2026-08-04T04:57:47.820000-04:00,12.035895347595215,-0.03729541227221489,-12.073190689086914
2026-08-04T04:57:47.824000-04:00,12.041390419006348,-0.055417004972696304,-12.096807479858398
2026-08-04T04:57:47.828000-04:00,12.040688514709473,-0.09657055884599686,-12.137259483337402
2026-08-04T04:57:47.832000-04:00,12.0264253616333,-0.12170697003602982,-12.14813232421875
2026-08-04T04:57:47.836000-04:00,12.009005546569824,-0.133281409740448,-12.142287254333496
2026-08-04T04:57:47.840000-04:00,11.994976043701172,-0.16309435665607452,-12.15807056427002
2026-08-04T04:57:47.844000-04:00,12.006199836730957,-0.14766177535057068,-12.153861999511719
2026-08-04T04:57:47.848000-04:00,12.018942832946777,-0.1489478200674057,-12.167890548706055
2026-08-04T04:57:47.852000-04:00,12.025607109069824,-0.12462980300188065,-12.150237083435059
2026-08-04T04:57:47.856000-04:00,12.023736953735352,-0.12556511163711548,-12.14930248260498
2026-08-04T04:57:47.860000-04:00,12.007251739501953,-0.13702264428138733,-12.144274711608887
2026-08-04T04:57:47.864000-04:00,12.00760269165039,-0.1392439901828766,-12.146846771240234
2026-08-04T04:57:47.868000-04:00,12.02198314666748,-0.142868310213089,-12.164851188659668
2026-08-04T04:57:47.872000-04:00,12.014266967773438,-0.14508967101573944,-12.159357070922852
2026-08-04T04:57:47.876000-04:00,11.986207008361816,-0.14918164908885956,-12.135388374328613
2026-08-04T04:57:47.880000-04:00,12.007251739501953,-0.17899459600448608,-12.186245918273926
2026-08-04T04:57:47.884000-04:00,11.988311767578125,-0.17431804537773132,-12.162630081176758
2026-08-04T04:57:47.888000-04:00,11.987493515014648,-0.14473892748355865,-12.132232666015625
2026-08-04T04:57:47.892000-04:00,11.965630531311035,-0.10709277540445328,-12.072723388671875
2026-08-04T04:57:47.896000-04:00,11.954524040222168,-0.09037414938211441,-12.04489803314209
2026-08-04T04:57:47.900000-04:00,11.988194465637207,-0.11539363861083984,-12.103588104248047
2026-08-04T04:57:47.904000-04:00,12.111888885498047,-0.04688232019543648,-12.158771514892578
2026-08-04T04:57:47.908000-04:00,12.28211498260498,0.1453235000371933,-12.136791229248047
2026-08-04T04:57:47.912000-04:00,12.352497100830078,0.38639914989471436,-11.966097831726074
2026-08-04T04:57:47.916000-04:00,12.2781400680542,1.0024164915084839,-11.275723457336426
2026-08-04T04:57:47.920000-04:00,12.235934257507324,1.528293490409851,-10.707640647888184
2026-08-04T04:57:47.924000-04:00,12.154913902282715,2.1517932415008545,-10.003120422363281
2026-08-04T04:57:47.928000-04:00,12.119606018066406,2.2422842979431152,-9.877321243286133
2026-08-04T04:57:47.932000-04:00,12.039636611938477,2.145596742630005,-9.89404010772705
2026-08-04T04:57:47.936000-04:00,12.030050277709961,1.7355811595916748,-10.294468879699707
2026-08-04T04:57:47.940000-04:00,11.984687805175781,1.0918552875518799,-10.89283275604248
2026-08-04T04:57:47.944000-04:00,12.008654594421387,0.46543270349502563,-11.543221473693848
2026-08-04T04:57:47.948000-04:00,12.053899765014648,0.24423232674598694,-11.809667587280273
2026-08-04T04:57:47.952000-04:00,12.129776954650879,0.19360877573490143,-11.93616771697998
2026-08-04T04:57:47.956000-04:00,12.10054874420166,0.13901016116142273,-11.961538314819336
2026-08-04T04:57:47.960000-04:00,12.05518627166748,0.05494935065507889,-12.000236511230469
2026-08-04T04:57:47.964000-04:00,12.06757926940918,0.02420109696686268,-12.043377876281738
2026-08-04T04:57:47.968000-04:00,12.060797691345215,0.0007014810689724982,-12.06009578704834
2026-08-04T04:57:47.972000-04:00,12.091429710388184,0.013211227022111416,-12.078218460083008
2026-08-04T04:57:47.976000-04:00,12.07763385772705,-0.03063134104013443,-12.108264923095703
2026-08-04T04:57:47.980000-04:00,12.064188957214355,-0.061964161694049835,-12.126152992248535
2026-08-04T04:57:47.984000-04:00,12.069215774536133,-0.04781762883067131,-12.117033004760742
2026-08-04T04:57:47.988000-04:00,12.077049255371094,-0.028409983962774277,-12.105459213256836
2026-08-04T04:57:47.992000-04:00,12.070852279663086,-0.04045207425951958,-12.11130428314209
2026-08-04T04:57:47.996000-04:00,12.058225631713867,-0.0646531730890274,-12.122879028320312
2026-08-04T04:57:48-04:00,12.059745788574219,-0.08569760620594025,-12.145442962646484
2026-08-04T04:57:48.004000-04:00,12.085350036621094,-0.05635231360793114,-12.141702651977539
2026-08-04T04:57:48.008000-04:00,12.090727806091309,-0.02139517292380333,-12.112122535705566
2026-08-04T04:57:48.012000-04:00,12.087688446044922,-0.01730320043861866,-12.104991912841797
2026-08-04T04:57:48.016000-04:00,12.095520973205566,-0.007950118742883205,-12.103470802307129
2026-08-04T04:57:48.020000-04:00,12.096105575561523,-0.009236167185008526,-12.105341911315918
2026-08-04T04:57:48.024000-04:00,12.100899696350098,-0.00046765405568294227,-12.101366996765137
2026-08-04T04:57:48.028000-04:00,12.110369682312012,0.014263448305428028,-12.09610652923584
2026-08-04T04:57:48.032000-04:00,12.104523658752441,0.017069373279809952,-12.087453842163086
2026-08-04T04:57:48.036000-04:00,12.096924781799316,0.023265790194272995,-12.07365894317627
2026-08-04T04:57:48.040000-04:00,12.117968559265137,0.032618869096040726,-12.085350036621094
2026-08-04T04:57:48.044000-04:00,12.127789497375488,0.028409983962774277,-12.099379539489746
2026-08-04T04:57:48.048000-04:00,12.142754554748535,0.04138738289475441,-12.101366996765137
2026-08-04T04:57:48.052000-04:00,12.137025833129883,0.057872191071510315,-12.079154014587402
2026-08-04T04:57:48.056000-04:00,12.125919342041016,0.06535465270280838,-12.060564994812012
2026-08-04T04:57:48.060000-04:00,12.153627395629883,0.09364772588014603,-12.059979438781738
2026-08-04T04:57:48.064000-04:00,12.153393745422363,0.08242402970790863,-12.070969581604004
2026-08-04T04:57:48.068000-04:00,12.18940258026123,0.11539363861083984,-12.07400894165039
2026-08-04T04:57:48.072000-04:00,12.171982765197754,0.1212393119931221,-12.050743103027344
2026-08-04T04:57:48.076000-04:00,12.181336402893066,0.13269683718681335,-12.048639297485352
2026-08-04T04:57:48.080000-04:00,12.19326114654541,0.18016372621059418,-12.013097763061523
2026-08-04T04:57:48.084000-04:00,12.194781303405762,0.2051832228899002,-11.989598274230957
2026-08-04T04:57:48.088000-04:00,12.229620933532715,0.22459085285663605,-12.005029678344727
2026-08-04T04:57:48.092000-04:00,12.234180450439453,0.22669529914855957,-12.007485389709473
2026-08-04T04:57:48.096000-04:00,12.247509002685547,0.27007022500038147,-11.977438926696777
2026-08-04T04:57:48.100000-04:00,12.258732795715332,0.3075994551181793,-11.951133728027344
2026-08-04T04:57:48.104000-04:00,12.287259101867676,0.37681224942207336,-11.910447120666504
2026-08-04T04:57:48.108000-04:00,12.307719230651855,0.40335163474082947,-11.904367446899414
2026-08-04T04:57:48.112000-04:00,12.335661888122559,0.43211233615875244,-11.903549194335938
2026-08-04T04:57:48.116000-04:00,12.35425090789795,0.4364381432533264,-11.91781234741211
2026-08-04T04:57:48.120000-04:00,12.347236633300781,0.4684724509716034,-11.878764152526855
2026-08-04T04:57:48.124000-04:00,12.376932144165039,0.527747631072998,-11.849184036254883
2026-08-04T04:57:48.128000-04:00,12.388506889343262,0.5472721457481384,-11.841235160827637
2026-08-04T04:57:48.132000-04:00,12.392715454101562,0.5445831418037415,-11.848132133483887
2026-08-04T04:57:48.136000-04:00,12.404406547546387,0.5639907717704773,-11.840415954589844
2026-08-04T04:57:48.140000-04:00,12.406978607177734,0.5888933539390564,-11.818085670471191
2026-08-04T04:57:48.144000-04:00,12.39914608001709,0.5849183201789856,-11.814228057861328
2026-08-04T04:57:48.148000-04:00,12.4013671875,0.6014031171798706,-11.79996395111084
2026-08-04T04:57:48.152000-04:00,12.389558792114258,0.5949728488922119,-11.794586181640625
2026-08-04T04:57:48.156000-04:00,12.383596420288086,0.5774358510971069,-11.806160926818848
2026-08-04T04:57:48.160000-04:00,12.358343124389648,0.5464537739753723,-11.8118896484375
2026-08-04T04:57:48.164000-04:00,12.354134559631348,0.5313718914985657,-11.822762489318848
2026-08-04T04:57:48.168000-04:00,12.322450637817383,0.4971162676811218,-11.825334548950195
2026-08-04T04:57:48.172000-04:00,12.307251930236816,0.43012481927871704,-11.877126693725586
2026-08-04T04:57:48.176000-04:00,12.266566276550293,0.3641856014728546,-11.90238094329834
2026-08-04T04:57:48.180000-04:00,12.23640251159668,0.3159003257751465,-11.920501708984375
2026-08-04T04:57:48.184000-04:00,12.219449996948242,0.2821123003959656,-11.937337875366211
2026-08-04T04:57:48.188000-04:00,12.198171615600586,0.22786444425582886,-11.970307350158691
2026-08-04T04:57:48.192000-04:00,12.180985450744629,0.2010912448167801,-11.979894638061523
2026-08-04T04:57:48.196000-04:00,12.136557579040527,0.13339832425117493,-12.003159523010254
2026-08-04T04:57:48.200000-04:00,12.119488716125488,0.0935308113694191,-12.025958061218262
2026-08-04T04:57:48.204000-04:00,12.107213020324707,0.08020266890525818,-12.027009963989258
2026-08-04T04:57:48.208000-04:00,12.092364311218262,0.0291114654392004,-12.063252449035645
2026-08-04T04:57:48.212000-04:00,12.077282905578613,0.009820735082030296,-12.067461967468262
2026-08-04T04:57:48.216000-04:00,12.05343246459961,-0.03156664967536926,-12.084999084472656
2026-08-04T04:57:48.220000-04:00,12.050393104553223,-0.032501958310604095,-12.082895278930664
2026-08-04T04:57:48.224000-04:00,12.045949935913086,-0.05062355101108551,-12.096573829650879
2026-08-04T04:57:48.228000-04:00,12.048521995544434,-0.06114576756954193,-12.109667778015137
2026-08-04T04:57:48.232000-04:00,12.034843444824219,-0.07716292142868042,-12.112006187438965
2026-08-04T04:57:48.236000-04:00,12.011577606201172,-0.08359315991401672,-12.095170974731445
2026-08-04T04:57:48.240000-04:00,12.023035049438477,-0.09621982276439667,-12.119255065917969
2026-08-04T04:57:48.244000-04:00,12.011460304260254,-0.10580673068761826,-12.117266654968262
2026-08-04T04:57:48.248000-04:00,12.023152351379395,-0.10522216558456421,-12.128374099731445
2026-08-04T04:57:48.252000-04:00,12.00222396850586,-0.13059239089488983,-12.132816314697266
2026-08-04T04:57:48.256000-04:00,12.008420944213867,-0.08885426819324493,-12.097274780273438
2026-08-04T04:57:48.260000-04:00,12.005380630493164,-0.10148093104362488,-12.106861114501953
2026-08-04T04:57:48.264000-04:00,12.002808570861816,-0.07459082454442978,-12.077399253845215
2026-08-04T04:57:48.268000-04:00,12.02443790435791,-0.06804366409778595,-12.09248161315918
2026-08-04T04:57:48.272000-04:00,12.010642051696777,-0.08908809721469879,-12.099730491638184
2026-08-04T04:57:48.276000-04:00,12.012746810913086,-0.09610290825366974,-12.10884952545166
2026-08-04T04:57:48.280000-04:00,12.018007278442383,-0.08639908581972122,-12.104406356811523
2026-08-04T04:57:48.284000-04:00,12.007953643798828,-0.10522216558456421,-12.113175392150879
2026-08-04T04:57:48.288000-04:00,12.01613712310791,-0.09972722828388214,-12.115864753723145
2026-08-04T04:57:48.292000-04:00,12.018007278442383,-0.0871005654335022,-12.105108261108398
2026-08-04T04:57:48.296000-04:00,12.005146980285645,-0.12030400335788727,-12.12545108795166
2026-08-04T04:57:48.300000-04:00,12.001172065734863,-0.11375685036182404,-12.11492919921875
2026-08-04T04:57:48.304000-04:00,12.012162208557129,-0.0814887210726738,-12.093650817871094
2026-08-04T04:57:48.308000-04:00,12.018475532531738,-0.07611069828271866,-12.094586372375488
2026-08-04T04:57:48.312000-04:00,12.011226654052734,-0.06149650737643242,-12.072723388671875
2026-08-04T04:57:48.316000-04:00,12.018709182739258,-0.041971951723098755,-12.060681343078613
2026-08-04T04:57:48.320000-04:00,12.03028392791748,-0.05050663650035858,-12.080790519714355
2026-08-04T04:57:48.324000-04:00,12.030517578125,-0.04699923098087311,-12.077516555786133
2026-08-04T04:57:48.328000-04:00,12.03273868560791,-0.04957133159041405,-12.08230972290039
2026-08-04T04:57:48.332000-04:00,12.038818359375,-0.02396726980805397,-12.062786102294922
2026-08-04T04:57:48.336000-04:00,12.021281242370605,-0.03355417773127556,-12.054835319519043
2026-08-04T04:57:48.340000-04:00,12.023152351379395,-0.03986750915646553,-12.063019752502441
2026-08-04T04:57:48.344000-04:00,12.02853012084961,-0.05202651396393776,-12.080556869506836
2026-08-04T04:57:48.348000-04:00,12.026776313781738,-0.0425565205514431,-12.06933307647705
2026-08-04T04:57:48.352000-04:00,12.032855987548828,-0.033320352435112,-12.066176414489746
2026-08-04T04:57:48.356000-04:00,12.015552520751953,-0.028877638280391693,-12.044429779052734
2026-08-04T04:57:48.360000-04:00,12.040688514709473,-0.015549497678875923,-12.056238174438477
2026-08-04T04:57:48.364000-04:00,12.031102180480957,-0.031098995357751846,-12.062201499938965
2026-08-04T04:57:48.368000-04:00,12.051795959472656,0.0031566647812724113,-12.048639297485352
2026-08-04T04:57:48.372000-04:00,12.048990249633789,-0.01847233437001705,-12.067462921142578
2026-08-04T04:57:48.376000-04:00,12.028763771057129,-0.03565862029790878,-12.064422607421875
2026-08-04T04:57:48.380000-04:00,12.041857719421387,-0.01882307603955269,-12.060680389404297
2026-08-04T04:57:48.384000-04:00,12.033440589904785,-0.030982080847024918,-12.064422607421875
2026-08-04T04:57:48.388000-04:00,12.049223899841309,-0.03168356046080589,-12.080907821655273
2026-08-04T04:57:48.392000-04:00,12.038116455078125,-0.036477018147706985,-12.074593544006348
2026-08-04T04:57:48.396000-04:00,12.039520263671875,-0.059275150299072266,-12.098794937133789
2026-08-04T04:57:48.400000-04:00,12.046651840209961,-0.0425565205514431,-12.089208602905273
2026-08-04T04:57:48.404000-04:00,12.055068969726562,-0.006430243141949177,-12.06149959564209
2026-08-04T04:57:48.408000-04:00,12.046651840209961,-0.01730320043861866,-12.063955307006836
2026-08-04T04:57:48.412000-04:00,12.035544395446777,-0.03764615207910538,-12.073190689086914
2026-08-04T04:57:48.416000-04:00,12.02829647064209,-0.043258000165224075,-12.071554183959961
2026-08-04T04:57:48.420000-04:00,12.030868530273438,-0.05085738003253937,-12.08172607421875
2026-08-04T04:57:48.424000-04:00,12.041857719421387,-0.0574045367538929,-12.099262237548828
2026-08-04T04:57:48.428000-04:00,12.042442321777344,-0.05588465929031372,-12.098326683044434
2026-08-04T04:57:48.432000-04:00,12.028061866760254,-0.06371786445379257,-12.091779708862305
2026-08-04T04:57:48.436000-04:00,12.030166625976562,-0.06874514371156693,-12.098912239074707
2026-08-04T04:57:48.440000-04:00,12.032855987548828,-0.08546377718448639,-12.118319511413574
2026-08-04T04:57:48.444000-04:00,12.024321556091309,-0.07084959000349045,-12.095170974731445
2026-08-04T04:57:48.448000-04:00,12.035077095031738,-0.07178489863872528,-12.10686206817627
2026-08-04T04:57:48.452000-04:00,12.021047592163086,-0.08546377718448639,-12.106511116027832
2026-08-04T04:57:48.456000-04:00,12.023853302001953,-0.08651600033044815,-12.110369682312012
2026-08-04T04:57:48.460000-04:00,12.011110305786133,-0.09540142863988876,-12.106512069702148
2026-08-04T04:57:48.464000-04:00,12.031569480895996,-0.10323463380336761,-12.134803771972656
2026-08-04T04:57:48.468000-04:00,12.023853302001953,-0.09224475920200348,-12.116098403930664
2026-08-04T04:57:48.472000-04:00,12.021632194519043,-0.10428685694932938,-12.125919342041016
2026-08-04T04:57:48.476000-04:00,12.01637077331543,-0.11808265000581741,-12.134453773498535
2026-08-04T04:57:48.480000-04:00,12.014850616455078,-0.10042870789766312,-12.115279197692871
2026-08-04T04:57:48.484000-04:00,12.020813941955566,-0.10498833656311035,-12.125802040100098
2026-08-04T04:57:48.488000-04:00,12.029348373413086,-0.09528451412916183,-12.124632835388184
2026-08-04T04:57:48.492000-04:00,12.029348373413086,-0.09493377059698105,-12.124281883239746
2026-08-04T04:57:48.496000-04:00,12.008771896362305,-0.0879189595580101,-12.096691131591797
2026-08-04T04:57:48.500000-04:00,12.015318870544434,-0.09762278199195862,-12.11294174194336
2026-08-04T04:57:48.504000-04:00,12.024788856506348,-0.10300080478191376,-12.127789497375488
2026-08-04T04:57:48.508000-04:00,12.014383316040039,-0.08616525679826736,-12.10054874420166
2026-08-04T04:57:48.512000-04:00,12.025139808654785,-0.101948581635952,-12.12708854675293
2026-08-04T04:57:48.516000-04:00,12.00806999206543,-0.11983635276556015,-12.127906799316406
2026-08-04T04:57:48.520000-04:00,12.020930290222168,-0.11106783896684647,-12.131998062133789
2026-08-04T04:57:48.524000-04:00,12.02467155456543,-0.14871399104595184,-12.173385620117188
2026-08-04T04:57:48.528000-04:00,12.023268699645996,-0.13585349917411804,-12.159122467041016
2026-08-04T04:57:48.532000-04:00,12.02829647064209,-0.06675761938095093,-12.095053672790527
2026-08-04T04:57:48.536000-04:00,12.018475532531738,-0.09505068510770798,-12.113526344299316
2026-08-04T04:57:48.540000-04:00,12.024555206298828,-0.10323463380336761,-12.127789497375488
2026-08-04T04:57:48.544000-04:00,12.033907890319824,-0.12369449436664581,-12.157602310180664
2026-08-04T04:57:48.548000-04:00,12.028997421264648,-0.0899064913392067,-12.118904113769531
2026-08-04T04:57:48.552000-04:00,12.02853012084961,-0.08733439445495605,-12.115864753723145
2026-08-04T04:57:48.556000-04:00,12.022099494934082,-0.08838661760091782,-12.110486030578613
2026-08-04T04:57:48.560000-04:00,12.020930290222168,-0.10183166712522507,-12.122761726379395
2026-08-04T04:57:48.564000-04:00,12.023853302001953,-0.10300080478191376,-12.126853942871094
2026-08-04T04:57:48.568000-04:00,12.034141540527344,-0.10487142205238342,-12.139013290405273
2026-08-04T04:57:48.572000-04:00,12.01660442352295,-0.11141857504844666,-12.128023147583008
2026-08-04T04:57:48.576000-04:00,12.015318870544434,-0.11749808490276337,-12.132817268371582
2026-08-04T04:57:48.580000-04:00,12.019411087036133,-0.11024944484233856,-12.129660606384277
2026-08-04T04:57:48.584000-04:00,12.031453132629395,-0.09925957024097443,-12.130712509155273
2026-08-04T04:57:48.588000-04:00,12.024086952209473,-0.11247079819440842,-12.136557579040527
2026-08-04T04:57:48.592000-04:00,12.02490520477295,-0.13176153600215912,-12.15666675567627
2026-08-04T04:57:48.596000-04:00,12.018241882324219,-0.13819177448749542,-12.156434059143066
2026-08-04T04:57:48.600000-04:00,12.012863159179688,-0.13784103095531464,-12.150704383850098
2026-08-04T04:57:48.604000-04:00,12.043962478637695,-0.09680438786745071,-12.140767097473145
2026-08-04T04:57:48.608000-04:00,12.062551498413086,-0.046180836856365204,-12.108732223510742
2026-08-04T04:57:48.612000-04:00,12.064656257629395,-0.021512087434530258,-12.08616828918457
2026-08-04T04:57:48.616000-04:00,12.031453132629395,-0.03343726322054863,-12.06489086151123
2026-08-04T04:57:48.620000-04:00,12.045248985290527,-0.028994550928473473,-12.074243545532227
2026-08-04T04:57:48.624000-04:00,12.055537223815918,-0.010405302979052067,-12.065942764282227
2026-08-04T04:57:48.628000-04:00,12.072723388671875,0.010288389399647713,-12.062435150146484
2026-08-04T04:57:48.632000-04:00,12.083011627197266,0.05857367068529129,-12.02443790435791
2026-08-04T04:57:48.636000-04:00,12.041156768798828,0.05857367068529129,-11.982583045959473
2026-08-04T04:57:48.640000-04:00,12.027828216552734,0.06219799071550369,-11.965630531311035
2026-08-04T04:57:48.644000-04:00,12.028646469116211,0.042205777019262314,-11.986440658569336
2026-08-04T04:57:48.648000-04:00,12.045598983764648,0.07879970967769623,-11.96679973602295
2026-08-04T04:57:48.652000-04:00,12.037415504455566,0.07599378377199173,-11.961421966552734
2026-08-04T04:57:48.656000-04:00,12.048521995544434,0.06932971626520157,-11.979192733764648
2026-08-04T04:57:48.660000-04:00,12.065474510192871,0.02665628120303154,-12.038818359375
2026-08-04T04:57:48.664000-04:00,12.063604354858398,0.006430243141949177,-12.057173728942871
2026-08-04T04:57:48.668000-04:00,12.064188957214355,-0.0008183945901691914,-12.065007209777832
2026-08-04T04:57:48.672000-04:00,12.045598983764648,-0.026890108361840248,-12.072488784790039
2026-08-04T04:57:48.676000-04:00,12.036246299743652,-0.02805924415588379,-12.064305305480957
2026-08-04T04:57:48.680000-04:00,12.034258842468262,-0.06336712092161179,-12.097625732421875
2026-08-04T04:57:48.684000-04:00,12.037064552307129,-0.06862822920084,-12.105692863464355
2026-08-04T04:57:48.688000-04:00,12.029932975769043,-0.10580673068761826,-12.13573932647705
2026-08-04T04:57:48.692000-04:00,12.00783634185791,-0.12275919318199158,-12.130595207214355
2026-08-04T04:57:48.696000-04:00,11.998132705688477,-0.13713955879211426,-12.135272026062012
2026-08-04T04:57:48.700000-04:00,12.001172065734863,-0.13141079246997833,-12.132582664489746
2026-08-04T04:57:48.704000-04:00,12.016721725463867,-0.13982856273651123,-12.156550407409668
2026-08-04T04:57:48.708000-04:00,12.011110305786133,-0.142868310213089,-12.15397834777832
2026-08-04T04:57:48.712000-04:00,12.006433486938477,-0.1682385504245758,-12.17467212677002
2026-08-04T04:57:48.716000-04:00,12.000704765319824,-0.16566644608974457,-12.16637134552002
2026-08-04T04:57:48.720000-04:00,12.001873970031738,-0.149766206741333,-12.151639938354492
2026-08-04T04:57:48.724000-04:00,11.998950958251953,-0.12579894065856934,-12.124750137329102
2026-08-04T04:57:48.728000-04:00,12.004446029663086,-0.14123152196407318,-12.14567756652832
2026-08-04T04:57:48.732000-04:00,11.993806838989258,-0.1545596718788147,-12.148366928100586
2026-08-04T04:57:48.736000-04:00,11.987259864807129,-0.15631337463855743,-12.143572807312012
2026-08-04T04:57:48.740000-04:00,11.986908912658691,-0.15771633386611938,-12.144625663757324
2026-08-04T04:57:48.744000-04:00,11.993338584899902,-0.1272018998861313,-12.120540618896484
2026-08-04T04:57:48.748000-04:00,11.966682434082031,-0.12381140887737274,-12.090494155883789
2026-08-04T04:57:48.752000-04:00,11.93803882598877,-0.09002340584993362,-12.028061866760254
2026-08-04T04:57:48.756000-04:00,11.942131042480469,-0.06675761938095093,-12.008888244628906
2026-08-04T04:57:48.760000-04:00,12.033440589904785,-0.07973501831293106,-12.113175392150879
2026-08-04T04:57:48.764000-04:00,12.129192352294922,-0.024551838636398315,-12.153743743896484
2026-08-04T04:57:48.768000-04:00,12.312980651855469,0.20459865033626556,-12.108382225036621
2026-08-04T04:57:48.772000-04:00,12.352848052978516,0.6371786594390869,-11.715669631958008
2026-08-04T04:57:48.776000-04:00,12.276036262512207,1.1055341958999634,-11.170501708984375
2026-08-04T04:57:48.780000-04:00,12.188117027282715,1.846648931503296,-10.34146785736084
2026-08-04T04:57:48.784000-04:00,12.143806457519531,2.1493380069732666,-9.994468688964844
2026-08-04T04:57:48.788000-04:00,12.104874610900879,2.2066256999969482,-9.898248672485352
2026-08-04T04:57:48.792000-04:00,12.039753913879395,2.02903413772583,-10.010719299316406
2026-08-04T04:57:48.796000-04:00,12.002107620239258,1.3561967611312866,-10.64591121673584
2026-08-04T04:57:48.800000-04:00,11.970190048217773,0.9738895893096924,-10.99630069732666
2026-08-04T04:57:48.804000-04:00,11.987727165222168,0.43655505776405334,-11.551172256469727
2026-08-04T04:57:48.808000-04:00,12.072138786315918,0.2533515989780426,-11.818787574768066
2026-08-04T04:57:48.812000-04:00,12.112239837646484,0.2272798717021942,-11.884960174560547
2026-08-04T04:57:48.816000-04:00,12.057056427001953,0.13632115721702576,-11.920735359191895
2026-08-04T04:57:48.820000-04:00,12.04688549041748,0.07424008101224899,-11.97264575958252
2026-08-04T04:57:48.824000-04:00,12.078218460083008,0.05167577415704727,-12.026542663574219
2026-08-04T04:57:48.828000-04:00,12.083128929138184,0.04010133445262909,-12.043027877807617
2026-08-04T04:57:48.832000-04:00,12.086870193481445,0.014731102623045444,-12.072138786315918
2026-08-04T04:57:48.836000-04:00,12.07400894165039,-0.007833205163478851,-12.081842422485352
2026-08-04T04:57:48.840000-04:00,12.071905136108398,-0.001286048674955964,-12.07319164276123
2026-08-04T04:57:48.844000-04:00,12.078569412231445,-0.020342951640486717,-12.098912239074707
2026-08-04T04:57:48.848000-04:00,12.07564640045166,-0.01858924888074398,-12.09423542022705
2026-08-04T04:57:48.852000-04:00,12.084063529968262,-0.007950118742883205,-12.092013359069824
2026-08-04T04:57:48.856000-04:00,12.081491470336914,-0.014263448305428028,-12.095754623413086
2026-08-04T04:57:48.860000-04:00,12.087103843688965,-0.007131724152714014,-12.09423542022705
2026-08-04T04:57:48.864000-04:00,12.089207649230957,0.023148875683546066,-12.066059112548828
2026-08-04T04:57:48.868000-04:00,12.107213020324707,0.057755276560783386,-12.049457550048828
2026-08-04T04:57:48.872000-04:00,12.085116386413574,0.02116134576499462,-12.063955307006836
2026-08-04T04:57:48.876000-04:00,12.097041130065918,0.0291114654392004,-12.0679292678833
2026-08-04T04:57:48.880000-04:00,12.112357139587402,0.049805156886577606,-12.062552452087402
2026-08-04T04:57:48.884000-04:00,12.12930965423584,0.05950897932052612,-12.06980037689209
2026-08-04T04:57:48.888000-04:00,12.122645378112793,0.05190959945321083,-12.070735931396484
2026-08-04T04:57:48.892000-04:00,12.130010604858398,0.06932971626520157,-12.060681343078613
2026-08-04T04:57:48.896000-04:00,12.124750137329102,0.0646531730890274,-12.060096740722656
2026-08-04T04:57:48.900000-04:00,12.127789497375488,0.06710835546255112,-12.060681343078613
2026-08-04T04:57:48.904000-04:00,12.143221855163574,0.07470773905515671,-12.068513870239258
2026-08-04T04:57:48.908000-04:00,12.152575492858887,0.07120033353567123,-12.081375122070312
2026-08-04T04:57:48.912000-04:00,12.158771514892578,0.08686674386262894,-12.071905136108398
2026-08-04T04:57:48.916000-04:00,12.156316757202148,0.11983635276556015,-12.036479949951172
2026-08-04T04:57:48.920000-04:00,12.156784057617188,0.1408807784318924,-12.01590347290039
2026-08-04T04:57:48.924000-04:00,12.161928176879883,0.1585347205400467,-12.003393173217773
2026-08-04T04:57:48.928000-04:00,12.180167198181152,0.16519878804683685,-12.014968872070312
2026-08-04T04:57:48.932000-04:00,12.187649726867676,0.16975842416286469,-12.017890930175781
2026-08-04T04:57:48.936000-04:00,12.195950508117676,0.17572100460529327,-12.02022933959961
2026-08-04T04:57:48.940000-04:00,12.202380180358887,0.1878800243139267,-12.014500617980957
2026-08-04T04:57:48.944000-04:00,12.235466957092285,0.2304365336894989,-12.005030632019043
2026-08-04T04:57:48.948000-04:00,12.2491455078125,0.2602494955062866,-11.988896369934082
2026-08-04T04:57:48.952000-04:00,12.26329231262207,0.29614192247390747,-11.967150688171387
2026-08-04T04:57:48.956000-04:00,12.268319129943848,0.31905698776245117,-11.949262619018555
2026-08-04T04:57:48.960000-04:00,12.290182113647461,0.338464617729187,-11.951717376708984
2026-08-04T04:57:48.964000-04:00,12.31672191619873,0.3624318838119507,-11.954290390014648
2026-08-04T04:57:48.968000-04:00,12.340572357177734,0.3934139609336853,-11.947158813476562
2026-08-04T04:57:48.972000-04:00,12.364422798156738,0.43573665618896484,-11.928686141967773
2026-08-04T04:57:48.976000-04:00,12.370034217834473,0.4615745544433594,-11.908459663391113
2026-08-04T04:57:48.980000-04:00,12.404172897338867,0.4974670112133026,-11.906705856323242
2026-08-04T04:57:48.984000-04:00,12.407329559326172,0.5326579809188843,-11.874671936035156
2026-08-04T04:57:48.988000-04:00,12.427322387695312,0.5766174793243408,-11.85070514678955
2026-08-04T04:57:48.992000-04:00,12.435388565063477,0.5801248550415039,-11.855263710021973
2026-08-04T04:57:48.996000-04:00,12.429659843444824,0.6123929619789124,-11.817266464233398
2026-08-04T04:57:49-04:00,12.435739517211914,0.585853636264801,-11.849885940551758
2026-08-04T04:57:49.004000-04:00,12.435154914855957,0.5783711671829224,-11.856783866882324
2026-08-04T04:57:49.008000-04:00,12.43620777130127,0.6230320930480957,-11.813175201416016
2026-08-04T04:57:49.012000-04:00,12.431764602661133,0.6372955441474915,-11.794468879699707
2026-08-04T04:57:49.016000-04:00,12.419722557067871,0.624785840511322,-11.794937133789062
2026-08-04T04:57:49.020000-04:00,12.402069091796875,0.5956743359565735,-11.806394577026367
2026-08-04T04:57:49.024000-04:00,12.392130851745605,0.5569759607315063,-11.83515453338623
2026-08-04T04:57:49.028000-04:00,12.372489929199219,0.516640841960907,-11.855849266052246
2026-08-04T04:57:49.032000-04:00,12.333440780639648,0.45701491832733154,-11.876425743103027
2026-08-04T04:57:49.036000-04:00,12.300236701965332,0.41083407402038574,-11.889402389526367
2026-08-04T04:57:49.040000-04:00,12.289012908935547,0.3893220126628876,-11.899690628051758
2026-08-04T04:57:49.044000-04:00,12.250198364257812,0.3094700574874878,-11.940728187561035
2026-08-04T04:57:49.048000-04:00,12.232192993164062,0.3171863555908203,-11.915006637573242
2026-08-04T04:57:49.052000-04:00,12.200743675231934,0.27042096853256226,-11.930322647094727
2026-08-04T04:57:49.056000-04:00,12.183557510375977,0.2212003618478775,-11.962357521057129
2026-08-04T04:57:49.060000-04:00,12.144742012023926,0.17408421635627747,-11.970657348632812
2026-08-04T04:57:49.064000-04:00,12.14614486694336,0.11410758644342422,-12.032037734985352
2026-08-04T04:57:49.068000-04:00,12.126971244812012,0.05296182259917259,-12.074009895324707
2026-08-04T04:57:49.072000-04:00,12.096456527709961,0.07540921866893768,-12.021047592163086
2026-08-04T04:57:49.076000-04:00,12.097509384155273,0.06757601350545883,-12.029932975769043
2026-08-04T04:57:49.080000-04:00,12.090143203735352,-0.016367891803383827,-12.106511116027832
2026-08-04T04:57:49.084000-04:00,12.094586372375488,-0.006430243141949177,-12.101016998291016
2026-08-04T04:57:49.088000-04:00,12.055419921875,-0.0077162920497357845,-12.063136100769043
2026-08-04T04:57:49.092000-04:00,12.043962478637695,-0.042088866233825684,-12.086050987243652
2026-08-04T04:57:49.096000-04:00,12.048288345336914,-0.08943884074687958,-12.137726783752441
2026-08-04T04:57:49.100000-04:00,12.047001838684082,-0.09925957024097443,-12.146261215209961
2026-08-04T04:57:49.104000-04:00,12.04267692565918,-0.10183166712522507,-12.144508361816406
2026-08-04T04:57:49.108000-04:00,12.039870262145996,-0.10943105071783066,-12.149301528930664
2026-08-04T04:57:49.112000-04:00,12.045014381408691,-0.12813721597194672,-12.173151969909668
2026-08-04T04:57:49.116000-04:00,12.043962478637695,-0.06874514371156693,-12.11270809173584
2026-08-04T04:57:49.120000-04:00,12.030400276184082,-0.03682775795459747,-12.067228317260742
2026-08-04T04:57:49.124000-04:00,12.028412818908691,-0.006079502869397402,-12.034492492675781
2026-08-04T04:57:49.128000-04:00,12.037766456604004,0.006780983880162239,-12.030985832214355
2026-08-04T04:57:49.132000-04:00,12.027945518493652,-0.0361262746155262,-12.064071655273438
2026-08-04T04:57:49.136000-04:00,12.028997421264648,-0.04501170292496681,-12.07400894165039
2026-08-04T04:57:49.140000-04:00,12.024086952209473,-0.05237725377082825,-12.076464653015137
2026-08-04T04:57:49.144000-04:00,12.041741371154785,-0.006313329562544823,-12.048054695129395
2026-08-04T04:57:49.148000-04:00,12.037766456604004,-0.037879977375268936,-12.07564640045166
2026-08-04T04:57:49.152000-04:00,12.038818359375,-0.03589244931936264,-12.074710845947266
2026-08-04T04:57:49.156000-04:00,12.041390419006348,-0.015432584099471569,-12.056822776794434
2026-08-04T04:57:49.160000-04:00,12.028061866760254,-0.016718631610274315,-12.044780731201172
2026-08-04T04:57:49.164000-04:00,12.038233757019043,0.01461418904364109,-12.023619651794434
2026-08-04T04:57:49.168000-04:00,12.055537223815918,-0.0026890109293162823,-12.058226585388184
2026-08-04T04:57:49.172000-04:00,12.039753913879395,-0.025837887078523636,-12.065591812133789
2026-08-04T04:57:49.176000-04:00,12.037649154663086,-0.009236167185008526,-12.04688549041748
2026-08-04T04:57:49.180000-04:00,12.039285659790039,0.005845675710588694,-12.033439636230469
2026-08-04T04:57:49.184000-04:00,12.048872947692871,0.010054562240839005,-12.038818359375
2026-08-04T04:57:49.188000-04:00,12.047119140625,0.02817615680396557,-12.018942832946777
2026-08-04T04:57:49.192000-04:00,12.057291030883789,0.00935308076441288,-12.047938346862793
2026-08-04T04:57:49.196000-04:00,12.057991981506348,0.025019491091370583,-12.03297233581543
2026-08-04T04:57:49.200000-04:00,12.041507720947266,-0.0009353081113658845,-12.04244327545166
2026-08-04T04:57:49.204000-04:00,12.064188957214355,0.00935308076441288,-12.05483627319336
2026-08-04T04:57:49.208000-04:00,12.064071655273438,0.052494168281555176,-12.011577606201172
2026-08-04T04:57:49.212000-04:00,12.061966896057129,0.050038982182741165,-12.011927604675293
2026-08-04T04:57:49.216000-04:00,12.058225631713867,0.04103664308786392,-12.017189025878906
2026-08-04T04:57:49.220000-04:00,12.056940078735352,0.02946220524609089,-12.027478218078613
2026-08-04T04:57:49.224000-04:00,12.064656257629395,0.06886205822229385,-11.995794296264648
2026-08-04T04:57:49.228000-04:00,12.072372436523438,0.03846454620361328,-12.033907890319824
2026-08-04T04:57:49.232000-04:00,12.070969581604004,0.04033516347408295,-12.030634880065918
2026-08-04T04:57:49.236000-04:00,12.054718971252441,0.08452846854925156,-11.970190048217773
2026-08-04T04:57:49.240000-04:00,12.060914993286133,0.06862822920084,-11.992286682128906
2026-08-04T04:57:49.244000-04:00,12.078569412231445,0.07003119587898254,-12.008538246154785
2026-08-04T04:57:49.248000-04:00,12.069683074951172,0.04115355759859085,-12.028529167175293
2026-08-04T04:57:49.252000-04:00,12.055303573608398,0.011340610682964325,-12.043963432312012
2026-08-04T04:57:49.256000-04:00,12.048171043395996,0.008768513798713684,-12.039402961730957
2026-08-04T04:57:49.260000-04:00,12.055770874023438,0.006079502869397402,-12.049691200256348
2026-08-04T04:57:49.264000-04:00,12.060914993286133,0.0077162920497357845,-12.05319881439209
2026-08-04T04:57:49.268000-04:00,12.056940078735352,0.04127047210931778,-12.015669822692871
2026-08-04T04:57:49.272000-04:00,12.054952621459961,0.039399854838848114,-12.015552520751953
2026-08-04T04:57:49.276000-04:00,12.058693885803223,0.02946220524609089,-12.029232025146484
2026-08-04T04:57:49.280000-04:00,12.054134368896484,0.013445054180920124,-12.040689468383789
2026-08-04T04:57:49.284000-04:00,12.060797691345215,0.00116913509555161,-12.0596284866333
2026-08-04T04:57:49.288000-04:00,12.058810234069824,-0.004208886530250311,-12.063018798828125
2026-08-04T04:57:49.292000-04:00,12.0761137008667,0.0022213568445295095,-12.073892593383789
2026-08-04T04:57:49.296000-04:00,12.045482635498047,-0.01742011308670044,-12.062902450561523
2026-08-04T04:57:49.300000-04:00,12.040338516235352,-0.012977399863302708,-12.053316116333008
2026-08-04T04:57:49.304000-04:00,12.045716285705566,-0.013795794919133186,-12.0595121383667
2026-08-04T04:57:49.308000-04:00,12.055068969726562,0.015549497678875923,-12.039519309997559
2026-08-04T04:57:49.312000-04:00,12.04688549041748,-0.01613406464457512,-12.063019752502441
2026-08-04T04:57:49.316000-04:00,12.0263090133667,-0.022330481559038162,-12.048639297485352
2026-08-04T04:57:49.320000-04:00,12.041390419006348,-0.012275919318199158,-12.053666114807129
2026-08-04T04:57:49.324000-04:00,12.051562309265137,-0.015198756940662861,-12.066761016845703
2026-08-04T04:57:49.328000-04:00,12.048521995544434,-0.019056903198361397,-12.06757926940918
2026-08-04T04:57:49.332000-04:00,12.047236442565918,-0.02525331825017929,-12.072489738464355
2026-08-04T04:57:49.336000-04:00,12.030868530273438,-0.03437257185578346,-12.065240859985352
2026-08-04T04:57:49.340000-04:00,12.039520263671875,-0.01601715199649334,-12.055537223815918
2026-08-04T04:57:49.344000-04:00,12.040454864501953,-0.019407643005251884,-12.05986213684082
2026-08-04T04:57:49.348000-04:00,12.038935661315918,-0.02922837808728218,-12.068163871765137
2026-08-04T04:57:49.352000-04:00,12.043261528015137,-0.0016367891803383827,-12.04489803314209
2026-08-04T04:57:49.356000-04:00,12.048405647277832,-0.013795794919133186,-12.062201499938965
2026-08-04T04:57:49.360000-04:00,12.033440589904785,-0.0240841843187809,-12.057524681091309
2026-08-04T04:57:49.364000-04:00,12.045248985290527,-0.00046765405568294227,-12.045716285705566
2026-08-04T04:57:49.368000-04:00,12.040454864501953,-0.01742011308670044,-12.05787467956543
2026-08-04T04:57:49.372000-04:00,12.027243614196777,-0.023382702842354774,-12.050626754760742
2026-08-04T04:57:49.376000-04:00,12.037181854248047,-0.016250979155302048,-12.05343246459961
2026-08-04T04:57:49.380000-04:00,12.035661697387695,-0.035307880491018295,-12.070969581604004
2026-08-04T04:57:49.384000-04:00,12.03905200958252,-0.03343726322054863,-12.072489738464355
2026-08-04T04:57:49.388000-04:00,12.041156768798828,-0.0198752973228693,-12.06103229522705
2026-08-04T04:57:49.392000-04:00,12.028763771057129,-0.032735783606767654,-12.06149959564209
2026-08-04T04:57:49.396000-04:00,12.031686782836914,-0.02782541699707508,-12.0595121383667
2026-08-04T04:57:49.400000-04:00,12.03636360168457,-0.03624318912625313,-12.072607040405273
2026-08-04T04:57:49.404000-04:00,12.027127265930176,-0.04512861743569374,-12.072256088256836
2026-08-04T04:57:49.408000-04:00,12.035895347595215,-0.023616530001163483,-12.0595121383667
2026-08-04T04:57:49.412000-04:00,12.036948204040527,-0.02279813587665558,-12.059746742248535
2026-08-04T04:57:49.416000-04:00,12.02022933959961,-0.039282940328121185,-12.0595121383667
2026-08-04T04:57:49.420000-04:00,12.026542663574219,-0.03858146071434021,-12.06512451171875
2026-08-04T04:57:49.424000-04:00,12.033206939697266,-0.08289168030023575,-12.116098403930664
2026-08-04T04:57:49.428000-04:00,12.023970603942871,-0.04080281779170036,-12.064773559570312
2026-08-04T04:57:49.432000-04:00,12.038233757019043,-0.02244739420711994,-12.060681343078613
2026-08-04T04:57:49.436000-04:00,12.0181245803833,-0.03565862029790878,-12.053783416748047
2026-08-04T04:57:49.440000-04:00,12.040454864501953,-0.017653940245509148,-12.05810832977295
2026-08-04T04:57:49.444000-04:00,12.042092323303223,-0.024318011477589607,-12.066410064697266
2026-08-04T04:57:49.448000-04:00,12.045833587646484,-0.033320352435112,-12.079154014587402
2026-08-04T04:57:49.452000-04:00,12.043144226074219,-0.023031963035464287,-12.066176414489746
2026-08-04T04:57:49.456000-04:00,12.025139808654785,-0.019407643005251884,-12.044547080993652
2026-08-04T04:57:49.460000-04:00,12.043261528015137,-0.006780983880162239,-12.050042152404785
2026-08-04T04:57:49.464000-04:00,12.048405647277832,-0.01847233437001705,-12.066878318786621
2026-08-04T04:57:49.468000-04:00,12.066176414489746,0.0010522216325625777,-12.06512451171875
2026-08-04T04:57:49.472000-04:00,12.066877365112305,0.043024174869060516,-12.023853302001953
2026-08-04T04:57:49.476000-04:00,12.054134368896484,0.027007021009922028,-12.027127265930176
2026-08-04T04:57:49.480000-04:00,12.064538955688477,0.08265785127878189,-11.981881141662598
2026-08-04T04:57:49.484000-04:00,12.064538955688477,0.10042870789766312,-11.964110374450684
2026-08-04T04:57:49.488000-04:00,12.084882736206055,0.10849574208259583,-11.976387023925781
2026-08-04T04:57:49.492000-04:00,12.101951599121094,0.138893261551857,-11.963058471679688
2026-08-04T04:57:49.496000-04:00,12.046651840209961,0.14789558947086334,-11.89875602722168
2026-08-04T04:57:49.500000-04:00,12.020930290222168,0.11866721510887146,-11.902262687683105
2026-08-04T04:57:49.504000-04:00,12.028881072998047,0.11387376487255096,-11.915007591247559
2026-08-04T04:57:49.508000-04:00,12.040221214294434,0.13819177448749542,-11.902029037475586
2026-08-04T04:57:49.512000-04:00,12.036012649536133,0.1308262199163437,-11.905186653137207
2026-08-04T04:57:49.516000-04:00,12.057173728942871,0.13830868899822235,-11.918865203857422
2026-08-04T04:57:49.520000-04:00,12.087454795837402,0.1280203014612198,-11.959434509277344
2026-08-04T04:57:49.524000-04:00,12.077400207519531,0.10007796436548233,-11.977322578430176
2026-08-04T04:57:49.528000-04:00,12.065591812133789,0.07809823006391525,-11.987493515014648
2026-08-04T04:57:49.532000-04:00,12.061850547790527,0.027708502486348152,-12.03414249420166
2026-08-04T04:57:49.536000-04:00,12.050743103027344,0.031098995357751846,-12.019643783569336
2026-08-04T04:57:49.540000-04:00,12.037181854248047,0.008885427378118038,-12.02829647064209
2026-08-04T04:57:49.544000-04:00,12.051094055175781,0.014731102623045444,-12.036362648010254
2026-08-04T04:57:49.548000-04:00,12.03636360168457,-0.011808265000581741,-12.048171997070312
2026-08-04T04:57:49.552000-04:00,12.009590148925781,-0.035074055194854736,-12.04466438293457
2026-08-04T04:57:49.556000-04:00,12.004679679870605,-0.06652379035949707,-12.071203231811523
2026-08-04T04:57:49.560000-04:00,12.015085220336914,-0.03752923756837845,-12.052614212036133
2026-08-04T04:57:49.564000-04:00,12.011811256408691,-0.0630163848400116,-12.074827194213867
2026-08-04T04:57:49.568000-04:00,12.014734268188477,-0.04933750256896019,-12.064071655273438
2026-08-04T04:57:49.572000-04:00,12.01029109954834,-0.0545986108481884,-12.064889907836914
2026-08-04T04:57:49.576000-04:00,11.988662719726562,-0.07622761279344559,-12.064889907836914
2026-08-04T04:57:49.580000-04:00,12.01005744934082,-0.11352302134037018,-12.123580932617188
2026-08-04T04:57:49.584000-04:00,12.02198314666748,-0.07540921866893768,-12.097392082214355
2026-08-04T04:57:49.588000-04:00,12.007018089294434,-0.053897131234407425,-12.060914993286133
2026-08-04T04:57:49.592000-04:00,12.007018089294434,-0.06675761938095093,-12.073775291442871
2026-08-04T04:57:49.596000-04:00,11.99567699432373,-0.10218241065740585,-12.097859382629395
2026-08-04T04:57:49.600000-04:00,11.992871284484863,-0.09762278199195862,-12.090494155883789
2026-08-04T04:57:49.604000-04:00,11.99567699432373,-0.07038193196058273,-12.066059112548828
2026-08-04T04:57:49.608000-04:00,11.960953712463379,-0.07517538964748383,-12.036128997802734
2026-08-04T04:57:49.612000-04:00,11.950782775878906,-0.052494168281555176,-12.003276824951172
2026-08-04T04:57:49.616000-04:00,11.961304664611816,-0.024551838636398315,-11.985856056213379
2026-08-04T04:57:49.620000-04:00,12.005731582641602,-0.04559627175331116,-12.0513277053833
2026-08-04T04:57:49.624000-04:00,12.17665958404541,0.06137959659099579,-12.115280151367188
2026-08-04T04:57:49.628000-04:00,12.262123107910156,0.16005459427833557,-12.102068901062012
2026-08-04T04:57:49.632000-04:00,12.3972749710083,0.5173422694206238,-11.879932403564453
2026-08-04T04:57:49.636000-04:00,12.30666732788086,1.1490260362625122,-11.157641410827637
2026-08-04T04:57:49.640000-04:00,12.235934257507324,1.6505849361419678,-10.585349082946777
2026-08-04T04:57:49.644000-04:00,12.155732154846191,2.156235933303833,-9.999496459960938
2026-08-04T04:57:49.648000-04:00,12.141000747680664,2.1975064277648926,-9.94349479675293
2026-08-04T04:57:49.652000-04:00,12.047236442565918,2.0097432136535645,-10.037492752075195
2026-08-04T04:57:49.656000-04:00,12.02443790435791,1.5723698139190674,-10.452068328857422
2026-08-04T04:57:49.660000-04:00,11.95417308807373,0.962665855884552,-10.991507530212402
2026-08-04T04:57:49.664000-04:00,11.978490829467773,0.44380369782447815,-11.534687042236328
2026-08-04T04:57:49.668000-04:00,12.015669822692871,0.31134068965911865,-11.704329490661621
2026-08-04T04:57:49.672000-04:00,12.107329368591309,0.2721746563911438,-11.83515453338623
2026-08-04T04:57:49.676000-04:00,12.091663360595703,0.24177715182304382,-11.849885940551758
2026-08-04T04:57:49.680000-04:00,12.075178146362305,0.1641465723514557,-11.911031723022461
2026-08-04T04:57:49.684000-04:00,12.093650817871094,0.13363215327262878,-11.9600191116333
2026-08-04T04:57:49.688000-04:00,12.090611457824707,0.0730709433555603,-12.01754093170166
2026-08-04T04:57:49.692000-04:00,12.097743034362793,0.0582229308784008,-12.039520263671875
2026-08-04T04:57:49.696000-04:00,12.080439567565918,0.04232269152998924,-12.038116455078125
2026-08-04T04:57:49.700000-04:00,12.084765434265137,0.03343726322054863,-12.0513277053833
2026-08-04T04:57:49.704000-04:00,12.101600646972656,0.0453624427318573,-12.056238174438477
2026-08-04T04:57:49.708000-04:00,12.096456527709961,0.05074046552181244,-12.045716285705566
2026-08-04T04:57:49.712000-04:00,12.091078758239746,0.043491825461387634,-12.047587394714355
2026-08-04T04:57:49.716000-04:00,12.093768119812012,0.023733442649245262,-12.070034980773926
2026-08-04T04:57:49.720000-04:00,12.106277465820312,0.02934529259800911,-12.076931953430176
2026-08-04T04:57:49.724000-04:00,12.116565704345703,0.017537027597427368,-12.099028587341309
2026-08-04T04:57:49.728000-04:00,12.118202209472656,0.04395947977900505,-12.07424259185791
2026-08-04T04:57:49.732000-04:00,12.122060775756836,0.08674982935190201,-12.035310745239258
2026-08-04T04:57:49.736000-04:00,12.111772537231445,0.08113797754049301,-12.030634880065918
2026-08-04T04:57:49.740000-04:00,12.123112678527832,0.10183166712522507,-12.021281242370605
2026-08-04T04:57:49.744000-04:00,12.12767219543457,0.08183945715427399,-12.045832633972168
2026-08-04T04:57:49.748000-04:00,12.151288986206055,0.10416994243860245,-12.047119140625
2026-08-04T04:57:49.752000-04:00,12.134921073913574,0.0795011892914772,-12.055419921875
2026-08-04T04:57:49.756000-04:00,12.13784408569336,0.09025723487138748,-12.047586441040039
2026-08-04T04:57:49.760000-04:00,12.15397834777832,0.11492598056793213,-12.03905200958252
2026-08-04T04:57:49.764000-04:00,12.157368659973145,0.1248636320233345,-12.03250503540039
2026-08-04T04:57:49.768000-04:00,12.176191329956055,0.14263448119163513,-12.033556938171387
2026-08-04T04:57:49.772000-04:00,12.17104721069336,0.14146535098552704,-12.029582023620605
2026-08-04T04:57:49.776000-04:00,12.173853874206543,0.1449727565050125,-12.028881072998047
2026-08-04T04:57:49.780000-04:00,12.187532424926758,0.1806313842535019,-12.006900787353516
2026-08-04T04:57:49.784000-04:00,12.194079399108887,0.19805149734020233,-11.996027946472168
2026-08-04T04:57:49.788000-04:00,12.208927154541016,0.2159392535686493,-11.992987632751465
2026-08-04T04:57:49.792000-04:00,12.206121444702148,0.1931411176919937,-12.012980461120605
2026-08-04T04:57:49.796000-04:00,12.22178840637207,0.23791900277137756,-11.983869552612305
2026-08-04T04:57:49.800000-04:00,12.248210906982422,0.2906470000743866,-11.957564353942871
2026-08-04T04:57:49.804000-04:00,12.263994216918945,0.301169216632843,-11.962824821472168
2026-08-04T04:57:49.808000-04:00,12.292988777160645,0.3569369614124298,-11.936051368713379
2026-08-04T04:57:49.812000-04:00,12.284219741821289,0.36231496930122375,-11.921904563903809
2026-08-04T04:57:49.816000-04:00,12.303159713745117,0.38838669657707214,-11.914772987365723
2026-08-04T04:57:49.820000-04:00,12.329933166503906,0.40335163474082947,-11.926581382751465
2026-08-04T04:57:49.824000-04:00,12.349340438842773,0.42579901218414307,-11.923541069030762
2026-08-04T04:57:49.828000-04:00,12.373190879821777,0.4419330954551697,-11.931258201599121
2026-08-04T04:57:49.832000-04:00,12.389792442321777,0.5095090866088867,-11.88028335571289
2026-08-04T04:57:49.836000-04:00,12.412006378173828,0.555573046207428,-11.856432914733887
2026-08-04T04:57:49.840000-04:00,12.4220609664917,0.5708886981010437,-11.85117244720459
2026-08-04T04:57:49.844000-04:00,12.452925682067871,0.6139128804206848,-11.83901309967041
2026-08-04T04:57:49.848000-04:00,12.46286392211914,0.6334373950958252,-11.829426765441895
2026-08-04T04:57:49.852000-04:00,12.462279319763184,0.6427904963493347,-11.819488525390625
2026-08-04T04:57:49.856000-04:00,12.470229148864746,0.6625488996505737,-11.807680130004883
2026-08-04T04:57:49.860000-04:00,12.47525691986084,0.6798520684242249,-11.795404434204102
2026-08-04T04:57:49.864000-04:00,12.255692481994629,0.6909588575363159,-11.564733505249023
2026-08-04T04:57:49.868000-04:00,12.476893424987793,0.6833595037460327,-11.793534278869629
2026-08-04T04:57:49.872000-04:00,12.466371536254883,0.6784490942955017,-11.787922859191895
2026-08-04T04:57:49.876000-04:00,12.46718978881836,0.6924787163734436,-11.774710655212402
2026-08-04T04:57:49.880000-04:00,12.426737785339355,0.648285448551178,-11.778451919555664
2026-08-04T04:57:49.884000-04:00,12.439949035644531,0.6441934704780579,-11.795755386352539
2026-08-04T04:57:49.888000-04:00,12.404290199279785,0.6009354591369629,-11.803354263305664
2026-08-04T04:57:49.892000-04:00,12.390260696411133,0.5559237599372864,-11.83433723449707
2026-08-04T04:57:49.896000-04:00,12.339052200317383,0.49232280254364014,-11.846729278564453
2026-08-04T04:57:49.900000-04:00,12.325958251953125,0.46473121643066406,-11.861227035522461
2026-08-04T04:57:49.904000-04:00,12.289948463439941,0.4178488850593567,-11.872099876403809
2026-08-04T04:57:49.908000-04:00,12.258966445922852,0.3577553629875183,-11.90121078491211
2026-08-04T04:57:49.912000-04:00,12.24669075012207,0.33495721220970154,-11.911733627319336
2026-08-04T04:57:49.916000-04:00,12.207290649414062,0.26200318336486816,-11.945287704467773
2026-08-04T04:57:49.920000-04:00,12.199457168579102,0.2244739532470703,-11.974983215332031
2026-08-04T04:57:49.924000-04:00,12.169878005981445,0.16964150965213776,-12.000236511230469
2026-08-04T04:57:49.928000-04:00,12.157368659973145,0.1570148468017578,-12.000353813171387
2026-08-04T04:57:49.932000-04:00,12.13562297821045,0.15081843733787537,-11.984804153442383
2026-08-04T04:57:49.936000-04:00,12.118904113769531,0.1212393119931221,-11.997664451599121
2026-08-04T04:57:49.940000-04:00,12.101133346557617,0.09621982276439667,-12.004913330078125
2026-08-04T04:57:49.944000-04:00,12.092948913574219,0.09727204591035843,-11.99567699432373
2026-08-04T04:57:49.948000-04:00,12.088740348815918,0.07611069828271866,-12.012629508972168
2026-08-04T04:57:49.952000-04:00,12.079504013061523,0.06780983507633209,-12.011693954467773
2026-08-04T04:57:49.956000-04:00,12.068397521972656,0.05354638770222664,-12.014851570129395
2026-08-04T04:57:49.960000-04:00,12.06173324584961,0.041855037212371826,-12.019878387451172
2026-08-04T04:57:49.964000-04:00,12.07810115814209,0.06477008759975433,-12.013331413269043
2026-08-04T04:57:49.968000-04:00,12.068514823913574,0.04360873997211456,-12.024906158447266
2026-08-04T04:57:49.972000-04:00,12.050743103027344,0.015666410326957703,-12.035077095031738
2026-08-04T04:57:49.976000-04:00,12.050275802612305,0.05752144753932953,-11.992753982543945
2026-08-04T04:57:49.980000-04:00,12.057056427001953,0.02782541699707508,-12.029231071472168
2026-08-04T04:57:49.984000-04:00,12.05565357208252,0.01870616152882576,-12.036947250366211
2026-08-04T04:57:49.988000-04:00,12.058693885803223,0.03881528601050377,-12.019878387451172
2026-08-04T04:57:49.992000-04:00,12.045365333557129,0.015198756940662861,-12.030166625976562
2026-08-04T04:57:49.996000-04:00,12.04735279083252,0.043374914675951004,-12.00397777557373
2026-08-04T04:57:50-04:00,12.051678657531738,0.043024174869060516,-12.008654594421387
2026-08-04T04:57:50.004000-04:00,12.065007209777832,0.04279034584760666,-12.022216796875
2026-08-04T04:57:50.008000-04:00,12.06126594543457,0.04360873997211456,-12.017657279968262
2026-08-04T04:57:50.012000-04:00,12.059394836425781,0.06418552249670029,-11.995209693908691
2026-08-04T04:57:50.016000-04:00,12.055303573608398,0.07435699552297592,-11.98094654083252
2026-08-04T04:57:50.020000-04:00,12.054718971252441,0.060561198741197586,-11.994157791137695
2026-08-04T04:57:50.024000-04:00,12.06395435333252,0.06932971626520157,-11.994625091552734
2026-08-04T04:57:50.028000-04:00,12.064656257629395,0.07260329276323318,-11.992053031921387
2026-08-04T04:57:50.032000-04:00,12.064889907836914,0.06851132214069366,-11.996378898620605
2026-08-04T04:57:50.036000-04:00,12.064071655273438,0.07634452730417252,-11.987727165222168
2026-08-04T04:57:50.040000-04:00,12.069099426269531,0.08195637166500092,-11.987143516540527
2026-08-04T04:57:50.044000-04:00,12.081257820129395,0.07155106961727142,-12.009706497192383
2026-08-04T04:57:50.048000-04:00,12.08195972442627,0.07938427478075027,-12.002575874328613
2026-08-04T04:57:50.052000-04:00,12.07003402709961,0.07774748653173447,-11.992286682128906
2026-08-04T04:57:50.056000-04:00,12.068631172180176,0.08978957682847977,-11.978841781616211
2026-08-04T04:57:50.060000-04:00,12.083011627197266,0.1007794514298439,-11.982232093811035
2026-08-04T04:57:50.064000-04:00,12.087688446044922,0.10522216558456421,-11.982466697692871
2026-08-04T04:57:50.068000-04:00,12.092130661010742,0.11492598056793213,-11.977204322814941
2026-08-04T04:57:50.072000-04:00,12.07833480834961,0.10814499855041504,-11.970190048217773
2026-08-04T04:57:50.076000-04:00,12.086519241333008,0.12544819712638855,-11.961071014404297
2026-08-04T04:57:50.080000-04:00,12.099145889282227,0.12275919318199158,-11.976387023925781
2026-08-04T04:57:50.084000-04:00,12.09002685546875,0.11410758644342422,-11.975919723510742
2026-08-04T04:57:50.088000-04:00,12.088973999023438,0.13398288190364838,-11.954991340637207
2026-08-04T04:57:50.092000-04:00,12.091779708862305,0.11621203273534775,-11.975567817687988
2026-08-04T04:57:50.096000-04:00,12.08172607421875,0.10533907264471054,-11.976387023925781
2026-08-04T04:57:50.100000-04:00,12.085350036621094,0.11971943825483322,-11.965630531311035
2026-08-04T04:57:50.104000-04:00,12.090961456298828,0.12018708884716034,-11.97077465057373
2026-08-04T04:57:50.108000-04:00,12.089207649230957,0.1072096899151802,-11.9819974899292
2026-08-04T04:57:50.112000-04:00,12.09856128692627,0.12614968419075012,-11.972411155700684
2026-08-04T04:57:50.116000-04:00,12.06933307647705,0.09364772588014603,-11.975685119628906
2026-08-04T04:57:50.120000-04:00,12.076698303222656,0.09060797095298767,-11.986090660095215
2026-08-04T04:57:50.124000-04:00,12.081257820129395,0.08277476578950882,-11.998482704162598
2026-08-04T04:57:50.128000-04:00,12.085700988769531,0.08815278857946396,-11.99754810333252
2026-08-04T04:57:50.132000-04:00,12.077984809875488,0.07236946374177933,-12.005615234375
2026-08-04T04:57:50.136000-04:00,12.073307991027832,0.07529230415821075,-11.998015403747559
2026-08-04T04:57:50.140000-04:00,12.07564640045166,0.08254094421863556,-11.9931058883667
2026-08-04T04:57:50.144000-04:00,12.08640193939209,0.07166798412799835,-12.014734268188477
2026-08-04T04:57:50.148000-04:00,12.082427024841309,0.06710835546255112,-12.015318870544434
2026-08-04T04:57:50.152000-04:00,12.07833480834961,0.07412316650152206,-12.00421142578125
2026-08-04T04:57:50.156000-04:00,12.075295448303223,0.06687452644109726,-12.008420944213867
2026-08-04T04:57:50.160000-04:00,12.06933307647705,0.05436478555202484,-12.014967918395996
2026-08-04T04:57:50.164000-04:00,12.083011627197266,0.0646531730890274,-12.01835823059082
2026-08-04T04:57:50.168000-04:00,12.074828147888184,0.055183179676532745,-12.019644737243652
2026-08-04T04:57:50.172000-04:00,12.058342933654785,0.06628996133804321,-11.992053031921387
2026-08-04T04:57:50.176000-04:00,12.06103229522705,0.05074046552181244,-12.010292053222656
2026-08-04T04:57:50.180000-04:00,12.072021484375,0.08031958341598511,-11.99170207977295
2026-08-04T04:57:50.184000-04:00,12.076698303222656,0.06593922525644302,-12.010759353637695
2026-08-04T04:57:50.188000-04:00,12.073775291442871,0.04968824237585068,-12.024086952209473
2026-08-04T04:57:50.192000-04:00,12.064889907836914,0.04524552822113037,-12.019644737243652
2026-08-04T04:57:50.196000-04:00,12.065942764282227,0.04115355759859085,-12.024788856506348
2026-08-04T04:57:50.200000-04:00,12.069099426269531,0.0481683686375618,-12.020931243896484
2026-08-04T04:57:50.204000-04:00,12.070618629455566,0.033788006752729416,-12.03683090209961
2026-08-04T04:57:50.208000-04:00,12.074593544006348,0.03472331538796425,-12.039870262145996
2026-08-04T04:57:50.212000-04:00,12.06535816192627,0.04547935724258423,-12.019878387451172
2026-08-04T04:57:50.216000-04:00,12.048639297485352,0.01999220997095108,-12.028647422790527
2026-08-04T04:57:50.220000-04:00,12.052263259887695,0.006196416448801756,-12.046067237854004
2026-08-04T04:57:50.224000-04:00,12.059863090515137,0.036593928933143616,-12.023268699645996
2026-08-04T04:57:50.228000-04:00,12.068982124328613,0.04442713409662247,-12.024555206298828
2026-08-04T04:57:50.232000-04:00,12.048990249633789,0.03752923756837845,-12.01146125793457
2026-08-04T04:57:50.236000-04:00,12.054368019104004,0.03180047497153282,-12.022567749023438
2026-08-04T04:57:50.240000-04:00,12.054952621459961,0.033788006752729416,-12.021164894104004
2026-08-04T04:57:50.244000-04:00,12.05764102935791,0.028760723769664764,-12.02888011932373
2026-08-04T04:57:50.248000-04:00,12.058576583862305,0.032618869096040726,-12.025958061218262
2026-08-04T04:57:50.252000-04:00,12.059161186218262,0.039049115031957626,-12.020112037658691
2026-08-04T04:57:50.256000-04:00,12.049808502197266,0.026890108361840248,-12.022918701171875
2026-08-04T04:57:50.260000-04:00,12.068280220031738,0.03881528601050377,-12.029464721679688
2026-08-04T04:57:50.264000-04:00,12.066994667053223,0.031098995357751846,-12.035895347595215
2026-08-04T04:57:50.268000-04:00,12.062902450561523,0.029696032404899597,-12.03320598602295
2026-08-04T04:57:50.272000-04:00,12.06395435333252,0.048752933740615845,-12.015201568603516
2026-08-04T04:57:50.276000-04:00,12.056940078735352,0.039282940328121185,-12.017657279968262
2026-08-04T04:57:50.280000-04:00,12.056004524230957,0.035424795001745224,-12.02057933807373
2026-08-04T04:57:50.284000-04:00,12.05565357208252,0.03367109224200249,-12.021982192993164
2026-08-04T04:57:50.288000-04:00,12.063253402709961,0.027708502486348152,-12.035545349121094
2026-08-04T04:57:50.292000-04:00,12.051795959472656,0.03203430399298668,-12.01976203918457
2026-08-04T04:57:50.296000-04:00,12.044196128845215,0.04653158038854599,-11.997664451599121
2026-08-04T04:57:50.300000-04:00,12.05273151397705,0.04501170292496681,-12.007719993591309
2026-08-04T04:57:50.304000-04:00,12.06173324584961,0.04314108565449715,-12.01859188079834
2026-08-04T04:57:50.308000-04:00,12.056940078735352,0.0582229308784008,-11.998717308044434
2026-08-04T04:57:50.312000-04:00,12.059394836425781,0.0545986108481884,-12.004796028137207
2026-08-04T04:57:50.316000-04:00,12.087220191955566,0.07739674299955368,-12.0098237991333
2026-08-04T04:57:50.320000-04:00,12.097158432006836,0.10370228439569473,-11.99345588684082
2026-08-04T04:57:50.324000-04:00,12.084882736206055,0.0758768692612648,-12.009005546569824
2026-08-04T04:57:50.328000-04:00,12.087688446044922,0.10042870789766312,-11.987259864807129
2026-08-04T04:57:50.332000-04:00,12.09832763671875,0.12007018178701401,-11.978257179260254
2026-08-04T04:57:50.336000-04:00,12.138662338256836,0.19162124395370483,-11.947041511535645
2026-08-04T04:57:50.340000-04:00,12.132933616638184,0.22985196113586426,-11.903081893920898
2026-08-04T04:57:50.344000-04:00,12.091429710388184,0.2312549352645874,-11.860175132751465
2026-08-04T04:57:50.348000-04:00,12.06149959564209,0.2116134613752365,-11.849885940551758
2026-08-04T04:57:50.352000-04:00,12.054250717163086,0.17957915365695953,-11.874671936035156
2026-08-04T04:57:50.356000-04:00,12.068864822387695,0.19723309576511383,-11.871631622314453
2026-08-04T04:57:50.360000-04:00,12.070735931396484,0.1971161812543869,-11.87362003326416
2026-08-04T04:57:50.364000-04:00,12.096924781799316,0.19606396555900574,-11.900860786437988
2026-08-04T04:57:50.368000-04:00,12.114344596862793,0.1890491545200348,-11.92529582977295
2026-08-04T04:57:50.372000-04:00,12.101484298706055,0.14836324751377106,-11.953121185302734
2026-08-04T04:57:50.376000-04:00,12.103471755981445,0.10463759303092957,-11.998834609985352
2026-08-04T04:57:50.380000-04:00,12.091196060180664,0.07564304023981094,-12.01555347442627
2026-08-04T04:57:50.384000-04:00,12.091546058654785,0.06336712092161179,-12.028179168701172
2026-08-04T04:57:50.388000-04:00,12.078803062438965,0.07529230415821075,-12.003510475158691
2026-08-04T04:57:50.392000-04:00,12.06933307647705,0.052494168281555176,-12.016839027404785
2026-08-04T04:57:50.396000-04:00,12.04466438293457,0.023031963035464287,-12.021632194519043
2026-08-04T04:57:50.400000-04:00,12.042442321777344,0.016367891803383827,-12.026074409484863
2026-08-04T04:57:50.404000-04:00,12.046067237854004,0.01847233437001705,-12.027594566345215
2026-08-04T04:57:50.408000-04:00,12.044780731201172,0.009119254536926746,-12.035661697387695
2026-08-04T04:57:50.412000-04:00,12.040572166442871,0.0075993784703314304,-12.03297233581543
2026-08-04T04:57:50.416000-04:00,12.03075122833252,-0.021629000082612038,-12.052380561828613
2026-08-04T04:57:50.420000-04:00,12.02829647064209,-0.017069373279809952,-12.045366287231445
2026-08-04T04:57:50.424000-04:00,12.03273868560791,-0.010405302979052067,-12.043144226074219
2026-08-04T04:57:50.428000-04:00,12.034375190734863,-0.014964929781854153,-12.04934024810791
2026-08-04T04:57:50.432000-04:00,12.025958061218262,-0.020342951640486717,-12.046300888061523
2026-08-04T04:57:50.436000-04:00,12.025139808654785,-0.0075993784703314304,-12.032739639282227
2026-08-04T04:57:50.440000-04:00,12.017423629760742,-0.01882307603955269,-12.036246299743652
2026-08-04T04:57:50.444000-04:00,12.039520263671875,-0.00116913509555161,-12.040689468383789
2026-08-04T04:57:50.448000-04:00,12.03659725189209,-0.016835546121001244,-12.05343246459961
2026-08-04T04:57:50.452000-04:00,12.019878387451172,-0.016835546121001244,-12.036713600158691
2026-08-04T04:57:50.456000-04:00,11.99953556060791,-0.013795794919133186,-12.013331413269043
2026-08-04T04:57:50.460000-04:00,11.978139877319336,0.030280599370598793,-11.947858810424805
2026-08-04T04:57:50.464000-04:00,12.03297233581543,0.04360873997211456,-11.989363670349121
2026-08-04T04:57:50.468000-04:00,12.092130661010742,0.0397505946457386,-12.052379608154297
2026-08-04T04:57:50.472000-04:00,12.243183135986328,0.15245522558689117,-12.090727806091309
2026-08-04T04:57:50.476000-04:00,12.405108451843262,0.30093538761138916,-12.104172706604004
2026-08-04T04:57:50.480000-04:00,12.527750968933105,0.7177320718765259,-11.810018539428711
2026-08-04T04:57:50.484000-04:00,12.404290199279785,1.1644586324691772,-11.239831924438477
2026-08-04T04:57:50.488000-04:00,12.274867057800293,1.874006748199463,-10.400859832763672
2026-08-04T04:57:50.492000-04:00,12.20156192779541,2.2018322944641113,-9.99972915649414
2026-08-04T04:57:50.496000-04:00,12.17934799194336,2.248480796813965,-9.930867195129395
2026-08-04T04:57:50.500000-04:00,12.088506698608398,1.886750340461731,-10.201756477355957
2026-08-04T04:57:50.504000-04:00,12.063253402709961,1.4138351678848267,-10.649417877197266
2026-08-04T04:57:50.508000-04:00,11.9849214553833,0.8611849546432495,-11.123736381530762
2026-08-04T04:57:50.512000-04:00,11.97708797454834,0.5217850208282471,-11.455303192138672
2026-08-04T04:57:50.516000-04:00,12.064656257629395,0.3327358663082123,-11.73192024230957
2026-08-04T04:57:50.520000-04:00,12.12521743774414,0.30491045117378235,-11.820306777954102
2026-08-04T04:57:50.524000-04:00,12.133869171142578,0.25077947974205017,-11.883090019226074
2026-08-04T04:57:50.528000-04:00,12.118786811828613,0.18811383843421936,-11.930672645568848
2026-08-04T04:57:50.532000-04:00,12.130946159362793,0.17314891517162323,-11.957797050476074
2026-08-04T04:57:50.536000-04:00,12.12568473815918,0.13655498623847961,-11.989130020141602
2026-08-04T04:57:50.540000-04:00,12.13562297821045,0.13830868899822235,-11.997314453125
2026-08-04T04:57:50.544000-04:00,12.138545989990234,0.11738117039203644,-12.021164894104004
2026-08-04T04:57:50.548000-04:00,12.131998062133789,0.12007018178701401,-12.011927604675293
2026-08-04T04:57:50.552000-04:00,12.126620292663574,0.11819956451654434,-12.008420944213867
2026-08-04T04:57:50.556000-04:00,12.127906799316406,0.11013253033161163,-12.01777458190918
2026-08-04T04:57:50.560000-04:00,12.140182495117188,0.09879191964864731,-12.041390419006348
2026-08-04T04:57:50.564000-04:00,12.150237083435059,0.13024164736270905,-12.01999568939209
2026-08-04T04:57:50.568000-04:00,12.149301528930664,0.13106004893779755,-12.018241882324219
2026-08-04T04:57:50.572000-04:00,12.147431373596191,0.12182388454675674,-12.025607109069824
2026-08-04T04:57:50.576000-04:00,12.151406288146973,0.11551055312156677,-12.035895347595215
2026-08-04T04:57:50.580000-04:00,12.154913902282715,0.12451289594173431,-12.030401229858398
2026-08-04T04:57:50.584000-04:00,12.16812515258789,0.13585349917411804,-12.032271385192871
2026-08-04T04:57:50.588000-04:00,12.180868148803711,0.1698753386735916,-12.010993003845215
2026-08-04T04:57:50.592000-04:00,12.167656898498535,0.18472334742546082,-11.98293399810791
2026-08-04T04:57:50.596000-04:00,12.177595138549805,0.18378804624080658,-11.993806838989258
2026-08-04T04:57:50.600000-04:00,12.191858291625977,0.18682779371738434,-12.005030632019043
2026-08-04T04:57:50.604000-04:00,12.193143844604492,0.19372569024562836,-11.999418258666992
2026-08-04T04:57:50.608000-04:00,12.191858291625977,0.18437261879444122,-12.007485389709473
2026-08-04T04:57:50.612000-04:00,12.187649726867676,0.17841002345085144,-12.00924015045166
2026-08-04T04:57:50.616000-04:00,12.19571590423584,0.19618088006973267,-11.999534606933594
2026-08-04T04:57:50.620000-04:00,12.219566345214844,0.23371011018753052,-11.985856056213379
2026-08-04T04:57:50.624000-04:00,12.230790138244629,0.24411541223526,-11.986674308776855
2026-08-04T04:57:50.628000-04:00,12.2325439453125,0.2644583582878113,-11.968085289001465
2026-08-04T04:57:50.632000-04:00,12.235349655151367,0.2714731693267822,-11.963876724243164
2026-08-04T04:57:50.636000-04:00,12.235116004943848,0.291582316160202,-11.943533897399902
2026-08-04T04:57:50.640000-04:00,12.254406929016113,0.29286834597587585,-11.961538314819336
2026-08-04T04:57:50.644000-04:00,12.27159309387207,0.3175370991230011,-11.954055786132812
2026-08-04T04:57:50.648000-04:00,12.282699584960938,0.3396337628364563,-11.943065643310547
2026-08-04T04:57:50.652000-04:00,12.299769401550293,0.35261115431785583,-11.947157859802246
2026-08-04T04:57:50.656000-04:00,12.311694145202637,0.379033625125885,-11.932660102844238
2026-08-04T04:57:50.660000-04:00,12.334141731262207,0.4196026027202606,-11.914539337158203
2026-08-04T04:57:50.664000-04:00,12.356355667114258,0.4544428288936615,-11.901912689208984
2026-08-04T04:57:50.668000-04:00,12.367462158203125,0.474435031414032,-11.893027305603027
2026-08-04T04:57:50.672000-04:00,12.389325141906738,0.49922069907188416,-11.890104293823242
2026-08-04T04:57:50.676000-04:00,12.398561477661133,0.5110289454460144,-11.887532234191895
2026-08-04T04:57:50.680000-04:00,12.427556037902832,0.5602495670318604,-11.86730670928955
2026-08-04T04:57:50.684000-04:00,12.452692031860352,0.5894779562950134,-11.863214492797852
2026-08-04T04:57:50.688000-04:00,12.475022315979004,0.6299300193786621,-11.8450927734375
2026-08-04T04:57:50.692000-04:00,12.474555015563965,0.6508575081825256,-11.823697090148926
2026-08-04T04:57:50.696000-04:00,12.489636421203613,0.6598598957061768,-11.829776763916016
2026-08-04T04:57:50.700000-04:00,12.508342742919922,0.6920111179351807,-11.81633186340332
2026-08-04T04:57:50.704000-04:00,12.520853042602539,0.6970383524894714,-11.823814392089844
2026-08-04T04:57:50.708000-04:00,12.516409873962402,0.7241622805595398,-11.792247772216797
2026-08-04T04:57:50.712000-04:00,12.511032104492188,0.733983039855957,-11.77704906463623
2026-08-04T04:57:50.716000-04:00,12.500743865966797,0.7214732766151428,-11.77927017211914
2026-08-04T04:57:50.720000-04:00,12.505887985229492,0.7196027040481567,-11.786285400390625
2026-08-04T04:57:50.724000-04:00,12.500041961669922,0.7163290977478027,-11.783712387084961
2026-08-04T04:57:50.728000-04:00,12.46941089630127,0.6918941736221313,-11.77751636505127
2026-08-04T04:57:50.732000-04:00,12.445443153381348,0.6687452793121338,-11.776698112487793
2026-08-04T04:57:50.736000-04:00,12.42825698852539,0.6432581543922424,-11.784998893737793
2026-08-04T04:57:50.740000-04:00,12.401718139648438,0.5978956818580627,-11.80382251739502
2026-08-04T04:57:50.744000-04:00,12.38254451751709,0.5259938836097717,-11.856550216674805
2026-08-04T04:57:50.748000-04:00,12.354601860046387,0.48425576090812683,-11.870346069335938
2026-08-04T04:57:50.752000-04:00,12.30035400390625,0.44053012132644653,-11.859824180603027
2026-08-04T04:57:50.756000-04:00,12.282465934753418,0.4070928692817688,-11.875372886657715
2026-08-04T04:57:50.760000-04:00,12.261422157287598,0.3455963432788849,-11.915825843811035
2026-08-04T04:57:50.764000-04:00,12.237103462219238,0.30128613114356995,-11.93581771850586
2026-08-04T04:57:50.768000-04:00,12.206823348999023,0.2733438014984131,-11.933479309082031
2026-08-04T04:57:50.772000-04:00,12.183673858642578,0.2192128449678421,-11.964461326599121
2026-08-04T04:57:50.776000-04:00,12.166955947875977,0.17630557715892792,-11.990650177001953
2026-08-04T04:57:50.780000-04:00,12.15444564819336,0.16999225318431854,-11.984453201293945
2026-08-04T04:57:50.784000-04:00,12.15222454071045,0.15865163505077362,-11.993573188781738
2026-08-04T04:57:50.788000-04:00,12.12346363067627,0.11913487315177917,-12.004328727722168
2026-08-04T04:57:50.792000-04:00,12.11270809173584,0.09925957024097443,-12.013448715209961
2026-08-04T04:57:50.796000-04:00,12.099028587341309,0.09879191964864731,-12.000236511230469
2026-08-04T04:57:50.800000-04:00,12.098093032836914,0.10685895383358002,-11.991233825683594
2026-08-04T04:57:50.804000-04:00,12.097625732421875,0.09399846196174622,-12.003626823425293
2026-08-04T04:57:50.808000-04:00,12.097509384155273,0.09505068510770798,-12.002458572387695
2026-08-04T04:57:50.812000-04:00,12.078919410705566,0.10124710202217102,-11.977672576904297
2026-08-04T04:57:50.816000-04:00,12.070502281188965,0.07575995475053787,-11.994742393493652
2026-08-04T04:57:50.820000-04:00,12.069917678833008,0.06921280175447464,-12.000704765319824
2026-08-04T04:57:50.824000-04:00,12.063253402709961,0.0453624427318573,-12.017890930175781
2026-08-04T04:57:50.828000-04:00,12.072372436523438,0.06009354442358017,-12.01227855682373
2026-08-04T04:57:50.832000-04:00,12.06126594543457,0.05950897932052612,-12.00175666809082
2026-08-04T04:57:50.836000-04:00,12.05740737915039,0.05226033926010132,-12.005146980285645
2026-08-04T04:57:50.840000-04:00,12.064305305480957,0.05085738003253937,-12.013447761535645
2026-08-04T04:57:50.844000-04:00,12.077516555786133,0.05845675617456436,-12.019060134887695
2026-08-04T04:57:50.848000-04:00,12.08418083190918,0.05038972571492195,-12.033791542053223
2026-08-04T04:57:50.852000-04:00,12.077984809875488,0.061964161694049835,-12.016020774841309
2026-08-04T04:57:50.856000-04:00,12.069099426269531,0.05342947691679001,-12.015669822692871
2026-08-04T04:57:50.860000-04:00,12.084648132324219,0.07494156062602997,-12.009706497192383
2026-08-04T04:57:50.864000-04:00,12.08838939666748,0.08265785127878189,-12.005731582641602
2026-08-04T04:57:50.868000-04:00,12.087337493896484,0.08406081795692444,-12.003276824951172
2026-08-04T04:57:50.872000-04:00,12.086986541748047,0.094349205493927,-11.992637634277344
2026-08-04T04:57:50.876000-04:00,12.086986541748047,0.09809044003486633,-11.988896369934082
2026-08-04T04:57:50.880000-04:00,12.084531784057617,0.09703821688890457,-11.987493515014648
2026-08-04T04:57:50.884000-04:00,12.095404624938965,0.10989870131015778,-11.985506057739258
2026-08-04T04:57:50.888000-04:00,12.095638275146484,0.08534686267375946,-12.01029109954834
2026-08-04T04:57:50.892000-04:00,12.093533515930176,0.09528451412916183,-11.998249053955078
2026-08-04T04:57:50.896000-04:00,12.088623046875,0.09329698234796524,-11.995326042175293
2026-08-04T04:57:50.900000-04:00,12.106744766235352,0.13959473371505737,-11.96714973449707
2026-08-04T04:57:50.904000-04:00,12.108031272888184,0.16367891430854797,-11.944352149963379
2026-08-04T04:57:50.908000-04:00,12.107446670532227,0.12895560264587402,-11.978490829467773
2026-08-04T04:57:50.912000-04:00,12.102418899536133,0.1047545075416565,-11.997664451599121
2026-08-04T04:57:50.916000-04:00,12.104056358337402,0.09820735454559326,-12.00584888458252
2026-08-04T04:57:50.920000-04:00,12.101600646972656,0.10113018751144409,-12.000470161437988
2026-08-04T04:57:50.924000-04:00,12.112006187438965,0.11515980958938599,-11.996846199035645
2026-08-04T04:57:50.928000-04:00,12.115396499633789,0.133281409740448,-11.982114791870117
2026-08-04T04:57:50.932000-04:00,12.099379539489746,0.11176931858062744,-11.98760986328125
2026-08-04T04:57:50.936000-04:00,12.1010160446167,0.11656277626752853,-11.984453201293945
2026-08-04T04:57:50.940000-04:00,12.115864753723145,0.12673424184322357,-11.989130973815918
2026-08-04T04:57:50.944000-04:00,12.114227294921875,0.12135622650384903,-11.992871284484863
2026-08-04T04:57:50.948000-04:00,12.102653503417969,0.1184333860874176,-11.984220504760742
2026-08-04T04:57:50.952000-04:00,12.099846839904785,0.10767734795808792,-11.992169380187988
2026-08-04T04:57:50.956000-04:00,12.103939056396484,0.10627438127994537,-11.997664451599121
2026-08-04T04:57:50.960000-04:00,12.108732223510742,0.10101327300071716,-12.007719039916992
2026-08-04T04:57:50.964000-04:00,12.114578247070312,0.0991426631808281,-12.015435218811035
2026-08-04T04:57:50.968000-04:00,12.108147621154785,0.10674203932285309,-12.001405715942383
2026-08-04T04:57:50.972000-04:00,12.093650817871094,0.07891662418842316,-12.014734268188477
2026-08-04T04:57:50.976000-04:00,12.101951599121094,0.07494156062602997,-12.027009963989258
2026-08-04T04:57:50.980000-04:00,12.105575561523438,0.07342168688774109,-12.032154083251953
2026-08-04T04:57:50.984000-04:00,12.103939056396484,0.07073267549276352,-12.03320598602295
2026-08-04T04:57:50.988000-04:00,12.103588104248047,0.06137959659099579,-12.042208671569824
2026-08-04T04:57:50.992000-04:00,12.090494155883789,0.056586138904094696,-12.033907890319824
2026-08-04T04:57:50.996000-04:00,12.094820022583008,0.042205777019262314,-12.052614212036133
2026-08-04T04:57:51-04:00,12.0927152633667,0.045830097049474716,-12.04688549041748
2026-08-04T04:57:51.004000-04:00,12.097041130065918,0.05331256240606308,-12.043728828430176
2026-08-04T04:57:51.008000-04:00,12.087220191955566,0.04442713409662247,-12.042793273925781
2026-08-04T04:57:51.012000-04:00,12.09002685546875,0.04243960604071617,-12.047587394714355
2026-08-04T04:57:51.016000-04:00,12.089558601379395,0.033320352435112,-12.056238174438477
2026-08-04T04:57:51.020000-04:00,12.086986541748047,0.03156664967536926,-12.055419921875
2026-08-04T04:57:51.024000-04:00,12.093533515930176,0.039282940328121185,-12.054250717163086
2026-08-04T04:57:51.028000-04:00,12.102068901062012,0.04150429740548134,-12.060564994812012
2026-08-04T04:57:51.032000-04:00,12.08616828918457,0.022330481559038162,-12.063838005065918
2026-08-04T04:57:51.036000-04:00,12.090845108032227,0.034138746559619904,-12.056706428527832
2026-08-04T04:57:51.040000-04:00,12.086752891540527,0.03764615207910538,-12.04910659790039
2026-08-04T04:57:51.044000-04:00,12.093533515930176,0.036710843443870544,-12.056822776794434
2026-08-04T04:57:51.048000-04:00,12.093533515930176,0.025954799726605415,-12.067578315734863
2026-08-04T04:57:51.052000-04:00,12.082193374633789,0.036593928933143616,-12.045598983764648
2026-08-04T04:57:51.056000-04:00,12.079504013061523,0.030280599370598793,-12.049222946166992
2026-08-04T04:57:51.060000-04:00,12.088857650756836,0.015549497678875923,-12.073307991027832
2026-08-04T04:57:51.064000-04:00,12.101717948913574,0.02782541699707508,-12.073892593383789
2026-08-04T04:57:51.068000-04:00,12.095404624938965,0.023382702842354774,-12.072021484375
2026-08-04T04:57:51.072000-04:00,12.089792251586914,0.00806703232228756,-12.081725120544434
2026-08-04T04:57:51.076000-04:00,12.095520973205566,0.023148875683546066,-12.072372436523438
2026-08-04T04:57:51.080000-04:00,12.111888885498047,0.08359315991401672,-12.028295516967773
2026-08-04T04:57:51.084000-04:00,12.122528076171875,0.09224475920200348,-12.030282974243164
2026-08-04T04:57:51.088000-04:00,12.107563972473145,0.06558848172426224,-12.041975021362305
2026-08-04T04:57:51.092000-04:00,12.107095718383789,0.07435699552297592,-12.03273868560791
2026-08-04T04:57:51.096000-04:00,12.120891571044922,0.09902574867010117,-12.021865844726562
2026-08-04T04:57:51.100000-04:00,12.149185180664062,0.1047545075416565,-12.04443073272705
2026-08-04T04:57:51.104000-04:00,12.145209312438965,0.14766177535057068,-11.997547149658203
2026-08-04T04:57:51.108000-04:00,12.093417167663574,0.18729545176029205,-11.906121253967285
2026-08-04T04:57:51.112000-04:00,12.081257820129395,0.16519878804683685,-11.916059494018555
2026-08-04T04:57:51.116000-04:00,12.095989227294922,0.1637958288192749,-11.932193756103516
2026-08-04T04:57:51.120000-04:00,12.097509384155273,0.20366333425045013,-11.89384651184082
2026-08-04T04:57:51.124000-04:00,12.111421585083008,0.23511306941509247,-11.87630844116211
2026-08-04T04:57:51.128000-04:00,12.118202209472656,0.20202654600143433,-11.916175842285156
2026-08-04T04:57:51.132000-04:00,12.113993644714355,0.188698410987854,-11.925294876098633
2026-08-04T04:57:51.136000-04:00,12.108382225036621,0.14754486083984375,-11.960837364196777
2026-08-04T04:57:51.140000-04:00,12.10662841796875,0.10896339267492294,-11.997665405273438
2026-08-04T04:57:51.144000-04:00,12.123347282409668,0.09060797095298767,-12.032739639282227
2026-08-04T04:57:51.148000-04:00,12.124750137329102,0.10604055970907211,-12.018709182739258
2026-08-04T04:57:51.152000-04:00,12.097976684570312,0.013445054180920124,-12.084531784057617
2026-08-04T04:57:51.156000-04:00,12.069215774536133,-0.010405302979052067,-12.079621315002441
2026-08-04T04:57:51.160000-04:00,12.093183517456055,-0.0026890109293162823,-12.09587287902832
2026-08-04T04:57:51.164000-04:00,12.062902450561523,-0.024434924125671387,-12.087337493896484
2026-08-04T04:57:51.168000-04:00,12.080673217773438,-0.004091972950845957,-12.084765434265137
2026-08-04T04:57:51.172000-04:00,12.051445007324219,0.003975059371441603,-12.047470092773438
2026-08-04T04:57:51.176000-04:00,12.054250717163086,0.00993764866143465,-12.044313430786133
2026-08-04T04:57:51.180000-04:00,12.066176414489746,0.017653940245509148,-12.04852294921875
2026-08-04T04:57:51.184000-04:00,12.064071655273438,0.023733442649245262,-12.040338516235352
2026-08-04T04:57:51.188000-04:00,12.068748474121094,0.015549497678875923,-12.05319881439209
2026-08-04T04:57:51.192000-04:00,12.051678657531738,0.008183945901691914,-12.043495178222656
2026-08-04T04:57:51.196000-04:00,12.056706428527832,0.0019875296857208014,-12.054718971252441
2026-08-04T04:57:51.200000-04:00,12.063720703125,-0.00023382702784147114,-12.06395435333252
2026-08-04T04:57:51.204000-04:00,12.067228317260742,-0.0022213568445295095,-12.069449424743652
2026-08-04T04:57:51.208000-04:00,12.053783416748047,-0.022330481559038162,-12.0761137008667
2026-08-04T04:57:51.212000-04:00,12.041507720947266,-0.013561967760324478,-12.055069923400879
2026-08-04T04:57:51.216000-04:00,12.046183586120605,-0.0057287621311843395,-12.051912307739258
2026-08-04T04:57:51.220000-04:00,12.040104866027832,0.0075993784703314304,-12.03250503540039
2026-08-04T04:57:51.224000-04:00,12.030984878540039,0.031449735164642334,-11.99953556060791
2026-08-04T04:57:51.228000-04:00,12.071203231811523,0.027357762679457664,-12.043845176696777
2026-08-04T04:57:51.232000-04:00,12.121593475341797,0.03881528601050377,-12.082777976989746
2026-08-04T04:57:51.236000-04:00,12.291584968566895,0.1738504022359848,-12.117734909057617
2026-08-04T04:57:51.240000-04:00,12.453627586364746,0.3484022617340088,-12.105225563049316
2026-08-04T04:57:51.244000-04:00,12.555108070373535,0.8964928388595581,-11.658615112304688
2026-08-04T04:57:51.248000-04:00,12.441117286682129,1.3889325857162476,-11.05218505859375
2026-08-04T04:57:51.252000-04:00,12.345131874084473,2.061652898788452,-10.283478736877441
2026-08-04T04:57:51.256000-04:00,12.236167907714844,2.2574830055236816,-9.97868537902832
2026-08-04T04:57:51.260000-04:00,12.205303192138672,2.216913938522339,-9.988389015197754
2026-08-04T04:57:51.264000-04:00,12.117852210998535,1.7705382108688354,-10.34731388092041
2026-08-04T04:57:51.268000-04:00,12.062317848205566,1.3566644191741943,-10.705653190612793
2026-08-04T04:57:51.272000-04:00,11.95218563079834,0.770226240158081,-11.18195915222168
2026-08-04T04:57:51.276000-04:00,12.003276824951172,0.47151219844818115,-11.53176498413086
2026-08-04T04:57:51.280000-04:00,12.119488716125488,0.3031567335128784,-11.81633186340332
2026-08-04T04:57:51.284000-04:00,12.176074981689453,0.2881918251514435,-11.887883186340332
2026-08-04T04:57:51.288000-04:00,12.168241500854492,0.2480904757976532,-11.920150756835938
2026-08-04T04:57:51.292000-04:00,12.121358871459961,0.19863605499267578,-11.922722816467285
2026-08-04T04:57:51.296000-04:00,12.137259483337402,0.18519100546836853,-11.952068328857422
2026-08-04T04:57:51.300000-04:00,12.146729469299316,0.1646142303943634,-11.982114791870117
2026-08-04T04:57:51.304000-04:00,12.139948844909668,0.1521044820547104,-11.987844467163086
2026-08-04T04:57:51.308000-04:00,12.14591121673584,0.13760720193386078,-12.00830364227295
2026-08-04T04:57:51.312000-04:00,12.127906799316406,0.11632894724607468,-12.011577606201172
2026-08-04T04:57:51.316000-04:00,12.141234397888184,0.13363215327262878,-12.00760269165039
2026-08-04T04:57:51.320000-04:00,12.149768829345703,0.12813721597194672,-12.021631240844727
2026-08-04T04:57:51.324000-04:00,12.148716926574707,0.12860485911369324,-12.020112037658691
2026-08-04T04:57:51.328000-04:00,12.148483276367188,0.14941547811031342,-11.999068260192871
2026-08-04T04:57:51.332000-04:00,12.142520904541016,0.14041313529014587,-12.002107620239258
2026-08-04T04:57:51.336000-04:00,12.136441230773926,0.13620424270629883,-12.000236511230469
2026-08-04T04:57:51.340000-04:00,12.156550407409668,0.15479348599910736,-12.00175666809082
2026-08-04T04:57:51.344000-04:00,12.162161827087402,0.17174595594406128,-11.990415573120117
2026-08-04T04:57:51.348000-04:00,12.167890548706055,0.19127051532268524,-11.976619720458984
2026-08-04T04:57:51.352000-04:00,12.151639938354492,0.18834766745567322,-11.963292121887207
2026-08-04T04:57:51.356000-04:00,12.165084838867188,0.19641470909118652,-11.968669891357422
2026-08-04T04:57:51.360000-04:00,12.16274642944336,0.19536247849464417,-11.967384338378906
2026-08-04T04:57:51.364000-04:00,12.177477836608887,0.20506630837917328,-11.972411155700684
2026-08-04T04:57:51.368000-04:00,12.174788475036621,0.2195635735988617,-11.955224990844727
2026-08-04T04:57:51.372000-04:00,12.179816246032715,0.2268122136592865,-11.953003883361816
2026-08-04T04:57:51.376000-04:00,12.188350677490234,0.2404910922050476,-11.947859764099121
2026-08-04T04:57:51.380000-04:00,12.194313049316406,0.25463762879371643,-11.939675331115723
2026-08-04T04:57:51.384000-04:00,12.20202922821045,0.24750590324401855,-11.954523086547852
2026-08-04T04:57:51.388000-04:00,12.210914611816406,0.27603280544281006,-11.934882164001465
2026-08-04T04:57:51.392000-04:00,12.201094627380371,0.27954021096229553,-11.921554565429688
2026-08-04T04:57:51.396000-04:00,12.208342552185059,0.29567426443099976,-11.912668228149414
2026-08-04T04:57:51.400000-04:00,12.223424911499023,0.32572105526924133,-11.897704124450684
2026-08-04T04:57:51.404000-04:00,12.235233306884766,0.3457132577896118,-11.889519691467285
2026-08-04T04:57:51.408000-04:00,12.24891185760498,0.37155115604400635,-11.877360343933105
2026-08-04T04:57:51.412000-04:00,12.257096290588379,0.3693297803401947,-11.88776683807373
2026-08-04T04:57:51.416000-04:00,12.262123107910156,0.39282941818237305,-11.869293212890625
2026-08-04T04:57:51.420000-04:00,12.260018348693848,0.40802815556526184,-11.85198974609375
2026-08-04T04:57:51.424000-04:00,12.310993194580078,0.4685893654823303,-11.842403411865234
2026-08-04T04:57:51.428000-04:00,12.316604614257812,0.5009744167327881,-11.815629959106445
2026-08-04T04:57:51.432000-04:00,12.320229530334473,0.5179268717765808,-11.802302360534668
2026-08-04T04:57:51.436000-04:00,12.325840950012207,0.5635231137275696,-11.762317657470703
2026-08-04T04:57:51.440000-04:00,12.350393295288086,0.588542640209198,-11.761850357055664
2026-08-04T04:57:51.444000-04:00,12.378568649291992,0.626890242099762,-11.751678466796875
2026-08-04T04:57:51.448000-04:00,12.384648323059082,0.6397507190704346,-11.744897842407227
2026-08-04T04:57:51.452000-04:00,12.3972749710083,0.6770461797714233,-11.720229148864746
2026-08-04T04:57:51.456000-04:00,12.414929389953613,0.7268513441085815,-11.688077926635742
2026-08-04T04:57:51.460000-04:00,12.421125411987305,0.7481295466423035,-11.672995567321777
2026-08-04T04:57:51.464000-04:00,12.436792373657227,0.776656448841095,-11.660136222839355
2026-08-04T04:57:51.468000-04:00,12.433869361877441,0.7701092958450317,-11.6637601852417
2026-08-04T04:57:51.472000-04:00,12.424633026123047,0.7793455123901367,-11.64528751373291
2026-08-04T04:57:51.476000-04:00,12.425684928894043,0.7835543751716614,-11.642130851745605
2026-08-04T04:57:51.480000-04:00,12.431063652038574,0.7737336158752441,-11.657329559326172
2026-08-04T04:57:51.484000-04:00,12.419488906860352,0.771278440952301,-11.648210525512695
2026-08-04T04:57:51.488000-04:00,12.399613380432129,0.742050051689148,-11.657563209533691
2026-08-04T04:57:51.492000-04:00,12.370736122131348,0.7176151275634766,-11.653120994567871
2026-08-04T04:57:51.496000-04:00,12.3557710647583,0.6824241876602173,-11.673346519470215
2026-08-04T04:57:51.500000-04:00,12.331803321838379,0.6141467094421387,-11.717657089233398
2026-08-04T04:57:51.504000-04:00,12.317072868347168,0.5989479422569275,-11.718125343322754
2026-08-04T04:57:51.508000-04:00,12.28796100616455,0.5355808138847351,-11.75238037109375
2026-08-04T04:57:51.512000-04:00,12.252886772155762,0.4876462519168854,-11.765240669250488
2026-08-04T04:57:51.516000-04:00,12.242131233215332,0.42778655886650085,-11.81434440612793
2026-08-04T04:57:51.520000-04:00,12.217462539672852,0.39236176013946533,-11.825100898742676
2026-08-04T04:57:51.524000-04:00,12.196651458740234,0.36827757954597473,-11.828373908996582
2026-08-04T04:57:51.528000-04:00,12.166955947875977,0.3025721609592438,-11.864383697509766
2026-08-04T04:57:51.532000-04:00,12.16274642944336,0.28959476947784424,-11.873151779174805
2026-08-04T04:57:51.536000-04:00,12.139246940612793,0.24949343502521515,-11.889753341674805
2026-08-04T04:57:51.540000-04:00,12.132582664489746,0.22739678621292114,-11.90518569946289
2026-08-04T04:57:51.544000-04:00,12.120774269104004,0.19699926674365997,-11.923774719238281
2026-08-04T04:57:51.548000-04:00,12.108031272888184,0.1875292807817459,-11.920501708984375
2026-08-04T04:57:51.552000-04:00,12.095638275146484,0.17233051359653473,-11.923307418823242
2026-08-04T04:57:51.556000-04:00,12.088155746459961,0.1473110318183899,-11.940844535827637
2026-08-04T04:57:51.560000-04:00,12.087688446044922,0.13737337291240692,-11.950315475463867
2026-08-04T04:57:51.564000-04:00,12.0844144821167,0.12907251715660095,-11.955342292785645
2026-08-04T04:57:51.568000-04:00,12.074593544006348,0.12182388454675674,-11.95276927947998
2026-08-04T04:57:51.572000-04:00,12.061148643493652,0.1111847534775734,-11.949963569641113
2026-08-04T04:57:51.576000-04:00,12.060564041137695,0.09621982276439667,-11.964344024658203
2026-08-04T04:57:51.580000-04:00,12.071905136108398,0.1083788275718689,-11.963526725769043
2026-08-04T04:57:51.584000-04:00,12.068514823913574,0.12357758730649948,-11.944937705993652
2026-08-04T04:57:51.588000-04:00,12.060096740722656,0.10241623967885971,-11.957680702209473
2026-08-04T04:57:51.592000-04:00,12.05319881439209,0.10183166712522507,-11.951367378234863
2026-08-04T04:57:51.596000-04:00,12.052614212036133,0.10428685694932938,-11.94832706451416
2026-08-04T04:57:51.600000-04:00,12.063136100769043,0.10767734795808792,-11.955458641052246
2026-08-04T04:57:51.604000-04:00,12.05343246459961,0.09002340584993362,-11.963409423828125
2026-08-04T04:57:51.608000-04:00,12.050626754760742,0.10323463380336761,-11.947392463684082
2026-08-04T04:57:51.612000-04:00,12.054952621459961,0.12591585516929626,-11.929037094116211
2026-08-04T04:57:51.616000-04:00,12.052847862243652,0.11165240406990051,-11.941195487976074
2026-08-04T04:57:51.620000-04:00,12.067461967468262,0.1349181979894638,-11.932543754577637
2026-08-04T04:57:51.624000-04:00,12.072606086730957,0.13480128347873688,-11.93780517578125
2026-08-04T04:57:51.628000-04:00,12.063838005065918,0.13503511250019073,-11.928802490234375
2026-08-04T04:57:51.632000-04:00,12.059394836425781,0.14836324751377106,-11.911031723022461
2026-08-04T04:57:51.636000-04:00,12.06103229522705,0.15163682401180267,-11.909395217895508
2026-08-04T04:57:51.640000-04:00,12.080322265625,0.16636793315410614,-11.913954734802246
2026-08-04T04:57:51.644000-04:00,12.09224796295166,0.16964150965213776,-11.922606468200684
2026-08-04T04:57:51.648000-04:00,12.082193374633789,0.1557288020849228,-11.926465034484863
2026-08-04T04:57:51.652000-04:00,12.07178783416748,0.14754486083984375,-11.924242973327637
2026-08-04T04:57:51.656000-04:00,12.077750205993652,0.17326582968235016,-11.904484748840332
2026-08-04T04:57:51.660000-04:00,12.08663558959961,0.1995713710784912,-11.887063980102539
2026-08-04T04:57:51.664000-04:00,12.09248161315918,0.19770075380802155,-11.894781112670898
2026-08-04T04:57:51.668000-04:00,12.087571144104004,0.16870619356632233,-11.918865203857422
2026-08-04T04:57:51.672000-04:00,12.081141471862793,0.17268125712871552,-11.90846061706543
2026-08-04T04:57:51.676000-04:00,12.090727806091309,0.19010137021541595,-11.900626182556152
2026-08-04T04:57:51.680000-04:00,12.103471755981445,0.2015589028596878,-11.901912689208984
2026-08-04T04:57:51.684000-04:00,12.097509384155273,0.19524556398391724,-11.902263641357422
2026-08-04T04:57:51.688000-04:00,12.093884468078613,0.20097433030605316,-11.89291000366211
2026-08-04T04:57:51.692000-04:00,12.087454795837402,0.20985975861549377,-11.877594947814941
2026-08-04T04:57:51.696000-04:00,12.098794937133789,0.1987529695034027,-11.900041580200195
2026-08-04T04:57:51.700000-04:00,12.100899696350098,0.18963371217250824,-11.911266326904297
2026-08-04T04:57:51.704000-04:00,12.098443984985352,0.21406865119934082,-11.88437557220459
2026-08-04T04:57:51.708000-04:00,12.076231002807617,0.1501169502735138,-11.926114082336426
2026-08-04T04:57:51.712000-04:00,12.087804794311523,0.16730323433876038,-11.920501708984375
2026-08-04T04:57:51.716000-04:00,12.089792251586914,0.1730320006608963,-11.916760444641113
2026-08-04T04:57:51.720000-04:00,12.088623046875,0.17291508615016937,-11.9157075881958
2026-08-04T04:57:51.724000-04:00,12.092948913574219,0.17724089324474335,-11.9157075881958
2026-08-04T04:57:51.728000-04:00,12.085817337036133,0.1601715087890625,-11.92564582824707
2026-08-04T04:57:51.732000-04:00,12.072723388671875,0.15350744128227234,-11.91921615600586
2026-08-04T04:57:51.736000-04:00,12.076581001281738,0.1521044820547104,-11.924476623535156
2026-08-04T04:57:51.740000-04:00,12.078919410705566,0.1481294184923172,-11.930789947509766
2026-08-04T04:57:51.744000-04:00,12.08593463897705,0.15362435579299927,-11.932310104370117
2026-08-04T04:57:51.748000-04:00,12.084531784057617,0.1408807784318924,-11.94365119934082
2026-08-04T04:57:51.752000-04:00,12.070384979248047,0.15023386478424072,-11.920150756835938
2026-08-04T04:57:51.756000-04:00,12.07810115814209,0.16788780689239502,-11.910213470458984
2026-08-04T04:57:51.760000-04:00,12.084531784057617,0.1492985635995865,-11.935233116149902
2026-08-04T04:57:51.764000-04:00,12.083478927612305,0.15350744128227234,-11.929971694946289
2026-08-04T04:57:51.768000-04:00,12.07833480834961,0.14567424356937408,-11.932660102844238
2026-08-04T04:57:51.772000-04:00,12.066643714904785,0.12895560264587402,-11.937687873840332
2026-08-04T04:57:51.776000-04:00,12.070267677307129,0.13667190074920654,-11.933595657348633
2026-08-04T04:57:51.780000-04:00,12.08371353149414,0.13994547724723816,-11.943768501281738
2026-08-04T04:57:51.784000-04:00,12.095404624938965,0.15035077929496765,-11.945054054260254
2026-08-04T04:57:51.788000-04:00,12.10464096069336,0.179111510515213,-11.925529479980469
2026-08-04T04:57:51.792000-04:00,12.0927152633667,0.21769295632839203,-11.875021934509277
2026-08-04T04:57:51.796000-04:00,12.094352722167969,0.20693692564964294,-11.887415885925293
2026-08-04T04:57:51.800000-04:00,12.094820022583008,0.20120815932750702,-11.893611907958984
2026-08-04T04:57:51.804000-04:00,12.089909553527832,0.2043648213148117,-11.885544776916504
2026-08-04T04:57:51.808000-04:00,12.102302551269531,0.2634061574935913,-11.838896751403809
2026-08-04T04:57:51.812000-04:00,12.093299865722656,0.28328144550323486,-11.810018539428711
2026-08-04T04:57:51.816000-04:00,12.065123558044434,0.3033905625343323,-11.761733055114746
2026-08-04T04:57:51.820000-04:00,12.072138786315918,0.2885425388813019,-11.78359603881836
2026-08-04T04:57:51.824000-04:00,12.097158432006836,0.29368674755096436,-11.803471565246582
2026-08-04T04:57:51.828000-04:00,12.070502281188965,0.29450514912605286,-11.775997161865234
2026-08-04T04:57:51.832000-04:00,12.068280220031738,0.29240068793296814,-11.775879859924316
2026-08-04T04:57:51.836000-04:00,12.097976684570312,0.2997662425041199,-11.798210144042969
2026-08-04T04:57:51.840000-04:00,12.108264923095703,0.2891271114349365,-11.819137573242188
2026-08-04T04:57:51.844000-04:00,12.100197792053223,0.2328917235136032,-11.867305755615234
2026-08-04T04:57:51.848000-04:00,12.092130661010742,0.1991037130355835,-11.893027305603027
2026-08-04T04:57:51.852000-04:00,12.080906867980957,0.20261111855506897,-11.8782958984375
2026-08-04T04:57:51.856000-04:00,12.073307991027832,0.1738504022359848,-11.899457931518555
2026-08-04T04:57:51.860000-04:00,12.073424339294434,0.15549497306346893,-11.917929649353027
2026-08-04T04:57:51.864000-04:00,12.055068969726562,0.09586907923221588,-11.959199905395508
2026-08-04T04:57:51.868000-04:00,12.042208671569824,0.07739674299955368,-11.964812278747559
2026-08-04T04:57:51.872000-04:00,12.040923118591309,0.07727983593940735,-11.963643074035645
2026-08-04T04:57:51.876000-04:00,12.036012649536133,0.05565083399415016,-11.980361938476562
2026-08-04T04:57:51.880000-04:00,12.049808502197266,0.0738893374800682,-11.975918769836426
2026-08-04T04:57:51.884000-04:00,12.054952621459961,0.07657834887504578,-11.978374481201172
2026-08-04T04:57:51.888000-04:00,12.057524681091309,0.07260329276323318,-11.9849214553833
2026-08-04T04:57:51.892000-04:00,12.047236442565918,0.05109120532870293,-11.996145248413086
2026-08-04T04:57:51.896000-04:00,12.045014381408691,0.057755276560783386,-11.987258911132812
2026-08-04T04:57:51.900000-04:00,12.047001838684082,0.050974290817976,-11.996027946472168
2026-08-04T04:57:51.904000-04:00,12.033674240112305,0.03998441994190216,-11.99368953704834
2026-08-04T04:57:51.908000-04:00,12.035895347595215,0.052494168281555176,-11.98340129852295
2026-08-04T04:57:51.912000-04:00,12.032037734985352,0.03963368013501167,-11.992403984069824
2026-08-04T04:57:51.916000-04:00,12.029114723205566,0.0417381227016449,-11.98737621307373
2026-08-04T04:57:51.920000-04:00,12.02829647064209,0.05062355101108551,-11.977672576904297
2026-08-04T04:57:51.924000-04:00,12.031803131103516,0.041855037212371826,-11.989948272705078
2026-08-04T04:57:51.928000-04:00,12.005264282226562,0.05950897932052612,-11.945755004882812
2026-08-04T04:57:51.932000-04:00,11.969839096069336,0.09668747335672379,-11.873151779174805
2026-08-04T04:57:51.936000-04:00,12.003744125366211,0.13222917914390564,-11.871515274047852
2026-08-04T04:57:51.940000-04:00,12.055419921875,0.11340610682964325,-11.94201374053955
2026-08-04T04:57:51.944000-04:00,12.198171615600586,0.21149654686450958,-11.986675262451172
2026-08-04T04:57:51.948000-04:00,12.311577796936035,0.3568200469017029,-11.954757690429688
2026-08-04T04:57:51.952000-04:00,12.4013671875,0.7225255370140076,-11.678841590881348
2026-08-04T04:57:51.956000-04:00,12.321983337402344,1.4024945497512817,-10.919488906860352
2026-08-04T04:57:51.960000-04:00,12.267618179321289,1.9295406341552734,-10.338077545166016
2026-08-04T04:57:51.964000-04:00,12.207173347473145,2.411808967590332,-9.795364379882812
2026-08-04T04:57:51.968000-04:00,12.170228958129883,2.4478182792663574,-9.722410202026367
2026-08-04T04:57:51.972000-04:00,12.088973999023438,2.1950511932373047,-9.893922805786133
2026-08-04T04:57:51.976000-04:00,12.080906867980957,1.721200704574585,-10.359705924987793
2026-08-04T04:57:51.980000-04:00,12.068280220031738,1.1607173681259155,-10.907563209533691
2026-08-04T04:57:51.984000-04:00,12.062551498413086,0.7699924111366272,-11.292558670043945
2026-08-04T04:57:51.988000-04:00,12.122645378112793,0.4496493637561798,-11.672995567321777
2026-08-04T04:57:51.992000-04:00,12.164032936096191,0.3728371858596802,-11.7911958694458
2026-08-04T04:57:51.996000-04:00,12.126620292663574,0.34033524990081787,-11.786285400390625
2026-08-04T04:57:52-04:00,12.119722366333008,0.2673812210559845,-11.852340698242188
2026-08-04T04:57:52.004000-04:00,12.130127906799316,0.23920504748821259,-11.890922546386719
2026-08-04T04:57:52.008000-04:00,12.126386642456055,0.20003902912139893,-11.926347732543945
2026-08-04T04:57:52.012000-04:00,12.122411727905273,0.19325803220272064,-11.929153442382812
2026-08-04T04:57:52.016000-04:00,12.133167266845703,0.15841780602931976,-11.974749565124512
2026-08-04T04:57:52.020000-04:00,12.136557579040527,0.16356199979782104,-11.97299575805664
2026-08-04T04:57:52.024000-04:00,12.129192352294922,0.15514422953128815,-11.974047660827637
2026-08-04T04:57:52.028000-04:00,12.136908531188965,0.15233831107616425,-11.984570503234863
2026-08-04T04:57:52.032000-04:00,12.133167266845703,0.14766177535057068,-11.985505104064941
2026-08-04T04:57:52.036000-04:00,12.136792182922363,0.16391274333000183,-11.972879409790039
2026-08-04T04:57:52.040000-04:00,12.147196769714355,0.176188662648201,-11.97100830078125
2026-08-04T04:57:52.044000-04:00,12.155030250549316,0.20401407778263092,-11.951016426086426
2026-08-04T04:57:52.048000-04:00,12.155263900756836,0.20705384016036987,-11.948209762573242
2026-08-04T04:57:52.052000-04:00,12.150237083435059,0.19337494671344757,-11.956862449645996
2026-08-04T04:57:52.056000-04:00,12.155614852905273,0.19758383929729462,-11.958030700683594
2026-08-04T04:57:52.060000-04:00,12.162161827087402,0.20284494757652283,-11.959317207336426
2026-08-04T04:57:52.064000-04:00,12.16227912902832,0.20448173582553864,-11.957797050476074
2026-08-04T04:57:52.068000-04:00,12.168475151062012,0.21289950609207153,-11.955575942993164
2026-08-04T04:57:52.072000-04:00,12.167305946350098,0.21091197431087494,-11.95639419555664
2026-08-04T04:57:52.076000-04:00,12.17057991027832,0.20284494757652283,-11.967735290527344
2026-08-04T04:57:52.080000-04:00,12.197002410888672,0.23546381294727325,-11.961538314819336
2026-08-04T04:57:52.084000-04:00,12.205887794494629,0.25709280371665955,-11.948795318603516
2026-08-04T04:57:52.088000-04:00,12.192091941833496,0.2524162828922272,-11.939675331115723
2026-08-04T04:57:52.092000-04:00,12.197937965393066,0.26352307200431824,-11.934414863586426
2026-08-04T04:57:52.096000-04:00,12.206472396850586,0.2721746563911438,-11.934297561645508
2026-08-04T04:57:52.100000-04:00,12.227750778198242,0.3042089641094208,-11.923542022705078
2026-08-04T04:57:52.104000-04:00,12.229036331176758,0.31894007325172424,-11.910096168518066
2026-08-04T04:57:52.108000-04:00,12.237688064575195,0.3287608027458191,-11.908926963806152
2026-08-04T04:57:52.112000-04:00,12.239675521850586,0.3260717988014221,-11.913603782653809
2026-08-04T04:57:52.116000-04:00,12.258499145507812,0.3553001582622528,-11.903199195861816
2026-08-04T04:57:52.120000-04:00,12.281647682189941,0.39598608016967773,-11.885662078857422
2026-08-04T04:57:52.124000-04:00,12.29626178741455,0.4235776662826538,-11.872684478759766
2026-08-04T04:57:52.128000-04:00,12.301172256469727,0.43012481927871704,-11.871047019958496
2026-08-04T04:57:52.132000-04:00,12.311577796936035,0.4729151725769043,-11.838663101196289
2026-08-04T04:57:52.136000-04:00,12.340338706970215,0.5016759037971497,-11.838663101196289
2026-08-04T04:57:52.140000-04:00,12.352965354919434,0.5237725377082825,-11.829193115234375
2026-08-04T04:57:52.144000-04:00,12.377049446105957,0.5667967200279236,-11.810253143310547
2026-08-04T04:57:52.148000-04:00,12.389442443847656,0.5975449681282043,-11.791897773742676
2026-08-04T04:57:52.152000-04:00,12.410369873046875,0.6300469040870667,-11.780323028564453
2026-08-04T04:57:52.156000-04:00,12.434453964233398,0.6589245796203613,-11.775529861450195
2026-08-04T04:57:52.160000-04:00,12.452458381652832,0.6834763884544373,-11.76898193359375
2026-08-04T04:57:52.164000-04:00,12.480985641479492,0.7388933897018433,-11.74209213256836
2026-08-04T04:57:52.168000-04:00,12.47993278503418,0.7496494650840759,-11.730283737182617
2026-08-04T04:57:52.172000-04:00,12.483674049377441,0.7771241068840027,-11.706549644470215
2026-08-04T04:57:52.176000-04:00,12.493144035339355,0.7885816693305969,-11.704562187194824
2026-08-04T04:57:52.180000-04:00,12.504251480102539,0.7861264944076538,-11.718125343322754
2026-08-04T04:57:52.184000-04:00,12.502263069152832,0.8105614185333252,-11.691701889038086
2026-08-04T04:57:52.188000-04:00,12.491273880004883,0.7986361980438232,-11.69263744354248
2026-08-04T04:57:52.192000-04:00,12.46718978881836,0.7789947390556335,-11.68819522857666
2026-08-04T04:57:52.196000-04:00,12.46286392211914,0.7703431248664856,-11.692521095275879
2026-08-04T04:57:52.200000-04:00,12.448834419250488,0.7170305848121643,-11.731803894042969
2026-08-04T04:57:52.204000-04:00,12.431063652038574,0.6887375116348267,-11.742325782775879
2026-08-04T04:57:52.208000-04:00,12.400197982788086,0.6403353214263916,-11.759862899780273
2026-08-04T04:57:52.212000-04:00,12.367462158203125,0.5932191610336304,-11.774243354797363
2026-08-04T04:57:52.216000-04:00,12.332738876342773,0.5514810681343079,-11.781257629394531
2026-08-04T04:57:52.220000-04:00,12.316838264465332,0.49045220017433167,-11.826386451721191
2026-08-04T04:57:52.224000-04:00,12.285271644592285,0.4463757872581482,-11.838895797729492
2026-08-04T04:57:52.228000-04:00,12.246573448181152,0.3845285475254059,-11.862045288085938
2026-08-04T04:57:52.232000-04:00,12.225178718566895,0.3544817864894867,-11.870697021484375
2026-08-04T04:57:52.236000-04:00,12.198522567749023,0.299532413482666,-11.898990631103516
2026-08-04T04:57:52.240000-04:00,12.166838645935059,0.2576773762702942,-11.909161567687988
2026-08-04T04:57:52.244000-04:00,12.166838645935059,0.2576773762702942,-11.909161567687988
2026-08-04T04:57:52.248000-04:00,12.15011978149414,0.22377246618270874,-11.926347732543945
2026-08-04T04:57:52.252000-04:00,12.132115364074707,0.1870616227388382,-11.945054054260254
2026-08-04T04:57:52.256000-04:00,12.118786811828613,0.15327361226081848,-11.965513229370117
2026-08-04T04:57:52.260000-04:00,12.11913776397705,0.1377241164445877,-11.981413841247559
2026-08-04T04:57:52.264000-04:00,12.108732223510742,0.13351523876190186,-11.97521686553955
2026-08-04T04:57:52.268000-04:00,12.099262237548828,0.1268511563539505,-11.972411155700684
2026-08-04T04:57:52.272000-04:00,12.090376853942871,0.11948560923337936,-11.970890998840332
2026-08-04T04:57:52.276000-04:00,12.084765434265137,0.10884647816419601,-11.975918769836426
2026-08-04T04:57:52.280000-04:00,12.088973999023438,0.10943105071783066,-11.97954273223877
2026-08-04T04:57:52.284000-04:00,12.084531784057617,0.10884647816419601,-11.975685119628906
2026-08-04T04:57:52.288000-04:00,12.076698303222656,0.11083400994539261,-11.965864181518555
2026-08-04T04:57:52.292000-04:00,12.075996398925781,0.09540142863988876,-11.980594635009766
2026-08-04T04:57:52.296000-04:00,12.073190689086914,0.10533907264471054,-11.967851638793945
2026-08-04T04:57:52.300000-04:00,12.079036712646484,0.0907248854637146,-11.988311767578125
2026-08-04T04:57:52.304000-04:00,12.07365894317627,0.09809044003486633,-11.975568771362305
2026-08-04T04:57:52.308000-04:00,12.068748474121094,0.0991426631808281,-11.969605445861816
2026-08-04T04:57:52.312000-04:00,12.06126594543457,0.09212785214185715,-11.969138145446777
2026-08-04T04:57:52.316000-04:00,12.057991981506348,0.07809823006391525,-11.979893684387207
2026-08-04T04:57:52.320000-04:00,12.07178783416748,0.08698365092277527,-11.984804153442383
2026-08-04T04:57:52.324000-04:00,12.072606086730957,0.10089636594057083,-11.971709251403809
2026-08-04T04:57:52.328000-04:00,12.063604354858398,0.09130945801734924,-11.972294807434082
2026-08-04T04:57:52.332000-04:00,12.055068969726562,0.07131724059581757,-11.98375129699707
2026-08-04T04:57:52.336000-04:00,12.066643714904785,0.0951675996184349,-11.971476554870605
2026-08-04T04:57:52.340000-04:00,12.072021484375,0.10265006870031357,-11.969371795654297
2026-08-04T04:57:52.344000-04:00,12.077282905578613,0.12954017519950867,-11.947742462158203
2026-08-04T04:57:52.348000-04:00,12.079621315002441,0.11434141546487808,-11.965279579162598
2026-08-04T04:57:52.352000-04:00,12.064422607421875,0.10335154831409454,-11.961071014404297
2026-08-04T04:57:52.356000-04:00,12.079854965209961,0.11819956451654434,-11.961655616760254
2026-08-04T04:57:52.360000-04:00,12.092364311218262,0.12381140887737274,-11.968552589416504
2026-08-04T04:57:52.364000-04:00,12.081608772277832,0.12638351321220398,-11.955224990844727
2026-08-04T04:57:52.368000-04:00,12.081608772277832,0.13538585603237152,-11.946223258972168
2026-08-04T04:57:52.372000-04:00,12.072957038879395,0.16508188843727112,-11.907875061035156
2026-08-04T04:57:52.376000-04:00,12.082660675048828,0.16660176217556,-11.916058540344238
2026-08-04T04:57:52.380000-04:00,12.09201431274414,0.15759941935539246,-11.934414863586426
2026-08-04T04:57:52.384000-04:00,12.091312408447266,0.16648484766483307,-11.924827575683594
2026-08-04T04:57:52.388000-04:00,12.08640193939209,0.1657833606004715,-11.920619010925293
2026-08-04T04:57:52.392000-04:00,12.08640193939209,0.1537412703037262,-11.932661056518555
2026-08-04T04:57:52.396000-04:00,12.088155746459961,0.15362435579299927,-11.934531211853027
2026-08-04T04:57:52.400000-04:00,12.097041130065918,0.1637958288192749,-11.933245658874512
2026-08-04T04:57:52.404000-04:00,12.094586372375488,0.16964150965213776,-11.924944877624512
2026-08-04T04:57:52.408000-04:00,12.095520973205566,0.17034299671649933,-11.925177574157715
2026-08-04T04:57:52.412000-04:00,12.087571144104004,0.1578332483768463,-11.92973804473877
2026-08-04T04:57:52.416000-04:00,12.090611457824707,0.1561964601278305,-11.934414863586426
2026-08-04T04:57:52.420000-04:00,12.096105575561523,0.15350744128227234,-11.942598342895508
2026-08-04T04:57:52.424000-04:00,12.092130661010742,0.1573655903339386,-11.934764862060547
2026-08-04T04:57:52.428000-04:00,12.081842422485352,0.1469602882862091,-11.934882164001465
2026-08-04T04:57:52.432000-04:00,12.08371353149414,0.16438040137290955,-11.919333457946777
2026-08-04T04:57:52.436000-04:00,12.089558601379395,0.15643027424812317,-11.933128356933594
2026-08-04T04:57:52.440000-04:00,12.09002685546875,0.15222139656543732,-11.93780517578125
2026-08-04T04:57:52.444000-04:00,12.085232734680176,0.14204992353916168,-11.943182945251465
2026-08-04T04:57:52.448000-04:00,12.084063529968262,0.13421671092510223,-11.949847221374512
2026-08-04T04:57:52.452000-04:00,12.082076072692871,0.13094313442707062,-11.951132774353027
2026-08-04T04:57:52.456000-04:00,12.078685760498047,0.1248636320233345,-11.953822135925293
2026-08-04T04:57:52.460000-04:00,12.087337493896484,0.12217462062835693,-11.965163230895996
2026-08-04T04:57:52.464000-04:00,12.083829879760742,0.13257992267608643,-11.951250076293945
2026-08-04T04:57:52.468000-04:00,12.081141471862793,0.11527672410011292,-11.965865135192871
2026-08-04T04:57:52.472000-04:00,12.077282905578613,0.11410758644342422,-11.963175773620605
2026-08-04T04:57:52.476000-04:00,12.075178146362305,0.1035853698849678,-11.971592903137207
2026-08-04T04:57:52.480000-04:00,12.084298133850098,0.10627438127994537,-11.978023529052734
2026-08-04T04:57:52.484000-04:00,12.084063529968262,0.10533907264471054,-11.978724479675293
2026-08-04T04:57:52.488000-04:00,12.07786750793457,0.09551834315061569,-11.982349395751953
2026-08-04T04:57:52.492000-04:00,12.07003402709961,0.07295403629541397,-11.997079849243164
2026-08-04T04:57:52.496000-04:00,12.075295448303223,0.07611069828271866,-11.999184608459473
2026-08-04T04:57:52.500000-04:00,12.083829879760742,0.11422450095415115,-11.969605445861816
2026-08-04T04:57:52.504000-04:00,12.083478927612305,0.11258771270513535,-11.970890998840332
2026-08-04T04:57:52.508000-04:00,12.070502281188965,0.094349205493927,-11.976153373718262
2026-08-04T04:57:52.512000-04:00,12.070969581604004,0.08031958341598511,-11.990650177001953
2026-08-04T04:57:52.516000-04:00,12.071203231811523,0.07985193282365799,-11.991351127624512
2026-08-04T04:57:52.520000-04:00,12.079854965209961,0.08803587406873703,-11.991819381713867
2026-08-04T04:57:52.524000-04:00,12.077165603637695,0.0899064913392067,-11.987258911132812
2026-08-04T04:57:52.528000-04:00,12.062435150146484,0.09318006783723831,-11.969255447387695
2026-08-04T04:57:52.532000-04:00,12.060914993286133,0.08113797754049301,-11.979777336120605
2026-08-04T04:57:52.536000-04:00,12.091546058654785,0.1027669757604599,-11.988779067993164
2026-08-04T04:57:52.540000-04:00,12.107680320739746,0.14462201297283173,-11.963058471679688
2026-08-04T04:57:52.544000-04:00,12.089324951171875,0.15958695113658905,-11.92973804473877
2026-08-04T04:57:52.548000-04:00,12.077049255371094,0.15689793229103088,-11.920151710510254
2026-08-04T04:57:52.552000-04:00,12.084999084472656,0.16192521154880524,-11.923073768615723
2026-08-04T04:57:52.556000-04:00,12.107095718383789,0.15678101778030396,-11.95031452178955
2026-08-04T04:57:52.560000-04:00,12.122762680053711,0.18659396469593048,-11.936168670654297
2026-08-04T04:57:52.564000-04:00,12.109667778015137,0.22353863716125488,-11.886129379272461
2026-08-04T04:57:52.568000-04:00,12.065240859985352,0.24434924125671387,-11.820891380310059
2026-08-04T04:57:52.572000-04:00,12.050860404968262,0.24586911499500275,-11.804991722106934
2026-08-04T04:57:52.576000-04:00,12.06395435333252,0.23452851176261902,-11.829425811767578
2026-08-04T04:57:52.580000-04:00,12.068046569824219,0.2560406029224396,-11.812005996704102
2026-08-04T04:57:52.584000-04:00,12.075178146362305,0.24341394007205963,-11.831764221191406
2026-08-04T04:57:52.588000-04:00,12.088973999023438,0.24072492122650146,-11.848249435424805
2026-08-04T04:57:52.592000-04:00,12.107095718383789,0.22575999796390533,-11.881335258483887
2026-08-04T04:57:52.596000-04:00,12.098443984985352,0.21301642060279846,-11.885427474975586
2026-08-04T04:57:52.600000-04:00,12.089792251586914,0.14941547811031342,-11.940377235412598
2026-08-04T04:57:52.604000-04:00,12.091546058654785,0.14064696431159973,-11.950899124145508
2026-08-04T04:57:52.608000-04:00,12.079270362854004,0.1212393119931221,-11.958030700683594
2026-08-04T04:57:52.612000-04:00,12.064656257629395,0.11048327386379242,-11.95417308807373
2026-08-04T04:57:52.616000-04:00,12.068280220031738,0.05997663363814354,-12.00830364227295
2026-08-04T04:57:52.620000-04:00,12.05927848815918,0.05471552535891533,-12.004563331604004
2026-08-04T04:57:52.624000-04:00,12.044429779052734,0.04384256899356842,-12.000587463378906
2026-08-04T04:57:52.628000-04:00,12.038351058959961,0.02782541699707508,-12.010525703430176
2026-08-04T04:57:52.632000-04:00,12.037181854248047,0.018355421721935272,-12.018826484680176
2026-08-04T04:57:52.636000-04:00,12.041624069213867,0.012743572704494,-12.02888011932373
2026-08-04T04:57:52.640000-04:00,12.049223899841309,0.001870616222731769,-12.047353744506836
2026-08-04T04:57:52.644000-04:00,12.046768188476562,0.0053780218586325645,-12.041390419006348
2026-08-04T04:57:52.648000-04:00,12.039520263671875,0.006780983880162239,-12.032739639282227
2026-08-04T04:57:52.652000-04:00,12.028881072998047,0.008885427378118038,-12.01999568939209
2026-08-04T04:57:52.656000-04:00,12.037298202514648,0.00116913509555161,-12.036128997802734
2026-08-04T04:57:52.660000-04:00,12.039285659790039,-0.006547156721353531,-12.045832633972168
2026-08-04T04:57:52.664000-04:00,12.033674240112305,0.0077162920497357845,-12.025958061218262
2026-08-04T04:57:52.668000-04:00,12.027594566345215,0.008885427378118038,-12.018709182739258
2026-08-04T04:57:52.672000-04:00,12.02198314666748,-0.000584567547775805,-12.022567749023438
2026-08-04T04:57:52.676000-04:00,12.021514892578125,-0.002922837855294347,-12.02443790435791
2026-08-04T04:57:52.680000-04:00,12.023502349853516,0.012977399863302708,-12.01052474975586
2026-08-04T04:57:52.684000-04:00,11.98094654083252,0.04512861743569374,-11.93581771850586
2026-08-04T04:57:52.688000-04:00,11.978608131408691,0.05448169633746147,-11.924126625061035
2026-08-04T04:57:52.692000-04:00,12.044196128845215,0.048636022955179214,-11.995559692382812
2026-08-04T04:57:52.696000-04:00,12.128023147583008,0.08978957682847977,-12.038233757019043
2026-08-04T04:57:52.700000-04:00,12.309005737304688,0.2609509527683258,-12.048054695129395
2026-08-04T04:57:52.704000-04:00,12.439598083496094,0.47396737337112427,-11.965630531311035
2026-08-04T04:57:52.708000-04:00,12.384414672851562,1.0374904870986938,-11.346923828125
2026-08-04T04:57:52.712000-04:00,12.338116645812988,1.5655888319015503,-10.772527694702148
2026-08-04T04:57:52.716000-04:00,12.24283218383789,2.2314112186431885,-10.011421203613281
2026-08-04T04:57:52.720000-04:00,12.20565414428711,2.349377155303955,-9.856277465820312
2026-08-04T04:57:52.724000-04:00,12.134804725646973,2.273383378982544,-9.861421585083008
2026-08-04T04:57:52.728000-04:00,12.067111015319824,1.6877634525299072,-10.379347801208496
2026-08-04T04:57:52.732000-04:00,12.01005744934082,1.2405693531036377,-10.769488334655762
2026-08-04T04:57:52.736000-04:00,12.019761085510254,0.7162122130393982,-11.303548812866211
2026-08-04T04:57:52.740000-04:00,12.066761016845703,0.43386605381965637,-11.632894515991211
2026-08-04T04:57:52.744000-04:00,12.15011978149414,0.34431028366088867,-11.805809020996094
2026-08-04T04:57:52.748000-04:00,12.154796600341797,0.277786523103714,-11.877010345458984
2026-08-04T04:57:52.752000-04:00,12.101717948913574,0.2136009931564331,-11.888116836547852
2026-08-04T04:57:52.756000-04:00,12.116332054138184,0.17630557715892792,-11.94002628326416
2026-08-04T04:57:52.760000-04:00,12.130946159362793,0.17151212692260742,-11.959434509277344
2026-08-04T04:57:52.764000-04:00,12.122879028320312,0.170576810836792,-11.952301979064941
2026-08-04T04:57:52.768000-04:00,12.107446670532227,0.1385425180196762,-11.968904495239258
2026-08-04T04:57:52.772000-04:00,12.103588104248047,0.09855809062719345,-12.005029678344727
2026-08-04T04:57:52.776000-04:00,12.121358871459961,0.10498833656311035,-12.01637077331543
2026-08-04T04:57:52.780000-04:00,12.126737594604492,0.10826191306114197,-12.018475532531738
2026-08-04T04:57:52.784000-04:00,12.12568473815918,0.11726425588130951,-12.008420944213867
2026-08-04T04:57:52.788000-04:00,12.12568473815918,0.10908030718564987,-12.01660442352295
2026-08-04T04:57:52.792000-04:00,12.125802040100098,0.1111847534775734,-12.014616966247559
2026-08-04T04:57:52.796000-04:00,12.13983154296875,0.1184333860874176,-12.021398544311523
2026-08-04T04:57:52.800000-04:00,12.147196769714355,0.12509745359420776,-12.022099494934082
2026-08-04T04:57:52.804000-04:00,12.147547721862793,0.12556511163711548,-12.021982192993164
2026-08-04T04:57:52.808000-04:00,12.142988204956055,0.12825413048267365,-12.014734268188477
2026-08-04T04:57:52.812000-04:00,12.142169952392578,0.13550275564193726,-12.006667137145996
2026-08-04T04:57:52.816000-04:00,12.155147552490234,0.14438818395137787,-12.010759353637695
2026-08-04T04:57:52.820000-04:00,12.163214683532715,0.15607954561710358,-12.007135391235352
2026-08-04T04:57:52.824000-04:00,12.165318489074707,0.16239286959171295,-12.002925872802734
2026-08-04T04:57:52.828000-04:00,12.175256729125977,0.17735780775547028,-11.997899055480957
2026-08-04T04:57:52.832000-04:00,12.171631813049316,0.1870616227388382,-11.984570503234863
2026-08-04T04:57:52.836000-04:00,12.179698944091797,0.19922062754631042,-11.980478286743164
2026-08-04T04:57:52.840000-04:00,12.19080638885498,0.2264614701271057,-11.96434497833252
2026-08-04T04:57:52.844000-04:00,12.198287963867188,0.23172257840633392,-11.966565132141113
2026-08-04T04:57:52.848000-04:00,12.189519882202148,0.2436477690935135,-11.94587230682373
2026-08-04T04:57:52.852000-04:00,12.199925422668457,0.24540147185325623,-11.954524040222168
2026-08-04T04:57:52.856000-04:00,12.222606658935547,0.2532346844673157,-11.969371795654297
2026-08-04T04:57:52.860000-04:00,12.233830451965332,0.27357763051986694,-11.96025276184082
2026-08-04T04:57:52.864000-04:00,12.242364883422852,0.2909977436065674,-11.951367378234863
2026-08-04T04:57:52.868000-04:00,12.236167907714844,0.29918166995048523,-11.936985969543457
2026-08-04T04:57:52.872000-04:00,12.251834869384766,0.31730327010154724,-11.934531211853027
2026-08-04T04:57:52.876000-04:00,12.264695167541504,0.34232276678085327,-11.922372817993164
2026-08-04T04:57:52.880000-04:00,12.287142753601074,0.3676930069923401,-11.919449806213379
2026-08-04T04:57:52.884000-04:00,12.311577796936035,0.4010133445262909,-11.910564422607422
2026-08-04T04:57:52.888000-04:00,12.316370964050293,0.4038192629814148,-11.912551879882812
2026-08-04T04:57:52.892000-04:00,12.335077285766602,0.463211327791214,-11.871866226196289
2026-08-04T04:57:52.896000-04:00,12.355653762817383,0.49688243865966797,-11.858771324157715
2026-08-04T04:57:52.900000-04:00,12.402302742004395,0.539322018623352,-11.862980842590332
2026-08-04T04:57:52.904000-04:00,12.4138765335083,0.5613017678260803,-11.852574348449707
2026-08-04T04:57:52.908000-04:00,12.427322387695312,0.5919331312179565,-11.835389137268066
2026-08-04T04:57:52.912000-04:00,12.43842887878418,0.6190570592880249,-11.819372177124023
2026-08-04T04:57:52.916000-04:00,12.460291862487793,0.6554171442985535,-11.804874420166016
2026-08-04T04:57:52.920000-04:00,12.47993278503418,0.677513837814331,-11.80241870880127
2026-08-04T04:57:52.924000-04:00,12.483089447021484,0.6986751556396484,-11.784414291381836
2026-08-04T04:57:52.928000-04:00,12.491741180419922,0.7198365330696106,-11.771904945373535
2026-08-04T04:57:52.932000-04:00,12.488701820373535,0.717498242855072,-11.771203994750977
2026-08-04T04:57:52.936000-04:00,12.497118949890137,0.7139908075332642,-11.783127784729004
2026-08-04T04:57:52.940000-04:00,12.491741180419922,0.7233439087867737,-11.768397331237793
2026-08-04T04:57:52.944000-04:00,12.480401039123535,0.7189012169837952,-11.761499404907227
2026-08-04T04:57:52.948000-04:00,12.457602500915527,0.6920111179351807,-11.765591621398926
2026-08-04T04:57:52.952000-04:00,12.443339347839355,0.6652379035949707,-11.778100967407227
2026-08-04T04:57:52.956000-04:00,12.426386833190918,0.6306315064430237,-11.795755386352539
2026-08-04T04:57:52.960000-04:00,12.414461135864258,0.6086517572402954,-11.805809020996094
2026-08-04T04:57:52.964000-04:00,12.379621505737305,0.5581451058387756,-11.821475982666016
2026-08-04T04:57:52.968000-04:00,12.357291221618652,0.5210835337638855,-11.836207389831543
2026-08-04T04:57:52.972000-04:00,12.31672191619873,0.4604054093360901,-11.856316566467285
2026-08-04T04:57:52.976000-04:00,12.291234970092773,0.4183165431022644,-11.872918128967285
2026-08-04T04:57:52.980000-04:00,12.27568531036377,0.3736555874347687,-11.902029991149902
2026-08-04T04:57:52.984000-04:00,12.238974571228027,0.32045993208885193,-11.918514251708984
2026-08-04T04:57:52.988000-04:00,12.215475082397461,0.28842562437057495,-11.92704963684082
2026-08-04T04:57:52.992000-04:00,12.186363220214844,0.22669529914855957,-11.959668159484863
2026-08-04T04:57:52.996000-04:00,12.171164512634277,0.2027280330657959,-11.968436241149902
2026-08-04T04:57:53-04:00,12.169878005981445,0.18717853724956512,-11.982699394226074
2026-08-04T04:57:53.004000-04:00,12.14614486694336,0.16800472140312195,-11.978139877319336
2026-08-04T04:57:53.008000-04:00,12.124983787536621,0.12427906692028046,-12.000704765319824
2026-08-04T04:57:53.012000-04:00,12.117968559265137,0.12159005552530289,-11.996378898620605
2026-08-04T04:57:53.016000-04:00,12.117852210998535,0.11223697662353516,-12.005615234375
2026-08-04T04:57:53.020000-04:00,12.10908317565918,0.08663291484117508,-12.02245044708252
2026-08-04T04:57:53.024000-04:00,12.09856128692627,0.09657055884599686,-12.00199031829834
2026-08-04T04:57:53.028000-04:00,12.086752891540527,0.08324242383241653,-12.003510475158691
2026-08-04T04:57:53.032000-04:00,12.08640193939209,0.0674590989947319,-12.018942832946777
2026-08-04T04:57:53.036000-04:00,12.090845108032227,0.050974290817976,-12.039871215820312
2026-08-04T04:57:53.040000-04:00,12.085817337036133,0.04828527942299843,-12.037531852722168
2026-08-04T04:57:53.044000-04:00,12.089324951171875,0.06991428136825562,-12.019411087036133
2026-08-04T04:57:53.048000-04:00,12.072138786315918,0.04314108565449715,-12.028997421264648
2026-08-04T04:57:53.052000-04:00,12.06956672668457,0.03367109224200249,-12.035895347595215
2026-08-04T04:57:53.056000-04:00,12.081608772277832,0.04770071431994438,-12.033907890319824
2026-08-04T04:57:53.060000-04:00,12.079972267150879,0.05074046552181244,-12.029232025146484
2026-08-04T04:57:53.064000-04:00,12.074944496154785,0.05565083399415016,-12.019293785095215
2026-08-04T04:57:53.068000-04:00,12.072839736938477,0.060561198741197586,-12.01227855682373
2026-08-04T04:57:53.072000-04:00,12.065825462341309,0.056703053414821625,-12.009122848510742
2026-08-04T04:57:53.076000-04:00,12.078803062438965,0.04957133159041405,-12.029232025146484
2026-08-04T04:57:53.080000-04:00,12.080673217773438,0.05284490808844566,-12.027828216552734
2026-08-04T04:57:53.084000-04:00,12.079972267150879,0.06909588724374771,-12.010876655578613
2026-08-04T04:57:53.088000-04:00,12.068748474121094,0.0658223107457161,-12.002925872802734
2026-08-04T04:57:53.092000-04:00,12.071436882019043,0.060561198741197586,-12.010875701904297
2026-08-04T04:57:53.096000-04:00,12.083245277404785,0.06523773819208145,-12.018007278442383
2026-08-04T04:57:53.100000-04:00,12.091546058654785,0.09084179997444153,-12.000703811645508
2026-08-04T04:57:53.104000-04:00,12.083596229553223,0.08838661760091782,-11.995209693908691
2026-08-04T04:57:53.108000-04:00,12.08616828918457,0.09890883415937424,-11.987259864807129
2026-08-04T04:57:53.112000-04:00,12.089442253112793,0.10498833656311035,-11.984454154968262
2026-08-04T04:57:53.116000-04:00,12.102068901062012,0.101948581635952,-12.000120162963867
2026-08-04T04:57:53.120000-04:00,12.099028587341309,0.12638351321220398,-11.972644805908203
2026-08-04T04:57:53.124000-04:00,12.095755577087402,0.13538585603237152,-11.960370063781738
2026-08-04T04:57:53.128000-04:00,12.095755577087402,0.13363215327262878,-11.96212387084961
2026-08-04T04:57:53.132000-04:00,12.099846839904785,0.14146535098552704,-11.958381652832031
2026-08-04T04:57:53.136000-04:00,12.095638275146484,0.12942326068878174,-11.966215133666992
2026-08-04T04:57:53.140000-04:00,12.104757308959961,0.1301247477531433,-11.974632263183594
2026-08-04T04:57:53.144000-04:00,12.108382225036621,0.1357365846633911,-11.97264575958252
2026-08-04T04:57:53.148000-04:00,12.104874610900879,0.14392054080963135,-11.960953712463379
2026-08-04T04:57:53.152000-04:00,12.109785079956055,0.14345288276672363,-11.96633243560791
2026-08-04T04:57:53.156000-04:00,12.103939056396484,0.13982856273651123,-11.964110374450684
2026-08-04T04:57:53.160000-04:00,12.11516284942627,0.1489478200674057,-11.966215133666992
2026-08-04T04:57:53.164000-04:00,12.112473487854004,0.14520658552646637,-11.967267036437988
2026-08-04T04:57:53.168000-04:00,12.10054874420166,0.13702264428138733,-11.963525772094727
2026-08-04T04:57:53.172000-04:00,12.109901428222656,0.12451289594173431,-11.98538875579834
2026-08-04T04:57:53.176000-04:00,12.114578247070312,0.13222917914390564,-11.982349395751953
2026-08-04T04:57:53.180000-04:00,12.109434127807617,0.12661734223365784,-11.982816696166992
2026-08-04T04:57:53.184000-04:00,12.10662841796875,0.1293063461780548,-11.97732162475586
2026-08-04T04:57:53.188000-04:00,12.105575561523438,0.1312938779592514,-11.974281311035156
2026-08-04T04:57:53.192000-04:00,12.101484298706055,0.1164458617568016,-11.985038757324219
2026-08-04T04:57:53.196000-04:00,12.105692863464355,0.11726425588130951,-11.988429069519043
2026-08-04T04:57:53.200000-04:00,12.130595207214355,0.1272018998861313,-12.003393173217773
2026-08-04T04:57:53.204000-04:00,12.115630149841309,0.11083400994539261,-12.004796028137207
2026-08-04T04:57:53.208000-04:00,12.095287322998047,0.09037414938211441,-12.004913330078125
2026-08-04T04:57:53.212000-04:00,12.101600646972656,0.08406081795692444,-12.017539978027344
2026-08-04T04:57:53.216000-04:00,12.109667778015137,0.08768513798713684,-12.021982192993164
2026-08-04T04:57:53.220000-04:00,12.11270809173584,0.10311771929264069,-12.009590148925781
2026-08-04T04:57:53.224000-04:00,12.113877296447754,0.1120031476020813,-12.001873970031738
2026-08-04T04:57:53.228000-04:00,12.095871925354004,0.09586907923221588,-12.00000286102295
2026-08-04T04:57:53.232000-04:00,12.094001770019531,0.07727983593940735,-12.016721725463867
2026-08-04T04:57:53.236000-04:00,12.102653503417969,0.0795011892914772,-12.023152351379395
2026-08-04T04:57:53.240000-04:00,12.104290008544922,0.07611069828271866,-12.028179168701172
2026-08-04T04:57:53.244000-04:00,12.102418899536133,0.0750584751367569,-12.027359962463379
2026-08-04T04:57:53.248000-04:00,12.091196060180664,0.06675761938095093,-12.024438858032227
2026-08-04T04:57:53.252000-04:00,12.091897010803223,0.06406860798597336,-12.027828216552734
2026-08-04T04:57:53.256000-04:00,12.101717948913574,0.058106016367673874,-12.043611526489258
2026-08-04T04:57:53.260000-04:00,12.101951599121094,0.0766952633857727,-12.025256156921387
2026-08-04T04:57:53.264000-04:00,12.095170974731445,0.054130956530570984,-12.041040420532227
2026-08-04T04:57:53.268000-04:00,12.084765434265137,0.06313329935073853,-12.021632194519043
2026-08-04T04:57:53.272000-04:00,12.087804794311523,0.048519108444452286,-12.039285659790039
2026-08-04T04:57:53.276000-04:00,12.090143203735352,0.0517926849424839,-12.038350105285645
2026-08-04T04:57:53.280000-04:00,12.090961456298828,0.0545986108481884,-12.036362648010254
2026-08-04T04:57:53.284000-04:00,12.084648132324219,0.052611082792282104,-12.032036781311035
2026-08-04T04:57:53.288000-04:00,12.087688446044922,0.06909588724374771,-12.018592834472656
2026-08-04T04:57:53.292000-04:00,12.086519241333008,0.054130956530570984,-12.032388687133789
2026-08-04T04:57:53.296000-04:00,12.09201431274414,0.052727993577718735,-12.039286613464355
2026-08-04T04:57:53.300000-04:00,12.100431442260742,0.06628996133804321,-12.034141540527344
2026-08-04T04:57:53.304000-04:00,12.107680320739746,0.08476229757070541,-12.022917747497559
2026-08-04T04:57:53.308000-04:00,12.110486030578613,0.10849574208259583,-12.00199031829834
2026-08-04T04:57:53.312000-04:00,12.106511116027832,0.10943105071783066,-11.997079849243164
2026-08-04T04:57:53.316000-04:00,12.100666046142578,0.11293845623731613,-11.987727165222168
2026-08-04T04:57:53.320000-04:00,12.107563972473145,0.12579894065856934,-11.981764793395996
2026-08-04T04:57:53.324000-04:00,12.116098403930664,0.13374905288219452,-11.982349395751953
2026-08-04T04:57:53.328000-04:00,12.113759994506836,0.16975842416286469,-11.944001197814941
2026-08-04T04:57:53.332000-04:00,12.109551429748535,0.18577557802200317,-11.923775672912598
2026-08-04T04:57:53.336000-04:00,12.081608772277832,0.20927518606185913,-11.872333526611328
2026-08-04T04:57:53.340000-04:00,12.090376853942871,0.21219803392887115,-11.878178596496582
2026-08-04T04:57:53.344000-04:00,12.096105575561523,0.2228371500968933,-11.873268127441406
2026-08-04T04:57:53.348000-04:00,12.086870193481445,0.2360483855009079,-11.850821495056152
2026-08-04T04:57:53.352000-04:00,12.097976684570312,0.233242467045784,-11.864734649658203
2026-08-04T04:57:53.356000-04:00,12.127555847167969,0.21383482217788696,-11.913721084594727
2026-08-04T04:57:53.360000-04:00,12.13737678527832,0.2152377814054489,-11.922139167785645
2026-08-04T04:57:53.364000-04:00,12.113993644714355,0.16321127116680145,-11.950782775878906
2026-08-04T04:57:53.368000-04:00,12.105108261108398,0.13339832425117493,-11.971710205078125
2026-08-04T04:57:53.372000-04:00,12.096573829650879,0.1176149919629097,-11.978959083557129
2026-08-04T04:57:53.376000-04:00,12.096924781799316,0.1111847534775734,-11.985739707946777
2026-08-04T04:57:53.380000-04:00,12.098443984985352,0.09002340584993362,-12.008420944213867
2026-08-04T04:57:53.384000-04:00,12.082894325256348,0.04150429740548134,-12.041390419006348
2026-08-04T04:57:53.388000-04:00,12.068280220031738,0.020576778799295425,-12.047703742980957
2026-08-04T04:57:53.392000-04:00,12.062551498413086,0.0033904919400811195,-12.059161186218262
2026-08-04T04:57:53.396000-04:00,12.06734561920166,0.01730320043861866,-12.050042152404785
2026-08-04T04:57:53.400000-04:00,12.077516555786133,0.010872956365346909,-12.066643714904785
2026-08-04T04:57:53.404000-04:00,12.074828147888184,0.013678881339728832,-12.061149597167969
2026-08-04T04:57:53.408000-04:00,12.069917678833008,-0.001286048674955964,-12.07120418548584
2026-08-04T04:57:53.412000-04:00,12.063838005065918,-0.012275919318199158,-12.0761137008667
2026-08-04T04:57:53.416000-04:00,12.07003402709961,-0.012275919318199158,-12.08230972290039
2026-08-04T04:57:53.420000-04:00,12.072606086730957,-0.011691351421177387,-12.084297180175781
2026-08-04T04:57:53.424000-04:00,12.066176414489746,-0.016367891803383827,-12.082544326782227
2026-08-04T04:57:53.428000-04:00,12.052847862243652,-0.014497275464236736,-12.067344665527344
2026-08-04T04:57:53.432000-04:00,12.051795959472656,-0.025487145408988,-12.077282905578613
2026-08-04T04:57:53.436000-04:00,12.053549766540527,-0.026071714237332344,-12.079621315002441
2026-08-04T04:57:53.440000-04:00,12.058225631713867,-0.004208886530250311,-12.062434196472168
2026-08-04T04:57:53.444000-04:00,12.04735279083252,-0.0003507405344862491,-12.047703742980957
2026-08-04T04:57:53.448000-04:00,12.023736953735352,0.01613406464457512,-12.00760269165039
2026-08-04T04:57:53.452000-04:00,12.00000286102295,0.026890108361840248,-11.973113059997559
2026-08-04T04:57:53.456000-04:00,12.03905200958252,0.06219799071550369,-11.97685432434082
2026-08-04T04:57:53.460000-04:00,12.080790519714355,0.06851132214069366,-12.012279510498047
2026-08-04T04:57:53.464000-04:00,12.186830520629883,0.13281375169754028,-12.054017066955566
2026-08-04T04:57:53.468000-04:00,12.322099685668945,0.27123934030532837,-12.050860404968262
2026-08-04T04:57:53.472000-04:00,12.477127075195312,0.6523774266242981,-11.824749946594238
2026-08-04T04:57:53.476000-04:00,12.404406547546387,1.0854250192642212,-11.318981170654297
2026-08-04T04:57:53.480000-04:00,12.360330581665039,1.868277907371521,-10.492053031921387
2026-08-04T04:57:53.484000-04:00,12.245637893676758,2.3311386108398438,-9.914499282836914
2026-08-04T04:57:53.488000-04:00,12.22202205657959,2.328683376312256,-9.893339157104492
2026-08-04T04:57:53.492000-04:00,12.147080421447754,2.089712142944336,-10.057368278503418
2026-08-04T04:57:53.496000-04:00,12.113526344299316,1.6443885564804077,-10.469138145446777
2026-08-04T04:57:53.500000-04:00,12.050509452819824,1.0372567176818848,-11.013252258300781
2026-08-04T04:57:53.504000-04:00,12.050626754760742,0.6798520684242249,-11.370774269104004
2026-08-04T04:57:53.508000-04:00,12.115280151367188,0.35869064927101135,-11.756589889526367
2026-08-04T04:57:53.512000-04:00,12.174905776977539,0.30900242924690247,-11.8659029006958
2026-08-04T04:57:53.516000-04:00,12.170930862426758,0.27088862657546997,-11.900042533874512
2026-08-04T04:57:53.520000-04:00,12.136674880981445,0.21231494843959808,-11.924360275268555
2026-08-04T04:57:53.524000-04:00,12.144391059875488,0.17408421635627747,-11.970306396484375
2026-08-04T04:57:53.528000-04:00,12.134570121765137,0.1453235000371933,-11.989246368408203
2026-08-04T04:57:53.532000-04:00,12.12907600402832,0.12825413048267365,-12.000822067260742
2026-08-04T04:57:53.536000-04:00,12.135154724121094,0.11726425588130951,-12.017890930175781
2026-08-04T04:57:53.540000-04:00,12.140533447265625,0.11586128920316696,-12.024672508239746
2026-08-04T04:57:53.544000-04:00,12.130595207214355,0.11422450095415115,-12.01637077331543
2026-08-04T04:57:53.548000-04:00,12.123112678527832,0.10779426246881485,-12.015318870544434
2026-08-04T04:57:53.552000-04:00,12.124632835388184,0.09820735454559326,-12.0264253616333
2026-08-04T04:57:53.556000-04:00,12.153042793273926,0.10288389027118683,-12.050158500671387
2026-08-04T04:57:53.560000-04:00,12.163915634155273,0.10323463380336761,-12.060681343078613
2026-08-04T04:57:53.564000-04:00,12.16029167175293,0.11831647902727127,-12.041975021362305
2026-08-04T04:57:53.568000-04:00,12.15666675567627,0.12989091873168945,-12.026775360107422
2026-08-04T04:57:53.572000-04:00,12.157368659973145,0.1252143681049347,-12.032154083251953
2026-08-04T04:57:53.576000-04:00,12.163214683532715,0.13024164736270905,-12.032973289489746
2026-08-04T04:57:53.580000-04:00,12.184843063354492,0.13339832425117493,-12.051445007324219
2026-08-04T04:57:53.584000-04:00,12.17467212677002,0.16028842329978943,-12.014383316040039
2026-08-04T04:57:53.588000-04:00,12.1744384765625,0.160989910364151,-12.013448715209961
2026-08-04T04:57:53.592000-04:00,12.181219100952148,0.16554953157901764,-12.015669822692871
2026-08-04T04:57:53.596000-04:00,12.186363220214844,0.16964150965213776,-12.016721725463867
2026-08-04T04:57:53.600000-04:00,12.194897651672363,0.18741236627101898,-12.007485389709473
2026-08-04T04:57:53.604000-04:00,12.191974639892578,0.20144198834896088,-11.990532875061035
2026-08-04T04:57:53.608000-04:00,12.190571784973145,0.20740456879138947,-11.98316764831543
2026-08-04T04:57:53.612000-04:00,12.199808120727539,0.21968048810958862,-11.980127334594727
2026-08-04T04:57:53.616000-04:00,12.214422225952148,0.22096654772758484,-11.99345588684082
2026-08-04T04:57:53.620000-04:00,12.231023788452148,0.25428688526153564,-11.976737022399902
2026-08-04T04:57:53.624000-04:00,12.229738235473633,0.2521824538707733,-11.977556228637695
2026-08-04T04:57:53.628000-04:00,12.235116004943848,0.27883872389793396,-11.956276893615723
2026-08-04T04:57:53.632000-04:00,12.245170593261719,0.276149719953537,-11.96902084350586
2026-08-04T04:57:53.636000-04:00,12.264812469482422,0.3284100592136383,-11.936402320861816
2026-08-04T04:57:53.640000-04:00,12.276386260986328,0.338464617729187,-11.937921524047852
2026-08-04T04:57:53.644000-04:00,12.29041576385498,0.36196422576904297,-11.928451538085938
2026-08-04T04:57:53.648000-04:00,12.293923377990723,0.3741232454776764,-11.9197998046875
2026-08-04T04:57:53.652000-04:00,12.31473445892334,0.3983243405818939,-11.916410446166992
2026-08-04T04:57:53.656000-04:00,12.33110237121582,0.43608739972114563,-11.895014762878418
2026-08-04T04:57:53.660000-04:00,12.350743293762207,0.47478577494621277,-11.875957489013672
2026-08-04T04:57:53.664000-04:00,12.36477279663086,0.5056509375572205,-11.859122276306152
2026-08-04T04:57:53.668000-04:00,12.37891960144043,0.5428294539451599,-11.836090087890625
2026-08-04T04:57:53.672000-04:00,12.401484489440918,0.5779035091400146,-11.823580741882324
2026-08-04T04:57:53.676000-04:00,12.426153182983398,0.6156665682792664,-11.810486793518066
2026-08-04T04:57:53.680000-04:00,12.439598083496094,0.6523774266242981,-11.78722095489502
2026-08-04T04:57:53.684000-04:00,12.448015213012695,0.6798520684242249,-11.768162727355957
2026-08-04T04:57:53.688000-04:00,12.45725154876709,0.7072098255157471,-11.750041961669922
2026-08-04T04:57:53.692000-04:00,12.462512969970703,0.714224636554718,-11.74828815460205
2026-08-04T04:57:53.696000-04:00,12.472684860229492,0.7231100797653198,-11.749574661254883
2026-08-04T04:57:53.700000-04:00,12.49185848236084,0.7474281191825867,-11.744430541992188
2026-08-04T04:57:53.704000-04:00,12.482973098754883,0.7438037991523743,-11.739169120788574
2026-08-04T04:57:53.708000-04:00,12.476425170898438,0.7369058728218079,-11.739519119262695
2026-08-04T04:57:53.712000-04:00,12.466020584106445,0.7139908075332642,-11.752029418945312
2026-08-04T04:57:53.716000-04:00,12.464734077453613,0.7014811038970947,-11.763253211975098
2026-08-04T04:57:53.720000-04:00,12.442521095275879,0.6918941736221313,-11.750626564025879
2026-08-04T04:57:53.724000-04:00,12.42650318145752,0.6606782674789429,-11.765825271606445
2026-08-04T04:57:53.728000-04:00,12.387571334838867,0.606079638004303,-11.78149127960205
2026-08-04T04:57:53.732000-04:00,12.371320724487305,0.5672643780708313,-11.804056167602539
2026-08-04T04:57:53.736000-04:00,12.331686973571777,0.49325811862945557,-11.838428497314453
2026-08-04T04:57:53.740000-04:00,12.31672191619873,0.4604054093360901,-11.856316566467285
2026-08-04T04:57:53.744000-04:00,12.276503562927246,0.41492605209350586,-11.861577987670898
2026-08-04T04:57:53.748000-04:00,12.237571716308594,0.3689790368080139,-11.868592262268066
2026-08-04T04:57:53.752000-04:00,12.229036331176758,0.32490265369415283,-11.904133796691895
2026-08-04T04:57:53.756000-04:00,12.197469711303711,0.2710055112838745,-11.926464080810547
2026-08-04T04:57:53.760000-04:00,12.189519882202148,0.25381922721862793,-11.935700416564941
2026-08-04T04:57:53.764000-04:00,12.166838645935059,0.2152377814054489,-11.951601028442383
2026-08-04T04:57:53.768000-04:00,12.15619945526123,0.18016372621059418,-11.976036071777344
2026-08-04T04:57:53.772000-04:00,12.140767097473145,0.15233831107616425,-11.988429069519043
2026-08-04T04:57:53.776000-04:00,12.14369010925293,0.12416215240955353,-12.01952838897705
2026-08-04T04:57:53.780000-04:00,12.135973930358887,0.1268511563539505,-12.009122848510742
2026-08-04T04:57:53.784000-04:00,12.12299633026123,0.09949339926242828,-12.023503303527832
2026-08-04T04:57:53.788000-04:00,12.11130428314209,0.09879191964864731,-12.01251220703125
2026-08-04T04:57:53.792000-04:00,12.110954284667969,0.0831255093216896,-12.02782917022705
2026-08-04T04:57:53.796000-04:00,12.10639476776123,0.08897118270397186,-12.017423629760742
2026-08-04T04:57:53.800000-04:00,12.100197792053223,0.07272020727396011,-12.027477264404297
2026-08-04T04:57:53.804000-04:00,12.09248161315918,0.06570539623498917,-12.026776313781738
2026-08-04T04:57:53.808000-04:00,12.082660675048828,0.05950897932052612,-12.023151397705078
2026-08-04T04:57:53.812000-04:00,12.089792251586914,0.06535465270280838,-12.02443790435791
2026-08-04T04:57:53.816000-04:00,12.088973999023438,0.05974280461668968,-12.029231071472168
2026-08-04T04:57:53.820000-04:00,12.090143203735352,0.06932971626520157,-12.020813941955566
2026-08-04T04:57:53.824000-04:00,12.083245277404785,0.07084959000349045,-12.012395858764648
2026-08-04T04:57:53.828000-04:00,12.066643714904785,0.059275150299072266,-12.007368087768555
2026-08-04T04:57:53.832000-04:00,12.072723388671875,0.05062355101108551,-12.022099494934082
2026-08-04T04:57:53.836000-04:00,12.075061798095703,0.04840219393372536,-12.026659965515137
2026-08-04T04:57:53.840000-04:00,12.074126243591309,0.06360094994306564,-12.010525703430176
2026-08-04T04:57:53.844000-04:00,12.078685760498047,0.06839440762996674,-12.01029109954834
2026-08-04T04:57:53.848000-04:00,12.066176414489746,0.05436478555202484,-12.011811256408691
2026-08-04T04:57:53.852000-04:00,12.071905136108398,0.06640687584877014,-12.005497932434082
2026-08-04T04:57:53.856000-04:00,12.08616828918457,0.08277476578950882,-12.003393173217773
2026-08-04T04:57:53.860000-04:00,12.086285591125488,0.09984414279460907,-11.986441612243652
2026-08-04T04:57:53.864000-04:00,12.08803939819336,0.09177710860967636,-11.996262550354004
2026-08-04T04:57:53.868000-04:00,12.088623046875,0.09809044003486633,-11.990532875061035
2026-08-04T04:57:53.872000-04:00,12.080439567565918,0.08487921208143234,-11.995560646057129
2026-08-04T04:57:53.876000-04:00,12.08838939666748,0.10381919890642166,-11.984570503234863
2026-08-04T04:57:53.880000-04:00,12.097392082214355,0.11539363861083984,-11.981998443603516
2026-08-04T04:57:53.884000-04:00,12.09493637084961,0.12112239748239517,-11.973814010620117
2026-08-04T04:57:53.888000-04:00,12.093183517456055,0.12614968419075012,-11.967033386230469
2026-08-04T04:57:53.892000-04:00,12.095755577087402,0.11247079819440842,-11.983284950256348
2026-08-04T04:57:53.896000-04:00,12.097743034362793,0.12053783237934113,-11.977205276489258
2026-08-04T04:57:53.900000-04:00,12.110252380371094,0.13094313442707062,-11.97930908203125
2026-08-04T04:57:53.904000-04:00,12.102653503417969,0.1296570897102356,-11.972996711730957
2026-08-04T04:57:53.908000-04:00,12.097274780273438,0.133281409740448,-11.963993072509766
2026-08-04T04:57:53.912000-04:00,12.097859382629395,0.13597041368484497,-11.961889266967773
2026-08-04T04:57:53.916000-04:00,12.10078239440918,0.1392439901828766,-11.961538314819336
2026-08-04T04:57:53.920000-04:00,12.11270809173584,0.15233831107616425,-11.960370063781738
2026-08-04T04:57:53.924000-04:00,12.10464096069336,0.15666410326957703,-11.947977066040039
2026-08-04T04:57:53.928000-04:00,12.106043815612793,0.1436867117881775,-11.962357521057129
2026-08-04T04:57:53.932000-04:00,12.100197792053223,0.13433362543582916,-11.965864181518555
2026-08-04T04:57:53.936000-04:00,12.114460945129395,0.14345288276672363,-11.97100830078125
2026-08-04T04:57:53.940000-04:00,12.10861587524414,0.14555732905864716,-11.963058471679688
2026-08-04T04:57:53.944000-04:00,12.107329368591309,0.1489478200674057,-11.958381652832031
2026-08-04T04:57:53.948000-04:00,12.100081443786621,0.13234609365463257,-11.967735290527344
2026-08-04T04:57:53.952000-04:00,12.10861587524414,0.12825413048267365,-11.980361938476562
2026-08-04T04:57:53.956000-04:00,12.113058090209961,0.1316446214914322,-11.981413841247559
2026-08-04T04:57:53.960000-04:00,12.11937141418457,0.13363215327262878,-11.985739707946777
2026-08-04T04:57:53.964000-04:00,12.116098403930664,0.11983635276556015,-11.996261596679688
2026-08-04T04:57:53.968000-04:00,12.104523658752441,0.1120031476020813,-11.992520332336426
2026-08-04T04:57:53.972000-04:00,12.10031509399414,0.10884647816419601,-11.99146842956543
2026-08-04T04:57:53.976000-04:00,12.10861587524414,0.10767734795808792,-12.000938415527344
2026-08-04T04:57:53.980000-04:00,12.108031272888184,0.10335154831409454,-12.004679679870605
2026-08-04T04:57:53.984000-04:00,12.101717948913574,0.10966487973928452,-11.992053031921387
2026-08-04T04:57:53.988000-04:00,12.094118118286133,0.10709277540445328,-11.987025260925293
2026-08-04T04:57:53.992000-04:00,12.10054874420166,0.10031179338693619,-12.000236511230469
2026-08-04T04:57:53.996000-04:00,12.100197792053223,0.09621982276439667,-12.00397777557373
