created_at,lead_1,lead_2,lead_3
2026-07-28T21:32:34.829299+07:00,-0.011,-0.01,0.001
2026-07-28T21:32:34.833299+07:00,0.007,0.006,-0.001
2026-07-28T21:32:34.837299+07:00,-0.002,-0.002,0.0
2026-07-28T21:32:34.841299+07:00,0.015,0.014,-0.001
2026-07-28T21:32:34.845299+07:00,0.021,0.019,-0.002
2026-07-28T21:32:34.849299+07:00,-0.027,-0.025,0.003
2026-07-28T21:32:34.853299+07:00,0.04,0.036,-0.004
2026-07-28T21:32:34.857299+07:00,-0.003,-0.003,0.0
2026-07-28T21:32:34.861299+07:00,0.009,0.009,-0.001
2026-07-28T21:32:34.865299+07:00,0.024,0.022,-0.002
2026-07-28T21:32:34.869299+07:00,0.004,0.004,-0.0
2026-07-28T21:32:34.873299+07:00,0.011,0.01,-0.001
2026-07-28T21:32:34.877299+07:00,0.019,0.017,-0.002
2026-07-28T21:32:34.881299+07:00,-0.011,-0.01,0.001
2026-07-28T21:32:34.885299+07:00,-0.011,-0.009,0.001
2026-07-28T21:32:34.889299+07:00,0.025,0.023,-0.002
2026-07-28T21:32:34.893299+07:00,0.025,0.023,-0.002
2026-07-28T21:32:34.897299+07:00,0.01,0.01,-0.001
2026-07-28T21:32:34.901299+07:00,0.016,0.014,-0.001
2026-07-28T21:32:34.905299+07:00,0.016,0.015,-0.001
2026-07-28T21:32:34.909299+07:00,-0.003,-0.002,0.001
2026-07-28T21:32:34.913299+07:00,-0.013,-0.011,0.002
2026-07-28T21:32:34.917299+07:00,0.014,0.013,-0.001
2026-07-28T21:32:34.921299+07:00,0.015,0.014,-0.001
2026-07-28T21:32:34.925299+07:00,-0.013,-0.011,0.002
2026-07-28T21:32:34.929299+07:00,-0.024,-0.021,0.003
2026-07-28T21:32:34.933299+07:00,-0.007,-0.006,0.001
2026-07-28T21:32:34.937299+07:00,-0.017,-0.015,0.002
2026-07-28T21:32:34.941299+07:00,-0.025,-0.022,0.004
2026-07-28T21:32:34.945299+07:00,0.008,0.009,0.001
2026-07-28T21:32:34.949299+07:00,-0.004,-0.001,0.003
2026-07-28T21:32:34.953299+07:00,-0.018,-0.012,0.006
2026-07-28T21:32:34.957299+07:00,0.018,0.023,0.005
2026-07-28T21:32:34.961299+07:00,-0.003,0.008,0.01
2026-07-28T21:32:34.965299+07:00,0.056,0.064,0.008
2026-07-28T21:32:34.969299+07:00,0.078,0.087,0.009
2026-07-28T21:32:34.973299+07:00,0.049,0.063,0.015
2026-07-28T21:32:34.977299+07:00,0.025,0.044,0.019
2026-07-28T21:32:34.981299+07:00,0.035,0.053,0.018
2026-07-28T21:32:34.985299+07:00,0.066,0.079,0.013
2026-07-28T21:32:34.989299+07:00,0.053,0.065,0.012
2026-07-28T21:32:34.993299+07:00,0.027,0.038,0.011
2026-07-28T21:32:34.997299+07:00,0.038,0.044,0.006
2026-07-28T21:32:35.001299+07:00,0.005,0.011,0.007
2026-07-28T21:32:35.005299+07:00,0.006,0.01,0.004
2026-07-28T21:32:35.009299+07:00,-0.005,-0.002,0.004
2026-07-28T21:32:35.013299+07:00,0.0,0.002,0.002
2026-07-28T21:32:35.017299+07:00,0.028,0.026,-0.001
2026-07-28T21:32:35.021299+07:00,-0.002,-0.001,0.001
2026-07-28T21:32:35.025299+07:00,0.003,0.004,0.001
2026-07-28T21:32:35.029299+07:00,0.006,0.006,0.0
2026-07-28T21:32:35.033299+07:00,0.016,0.015,-0.001
2026-07-28T21:32:35.037299+07:00,-0.001,0.0,0.001
2026-07-28T21:32:35.041299+07:00,0.007,0.007,-0.0
2026-07-28T21:32:35.045299+07:00,-0.003,-0.006,-0.003
2026-07-28T21:32:35.049299+07:00,-0.018,-0.023,-0.006
2026-07-28T21:32:35.053299+07:00,-0.034,-0.033,0.0
2026-07-28T21:32:35.057299+07:00,-0.022,-0.015,0.006
2026-07-28T21:32:35.061299+07:00,0.037,0.053,0.016
2026-07-28T21:32:35.065299+07:00,0.119,0.176,0.057
2026-07-28T21:32:35.069299+07:00,0.309,0.456,0.147
2026-07-28T21:32:35.073299+07:00,0.59,0.867,0.277
2026-07-28T21:32:35.077299+07:00,0.767,1.152,0.385
2026-07-28T21:32:35.081299+07:00,0.769,1.153,0.384
2026-07-28T21:32:35.085299+07:00,0.546,0.824,0.278
2026-07-28T21:32:35.089299+07:00,0.292,0.434,0.142
2026-07-28T21:32:35.093299+07:00,0.063,0.113,0.05
2026-07-28T21:32:35.097299+07:00,-0.045,-0.042,0.003
2026-07-28T21:32:35.101299+07:00,-0.13,-0.142,-0.012
2026-07-28T21:32:35.105299+07:00,-0.069,-0.098,-0.029
2026-07-28T21:32:35.109299+07:00,-0.151,-0.175,-0.024
2026-07-28T21:32:35.113299+07:00,-0.137,-0.159,-0.022
2026-07-28T21:32:35.117299+07:00,-0.116,-0.133,-0.017
2026-07-28T21:32:35.121299+07:00,-0.06,-0.074,-0.014
2026-07-28T21:32:35.125299+07:00,-0.04,-0.047,-0.007
2026-07-28T21:32:35.129299+07:00,-0.007,-0.011,-0.005
2026-07-28T21:32:35.133299+07:00,-0.026,-0.025,0.001
2026-07-28T21:32:35.137299+07:00,0.019,0.017,-0.002
2026-07-28T21:32:35.141299+07:00,0.008,0.008,0.0
2026-07-28T21:32:35.145299+07:00,0.029,0.028,-0.002
2026-07-28T21:32:35.149299+07:00,0.018,0.017,-0.0
2026-07-28T21:32:35.153299+07:00,0.015,0.015,-0.0
2026-07-28T21:32:35.157299+07:00,0.028,0.027,-0.001
2026-07-28T21:32:35.161299+07:00,0.019,0.018,-0.0
2026-07-28T21:32:35.165299+07:00,0.034,0.032,-0.002
2026-07-28T21:32:35.169299+07:00,0.026,0.025,-0.001
2026-07-28T21:32:35.173299+07:00,0.08,0.074,-0.006
2026-07-28T21:32:35.177299+07:00,0.044,0.041,-0.003
2026-07-28T21:32:35.181299+07:00,0.01,0.011,0.001
2026-07-28T21:32:35.185299+07:00,0.055,0.051,-0.004
2026-07-28T21:32:35.189299+07:00,0.018,0.018,0.0
2026-07-28T21:32:35.193299+07:00,0.043,0.041,-0.002
2026-07-28T21:32:35.197299+07:00,0.02,0.02,0.0
2026-07-28T21:32:35.201299+07:00,0.043,0.041,-0.002
2026-07-28T21:32:35.205299+07:00,-0.001,0.002,0.003
2026-07-28T21:32:35.209299+07:00,0.055,0.052,-0.002
2026-07-28T21:32:35.213299+07:00,0.004,0.007,0.003
2026-07-28T21:32:35.217299+07:00,-0.001,0.004,0.005
2026-07-28T21:32:35.221299+07:00,0.025,0.028,0.003
2026-07-28T21:32:35.225299+07:00,0.054,0.055,0.001
2026-07-28T21:32:35.229299+07:00,0.06,0.062,0.002
2026-07-28T21:32:35.233299+07:00,0.041,0.047,0.006
2026-07-28T21:32:35.237299+07:00,0.029,0.038,0.009
2026-07-28T21:32:35.241299+07:00,0.052,0.061,0.009
2026-07-28T21:32:35.245299+07:00,0.052,0.063,0.011
2026-07-28T21:32:35.249299+07:00,0.064,0.076,0.013
2026-07-28T21:32:35.253299+07:00,0.069,0.083,0.015
2026-07-28T21:32:35.257299+07:00,0.075,0.091,0.017
2026-07-28T21:32:35.261299+07:00,0.141,0.154,0.012
2026-07-28T21:32:35.265299+07:00,0.108,0.126,0.018
2026-07-28T21:32:35.269299+07:00,0.126,0.143,0.018
2026-07-28T21:32:35.273299+07:00,0.125,0.144,0.019
2026-07-28T21:32:35.277299+07:00,0.1,0.122,0.022
2026-07-28T21:32:35.281299+07:00,0.112,0.133,0.021
2026-07-28T21:32:35.285299+07:00,0.122,0.141,0.019
2026-07-28T21:32:35.289299+07:00,0.101,0.122,0.02
2026-07-28T21:32:35.293299+07:00,0.13,0.145,0.016
2026-07-28T21:32:35.297299+07:00,0.115,0.13,0.015
2026-07-28T21:32:35.301299+07:00,0.126,0.138,0.012
2026-07-28T21:32:35.305299+07:00,0.084,0.097,0.013
2026-07-28T21:32:35.309299+07:00,0.1,0.109,0.009
2026-07-28T21:32:35.313299+07:00,0.089,0.097,0.008
2026-07-28T21:32:35.317299+07:00,0.09,0.096,0.005
2026-07-28T21:32:35.321299+07:00,0.073,0.078,0.005
2026-07-28T21:32:35.325299+07:00,0.061,0.065,0.004
2026-07-28T21:32:35.329299+07:00,0.04,0.045,0.005
2026-07-28T21:32:35.333299+07:00,0.028,0.032,0.004
2026-07-28T21:32:35.337299+07:00,0.044,0.046,0.002
2026-07-28T21:32:35.341299+07:00,0.028,0.03,0.002
2026-07-28T21:32:35.345299+07:00,0.044,0.044,-0.0
2026-07-28T21:32:35.349299+07:00,0.024,0.025,0.001
2026-07-28T21:32:35.353299+07:00,-0.009,-0.005,0.004
2026-07-28T21:32:35.357299+07:00,0.032,0.032,-0.0
2026-07-28T21:32:35.361299+07:00,-0.015,-0.011,0.004
2026-07-28T21:32:35.365299+07:00,0.009,0.01,0.002
2026-07-28T21:32:35.369299+07:00,-0.012,-0.008,0.004
2026-07-28T21:32:35.373299+07:00,0.023,0.023,0.0
2026-07-28T21:32:35.377299+07:00,0.03,0.029,-0.0
2026-07-28T21:32:35.381299+07:00,0.031,0.03,-0.001
2026-07-28T21:32:35.385299+07:00,0.021,0.021,0.0
2026-07-28T21:32:35.389299+07:00,0.038,0.037,-0.001
2026-07-28T21:32:35.393299+07:00,0.041,0.04,-0.002
2026-07-28T21:32:35.397299+07:00,0.048,0.046,-0.002
2026-07-28T21:32:35.401299+07:00,0.043,0.041,-0.002
2026-07-28T21:32:35.405299+07:00,0.05,0.048,-0.002
2026-07-28T21:32:35.409299+07:00,0.013,0.014,0.001
2026-07-28T21:32:35.413299+07:00,0.057,0.054,-0.003
2026-07-28T21:32:35.417299+07:00,0.029,0.028,-0.0
2026-07-28T21:32:35.421299+07:00,0.051,0.048,-0.002
2026-07-28T21:32:35.425299+07:00,0.032,0.031,-0.0
2026-07-28T21:32:35.429299+07:00,0.033,0.032,-0.001
2026-07-28T21:32:35.433299+07:00,0.051,0.048,-0.002
2026-07-28T21:32:35.437299+07:00,-0.004,-0.001,0.003
2026-07-28T21:32:35.441299+07:00,0.016,0.017,0.001
2026-07-28T21:32:35.445299+07:00,0.005,0.007,0.002
2026-07-28T21:32:35.449299+07:00,0.053,0.05,-0.003
2026-07-28T21:32:35.453299+07:00,0.048,0.046,-0.002
2026-07-28T21:32:35.457299+07:00,0.016,0.017,0.001
2026-07-28T21:32:35.461299+07:00,0.052,0.049,-0.002
2026-07-28T21:32:35.465299+07:00,0.031,0.031,-0.0
2026-07-28T21:32:35.469299+07:00,0.042,0.041,-0.001
2026-07-28T21:32:35.473299+07:00,0.016,0.017,0.001
2026-07-28T21:32:35.477299+07:00,-0.002,0.001,0.003
2026-07-28T21:32:35.481299+07:00,0.031,0.031,-0.0
2026-07-28T21:32:35.485299+07:00,0.043,0.042,-0.001
2026-07-28T21:32:35.489299+07:00,0.055,0.052,-0.003
2026-07-28T21:32:35.493299+07:00,0.039,0.038,-0.001
2026-07-28T21:32:35.497299+07:00,0.021,0.022,0.001
2026-07-28T21:32:35.501299+07:00,0.041,0.04,-0.001
2026-07-28T21:32:35.505299+07:00,0.026,0.027,0.0
2026-07-28T21:32:35.509299+07:00,0.031,0.031,-0.0
2026-07-28T21:32:35.513299+07:00,0.049,0.047,-0.002
2026-07-28T21:32:35.517299+07:00,0.038,0.037,-0.001
2026-07-28T21:32:35.521299+07:00,0.022,0.023,0.001
2026-07-28T21:32:35.525299+07:00,0.021,0.022,0.001
2026-07-28T21:32:35.529299+07:00,0.072,0.068,-0.004
2026-07-28T21:32:35.533299+07:00,0.052,0.05,-0.002
2026-07-28T21:32:35.537299+07:00,0.037,0.036,-0.001
2026-07-28T21:32:35.541299+07:00,0.006,0.008,0.003
2026-07-28T21:32:35.545299+07:00,0.016,0.017,0.002
2026-07-28T21:32:35.549299+07:00,0.061,0.058,-0.003
2026-07-28T21:32:35.553299+07:00,0.014,0.016,0.002
2026-07-28T21:32:35.557299+07:00,0.035,0.035,-0.0
2026-07-28T21:32:35.561299+07:00,0.08,0.075,-0.005
2026-07-28T21:32:35.565299+07:00,0.02,0.021,0.001
2026-07-28T21:32:35.569299+07:00,0.065,0.062,-0.003
2026-07-28T21:32:35.573299+07:00,0.033,0.033,-0.0
2026-07-28T21:32:35.577299+07:00,0.049,0.047,-0.002
2026-07-28T21:32:35.581299+07:00,0.046,0.044,-0.001
2026-07-28T21:32:35.585299+07:00,0.052,0.05,-0.002
2026-07-28T21:32:35.589299+07:00,0.058,0.055,-0.002
2026-07-28T21:32:35.593299+07:00,0.045,0.044,-0.001
2026-07-28T21:32:35.597299+07:00,0.031,0.032,0.0
2026-07-28T21:32:35.601299+07:00,0.041,0.04,-0.001
2026-07-28T21:32:35.605299+07:00,0.038,0.038,-0.0
2026-07-28T21:32:35.609299+07:00,0.005,0.008,0.003
2026-07-28T21:32:35.613299+07:00,0.061,0.058,-0.003
2026-07-28T21:32:35.617299+07:00,0.061,0.059,-0.003
2026-07-28T21:32:35.621299+07:00,0.057,0.054,-0.002
2026-07-28T21:32:35.625299+07:00,0.035,0.035,-0.0
2026-07-28T21:32:35.629299+07:00,0.014,0.016,0.002
2026-07-28T21:32:35.633299+07:00,0.037,0.037,-0.0
2026-07-28T21:32:35.637299+07:00,0.039,0.039,-0.0
2026-07-28T21:32:35.641299+07:00,0.055,0.053,-0.002
2026-07-28T21:32:35.645299+07:00,0.02,0.021,0.002
2026-07-28T21:32:35.649299+07:00,0.056,0.054,-0.002
2026-07-28T21:32:35.653299+07:00,0.034,0.034,0.0
2026-07-28T21:32:35.657299+07:00,0.019,0.02,0.002
2026-07-28T21:32:35.661299+07:00,0.044,0.043,-0.001
2026-07-28T21:32:35.665299+07:00,0.013,0.016,0.002
2026-07-28T21:32:35.669299+07:00,0.024,0.025,0.001
2026-07-28T21:32:35.673299+07:00,0.011,0.014,0.002
2026-07-28T21:32:35.677299+07:00,0.003,0.007,0.003
2026-07-28T21:32:35.681299+07:00,0.031,0.032,0.0
2026-07-28T21:32:35.685299+07:00,0.012,0.014,0.002
2026-07-28T21:32:35.689299+07:00,0.041,0.041,-0.0
2026-07-28T21:32:35.693299+07:00,0.066,0.063,-0.003
2026-07-28T21:32:35.697299+07:00,0.016,0.018,0.002
2026-07-28T21:32:35.701299+07:00,0.055,0.053,-0.002
2026-07-28T21:32:35.705299+07:00,0.028,0.028,0.001
2026-07-28T21:32:35.709299+07:00,0.031,0.032,0.001
2026-07-28T21:32:35.713299+07:00,0.029,0.03,0.001
2026-07-28T21:32:35.717299+07:00,0.037,0.037,-0.0
2026-07-28T21:32:35.721299+07:00,0.019,0.021,0.002
2026-07-28T21:32:35.725299+07:00,0.03,0.031,0.001
2026-07-28T21:32:35.729299+07:00,0.041,0.041,-0.0
2026-07-28T21:32:35.733299+07:00,0.024,0.026,0.001
2026-07-28T21:32:35.737299+07:00,0.053,0.052,-0.001
2026-07-28T21:32:35.741299+07:00,0.023,0.025,0.002
2026-07-28T21:32:35.745299+07:00,0.048,0.048,0.0
2026-07-28T21:32:35.749299+07:00,0.046,0.047,0.001
2026-07-28T21:32:35.753299+07:00,0.087,0.086,-0.001
2026-07-28T21:32:35.757299+07:00,0.034,0.04,0.007
2026-07-28T21:32:35.761299+07:00,0.049,0.057,0.008
2026-07-28T21:32:35.765299+07:00,0.07,0.08,0.01
2026-07-28T21:32:35.769299+07:00,0.087,0.098,0.011
2026-07-28T21:32:35.773299+07:00,0.092,0.106,0.014
2026-07-28T21:32:35.777299+07:00,0.076,0.093,0.017
2026-07-28T21:32:35.781299+07:00,0.09,0.105,0.016
2026-07-28T21:32:35.785299+07:00,0.066,0.082,0.016
2026-07-28T21:32:35.789299+07:00,0.07,0.083,0.013
2026-07-28T21:32:35.793299+07:00,0.089,0.097,0.008
2026-07-28T21:32:35.797299+07:00,0.064,0.071,0.007
2026-07-28T21:32:35.801299+07:00,0.051,0.056,0.005
2026-07-28T21:32:35.805299+07:00,0.013,0.019,0.007
2026-07-28T21:32:35.809299+07:00,0.051,0.052,0.001
2026-07-28T21:32:35.813299+07:00,0.053,0.052,-0.0
2026-07-28T21:32:35.817299+07:00,0.042,0.043,0.0
2026-07-28T21:32:35.821299+07:00,0.048,0.047,-0.0
2026-07-28T21:32:35.825299+07:00,0.02,0.022,0.002
2026-07-28T21:32:35.829299+07:00,0.015,0.018,0.003
2026-07-28T21:32:35.833299+07:00,0.048,0.047,-0.001
2026-07-28T21:32:35.837299+07:00,0.051,0.05,-0.001
2026-07-28T21:32:35.841299+07:00,0.034,0.034,-0.0
2026-07-28T21:32:35.845299+07:00,0.033,0.03,-0.004
2026-07-28T21:32:35.849299+07:00,-0.011,-0.014,-0.003
2026-07-28T21:32:35.853299+07:00,0.033,0.03,-0.003
2026-07-28T21:32:35.857299+07:00,0.09,0.088,-0.002
2026-07-28T21:32:35.861299+07:00,0.086,0.1,0.014
2026-07-28T21:32:35.865299+07:00,0.163,0.219,0.055
2026-07-28T21:32:35.869299+07:00,0.329,0.477,0.148
2026-07-28T21:32:35.873299+07:00,0.613,0.891,0.278
2026-07-28T21:32:35.877299+07:00,0.81,1.194,0.384
2026-07-28T21:32:35.881299+07:00,0.809,1.192,0.383
2026-07-28T21:32:35.885299+07:00,0.629,0.902,0.273
2026-07-28T21:32:35.889299+07:00,0.286,0.431,0.145
2026-07-28T21:32:35.893299+07:00,0.097,0.146,0.049
2026-07-28T21:32:35.897299+07:00,-0.01,-0.007,0.003
2026-07-28T21:32:35.901299+07:00,-0.085,-0.098,-0.014
2026-07-28T21:32:35.905299+07:00,-0.088,-0.112,-0.024
2026-07-28T21:32:35.909299+07:00,-0.122,-0.146,-0.023
2026-07-28T21:32:35.913299+07:00,-0.065,-0.092,-0.026
2026-07-28T21:32:35.917299+07:00,-0.064,-0.083,-0.019
2026-07-28T21:32:35.921299+07:00,-0.009,-0.025,-0.016
2026-07-28T21:32:35.925299+07:00,-0.009,-0.016,-0.008
2026-07-28T21:32:35.929299+07:00,0.046,0.039,-0.007
2026-07-28T21:32:35.933299+07:00,0.019,0.018,-0.001
2026-07-28T21:32:35.937299+07:00,0.018,0.02,0.001
2026-07-28T21:32:35.941299+07:00,0.052,0.05,-0.001
2026-07-28T21:32:35.945299+07:00,0.064,0.062,-0.002
2026-07-28T21:32:35.949299+07:00,0.062,0.06,-0.002
2026-07-28T21:32:35.953299+07:00,0.027,0.029,0.002
2026-07-28T21:32:35.957299+07:00,0.008,0.012,0.004
2026-07-28T21:32:35.961299+07:00,0.045,0.045,-0.0
2026-07-28T21:32:35.965299+07:00,0.07,0.068,-0.003
2026-07-28T21:32:35.969299+07:00,0.044,0.044,0.0
2026-07-28T21:32:35.973299+07:00,0.032,0.034,0.001
2026-07-28T21:32:35.977299+07:00,0.054,0.053,-0.001
2026-07-28T21:32:35.981299+07:00,0.08,0.076,-0.003
2026-07-28T21:32:35.985299+07:00,0.07,0.068,-0.002
2026-07-28T21:32:35.989299+07:00,0.015,0.018,0.003
2026-07-28T21:32:35.993299+07:00,0.07,0.067,-0.002
2026-07-28T21:32:35.997299+07:00,0.039,0.04,0.001
2026-07-28T21:32:36.001299+07:00,0.037,0.038,0.001
2026-07-28T21:32:36.005299+07:00,0.036,0.038,0.002
2026-07-28T21:32:36.009299+07:00,0.035,0.037,0.002
2026-07-28T21:32:36.013299+07:00,0.045,0.047,0.002
2026-07-28T21:32:36.017299+07:00,0.071,0.071,0.0
2026-07-28T21:32:36.021299+07:00,0.041,0.045,0.004
2026-07-28T21:32:36.025299+07:00,0.038,0.044,0.006
2026-07-28T21:32:36.029299+07:00,0.064,0.068,0.004
2026-07-28T21:32:36.033299+07:00,0.103,0.105,0.002
2026-07-28T21:32:36.037299+07:00,0.084,0.09,0.006
2026-07-28T21:32:36.041299+07:00,0.091,0.098,0.008
2026-07-28T21:32:36.045299+07:00,0.077,0.088,0.011
2026-07-28T21:32:36.049299+07:00,0.109,0.12,0.011
2026-07-28T21:32:36.053299+07:00,0.102,0.116,0.014
2026-07-28T21:32:36.057299+07:00,0.117,0.132,0.015
2026-07-28T21:32:36.061299+07:00,0.139,0.154,0.015
2026-07-28T21:32:36.065299+07:00,0.132,0.15,0.018
2026-07-28T21:32:36.069299+07:00,0.162,0.178,0.017
2026-07-28T21:32:36.073299+07:00,0.158,0.176,0.018
2026-07-28T21:32:36.077299+07:00,0.122,0.144,0.022
2026-07-28T21:32:36.081299+07:00,0.168,0.186,0.018
2026-07-28T21:32:36.085299+07:00,0.163,0.181,0.018
2026-07-28T21:32:36.089299+07:00,0.133,0.153,0.019
2026-07-28T21:32:36.093299+07:00,0.128,0.146,0.018
2026-07-28T21:32:36.097299+07:00,0.138,0.153,0.015
2026-07-28T21:32:36.101299+07:00,0.12,0.135,0.015
2026-07-28T21:32:36.105299+07:00,0.121,0.133,0.012
2026-07-28T21:32:36.109299+07:00,0.088,0.101,0.013
2026-07-28T21:32:36.113299+07:00,0.087,0.098,0.011
2026-07-28T21:32:36.117299+07:00,0.048,0.06,0.012
2026-07-28T21:32:36.121299+07:00,0.085,0.091,0.006
2026-07-28T21:32:36.125299+07:00,0.064,0.071,0.006
2026-07-28T21:32:36.129299+07:00,0.089,0.091,0.002
2026-07-28T21:32:36.133299+07:00,0.097,0.097,-0.0
2026-07-28T21:32:36.137299+07:00,0.054,0.057,0.003
2026-07-28T21:32:36.141299+07:00,0.05,0.052,0.002
2026-07-28T21:32:36.145299+07:00,0.05,0.052,0.002
2026-07-28T21:32:36.149299+07:00,0.035,0.037,0.003
2026-07-28T21:32:36.153299+07:00,0.027,0.03,0.003
2026-07-28T21:32:36.157299+07:00,0.044,0.045,0.001
2026-07-28T21:32:36.161299+07:00,0.044,0.045,0.001
2026-07-28T21:32:36.165299+07:00,0.055,0.054,-0.0
2026-07-28T21:32:36.169299+07:00,0.024,0.026,0.003
2026-07-28T21:32:36.173299+07:00,0.012,0.016,0.004
2026-07-28T21:32:36.177299+07:00,0.059,0.058,-0.001
2026-07-28T21:32:36.181299+07:00,0.004,0.008,0.004
2026-07-28T21:32:36.185299+07:00,0.047,0.047,0.0
2026-07-28T21:32:36.189299+07:00,0.003,0.007,0.005
2026-07-28T21:32:36.193299+07:00,0.05,0.05,-0.0
2026-07-28T21:32:36.197299+07:00,0.084,0.08,-0.004
2026-07-28T21:32:36.201299+07:00,0.061,0.06,-0.001
2026-07-28T21:32:36.205299+07:00,0.043,0.043,0.001
2026-07-28T21:32:36.209299+07:00,0.074,0.072,-0.003
2026-07-28T21:32:36.213299+07:00,0.057,0.056,-0.001
2026-07-28T21:32:36.217299+07:00,0.035,0.036,0.001
2026-07-28T21:32:36.221299+07:00,0.074,0.071,-0.003
2026-07-28T21:32:36.225299+07:00,0.051,0.051,-0.0
2026-07-28T21:32:36.229299+07:00,0.059,0.058,-0.001
2026-07-28T21:32:36.233299+07:00,0.065,0.063,-0.002
2026-07-28T21:32:36.237299+07:00,0.053,0.053,-0.0
2026-07-28T21:32:36.241299+07:00,0.048,0.048,0.0
2026-07-28T21:32:36.245299+07:00,0.023,0.025,0.003
2026-07-28T21:32:36.249299+07:00,0.055,0.054,-0.001
2026-07-28T21:32:36.253299+07:00,0.039,0.04,0.001
2026-07-28T21:32:36.257299+07:00,0.1,0.095,-0.005
2026-07-28T21:32:36.261299+07:00,0.037,0.038,0.001
2026-07-28T21:32:36.265299+07:00,0.066,0.064,-0.002
2026-07-28T21:32:36.269299+07:00,0.07,0.068,-0.002
2026-07-28T21:32:36.273299+07:00,0.067,0.066,-0.002
2026-07-28T21:32:36.277299+07:00,0.045,0.045,0.0
2026-07-28T21:32:36.281299+07:00,0.041,0.042,0.001
2026-07-28T21:32:36.285299+07:00,0.049,0.049,0.0
2026-07-28T21:32:36.289299+07:00,0.031,0.033,0.002
2026-07-28T21:32:36.293299+07:00,0.086,0.082,-0.004
2026-07-28T21:32:36.297299+07:00,0.088,0.084,-0.004
2026-07-28T21:32:36.301299+07:00,0.037,0.038,0.001
2026-07-28T21:32:36.305299+07:00,0.018,0.021,0.003
2026-07-28T21:32:36.309299+07:00,0.067,0.065,-0.002
2026-07-28T21:32:36.313299+07:00,0.061,0.059,-0.001
2026-07-28T21:32:36.317299+07:00,0.019,0.022,0.003
2026-07-28T21:32:36.321299+07:00,0.079,0.076,-0.003
2026-07-28T21:32:36.325299+07:00,0.105,0.099,-0.006
2026-07-28T21:32:36.329299+07:00,0.053,0.052,-0.0
2026-07-28T21:32:36.333299+07:00,0.11,0.104,-0.006
2026-07-28T21:32:36.337299+07:00,0.009,0.013,0.004
2026-07-28T21:32:36.341299+07:00,0.031,0.033,0.002
2026-07-28T21:32:36.345299+07:00,0.051,0.051,-0.0
2026-07-28T21:32:36.349299+07:00,0.049,0.049,0.0
2026-07-28T21:32:36.353299+07:00,0.025,0.027,0.002
2026-07-28T21:32:36.357299+07:00,0.061,0.06,-0.001
2026-07-28T21:32:36.361299+07:00,0.081,0.078,-0.003
2026-07-28T21:32:36.365299+07:00,0.045,0.046,0.0
2026-07-28T21:32:36.369299+07:00,0.048,0.048,0.0
2026-07-28T21:32:36.373299+07:00,0.011,0.015,0.004
2026-07-28T21:32:36.377299+07:00,0.026,0.029,0.002
2026-07-28T21:32:36.381299+07:00,0.031,0.033,0.002
2026-07-28T21:32:36.385299+07:00,0.04,0.041,0.001
2026-07-28T21:32:36.389299+07:00,0.066,0.064,-0.002
2026-07-28T21:32:36.393299+07:00,0.038,0.039,0.001
2026-07-28T21:32:36.397299+07:00,0.046,0.047,0.0
2026-07-28T21:32:36.401299+07:00,0.018,0.021,0.003
2026-07-28T21:32:36.405299+07:00,0.105,0.099,-0.006
2026-07-28T21:32:36.409299+07:00,0.052,0.052,-0.0
2026-07-28T21:32:36.413299+07:00,0.037,0.038,0.001
2026-07-28T21:32:36.417299+07:00,0.026,0.028,0.002
2026-07-28T21:32:36.421299+07:00,0.006,0.01,0.004
2026-07-28T21:32:36.425299+07:00,0.026,0.028,0.002
2026-07-28T21:32:36.429299+07:00,0.022,0.025,0.003
2026-07-28T21:32:36.433299+07:00,0.039,0.04,0.001
2026-07-28T21:32:36.437299+07:00,0.053,0.053,-0.0
2026-07-28T21:32:36.441299+07:00,0.045,0.046,0.0
2026-07-28T21:32:36.445299+07:00,0.074,0.071,-0.002
2026-07-28T21:32:36.449299+07:00,0.074,0.072,-0.002
2026-07-28T21:32:36.453299+07:00,0.062,0.06,-0.001
2026-07-28T21:32:36.457299+07:00,0.047,0.047,0.0
2026-07-28T21:32:36.461299+07:00,0.014,0.018,0.004
2026-07-28T21:32:36.465299+07:00,0.079,0.076,-0.003
2026-07-28T21:32:36.469299+07:00,0.054,0.054,-0.0
2026-07-28T21:32:36.473299+07:00,0.044,0.045,0.001
2026-07-28T21:32:36.477299+07:00,0.039,0.04,0.001
2026-07-28T21:32:36.481299+07:00,0.066,0.065,-0.002
2026-07-28T21:32:36.485299+07:00,0.048,0.048,0.0
2026-07-28T21:32:36.489299+07:00,0.081,0.078,-0.003
2026-07-28T21:32:36.493299+07:00,0.086,0.082,-0.004
2026-07-28T21:32:36.497299+07:00,0.024,0.027,0.003
2026-07-28T21:32:36.501299+07:00,0.02,0.023,0.003
2026-07-28T21:32:36.505299+07:00,0.058,0.057,-0.001
2026-07-28T21:32:36.509299+07:00,0.041,0.042,0.001
2026-07-28T21:32:36.513299+07:00,0.011,0.015,0.004
2026-07-28T21:32:36.517299+07:00,0.062,0.061,-0.001
2026-07-28T21:32:36.521299+07:00,0.073,0.071,-0.002
2026-07-28T21:32:36.525299+07:00,0.09,0.086,-0.004
2026-07-28T21:32:36.529299+07:00,0.048,0.048,0.0
2026-07-28T21:32:36.533299+07:00,0.06,0.059,-0.001
2026-07-28T21:32:36.537299+07:00,0.048,0.048,0.0
2026-07-28T21:32:36.541299+07:00,0.037,0.039,0.002
2026-07-28T21:32:36.545299+07:00,0.001,0.007,0.006
2026-07-28T21:32:36.549299+07:00,0.047,0.05,0.002
2026-07-28T21:32:36.553299+07:00,0.046,0.05,0.004
2026-07-28T21:32:36.557299+07:00,0.056,0.061,0.006
2026-07-28T21:32:36.561299+07:00,0.098,0.103,0.004
2026-07-28T21:32:36.565299+07:00,0.081,0.091,0.01
2026-07-28T21:32:36.569299+07:00,0.105,0.116,0.011
2026-07-28T21:32:36.573299+07:00,0.083,0.098,0.016
2026-07-28T21:32:36.577299+07:00,0.085,0.102,0.017
2026-07-28T21:32:36.581299+07:00,0.074,0.093,0.018
2026-07-28T21:32:36.585299+07:00,0.103,0.117,0.014
2026-07-28T21:32:36.589299+07:00,0.073,0.087,0.014
2026-07-28T21:32:36.593299+07:00,0.087,0.096,0.009
2026-07-28T21:32:36.597299+07:00,0.079,0.086,0.006
2026-07-28T21:32:36.601299+07:00,0.082,0.085,0.003
2026-07-28T21:32:36.605299+07:00,0.059,0.062,0.003
2026-07-28T21:32:36.609299+07:00,0.033,0.037,0.004
2026-07-28T21:32:36.613299+07:00,0.062,0.062,-0.0
2026-07-28T21:32:36.617299+07:00,0.018,0.022,0.004
2026-07-28T21:32:36.621299+07:00,0.062,0.061,-0.001
2026-07-28T21:32:36.625299+07:00,0.079,0.077,-0.003
2026-07-28T21:32:36.629299+07:00,0.048,0.048,0.0
2026-07-28T21:32:36.633299+07:00,0.047,0.047,0.0
2026-07-28T21:32:36.637299+07:00,0.028,0.03,0.002
2026-07-28T21:32:36.641299+07:00,0.059,0.057,-0.002
2026-07-28T21:32:36.645299+07:00,0.013,0.012,-0.001
2026-07-28T21:32:36.649299+07:00,0.041,0.033,-0.008
2026-07-28T21:32:36.653299+07:00,0.024,0.023,-0.001
2026-07-28T21:32:36.657299+07:00,0.062,0.064,0.002
2026-07-28T21:32:36.661299+07:00,0.074,0.09,0.016
2026-07-28T21:32:36.665299+07:00,0.154,0.211,0.057
2026-07-28T21:32:36.669299+07:00,0.32,0.469,0.15
2026-07-28T21:32:36.673299+07:00,0.617,0.895,0.278
2026-07-28T21:32:36.677299+07:00,0.79,1.177,0.387
2026-07-28T21:32:36.681299+07:00,0.875,1.253,0.377
2026-07-28T21:32:36.685299+07:00,0.59,0.867,0.278
2026-07-28T21:32:36.689299+07:00,0.296,0.441,0.145
2026-07-28T21:32:36.693299+07:00,0.137,0.183,0.046
2026-07-28T21:32:36.697299+07:00,0.012,0.014,0.001
2026-07-28T21:32:36.701299+07:00,-0.047,-0.064,-0.017
2026-07-28T21:32:36.705299+07:00,-0.075,-0.099,-0.024
2026-07-28T21:32:36.709299+07:00,-0.127,-0.149,-0.022
2026-07-28T21:32:36.713299+07:00,-0.148,-0.165,-0.018
2026-07-28T21:32:36.717299+07:00,-0.07,-0.089,-0.018
2026-07-28T21:32:36.721299+07:00,-0.048,-0.06,-0.011
2026-07-28T21:32:36.725299+07:00,0.022,0.012,-0.01
2026-07-28T21:32:36.729299+07:00,-0.015,-0.015,-0.0
2026-07-28T21:32:36.733299+07:00,0.017,0.017,0.0
2026-07-28T21:32:36.737299+07:00,0.036,0.036,0.0
2026-07-28T21:32:36.741299+07:00,0.05,0.049,-0.001
2026-07-28T21:32:36.745299+07:00,0.053,0.052,-0.001
2026-07-28T21:32:36.749299+07:00,0.034,0.035,0.001
2026-07-28T21:32:36.753299+07:00,0.037,0.038,0.001
2026-07-28T21:32:36.757299+07:00,0.076,0.073,-0.003
2026-07-28T21:32:36.761299+07:00,0.059,0.058,-0.001
2026-07-28T21:32:36.765299+07:00,0.076,0.073,-0.003
2026-07-28T21:32:36.769299+07:00,0.029,0.031,0.002
2026-07-28T21:32:36.773299+07:00,0.048,0.048,0.0
2026-07-28T21:32:36.777299+07:00,0.042,0.043,0.001
2026-07-28T21:32:36.781299+07:00,0.032,0.033,0.002
2026-07-28T21:32:36.785299+07:00,0.036,0.037,0.001
2026-07-28T21:32:36.789299+07:00,0.078,0.075,-0.003
2026-07-28T21:32:36.793299+07:00,0.056,0.056,-0.001
2026-07-28T21:32:36.797299+07:00,0.049,0.049,0.0
2026-07-28T21:32:36.801299+07:00,0.051,0.051,0.0
2026-07-28T21:32:36.805299+07:00,0.051,0.051,0.001
2026-07-28T21:32:36.809299+07:00,0.016,0.021,0.005
2026-07-28T21:32:36.813299+07:00,0.046,0.048,0.002
2026-07-28T21:32:36.817299+07:00,0.064,0.065,0.001
2026-07-28T21:32:36.821299+07:00,0.047,0.05,0.004
2026-07-28T21:32:36.825299+07:00,0.086,0.087,0.001
2026-07-28T21:32:36.829299+07:00,0.082,0.085,0.003
2026-07-28T21:32:36.833299+07:00,0.043,0.051,0.008
2026-07-28T21:32:36.837299+07:00,0.102,0.106,0.005
2026-07-28T21:32:36.841299+07:00,0.086,0.095,0.008
2026-07-28T21:32:36.845299+07:00,0.036,0.052,0.016
2026-07-28T21:32:36.849299+07:00,0.134,0.143,0.008
2026-07-28T21:32:36.853299+07:00,0.117,0.13,0.013
2026-07-28T21:32:36.857299+07:00,0.076,0.096,0.019
2026-07-28T21:32:36.861299+07:00,0.128,0.145,0.016
2026-07-28T21:32:36.865299+07:00,0.127,0.146,0.019
2026-07-28T21:32:36.869299+07:00,0.122,0.143,0.021
2026-07-28T21:32:36.873299+07:00,0.106,0.13,0.023
2026-07-28T21:32:36.877299+07:00,0.147,0.167,0.02
2026-07-28T21:32:36.881299+07:00,0.127,0.149,0.022
2026-07-28T21:32:36.885299+07:00,0.106,0.129,0.023
2026-07-28T21:32:36.889299+07:00,0.138,0.157,0.019
2026-07-28T21:32:36.893299+07:00,0.137,0.155,0.017
2026-07-28T21:32:36.897299+07:00,0.132,0.148,0.016
2026-07-28T21:32:36.901299+07:00,0.141,0.154,0.013
2026-07-28T21:32:36.905299+07:00,0.099,0.113,0.014
2026-07-28T21:32:36.909299+07:00,0.121,0.13,0.01
2026-07-28T21:32:36.913299+07:00,0.089,0.099,0.01
2026-07-28T21:32:36.917299+07:00,0.128,0.132,0.004
2026-07-28T21:32:36.921299+07:00,0.088,0.094,0.006
2026-07-28T21:32:36.925299+07:00,0.048,0.056,0.008
2026-07-28T21:32:36.929299+07:00,0.044,0.051,0.006
2026-07-28T21:32:36.933299+07:00,0.024,0.031,0.007
2026-07-28T21:32:36.937299+07:00,0.06,0.062,0.002
2026-07-28T21:32:36.941299+07:00,0.04,0.043,0.003
2026-07-28T21:32:36.945299+07:00,0.055,0.056,0.001
2026-07-28T21:32:36.949299+07:00,0.024,0.027,0.004
2026-07-28T21:32:36.953299+07:00,0.021,0.024,0.003
2026-07-28T21:32:36.957299+07:00,0.028,0.03,0.002
2026-07-28T21:32:36.961299+07:00,0.043,0.044,0.001
2026-07-28T21:32:36.965299+07:00,0.047,0.047,0.0
2026-07-28T21:32:36.969299+07:00,0.062,0.06,-0.001
2026-07-28T21:32:36.973299+07:00,0.077,0.074,-0.003
2026-07-28T21:32:36.977299+07:00,0.051,0.051,-0.001
2026-07-28T21:32:36.981299+07:00,0.068,0.066,-0.002
2026-07-28T21:32:36.985299+07:00,0.032,0.033,0.001
2026-07-28T21:32:36.989299+07:00,0.015,0.018,0.003
2026-07-28T21:32:36.993299+07:00,0.059,0.057,-0.001
2026-07-28T21:32:36.997299+07:00,0.098,0.093,-0.005
2026-07-28T21:32:37.001299+07:00,0.046,0.046,-0.0
2026-07-28T21:32:37.005299+07:00,0.074,0.071,-0.003
2026-07-28T21:32:37.009299+07:00,0.04,0.04,0.0
2026-07-28T21:32:37.013299+07:00,0.01,0.014,0.003
2026-07-28T21:32:37.017299+07:00,0.05,0.049,-0.001
2026-07-28T21:32:37.021299+07:00,0.032,0.033,0.001
2026-07-28T21:32:37.025299+07:00,0.039,0.039,0.001
2026-07-28T21:32:37.029299+07:00,0.015,0.018,0.003
2026-07-28T21:32:37.033299+07:00,0.01,0.013,0.003
2026-07-28T21:32:37.037299+07:00,0.02,0.023,0.002
2026-07-28T21:32:37.041299+07:00,0.014,0.017,0.003
2026-07-28T21:32:37.045299+07:00,0.102,0.096,-0.006
2026-07-28T21:32:37.049299+07:00,0.039,0.04,0.0
2026-07-28T21:32:37.053299+07:00,0.026,0.028,0.002
2026-07-28T21:32:37.057299+07:00,0.059,0.058,-0.002
2026-07-28T21:32:37.061299+07:00,0.01,0.013,0.003
2026-07-28T21:32:37.065299+07:00,0.048,0.047,-0.0
2026-07-28T21:32:37.069299+07:00,0.063,0.061,-0.002
2026-07-28T21:32:37.073299+07:00,0.047,0.047,-0.0
2026-07-28T21:32:37.077299+07:00,0.026,0.028,0.002
2026-07-28T21:32:37.081299+07:00,0.054,0.053,-0.001
2026-07-28T21:32:37.085299+07:00,0.039,0.039,0.0
2026-07-28T21:32:37.089299+07:00,0.05,0.05,-0.001
2026-07-28T21:32:37.093299+07:00,0.018,0.02,0.002
2026-07-28T21:32:37.097299+07:00,0.009,0.012,0.003
2026-07-28T21:32:37.101299+07:00,0.054,0.053,-0.001
2026-07-28T21:32:37.105299+07:00,0.08,0.076,-0.004
2026-07-28T21:32:37.109299+07:00,0.018,0.02,0.002
2026-07-28T21:32:37.113299+07:00,0.042,0.042,-0.0
2026-07-28T21:32:37.117299+07:00,0.024,0.026,0.002
2026-07-28T21:32:37.121299+07:00,0.043,0.043,-0.0
2026-07-28T21:32:37.125299+07:00,0.053,0.052,-0.001
2026-07-28T21:32:37.129299+07:00,0.014,0.016,0.003
2026-07-28T21:32:37.133299+07:00,0.015,0.017,0.003
2026-07-28T21:32:37.137299+07:00,0.027,0.029,0.001
2026-07-28T21:32:37.141299+07:00,0.018,0.021,0.002
2026-07-28T21:32:37.145299+07:00,0.039,0.039,0.0
2026-07-28T21:32:37.149299+07:00,0.045,0.045,-0.0
2026-07-28T21:32:37.153299+07:00,0.049,0.048,-0.001
2026-07-28T21:32:37.157299+07:00,0.03,0.031,0.001
2026-07-28T21:32:37.161299+07:00,0.043,0.043,-0.0
2026-07-28T21:32:37.165299+07:00,0.002,0.006,0.004
2026-07-28T21:32:37.169299+07:00,0.05,0.049,-0.001
2026-07-28T21:32:37.173299+07:00,0.07,0.067,-0.003
2026-07-28T21:32:37.177299+07:00,0.026,0.027,0.001
2026-07-28T21:32:37.181299+07:00,0.045,0.044,-0.0
2026-07-28T21:32:37.185299+07:00,0.03,0.031,0.001
2026-07-28T21:32:37.189299+07:00,0.053,0.052,-0.001
2026-07-28T21:32:37.193299+07:00,0.022,0.024,0.002
2026-07-28T21:32:37.197299+07:00,0.021,0.023,0.002
2026-07-28T21:32:37.201299+07:00,0.051,0.05,-0.001
2026-07-28T21:32:37.205299+07:00,0.064,0.062,-0.002
2026-07-28T21:32:37.209299+07:00,-0.001,0.003,0.004
2026-07-28T21:32:37.213299+07:00,0.029,0.03,0.001
2026-07-28T21:32:37.217299+07:00,0.042,0.041,-0.0
2026-07-28T21:32:37.221299+07:00,0.055,0.054,-0.002
2026-07-28T21:32:37.225299+07:00,0.012,0.015,0.003
2026-07-28T21:32:37.229299+07:00,0.014,0.017,0.002
2026-07-28T21:32:37.233299+07:00,0.037,0.037,0.0
2026-07-28T21:32:37.237299+07:00,0.004,0.008,0.003
2026-07-28T21:32:37.241299+07:00,0.001,0.005,0.004
2026-07-28T21:32:37.245299+07:00,0.03,0.031,0.001
2026-07-28T21:32:37.249299+07:00,0.049,0.048,-0.001
2026-07-28T21:32:37.253299+07:00,0.05,0.049,-0.001
2026-07-28T21:32:37.257299+07:00,0.023,0.025,0.001
2026-07-28T21:32:37.261299+07:00,0.028,0.029,0.001
2026-07-28T21:32:37.265299+07:00,0.011,0.014,0.003
2026-07-28T21:32:37.269299+07:00,0.049,0.048,-0.001
2026-07-28T21:32:37.273299+07:00,0.026,0.027,0.001
2026-07-28T21:32:37.277299+07:00,0.029,0.029,0.001
2026-07-28T21:32:37.281299+07:00,0.029,0.03,0.001
2026-07-28T21:32:37.285299+07:00,0.03,0.031,0.001
2026-07-28T21:32:37.289299+07:00,0.061,0.058,-0.002
2026-07-28T21:32:37.293299+07:00,0.025,0.026,0.001
2026-07-28T21:32:37.297299+07:00,0.019,0.021,0.002
2026-07-28T21:32:37.301299+07:00,0.006,0.009,0.003
2026-07-28T21:32:37.305299+07:00,0.013,0.015,0.002
2026-07-28T21:32:37.309299+07:00,0.019,0.021,0.002
2026-07-28T21:32:37.313299+07:00,0.052,0.05,-0.002
2026-07-28T21:32:37.317299+07:00,0.058,0.055,-0.002
2026-07-28T21:32:37.321299+07:00,0.058,0.056,-0.002
2026-07-28T21:32:37.325299+07:00,0.023,0.024,0.001
2026-07-28T21:32:37.329299+07:00,0.045,0.044,-0.001
2026-07-28T21:32:37.333299+07:00,0.031,0.031,0.001
2026-07-28T21:32:37.337299+07:00,0.027,0.028,0.001
2026-07-28T21:32:37.341299+07:00,0.038,0.039,0.0
2026-07-28T21:32:37.345299+07:00,0.022,0.025,0.002
2026-07-28T21:32:37.349299+07:00,0.047,0.048,0.001
2026-07-28T21:32:37.353299+07:00,0.031,0.035,0.004
2026-07-28T21:32:37.357299+07:00,0.034,0.041,0.006
2026-07-28T21:32:37.361299+07:00,0.054,0.061,0.007
2026-07-28T21:32:37.365299+07:00,0.038,0.051,0.012
2026-07-28T21:32:37.369299+07:00,0.113,0.121,0.008
2026-07-28T21:32:37.373299+07:00,0.082,0.097,0.014
2026-07-28T21:32:37.377299+07:00,0.05,0.069,0.019
2026-07-28T21:32:37.381299+07:00,0.055,0.073,0.018
2026-07-28T21:32:37.385299+07:00,0.064,0.08,0.016
2026-07-28T21:32:37.389299+07:00,0.067,0.08,0.013
2026-07-28T21:32:37.393299+07:00,0.085,0.093,0.008
2026-07-28T21:32:37.397299+07:00,0.023,0.033,0.01
2026-07-28T21:32:37.401299+07:00,0.052,0.056,0.004
2026-07-28T21:32:37.405299+07:00,0.071,0.071,0.0
2026-07-28T21:32:37.409299+07:00,0.076,0.074,-0.002
2026-07-28T21:32:37.413299+07:00,0.049,0.049,-0.001
2026-07-28T21:32:37.417299+07:00,0.018,0.02,0.002
2026-07-28T21:32:37.421299+07:00,0.011,0.013,0.002
2026-07-28T21:32:37.425299+07:00,0.06,0.057,-0.003
2026-07-28T21:32:37.429299+07:00,0.054,0.052,-0.002
2026-07-28T21:32:37.433299+07:00,0.008,0.011,0.002
2026-07-28T21:32:37.437299+07:00,-0.009,-0.005,0.004
2026-07-28T21:32:37.441299+07:00,0.026,0.026,-0.0
2026-07-28T21:32:37.445299+07:00,0.03,0.025,-0.004
2026-07-28T21:32:37.449299+07:00,0.032,0.024,-0.009
2026-07-28T21:32:37.453299+07:00,-0.006,-0.006,-0.0
2026-07-28T21:32:37.457299+07:00,0.057,0.057,0.001
2026-07-28T21:32:37.461299+07:00,0.032,0.05,0.019
2026-07-28T21:32:37.465299+07:00,0.132,0.19,0.057
2026-07-28T21:32:37.469299+07:00,0.334,0.48,0.146
2026-07-28T21:32:37.473299+07:00,0.599,0.877,0.278
2026-07-28T21:32:37.477299+07:00,0.794,1.179,0.384
2026-07-28T21:32:37.481299+07:00,0.778,1.163,0.385
2026-07-28T21:32:37.485299+07:00,0.572,0.85,0.278
2026-07-28T21:32:37.489299+07:00,0.292,0.436,0.144
2026-07-28T21:32:37.493299+07:00,0.068,0.119,0.051
2026-07-28T21:32:37.497299+07:00,-0.05,-0.045,0.006
2026-07-28T21:32:37.501299+07:00,-0.086,-0.1,-0.015
2026-07-28T21:32:37.505299+07:00,-0.126,-0.147,-0.021
2026-07-28T21:32:37.509299+07:00,-0.137,-0.161,-0.023
2026-07-28T21:32:37.513299+07:00,-0.112,-0.135,-0.023
2026-07-28T21:32:37.517299+07:00,-0.057,-0.079,-0.022
2026-07-28T21:32:37.521299+07:00,-0.053,-0.066,-0.013
2026-07-28T21:32:37.525299+07:00,-0.016,-0.025,-0.008
2026-07-28T21:32:37.529299+07:00,0.008,0.003,-0.005
2026-07-28T21:32:37.533299+07:00,-0.005,-0.005,0.0
2026-07-28T21:32:37.537299+07:00,0.053,0.05,-0.004
2026-07-28T21:32:37.541299+07:00,0.015,0.016,0.001
2026-07-28T21:32:37.545299+07:00,0.006,0.008,0.002
2026-07-28T21:32:37.549299+07:00,0.014,0.015,0.001
2026-07-28T21:32:37.553299+07:00,-0.017,-0.013,0.004
2026-07-28T21:32:37.557299+07:00,0.032,0.031,-0.0
2026-07-28T21:32:37.561299+07:00,0.02,0.021,0.001
2026-07-28T21:32:37.565299+07:00,0.084,0.078,-0.006
2026-07-28T21:32:37.569299+07:00,0.058,0.055,-0.003
2026-07-28T21:32:37.573299+07:00,0.025,0.025,0.0
2026-07-28T21:32:37.577299+07:00,0.032,0.031,-0.0
2026-07-28T21:32:37.581299+07:00,0.039,0.038,-0.001
2026-07-28T21:32:37.585299+07:00,0.035,0.034,-0.001
2026-07-28T21:32:37.589299+07:00,0.046,0.045,-0.002
2026-07-28T21:32:37.593299+07:00,0.031,0.031,-0.0
2026-07-28T21:32:37.597299+07:00,0.031,0.031,-0.0
2026-07-28T21:32:37.601299+07:00,0.0,0.003,0.003
2026-07-28T21:32:37.605299+07:00,0.017,0.018,0.002
2026-07-28T21:32:37.609299+07:00,0.035,0.035,0.0
2026-07-28T21:32:37.613299+07:00,0.023,0.025,0.002
2026-07-28T21:32:37.617299+07:00,0.053,0.053,-0.0
2026-07-28T21:32:37.621299+07:00,0.059,0.059,0.0
2026-07-28T21:32:37.625299+07:00,0.048,0.05,0.002
2026-07-28T21:32:37.629299+07:00,0.028,0.034,0.006
2026-07-28T21:32:37.633299+07:00,0.06,0.065,0.004
2026-07-28T21:32:37.637299+07:00,0.042,0.05,0.008
2026-07-28T21:32:37.641299+07:00,0.074,0.081,0.007
2026-07-28T21:32:37.645299+07:00,0.069,0.079,0.01
2026-07-28T21:32:37.649299+07:00,0.119,0.126,0.008
2026-07-28T21:32:37.653299+07:00,0.069,0.084,0.015
2026-07-28T21:32:37.657299+07:00,0.123,0.135,0.012
2026-07-28T21:32:37.661299+07:00,0.106,0.122,0.016
2026-07-28T21:32:37.665299+07:00,0.067,0.089,0.022
2026-07-28T21:32:37.669299+07:00,0.114,0.133,0.019
2026-07-28T21:32:37.673299+07:00,0.138,0.156,0.018
2026-07-28T21:32:37.677299+07:00,0.141,0.159,0.018
2026-07-28T21:32:37.681299+07:00,0.083,0.107,0.024
2026-07-28T21:32:37.685299+07:00,0.102,0.123,0.021
2026-07-28T21:32:37.689299+07:00,0.106,0.126,0.02
2026-07-28T21:32:37.693299+07:00,0.071,0.093,0.022
2026-07-28T21:32:37.697299+07:00,0.093,0.11,0.017
2026-07-28T21:32:37.701299+07:00,0.097,0.112,0.015
2026-07-28T21:32:37.705299+07:00,0.097,0.109,0.012
2026-07-28T21:32:37.709299+07:00,0.114,0.121,0.008
2026-07-28T21:32:37.713299+07:00,0.061,0.072,0.01
2026-07-28T21:32:37.717299+07:00,0.069,0.077,0.007
2026-07-28T21:32:37.721299+07:00,0.037,0.046,0.008
2026-07-28T21:32:37.725299+07:00,0.037,0.043,0.006
2026-07-28T21:32:37.729299+07:00,0.095,0.094,-0.001
2026-07-28T21:32:37.733299+07:00,-0.009,-0.002,0.008
2026-07-28T21:32:37.737299+07:00,0.047,0.048,0.001
2026-07-28T21:32:37.741299+07:00,0.003,0.008,0.004
2026-07-28T21:32:37.745299+07:00,0.009,0.012,0.003
2026-07-28T21:32:37.749299+07:00,0.05,0.048,-0.002
2026-07-28T21:32:37.753299+07:00,0.01,0.012,0.002
2026-07-28T21:32:37.757299+07:00,-0.022,-0.018,0.005
2026-07-28T21:32:37.761299+07:00,0.029,0.028,-0.001
2026-07-28T21:32:37.765299+07:00,0.013,0.014,0.001
2026-07-28T21:32:37.769299+07:00,0.025,0.024,-0.0
2026-07-28T21:32:37.773299+07:00,0.039,0.037,-0.002
2026-07-28T21:32:37.777299+07:00,0.069,0.064,-0.005
2026-07-28T21:32:37.781299+07:00,-0.007,-0.004,0.002
2026-07-28T21:32:37.785299+07:00,0.03,0.029,-0.001
2026-07-28T21:32:37.789299+07:00,0.015,0.015,0.0
2026-07-28T21:32:37.793299+07:00,0.017,0.017,0.0
2026-07-28T21:32:37.797299+07:00,0.001,0.003,0.002
2026-07-28T21:32:37.801299+07:00,0.006,0.007,0.001
2026-07-28T21:32:37.805299+07:00,-0.009,-0.006,0.003
2026-07-28T21:32:37.809299+07:00,0.006,0.007,0.001
2026-07-28T21:32:37.813299+07:00,0.029,0.028,-0.001
2026-07-28T21:32:37.817299+07:00,0.042,0.039,-0.003
2026-07-28T21:32:37.821299+07:00,-0.03,-0.025,0.005
2026-07-28T21:32:37.825299+07:00,0.002,0.003,0.001
2026-07-28T21:32:37.829299+07:00,-0.016,-0.013,0.003
2026-07-28T21:32:37.833299+07:00,0.009,0.01,0.001
2026-07-28T21:32:37.837299+07:00,0.058,0.054,-0.004
2026-07-28T21:32:37.841299+07:00,0.012,0.012,0.0
2026-07-28T21:32:37.845299+07:00,0.005,0.006,0.001
2026-07-28T21:32:37.849299+07:00,-0.029,-0.024,0.004
2026-07-28T21:32:37.853299+07:00,0.037,0.035,-0.002
2026-07-28T21:32:37.857299+07:00,0.031,0.029,-0.002
2026-07-28T21:32:37.861299+07:00,0.029,0.027,-0.001
2026-07-28T21:32:37.865299+07:00,-0.022,-0.018,0.004
2026-07-28T21:32:37.869299+07:00,0.027,0.025,-0.001
2026-07-28T21:32:37.873299+07:00,0.021,0.02,-0.001
2026-07-28T21:32:37.877299+07:00,0.011,0.011,0.0
2026-07-28T21:32:37.881299+07:00,0.06,0.055,-0.005
2026-07-28T21:32:37.885299+07:00,-0.005,-0.003,0.002
2026-07-28T21:32:37.889299+07:00,0.037,0.034,-0.002
2026-07-28T21:32:37.893299+07:00,-0.01,-0.008,0.002
2026-07-28T21:32:37.897299+07:00,-0.008,-0.006,0.002
2026-07-28T21:32:37.901299+07:00,0.028,0.026,-0.002
2026-07-28T21:32:37.905299+07:00,0.049,0.045,-0.004
2026-07-28T21:32:37.909299+07:00,0.01,0.011,0.0
2026-07-28T21:32:37.913299+07:00,-0.0,0.001,0.001
2026-07-28T21:32:37.917299+07:00,0.007,0.008,0.0
2026-07-28T21:32:37.921299+07:00,-0.008,-0.006,0.002
2026-07-28T21:32:37.925299+07:00,0.006,0.006,0.001
2026-07-28T21:32:37.929299+07:00,0.023,0.022,-0.001
2026-07-28T21:32:37.933299+07:00,0.02,0.019,-0.001
2026-07-28T21:32:37.937299+07:00,-0.021,-0.017,0.003
2026-07-28T21:32:37.941299+07:00,-0.008,-0.007,0.002
2026-07-28T21:32:37.945299+07:00,-0.002,-0.0,0.001
2026-07-28T21:32:37.949299+07:00,-0.017,-0.014,0.003
2026-07-28T21:32:37.953299+07:00,0.022,0.021,-0.001
2026-07-28T21:32:37.957299+07:00,0.018,0.017,-0.001
2026-07-28T21:32:37.961299+07:00,0.004,0.004,0.001
2026-07-28T21:32:37.965299+07:00,0.017,0.017,-0.001
2026-07-28T21:32:37.969299+07:00,-0.009,-0.007,0.002
2026-07-28T21:32:37.973299+07:00,-0.028,-0.024,0.004
2026-07-28T21:32:37.977299+07:00,-0.018,-0.015,0.003
2026-07-28T21:32:37.981299+07:00,-0.046,-0.041,0.005
2026-07-28T21:32:37.985299+07:00,0.015,0.014,-0.001
2026-07-28T21:32:37.989299+07:00,0.003,0.004,0.001
2026-07-28T21:32:37.993299+07:00,0.002,0.002,0.001
2026-07-28T21:32:37.997299+07:00,0.038,0.035,-0.003
2026-07-28T21:32:38.001299+07:00,-0.013,-0.011,0.002
2026-07-28T21:32:38.005299+07:00,0.021,0.019,-0.001
2026-07-28T21:32:38.009299+07:00,0.008,0.008,-0.0
2026-07-28T21:32:38.013299+07:00,-0.02,-0.017,0.003
2026-07-28T21:32:38.017299+07:00,-0.022,-0.019,0.003
2026-07-28T21:32:38.021299+07:00,0.003,0.003,0.0
2026-07-28T21:32:38.025299+07:00,0.026,0.024,-0.002
2026-07-28T21:32:38.029299+07:00,0.013,0.012,-0.001
2026-07-28T21:32:38.033299+07:00,-0.007,-0.005,0.001
2026-07-28T21:32:38.037299+07:00,0.009,0.009,-0.0
2026-07-28T21:32:38.041299+07:00,-0.009,-0.008,0.001
2026-07-28T21:32:38.045299+07:00,0.01,0.01,-0.0
2026-07-28T21:32:38.049299+07:00,-0.006,-0.005,0.001
2026-07-28T21:32:38.053299+07:00,0.014,0.013,-0.001
2026-07-28T21:32:38.057299+07:00,0.023,0.021,-0.002
2026-07-28T21:32:38.061299+07:00,0.028,0.026,-0.002
2026-07-28T21:32:38.065299+07:00,0.029,0.027,-0.002
2026-07-28T21:32:38.069299+07:00,-0.006,-0.005,0.001
2026-07-28T21:32:38.073299+07:00,0.015,0.014,-0.001
2026-07-28T21:32:38.077299+07:00,0.003,0.003,0.0
2026-07-28T21:32:38.081299+07:00,-0.01,-0.008,0.001
2026-07-28T21:32:38.085299+07:00,0.015,0.013,-0.001
2026-07-28T21:32:38.089299+07:00,-0.004,-0.003,0.001
2026-07-28T21:32:38.093299+07:00,0.009,0.008,-0.001
2026-07-28T21:32:38.097299+07:00,-0.026,-0.023,0.003
2026-07-28T21:32:38.101299+07:00,-0.028,-0.025,0.003
2026-07-28T21:32:38.105299+07:00,-0.009,-0.008,0.001
2026-07-28T21:32:38.109299+07:00,-0.005,-0.005,0.001
2026-07-28T21:32:38.113299+07:00,0.023,0.021,-0.002
2026-07-28T21:32:38.117299+07:00,-0.004,-0.003,0.001
2026-07-28T21:32:38.121299+07:00,0.004,0.004,-0.0
2026-07-28T21:32:38.125299+07:00,-0.03,-0.027,0.003
2026-07-28T21:32:38.129299+07:00,0.007,0.006,-0.0
2026-07-28T21:32:38.133299+07:00,-0.031,-0.028,0.003
2026-07-28T21:32:38.137299+07:00,0.013,0.012,-0.001
2026-07-28T21:32:38.141299+07:00,0.008,0.008,-0.0
2026-07-28T21:32:38.145299+07:00,0.018,0.017,-0.001
2026-07-28T21:32:38.149299+07:00,0.006,0.008,0.002
2026-07-28T21:32:38.153299+07:00,0.01,0.013,0.003
2026-07-28T21:32:38.157299+07:00,0.008,0.014,0.005
2026-07-28T21:32:38.161299+07:00,0.018,0.026,0.007
2026-07-28T21:32:38.165299+07:00,0.025,0.036,0.01
2026-07-28T21:32:38.169299+07:00,0.067,0.077,0.009
2026-07-28T21:32:38.173299+07:00,0.066,0.078,0.012
2026-07-28T21:32:38.177299+07:00,0.04,0.057,0.016
2026-07-28T21:32:38.181299+07:00,0.031,0.049,0.017
2026-07-28T21:32:38.185299+07:00,0.067,0.079,0.012
2026-07-28T21:32:38.189299+07:00,0.033,0.046,0.013
2026-07-28T21:32:38.193299+07:00,0.018,0.029,0.011
2026-07-28T21:32:38.197299+07:00,0.044,0.049,0.005
2026-07-28T21:32:38.201299+07:00,0.012,0.017,0.005
2026-07-28T21:32:38.205299+07:00,0.008,0.011,0.003
2026-07-28T21:32:38.209299+07:00,-0.029,-0.024,0.005
2026-07-28T21:32:38.213299+07:00,-0.005,-0.003,0.001
2026-07-28T21:32:38.217299+07:00,-0.005,-0.004,0.001
2026-07-28T21:32:38.221299+07:00,0.016,0.014,-0.002
2026-07-28T21:32:38.225299+07:00,-0.002,-0.002,0.0
2026-07-28T21:32:38.229299+07:00,0.016,0.014,-0.002
2026-07-28T21:32:38.233299+07:00,-0.013,-0.012,0.001
2026-07-28T21:32:38.237299+07:00,-0.019,-0.017,0.002
2026-07-28T21:32:38.241299+07:00,-0.001,-0.002,-0.001
2026-07-28T21:32:38.245299+07:00,0.018,0.011,-0.007
2026-07-28T21:32:38.249299+07:00,-0.063,-0.066,-0.003
2026-07-28T21:32:38.253299+07:00,-0.032,-0.033,-0.001
2026-07-28T21:32:38.257299+07:00,-0.025,-0.02,0.005
2026-07-28T21:32:38.261299+07:00,0.032,0.047,0.015
2026-07-28T21:32:38.265299+07:00,0.073,0.133,0.06
2026-07-28T21:32:38.269299+07:00,0.309,0.454,0.145
2026-07-28T21:32:38.273299+07:00,0.529,0.81,0.281
2026-07-28T21:32:38.277299+07:00,0.782,1.164,0.382
2026-07-28T21:32:38.281299+07:00,0.771,1.153,0.382
2026-07-28T21:32:38.285299+07:00,0.543,0.82,0.277
2026-07-28T21:32:38.289299+07:00,0.287,0.427,0.141
2026-07-28T21:32:38.293299+07:00,0.069,0.116,0.047
2026-07-28T21:32:38.297299+07:00,-0.063,-0.06,0.003
2026-07-28T21:32:38.301299+07:00,-0.112,-0.128,-0.016
2026-07-28T21:32:38.305299+07:00,-0.151,-0.173,-0.022
2026-07-28T21:32:38.309299+07:00,-0.187,-0.209,-0.022
2026-07-28T21:32:38.313299+07:00,-0.152,-0.174,-0.023
2026-07-28T21:32:38.317299+07:00,-0.088,-0.11,-0.022
2026-07-28T21:32:38.321299+07:00,-0.094,-0.107,-0.012
2026-07-28T21:32:38.325299+07:00,-0.075,-0.081,-0.006
2026-07-28T21:32:38.329299+07:00,-0.044,-0.047,-0.003
2026-07-28T21:32:38.333299+07:00,-0.011,-0.014,-0.003
2026-07-28T21:32:38.337299+07:00,0.007,0.004,-0.003
2026-07-28T21:32:38.341299+07:00,-0.026,-0.025,0.001
2026-07-28T21:32:38.345299+07:00,-0.019,-0.018,0.001
2026-07-28T21:32:38.349299+07:00,-0.021,-0.02,0.001
2026-07-28T21:32:38.353299+07:00,0.007,0.005,-0.002
2026-07-28T21:32:38.357299+07:00,0.008,0.006,-0.002
2026-07-28T21:32:38.361299+07:00,-0.021,-0.02,0.001
2026-07-28T21:32:38.365299+07:00,-0.006,-0.006,-0.0
2026-07-28T21:32:38.369299+07:00,-0.027,-0.025,0.002
2026-07-28T21:32:38.373299+07:00,0.036,0.031,-0.005
2026-07-28T21:32:38.377299+07:00,-0.019,-0.018,0.001
2026-07-28T21:32:38.381299+07:00,-0.017,-0.016,0.001
2026-07-28T21:32:38.385299+07:00,-0.024,-0.023,0.001
2026-07-28T21:32:38.389299+07:00,0.019,0.016,-0.003
2026-07-28T21:32:38.393299+07:00,0.006,0.005,-0.001
2026-07-28T21:32:38.397299+07:00,0.009,0.008,-0.002
2026-07-28T21:32:38.401299+07:00,-0.013,-0.012,0.001
2026-07-28T21:32:38.405299+07:00,0.02,0.018,-0.002
2026-07-28T21:32:38.409299+07:00,-0.022,-0.019,0.002
2026-07-28T21:32:38.413299+07:00,0.003,0.004,0.0
2026-07-28T21:32:38.417299+07:00,0.008,0.008,0.001
2026-07-28T21:32:38.421299+07:00,-0.012,-0.008,0.004
2026-07-28T21:32:38.425299+07:00,-0.002,0.002,0.004
2026-07-28T21:32:38.429299+07:00,0.046,0.046,0.0
2026-07-28T21:32:38.433299+07:00,0.026,0.031,0.004
2026-07-28T21:32:38.437299+07:00,0.054,0.058,0.003
2026-07-28T21:32:38.441299+07:00,0.057,0.062,0.005
2026-07-28T21:32:38.445299+07:00,0.047,0.055,0.009
2026-07-28T21:32:38.449299+07:00,0.051,0.062,0.011
2026-07-28T21:32:38.453299+07:00,0.05,0.063,0.013
2026-07-28T21:32:38.457299+07:00,0.082,0.095,0.013
2026-07-28T21:32:38.461299+07:00,0.088,0.102,0.014
2026-07-28T21:32:38.465299+07:00,0.103,0.118,0.015
2026-07-28T21:32:38.469299+07:00,0.055,0.076,0.021
2026-07-28T21:32:38.473299+07:00,0.075,0.095,0.02
2026-07-28T21:32:38.477299+07:00,0.074,0.095,0.021
2026-07-28T21:32:38.481299+07:00,0.085,0.105,0.02
2026-07-28T21:32:38.485299+07:00,0.037,0.061,0.024
2026-07-28T21:32:38.489299+07:00,0.126,0.14,0.014
2026-07-28T21:32:38.493299+07:00,0.098,0.113,0.015
2026-07-28T21:32:38.497299+07:00,0.006,0.029,0.022
2026-07-28T21:32:38.501299+07:00,0.051,0.067,0.015
2026-07-28T21:32:38.505299+07:00,0.009,0.026,0.017
2026-07-28T21:32:38.509299+07:00,0.037,0.049,0.012
2026-07-28T21:32:38.513299+07:00,0.033,0.042,0.01
2026-07-28T21:32:38.517299+07:00,0.005,0.015,0.01
2026-07-28T21:32:38.521299+07:00,0.063,0.065,0.002
2026-07-28T21:32:38.525299+07:00,0.005,0.011,0.006
2026-07-28T21:32:38.529299+07:00,0.023,0.025,0.002
2026-07-28T21:32:38.533299+07:00,-0.009,-0.005,0.004
2026-07-28T21:32:38.537299+07:00,0.011,0.012,0.001
2026-07-28T21:32:38.541299+07:00,-0.039,-0.035,0.005
2026-07-28T21:32:38.545299+07:00,-0.02,-0.018,0.002
2026-07-28T21:32:38.549299+07:00,-0.018,-0.017,0.001
2026-07-28T21:32:38.553299+07:00,-0.016,-0.015,0.001
2026-07-28T21:32:38.557299+07:00,-0.024,-0.022,0.001
2026-07-28T21:32:38.561299+07:00,-0.041,-0.038,0.003
2026-07-28T21:32:38.565299+07:00,-0.009,-0.01,-0.001
2026-07-28T21:32:38.569299+07:00,0.0,-0.001,-0.002
2026-07-28T21:32:38.573299+07:00,-0.006,-0.007,-0.001
2026-07-28T21:32:38.577299+07:00,-0.033,-0.032,0.002
2026-07-28T21:32:38.581299+07:00,-0.016,-0.017,-0.0
2026-07-28T21:32:38.585299+07:00,-0.032,-0.031,0.001
2026-07-28T21:32:38.589299+07:00,-0.019,-0.019,-0.0
2026-07-28T21:32:38.593299+07:00,-0.026,-0.026,0.001
2026-07-28T21:32:38.597299+07:00,0.016,0.012,-0.004
2026-07-28T21:32:38.601299+07:00,-0.008,-0.01,-0.001
2026-07-28T21:32:38.605299+07:00,-0.041,-0.039,0.002
2026-07-28T21:32:38.609299+07:00,-0.024,-0.023,0.0
2026-07-28T21:32:38.613299+07:00,-0.056,-0.053,0.004
2026-07-28T21:32:38.617299+07:00,-0.007,-0.009,-0.001
2026-07-28T21:32:38.621299+07:00,-0.014,-0.014,-0.001
2026-07-28T21:32:38.625299+07:00,-0.024,-0.024,0.0
2026-07-28T21:32:38.629299+07:00,-0.01,-0.011,-0.001
2026-07-28T21:32:38.633299+07:00,-0.031,-0.03,0.001
2026-07-28T21:32:38.637299+07:00,-0.014,-0.015,-0.001
2026-07-28T21:32:38.641299+07:00,-0.017,-0.018,-0.0
2026-07-28T21:32:38.645299+07:00,-0.045,-0.042,0.002
2026-07-28T21:32:38.649299+07:00,-0.03,-0.029,0.001
2026-07-28T21:32:38.653299+07:00,-0.003,-0.005,-0.002
2026-07-28T21:32:38.657299+07:00,-0.008,-0.009,-0.001
2026-07-28T21:32:38.661299+07:00,-0.044,-0.042,0.002
2026-07-28T21:32:38.665299+07:00,-0.03,-0.029,0.001
2026-07-28T21:32:38.669299+07:00,-0.025,-0.025,0.0
2026-07-28T21:32:38.673299+07:00,-0.011,-0.012,-0.001
2026-07-28T21:32:38.677299+07:00,0.033,0.027,-0.006
2026-07-28T21:32:38.681299+07:00,0.009,0.006,-0.003
2026-07-28T21:32:38.685299+07:00,-0.016,-0.017,-0.001
2026-07-28T21:32:38.689299+07:00,-0.018,-0.018,-0.001
2026-07-28T21:32:38.693299+07:00,-0.038,-0.036,0.001
2026-07-28T21:32:38.697299+07:00,-0.02,-0.02,-0.0
2026-07-28T21:32:38.701299+07:00,-0.049,-0.046,0.002
2026-07-28T21:32:38.705299+07:00,-0.024,-0.024,-0.0
2026-07-28T21:32:38.709299+07:00,-0.023,-0.023,-0.0
2026-07-28T21:32:38.713299+07:00,-0.01,-0.011,-0.002
2026-07-28T21:32:38.717299+07:00,-0.022,-0.023,-0.0
2026-07-28T21:32:38.721299+07:00,-0.018,-0.018,-0.001
2026-07-28T21:32:38.725299+07:00,-0.031,-0.031,0.001
2026-07-28T21:32:38.729299+07:00,-0.028,-0.028,0.0
2026-07-28T21:32:38.733299+07:00,-0.024,-0.024,-0.0
2026-07-28T21:32:38.737299+07:00,-0.031,-0.031,0.001
2026-07-28T21:32:38.741299+07:00,-0.013,-0.014,-0.001
2026-07-28T21:32:38.745299+07:00,0.006,0.003,-0.003
2026-07-28T21:32:38.749299+07:00,-0.009,-0.011,-0.002
2026-07-28T21:32:38.753299+07:00,-0.063,-0.059,0.004
2026-07-28T21:32:38.757299+07:00,-0.03,-0.029,0.0
2026-07-28T21:32:38.761299+07:00,-0.009,-0.011,-0.002
2026-07-28T21:32:38.765299+07:00,-0.02,-0.021,-0.001
2026-07-28T21:32:38.769299+07:00,-0.041,-0.039,0.001
2026-07-28T21:32:38.773299+07:00,-0.026,-0.026,-0.0
2026-07-28T21:32:38.777299+07:00,-0.066,-0.062,0.004
2026-07-28T21:32:38.781299+07:00,-0.021,-0.021,-0.001
2026-07-28T21:32:38.785299+07:00,-0.061,-0.057,0.003
2026-07-28T21:32:38.789299+07:00,-0.028,-0.028,0.0
2026-07-28T21:32:38.793299+07:00,-0.035,-0.034,0.001
2026-07-28T21:32:38.797299+07:00,-0.056,-0.053,0.003
2026-07-28T21:32:38.801299+07:00,-0.016,-0.017,-0.001
2026-07-28T21:32:38.805299+07:00,-0.02,-0.021,-0.001
2026-07-28T21:32:38.809299+07:00,-0.007,-0.009,-0.002
2026-07-28T21:32:38.813299+07:00,-0.021,-0.022,-0.001
2026-07-28T21:32:38.817299+07:00,-0.021,-0.022,-0.001
2026-07-28T21:32:38.821299+07:00,-0.066,-0.063,0.004
2026-07-28T21:32:38.825299+07:00,-0.039,-0.038,0.001
2026-07-28T21:32:38.829299+07:00,-0.041,-0.04,0.001
2026-07-28T21:32:38.833299+07:00,-0.021,-0.022,-0.001
2026-07-28T21:32:38.837299+07:00,-0.016,-0.017,-0.001
2026-07-28T21:32:38.841299+07:00,-0.055,-0.052,0.002
2026-07-28T21:32:38.845299+07:00,-0.019,-0.02,-0.001
2026-07-28T21:32:38.849299+07:00,-0.003,-0.006,-0.003
2026-07-28T21:32:38.853299+07:00,-0.045,-0.043,0.001
2026-07-28T21:32:38.857299+07:00,-0.056,-0.054,0.003
2026-07-28T21:32:38.861299+07:00,-0.033,-0.033,0.0
2026-07-28T21:32:38.865299+07:00,-0.03,-0.03,-0.0
2026-07-28T21:32:38.869299+07:00,-0.055,-0.053,0.002
2026-07-28T21:32:38.873299+07:00,-0.049,-0.047,0.002
2026-07-28T21:32:38.877299+07:00,-0.015,-0.016,-0.002
2026-07-28T21:32:38.881299+07:00,-0.04,-0.039,0.001
2026-07-28T21:32:38.885299+07:00,-0.057,-0.054,0.003
2026-07-28T21:32:38.889299+07:00,-0.059,-0.056,0.003
2026-07-28T21:32:38.893299+07:00,-0.056,-0.053,0.002
2026-07-28T21:32:38.897299+07:00,-0.015,-0.017,-0.002
2026-07-28T21:32:38.901299+07:00,-0.068,-0.065,0.004
2026-07-28T21:32:38.905299+07:00,-0.038,-0.038,0.001
2026-07-28T21:32:38.909299+07:00,-0.047,-0.045,0.001
2026-07-28T21:32:38.913299+07:00,-0.048,-0.047,0.002
2026-07-28T21:32:38.917299+07:00,-0.067,-0.063,0.003
2026-07-28T21:32:38.921299+07:00,-0.048,-0.047,0.002
2026-07-28T21:32:38.925299+07:00,-0.037,-0.036,0.0
2026-07-28T21:32:38.929299+07:00,-0.083,-0.078,0.005
2026-07-28T21:32:38.933299+07:00,-0.045,-0.043,0.001
2026-07-28T21:32:38.937299+07:00,-0.033,-0.032,0.0
2026-07-28T21:32:38.941299+07:00,-0.022,-0.023,-0.001
2026-07-28T21:32:38.945299+07:00,-0.041,-0.039,0.002
2026-07-28T21:32:38.949299+07:00,-0.01,-0.01,-0.0
2026-07-28T21:32:38.953299+07:00,-0.039,-0.035,0.004
2026-07-28T21:32:38.957299+07:00,-0.0,0.003,0.003
2026-07-28T21:32:38.961299+07:00,-0.058,-0.047,0.012
2026-07-28T21:32:38.965299+07:00,0.007,0.016,0.009
2026-07-28T21:32:38.969299+07:00,-0.004,0.009,0.013
2026-07-28T21:32:38.973299+07:00,0.044,0.055,0.011
2026-07-28T21:32:38.977299+07:00,0.024,0.039,0.015
2026-07-28T21:32:38.981299+07:00,0.039,0.052,0.013
2026-07-28T21:32:38.985299+07:00,0.012,0.026,0.014
2026-07-28T21:32:38.989299+07:00,0.007,0.019,0.012
2026-07-28T21:32:38.993299+07:00,0.003,0.012,0.009
2026-07-28T21:32:38.997299+07:00,-0.016,-0.009,0.007
2026-07-28T21:32:39.001299+07:00,-0.053,-0.045,0.008
2026-07-28T21:32:39.005299+07:00,-0.016,-0.014,0.002
2026-07-28T21:32:39.009299+07:00,-0.047,-0.044,0.003
2026-07-28T21:32:39.013299+07:00,-0.039,-0.037,0.001
2026-07-28T21:32:39.017299+07:00,-0.056,-0.053,0.003
2026-07-28T21:32:39.021299+07:00,-0.013,-0.015,-0.002
2026-07-28T21:32:39.025299+07:00,-0.042,-0.041,0.001
2026-07-28T21:32:39.029299+07:00,-0.036,-0.036,-0.0
2026-07-28T21:32:39.033299+07:00,-0.044,-0.043,0.001
2026-07-28T21:32:39.037299+07:00,-0.022,-0.024,-0.001
2026-07-28T21:32:39.041299+07:00,-0.026,-0.028,-0.002
2026-07-28T21:32:39.045299+07:00,-0.07,-0.071,-0.001
2026-07-28T21:32:39.049299+07:00,-0.05,-0.057,-0.007
2026-07-28T21:32:39.053299+07:00,-0.051,-0.054,-0.003
2026-07-28T21:32:39.057299+07:00,-0.055,-0.05,0.005
2026-07-28T21:32:39.061299+07:00,0.034,0.046,0.012
2026-07-28T21:32:39.065299+07:00,0.101,0.154,0.054
2026-07-28T21:32:39.069299+07:00,0.275,0.42,0.145
2026-07-28T21:32:39.073299+07:00,0.53,0.808,0.278
2026-07-28T21:32:39.077299+07:00,0.743,1.126,0.383
2026-07-28T21:32:39.081299+07:00,0.739,1.121,0.382
2026-07-28T21:32:39.085299+07:00,0.511,0.788,0.277
2026-07-28T21:32:39.089299+07:00,0.238,0.38,0.142
2026-07-28T21:32:39.093299+07:00,0.013,0.062,0.05
2026-07-28T21:32:39.097299+07:00,-0.103,-0.099,0.004
2026-07-28T21:32:39.101299+07:00,-0.16,-0.174,-0.014
2026-07-28T21:32:39.105299+07:00,-0.16,-0.185,-0.025
2026-07-28T21:32:39.109299+07:00,-0.176,-0.202,-0.026
2026-07-28T21:32:39.113299+07:00,-0.199,-0.22,-0.021
2026-07-28T21:32:39.117299+07:00,-0.134,-0.155,-0.021
2026-07-28T21:32:39.121299+07:00,-0.114,-0.127,-0.014
2026-07-28T21:32:39.125299+07:00,-0.112,-0.118,-0.006
2026-07-28T21:32:39.129299+07:00,-0.066,-0.07,-0.004
2026-07-28T21:32:39.133299+07:00,-0.049,-0.051,-0.002
2026-07-28T21:32:39.137299+07:00,-0.079,-0.077,0.003
2026-07-28T21:32:39.141299+07:00,-0.045,-0.045,0.0
2026-07-28T21:32:39.145299+07:00,-0.046,-0.046,0.0
2026-07-28T21:32:39.149299+07:00,-0.018,-0.02,-0.002
2026-07-28T21:32:39.153299+07:00,-0.058,-0.056,0.002
2026-07-28T21:32:39.157299+07:00,-0.03,-0.031,-0.001
2026-07-28T21:32:39.161299+07:00,-0.034,-0.034,-0.001
2026-07-28T21:32:39.165299+07:00,-0.032,-0.033,-0.001
2026-07-28T21:32:39.169299+07:00,-0.036,-0.037,-0.0
2026-07-28T21:32:39.173299+07:00,-0.048,-0.047,0.001
2026-07-28T21:32:39.177299+07:00,-0.036,-0.036,-0.0
2026-07-28T21:32:39.181299+07:00,-0.021,-0.023,-0.002
2026-07-28T21:32:39.185299+07:00,-0.025,-0.027,-0.001
2026-07-28T21:32:39.189299+07:00,-0.02,-0.022,-0.002
2026-07-28T21:32:39.193299+07:00,-0.085,-0.08,0.005
2026-07-28T21:32:39.197299+07:00,-0.005,-0.008,-0.003
2026-07-28T21:32:39.201299+07:00,0.002,-0.002,-0.004
2026-07-28T21:32:39.205299+07:00,-0.017,-0.018,-0.001
2026-07-28T21:32:39.209299+07:00,-0.002,-0.005,-0.003
2026-07-28T21:32:39.213299+07:00,-0.016,-0.016,-0.001
2026-07-28T21:32:39.217299+07:00,-0.036,-0.034,0.002
2026-07-28T21:32:39.221299+07:00,-0.024,-0.022,0.002
2026-07-28T21:32:39.225299+07:00,-0.015,-0.013,0.002
2026-07-28T21:32:39.229299+07:00,-0.053,-0.046,0.007
2026-07-28T21:32:39.233299+07:00,-0.026,-0.02,0.006
2026-07-28T21:32:39.237299+07:00,-0.006,0.0,0.006
2026-07-28T21:32:39.241299+07:00,-0.024,-0.014,0.01
2026-07-28T21:32:39.245299+07:00,-0.001,0.01,0.01
2026-07-28T21:32:39.249299+07:00,0.038,0.047,0.009
2026-07-28T21:32:39.253299+07:00,0.011,0.026,0.014
2026-07-28T21:32:39.257299+07:00,0.036,0.05,0.014
2026-07-28T21:32:39.261299+07:00,0.056,0.07,0.015
2026-07-28T21:32:39.265299+07:00,0.033,0.052,0.019
2026-07-28T21:32:39.269299+07:00,0.017,0.039,0.022
2026-07-28T21:32:39.273299+07:00,0.058,0.077,0.019
2026-07-28T21:32:39.277299+07:00,0.039,0.061,0.022
2026-07-28T21:32:39.281299+07:00,0.088,0.105,0.017
2026-07-28T21:32:39.285299+07:00,0.065,0.084,0.018
2026-07-28T21:32:39.289299+07:00,0.049,0.068,0.019
2026-07-28T21:32:39.293299+07:00,0.043,0.061,0.018
2026-07-28T21:32:39.297299+07:00,0.03,0.047,0.017
2026-07-28T21:32:39.301299+07:00,0.012,0.028,0.017
2026-07-28T21:32:39.305299+07:00,0.006,0.021,0.015
2026-07-28T21:32:39.309299+07:00,0.022,0.032,0.011
2026-07-28T21:32:39.313299+07:00,0.005,0.014,0.01
2026-07-28T21:32:39.317299+07:00,-0.003,0.005,0.008
2026-07-28T21:32:39.321299+07:00,-0.039,-0.029,0.009
2026-07-28T21:32:39.325299+07:00,-0.073,-0.062,0.011
2026-07-28T21:32:39.329299+07:00,-0.046,-0.039,0.006
2026-07-28T21:32:39.333299+07:00,-0.018,-0.016,0.002
2026-07-28T21:32:39.337299+07:00,-0.044,-0.04,0.004
2026-07-28T21:32:39.341299+07:00,-0.057,-0.053,0.004
2026-07-28T21:32:39.345299+07:00,-0.023,-0.023,-0.0
2026-07-28T21:32:39.349299+07:00,-0.026,-0.026,-0.001
2026-07-28T21:32:39.353299+07:00,-0.02,-0.022,-0.002
2026-07-28T21:32:39.357299+07:00,-0.042,-0.042,0.0
2026-07-28T21:32:39.361299+07:00,-0.063,-0.06,0.002
2026-07-28T21:32:39.365299+07:00,-0.053,-0.052,0.001
2026-07-28T21:32:39.369299+07:00,-0.062,-0.061,0.002
2026-07-28T21:32:39.373299+07:00,-0.058,-0.056,0.001
2026-07-28T21:32:39.377299+07:00,-0.027,-0.029,-0.002
2026-07-28T21:32:39.381299+07:00,-0.077,-0.074,0.003
2026-07-28T21:32:39.385299+07:00,-0.041,-0.041,-0.0
2026-07-28T21:32:39.389299+07:00,-0.021,-0.024,-0.002
2026-07-28T21:32:39.393299+07:00,-0.029,-0.031,-0.002
2026-07-28T21:32:39.397299+07:00,-0.016,-0.019,-0.003
2026-07-28T21:32:39.401299+07:00,-0.015,-0.018,-0.003
2026-07-28T21:32:39.405299+07:00,-0.039,-0.039,-0.001
2026-07-28T21:32:39.409299+07:00,-0.043,-0.043,-0.0
2026-07-28T21:32:39.413299+07:00,-0.056,-0.055,0.001
2026-07-28T21:32:39.417299+07:00,-0.065,-0.063,0.002
2026-07-28T21:32:39.421299+07:00,-0.041,-0.041,-0.001
2026-07-28T21:32:39.425299+07:00,-0.063,-0.062,0.002
2026-07-28T21:32:39.429299+07:00,-0.05,-0.049,0.0
2026-07-28T21:32:39.433299+07:00,-0.021,-0.023,-0.003
2026-07-28T21:32:39.437299+07:00,-0.03,-0.031,-0.002
2026-07-28T21:32:39.441299+07:00,-0.051,-0.05,0.0
2026-07-28T21:32:39.445299+07:00,-0.043,-0.043,-0.0
2026-07-28T21:32:39.449299+07:00,-0.054,-0.053,0.001
2026-07-28T21:32:39.453299+07:00,-0.064,-0.062,0.002
2026-07-28T21:32:39.457299+07:00,-0.061,-0.059,0.001
2026-07-28T21:32:39.461299+07:00,-0.069,-0.067,0.002
2026-07-28T21:32:39.465299+07:00,-0.058,-0.057,0.001
2026-07-28T21:32:39.469299+07:00,-0.044,-0.044,-0.0
2026-07-28T21:32:39.473299+07:00,-0.036,-0.037,-0.001
2026-07-28T21:32:39.477299+07:00,-0.023,-0.025,-0.002
2026-07-28T21:32:39.481299+07:00,-0.016,-0.019,-0.003
2026-07-28T21:32:39.485299+07:00,-0.006,-0.01,-0.004
2026-07-28T21:32:39.489299+07:00,-0.041,-0.041,-0.001
2026-07-28T21:32:39.493299+07:00,-0.059,-0.058,0.001
2026-07-28T21:32:39.497299+07:00,-0.06,-0.058,0.001
2026-07-28T21:32:39.501299+07:00,-0.044,-0.044,-0.0
2026-07-28T21:32:39.505299+07:00,-0.08,-0.077,0.003
2026-07-28T21:32:39.509299+07:00,-0.044,-0.045,-0.0
2026-07-28T21:32:39.513299+07:00,-0.035,-0.037,-0.001
2026-07-28T21:32:39.517299+07:00,-0.011,-0.014,-0.004
2026-07-28T21:32:39.521299+07:00,-0.059,-0.058,0.001
2026-07-28T21:32:39.525299+07:00,-0.041,-0.042,-0.001
2026-07-28T21:32:39.529299+07:00,-0.054,-0.054,0.001
2026-07-28T21:32:39.533299+07:00,-0.014,-0.017,-0.003
2026-07-28T21:32:39.537299+07:00,-0.045,-0.045,-0.0
2026-07-28T21:32:39.541299+07:00,-0.029,-0.031,-0.002
2026-07-28T21:32:39.545299+07:00,-0.041,-0.041,-0.001
2026-07-28T21:32:39.549299+07:00,-0.036,-0.037,-0.001
2026-07-28T21:32:39.553299+07:00,-0.069,-0.067,0.002
2026-07-28T21:32:39.557299+07:00,-0.063,-0.062,0.002
2026-07-28T21:32:39.561299+07:00,-0.036,-0.037,-0.001
2026-07-28T21:32:39.565299+07:00,-0.042,-0.043,-0.001
2026-07-28T21:32:39.569299+07:00,-0.032,-0.034,-0.002
2026-07-28T21:32:39.573299+07:00,-0.052,-0.052,0.0
2026-07-28T21:32:39.577299+07:00,-0.045,-0.045,-0.0
2026-07-28T21:32:39.581299+07:00,-0.068,-0.066,0.002
2026-07-28T21:32:39.585299+07:00,-0.043,-0.044,-0.001
2026-07-28T21:32:39.589299+07:00,-0.053,-0.053,0.0
2026-07-28T21:32:39.593299+07:00,-0.012,-0.016,-0.004
2026-07-28T21:32:39.597299+07:00,-0.025,-0.027,-0.002
2026-07-28T21:32:39.601299+07:00,-0.038,-0.039,-0.001
2026-07-28T21:32:39.605299+07:00,-0.039,-0.04,-0.001
2026-07-28T21:32:39.609299+07:00,-0.051,-0.051,0.0
2026-07-28T21:32:39.613299+07:00,-0.045,-0.046,-0.0
2026-07-28T21:32:39.617299+07:00,-0.031,-0.033,-0.002
2026-07-28T21:32:39.621299+07:00,-0.064,-0.063,0.002
2026-07-28T21:32:39.625299+07:00,-0.029,-0.031,-0.002
2026-07-28T21:32:39.629299+07:00,-0.079,-0.076,0.003
2026-07-28T21:32:39.633299+07:00,-0.01,-0.014,-0.004
2026-07-28T21:32:39.637299+07:00,-0.068,-0.066,0.002
2026-07-28T21:32:39.641299+07:00,-0.045,-0.046,-0.0
2026-07-28T21:32:39.645299+07:00,-0.044,-0.045,-0.0
2026-07-28T21:32:39.649299+07:00,-0.046,-0.047,-0.0
2026-07-28T21:32:39.653299+07:00,-0.071,-0.069,0.002
2026-07-28T21:32:39.657299+07:00,-0.047,-0.048,-0.0
2026-07-28T21:32:39.661299+07:00,-0.009,-0.013,-0.004
2026-07-28T21:32:39.665299+07:00,-0.099,-0.094,0.005
2026-07-28T21:32:39.669299+07:00,-0.062,-0.06,0.001
2026-07-28T21:32:39.673299+07:00,-0.067,-0.065,0.002
2026-07-28T21:32:39.677299+07:00,-0.046,-0.047,-0.0
2026-07-28T21:32:39.681299+07:00,-0.057,-0.056,0.001
2026-07-28T21:32:39.685299+07:00,-0.078,-0.075,0.003
2026-07-28T21:32:39.689299+07:00,-0.037,-0.038,-0.001
2026-07-28T21:32:39.693299+07:00,-0.06,-0.059,0.001
2026-07-28T21:32:39.697299+07:00,-0.045,-0.045,-0.0
2026-07-28T21:32:39.701299+07:00,-0.043,-0.044,-0.001
2026-07-28T21:32:39.705299+07:00,-0.06,-0.059,0.001
2026-07-28T21:32:39.709299+07:00,-0.001,-0.006,-0.005
2026-07-28T21:32:39.713299+07:00,0.006,0.0,-0.006
2026-07-28T21:32:39.717299+07:00,-0.043,-0.043,-0.001
2026-07-28T21:32:39.721299+07:00,-0.086,-0.082,0.004
2026-07-28T21:32:39.725299+07:00,-0.048,-0.048,-0.0
2026-07-28T21:32:39.729299+07:00,-0.053,-0.053,0.0
2026-07-28T21:32:39.733299+07:00,-0.044,-0.044,-0.0
2026-07-28T21:32:39.737299+07:00,-0.031,-0.032,-0.002
2026-07-28T21:32:39.741299+07:00,-0.025,-0.027,-0.002
2026-07-28T21:32:39.745299+07:00,-0.054,-0.053,0.002
2026-07-28T21:32:39.749299+07:00,-0.031,-0.03,0.0
2026-07-28T21:32:39.753299+07:00,-0.032,-0.03,0.002
2026-07-28T21:32:39.757299+07:00,-0.036,-0.031,0.005
2026-07-28T21:32:39.761299+07:00,-0.017,-0.011,0.006
2026-07-28T21:32:39.765299+07:00,0.019,0.025,0.006
2026-07-28T21:32:39.769299+07:00,0.016,0.026,0.01
2026-07-28T21:32:39.773299+07:00,-0.026,-0.01,0.017
2026-07-28T21:32:39.777299+07:00,0.01,0.025,0.015
2026-07-28T21:32:39.781299+07:00,-0.041,-0.021,0.02
2026-07-28T21:32:39.785299+07:00,-0.011,0.004,0.015
2026-07-28T21:32:39.789299+07:00,-0.008,0.004,0.012
2026-07-28T21:32:39.793299+07:00,-0.009,-0.0,0.009
2026-07-28T21:32:39.797299+07:00,-0.049,-0.04,0.009
2026-07-28T21:32:39.801299+07:00,-0.035,-0.03,0.005
2026-07-28T21:32:39.805299+07:00,-0.024,-0.023,0.001
2026-07-28T21:32:39.809299+07:00,-0.038,-0.037,0.001
2026-07-28T21:32:39.813299+07:00,-0.069,-0.066,0.003
2026-07-28T21:32:39.817299+07:00,-0.041,-0.042,-0.0
2026-07-28T21:32:39.821299+07:00,-0.047,-0.047,-0.0
2026-07-28T21:32:39.825299+07:00,-0.054,-0.053,0.0
2026-07-28T21:32:39.829299+07:00,-0.042,-0.043,-0.001
2026-07-28T21:32:39.833299+07:00,-0.072,-0.069,0.002
2026-07-28T21:32:39.837299+07:00,-0.042,-0.042,-0.001
2026-07-28T21:32:39.841299+07:00,-0.032,-0.035,-0.002
2026-07-28T21:32:39.845299+07:00,-0.066,-0.069,-0.003
2026-07-28T21:32:39.849299+07:00,-0.105,-0.108,-0.003
2026-07-28T21:32:39.853299+07:00,-0.078,-0.079,-0.001
2026-07-28T21:32:39.857299+07:00,-0.049,-0.046,0.003
2026-07-28T21:32:39.861299+07:00,-0.005,0.01,0.014
2026-07-28T21:32:39.865299+07:00,0.095,0.148,0.053
2026-07-28T21:32:39.869299+07:00,0.235,0.383,0.148
2026-07-28T21:32:39.873299+07:00,0.522,0.8,0.278
2026-07-28T21:32:39.877299+07:00,0.73,1.113,0.383
2026-07-28T21:32:39.881299+07:00,0.739,1.12,0.381
2026-07-28T21:32:39.885299+07:00,0.472,0.751,0.28
2026-07-28T21:32:39.889299+07:00,0.19,0.336,0.146
2026-07-28T21:32:39.893299+07:00,0.03,0.077,0.047
2026-07-28T21:32:39.897299+07:00,-0.108,-0.104,0.003
2026-07-28T21:32:39.901299+07:00,-0.177,-0.191,-0.014
2026-07-28T21:32:39.905299+07:00,-0.207,-0.228,-0.021
2026-07-28T21:32:39.909299+07:00,-0.172,-0.2,-0.028
2026-07-28T21:32:39.913299+07:00,-0.233,-0.252,-0.019
2026-07-28T21:32:39.917299+07:00,-0.119,-0.142,-0.023
2026-07-28T21:32:39.921299+07:00,-0.087,-0.105,-0.017
2026-07-28T21:32:39.925299+07:00,-0.089,-0.098,-0.009
2026-07-28T21:32:39.929299+07:00,-0.086,-0.089,-0.003
2026-07-28T21:32:39.933299+07:00,-0.071,-0.072,-0.001
2026-07-28T21:32:39.937299+07:00,-0.056,-0.056,-0.001
2026-07-28T21:32:39.941299+07:00,-0.075,-0.073,0.002
2026-07-28T21:32:39.945299+07:00,-0.018,-0.021,-0.003
2026-07-28T21:32:39.949299+07:00,-0.04,-0.041,-0.001
2026-07-28T21:32:39.953299+07:00,-0.036,-0.038,-0.001
2026-07-28T21:32:39.957299+07:00,-0.06,-0.059,0.001
2026-07-28T21:32:39.961299+07:00,-0.054,-0.054,0.0
2026-07-28T21:32:39.965299+07:00,-0.09,-0.086,0.004
2026-07-28T21:32:39.969299+07:00,-0.032,-0.034,-0.002
2026-07-28T21:32:39.973299+07:00,-0.032,-0.033,-0.002
2026-07-28T21:32:39.977299+07:00,-0.055,-0.055,0.001
2026-07-28T21:32:39.981299+07:00,-0.063,-0.062,0.001
2026-07-28T21:32:39.985299+07:00,-0.04,-0.041,-0.001
2026-07-28T21:32:39.989299+07:00,-0.043,-0.043,-0.0
2026-07-28T21:32:39.993299+07:00,-0.046,-0.046,-0.0
2026-07-28T21:32:39.997299+07:00,-0.066,-0.064,0.002
2026-07-28T21:32:40.001299+07:00,-0.027,-0.029,-0.002
2026-07-28T21:32:40.005299+07:00,-0.039,-0.039,-0.0
2026-07-28T21:32:40.009299+07:00,-0.03,-0.031,-0.0
2026-07-28T21:32:40.013299+07:00,-0.073,-0.069,0.004
2026-07-28T21:32:40.017299+07:00,-0.052,-0.049,0.003
2026-07-28T21:32:40.021299+07:00,-0.002,-0.003,-0.001
2026-07-28T21:32:40.025299+07:00,-0.039,-0.035,0.004
2026-07-28T21:32:40.029299+07:00,-0.03,-0.025,0.004
2026-07-28T21:32:40.033299+07:00,-0.036,-0.029,0.007
2026-07-28T21:32:40.037299+07:00,-0.029,-0.021,0.008
2026-07-28T21:32:40.041299+07:00,-0.016,-0.007,0.009
2026-07-28T21:32:40.045299+07:00,-0.044,-0.03,0.014
2026-07-28T21:32:40.049299+07:00,0.008,0.019,0.011
2026-07-28T21:32:40.053299+07:00,0.028,0.04,0.012
2026-07-28T21:32:40.057299+07:00,0.037,0.051,0.014
2026-07-28T21:32:40.061299+07:00,0.029,0.045,0.017
2026-07-28T21:32:40.065299+07:00,0.056,0.072,0.016
2026-07-28T21:32:40.069299+07:00,0.101,0.114,0.013
2026-07-28T21:32:40.073299+07:00,0.056,0.075,0.019
2026-07-28T21:32:40.077299+07:00,0.034,0.056,0.022
2026-07-28T21:32:40.081299+07:00,0.044,0.064,0.021
2026-07-28T21:32:40.085299+07:00,0.039,0.059,0.021
2026-07-28T21:32:40.089299+07:00,0.055,0.073,0.018
2026-07-28T21:32:40.093299+07:00,0.033,0.052,0.018
2026-07-28T21:32:40.097299+07:00,0.038,0.054,0.016
2026-07-28T21:32:40.101299+07:00,0.049,0.061,0.012
2026-07-28T21:32:40.105299+07:00,0.034,0.045,0.011
2026-07-28T21:32:40.109299+07:00,0.032,0.041,0.009
2026-07-28T21:32:40.113299+07:00,0.011,0.02,0.009
2026-07-28T21:32:40.117299+07:00,-0.011,-0.003,0.008
2026-07-28T21:32:40.121299+07:00,-0.021,-0.014,0.007
2026-07-28T21:32:40.125299+07:00,-0.015,-0.01,0.005
2026-07-28T21:32:40.129299+07:00,-0.005,-0.003,0.002
2026-07-28T21:32:40.133299+07:00,0.006,0.006,-0.001
2026-07-28T21:32:40.137299+07:00,-0.013,-0.013,0.0
2026-07-28T21:32:40.141299+07:00,-0.048,-0.046,0.003
2026-07-28T21:32:40.145299+07:00,-0.062,-0.059,0.003
2026-07-28T21:32:40.149299+07:00,-0.063,-0.06,0.003
2026-07-28T21:32:40.153299+07:00,-0.066,-0.064,0.003
2026-07-28T21:32:40.157299+07:00,-0.056,-0.054,0.001
2026-07-28T21:32:40.161299+07:00,-0.062,-0.06,0.002
2026-07-28T21:32:40.165299+07:00,-0.066,-0.064,0.002
2026-07-28T21:32:40.169299+07:00,-0.038,-0.039,-0.001
2026-07-28T21:32:40.173299+07:00,-0.054,-0.053,0.001
2026-07-28T21:32:40.177299+07:00,-0.052,-0.051,0.001
2026-07-28T21:32:40.181299+07:00,-0.053,-0.052,0.001
2026-07-28T21:32:40.185299+07:00,-0.034,-0.035,-0.001
2026-07-28T21:32:40.189299+07:00,-0.046,-0.046,-0.0
2026-07-28T21:32:40.193299+07:00,-0.052,-0.052,0.001
2026-07-28T21:32:40.197299+07:00,-0.039,-0.04,-0.001
2026-07-28T21:32:40.201299+07:00,-0.045,-0.046,-0.0
2026-07-28T21:32:40.205299+07:00,-0.041,-0.042,-0.001
2026-07-28T21:32:40.209299+07:00,-0.05,-0.049,0.0
2026-07-28T21:32:40.213299+07:00,-0.029,-0.031,-0.002
2026-07-28T21:32:40.217299+07:00,-0.054,-0.053,0.001
2026-07-28T21:32:40.221299+07:00,-0.034,-0.035,-0.001
2026-07-28T21:32:40.225299+07:00,-0.049,-0.049,0.0
2026-07-28T21:32:40.229299+07:00,-0.015,-0.018,-0.003
2026-07-28T21:32:40.233299+07:00,-0.041,-0.041,-0.001
2026-07-28T21:32:40.237299+07:00,-0.063,-0.061,0.002
2026-07-28T21:32:40.241299+07:00,-0.059,-0.058,0.001
2026-07-28T21:32:40.245299+07:00,-0.041,-0.042,-0.001
2026-07-28T21:32:40.249299+07:00,-0.059,-0.058,0.001
2026-07-28T21:32:40.253299+07:00,-0.025,-0.027,-0.002
2026-07-28T21:32:40.257299+07:00,-0.042,-0.043,-0.0
2026-07-28T21:32:40.261299+07:00,-0.03,-0.031,-0.002
2026-07-28T21:32:40.265299+07:00,-0.041,-0.041,-0.001
2026-07-28T21:32:40.269299+07:00,-0.072,-0.069,0.003
2026-07-28T21:32:40.273299+07:00,-0.052,-0.051,0.001
2026-07-28T21:32:40.277299+07:00,-0.028,-0.03,-0.002
2026-07-28T21:32:40.281299+07:00,-0.052,-0.052,0.001
2026-07-28T21:32:40.285299+07:00,-0.026,-0.028,-0.002
2026-07-28T21:32:40.289299+07:00,-0.036,-0.037,-0.001
2026-07-28T21:32:40.293299+07:00,-0.048,-0.048,0.0
2026-07-28T21:32:40.297299+07:00,-0.053,-0.052,0.001
2026-07-28T21:32:40.301299+07:00,-0.054,-0.054,0.001
2026-07-28T21:32:40.305299+07:00,-0.053,-0.052,0.001
2026-07-28T21:32:40.309299+07:00,-0.066,-0.064,0.002
2026-07-28T21:32:40.313299+07:00,-0.064,-0.062,0.002
2026-07-28T21:32:40.317299+07:00,-0.045,-0.045,0.0
2026-07-28T21:32:40.321299+07:00,-0.046,-0.046,0.0
2026-07-28T21:32:40.325299+07:00,-0.025,-0.027,-0.002
2026-07-28T21:32:40.329299+07:00,-0.027,-0.028,-0.002
2026-07-28T21:32:40.333299+07:00,-0.073,-0.07,0.003
2026-07-28T21:32:40.337299+07:00,-0.082,-0.078,0.004
2026-07-28T21:32:40.341299+07:00,-0.06,-0.059,0.002
2026-07-28T21:32:40.345299+07:00,-0.017,-0.019,-0.003
2026-07-28T21:32:40.349299+07:00,-0.028,-0.029,-0.002
2026-07-28T21:32:40.353299+07:00,-0.041,-0.041,-0.0
2026-07-28T21:32:40.357299+07:00,-0.049,-0.048,0.0
2026-07-28T21:32:40.361299+07:00,-0.086,-0.082,0.004
2026-07-28T21:32:40.365299+07:00,-0.067,-0.065,0.002
2026-07-28T21:32:40.369299+07:00,-0.016,-0.019,-0.003
2026-07-28T21:32:40.373299+07:00,-0.05,-0.05,0.001
2026-07-28T21:32:40.377299+07:00,-0.033,-0.034,-0.001
2026-07-28T21:32:40.381299+07:00,-0.062,-0.06,0.002
2026-07-28T21:32:40.385299+07:00,-0.044,-0.044,0.0
2026-07-28T21:32:40.389299+07:00,-0.04,-0.04,-0.0
2026-07-28T21:32:40.393299+07:00,-0.039,-0.04,-0.0
2026-07-28T21:32:40.397299+07:00,-0.026,-0.028,-0.002
2026-07-28T21:32:40.401299+07:00,-0.053,-0.052,0.001
2026-07-28T21:32:40.405299+07:00,-0.058,-0.057,0.002
2026-07-28T21:32:40.409299+07:00,-0.076,-0.073,0.003
2026-07-28T21:32:40.413299+07:00,-0.016,-0.019,-0.003
2026-07-28T21:32:40.417299+07:00,-0.022,-0.024,-0.002
2026-07-28T21:32:40.421299+07:00,-0.062,-0.06,0.002
2026-07-28T21:32:40.425299+07:00,-0.029,-0.031,-0.001
2026-07-28T21:32:40.429299+07:00,-0.074,-0.071,0.003
2026-07-28T21:32:40.433299+07:00,-0.077,-0.074,0.004
2026-07-28T21:32:40.437299+07:00,-0.053,-0.052,0.001
2026-07-28T21:32:40.441299+07:00,-0.024,-0.025,-0.002
2026-07-28T21:32:40.445299+07:00,-0.042,-0.042,0.0
2026-07-28T21:32:40.449299+07:00,-0.014,-0.016,-0.003
2026-07-28T21:32:40.453299+07:00,-0.034,-0.034,-0.001
2026-07-28T21:32:40.457299+07:00,-0.044,-0.043,0.0
2026-07-28T21:32:40.461299+07:00,-0.027,-0.029,-0.001
2026-07-28T21:32:40.465299+07:00,-0.063,-0.061,0.002
2026-07-28T21:32:40.469299+07:00,-0.014,-0.017,-0.003
2026-07-28T21:32:40.473299+07:00,-0.044,-0.044,0.0
2026-07-28T21:32:40.477299+07:00,-0.05,-0.049,0.001
2026-07-28T21:32:40.481299+07:00,-0.06,-0.058,0.002
2026-07-28T21:32:40.485299+07:00,-0.054,-0.052,0.001
2026-07-28T21:32:40.489299+07:00,-0.066,-0.064,0.003
2026-07-28T21:32:40.493299+07:00,-0.051,-0.05,0.001
2026-07-28T21:32:40.497299+07:00,-0.033,-0.034,-0.001
2026-07-28T21:32:40.501299+07:00,-0.006,-0.01,-0.003
2026-07-28T21:32:40.505299+07:00,-0.005,-0.009,-0.004
2026-07-28T21:32:40.509299+07:00,-0.052,-0.051,0.001
2026-07-28T21:32:40.513299+07:00,-0.006,-0.009,-0.003
2026-07-28T21:32:40.517299+07:00,-0.05,-0.049,0.001
2026-07-28T21:32:40.521299+07:00,-0.048,-0.047,0.001
2026-07-28T21:32:40.525299+07:00,-0.049,-0.048,0.001
2026-07-28T21:32:40.529299+07:00,-0.024,-0.025,-0.002
2026-07-28T21:32:40.533299+07:00,-0.026,-0.027,-0.001
2026-07-28T21:32:40.537299+07:00,-0.058,-0.056,0.002
2026-07-28T21:32:40.541299+07:00,-0.033,-0.033,-0.0
2026-07-28T21:32:40.545299+07:00,-0.052,-0.049,0.002
2026-07-28T21:32:40.549299+07:00,-0.031,-0.03,0.001
2026-07-28T21:32:40.553299+07:00,-0.042,-0.038,0.004
2026-07-28T21:32:40.557299+07:00,-0.044,-0.038,0.007
2026-07-28T21:32:40.561299+07:00,0.009,0.014,0.004
2026-07-28T21:32:40.565299+07:00,-0.018,-0.007,0.011
2026-07-28T21:32:40.569299+07:00,-0.013,0.0,0.014
2026-07-28T21:32:40.573299+07:00,-0.002,0.013,0.015
2026-07-28T21:32:40.577299+07:00,0.001,0.018,0.017
2026-07-28T21:32:40.581299+07:00,0.003,0.02,0.016
2026-07-28T21:32:40.585299+07:00,-0.002,0.014,0.015
2026-07-28T21:32:40.589299+07:00,0.004,0.016,0.012
2026-07-28T21:32:40.593299+07:00,0.007,0.015,0.008
2026-07-28T21:32:40.597299+07:00,-0.001,0.004,0.006
2026-07-28T21:32:40.601299+07:00,-0.04,-0.034,0.006
2026-07-28T21:32:40.605299+07:00,0.03,0.027,-0.003
2026-07-28T21:32:40.609299+07:00,-0.027,-0.026,0.001
2026-07-28T21:32:40.613299+07:00,-0.034,-0.033,0.001
2026-07-28T21:32:40.617299+07:00,-0.029,-0.029,-0.0
2026-07-28T21:32:40.621299+07:00,-0.089,-0.084,0.006
2026-07-28T21:32:40.625299+07:00,-0.042,-0.041,0.001
2026-07-28T21:32:40.629299+07:00,-0.023,-0.024,-0.001
2026-07-28T21:32:40.633299+07:00,-0.007,-0.01,-0.003
2026-07-28T21:32:40.637299+07:00,-0.032,-0.032,-0.0
2026-07-28T21:32:40.641299+07:00,-0.057,-0.056,0.001
2026-07-28T21:32:40.645299+07:00,-0.061,-0.063,-0.002
2026-07-28T21:32:40.649299+07:00,-0.075,-0.08,-0.004
2026-07-28T21:32:40.653299+07:00,-0.033,-0.037,-0.004
2026-07-28T21:32:40.657299+07:00,-0.03,-0.027,0.003
2026-07-28T21:32:40.661299+07:00,0.034,0.046,0.012
2026-07-28T21:32:40.665299+07:00,0.089,0.144,0.055
2026-07-28T21:32:40.669299+07:00,0.254,0.401,0.148
2026-07-28T21:32:40.673299+07:00,0.524,0.803,0.279
2026-07-28T21:32:40.677299+07:00,0.745,1.128,0.383
2026-07-28T21:32:40.681299+07:00,0.719,1.103,0.385
2026-07-28T21:32:40.685299+07:00,0.526,0.802,0.276
2026-07-28T21:32:40.689299+07:00,0.272,0.411,0.139
2026-07-28T21:32:40.693299+07:00,0.043,0.09,0.047
2026-07-28T21:32:40.697299+07:00,-0.067,-0.066,0.001
2026-07-28T21:32:40.701299+07:00,-0.134,-0.15,-0.016
2026-07-28T21:32:40.705299+07:00,-0.172,-0.195,-0.023
2026-07-28T21:32:40.709299+07:00,-0.17,-0.197,-0.026
2026-07-28T21:32:40.713299+07:00,-0.138,-0.165,-0.027
2026-07-28T21:32:40.717299+07:00,-0.164,-0.181,-0.017
2026-07-28T21:32:40.721299+07:00,-0.101,-0.116,-0.014
2026-07-28T21:32:40.725299+07:00,-0.049,-0.06,-0.011
2026-07-28T21:32:40.729299+07:00,-0.056,-0.06,-0.005
2026-07-28T21:32:40.733299+07:00,0.012,0.004,-0.008
2026-07-28T21:32:40.737299+07:00,-0.057,-0.056,0.001
2026-07-28T21:32:40.741299+07:00,-0.019,-0.021,-0.002
2026-07-28T21:32:40.745299+07:00,0.008,0.004,-0.004
2026-07-28T21:32:40.749299+07:00,-0.039,-0.038,0.001
2026-07-28T21:32:40.753299+07:00,-0.012,-0.014,-0.002
2026-07-28T21:32:40.757299+07:00,-0.069,-0.065,0.004
2026-07-28T21:32:40.761299+07:00,-0.083,-0.078,0.005
2026-07-28T21:32:40.765299+07:00,-0.047,-0.045,0.002
2026-07-28T21:32:40.769299+07:00,-0.069,-0.065,0.004
2026-07-28T21:32:40.773299+07:00,-0.008,-0.01,-0.002
2026-07-28T21:32:40.777299+07:00,-0.008,-0.01,-0.002
2026-07-28T21:32:40.781299+07:00,-0.007,-0.01,-0.002
2026-07-28T21:32:40.785299+07:00,-0.047,-0.046,0.002
2026-07-28T21:32:40.789299+07:00,-0.037,-0.036,0.001
2026-07-28T21:32:40.793299+07:00,-0.027,-0.028,-0.0
2026-07-28T21:32:40.797299+07:00,-0.05,-0.048,0.002
2026-07-28T21:32:40.801299+07:00,-0.014,-0.015,-0.001
2026-07-28T21:32:40.805299+07:00,-0.007,-0.009,-0.001
2026-07-28T21:32:40.809299+07:00,-0.016,-0.016,-0.0
2026-07-28T21:32:40.813299+07:00,-0.062,-0.057,0.005
2026-07-28T21:32:40.817299+07:00,-0.021,-0.02,0.002
2026-07-28T21:32:40.821299+07:00,0.004,0.004,0.0
2026-07-28T21:32:40.825299+07:00,-0.008,-0.006,0.003
2026-07-28T21:32:40.829299+07:00,0.002,0.005,0.003
2026-07-28T21:32:40.833299+07:00,-0.03,-0.022,0.008
2026-07-28T21:32:40.837299+07:00,-0.003,0.005,0.007
2026-07-28T21:32:40.841299+07:00,-0.03,-0.017,0.012
2026-07-28T21:32:40.845299+07:00,-0.002,0.01,0.012
2026-07-28T21:32:40.849299+07:00,0.011,0.024,0.013
2026-07-28T21:32:40.853299+07:00,0.042,0.054,0.013
2026-07-28T21:32:40.857299+07:00,0.049,0.064,0.014
2026-07-28T21:32:40.861299+07:00,0.027,0.046,0.019
2026-07-28T21:32:40.865299+07:00,0.073,0.09,0.016
2026-07-28T21:32:40.869299+07:00,0.05,0.07,0.02
2026-07-28T21:32:40.873299+07:00,0.072,0.091,0.019
2026-07-28T21:32:40.877299+07:00,0.067,0.088,0.02
2026-07-28T21:32:40.881299+07:00,0.083,0.102,0.019
2026-07-28T21:32:40.885299+07:00,0.072,0.091,0.019
2026-07-28T21:32:40.889299+07:00,0.055,0.075,0.02
2026-07-28T21:32:40.893299+07:00,0.079,0.095,0.016
2026-07-28T21:32:40.897299+07:00,0.07,0.085,0.015
2026-07-28T21:32:40.901299+07:00,0.072,0.084,0.012
2026-07-28T21:32:40.905299+07:00,0.032,0.046,0.014
2026-07-28T21:32:40.909299+07:00,0.006,0.02,0.014
2026-07-28T21:32:40.913299+07:00,0.0,0.012,0.012
2026-07-28T21:32:40.917299+07:00,0.017,0.025,0.008
2026-07-28T21:32:40.921299+07:00,0.006,0.012,0.007
2026-07-28T21:32:40.925299+07:00,-0.001,0.005,0.006
2026-07-28T21:32:40.929299+07:00,0.003,0.006,0.003
2026-07-28T21:32:40.933299+07:00,0.017,0.017,0.001
2026-07-28T21:32:40.937299+07:00,-0.046,-0.04,0.006
2026-07-28T21:32:40.941299+07:00,0.018,0.017,-0.002
2026-07-28T21:32:40.945299+07:00,-0.015,-0.014,0.001
2026-07-28T21:32:40.949299+07:00,-0.037,-0.035,0.003
2026-07-28T21:32:40.953299+07:00,-0.022,-0.022,0.001
2026-07-28T21:32:40.957299+07:00,-0.012,-0.012,-0.001
2026-07-28T21:32:40.961299+07:00,-0.019,-0.019,-0.0
2026-07-28T21:32:40.965299+07:00,-0.01,-0.011,-0.001
2026-07-28T21:32:40.969299+07:00,-0.042,-0.04,0.002
2026-07-28T21:32:40.973299+07:00,-0.024,-0.023,0.0
2026-07-28T21:32:40.977299+07:00,-0.023,-0.023,-0.0
2026-07-28T21:32:40.981299+07:00,-0.005,-0.007,-0.002
2026-07-28T21:32:40.985299+07:00,-0.028,-0.028,0.001
2026-07-28T21:32:40.989299+07:00,0.017,0.013,-0.004
2026-07-28T21:32:40.993299+07:00,-0.039,-0.037,0.002
2026-07-28T21:32:40.997299+07:00,0.001,-0.001,-0.002
2026-07-28T21:32:41.001299+07:00,0.01,0.007,-0.003
2026-07-28T21:32:41.005299+07:00,-0.023,-0.023,0.0
2026-07-28T21:32:41.009299+07:00,-0.017,-0.017,-0.001
2026-07-28T21:32:41.013299+07:00,-0.01,-0.011,-0.001
2026-07-28T21:32:41.017299+07:00,-0.028,-0.027,0.001
2026-07-28T21:32:41.021299+07:00,-0.06,-0.056,0.004
2026-07-28T21:32:41.025299+07:00,-0.024,-0.024,0.0
2026-07-28T21:32:41.029299+07:00,-0.029,-0.028,0.001
2026-07-28T21:32:41.033299+07:00,-0.001,-0.003,-0.002
2026-07-28T21:32:41.037299+07:00,-0.028,-0.027,0.001
2026-07-28T21:32:41.041299+07:00,0.003,0.001,-0.002
2026-07-28T21:32:41.045299+07:00,-0.002,-0.004,-0.002
2026-07-28T21:32:41.049299+07:00,-0.048,-0.045,0.003
2026-07-28T21:32:41.053299+07:00,-0.006,-0.008,-0.001
2026-07-28T21:32:41.057299+07:00,-0.054,-0.051,0.003
2026-07-28T21:32:41.061299+07:00,0.023,0.019,-0.004
2026-07-28T21:32:41.065299+07:00,-0.043,-0.04,0.002
2026-07-28T21:32:41.069299+07:00,-0.029,-0.028,0.001
2026-07-28T21:32:41.073299+07:00,-0.012,-0.013,-0.001
2026-07-28T21:32:41.077299+07:00,-0.022,-0.022,0.0
2026-07-28T21:32:41.081299+07:00,-0.008,-0.009,-0.001
2026-07-28T21:32:41.085299+07:00,-0.01,-0.011,-0.001
2026-07-28T21:32:41.089299+07:00,0.016,0.012,-0.003
2026-07-28T21:32:41.093299+07:00,-0.052,-0.048,0.003
2026-07-28T21:32:41.097299+07:00,-0.045,-0.042,0.003
2026-07-28T21:32:41.101299+07:00,-0.039,-0.037,0.002
2026-07-28T21:32:41.105299+07:00,-0.005,-0.006,-0.001
2026-07-28T21:32:41.109299+07:00,-0.025,-0.024,0.001
2026-07-28T21:32:41.113299+07:00,-0.006,-0.007,-0.001
2026-07-28T21:32:41.117299+07:00,-0.033,-0.031,0.002
2026-07-28T21:32:41.121299+07:00,0.0,-0.002,-0.002
2026-07-28T21:32:41.125299+07:00,-0.041,-0.038,0.002
2026-07-28T21:32:41.129299+07:00,-0.001,-0.003,-0.002
2026-07-28T21:32:41.133299+07:00,0.019,0.015,-0.004
2026-07-28T21:32:41.137299+07:00,-0.016,-0.016,-0.0
2026-07-28T21:32:41.141299+07:00,-0.038,-0.036,0.002
2026-07-28T21:32:41.145299+07:00,-0.02,-0.02,0.0
2026-07-28T21:32:41.149299+07:00,-0.023,-0.022,0.001
2026-07-28T21:32:41.153299+07:00,-0.037,-0.035,0.002
2026-07-28T21:32:41.157299+07:00,-0.018,-0.018,0.0
2026-07-28T21:32:41.161299+07:00,-0.035,-0.033,0.002
2026-07-28T21:32:41.165299+07:00,-0.037,-0.035,0.002
2026-07-28T21:32:41.169299+07:00,0.01,0.007,-0.003
2026-07-28T21:32:41.173299+07:00,-0.017,-0.017,0.0
2026-07-28T21:32:41.177299+07:00,-0.045,-0.042,0.003
2026-07-28T21:32:41.181299+07:00,-0.016,-0.016,0.0
2026-07-28T21:32:41.185299+07:00,-0.002,-0.003,-0.001
2026-07-28T21:32:41.189299+07:00,-0.0,-0.002,-0.001
2026-07-28T21:32:41.193299+07:00,-0.034,-0.032,0.002
2026-07-28T21:32:41.197299+07:00,-0.003,-0.004,-0.001
2026-07-28T21:32:41.201299+07:00,-0.019,-0.019,0.001
2026-07-28T21:32:41.205299+07:00,0.012,0.009,-0.003
2026-07-28T21:32:41.209299+07:00,-0.029,-0.028,0.002
2026-07-28T21:32:41.213299+07:00,-0.036,-0.033,0.002
2026-07-28T21:32:41.217299+07:00,-0.01,-0.01,-0.0
2026-07-28T21:32:41.221299+07:00,-0.007,-0.007,-0.001
2026-07-28T21:32:41.225299+07:00,-0.021,-0.02,0.001
2026-07-28T21:32:41.229299+07:00,-0.042,-0.039,0.003
2026-07-28T21:32:41.233299+07:00,-0.029,-0.027,0.002
2026-07-28T21:32:41.237299+07:00,-0.018,-0.017,0.001
2026-07-28T21:32:41.241299+07:00,-0.023,-0.022,0.001
2026-07-28T21:32:41.245299+07:00,-0.001,-0.002,-0.001
2026-07-28T21:32:41.249299+07:00,-0.025,-0.024,0.001
2026-07-28T21:32:41.253299+07:00,-0.001,-0.002,-0.001
2026-07-28T21:32:41.257299+07:00,-0.002,-0.003,-0.001
2026-07-28T21:32:41.261299+07:00,0.002,0.001,-0.001
2026-07-28T21:32:41.265299+07:00,-0.046,-0.042,0.003
2026-07-28T21:32:41.269299+07:00,0.019,0.016,-0.003
2026-07-28T21:32:41.273299+07:00,-0.017,-0.016,0.001
2026-07-28T21:32:41.277299+07:00,0.007,0.005,-0.002
2026-07-28T21:32:41.281299+07:00,-0.005,-0.006,-0.0
2026-07-28T21:32:41.285299+07:00,-0.014,-0.014,0.0
2026-07-28T21:32:41.289299+07:00,0.003,0.001,-0.001
2026-07-28T21:32:41.293299+07:00,-0.018,-0.017,0.001
2026-07-28T21:32:41.297299+07:00,-0.028,-0.026,0.002
2026-07-28T21:32:41.301299+07:00,0.017,0.015,-0.003
2026-07-28T21:32:41.305299+07:00,-0.023,-0.022,0.001
2026-07-28T21:32:41.309299+07:00,-0.01,-0.01,0.0
2026-07-28T21:32:41.313299+07:00,-0.032,-0.03,0.002
2026-07-28T21:32:41.317299+07:00,-0.019,-0.018,0.001
2026-07-28T21:32:41.321299+07:00,0.001,-0.0,-0.001
2026-07-28T21:32:41.325299+07:00,-0.008,-0.008,-0.0
2026-07-28T21:32:41.329299+07:00,0.007,0.006,-0.001
2026-07-28T21:32:41.333299+07:00,-0.022,-0.021,0.002
2026-07-28T21:32:41.337299+07:00,-0.007,-0.007,0.0
2026-07-28T21:32:41.341299+07:00,-0.015,-0.014,0.001
2026-07-28T21:32:41.345299+07:00,0.01,0.009,-0.001
2026-07-28T21:32:41.349299+07:00,-0.008,-0.006,0.002
2026-07-28T21:32:41.353299+07:00,0.021,0.022,0.001
2026-07-28T21:32:41.357299+07:00,0.013,0.018,0.004
2026-07-28T21:32:41.361299+07:00,-0.001,0.007,0.009
2026-07-28T21:32:41.365299+07:00,0.025,0.035,0.01
2026-07-28T21:32:41.369299+07:00,0.029,0.041,0.013
2026-07-28T21:32:41.373299+07:00,0.057,0.07,0.013
2026-07-28T21:32:41.377299+07:00,0.038,0.054,0.016
2026-07-28T21:32:41.381299+07:00,0.055,0.069,0.015
2026-07-28T21:32:41.385299+07:00,0.027,0.043,0.016
2026-07-28T21:32:41.389299+07:00,0.042,0.054,0.011
2026-07-28T21:32:41.393299+07:00,0.013,0.024,0.011
2026-07-28T21:32:41.397299+07:00,0.009,0.017,0.008
2026-07-28T21:32:41.401299+07:00,0.017,0.021,0.004
2026-07-28T21:32:41.405299+07:00,0.021,0.022,0.001
2026-07-28T21:32:41.409299+07:00,-0.007,-0.004,0.002
2026-07-28T21:32:41.413299+07:00,-0.014,-0.012,0.002
2026-07-28T21:32:41.417299+07:00,-0.015,-0.014,0.002
2026-07-28T21:32:41.421299+07:00,-0.047,-0.043,0.005
2026-07-28T21:32:41.425299+07:00,-0.029,-0.027,0.003
2026-07-28T21:32:41.429299+07:00,0.003,0.002,-0.001
2026-07-28T21:32:41.433299+07:00,-0.011,-0.011,0.001
2026-07-28T21:32:41.437299+07:00,-0.028,-0.026,0.003
2026-07-28T21:32:41.441299+07:00,0.015,0.013,-0.002
2026-07-28T21:32:41.445299+07:00,-0.023,-0.025,-0.002
2026-07-28T21:32:41.449299+07:00,-0.006,-0.014,-0.008
2026-07-28T21:32:41.453299+07:00,-0.045,-0.044,0.0
2026-07-28T21:32:41.457299+07:00,0.015,0.016,0.001
2026-07-28T21:32:41.461299+07:00,0.032,0.047,0.015
2026-07-28T21:32:41.465299+07:00,0.092,0.15,0.058
2026-07-28T21:32:41.469299+07:00,0.291,0.438,0.147
2026-07-28T21:32:41.473299+07:00,0.547,0.827,0.28
2026-07-28T21:32:41.477299+07:00,0.765,1.149,0.384
2026-07-28T21:32:41.481299+07:00,0.798,1.178,0.38
2026-07-28T21:32:41.485299+07:00,0.568,0.843,0.275
2026-07-28T21:32:41.489299+07:00,0.287,0.428,0.141
2026-07-28T21:32:41.493299+07:00,0.041,0.092,0.051
2026-07-28T21:32:41.497299+07:00,-0.074,-0.069,0.005
2026-07-28T21:32:41.501299+07:00,-0.093,-0.11,-0.017
2026-07-28T21:32:41.505299+07:00,-0.143,-0.166,-0.022
2026-07-28T21:32:41.509299+07:00,-0.125,-0.152,-0.027
2026-07-28T21:32:41.513299+07:00,-0.147,-0.17,-0.022
2026-07-28T21:32:41.517299+07:00,-0.122,-0.14,-0.018
2026-07-28T21:32:41.521299+07:00,-0.093,-0.105,-0.012
2026-07-28T21:32:41.525299+07:00,-0.036,-0.045,-0.009
2026-07-28T21:32:41.529299+07:00,-0.037,-0.04,-0.003
2026-07-28T21:32:41.533299+07:00,0.001,-0.002,-0.003
2026-07-28T21:32:41.537299+07:00,0.008,0.006,-0.002
2026-07-28T21:32:41.541299+07:00,-0.003,-0.003,0.0
2026-07-28T21:32:41.545299+07:00,-0.004,-0.004,0.001
2026-07-28T21:32:41.549299+07:00,0.045,0.04,-0.004
2026-07-28T21:32:41.553299+07:00,-0.03,-0.026,0.003
2026-07-28T21:32:41.557299+07:00,0.015,0.014,-0.001
2026-07-28T21:32:41.561299+07:00,0.036,0.033,-0.003
2026-07-28T21:32:41.565299+07:00,0.02,0.018,-0.002
2026-07-28T21:32:41.569299+07:00,0.005,0.005,-0.0
2026-07-28T21:32:41.573299+07:00,-0.001,-0.0,0.0
2026-07-28T21:32:41.577299+07:00,-0.009,-0.008,0.001
2026-07-28T21:32:41.581299+07:00,-0.022,-0.02,0.003
2026-07-28T21:32:41.585299+07:00,0.013,0.012,-0.001
2026-07-28T21:32:41.589299+07:00,0.011,0.011,-0.0
2026-07-28T21:32:41.593299+07:00,-0.009,-0.007,0.002
2026-07-28T21:32:41.597299+07:00,0.031,0.029,-0.002
2026-07-28T21:32:41.601299+07:00,-0.016,-0.013,0.003
2026-07-28T21:32:41.605299+07:00,0.018,0.018,-0.0
2026-07-28T21:32:41.609299+07:00,-0.017,-0.014,0.004
2026-07-28T21:32:41.613299+07:00,0.042,0.04,-0.002
2026-07-28T21:32:41.617299+07:00,-0.012,-0.008,0.005
2026-07-28T21:32:41.621299+07:00,0.01,0.014,0.003
2026-07-28T21:32:41.625299+07:00,0.044,0.045,0.001
2026-07-28T21:32:41.629299+07:00,0.057,0.058,0.001
2026-07-28T21:32:41.633299+07:00,0.028,0.034,0.006
2026-07-28T21:32:41.637299+07:00,0.037,0.044,0.007
2026-07-28T21:32:41.641299+07:00,0.081,0.085,0.005
2026-07-28T21:32:41.645299+07:00,0.061,0.071,0.009
2026-07-28T21:32:41.649299+07:00,0.082,0.092,0.01
2026-07-28T21:32:41.653299+07:00,0.026,0.044,0.018
2026-07-28T21:32:41.657299+07:00,0.088,0.102,0.014
2026-07-28T21:32:41.661299+07:00,0.093,0.109,0.016
2026-07-28T21:32:41.665299+07:00,0.096,0.114,0.018
2026-07-28T21:32:41.669299+07:00,0.087,0.108,0.02
2026-07-28T21:32:41.673299+07:00,0.131,0.148,0.017
2026-07-28T21:32:41.677299+07:00,0.108,0.128,0.02
2026-07-28T21:32:41.681299+07:00,0.12,0.139,0.019
2026-07-28T21:32:41.685299+07:00,0.094,0.115,0.021
2026-07-28T21:32:41.689299+07:00,0.125,0.141,0.017
2026-07-28T21:32:41.693299+07:00,0.087,0.106,0.019
2026-07-28T21:32:41.697299+07:00,0.124,0.137,0.013
2026-07-28T21:32:41.701299+07:00,0.09,0.104,0.014
2026-07-28T21:32:41.705299+07:00,0.082,0.095,0.012
2026-07-28T21:32:41.709299+07:00,0.083,0.093,0.01
2026-07-28T21:32:41.713299+07:00,0.061,0.07,0.01
2026-07-28T21:32:41.717299+07:00,0.043,0.052,0.009
2026-07-28T21:32:41.721299+07:00,0.034,0.042,0.008
2026-07-28T21:32:41.725299+07:00,0.042,0.047,0.005
2026-07-28T21:32:41.729299+07:00,0.021,0.026,0.005
2026-07-28T21:32:41.733299+07:00,0.043,0.045,0.002
2026-07-28T21:32:41.737299+07:00,0.007,0.011,0.004
2026-07-28T21:32:41.741299+07:00,-0.01,-0.005,0.005
2026-07-28T21:32:41.745299+07:00,0.051,0.049,-0.002
2026-07-28T21:32:41.749299+07:00,-0.017,-0.013,0.004
2026-07-28T21:32:41.753299+07:00,0.027,0.027,-0.001
2026-07-28T21:32:41.757299+07:00,0.053,0.05,-0.003
2026-07-28T21:32:41.761299+07:00,0.033,0.031,-0.002
2026-07-28T21:32:41.765299+07:00,-0.048,-0.042,0.006
2026-07-28T21:32:41.769299+07:00,-0.025,-0.021,0.004
2026-07-28T21:32:41.773299+07:00,-0.001,0.001,0.002
2026-07-28T21:32:41.777299+07:00,0.034,0.032,-0.002
2026-07-28T21:32:41.781299+07:00,0.007,0.008,0.001
2026-07-28T21:32:41.785299+07:00,-0.009,-0.007,0.002
2026-07-28T21:32:41.789299+07:00,0.029,0.028,-0.002
2026-07-28T21:32:41.793299+07:00,-0.018,-0.015,0.003
2026-07-28T21:32:41.797299+07:00,0.011,0.011,0.0
2026-07-28T21:32:41.801299+07:00,-0.005,-0.003,0.002
2026-07-28T21:32:41.805299+07:00,0.04,0.038,-0.003
2026-07-28T21:32:41.809299+07:00,0.023,0.022,-0.001
2026-07-28T21:32:41.813299+07:00,0.011,0.011,0.0
2026-07-28T21:32:41.817299+07:00,0.001,0.003,0.001
2026-07-28T21:32:41.821299+07:00,0.027,0.026,-0.001
2026-07-28T21:32:41.825299+07:00,0.032,0.03,-0.002
2026-07-28T21:32:41.829299+07:00,0.009,0.01,0.001
2026-07-28T21:32:41.833299+07:00,0.017,0.017,-0.0
2026-07-28T21:32:41.837299+07:00,0.057,0.053,-0.004
2026-07-28T21:32:41.841299+07:00,0.005,0.006,0.001
2026-07-28T21:32:41.845299+07:00,0.042,0.039,-0.003
2026-07-28T21:32:41.849299+07:00,0.055,0.051,-0.004
2026-07-28T21:32:41.853299+07:00,0.022,0.021,-0.001
2026-07-28T21:32:41.857299+07:00,0.029,0.028,-0.001
2026-07-28T21:32:41.861299+07:00,0.02,0.02,-0.0
2026-07-28T21:32:41.865299+07:00,0.019,0.018,-0.0
2026-07-28T21:32:41.869299+07:00,0.016,0.016,0.0
2026-07-28T21:32:41.873299+07:00,0.02,0.02,-0.0
2026-07-28T21:32:41.877299+07:00,0.01,0.011,0.001
2026-07-28T21:32:41.881299+07:00,0.034,0.032,-0.002
2026-07-28T21:32:41.885299+07:00,0.023,0.022,-0.0
2026-07-28T21:32:41.889299+07:00,0.01,0.01,0.001
2026-07-28T21:32:41.893299+07:00,0.031,0.029,-0.001
2026-07-28T21:32:41.897299+07:00,-0.002,0.0,0.002
2026-07-28T21:32:41.901299+07:00,0.031,0.03,-0.001
2026-07-28T21:32:41.905299+07:00,0.024,0.024,-0.001
2026-07-28T21:32:41.909299+07:00,0.018,0.018,0.0
2026-07-28T21:32:41.913299+07:00,0.025,0.024,-0.001
2026-07-28T21:32:41.917299+07:00,0.051,0.047,-0.003
2026-07-28T21:32:41.921299+07:00,-0.003,-0.001,0.002
2026-07-28T21:32:41.925299+07:00,0.015,0.015,0.0
2026-07-28T21:32:41.929299+07:00,-0.001,0.001,0.002
2026-07-28T21:32:41.933299+07:00,0.024,0.024,-0.0
2026-07-28T21:32:41.937299+07:00,0.021,0.021,-0.0
2026-07-28T21:32:41.941299+07:00,0.015,0.016,0.001
2026-07-28T21:32:41.945299+07:00,-0.006,-0.003,0.003
2026-07-28T21:32:41.949299+07:00,0.043,0.041,-0.002
2026-07-28T21:32:41.953299+07:00,0.028,0.027,-0.001
2026-07-28T21:32:41.957299+07:00,-0.016,-0.012,0.004
2026-07-28T21:32:41.961299+07:00,0.014,0.015,0.001
2026-07-28T21:32:41.965299+07:00,0.023,0.023,-0.0
2026-07-28T21:32:41.969299+07:00,0.057,0.053,-0.004
2026-07-28T21:32:41.973299+07:00,0.041,0.039,-0.002
2026-07-28T21:32:41.977299+07:00,0.008,0.01,0.001
2026-07-28T21:32:41.981299+07:00,0.04,0.038,-0.002
2026-07-28T21:32:41.985299+07:00,0.018,0.019,0.0
2026-07-28T21:32:41.989299+07:00,0.01,0.011,0.001
2026-07-28T21:32:41.993299+07:00,0.026,0.025,-0.0
2026-07-28T21:32:41.997299+07:00,0.017,0.017,0.001
2026-07-28T21:32:42.001299+07:00,0.007,0.009,0.002
2026-07-28T21:32:42.005299+07:00,0.031,0.03,-0.001
2026-07-28T21:32:42.009299+07:00,-0.012,-0.009,0.004
2026-07-28T21:32:42.013299+07:00,0.046,0.044,-0.002
2026-07-28T21:32:42.017299+07:00,0.028,0.028,-0.0
2026-07-28T21:32:42.021299+07:00,0.068,0.064,-0.004
2026-07-28T21:32:42.025299+07:00,0.012,0.013,0.001
2026-07-28T21:32:42.029299+07:00,0.068,0.064,-0.004
2026-07-28T21:32:42.033299+07:00,0.045,0.043,-0.002
2026-07-28T21:32:42.037299+07:00,0.029,0.028,-0.0
2026-07-28T21:32:42.041299+07:00,0.049,0.046,-0.002
2026-07-28T21:32:42.045299+07:00,-0.004,-0.002,0.003
2026-07-28T21:32:42.049299+07:00,0.022,0.022,0.0
2026-07-28T21:32:42.053299+07:00,0.002,0.005,0.002
2026-07-28T21:32:42.057299+07:00,0.012,0.013,0.001
2026-07-28T21:32:42.061299+07:00,0.05,0.047,-0.002
2026-07-28T21:32:42.065299+07:00,0.016,0.017,0.001
2026-07-28T21:32:42.069299+07:00,0.04,0.038,-0.001
2026-07-28T21:32:42.073299+07:00,0.012,0.013,0.001
2026-07-28T21:32:42.077299+07:00,0.038,0.037,-0.001
2026-07-28T21:32:42.081299+07:00,0.019,0.02,0.001
2026-07-28T21:32:42.085299+07:00,0.027,0.027,-0.0
2026-07-28T21:32:42.089299+07:00,0.031,0.031,-0.0
2026-07-28T21:32:42.093299+07:00,0.04,0.039,-0.001
2026-07-28T21:32:42.097299+07:00,0.01,0.011,0.002
2026-07-28T21:32:42.101299+07:00,0.033,0.032,-0.001
2026-07-28T21:32:42.105299+07:00,0.045,0.043,-0.002
2026-07-28T21:32:42.109299+07:00,0.033,0.033,-0.001
2026-07-28T21:32:42.113299+07:00,0.014,0.015,0.001
2026-07-28T21:32:42.117299+07:00,-0.018,-0.014,0.005
2026-07-28T21:32:42.121299+07:00,0.024,0.025,0.0
2026-07-28T21:32:42.125299+07:00,0.022,0.023,0.001
2026-07-28T21:32:42.129299+07:00,0.021,0.022,0.001
2026-07-28T21:32:42.133299+07:00,0.061,0.057,-0.003
2026-07-28T21:32:42.137299+07:00,0.027,0.028,0.0
2026-07-28T21:32:42.141299+07:00,0.02,0.022,0.001
2026-07-28T21:32:42.145299+07:00,0.034,0.035,0.001
2026-07-28T21:32:42.149299+07:00,0.045,0.046,0.001
2026-07-28T21:32:42.153299+07:00,0.041,0.044,0.003
2026-07-28T21:32:42.157299+07:00,0.059,0.063,0.003
2026-07-28T21:32:42.161299+07:00,0.058,0.064,0.006
2026-07-28T21:32:42.165299+07:00,0.081,0.089,0.008
2026-07-28T21:32:42.169299+07:00,0.051,0.065,0.014
2026-07-28T21:32:42.173299+07:00,0.115,0.125,0.011
2026-07-28T21:32:42.177299+07:00,0.069,0.086,0.017
2026-07-28T21:32:42.181299+07:00,0.07,0.086,0.017
2026-07-28T21:32:42.185299+07:00,0.102,0.114,0.012
2026-07-28T21:32:42.189299+07:00,0.047,0.061,0.015
2026-07-28T21:32:42.193299+07:00,0.051,0.061,0.011
2026-07-28T21:32:42.197299+07:00,0.082,0.086,0.004
2026-07-28T21:32:42.201299+07:00,0.031,0.037,0.006
2026-07-28T21:32:42.205299+07:00,0.053,0.055,0.002
2026-07-28T21:32:42.209299+07:00,0.036,0.038,0.002
2026-07-28T21:32:42.213299+07:00,0.027,0.029,0.002
2026-07-28T21:32:42.217299+07:00,0.011,0.014,0.003
2026-07-28T21:32:42.221299+07:00,0.038,0.038,-0.0
2026-07-28T21:32:42.225299+07:00,0.046,0.045,-0.001
2026-07-28T21:32:42.229299+07:00,0.032,0.032,-0.0
2026-07-28T21:32:42.233299+07:00,0.028,0.028,0.0
2026-07-28T21:32:42.237299+07:00,0.032,0.032,0.0
2026-07-28T21:32:42.241299+07:00,0.017,0.018,0.001
2026-07-28T21:32:42.245299+07:00,0.005,0.003,-0.002
2026-07-28T21:32:42.249299+07:00,0.036,0.027,-0.009
2026-07-28T21:32:42.253299+07:00,0.029,0.026,-0.004
2026-07-28T21:32:42.257299+07:00,0.005,0.011,0.006
2026-07-28T21:32:42.261299+07:00,0.081,0.095,0.014
2026-07-28T21:32:42.265299+07:00,0.137,0.194,0.057
2026-07-28T21:32:42.269299+07:00,0.326,0.473,0.147
2026-07-28T21:32:42.273299+07:00,0.596,0.874,0.279
2026-07-28T21:32:42.277299+07:00,0.825,1.207,0.382
2026-07-28T21:32:42.281299+07:00,0.809,1.192,0.382
2026-07-28T21:32:42.285299+07:00,0.6,0.875,0.275
2026-07-28T21:32:42.289299+07:00,0.284,0.429,0.145
2026-07-28T21:32:42.293299+07:00,0.133,0.178,0.045
2026-07-28T21:32:42.297299+07:00,0.004,0.005,0.001
2026-07-28T21:32:42.301299+07:00,-0.052,-0.07,-0.018
2026-07-28T21:32:42.305299+07:00,-0.094,-0.118,-0.024
2026-07-28T21:32:42.309299+07:00,-0.064,-0.094,-0.03
2026-07-28T21:32:42.313299+07:00,-0.127,-0.148,-0.021
2026-07-28T21:32:42.317299+07:00,-0.09,-0.107,-0.018
2026-07-28T21:32:42.321299+07:00,-0.023,-0.038,-0.015
2026-07-28T21:32:42.325299+07:00,-0.035,-0.041,-0.006
2026-07-28T21:32:42.329299+07:00,0.001,-0.003,-0.003
2026-07-28T21:32:42.333299+07:00,0.01,0.009,-0.001
2026-07-28T21:32:42.337299+07:00,0.035,0.034,-0.001
2026-07-28T21:32:42.341299+07:00,0.029,0.029,0.0
2026-07-28T21:32:42.345299+07:00,0.058,0.056,-0.002
2026-07-28T21:32:42.349299+07:00,0.047,0.046,-0.001
2026-07-28T21:32:42.353299+07:00,0.03,0.03,0.001
2026-07-28T21:32:42.357299+07:00,0.067,0.064,-0.003
2026-07-28T21:32:42.361299+07:00,0.043,0.042,-0.001
2026-07-28T21:32:42.365299+07:00,0.024,0.025,0.001
2026-07-28T21:32:42.369299+07:00,0.016,0.018,0.002
2026-07-28T21:32:42.373299+07:00,0.05,0.049,-0.001
2026-07-28T21:32:42.377299+07:00,0.038,0.038,-0.0
2026-07-28T21:32:42.381299+07:00,0.021,0.022,0.002
2026-07-28T21:32:42.385299+07:00,0.002,0.006,0.004
2026-07-28T21:32:42.389299+07:00,0.012,0.015,0.003
2026-07-28T21:32:42.393299+07:00,-0.003,0.001,0.004
2026-07-28T21:32:42.397299+07:00,0.016,0.018,0.003
2026-07-28T21:32:42.401299+07:00,0.05,0.049,-0.001
2026-07-28T21:32:42.405299+07:00,0.041,0.042,0.001
2026-07-28T21:32:42.409299+07:00,0.038,0.039,0.001
2026-07-28T21:32:42.413299+07:00,0.031,0.034,0.003
2026-07-28T21:32:42.417299+07:00,0.031,0.035,0.003
2026-07-28T21:32:42.421299+07:00,0.051,0.053,0.002
2026-07-28T21:32:42.425299+07:00,0.031,0.037,0.006
2026-07-28T21:32:42.429299+07:00,0.067,0.071,0.003
2026-07-28T21:32:42.433299+07:00,0.073,0.078,0.005
2026-07-28T21:32:42.437299+07:00,0.061,0.068,0.008
2026-07-28T21:32:42.441299+07:00,0.095,0.102,0.007
2026-07-28T21:32:42.445299+07:00,0.064,0.076,0.012
2026-07-28T21:32:42.449299+07:00,0.109,0.119,0.01
2026-07-28T21:32:42.453299+07:00,0.078,0.094,0.016
2026-07-28T21:32:42.457299+07:00,0.123,0.137,0.014
2026-07-28T21:32:42.461299+07:00,0.122,0.138,0.016
2026-07-28T21:32:42.465299+07:00,0.134,0.151,0.017
2026-07-28T21:32:42.469299+07:00,0.169,0.185,0.015
2026-07-28T21:32:42.473299+07:00,0.14,0.159,0.019
2026-07-28T21:32:42.477299+07:00,0.122,0.144,0.022
2026-07-28T21:32:42.481299+07:00,0.122,0.144,0.022
2026-07-28T21:32:42.485299+07:00,0.153,0.171,0.018
2026-07-28T21:32:42.489299+07:00,0.153,0.17,0.017
2026-07-28T21:32:42.493299+07:00,0.116,0.135,0.019
2026-07-28T21:32:42.497299+07:00,0.076,0.097,0.021
2026-07-28T21:32:42.501299+07:00,0.131,0.144,0.013
2026-07-28T21:32:42.505299+07:00,0.14,0.15,0.01
2026-07-28T21:32:42.509299+07:00,0.078,0.091,0.013
2026-07-28T21:32:42.513299+07:00,0.097,0.106,0.009
2026-07-28T21:32:42.517299+07:00,0.026,0.04,0.014
2026-07-28T21:32:42.521299+07:00,0.082,0.088,0.006
2026-07-28T21:32:42.525299+07:00,0.039,0.047,0.008
2026-07-28T21:32:42.529299+07:00,0.05,0.055,0.005
2026-07-28T21:32:42.533299+07:00,0.029,0.035,0.006
2026-07-28T21:32:42.537299+07:00,0.067,0.068,0.001
2026-07-28T21:32:42.541299+07:00,0.092,0.09,-0.002
2026-07-28T21:32:42.545299+07:00,0.052,0.053,0.001
2026-07-28T21:32:42.549299+07:00,0.066,0.065,-0.001
2026-07-28T21:32:42.553299+07:00,0.042,0.043,0.001
2026-07-28T21:32:42.557299+07:00,0.071,0.069,-0.002
2026-07-28T21:32:42.561299+07:00,0.047,0.047,0.0
2026-07-28T21:32:42.565299+07:00,0.029,0.03,0.002
2026-07-28T21:32:42.569299+07:00,0.04,0.04,0.0
2026-07-28T21:32:42.573299+07:00,0.028,0.03,0.002
2026-07-28T21:32:42.577299+07:00,0.025,0.027,0.002
2026-07-28T21:32:42.581299+07:00,0.073,0.07,-0.003
2026-07-28T21:32:42.585299+07:00,0.091,0.086,-0.005
2026-07-28T21:32:42.589299+07:00,0.084,0.08,-0.004
2026-07-28T21:32:42.593299+07:00,0.014,0.017,0.003
2026-07-28T21:32:42.597299+07:00,0.002,0.007,0.004
2026-07-28T21:32:42.601299+07:00,0.046,0.046,-0.0
2026-07-28T21:32:42.605299+07:00,0.051,0.05,-0.001
2026-07-28T21:32:42.609299+07:00,0.018,0.021,0.003
2026-07-28T21:32:42.613299+07:00,0.089,0.085,-0.005
2026-07-28T21:32:42.617299+07:00,0.068,0.065,-0.002
2026-07-28T21:32:42.621299+07:00,0.064,0.062,-0.002
2026-07-28T21:32:42.625299+07:00,0.035,0.036,0.001
2026-07-28T21:32:42.629299+07:00,0.072,0.069,-0.003
2026-07-28T21:32:42.633299+07:00,0.053,0.052,-0.001
2026-07-28T21:32:42.637299+07:00,0.03,0.032,0.001
2026-07-28T21:32:42.641299+07:00,0.024,0.026,0.002
2026-07-28T21:32:42.645299+07:00,0.044,0.044,0.0
2026-07-28T21:32:42.649299+07:00,0.05,0.049,-0.001
2026-07-28T21:32:42.653299+07:00,0.059,0.058,-0.001
2026-07-28T21:32:42.657299+07:00,0.023,0.025,0.002
2026-07-28T21:32:42.661299+07:00,0.033,0.034,0.001
2026-07-28T21:32:42.665299+07:00,0.047,0.047,-0.0
2026-07-28T21:32:42.669299+07:00,0.038,0.038,0.001
2026-07-28T21:32:42.673299+07:00,0.042,0.042,0.0
2026-07-28T21:32:42.677299+07:00,0.046,0.046,-0.0
2026-07-28T21:32:42.681299+07:00,0.031,0.033,0.001
2026-07-28T21:32:42.685299+07:00,0.037,0.038,0.001
2026-07-28T21:32:42.689299+07:00,0.044,0.044,0.0
2026-07-28T21:32:42.693299+07:00,0.052,0.051,-0.001
2026-07-28T21:32:42.697299+07:00,0.052,0.052,-0.001
2026-07-28T21:32:42.701299+07:00,0.033,0.035,0.001
2026-07-28T21:32:42.705299+07:00,0.033,0.034,0.001
2026-07-28T21:32:42.709299+07:00,0.049,0.049,-0.0
2026-07-28T21:32:42.713299+07:00,0.014,0.017,0.003
2026-07-28T21:32:42.717299+07:00,0.048,0.048,-0.0
2026-07-28T21:32:42.721299+07:00,0.011,0.014,0.003
2026-07-28T21:32:42.725299+07:00,0.036,0.037,0.001
2026-07-28T21:32:42.729299+07:00,0.052,0.051,-0.001
2026-07-28T21:32:42.733299+07:00,0.063,0.062,-0.002
2026-07-28T21:32:42.737299+07:00,0.055,0.054,-0.001
2026-07-28T21:32:42.741299+07:00,0.047,0.047,-0.0
2026-07-28T21:32:42.745299+07:00,0.027,0.029,0.002
2026-07-28T21:32:42.749299+07:00,0.062,0.06,-0.002
2026-07-28T21:32:42.753299+07:00,0.052,0.051,-0.001
2026-07-28T21:32:42.757299+07:00,0.053,0.053,-0.001
2026-07-28T21:32:42.761299+07:00,0.023,0.026,0.002
2026-07-28T21:32:42.765299+07:00,-0.0,0.005,0.005
2026-07-28T21:32:42.769299+07:00,0.034,0.036,0.001
2026-07-28T21:32:42.773299+07:00,-0.005,-0.0,0.005
2026-07-28T21:32:42.777299+07:00,0.035,0.036,0.001
2026-07-28T21:32:42.781299+07:00,0.027,0.029,0.002
2026-07-28T21:32:42.785299+07:00,0.063,0.061,-0.002
2026-07-28T21:32:42.789299+07:00,0.012,0.015,0.003
2026-07-28T21:32:42.793299+07:00,0.045,0.045,0.0
2026-07-28T21:32:42.797299+07:00,0.05,0.05,-0.0
2026-07-28T21:32:42.801299+07:00,0.062,0.061,-0.002
2026-07-28T21:32:42.805299+07:00,0.077,0.074,-0.003
2026-07-28T21:32:42.809299+07:00,0.043,0.044,0.0
2026-07-28T21:32:42.813299+07:00,0.039,0.04,0.001
2026-07-28T21:32:42.817299+07:00,0.03,0.032,0.002
2026-07-28T21:32:42.821299+07:00,0.044,0.044,0.0
2026-07-28T21:32:42.825299+07:00,0.045,0.045,0.0
2026-07-28T21:32:42.829299+07:00,0.035,0.036,0.001
2026-07-28T21:32:42.833299+07:00,0.067,0.065,-0.002
2026-07-28T21:32:42.837299+07:00,0.038,0.039,0.001
2026-07-28T21:32:42.841299+07:00,0.04,0.041,0.001
2026-07-28T21:32:42.845299+07:00,0.041,0.041,0.001
2026-07-28T21:32:42.849299+07:00,0.019,0.021,0.003
2026-07-28T21:32:42.853299+07:00,0.08,0.077,-0.003
2026-07-28T21:32:42.857299+07:00,0.036,0.037,0.001
2026-07-28T21:32:42.861299+07:00,0.062,0.061,-0.001
2026-07-28T21:32:42.865299+07:00,0.045,0.045,0.0
2026-07-28T21:32:42.869299+07:00,0.079,0.076,-0.003
2026-07-28T21:32:42.873299+07:00,0.085,0.082,-0.004
2026-07-28T21:32:42.877299+07:00,0.043,0.044,0.0
2026-07-28T21:32:42.881299+07:00,0.015,0.018,0.003
2026-07-28T21:32:42.885299+07:00,0.074,0.071,-0.003
2026-07-28T21:32:42.889299+07:00,0.039,0.04,0.001
2026-07-28T21:32:42.893299+07:00,0.053,0.053,-0.0
2026-07-28T21:32:42.897299+07:00,0.031,0.032,0.002
2026-07-28T21:32:42.901299+07:00,0.051,0.05,-0.0
2026-07-28T21:32:42.905299+07:00,0.053,0.052,-0.0
2026-07-28T21:32:42.909299+07:00,0.075,0.072,-0.003
2026-07-28T21:32:42.913299+07:00,0.025,0.028,0.002
2026-07-28T21:32:42.917299+07:00,0.038,0.039,0.001
2026-07-28T21:32:42.921299+07:00,0.063,0.062,-0.001
2026-07-28T21:32:42.925299+07:00,0.043,0.043,0.001
2026-07-28T21:32:42.929299+07:00,0.036,0.037,0.001
2026-07-28T21:32:42.933299+07:00,0.061,0.06,-0.001
2026-07-28T21:32:42.937299+07:00,0.07,0.068,-0.002
2026-07-28T21:32:42.941299+07:00,0.033,0.035,0.002
2026-07-28T21:32:42.945299+07:00,0.1,0.096,-0.004
2026-07-28T21:32:42.949299+07:00,0.03,0.034,0.004
2026-07-28T21:32:42.953299+07:00,0.073,0.075,0.001
2026-07-28T21:32:42.957299+07:00,0.077,0.08,0.003
2026-07-28T21:32:42.961299+07:00,0.039,0.049,0.01
2026-07-28T21:32:42.965299+07:00,0.058,0.07,0.012
2026-07-28T21:32:42.969299+07:00,0.068,0.082,0.014
2026-07-28T21:32:42.973299+07:00,0.094,0.108,0.015
2026-07-28T21:32:42.977299+07:00,0.116,0.13,0.014
2026-07-28T21:32:42.981299+07:00,0.116,0.13,0.014
2026-07-28T21:32:42.985299+07:00,0.084,0.099,0.016
2026-07-28T21:32:42.989299+07:00,0.074,0.088,0.014
2026-07-28T21:32:42.993299+07:00,0.092,0.101,0.008
2026-07-28T21:32:42.997299+07:00,0.07,0.077,0.007
2026-07-28T21:32:43.001299+07:00,0.07,0.074,0.004
2026-07-28T21:32:43.005299+07:00,0.053,0.056,0.003
2026-07-28T21:32:43.009299+07:00,0.047,0.05,0.002
2026-07-28T21:32:43.013299+07:00,0.049,0.05,0.001
2026-07-28T21:32:43.017299+07:00,0.032,0.035,0.002
2026-07-28T21:32:43.021299+07:00,0.018,0.021,0.003
2026-07-28T21:32:43.025299+07:00,0.06,0.059,-0.001
2026-07-28T21:32:43.029299+07:00,0.084,0.081,-0.003
2026-07-28T21:32:43.033299+07:00,0.056,0.055,-0.001
2026-07-28T21:32:43.037299+07:00,0.006,0.011,0.004
2026-07-28T21:32:43.041299+07:00,0.07,0.067,-0.003
2026-07-28T21:32:43.045299+07:00,0.044,0.04,-0.004
2026-07-28T21:32:43.049299+07:00,0.048,0.04,-0.008
2026-07-28T21:32:43.053299+07:00,0.048,0.044,-0.004
2026-07-28T21:32:43.057299+07:00,0.056,0.058,0.003
2026-07-28T21:32:43.061299+07:00,0.094,0.109,0.014
2026-07-28T21:32:43.065299+07:00,0.155,0.212,0.057
2026-07-28T21:32:43.069299+07:00,0.301,0.452,0.151
2026-07-28T21:32:43.073299+07:00,0.627,0.904,0.277
2026-07-28T21:32:43.077299+07:00,0.806,1.191,0.385
2026-07-28T21:32:43.081299+07:00,0.799,1.184,0.385
2026-07-28T21:32:43.085299+07:00,0.588,0.866,0.278
2026-07-28T21:32:43.089299+07:00,0.302,0.447,0.145
2026-07-28T21:32:43.093299+07:00,0.085,0.136,0.051
2026-07-28T21:32:43.097299+07:00,-0.023,-0.018,0.005
2026-07-28T21:32:43.101299+07:00,-0.056,-0.071,-0.016
2026-07-28T21:32:43.105299+07:00,-0.076,-0.1,-0.024
2026-07-28T21:32:43.109299+07:00,-0.107,-0.132,-0.024
2026-07-28T21:32:43.113299+07:00,-0.091,-0.115,-0.023
2026-07-28T21:32:43.117299+07:00,-0.035,-0.056,-0.022
2026-07-28T21:32:43.121299+07:00,-0.06,-0.07,-0.01
2026-07-28T21:32:43.125299+07:00,0.011,0.002,-0.009
2026-07-28T21:32:43.129299+07:00,0.04,0.034,-0.006
2026-07-28T21:32:43.133299+07:00,0.039,0.037,-0.002
2026-07-28T21:32:43.137299+07:00,0.011,0.014,0.003
2026-07-28T21:32:43.141299+07:00,0.033,0.034,0.001
2026-07-28T21:32:43.145299+07:00,0.062,0.061,-0.001
2026-07-28T21:32:43.149299+07:00,0.058,0.058,-0.001
2026-07-28T21:32:43.153299+07:00,0.074,0.071,-0.002
2026-07-28T21:32:43.157299+07:00,0.037,0.038,0.001
2026-07-28T21:32:43.161299+07:00,0.016,0.019,0.003
2026-07-28T21:32:43.165299+07:00,0.054,0.053,-0.0
2026-07-28T21:32:43.169299+07:00,0.038,0.039,0.001
2026-07-28T21:32:43.173299+07:00,0.034,0.036,0.002
2026-07-28T21:32:43.177299+07:00,0.034,0.036,0.002
2026-07-28T21:32:43.181299+07:00,0.061,0.06,-0.001
2026-07-28T21:32:43.185299+07:00,0.023,0.026,0.003
2026-07-28T21:32:43.189299+07:00,0.032,0.034,0.002
2026-07-28T21:32:43.193299+07:00,0.091,0.087,-0.004
2026-07-28T21:32:43.197299+07:00,0.044,0.045,0.001
2026-07-28T21:32:43.201299+07:00,0.037,0.039,0.002
2026-07-28T21:32:43.205299+07:00,0.044,0.046,0.002
2026-07-28T21:32:43.209299+07:00,0.038,0.041,0.003
2026-07-28T21:32:43.213299+07:00,0.072,0.072,-0.0
2026-07-28T21:32:43.217299+07:00,0.092,0.09,-0.001
2026-07-28T21:32:43.221299+07:00,0.052,0.055,0.003
2026-07-28T21:32:43.225299+07:00,0.065,0.069,0.003
2026-07-28T21:32:43.229299+07:00,0.045,0.051,0.007
2026-07-28T21:32:43.233299+07:00,0.115,0.117,0.001
2026-07-28T21:32:43.237299+07:00,0.076,0.083,0.007
2026-07-28T21:32:43.241299+07:00,0.101,0.108,0.007
2026-07-28T21:32:43.245299+07:00,0.123,0.13,0.007
2026-07-28T21:32:43.249299+07:00,0.111,0.122,0.011
2026-07-28T21:32:43.253299+07:00,0.119,0.132,0.013
2026-07-28T21:32:43.257299+07:00,0.125,0.14,0.015
2026-07-28T21:32:43.261299+07:00,0.109,0.127,0.019
2026-07-28T21:32:43.265299+07:00,0.141,0.159,0.017
2026-07-28T21:32:43.269299+07:00,0.131,0.151,0.02
2026-07-28T21:32:43.273299+07:00,0.173,0.19,0.017
2026-07-28T21:32:43.277299+07:00,0.124,0.146,0.023
2026-07-28T21:32:43.281299+07:00,0.14,0.161,0.021
2026-07-28T21:32:43.285299+07:00,0.15,0.169,0.019
2026-07-28T21:32:43.289299+07:00,0.135,0.154,0.02
2026-07-28T21:32:43.293299+07:00,0.151,0.168,0.016
2026-07-28T21:32:43.297299+07:00,0.093,0.113,0.02
2026-07-28T21:32:43.301299+07:00,0.139,0.152,0.013
2026-07-28T21:32:43.305299+07:00,0.083,0.1,0.016
2026-07-28T21:32:43.309299+07:00,0.085,0.098,0.014
2026-07-28T21:32:43.313299+07:00,0.097,0.107,0.01
2026-07-28T21:32:43.317299+07:00,0.096,0.103,0.008
2026-07-28T21:32:43.321299+07:00,0.083,0.089,0.007
2026-07-28T21:32:43.325299+07:00,0.065,0.072,0.006
2026-07-28T21:32:43.329299+07:00,0.044,0.051,0.007
2026-07-28T21:32:43.333299+07:00,0.064,0.067,0.003
2026-07-28T21:32:43.337299+07:00,0.045,0.049,0.004
2026-07-28T21:32:43.341299+07:00,0.066,0.067,0.001
2026-07-28T21:32:43.345299+07:00,0.082,0.081,-0.001
2026-07-28T21:32:43.349299+07:00,0.075,0.074,-0.001
2026-07-28T21:32:43.353299+07:00,0.026,0.029,0.003
2026-07-28T21:32:43.357299+07:00,0.058,0.058,-0.0
2026-07-28T21:32:43.361299+07:00,0.056,0.056,-0.0
2026-07-28T21:32:43.365299+07:00,0.004,0.009,0.005
2026-07-28T21:32:43.369299+07:00,0.033,0.035,0.002
2026-07-28T21:32:43.373299+07:00,0.035,0.037,0.001
2026-07-28T21:32:43.377299+07:00,0.063,0.062,-0.001
2026-07-28T21:32:43.381299+07:00,0.034,0.036,0.002
2026-07-28T21:32:43.385299+07:00,0.055,0.054,-0.001
2026-07-28T21:32:43.389299+07:00,0.049,0.049,0.0
2026-07-28T21:32:43.393299+07:00,0.033,0.035,0.002
2026-07-28T21:32:43.397299+07:00,0.055,0.054,-0.001
2026-07-28T21:32:43.401299+07:00,0.037,0.038,0.001
2026-07-28T21:32:43.405299+07:00,0.055,0.055,-0.001
2026-07-28T21:32:43.409299+07:00,0.064,0.062,-0.001
2026-07-28T21:32:43.413299+07:00,0.041,0.041,0.001
2026-07-28T21:32:43.417299+07:00,0.083,0.08,-0.003
2026-07-28T21:32:43.421299+07:00,0.083,0.08,-0.003
2026-07-28T21:32:43.425299+07:00,0.037,0.038,0.001
2026-07-28T21:32:43.429299+07:00,0.049,0.049,-0.0
2026-07-28T21:32:43.433299+07:00,0.055,0.054,-0.001
2026-07-28T21:32:43.437299+07:00,0.049,0.049,-0.0
2026-07-28T21:32:43.441299+07:00,0.079,0.076,-0.003
2026-07-28T21:32:43.445299+07:00,0.033,0.034,0.002
2026-07-28T21:32:43.449299+07:00,0.062,0.061,-0.001
2026-07-28T21:32:43.453299+07:00,0.025,0.028,0.002
2026-07-28T21:32:43.457299+07:00,0.027,0.029,0.002
2026-07-28T21:32:43.461299+07:00,0.035,0.036,0.001
2026-07-28T21:32:43.465299+07:00,0.072,0.069,-0.002
2026-07-28T21:32:43.469299+07:00,0.05,0.05,-0.0
2026-07-28T21:32:43.473299+07:00,0.043,0.044,0.0
2026-07-28T21:32:43.477299+07:00,0.054,0.053,-0.001
2026-07-28T21:32:43.481299+07:00,0.037,0.038,0.001
2026-07-28T21:32:43.485299+07:00,0.029,0.031,0.002
2026-07-28T21:32:43.489299+07:00,0.039,0.04,0.001
2026-07-28T21:32:43.493299+07:00,0.057,0.056,-0.001
2026-07-28T21:32:43.497299+07:00,0.045,0.045,0.0
2026-07-28T21:32:43.501299+07:00,0.02,0.023,0.003
2026-07-28T21:32:43.505299+07:00,0.044,0.044,0.0
2026-07-28T21:32:43.509299+07:00,0.041,0.042,0.001
2026-07-28T21:32:43.513299+07:00,0.044,0.044,0.0
2026-07-28T21:32:43.517299+07:00,0.045,0.045,0.0
2026-07-28T21:32:43.521299+07:00,0.038,0.039,0.001
2026-07-28T21:32:43.525299+07:00,0.013,0.016,0.003
2026-07-28T21:32:43.529299+07:00,0.087,0.083,-0.004
2026-07-28T21:32:43.533299+07:00,0.042,0.043,0.0
2026-07-28T21:32:43.537299+07:00,0.054,0.053,-0.001
2026-07-28T21:32:43.541299+07:00,0.024,0.026,0.002
2026-07-28T21:32:43.545299+07:00,0.032,0.034,0.001
2026-07-28T21:32:43.549299+07:00,0.07,0.068,-0.002
2026-07-28T21:32:43.553299+07:00,0.031,0.033,0.002
2026-07-28T21:32:43.557299+07:00,0.053,0.052,-0.001
2026-07-28T21:32:43.561299+07:00,0.063,0.061,-0.002
2026-07-28T21:32:43.565299+07:00,0.028,0.03,0.002
2026-07-28T21:32:43.569299+07:00,0.023,0.025,0.002
2026-07-28T21:32:43.573299+07:00,0.028,0.03,0.002
2026-07-28T21:32:43.577299+07:00,0.034,0.035,0.001
2026-07-28T21:32:43.581299+07:00,0.043,0.044,0.0
2026-07-28T21:32:43.585299+07:00,0.056,0.055,-0.001
2026-07-28T21:32:43.589299+07:00,0.049,0.049,-0.0
2026-07-28T21:32:43.593299+07:00,-0.02,-0.013,0.007
2026-07-28T21:32:43.597299+07:00,0.001,0.005,0.004
2026-07-28T21:32:43.601299+07:00,0.017,0.02,0.003
2026-07-28T21:32:43.605299+07:00,0.071,0.069,-0.003
2026-07-28T21:32:43.609299+07:00,0.048,0.048,-0.0
2026-07-28T21:32:43.613299+07:00,0.065,0.063,-0.002
2026-07-28T21:32:43.617299+07:00,0.075,0.072,-0.003
2026-07-28T21:32:43.621299+07:00,0.049,0.048,-0.0
2026-07-28T21:32:43.625299+07:00,0.032,0.033,0.001
2026-07-28T21:32:43.629299+07:00,0.037,0.038,0.001
2026-07-28T21:32:43.633299+07:00,0.04,0.04,0.001
2026-07-28T21:32:43.637299+07:00,0.061,0.06,-0.002
2026-07-28T21:32:43.641299+07:00,0.054,0.054,-0.001
2026-07-28T21:32:43.645299+07:00,0.083,0.079,-0.004
2026-07-28T21:32:43.649299+07:00,0.065,0.063,-0.002
2026-07-28T21:32:43.653299+07:00,0.023,0.025,0.002
2026-07-28T21:32:43.657299+07:00,0.038,0.038,0.001
2026-07-28T21:32:43.661299+07:00,0.057,0.056,-0.001
2026-07-28T21:32:43.665299+07:00,0.07,0.068,-0.003
2026-07-28T21:32:43.669299+07:00,0.028,0.029,0.002
2026-07-28T21:32:43.673299+07:00,0.011,0.014,0.003
2026-07-28T21:32:43.677299+07:00,0.075,0.072,-0.003
2026-07-28T21:32:43.681299+07:00,0.033,0.034,0.001
2026-07-28T21:32:43.685299+07:00,0.04,0.04,0.0
2026-07-28T21:32:43.689299+07:00,0.069,0.067,-0.003
2026-07-28T21:32:43.693299+07:00,0.07,0.068,-0.003
2026-07-28T21:32:43.697299+07:00,0.026,0.028,0.002
2026-07-28T21:32:43.701299+07:00,0.051,0.05,-0.001
2026-07-28T21:32:43.705299+07:00,0.021,0.023,0.002
2026-07-28T21:32:43.709299+07:00,0.024,0.026,0.002
2026-07-28T21:32:43.713299+07:00,0.024,0.026,0.002
2026-07-28T21:32:43.717299+07:00,0.058,0.057,-0.001
2026-07-28T21:32:43.721299+07:00,0.021,0.023,0.002
2026-07-28T21:32:43.725299+07:00,0.054,0.053,-0.001
2026-07-28T21:32:43.729299+07:00,0.019,0.021,0.002
2026-07-28T21:32:43.733299+07:00,0.066,0.064,-0.002
2026-07-28T21:32:43.737299+07:00,0.05,0.049,-0.0
2026-07-28T21:32:43.741299+07:00,0.056,0.055,-0.001
2026-07-28T21:32:43.745299+07:00,0.049,0.049,0.001
2026-07-28T21:32:43.749299+07:00,0.034,0.037,0.003
2026-07-28T21:32:43.753299+07:00,0.071,0.072,0.001
2026-07-28T21:32:43.757299+07:00,0.046,0.052,0.006
2026-07-28T21:32:43.761299+07:00,0.067,0.074,0.007
2026-07-28T21:32:43.765299+07:00,0.095,0.102,0.007
2026-07-28T21:32:43.769299+07:00,0.066,0.079,0.014
2026-07-28T21:32:43.773299+07:00,0.071,0.087,0.016
2026-07-28T21:32:43.777299+07:00,0.082,0.099,0.017
2026-07-28T21:32:43.781299+07:00,0.101,0.115,0.015
2026-07-28T21:32:43.785299+07:00,0.093,0.107,0.014
2026-07-28T21:32:43.789299+07:00,0.055,0.069,0.015
2026-07-28T21:32:43.793299+07:00,0.054,0.066,0.011
2026-07-28T21:32:43.797299+07:00,0.055,0.063,0.008
2026-07-28T21:32:43.801299+07:00,0.036,0.042,0.007
2026-07-28T21:32:43.805299+07:00,0.03,0.035,0.005
2026-07-28T21:32:43.809299+07:00,0.085,0.083,-0.002
2026-07-28T21:32:43.813299+07:00,0.037,0.039,0.002
2026-07-28T21:32:43.817299+07:00,0.009,0.013,0.004
2026-07-28T21:32:43.821299+07:00,0.046,0.046,-0.0
2026-07-28T21:32:43.825299+07:00,0.045,0.045,-0.0
2026-07-28T21:32:43.829299+07:00,0.09,0.085,-0.005
2026-07-28T21:32:43.833299+07:00,0.035,0.035,0.001
2026-07-28T21:32:43.837299+07:00,0.031,0.032,0.001
2026-07-28T21:32:43.841299+07:00,0.031,0.031,0.0
2026-07-28T21:32:43.845299+07:00,0.048,0.042,-0.005
2026-07-28T21:32:43.849299+07:00,-0.027,-0.029,-0.002
2026-07-28T21:32:43.853299+07:00,0.032,0.029,-0.003
2026-07-28T21:32:43.857299+07:00,0.008,0.014,0.006
2026-07-28T21:32:43.861299+07:00,0.044,0.062,0.018
2026-07-28T21:32:43.865299+07:00,0.17,0.225,0.055
2026-07-28T21:32:43.869299+07:00,0.35,0.495,0.146
2026-07-28T21:32:43.873299+07:00,0.651,0.925,0.274
2026-07-28T21:32:43.877299+07:00,0.808,1.192,0.384
2026-07-28T21:32:43.881299+07:00,0.805,1.188,0.383
2026-07-28T21:32:43.885299+07:00,0.646,0.917,0.271
2026-07-28T21:32:43.889299+07:00,0.307,0.45,0.143
2026-07-28T21:32:43.893299+07:00,0.15,0.193,0.044
2026-07-28T21:32:43.897299+07:00,-0.002,0.0,0.002
2026-07-28T21:32:43.901299+07:00,-0.051,-0.068,-0.017
2026-07-28T21:32:43.905299+07:00,-0.12,-0.141,-0.021
2026-07-28T21:32:43.909299+07:00,-0.121,-0.145,-0.024
2026-07-28T21:32:43.913299+07:00,-0.112,-0.134,-0.022
2026-07-28T21:32:43.917299+07:00,-0.08,-0.098,-0.018
2026-07-28T21:32:43.921299+07:00,-0.034,-0.048,-0.014
2026-07-28T21:32:43.925299+07:00,-0.036,-0.041,-0.005
2026-07-28T21:32:43.929299+07:00,0.005,0.001,-0.004
2026-07-28T21:32:43.933299+07:00,0.01,0.009,-0.0
2026-07-28T21:32:43.937299+07:00,0.045,0.043,-0.002
2026-07-28T21:32:43.941299+07:00,0.07,0.067,-0.004
2026-07-28T21:32:43.945299+07:00,0.047,0.046,-0.001
2026-07-28T21:32:43.949299+07:00,0.067,0.064,-0.003
2026-07-28T21:32:43.953299+07:00,0.072,0.069,-0.004
2026-07-28T21:32:43.957299+07:00,-0.011,-0.006,0.005
2026-07-28T21:32:43.961299+07:00,0.014,0.017,0.002
2026-07-28T21:32:43.965299+07:00,0.057,0.055,-0.002
2026-07-28T21:32:43.969299+07:00,0.005,0.008,0.003
2026-07-28T21:32:43.973299+07:00,-0.005,-0.001,0.004
2026-07-28T21:32:43.977299+07:00,0.048,0.047,-0.001
2026-07-28T21:32:43.981299+07:00,0.041,0.041,-0.0
2026-07-28T21:32:43.985299+07:00,0.023,0.024,0.001
2026-07-28T21:32:43.989299+07:00,0.066,0.064,-0.003
2026-07-28T21:32:43.993299+07:00,-0.003,0.001,0.004
2026-07-28T21:32:43.997299+07:00,-0.001,0.003,0.004
2026-07-28T21:32:44.001299+07:00,0.043,0.043,-0.0
2026-07-28T21:32:44.005299+07:00,0.033,0.034,0.001
2026-07-28T21:32:44.009299+07:00,0.022,0.024,0.003
2026-07-28T21:32:44.013299+07:00,0.033,0.035,0.002
2026-07-28T21:32:44.017299+07:00,0.031,0.034,0.003
2026-07-28T21:32:44.021299+07:00,0.006,0.012,0.007
2026-07-28T21:32:44.025299+07:00,0.08,0.08,0.0
2026-07-28T21:32:44.029299+07:00,0.066,0.069,0.003
2026-07-28T21:32:44.033299+07:00,0.066,0.07,0.005
2026-07-28T21:32:44.037299+07:00,0.038,0.047,0.01
2026-07-28T21:32:44.041299+07:00,0.045,0.056,0.011
2026-07-28T21:32:44.045299+07:00,0.087,0.096,0.009
2026-07-28T21:32:44.049299+07:00,0.077,0.09,0.013
2026-07-28T21:32:44.053299+07:00,0.082,0.097,0.015
2026-07-28T21:32:44.057299+07:00,0.112,0.127,0.014
2026-07-28T21:32:44.061299+07:00,0.14,0.154,0.014
2026-07-28T21:32:44.065299+07:00,0.133,0.15,0.017
2026-07-28T21:32:44.069299+07:00,0.16,0.175,0.015
2026-07-28T21:32:44.073299+07:00,0.138,0.157,0.019
2026-07-28T21:32:44.077299+07:00,0.154,0.172,0.018
2026-07-28T21:32:44.081299+07:00,0.141,0.16,0.019
2026-07-28T21:32:44.085299+07:00,0.138,0.157,0.019
2026-07-28T21:32:44.089299+07:00,0.134,0.152,0.018
2026-07-28T21:32:44.093299+07:00,0.102,0.122,0.019
2026-07-28T21:32:44.097299+07:00,0.086,0.105,0.019
2026-07-28T21:32:44.101299+07:00,0.097,0.113,0.016
2026-07-28T21:32:44.105299+07:00,0.082,0.096,0.015
2026-07-28T21:32:44.109299+07:00,0.063,0.077,0.014
2026-07-28T21:32:44.113299+07:00,0.088,0.097,0.009
2026-07-28T21:32:44.117299+07:00,0.067,0.076,0.009
2026-07-28T21:32:44.121299+07:00,0.1,0.103,0.003
2026-07-28T21:32:44.125299+07:00,0.029,0.037,0.008
2026-07-28T21:32:44.129299+07:00,0.059,0.063,0.003
2026-07-28T21:32:44.133299+07:00,0.052,0.055,0.003
2026-07-28T21:32:44.137299+07:00,0.049,0.051,0.002
2026-07-28T21:32:44.141299+07:00,0.012,0.017,0.005
2026-07-28T21:32:44.145299+07:00,0.033,0.034,0.002
2026-07-28T21:32:44.149299+07:00,0.036,0.037,0.001
2026-07-28T21:32:44.153299+07:00,0.046,0.045,-0.001
2026-07-28T21:32:44.157299+07:00,0.005,0.008,0.003
2026-07-28T21:32:44.161299+07:00,0.041,0.04,-0.001
2026-07-28T21:32:44.165299+07:00,0.05,0.048,-0.002
2026-07-28T21:32:44.169299+07:00,-0.01,-0.005,0.004
2026-07-28T21:32:44.173299+07:00,0.047,0.045,-0.002
2026-07-28T21:32:44.177299+07:00,0.044,0.042,-0.001
2026-07-28T21:32:44.181299+07:00,0.037,0.036,-0.001
2026-07-28T21:32:44.185299+07:00,0.056,0.053,-0.003
2026-07-28T21:32:44.189299+07:00,0.03,0.03,-0.0
2026-07-28T21:32:44.193299+07:00,0.005,0.007,0.002
2026-07-28T21:32:44.197299+07:00,0.021,0.022,0.001
2026-07-28T21:32:44.201299+07:00,0.045,0.043,-0.002
2026-07-28T21:32:44.205299+07:00,0.026,0.026,0.0
2026-07-28T21:32:44.209299+07:00,0.011,0.013,0.002
2026-07-28T21:32:44.213299+07:00,0.008,0.01,0.002
2026-07-28T21:32:44.217299+07:00,0.035,0.034,-0.001
2026-07-28T21:32:44.221299+07:00,0.028,0.028,-0.0
2026-07-28T21:32:44.225299+07:00,0.036,0.035,-0.001
2026-07-28T21:32:44.229299+07:00,0.043,0.042,-0.002
2026-07-28T21:32:44.233299+07:00,0.04,0.039,-0.001
2026-07-28T21:32:44.237299+07:00,0.017,0.018,0.001
2026-07-28T21:32:44.241299+07:00,0.029,0.028,-0.0
2026-07-28T21:32:44.245299+07:00,0.004,0.006,0.002
2026-07-28T21:32:44.249299+07:00,0.024,0.024,0.0
2026-07-28T21:32:44.253299+07:00,0.038,0.037,-0.001
2026-07-28T21:32:44.257299+07:00,0.033,0.032,-0.001
2026-07-28T21:32:44.261299+07:00,0.002,0.004,0.002
2026-07-28T21:32:44.265299+07:00,0.028,0.028,-0.0
2026-07-28T21:32:44.269299+07:00,0.024,0.024,0.0
2026-07-28T21:32:44.273299+07:00,0.024,0.024,0.0
2026-07-28T21:32:44.277299+07:00,0.065,0.061,-0.004
2026-07-28T21:32:44.281299+07:00,0.065,0.061,-0.004
2026-07-28T21:32:44.285299+07:00,0.036,0.035,-0.001
2026-07-28T21:32:44.289299+07:00,0.068,0.063,-0.004
2026-07-28T21:32:44.293299+07:00,0.063,0.059,-0.004
2026-07-28T21:32:44.297299+07:00,0.024,0.024,-0.0
2026-07-28T21:32:44.301299+07:00,0.037,0.035,-0.001
2026-07-28T21:32:44.305299+07:00,0.002,0.004,0.002
2026-07-28T21:32:44.309299+07:00,-0.001,0.002,0.002
2026-07-28T21:32:44.313299+07:00,0.017,0.017,0.001
2026-07-28T21:32:44.317299+07:00,0.006,0.008,0.002
2026-07-28T21:32:44.321299+07:00,0.006,0.008,0.002
2026-07-28T21:32:44.325299+07:00,0.047,0.045,-0.002
2026-07-28T21:32:44.329299+07:00,0.017,0.018,0.001
2026-07-28T21:32:44.333299+07:00,0.037,0.036,-0.001
2026-07-28T21:32:44.337299+07:00,0.022,0.022,0.0
2026-07-28T21:32:44.341299+07:00,0.048,0.045,-0.003
2026-07-28T21:32:44.345299+07:00,0.047,0.044,-0.002
2026-07-28T21:32:44.349299+07:00,0.003,0.005,0.002
2026-07-28T21:32:44.353299+07:00,0.041,0.039,-0.002
2026-07-28T21:32:44.357299+07:00,0.034,0.033,-0.001
2026-07-28T21:32:44.361299+07:00,0.065,0.061,-0.004
2026-07-28T21:32:44.365299+07:00,0.038,0.037,-0.002
2026-07-28T21:32:44.369299+07:00,0.01,0.011,0.001
2026-07-28T21:32:44.373299+07:00,0.042,0.04,-0.002
2026-07-28T21:32:44.377299+07:00,0.036,0.035,-0.002
2026-07-28T21:32:44.381299+07:00,0.004,0.006,0.002
2026-07-28T21:32:44.385299+07:00,0.062,0.057,-0.004
2026-07-28T21:32:44.389299+07:00,0.02,0.02,0.0
2026-07-28T21:32:44.393299+07:00,0.016,0.017,0.0
2026-07-28T21:32:44.397299+07:00,0.028,0.027,-0.001
2026-07-28T21:32:44.401299+07:00,0.03,0.029,-0.001
2026-07-28T21:32:44.405299+07:00,-0.005,-0.003,0.002
2026-07-28T21:32:44.409299+07:00,-0.008,-0.005,0.003
2026-07-28T21:32:44.413299+07:00,0.01,0.011,0.001
2026-07-28T21:32:44.417299+07:00,0.047,0.045,-0.003
2026-07-28T21:32:44.421299+07:00,0.021,0.02,-0.0
2026-07-28T21:32:44.425299+07:00,0.036,0.035,-0.002
2026-07-28T21:32:44.429299+07:00,-0.011,-0.008,0.003
2026-07-28T21:32:44.433299+07:00,0.026,0.026,-0.001
2026-07-28T21:32:44.437299+07:00,0.037,0.035,-0.002
2026-07-28T21:32:44.441299+07:00,0.001,0.003,0.002
2026-07-28T21:32:44.445299+07:00,0.014,0.014,0.0
2026-07-28T21:32:44.449299+07:00,-0.018,-0.014,0.004
2026-07-28T21:32:44.453299+07:00,0.018,0.018,-0.0
2026-07-28T21:32:44.457299+07:00,0.006,0.007,0.001
2026-07-28T21:32:44.461299+07:00,0.011,0.012,0.001
2026-07-28T21:32:44.465299+07:00,0.032,0.03,-0.001
2026-07-28T21:32:44.469299+07:00,0.003,0.004,0.001
2026-07-28T21:32:44.473299+07:00,-0.028,-0.023,0.004
2026-07-28T21:32:44.477299+07:00,0.045,0.042,-0.003
2026-07-28T21:32:44.481299+07:00,0.009,0.01,0.001
2026-07-28T21:32:44.485299+07:00,0.05,0.046,-0.003
2026-07-28T21:32:44.489299+07:00,-0.002,-0.0,0.002
2026-07-28T21:32:44.493299+07:00,0.021,0.02,-0.001
2026-07-28T21:32:44.497299+07:00,-0.018,-0.015,0.003
2026-07-28T21:32:44.501299+07:00,0.013,0.013,0.0
2026-07-28T21:32:44.505299+07:00,-0.013,-0.01,0.003
2026-07-28T21:32:44.509299+07:00,0.025,0.024,-0.001
2026-07-28T21:32:44.513299+07:00,-0.008,-0.006,0.002
2026-07-28T21:32:44.517299+07:00,-0.045,-0.039,0.006
2026-07-28T21:32:44.521299+07:00,-0.005,-0.003,0.002
2026-07-28T21:32:44.525299+07:00,0.012,0.012,0.0
2026-07-28T21:32:44.529299+07:00,0.037,0.035,-0.002
2026-07-28T21:32:44.533299+07:00,0.006,0.007,0.001
2026-07-28T21:32:44.537299+07:00,-0.033,-0.028,0.005
2026-07-28T21:32:44.541299+07:00,0.02,0.02,-0.0
2026-07-28T21:32:44.545299+07:00,0.022,0.022,0.0
2026-07-28T21:32:44.549299+07:00,0.04,0.039,-0.0
2026-07-28T21:32:44.553299+07:00,0.013,0.017,0.004
2026-07-28T21:32:44.557299+07:00,0.023,0.028,0.005
2026-07-28T21:32:44.561299+07:00,0.043,0.049,0.006
2026-07-28T21:32:44.565299+07:00,0.04,0.05,0.01
2026-07-28T21:32:44.569299+07:00,0.056,0.068,0.012
2026-07-28T21:32:44.573299+07:00,0.032,0.049,0.017
2026-07-28T21:32:44.577299+07:00,0.071,0.086,0.015
2026-07-28T21:32:44.581299+07:00,0.057,0.073,0.016
2026-07-28T21:32:44.585299+07:00,0.035,0.052,0.017
2026-07-28T21:32:44.589299+07:00,0.042,0.055,0.013
2026-07-28T21:32:44.593299+07:00,0.028,0.039,0.011
2026-07-28T21:32:44.597299+07:00,0.068,0.072,0.004
2026-07-28T21:32:44.601299+07:00,0.034,0.038,0.004
2026-07-28T21:32:44.605299+07:00,0.028,0.03,0.002
2026-07-28T21:32:44.609299+07:00,0.002,0.005,0.003
2026-07-28T21:32:44.613299+07:00,0.06,0.056,-0.004
2026-07-28T21:32:44.617299+07:00,0.02,0.02,-0.0
2026-07-28T21:32:44.621299+07:00,-0.001,0.001,0.001
2026-07-28T21:32:44.625299+07:00,-0.009,-0.007,0.002
2026-07-28T21:32:44.629299+07:00,0.021,0.02,-0.001
2026-07-28T21:32:44.633299+07:00,0.029,0.027,-0.002
2026-07-28T21:32:44.637299+07:00,0.024,0.023,-0.002
2026-07-28T21:32:44.641299+07:00,0.01,0.009,-0.001
2026-07-28T21:32:44.645299+07:00,-0.006,-0.009,-0.003
2026-07-28T21:32:44.649299+07:00,-0.017,-0.023,-0.006
2026-07-28T21:32:44.653299+07:00,-0.011,-0.013,-0.002
2026-07-28T21:32:44.657299+07:00,-0.023,-0.017,0.006
2026-07-28T21:32:44.661299+07:00,0.019,0.037,0.018
2026-07-28T21:32:44.665299+07:00,0.116,0.173,0.057
2026-07-28T21:32:44.669299+07:00,0.31,0.456,0.146
2026-07-28T21:32:44.673299+07:00,0.56,0.84,0.279
2026-07-28T21:32:44.677299+07:00,0.776,1.16,0.384
2026-07-28T21:32:44.681299+07:00,0.764,1.148,0.384
2026-07-28T21:32:44.685299+07:00,0.547,0.825,0.278
2026-07-28T21:32:44.689299+07:00,0.28,0.422,0.143
2026-07-28T21:32:44.693299+07:00,0.066,0.115,0.049
2026-07-28T21:32:44.697299+07:00,-0.062,-0.058,0.005
2026-07-28T21:32:44.701299+07:00,-0.057,-0.077,-0.02
2026-07-28T21:32:44.705299+07:00,-0.149,-0.17,-0.021
2026-07-28T21:32:44.709299+07:00,-0.17,-0.192,-0.022
2026-07-28T21:32:44.713299+07:00,-0.142,-0.164,-0.023
2026-07-28T21:32:44.717299+07:00,-0.072,-0.094,-0.022
2026-07-28T21:32:44.721299+07:00,-0.089,-0.101,-0.012
2026-07-28T21:32:44.725299+07:00,-0.021,-0.031,-0.01
2026-07-28T21:32:44.729299+07:00,-0.021,-0.025,-0.004
2026-07-28T21:32:44.733299+07:00,-0.002,-0.004,-0.002
2026-07-28T21:32:44.737299+07:00,0.006,0.005,-0.001
2026-07-28T21:32:44.741299+07:00,-0.013,-0.012,0.001
2026-07-28T21:32:44.745299+07:00,-0.047,-0.042,0.005
2026-07-28T21:32:44.749299+07:00,-0.015,-0.013,0.002
2026-07-28T21:32:44.753299+07:00,0.025,0.023,-0.002
2026-07-28T21:32:44.757299+07:00,-0.02,-0.017,0.002
2026-07-28T21:32:44.761299+07:00,-0.014,-0.013,0.002
2026-07-28T21:32:44.765299+07:00,0.012,0.011,-0.001
2026-07-28T21:32:44.769299+07:00,-0.018,-0.016,0.002
2026-07-28T21:32:44.773299+07:00,-0.018,-0.016,0.002
2026-07-28T21:32:44.777299+07:00,0.014,0.013,-0.001
2026-07-28T21:32:44.781299+07:00,-0.014,-0.012,0.002
2026-07-28T21:32:44.785299+07:00,-0.005,-0.004,0.001
2026-07-28T21:32:44.789299+07:00,-0.001,-0.001,0.001
2026-07-28T21:32:44.793299+07:00,0.003,0.003,0.0
2026-07-28T21:32:44.797299+07:00,-0.015,-0.013,0.002
2026-07-28T21:32:44.801299+07:00,0.017,0.016,-0.001
2026-07-28T21:32:44.805299+07:00,-0.005,-0.003,0.002
2026-07-28T21:32:44.809299+07:00,-0.027,-0.023,0.004
2026-07-28T21:32:44.813299+07:00,-0.002,-0.0,0.002
2026-07-28T21:32:44.817299+07:00,0.04,0.039,-0.001
2026-07-28T21:32:44.821299+07:00,0.022,0.023,0.002
2026-07-28T21:32:44.825299+07:00,-0.007,-0.002,0.006
