created_at,lead_1,lead_2,lead_3
2026-08-04T04:58:35-04:00,11.913954734802246,0.010872956365346909,-11.903081893920898
2026-08-04T04:58:35.004000-04:00,11.904133796691895,0.02946220524609089,-11.874671936035156
2026-08-04T04:58:35.008000-04:00,11.89291000366211,0.08534686267375946,-11.807562828063965
2026-08-04T04:58:35.012000-04:00,11.866371154785156,0.0862821713089943,-11.780089378356934
2026-08-04T04:58:35.016000-04:00,11.8742036819458,0.07470773905515671,-11.799495697021484
2026-08-04T04:58:35.020000-04:00,11.880751609802246,0.08277476578950882,-11.79797649383545
2026-08-04T04:58:35.024000-04:00,11.8742036819458,0.09575216472148895,-11.778451919555664
2026-08-04T04:58:35.028000-04:00,11.879816055297852,0.09364772588014603,-11.786168098449707
2026-08-04T04:58:35.032000-04:00,11.891390800476074,0.06523773819208145,-11.826152801513672
2026-08-04T04:58:35.036000-04:00,11.92365837097168,0.07084959000349045,-11.852808952331543
2026-08-04T04:58:35.040000-04:00,11.903432846069336,0.01578332483768463,-11.887649536132812
2026-08-04T04:58:35.044000-04:00,11.887649536132812,-0.010756043717265129,-11.898406028747559
2026-08-04T04:58:35.048000-04:00,11.882037162780762,-0.04010133445262909,-11.922138214111328
2026-08-04T04:58:35.052000-04:00,11.875022888183594,-0.05214342847466469,-11.927165985107422
2026-08-04T04:58:35.056000-04:00,11.874905586242676,-0.07190181314945221,-11.946807861328125
2026-08-04T04:58:35.060000-04:00,11.870930671691895,-0.09411537647247314,-11.965045928955078
2026-08-04T04:58:35.064000-04:00,11.850470542907715,-0.11995326727628708,-11.970423698425293
2026-08-04T04:58:35.068000-04:00,11.833635330200195,-0.13877634704113007,-11.972412109375
2026-08-04T04:58:35.072000-04:00,11.848600387573242,-0.13713955879211426,-11.985739707946777
2026-08-04T04:58:35.076000-04:00,11.868358612060547,-0.12918943166732788,-11.99754810333252
2026-08-04T04:58:35.080000-04:00,11.86368179321289,-0.1344505399465561,-11.998132705688477
2026-08-04T04:58:35.084000-04:00,11.856432914733887,-0.15432584285736084,-12.010758399963379
2026-08-04T04:58:35.088000-04:00,11.848015785217285,-0.16356199979782104,-12.011577606201172
2026-08-04T04:58:35.092000-04:00,11.848015785217285,-0.1746687889099121,-12.022684097290039
2026-08-04T04:58:35.096000-04:00,11.858186721801758,-0.1702260822057724,-12.028412818908691
2026-08-04T04:58:35.100000-04:00,11.848483085632324,-0.15970386564731598,-12.008187294006348
2026-08-04T04:58:35.104000-04:00,11.848015785217285,-0.16718631982803345,-12.015202522277832
2026-08-04T04:58:35.108000-04:00,11.834336280822754,-0.17513644695281982,-12.009472846984863
2026-08-04T04:58:35.112000-04:00,11.843338966369629,-0.18016372621059418,-12.023502349853516
2026-08-04T04:58:35.116000-04:00,11.851288795471191,-0.1718628704547882,-12.023151397705078
2026-08-04T04:58:35.120000-04:00,11.833050727844238,-0.15748250484466553,-11.990532875061035
2026-08-04T04:58:35.124000-04:00,11.815162658691406,-0.16274361312389374,-11.977906227111816
2026-08-04T04:58:35.128000-04:00,11.7828950881958,-0.1288386881351471,-11.911733627319336
2026-08-04T04:58:35.132000-04:00,11.793183326721191,-0.10370228439569473,-11.896885871887207
2026-08-04T04:58:35.136000-04:00,11.876542091369629,-0.11621203273534775,-11.992753982543945
2026-08-04T04:58:35.140000-04:00,12.013916015625,-0.024434924125671387,-12.038351058959961
2026-08-04T04:58:35.144000-04:00,12.13983154296875,0.13795794546604156,-12.001873970031738
2026-08-04T04:58:35.148000-04:00,12.2366361618042,0.5050663948059082,-11.731569290161133
2026-08-04T04:58:35.152000-04:00,12.16450023651123,0.947817862033844,-11.216682434082031
2026-08-04T04:58:35.156000-04:00,12.097625732421875,1.7284493446350098,-10.369176864624023
2026-08-04T04:58:35.160000-04:00,12.03659725189209,2.112744092941284,-9.923852920532227
2026-08-04T04:58:35.164000-04:00,11.97463321685791,2.2178492546081543,-9.756784439086914
2026-08-04T04:58:35.168000-04:00,11.885662078857422,1.9367892742156982,-9.948872566223145
2026-08-04T04:58:35.172000-04:00,11.87993335723877,1.4703043699264526,-10.409628868103027
2026-08-04T04:58:35.176000-04:00,11.857134819030762,0.886438250541687,-10.970696449279785
2026-08-04T04:58:35.180000-04:00,11.856550216674805,0.4884646534919739,-11.368085861206055
2026-08-04T04:58:35.184000-04:00,11.931140899658203,0.22856591641902924,-11.702574729919434
2026-08-04T04:58:35.188000-04:00,11.959083557128906,0.16566644608974457,-11.793416976928711
2026-08-04T04:58:35.192000-04:00,11.928335189819336,0.09738896042108536,-11.83094596862793
2026-08-04T04:58:35.196000-04:00,11.920034408569336,0.0453624427318573,-11.874671936035156
2026-08-04T04:58:35.200000-04:00,11.934882164001465,0.0019875296857208014,-11.932894706726074
2026-08-04T04:58:35.204000-04:00,11.927750587463379,-0.030865168198943138,-11.95861530303955
2026-08-04T04:58:35.208000-04:00,11.920034408569336,-0.05494935065507889,-11.974984169006348
2026-08-04T04:58:35.212000-04:00,11.925061225891113,-0.05588465929031372,-11.980945587158203
2026-08-04T04:58:35.216000-04:00,11.931140899658203,-0.06278255581855774,-11.99392318725586
2026-08-04T04:58:35.220000-04:00,11.93359661102295,-0.050038982182741165,-11.983635902404785
2026-08-04T04:58:35.224000-04:00,11.928101539611816,-0.06278255581855774,-11.990883827209473
2026-08-04T04:58:35.228000-04:00,11.922840118408203,-0.062081076204776764,-11.9849214553833
2026-08-04T04:58:35.232000-04:00,11.935233116149902,-0.05588465929031372,-11.991117477416992
2026-08-04T04:58:35.236000-04:00,11.942949295043945,-0.05763836205005646,-12.000587463378906
2026-08-04T04:58:35.240000-04:00,11.958148002624512,-0.04699923098087311,-12.005146980285645
2026-08-04T04:58:35.244000-04:00,11.949729919433594,-0.037879977375268936,-11.98760986328125
2026-08-04T04:58:35.248000-04:00,11.949847221374512,-0.040685903280973434,-11.990532875061035
2026-08-04T04:58:35.252000-04:00,11.960135459899902,-0.041855037212371826,-12.00199031829834
2026-08-04T04:58:35.256000-04:00,11.977906227111816,-0.0053780218586325645,-11.983283996582031
2026-08-04T04:58:35.260000-04:00,11.971125602722168,0.00233827019110322,-11.96878719329834
2026-08-04T04:58:35.264000-04:00,11.969371795654297,0.00011691351392073557,-11.969254493713379
2026-08-04T04:58:35.268000-04:00,11.967033386230469,0.002455183770507574,-11.964578628540039
2026-08-04T04:58:35.272000-04:00,11.973580360412598,0.0077162920497357845,-11.965864181518555
2026-08-04T04:58:35.276000-04:00,11.988779067993164,0.021629000082612038,-11.96714973449707
2026-08-04T04:58:35.280000-04:00,11.993104934692383,0.03823072090744972,-11.954874038696289
2026-08-04T04:58:35.284000-04:00,11.987727165222168,0.048519108444452286,-11.939208030700684
2026-08-04T04:58:35.288000-04:00,11.989831924438477,0.05623539909720421,-11.93359661102295
2026-08-04T04:58:35.292000-04:00,12.004446029663086,0.061028853058815,-11.9434175491333
2026-08-04T04:58:35.296000-04:00,12.014734268188477,0.06336712092161179,-11.951367378234863
2026-08-04T04:58:35.300000-04:00,12.035077095031738,0.09727204591035843,-11.93780517578125
2026-08-04T04:58:35.304000-04:00,12.030868530273438,0.10861265659332275,-11.922255516052246
2026-08-04T04:58:35.308000-04:00,12.031686782836914,0.11469215899705887,-11.91699504852295
2026-08-04T04:58:35.312000-04:00,12.04934024810791,0.12778647243976593,-11.921553611755371
2026-08-04T04:58:35.316000-04:00,12.064538955688477,0.14076386392116547,-11.923774719238281
2026-08-04T04:58:35.320000-04:00,12.085817337036133,0.1698753386735916,-11.915942192077637
2026-08-04T04:58:35.324000-04:00,12.091429710388184,0.18039755523204803,-11.911031723022461
2026-08-04T04:58:35.328000-04:00,12.105341911315918,0.20985975861549377,-11.895482063293457
2026-08-04T04:58:35.332000-04:00,12.131648063659668,0.25545603036880493,-11.876192092895508
2026-08-04T04:58:35.336000-04:00,12.155498504638672,0.2845675051212311,-11.870930671691895
2026-08-04T04:58:35.340000-04:00,12.169059753417969,0.31975847482681274,-11.8493013381958
2026-08-04T04:58:35.344000-04:00,12.19127368927002,0.34629783034324646,-11.844975471496582
2026-08-04T04:58:35.348000-04:00,12.207290649414062,0.3765784204006195,-11.83071231842041
2026-08-04T04:58:35.352000-04:00,12.219099044799805,0.3969213664531708,-11.82217788696289
2026-08-04T04:58:35.356000-04:00,12.244118690490723,0.4364381432533264,-11.807680130004883
2026-08-04T04:58:35.360000-04:00,12.249847412109375,0.4567810893058777,-11.793066024780273
2026-08-04T04:58:35.364000-04:00,12.264812469482422,0.48308664560317993,-11.781725883483887
2026-08-04T04:58:35.368000-04:00,12.272294998168945,0.4893999695777893,-11.7828950881958
2026-08-04T04:58:35.372000-04:00,12.275801658630371,0.5055340528488159,-11.770267486572266
2026-08-04T04:58:35.376000-04:00,12.27989387512207,0.5396727919578552,-11.74022102355957
2026-08-04T04:58:35.380000-04:00,12.281530380249023,0.5366330146789551,-11.744897842407227
2026-08-04T04:58:35.384000-04:00,12.262240409851074,0.5320733785629272,-11.730167388916016
2026-08-04T04:58:35.388000-04:00,12.262590408325195,0.52120041847229,-11.741390228271484
2026-08-04T04:58:35.392000-04:00,12.24669075012207,0.5098598599433899,-11.736830711364746
2026-08-04T04:58:35.396000-04:00,12.2325439453125,0.492556631565094,-11.73998737335205
2026-08-04T04:58:35.400000-04:00,12.21208381652832,0.45900246500968933,-11.753081321716309
2026-08-04T04:58:35.404000-04:00,12.178997993469238,0.40522223711013794,-11.773776054382324
2026-08-04T04:58:35.408000-04:00,12.163915634155273,0.3632502853870392,-11.800664901733398
2026-08-04T04:58:35.412000-04:00,12.125334739685059,0.3071317970752716,-11.81820297241211
2026-08-04T04:58:35.416000-04:00,12.116565704345703,0.27802032232284546,-11.838545799255371
2026-08-04T04:58:35.420000-04:00,12.077400207519531,0.22505851089954376,-11.852341651916504
2026-08-04T04:58:35.424000-04:00,12.06535816192627,0.17934532463550568,-11.88601303100586
2026-08-04T04:58:35.428000-04:00,12.024788856506348,0.11726425588130951,-11.907525062561035
2026-08-04T04:58:35.432000-04:00,12.013214111328125,0.07599378377199173,-11.937220573425293
2026-08-04T04:58:35.436000-04:00,11.995209693908691,0.05869058519601822,-11.936518669128418
2026-08-04T04:58:35.440000-04:00,11.970190048217773,0.028994550928473473,-11.941195487976074
2026-08-04T04:58:35.444000-04:00,11.944585800170898,-0.001870616222731769,-11.946455955505371
2026-08-04T04:58:35.448000-04:00,11.944469451904297,-0.018355421721935272,-11.962824821472168
2026-08-04T04:58:35.452000-04:00,11.928101539611816,-0.04828527942299843,-11.976387023925781
2026-08-04T04:58:35.456000-04:00,11.913487434387207,-0.07084959000349045,-11.984336853027344
2026-08-04T04:58:35.460000-04:00,11.919917106628418,-0.05600157380104065,-11.975918769836426
2026-08-04T04:58:35.464000-04:00,11.8989896774292,-0.07435699552297592,-11.973346710205078
2026-08-04T04:58:35.468000-04:00,11.888701438903809,-0.08055341243743896,-11.969254493713379
2026-08-04T04:58:35.472000-04:00,11.894547462463379,-0.10826191306114197,-12.002809524536133
2026-08-04T04:58:35.476000-04:00,11.903432846069336,-0.10265006870031357,-12.006082534790039
2026-08-04T04:58:35.480000-04:00,11.891039848327637,-0.1083788275718689,-11.999418258666992
2026-08-04T04:58:35.484000-04:00,11.873970031738281,-0.1248636320233345,-11.998833656311035
2026-08-04T04:58:35.488000-04:00,11.879582405090332,-0.12018708884716034,-11.99976921081543
2026-08-04T04:58:35.492000-04:00,11.875022888183594,-0.10335154831409454,-11.978374481201172
2026-08-04T04:58:35.496000-04:00,11.886129379272461,-0.09119254350662231,-11.97732162475586
2026-08-04T04:58:35.500000-04:00,11.887298583984375,-0.09189402312040329,-11.979192733764648
2026-08-04T04:58:35.504000-04:00,11.874320983886719,-0.11352302134037018,-11.987844467163086
2026-08-04T04:58:35.508000-04:00,11.868592262268066,-0.11749808490276337,-11.986090660095215
2026-08-04T04:58:35.512000-04:00,11.886713981628418,-0.1091972216963768,-11.995911598205566
2026-08-04T04:58:35.516000-04:00,11.89022159576416,-0.10943105071783066,-11.999652862548828
2026-08-04T04:58:35.520000-04:00,11.887765884399414,-0.10615747421979904,-11.99392318725586
2026-08-04T04:58:35.524000-04:00,11.885311126708984,-0.10744351893663406,-11.992754936218262
2026-08-04T04:58:35.528000-04:00,11.888467788696289,-0.09060797095298767,-11.97907543182373
2026-08-04T04:58:35.532000-04:00,11.887765884399414,-0.0915432795882225,-11.97930908203125
2026-08-04T04:58:35.536000-04:00,11.893728256225586,-0.07879970967769623,-11.972527503967285
2026-08-04T04:58:35.540000-04:00,11.902730941772461,-0.06558848172426224,-11.9683198928833
2026-08-04T04:58:35.544000-04:00,11.889753341674805,-0.057755276560783386,-11.947508811950684
2026-08-04T04:58:35.548000-04:00,11.89466381072998,-0.06780983507633209,-11.96247386932373
2026-08-04T04:58:35.552000-04:00,11.899925231933594,-0.06640687584877014,-11.96633243560791
2026-08-04T04:58:35.556000-04:00,11.910798072814941,-0.06535465270280838,-11.976152420043945
2026-08-04T04:58:35.560000-04:00,11.902613639831543,-0.04711614549160004,-11.949729919433594
2026-08-04T04:58:35.564000-04:00,11.905186653137207,-0.03448948636651039,-11.939676284790039
2026-08-04T04:58:35.568000-04:00,11.9031982421875,-0.0389322005212307,-11.942130088806152
2026-08-04T04:58:35.572000-04:00,11.904251098632812,-0.03226812928915024,-11.936519622802734
2026-08-04T04:58:35.576000-04:00,11.919098854064941,-0.01601715199649334,-11.935115814208984
2026-08-04T04:58:35.580000-04:00,11.915006637573242,-0.02010912448167801,-11.935115814208984
2026-08-04T04:58:35.584000-04:00,11.905536651611328,-0.029929859563708305,-11.935466766357422
2026-08-04T04:58:35.588000-04:00,11.908576965332031,-0.02396726980805397,-11.932544708251953
2026-08-04T04:58:35.592000-04:00,11.916526794433594,-0.018939988687634468,-11.935466766357422
2026-08-04T04:58:35.596000-04:00,11.91126537322998,-0.035307880491018295,-11.946573257446289
2026-08-04T04:58:35.600000-04:00,11.915474891662598,-0.023148875683546066,-11.938623428344727
2026-08-04T04:58:35.604000-04:00,11.904718399047852,-0.02805924415588379,-11.932777404785156
2026-08-04T04:58:35.608000-04:00,11.916994094848633,-0.039049115031957626,-11.956043243408203
2026-08-04T04:58:35.612000-04:00,11.916059494018555,-0.036710843443870544,-11.952770233154297
2026-08-04T04:58:35.616000-04:00,11.919683456420898,-0.03823072090744972,-11.957914352416992
2026-08-04T04:58:35.620000-04:00,11.905536651611328,-0.042205777019262314,-11.947742462158203
2026-08-04T04:58:35.624000-04:00,11.909746170043945,-0.04711614549160004,-11.956862449645996
2026-08-04T04:58:35.628000-04:00,11.908693313598633,-0.04571318253874779,-11.95440673828125
2026-08-04T04:58:35.632000-04:00,11.920735359191895,-0.053780216723680496,-11.974515914916992
2026-08-04T04:58:35.636000-04:00,11.919800758361816,-0.05904132500290871,-11.978841781616211
2026-08-04T04:58:35.640000-04:00,11.911733627319336,-0.06009354442358017,-11.971827507019043
2026-08-04T04:58:35.644000-04:00,11.909979820251465,-0.05611848831176758,-11.96609878540039
2026-08-04T04:58:35.648000-04:00,11.900392532348633,-0.06839440762996674,-11.96878719329834
2026-08-04T04:58:35.652000-04:00,11.901795387268066,-0.07365551590919495,-11.97545051574707
2026-08-04T04:58:35.656000-04:00,11.90951156616211,-0.07295403629541397,-11.982465744018555
2026-08-04T04:58:35.660000-04:00,11.91711139678955,-0.07646144181489944,-11.993573188781738
2026-08-04T04:58:35.664000-04:00,11.897119522094727,-0.07646144181489944,-11.973581314086914
2026-08-04T04:58:35.668000-04:00,11.893260955810547,-0.09505068510770798,-11.988311767578125
2026-08-04T04:58:35.672000-04:00,11.8989896774292,-0.09107562899589539,-11.990065574645996
2026-08-04T04:58:35.676000-04:00,11.903900146484375,-0.09130945801734924,-11.995209693908691
2026-08-04T04:58:35.680000-04:00,11.91489028930664,-0.0862821713089943,-12.001172065734863
2026-08-04T04:58:35.684000-04:00,11.902497291564941,-0.08978957682847977,-11.992286682128906
2026-08-04T04:58:35.688000-04:00,11.893611907958984,-0.09575216472148895,-11.989363670349121
2026-08-04T04:58:35.692000-04:00,11.901445388793945,-0.08850353211164474,-11.989949226379395
2026-08-04T04:58:35.696000-04:00,11.899223327636719,-0.0859314352273941,-11.98515510559082
2026-08-04T04:58:35.700000-04:00,11.915708541870117,-0.06570539623498917,-11.981413841247559
2026-08-04T04:58:35.704000-04:00,11.91535758972168,-0.03355417773127556,-11.948911666870117
2026-08-04T04:58:35.708000-04:00,11.907641410827637,-0.029929859563708305,-11.93757152557373
2026-08-04T04:58:35.712000-04:00,11.904952049255371,-0.04267343133687973,-11.947625160217285
2026-08-04T04:58:35.716000-04:00,11.907524108886719,-0.02127826027572155,-11.928802490234375
2026-08-04T04:58:35.720000-04:00,11.920268058776855,-0.024318011477589607,-11.944585800170898
2026-08-04T04:58:35.724000-04:00,11.916877746582031,-0.016484806314110756,-11.93336296081543
2026-08-04T04:58:35.728000-04:00,11.916409492492676,0.021629000082612038,-11.894780158996582
2026-08-04T04:58:35.732000-04:00,11.889753341674805,0.07190181314945221,-11.817851066589355
2026-08-04T04:58:35.736000-04:00,11.899106979370117,0.09505068510770798,-11.804056167602539
2026-08-04T04:58:35.740000-04:00,11.893494606018066,0.06921280175447464,-11.824281692504883
2026-08-04T04:58:35.744000-04:00,11.896417617797852,0.07774748653173447,-11.818670272827148
2026-08-04T04:58:35.748000-04:00,11.899807929992676,0.08242402970790863,-11.817383766174316
2026-08-04T04:58:35.752000-04:00,11.91757869720459,0.10218241065740585,-11.815396308898926
2026-08-04T04:58:35.756000-04:00,11.942949295043945,0.0425565205514431,-11.900392532348633
2026-08-04T04:58:35.760000-04:00,11.93172550201416,0.030046772211790085,-11.901679039001465
2026-08-04T04:58:35.764000-04:00,11.920619010925293,-0.01718628592789173,-11.93780517578125
2026-08-04T04:58:35.768000-04:00,11.911733627319336,-0.03717849776148796,-11.948911666870117
2026-08-04T04:58:35.772000-04:00,11.90296459197998,-0.037996891885995865,-11.940961837768555
2026-08-04T04:58:35.776000-04:00,11.910447120666504,-0.05857367068529129,-11.96902084350586
2026-08-04T04:58:35.780000-04:00,11.901328086853027,-0.09107562899589539,-11.992403984069824
2026-08-04T04:58:35.784000-04:00,11.893260955810547,-0.11130166798830032,-12.004562377929688
2026-08-04T04:58:35.788000-04:00,11.873970031738281,-0.13304758071899414,-12.007017135620117
2026-08-04T04:58:35.792000-04:00,11.881101608276367,-0.13678881525993347,-12.017889976501465
2026-08-04T04:58:35.796000-04:00,11.879816055297852,-0.1473110318183899,-12.027127265930176
2026-08-04T04:58:35.800000-04:00,11.882505416870117,-0.1481294184923172,-12.030634880065918
2026-08-04T04:58:35.804000-04:00,11.878413200378418,-0.155378058552742,-12.033791542053223
2026-08-04T04:58:35.808000-04:00,11.878997802734375,-0.16671867668628693,-12.045716285705566
2026-08-04T04:58:35.812000-04:00,11.87806224822998,-0.1581839770078659,-12.036246299743652
2026-08-04T04:58:35.816000-04:00,11.876776695251465,-0.16648484766483307,-12.043261528015137
2026-08-04T04:58:35.820000-04:00,11.878997802734375,-0.18238508701324463,-12.061383247375488
2026-08-04T04:58:35.824000-04:00,11.880167007446289,-0.18074829876422882,-12.060914993286133
2026-08-04T04:58:35.828000-04:00,11.866955757141113,-0.20494939386844635,-12.071905136108398
2026-08-04T04:58:35.832000-04:00,11.867890357971191,-0.1806313842535019,-12.048521995544434
2026-08-04T04:58:35.836000-04:00,11.876893043518066,-0.19208890199661255,-12.068982124328613
2026-08-04T04:58:35.840000-04:00,11.879231452941895,-0.18472334742546082,-12.06395435333252
2026-08-04T04:58:35.844000-04:00,11.857368469238281,-0.1946610063314438,-12.052029609680176
2026-08-04T04:58:35.848000-04:00,11.820775032043457,-0.15947003662586212,-11.980244636535645
2026-08-04T04:58:35.852000-04:00,11.827555656433105,-0.11714734137058258,-11.944703102111816
2026-08-04T04:58:35.856000-04:00,11.88028335571289,-0.12077166140079498,-12.001054763793945
2026-08-04T04:58:35.860000-04:00,11.931024551391602,-0.11247079819440842,-12.043495178222656
2026-08-04T04:58:35.864000-04:00,12.071086883544922,0.055300090461969376,-12.015787124633789
2026-08-04T04:58:35.868000-04:00,12.276386260986328,0.3769291639328003,-11.899456977844238
2026-08-04T04:58:35.872000-04:00,12.255342483520508,0.7567811608314514,-11.498560905456543
2026-08-04T04:58:35.876000-04:00,12.20202922821045,1.5708500146865845,-10.631178855895996
2026-08-04T04:58:35.880000-04:00,12.142637252807617,2.0238897800445557,-10.11874771118164
2026-08-04T04:58:35.884000-04:00,12.05927848815918,2.213874340057373,-9.845403671264648
2026-08-04T04:58:35.888000-04:00,12.023152351379395,2.1631338596343994,-9.860018730163574
2026-08-04T04:58:35.892000-04:00,11.936168670654297,1.6758383512496948,-10.260330200195312
2026-08-04T04:58:35.896000-04:00,11.874438285827637,1.0185505151748657,-10.855887413024902
2026-08-04T04:58:35.900000-04:00,11.85584831237793,0.669096052646637,-11.186752319335938
2026-08-04T04:58:35.904000-04:00,11.923542022705078,0.2710055112838745,-11.652536392211914
2026-08-04T04:58:35.908000-04:00,11.976036071777344,0.194310262799263,-11.781725883483887
2026-08-04T04:58:35.912000-04:00,11.998366355895996,0.1400623917579651,-11.858304023742676
2026-08-04T04:58:35.916000-04:00,11.960369110107422,0.09189402312040329,-11.868474960327148
2026-08-04T04:58:35.920000-04:00,11.951367378234863,0.025487145408988,-11.925880432128906
2026-08-04T04:58:35.924000-04:00,11.948210716247559,0.009703821502625942,-11.938507080078125
2026-08-04T04:58:35.928000-04:00,11.951717376708984,-0.020810605958104134,-11.972528457641602
2026-08-04T04:58:35.932000-04:00,11.950782775878906,-0.033904917538166046,-11.984687805175781
2026-08-04T04:58:35.936000-04:00,11.953354835510254,-0.04629775136709213,-11.999652862548828
2026-08-04T04:58:35.940000-04:00,11.95861530303955,-0.04886984825134277,-12.007485389709473
2026-08-04T04:58:35.944000-04:00,11.949496269226074,-0.05565083399415016,-12.005146980285645
2026-08-04T04:58:35.948000-04:00,11.957096099853516,-0.04922058805823326,-12.006317138671875
2026-08-04T04:58:35.952000-04:00,11.953121185302734,-0.052494168281555176,-12.005615234375
2026-08-04T04:58:35.956000-04:00,11.964812278747559,-0.035424795001745224,-12.000237464904785
2026-08-04T04:58:35.960000-04:00,11.966448783874512,-0.03285269811749458,-11.99930191040039
2026-08-04T04:58:35.964000-04:00,11.958966255187988,-0.030982080847024918,-11.989948272705078
2026-08-04T04:58:35.968000-04:00,11.969956398010254,-0.02244739420711994,-11.992403984069824
2026-08-04T04:58:35.972000-04:00,11.967735290527344,-0.0240841843187809,-11.991819381713867
2026-08-04T04:58:35.976000-04:00,11.97486686706543,-0.0026890109293162823,-11.977556228637695
2026-08-04T04:58:35.980000-04:00,11.985037803649902,0.020459864288568497,-11.964577674865723
2026-08-04T04:58:35.984000-04:00,11.9683198928833,0.007365551311522722,-11.960954666137695
2026-08-04T04:58:35.988000-04:00,11.982349395751953,0.007482464890927076,-11.97486686706543
2026-08-04T04:58:35.992000-04:00,11.992988586425781,0.026071714237332344,-11.966917037963867
2026-08-04T04:58:35.996000-04:00,12.005497932434082,0.05109120532870293,-11.95440673828125
2026-08-04T04:58:36-04:00,12.012863159179688,0.05436478555202484,-11.958498001098633
2026-08-04T04:58:36.004000-04:00,11.995560646057129,0.04127047210931778,-11.954290390014648
2026-08-04T04:58:36.008000-04:00,12.005497932434082,0.05705379322171211,-11.948444366455078
2026-08-04T04:58:36.012000-04:00,12.020813941955566,0.07412316650152206,-11.946690559387207
2026-08-04T04:58:36.016000-04:00,12.029114723205566,0.0831255093216896,-11.945989608764648
2026-08-04T04:58:36.020000-04:00,12.031686782836914,0.1072096899151802,-11.924476623535156
2026-08-04T04:58:36.024000-04:00,12.032622337341309,0.11387376487255096,-11.91874885559082
2026-08-04T04:58:36.028000-04:00,12.044079780578613,0.13035856187343597,-11.913721084594727
2026-08-04T04:58:36.032000-04:00,12.056706428527832,0.14076386392116547,-11.915942192077637
2026-08-04T04:58:36.036000-04:00,12.067228317260742,0.16519878804683685,-11.902029991149902
2026-08-04T04:58:36.040000-04:00,12.08616828918457,0.21149654686450958,-11.874671936035156
2026-08-04T04:58:36.044000-04:00,12.089792251586914,0.216406911611557,-11.873385429382324
2026-08-04T04:58:36.048000-04:00,12.10054874420166,0.24399849772453308,-11.856550216674805
2026-08-04T04:58:36.052000-04:00,12.115747451782227,0.26001566648483276,-11.855731964111328
2026-08-04T04:58:36.056000-04:00,12.147665023803711,0.292634516954422,-11.855030059814453
2026-08-04T04:58:36.060000-04:00,12.142988204956055,0.3369447588920593,-11.80604362487793
2026-08-04T04:58:36.064000-04:00,12.163681983947754,0.3640686869621277,-11.799612998962402
2026-08-04T04:58:36.068000-04:00,12.1869478225708,0.37634459137916565,-11.810603141784668
2026-08-04T04:58:36.072000-04:00,12.19770336151123,0.41083407402038574,-11.786869049072266
2026-08-04T04:58:36.076000-04:00,12.214655876159668,0.45654726028442383,-11.758108139038086
2026-08-04T04:58:36.080000-04:00,12.227633476257324,0.47829318046569824,-11.749340057373047
2026-08-04T04:58:36.084000-04:00,12.24061107635498,0.5077553987503052,-11.732855796813965
2026-08-04T04:58:36.088000-04:00,12.245637893676758,0.5128995776176453,-11.732738494873047
2026-08-04T04:58:36.092000-04:00,12.255576133728027,0.537451446056366,-11.718124389648438
2026-08-04T04:58:36.096000-04:00,12.261187553405762,0.5500780940055847,-11.711109161376953
2026-08-04T04:58:36.100000-04:00,12.256978988647461,0.568784236907959,-11.688194274902344
2026-08-04T04:58:36.104000-04:00,12.247742652893066,0.5579112768173218,-11.689831733703613
2026-08-04T04:58:36.108000-04:00,12.233830451965332,0.5437647700309753,-11.690065383911133
2026-08-04T04:58:36.112000-04:00,12.22646427154541,0.5327748656272888,-11.693689346313477
2026-08-04T04:58:36.116000-04:00,12.220619201660156,0.5240063667297363,-11.696613311767578
2026-08-04T04:58:36.120000-04:00,12.199691772460938,0.4945441782474518,-11.705147743225098
2026-08-04T04:58:36.124000-04:00,12.18075180053711,0.4599377512931824,-11.720813751220703
2026-08-04T04:58:36.128000-04:00,12.147196769714355,0.40685904026031494,-11.740337371826172
2026-08-04T04:58:36.132000-04:00,12.131881713867188,0.36231496930122375,-11.769566535949707
2026-08-04T04:58:36.136000-04:00,12.113993644714355,0.32572105526924133,-11.788272857666016
2026-08-04T04:58:36.140000-04:00,12.079504013061523,0.27556514739990234,-11.803938865661621
2026-08-04T04:58:36.144000-04:00,12.051912307739258,0.22739678621292114,-11.824515342712402
2026-08-04T04:58:36.148000-04:00,12.032037734985352,0.17537027597427368,-11.856667518615723
2026-08-04T04:58:36.152000-04:00,12.012629508972168,0.13503511250019073,-11.877593994140625
2026-08-04T04:58:36.156000-04:00,11.998015403747559,0.10452067852020264,-11.893494606018066
2026-08-04T04:58:36.160000-04:00,11.981764793395996,0.05904132500290871,-11.922723770141602
2026-08-04T04:58:36.164000-04:00,11.956745147705078,0.027591589838266373,-11.929153442382812
2026-08-04T04:58:36.168000-04:00,11.945170402526855,-0.0010522216325625777,-11.946222305297852
2026-08-04T04:58:36.172000-04:00,11.940377235412598,-0.014848016202449799,-11.955224990844727
2026-08-04T04:58:36.176000-04:00,11.927633285522461,-0.025019491091370583,-11.952652931213379
2026-08-04T04:58:36.180000-04:00,11.927399635314941,-0.0240841843187809,-11.951483726501465
2026-08-04T04:58:36.184000-04:00,11.90682315826416,-0.048752933740615845,-11.955575942993164
2026-08-04T04:58:36.188000-04:00,11.895014762878418,-0.06979736685752869,-11.964812278747559
2026-08-04T04:58:36.192000-04:00,11.901094436645508,-0.06851132214069366,-11.969605445861816
2026-08-04T04:58:36.196000-04:00,11.895716667175293,-0.06558848172426224,-11.961305618286133
2026-08-04T04:58:36.200000-04:00,11.895248413085938,-0.05705379322171211,-11.952301979064941
2026-08-04T04:58:36.204000-04:00,11.885544776916504,-0.08090414851903915,-11.966448783874512
2026-08-04T04:58:36.208000-04:00,11.882739067077637,-0.07844896614551544,-11.961188316345215
2026-08-04T04:58:36.212000-04:00,11.891156196594238,-0.07622761279344559,-11.96738338470459
2026-08-04T04:58:36.216000-04:00,11.895482063293457,-0.06289947032928467,-11.958381652832031
2026-08-04T04:58:36.220000-04:00,11.884842872619629,-0.07003119587898254,-11.954874038696289
2026-08-04T04:58:36.224000-04:00,11.881218910217285,-0.06266564130783081,-11.94388484954834
2026-08-04T04:58:36.228000-04:00,11.874320983886719,-0.06979736685752869,-11.94411849975586
2026-08-04T04:58:36.232000-04:00,11.884258270263672,-0.05483243986964226,-11.939090728759766
2026-08-04T04:58:36.236000-04:00,11.894079208374023,-0.04232269152998924,-11.936402320861816
2026-08-04T04:58:36.240000-04:00,11.889636993408203,-0.05167577415704727,-11.941312789916992
2026-08-04T04:58:36.244000-04:00,11.889286041259766,-0.04559627175331116,-11.934882164001465
2026-08-04T04:58:36.248000-04:00,11.880400657653809,-0.06091194227337837,-11.941312789916992
2026-08-04T04:58:36.252000-04:00,11.893027305603027,-0.04664849117398262,-11.939675331115723
2026-08-04T04:58:36.256000-04:00,11.899807929992676,-0.043258000165224075,-11.943065643310547
2026-08-04T04:58:36.260000-04:00,11.902379989624023,-0.041971951723098755,-11.944352149963379
2026-08-04T04:58:36.264000-04:00,11.899456977844238,-0.042088866233825684,-11.941545486450195
2026-08-04T04:58:36.268000-04:00,11.895599365234375,-0.043258000165224075,-11.938857078552246
2026-08-04T04:58:36.272000-04:00,11.896300315856934,-0.028293069452047348,-11.924592971801758
2026-08-04T04:58:36.276000-04:00,11.912318229675293,-0.018121594563126564,-11.930439949035645
2026-08-04T04:58:36.280000-04:00,11.9072904586792,-0.018238509073853493,-11.925528526306152
2026-08-04T04:58:36.284000-04:00,11.901094436645508,-0.023499615490436554,-11.924593925476074
2026-08-04T04:58:36.288000-04:00,11.910096168518066,-0.016718631610274315,-11.926815032958984
2026-08-04T04:58:36.292000-04:00,11.916877746582031,-0.005027281120419502,-11.921904563903809
2026-08-04T04:58:36.296000-04:00,11.91711139678955,-0.004910367541015148,-11.922021865844727
2026-08-04T04:58:36.300000-04:00,11.918514251708984,-0.002572097349911928,-11.921086311340332
2026-08-04T04:58:36.304000-04:00,11.914539337158203,-0.002572097349911928,-11.91711139678955
2026-08-04T04:58:36.308000-04:00,11.913603782653809,-0.019407643005251884,-11.933011054992676
2026-08-04T04:58:36.312000-04:00,11.918747901916504,-0.0075993784703314304,-11.926347732543945
2026-08-04T04:58:36.316000-04:00,11.918163299560547,-0.007014811038970947,-11.925178527832031
2026-08-04T04:58:36.320000-04:00,11.922606468200684,0.0007014810689724982,-11.921904563903809
2026-08-04T04:58:36.324000-04:00,11.907875061035156,0.00011691351392073557,-11.907757759094238
2026-08-04T04:58:36.328000-04:00,11.9155912399292,-0.003741232445463538,-11.919332504272461
2026-08-04T04:58:36.332000-04:00,11.921788215637207,-0.02244739420711994,-11.944235801696777
2026-08-04T04:58:36.336000-04:00,11.925996780395508,-0.02010912448167801,-11.94610595703125
2026-08-04T04:58:36.340000-04:00,11.922606468200684,-0.014848016202449799,-11.937454223632812
2026-08-04T04:58:36.344000-04:00,11.914305686950684,-0.018939988687634468,-11.933245658874512
2026-08-04T04:58:36.348000-04:00,11.909862518310547,-0.027123935520648956,-11.936986923217773
2026-08-04T04:58:36.352000-04:00,11.916175842285156,-0.030046772211790085,-11.946222305297852
2026-08-04T04:58:36.356000-04:00,11.92319107055664,-0.02537023276090622,-11.948561668395996
2026-08-04T04:58:36.360000-04:00,11.9155912399292,-0.025604059919714928,-11.941195487976074
2026-08-04T04:58:36.364000-04:00,11.90951156616211,-0.030982080847024918,-11.9404935836792
2026-08-04T04:58:36.368000-04:00,11.908108711242676,-0.050038982182741165,-11.958148002624512
2026-08-04T04:58:36.372000-04:00,11.907174110412598,-0.04489478841423988,-11.952069282531738
2026-08-04T04:58:36.376000-04:00,11.908927917480469,-0.04968824237585068,-11.958616256713867
2026-08-04T04:58:36.380000-04:00,11.915824890136719,-0.04699923098087311,-11.962823867797852
2026-08-04T04:58:36.384000-04:00,11.899574279785156,-0.03963368013501167,-11.939208030700684
2026-08-04T04:58:36.388000-04:00,11.896417617797852,-0.044660963118076324,-11.941078186035156
2026-08-04T04:58:36.392000-04:00,11.898171424865723,-0.05366330221295357,-11.951834678649902
2026-08-04T04:58:36.396000-04:00,11.897002220153809,-0.05448169633746147,-11.951483726501465
2026-08-04T04:58:36.400000-04:00,11.896417617797852,-0.05962589383125305,-11.956043243408203
2026-08-04T04:58:36.404000-04:00,11.894781112670898,-0.05985971912741661,-11.95464038848877
2026-08-04T04:58:36.408000-04:00,11.89875602722168,-0.06500391662120819,-11.963760375976562
2026-08-04T04:58:36.412000-04:00,11.90121078491211,-0.06722526997327805,-11.968436241149902
2026-08-04T04:58:36.416000-04:00,11.908576965332031,-0.0658223107457161,-11.97439956665039
2026-08-04T04:58:36.420000-04:00,11.907407760620117,-0.05974280461668968,-11.967150688171387
2026-08-04T04:58:36.424000-04:00,11.918163299560547,-0.03296961262822151,-11.951132774353027
2026-08-04T04:58:36.428000-04:00,11.915006637573242,-0.002455183770507574,-11.917461395263672
2026-08-04T04:58:36.432000-04:00,11.903900146484375,0.015081843361258507,-11.888818740844727
2026-08-04T04:58:36.436000-04:00,11.9155912399292,0.022330481559038162,-11.893260955810547
2026-08-04T04:58:36.440000-04:00,11.90951156616211,0.0007014810689724982,-11.908809661865234
2026-08-04T04:58:36.444000-04:00,11.904251098632812,0.017653940245509148,-11.886597633361816
2026-08-04T04:58:36.448000-04:00,11.912434577941895,0.06827749311923981,-11.844157218933105
2026-08-04T04:58:36.452000-04:00,11.88823413848877,0.10627438127994537,-11.781959533691406
2026-08-04T04:58:36.456000-04:00,11.887999534606934,0.11890104413032532,-11.769098281860352
2026-08-04T04:58:36.460000-04:00,11.894312858581543,0.09902574867010117,-11.795287132263184
2026-08-04T04:58:36.464000-04:00,11.884842872619629,0.11936869472265244,-11.765474319458008
2026-08-04T04:58:36.468000-04:00,11.891390800476074,0.11317227780818939,-11.778218269348145
2026-08-04T04:58:36.472000-04:00,11.913487434387207,0.10568981617689133,-11.8077974319458
2026-08-04T04:58:36.476000-04:00,11.937337875366211,0.1007794514298439,-11.83655834197998
2026-08-04T04:58:36.480000-04:00,11.926464080810547,0.08242402970790863,-11.844039916992188
2026-08-04T04:58:36.484000-04:00,11.905653953552246,0.013561967760324478,-11.892091751098633
2026-08-04T04:58:36.488000-04:00,11.9031982421875,-0.018355421721935272,-11.921553611755371
2026-08-04T04:58:36.492000-04:00,11.899925231933594,-0.021512087434530258,-11.92143726348877
2026-08-04T04:58:36.496000-04:00,11.900041580200195,-0.02279813587665558,-11.922840118408203
2026-08-04T04:58:36.500000-04:00,11.89653491973877,-0.055300090461969376,-11.951834678649902
2026-08-04T04:58:36.504000-04:00,11.873502731323242,-0.09049105644226074,-11.963994026184082
2026-08-04T04:58:36.508000-04:00,11.869059562683105,-0.10405302792787552,-11.973113059997559
2026-08-04T04:58:36.512000-04:00,11.86555290222168,-0.1167965978384018,-11.982349395751953
2026-08-04T04:58:36.516000-04:00,11.868241310119629,-0.12030400335788727,-11.988545417785645
2026-08-04T04:58:36.520000-04:00,11.873385429382324,-0.12088857591152191,-11.994274139404297
2026-08-04T04:58:36.524000-04:00,11.869410514831543,-0.1288386881351471,-11.998249053955078
2026-08-04T04:58:36.528000-04:00,11.856082916259766,-0.14754486083984375,-12.00362777709961
2026-08-04T04:58:36.532000-04:00,11.874320983886719,-0.1425175666809082,-12.016838073730469
2026-08-04T04:58:36.536000-04:00,11.871515274047852,-0.15198756754398346,-12.023503303527832
2026-08-04T04:58:36.540000-04:00,11.861109733581543,-0.1590023785829544,-12.020112037658691
2026-08-04T04:58:36.544000-04:00,11.85561466217041,-0.15759941935539246,-12.013214111328125
2026-08-04T04:58:36.548000-04:00,11.854211807250977,-0.1505846083164215,-12.004796028137207
2026-08-04T04:58:36.552000-04:00,11.848600387573242,-0.14766177535057068,-11.996262550354004
2026-08-04T04:58:36.556000-04:00,11.85923957824707,-0.14789558947086334,-12.007135391235352
2026-08-04T04:58:36.560000-04:00,11.848716735839844,-0.14473892748355865,-11.99345588684082
2026-08-04T04:58:36.564000-04:00,11.84485912322998,-0.1321122646331787,-11.976971626281738
2026-08-04T04:58:36.568000-04:00,11.813057899475098,-0.10370228439569473,-11.916760444641113
2026-08-04T04:58:36.572000-04:00,11.803705215454102,-0.08639908581972122,-11.890104293823242
2026-08-04T04:58:36.576000-04:00,11.869294166564941,-0.09855809062719345,-11.967852592468262
2026-08-04T04:58:36.580000-04:00,11.926815032958984,-0.06570539623498917,-11.992520332336426
2026-08-04T04:58:36.584000-04:00,12.066059112548828,0.0927124172449112,-11.973346710205078
2026-08-04T04:58:36.588000-04:00,12.18075180053711,0.3007015585899353,-11.880050659179688
2026-08-04T04:58:36.592000-04:00,12.158304214477539,0.8077554702758789,-11.35054874420166
2026-08-04T04:58:36.596000-04:00,12.104056358337402,1.5863994359970093,-10.517657279968262
2026-08-04T04:58:36.600000-04:00,12.047470092773438,2.0263450145721436,-10.021124839782715
2026-08-04T04:58:36.604000-04:00,11.985857009887695,2.267303705215454,-9.71855354309082
2026-08-04T04:58:36.608000-04:00,11.920501708984375,2.25362491607666,-9.666876792907715
2026-08-04T04:58:36.612000-04:00,11.882855415344238,1.7295016050338745,-10.153353691101074
2026-08-04T04:58:36.616000-04:00,11.84953498840332,1.2721359729766846,-10.577399253845215
2026-08-04T04:58:36.620000-04:00,11.872800827026367,0.7200703024864197,-11.152730941772461
2026-08-04T04:58:36.624000-04:00,11.887064933776855,0.2891271114349365,-11.59793758392334
2026-08-04T04:58:36.628000-04:00,11.96025276184082,0.2307872772216797,-11.72946548461914
2026-08-04T04:58:36.632000-04:00,11.96072006225586,0.16087299585342407,-11.799846649169922
2026-08-04T04:58:36.636000-04:00,11.921788215637207,0.09657055884599686,-11.825217247009277
2026-08-04T04:58:36.640000-04:00,11.936635971069336,0.040568988770246506,-11.896066665649414
2026-08-04T04:58:36.644000-04:00,11.933245658874512,0.03156664967536926,-11.901679039001465
2026-08-04T04:58:36.648000-04:00,11.92728328704834,0.0009353081113658845,-11.926347732543945
2026-08-04T04:58:36.652000-04:00,11.93581771850586,-0.004910367541015148,-11.940728187561035
2026-08-04T04:58:36.656000-04:00,11.934297561645508,-0.024902578443288803,-11.959199905395508
2026-08-04T04:58:36.660000-04:00,11.933362007141113,-0.026071714237332344,-11.959433555603027
2026-08-04T04:58:36.664000-04:00,11.932427406311035,-0.043374914675951004,-11.975802421569824
2026-08-04T04:58:36.668000-04:00,11.933362007141113,-0.05331256240606308,-11.986674308776855
2026-08-04T04:58:36.672000-04:00,11.942715644836426,-0.03519096598029137,-11.977906227111816
2026-08-04T04:58:36.676000-04:00,11.951132774353027,-0.029696032404899597,-11.980829238891602
2026-08-04T04:58:36.680000-04:00,11.94856071472168,-0.03226812928915024,-11.980829238891602
2026-08-04T04:58:36.684000-04:00,11.946690559387207,-0.013094313442707062,-11.959784507751465
2026-08-04T04:58:36.688000-04:00,11.957914352416992,-0.014731102623045444,-11.97264575958252
2026-08-04T04:58:36.692000-04:00,11.953705787658691,-0.008768513798713684,-11.96247386932373
2026-08-04T04:58:36.696000-04:00,11.975334167480469,0.015198756940662861,-11.960135459899902
2026-08-04T04:58:36.700000-04:00,11.967735290527344,0.013678881339728832,-11.954056739807129
2026-08-04T04:58:36.704000-04:00,11.96270751953125,0.012743572704494,-11.949963569641113
2026-08-04T04:58:36.708000-04:00,11.969489097595215,0.014263448305428028,-11.955225944519043
2026-08-04T04:58:36.712000-04:00,11.987727165222168,0.03355417773127556,-11.95417308807373
2026-08-04T04:58:36.716000-04:00,11.98316764831543,0.0305144265294075,-11.952652931213379
2026-08-04T04:58:36.720000-04:00,11.988194465637207,0.05693688243627548,-11.931257247924805
2026-08-04T04:58:36.724000-04:00,11.989363670349121,0.06477008759975433,-11.924593925476074
2026-08-04T04:58:36.728000-04:00,11.994976043701172,0.056703053414821625,-11.938273429870605
2026-08-04T04:58:36.732000-04:00,12.011110305786133,0.08686674386262894,-11.924243927001953
2026-08-04T04:58:36.736000-04:00,12.013565063476562,0.08745130896568298,-11.926114082336426
2026-08-04T04:58:36.740000-04:00,12.022099494934082,0.09844117611646652,-11.92365837097168
2026-08-04T04:58:36.744000-04:00,12.016721725463867,0.1100156158208847,-11.906705856323242
2026-08-04T04:58:36.748000-04:00,12.025139808654785,0.11223697662353516,-11.91290283203125
2026-08-04T04:58:36.752000-04:00,12.046768188476562,0.12357758730649948,-11.92319107055664
2026-08-04T04:58:36.756000-04:00,12.070384979248047,0.1662510186433792,-11.904133796691895
2026-08-04T04:58:36.760000-04:00,12.080556869506836,0.1979345828294754,-11.882622718811035
2026-08-04T04:58:36.764000-04:00,12.07810115814209,0.20483247935771942,-11.873269081115723
2026-08-04T04:58:36.768000-04:00,12.088857650756836,0.22459085285663605,-11.864266395568848
2026-08-04T04:58:36.772000-04:00,12.113642692565918,0.2677319347858429,-11.845911026000977
2026-08-04T04:58:36.776000-04:00,12.137142181396484,0.2921668589115143,-11.844975471496582
2026-08-04T04:58:36.780000-04:00,12.15222454071045,0.32700708508491516,-11.825217247009277
2026-08-04T04:58:36.784000-04:00,12.169761657714844,0.3537802994251251,-11.815980911254883
2026-08-04T04:58:36.788000-04:00,12.175957679748535,0.3846454620361328,-11.791312217712402
2026-08-04T04:58:36.792000-04:00,12.214422225952148,0.42007026076316833,-11.794351577758789
2026-08-04T04:58:36.796000-04:00,12.230439186096191,0.4575994908809662,-11.772839546203613
2026-08-04T04:58:36.800000-04:00,12.243650436401367,0.46753713488578796,-11.776113510131836
2026-08-04T04:58:36.804000-04:00,12.247041702270508,0.499454528093338,-11.747587203979492
2026-08-04T04:58:36.808000-04:00,12.251834869384766,0.5009744167327881,-11.750860214233398
2026-08-04T04:58:36.812000-04:00,12.26107120513916,0.527747631072998,-11.73332405090332
2026-08-04T04:58:36.816000-04:00,12.26352596282959,0.5437647700309753,-11.71976089477539
2026-08-04T04:58:36.820000-04:00,12.267618179321289,0.5368668437004089,-11.730751037597656
2026-08-04T04:58:36.824000-04:00,12.256160736083984,0.5395558476448059,-11.716605186462402
2026-08-04T04:58:36.828000-04:00,12.251951217651367,0.5320733785629272,-11.719878196716309
2026-08-04T04:58:36.832000-04:00,12.248093605041504,0.529852032661438,-11.718241691589355
2026-08-04T04:58:36.836000-04:00,12.23453140258789,0.5082230567932129,-11.726308822631836
2026-08-04T04:58:36.840000-04:00,12.212785720825195,0.47116145491600037,-11.741623878479004
2026-08-04T04:58:36.844000-04:00,12.18496036529541,0.4358535706996918,-11.749106407165527
2026-08-04T04:58:36.848000-04:00,12.169177055358887,0.40487149357795715,-11.764305114746094
2026-08-04T04:58:36.852000-04:00,12.141585350036621,0.37038201093673706,-11.77120304107666
2026-08-04T04:58:36.856000-04:00,12.10662841796875,0.31087303161621094,-11.795755386352539
2026-08-04T04:58:36.860000-04:00,12.079737663269043,0.25113022327423096,-11.828607559204102
2026-08-04T04:58:36.864000-04:00,12.04688549041748,0.2051832228899002,-11.841702461242676
2026-08-04T04:58:36.868000-04:00,12.03297233581543,0.1545596718788147,-11.878412246704102
2026-08-04T04:58:36.872000-04:00,12.014032363891602,0.11878412961959839,-11.895248413085938
2026-08-04T04:58:36.876000-04:00,11.997079849243164,0.08604834973812103,-11.911031723022461
2026-08-04T04:58:36.880000-04:00,11.974282264709473,0.05483243986964226,-11.919449806213379
2026-08-04T04:58:36.884000-04:00,11.951601028442383,0.018004681915044785,-11.93359661102295
2026-08-04T04:58:36.888000-04:00,11.946573257446289,-0.015315670520067215,-11.961889266967773
2026-08-04T04:58:36.892000-04:00,11.929153442382812,-0.04243960604071617,-11.971592903137207
2026-08-04T04:58:36.896000-04:00,11.926698684692383,-0.05553391948342323,-11.982233047485352
2026-08-04T04:58:36.900000-04:00,11.912434577941895,-0.07342168688774109,-11.985856056213379
2026-08-04T04:58:36.904000-04:00,11.881686210632324,-0.10814499855041504,-11.98983097076416
2026-08-04T04:58:36.908000-04:00,11.883440017700195,-0.12334375828504562,-12.006783485412598
2026-08-04T04:58:36.912000-04:00,11.882621765136719,-0.12007018178701401,-12.002692222595215
2026-08-04T04:58:36.916000-04:00,11.889870643615723,-0.11060018092393875,-12.000471115112305
2026-08-04T04:58:36.920000-04:00,11.889870643615723,-0.11621203273534775,-12.006082534790039
2026-08-04T04:58:36.924000-04:00,11.871047019958496,-0.12462980300188065,-11.99567699432373
2026-08-04T04:58:36.928000-04:00,11.862746238708496,-0.12498054653406143,-11.987727165222168
2026-08-04T04:58:36.932000-04:00,11.87630844116211,-0.10662512481212616,-11.98293399810791
2026-08-04T04:58:36.936000-04:00,11.88215446472168,-0.11141857504844666,-11.993573188781738
2026-08-04T04:58:36.940000-04:00,11.860992431640625,-0.12334375828504562,-11.984335899353027
2026-08-04T04:58:36.944000-04:00,11.867423057556152,-0.11352302134037018,-11.98094654083252
2026-08-04T04:58:36.948000-04:00,11.866371154785156,-0.13106004893779755,-11.997430801391602
2026-08-04T04:58:36.952000-04:00,11.870930671691895,-0.12462980300188065,-11.995560646057129
2026-08-04T04:58:36.956000-04:00,11.892325401306152,-0.11738117039203644,-12.009706497192383
2026-08-04T04:58:36.960000-04:00,11.882270812988281,-0.1148090735077858,-11.997079849243164
2026-08-04T04:58:36.964000-04:00,11.875957489013672,-0.13176153600215912,-12.007719039916992
2026-08-04T04:58:36.968000-04:00,11.86777400970459,-0.11878412961959839,-11.986557960510254
2026-08-04T04:58:36.972000-04:00,11.87584114074707,-0.1164458617568016,-11.992286682128906
2026-08-04T04:58:36.976000-04:00,11.88636302947998,-0.11024944484233856,-11.996612548828125
2026-08-04T04:58:36.980000-04:00,11.883090019226074,-0.10791117697954178,-11.99100112915039
2026-08-04T04:58:36.984000-04:00,11.87630844116211,-0.10148093104362488,-11.977788925170898
2026-08-04T04:58:36.988000-04:00,11.880867958068848,-0.0979735255241394,-11.978841781616211
2026-08-04T04:58:36.992000-04:00,11.889052391052246,-0.09563525766134262,-11.984687805175781
2026-08-04T04:58:36.996000-04:00,11.883206367492676,-0.0871005654335022,-11.970307350158691
2026-08-04T04:58:37-04:00,11.89267635345459,-0.08160563558340073,-11.974282264709473
2026-08-04T04:58:37.004000-04:00,11.880985260009766,-0.09130945801734924,-11.972294807434082
2026-08-04T04:58:37.008000-04:00,11.889636993408203,-0.09259550273418427,-11.982232093811035
2026-08-04T04:58:37.012000-04:00,11.899456977844238,-0.07166798412799835,-11.971124649047852
2026-08-04T04:58:37.016000-04:00,11.899574279785156,-0.07014811038970947,-11.969722747802734
2026-08-04T04:58:37.020000-04:00,11.896183967590332,-0.0710834190249443,-11.967267036437988
2026-08-04T04:58:37.024000-04:00,11.885311126708984,-0.08300859481096268,-11.9683198928833
2026-08-04T04:58:37.028000-04:00,11.88858413696289,-0.09505068510770798,-11.983634948730469
2026-08-04T04:58:37.032000-04:00,11.895132064819336,-0.07657834887504578,-11.971710205078125
2026-08-04T04:58:37.036000-04:00,11.906354904174805,-0.09294624626636505,-11.999300956726074
2026-08-04T04:58:37.040000-04:00,11.891390800476074,-0.08090414851903915,-11.972294807434082
2026-08-04T04:58:37.044000-04:00,11.893378257751465,-0.08920501172542572,-11.982583045959473
2026-08-04T04:58:37.048000-04:00,11.89653491973877,-0.10183166712522507,-11.998366355895996
2026-08-04T04:58:37.052000-04:00,11.897704124450684,-0.0983242616057396,-11.996027946472168
2026-08-04T04:58:37.056000-04:00,11.916526794433594,-0.10171476006507874,-12.018241882324219
2026-08-04T04:58:37.060000-04:00,11.889636993408203,-0.0991426631808281,-11.98878002166748
2026-08-04T04:58:37.064000-04:00,11.892091751098633,-0.08745130896568298,-11.97954273223877
2026-08-04T04:58:37.068000-04:00,11.881336212158203,-0.10393611341714859,-11.985272407531738
2026-08-04T04:58:37.072000-04:00,11.8906888961792,-0.13094313442707062,-12.021632194519043
2026-08-04T04:58:37.076000-04:00,11.903315544128418,-0.13678881525993347,-12.040103912353516
2026-08-04T04:58:37.080000-04:00,11.893611907958984,-0.13830868899822235,-12.031920433044434
2026-08-04T04:58:37.084000-04:00,11.881686210632324,-0.14871399104595184,-12.030400276184082
2026-08-04T04:58:37.088000-04:00,11.887181282043457,-0.13947781920433044,-12.02665901184082
2026-08-04T04:58:37.092000-04:00,11.893845558166504,-0.13795794546604156,-12.031803131103516
2026-08-04T04:58:37.096000-04:00,11.890104293823242,-0.1469602882862091,-12.037064552307129
2026-08-04T04:58:37.100000-04:00,11.89291000366211,-0.13702264428138733,-12.029932975769043
2026-08-04T04:58:37.104000-04:00,11.884726524353027,-0.14275139570236206,-12.027478218078613
2026-08-04T04:58:37.108000-04:00,11.881686210632324,-0.1521044820547104,-12.033790588378906
2026-08-04T04:58:37.112000-04:00,11.885895729064941,-0.14403745532035828,-12.029932975769043
2026-08-04T04:58:37.116000-04:00,11.894196510314941,-0.16145756840705872,-12.055654525756836
2026-08-04T04:58:37.120000-04:00,11.887999534606934,-0.16800472140312195,-12.056004524230957
2026-08-04T04:58:37.124000-04:00,11.882739067077637,-0.16882310807704926,-12.051562309265137
2026-08-04T04:58:37.128000-04:00,11.886012077331543,-0.1677708923816681,-12.053783416748047
2026-08-04T04:58:37.132000-04:00,11.888350486755371,-0.18004681169986725,-12.068397521972656
2026-08-04T04:58:37.136000-04:00,11.89875602722168,-0.1839049607515335,-12.082660675048828
2026-08-04T04:58:37.140000-04:00,11.880867958068848,-0.19489482045173645,-12.075762748718262
2026-08-04T04:58:37.144000-04:00,11.866722106933594,-0.1974669247865677,-12.064188957214355
2026-08-04T04:58:37.148000-04:00,11.87630844116211,-0.1982853263616562,-12.074593544006348
2026-08-04T04:58:37.152000-04:00,11.881803512573242,-0.19641470909118652,-12.078218460083008
2026-08-04T04:58:37.156000-04:00,11.885544776916504,-0.17969606816768646,-12.065240859985352
2026-08-04T04:58:37.160000-04:00,11.883323669433594,-0.17455187439918518,-12.057875633239746
2026-08-04T04:58:37.164000-04:00,11.871631622314453,-0.19781766831874847,-12.069449424743652
2026-08-04T04:58:37.168000-04:00,11.881336212158203,-0.21243184804916382,-12.093768119812012
2026-08-04T04:58:37.172000-04:00,11.875139236450195,-0.20565086603164673,-12.080790519714355
2026-08-04T04:58:37.176000-04:00,11.882270812988281,-0.1982853263616562,-12.08055591583252
2026-08-04T04:58:37.180000-04:00,11.876542091369629,-0.20775531232357025,-12.084297180175781
2026-08-04T04:58:37.184000-04:00,11.867189407348633,-0.20845679938793182,-12.07564640045166
2026-08-04T04:58:37.188000-04:00,11.875723838806152,-0.21710839867591858,-12.092832565307617
2026-08-04T04:58:37.192000-04:00,11.881569862365723,-0.20939210057258606,-12.090962409973145
2026-08-04T04:58:37.196000-04:00,11.880751609802246,-0.21745914220809937,-12.098210334777832
2026-08-04T04:58:37.200000-04:00,11.864500045776367,-0.2228371500968933,-12.087337493896484
2026-08-04T04:58:37.204000-04:00,11.862512588500977,-0.2200312316417694,-12.08254337310791
2026-08-04T04:58:37.208000-04:00,11.868825912475586,-0.20939210057258606,-12.078218460083008
2026-08-04T04:58:37.212000-04:00,11.892325401306152,-0.19091977179050446,-12.083245277404785
2026-08-04T04:58:37.216000-04:00,11.90050983428955,-0.17455187439918518,-12.075061798095703
2026-08-04T04:58:37.220000-04:00,11.886713981628418,-0.1573655903339386,-12.044079780578613
2026-08-04T04:58:37.224000-04:00,11.887181282043457,-0.15116918087005615,-12.038350105285645
2026-08-04T04:58:37.228000-04:00,11.891039848327637,-0.15526114404201508,-12.046300888061523
2026-08-04T04:58:37.232000-04:00,11.910330772399902,-0.1585347205400467,-12.068865776062012
2026-08-04T04:58:37.236000-04:00,11.91535758972168,-0.12813721597194672,-12.043495178222656
2026-08-04T04:58:37.240000-04:00,11.909628868103027,-0.08219020068645477,-11.991819381713867
2026-08-04T04:58:37.244000-04:00,11.88390827178955,-0.0795011892914772,-11.963409423828125
2026-08-04T04:58:37.248000-04:00,11.860992431640625,-0.07961810380220413,-11.940610885620117
2026-08-04T04:58:37.252000-04:00,11.891156196594238,-0.07961810380220413,-11.97077465057373
2026-08-04T04:58:37.256000-04:00,11.882855415344238,-0.05600157380104065,-11.938857078552246
2026-08-04T04:58:37.260000-04:00,11.883790969848633,-0.052494168281555176,-11.936285018920898
2026-08-04T04:58:37.264000-04:00,11.891624450683594,-0.08160563558340073,-11.973230361938477
2026-08-04T04:58:37.268000-04:00,11.90050983428955,-0.10218241065740585,-12.002692222595215
2026-08-04T04:58:37.272000-04:00,11.905186653137207,-0.12439598143100739,-12.029582977294922
2026-08-04T04:58:37.276000-04:00,11.889168739318848,-0.1492985635995865,-12.038467407226562
2026-08-04T04:58:37.280000-04:00,11.888935089111328,-0.16870619356632233,-12.05764102935791
2026-08-04T04:58:37.284000-04:00,11.877828598022461,-0.19127051532268524,-12.069099426269531
2026-08-04T04:58:37.288000-04:00,11.883790969848633,-0.21289950609207153,-12.09669017791748
2026-08-04T04:58:37.292000-04:00,11.876893043518066,-0.24142640829086304,-12.118319511413574
2026-08-04T04:58:37.296000-04:00,11.859122276306152,-0.25381922721862793,-12.11294174194336
2026-08-04T04:58:37.300000-04:00,11.854562759399414,-0.2556898593902588,-12.110252380371094
2026-08-04T04:58:37.304000-04:00,11.858888626098633,-0.2794232964515686,-12.138312339782715
2026-08-04T04:58:37.308000-04:00,11.846144676208496,-0.2929852604866028,-12.139129638671875
2026-08-04T04:58:37.312000-04:00,11.866955757141113,-0.3047935366630554,-12.171749114990234
2026-08-04T04:58:37.316000-04:00,11.861577033996582,-0.299532413482666,-12.161109924316406
2026-08-04T04:58:37.320000-04:00,11.845911026000977,-0.29321908950805664,-12.139129638671875
2026-08-04T04:58:37.324000-04:00,11.84754753112793,-0.3236165940761566,-12.171164512634277
2026-08-04T04:58:37.328000-04:00,11.847898483276367,-0.310756117105484,-12.15865421295166
2026-08-04T04:58:37.332000-04:00,11.860758781433105,-0.3132112920284271,-12.173970222473145
2026-08-04T04:58:37.336000-04:00,11.858304023742676,-0.3183555006980896,-12.17665958404541
2026-08-04T04:58:37.340000-04:00,11.852224349975586,-0.32127833366394043,-12.173502922058105
2026-08-04T04:58:37.344000-04:00,11.84708023071289,-0.31940773129463196,-12.166487693786621
2026-08-04T04:58:37.348000-04:00,11.847431182861328,-0.33542487025260925,-12.182855606079102
2026-08-04T04:58:37.352000-04:00,11.853860855102539,-0.3323851227760315,-12.186245918273926
2026-08-04T04:58:37.356000-04:00,11.827555656433105,-0.3056119382381439,-12.133167266845703
2026-08-04T04:58:37.360000-04:00,11.809667587280273,-0.2594310939311981,-12.069098472595215
2026-08-04T04:58:37.364000-04:00,11.831414222717285,-0.2517147958278656,-12.083128929138184
2026-08-04T04:58:37.368000-04:00,11.901679039001465,-0.2613016963005066,-12.162981033325195
2026-08-04T04:58:37.372000-04:00,11.986791610717773,-0.17326582968235016,-12.160057067871094
2026-08-04T04:58:37.376000-04:00,12.190104484558105,0.08008575439453125,-12.110018730163574
2026-08-04T04:58:37.380000-04:00,12.263409614562988,0.3653547167778015,-11.898055076599121
2026-08-04T04:58:37.384000-04:00,12.175139427185059,1.0553783178329468,-11.11976146697998
2026-08-04T04:58:37.388000-04:00,12.111187934875488,1.7966099977493286,-10.31457805633545
2026-08-04T04:58:37.392000-04:00,12.038467407226562,2.037919521331787,-10.000547409057617
2026-08-04T04:58:37.396000-04:00,12.019761085510254,2.015939712524414,-10.00382137298584
2026-08-04T04:58:37.400000-04:00,11.954991340637207,1.7678492069244385,-10.187142372131348
2026-08-04T04:58:37.404000-04:00,11.866137504577637,1.0802809000015259,-10.785856246948242
2026-08-04T04:58:37.408000-04:00,11.81679916381836,0.7089635729789734,-11.10783576965332
2026-08-04T04:58:37.412000-04:00,11.848950386047363,0.20202654600143433,-11.646924018859863
2026-08-04T04:58:37.416000-04:00,11.911499977111816,0.07365551590919495,-11.837844848632812
2026-08-04T04:58:37.420000-04:00,11.97264575958252,0.004208886530250311,-11.968437194824219
2026-08-04T04:58:37.424000-04:00,11.93780517578125,-0.06675761938095093,-12.004562377929688
2026-08-04T04:58:37.428000-04:00,11.923542022705078,-0.1136399358510971,-12.037181854248047
2026-08-04T04:58:37.432000-04:00,11.940728187561035,-0.15748250484466553,-12.098210334777832
2026-08-04T04:58:37.436000-04:00,11.933245658874512,-0.16519878804683685,-12.098443984985352
2026-08-04T04:58:37.440000-04:00,11.930088996887207,-0.18016372621059418,-12.110252380371094
2026-08-04T04:58:37.444000-04:00,11.9238920211792,-0.1923227310180664,-12.116214752197266
2026-08-04T04:58:37.448000-04:00,11.922840118408203,-0.21488703787326813,-12.137726783752441
2026-08-04T04:58:37.452000-04:00,11.934414863586426,-0.2067030966281891,-12.141118049621582
2026-08-04T04:58:37.456000-04:00,11.947626113891602,-0.19372569024562836,-12.141351699829102
2026-08-04T04:58:37.460000-04:00,11.937220573425293,-0.19243964552879333,-12.129660606384277
2026-08-04T04:58:37.464000-04:00,11.937103271484375,-0.19045211374759674,-12.127555847167969
2026-08-04T04:58:37.468000-04:00,11.934648513793945,-0.19384260475635529,-12.128491401672363
2026-08-04T04:58:37.472000-04:00,11.938389778137207,-0.1882307529449463,-12.126620292663574
2026-08-04T04:58:37.476000-04:00,11.950782775878906,-0.1850740909576416,-12.135856628417969
2026-08-04T04:58:37.480000-04:00,11.942949295043945,-0.18332038819789886,-12.126269340515137
2026-08-04T04:58:37.484000-04:00,11.942831993103027,-0.18893224000930786,-12.13176441192627
2026-08-04T04:58:37.488000-04:00,11.951717376708984,-0.19197198748588562,-12.143689155578613
2026-08-04T04:58:37.492000-04:00,11.956511497497559,-0.16847237944602966,-12.124983787536621
2026-08-04T04:58:37.496000-04:00,11.97732162475586,-0.14766177535057068,-12.124983787536621
2026-08-04T04:58:37.500000-04:00,11.969839096069336,-0.13760720193386078,-12.107446670532227
2026-08-04T04:58:37.504000-04:00,11.979192733764648,-0.14567424356937408,-12.12486743927002
2026-08-04T04:58:37.508000-04:00,11.974983215332031,-0.13480128347873688,-12.109784126281738
2026-08-04T04:58:37.512000-04:00,11.991935729980469,-0.11703042685985565,-12.108965873718262
2026-08-04T04:58:37.516000-04:00,11.98562240600586,-0.1007794514298439,-12.08640193939209
2026-08-04T04:58:37.520000-04:00,11.986908912658691,-0.09060797095298767,-12.077516555786133
2026-08-04T04:58:37.524000-04:00,11.990650177001953,-0.08137180656194687,-12.072022438049316
2026-08-04T04:58:37.528000-04:00,12.012980461120605,-0.060561198741197586,-12.073541641235352
2026-08-04T04:58:37.532000-04:00,12.012980461120605,-0.051208119839429855,-12.064188957214355
2026-08-04T04:58:37.536000-04:00,12.01613712310791,-0.03998441994190216,-12.056121826171875
2026-08-04T04:58:37.540000-04:00,12.050275802612305,-0.006313329562544823,-12.056589126586914
2026-08-04T04:58:37.544000-04:00,12.045598983764648,0.001870616222731769,-12.043728828430176
2026-08-04T04:58:37.548000-04:00,12.038351058959961,0.0021044432651251554,-12.036246299743652
2026-08-04T04:58:37.552000-04:00,12.048521995544434,0.04384256899356842,-12.004679679870605
2026-08-04T04:58:37.556000-04:00,12.075762748718262,0.07716292142868042,-11.998600006103516
2026-08-04T04:58:37.560000-04:00,12.078803062438965,0.08417773246765137,-11.994625091552734
2026-08-04T04:58:37.564000-04:00,12.095871925354004,0.11726425588130951,-11.978608131408691
2026-08-04T04:58:37.568000-04:00,12.114811897277832,0.14824633300304413,-11.966565132141113
2026-08-04T04:58:37.572000-04:00,12.135154724121094,0.17677323520183563,-11.958381652832031
2026-08-04T04:58:37.576000-04:00,12.147547721862793,0.21184729039669037,-11.935700416564941
2026-08-04T04:58:37.580000-04:00,12.159707069396973,0.22833208739757538,-11.931374549865723
2026-08-04T04:58:37.584000-04:00,12.181219100952148,0.27766960859298706,-11.903549194335938
2026-08-04T04:58:37.588000-04:00,12.196768760681152,0.31087303161621094,-11.885895729064941
2026-08-04T04:58:37.592000-04:00,12.213019371032715,0.34150436520576477,-11.871515274047852
2026-08-04T04:58:37.596000-04:00,12.223775863647461,0.37353867292404175,-11.850236892700195
2026-08-04T04:58:37.600000-04:00,12.226581573486328,0.37669533491134644,-11.849885940551758
2026-08-04T04:58:37.604000-04:00,12.224125862121582,0.3882697820663452,-11.835856437683105
2026-08-04T04:58:37.608000-04:00,12.224827766418457,0.3902572989463806,-11.83457088470459
2026-08-04T04:58:37.612000-04:00,12.22178840637207,0.40323472023010254,-11.818553924560547
2026-08-04T04:58:37.616000-04:00,12.2200345993042,0.4022994041442871,-11.81773567199707
2026-08-04T04:58:37.620000-04:00,12.214422225952148,0.4010133445262909,-11.813408851623535
2026-08-04T04:58:37.624000-04:00,12.194196701049805,0.3568200469017029,-11.837376594543457
2026-08-04T04:58:37.628000-04:00,12.186245918273926,0.3521434962749481,-11.834102630615234
2026-08-04T04:58:37.632000-04:00,12.163915634155273,0.3231489658355713,-11.840766906738281
2026-08-04T04:58:37.636000-04:00,12.157953262329102,0.30046772956848145,-11.8574857711792
2026-08-04T04:58:37.640000-04:00,12.128491401672363,0.258028119802475,-11.870463371276855
2026-08-04T04:58:37.644000-04:00,12.09634017944336,0.21465320885181427,-11.88168716430664
2026-08-04T04:58:37.648000-04:00,12.075295448303223,0.15795016288757324,-11.91734504699707
2026-08-04T04:58:37.652000-04:00,12.053666114807129,0.11960252374410629,-11.934063911437988
2026-08-04T04:58:37.656000-04:00,12.037882804870605,0.08078724145889282,-11.9570951461792
2026-08-04T04:58:37.660000-04:00,12.00222396850586,0.016250979155302048,-11.985973358154297
2026-08-04T04:58:37.664000-04:00,11.984687805175781,0.00011691351392073557,-11.984570503234863
2026-08-04T04:58:37.668000-04:00,11.967968940734863,-0.03074825368821621,-11.998717308044434
2026-08-04T04:58:37.672000-04:00,11.960369110107422,-0.05997663363814354,-12.020345687866211
2026-08-04T04:58:37.676000-04:00,11.949028968811035,-0.08417773246765137,-12.033206939697266
2026-08-04T04:58:37.680000-04:00,11.929855346679688,-0.1148090735077858,-12.04466438293457
2026-08-04T04:58:37.684000-04:00,11.897820472717285,-0.15444275736808777,-12.052263259887695
2026-08-04T04:58:37.688000-04:00,11.89688491821289,-0.179111510515213,-12.075996398925781
2026-08-04T04:58:37.692000-04:00,11.902263641357422,-0.17127829790115356,-12.073541641235352
2026-08-04T04:58:37.696000-04:00,11.893494606018066,-0.18133285641670227,-12.074827194213867
2026-08-04T04:58:37.700000-04:00,11.87385368347168,-0.2015589028596878,-12.07541275024414
2026-08-04T04:58:37.704000-04:00,11.877944946289062,-0.19489482045173645,-12.072839736938477
2026-08-04T04:58:37.708000-04:00,11.878764152526855,-0.20226037502288818,-12.081024169921875
2026-08-04T04:58:37.712000-04:00,11.876659393310547,-0.216406911611557,-12.093066215515137
2026-08-04T04:58:37.716000-04:00,11.873269081115723,-0.20787222683429718,-12.081141471862793
2026-08-04T04:58:37.720000-04:00,11.86777400970459,-0.21184729039669037,-12.079621315002441
2026-08-04T04:58:37.724000-04:00,11.863448143005371,-0.2071707397699356,-12.070618629455566
2026-08-04T04:58:37.728000-04:00,11.861343383789062,-0.22295406460762024,-12.084297180175781
2026-08-04T04:58:37.732000-04:00,11.86754035949707,-0.21862827241420746,-12.08616828918457
2026-08-04T04:58:37.736000-04:00,11.866253852844238,-0.2215511053800583,-12.087804794311523
2026-08-04T04:58:37.740000-04:00,11.866020202636719,-0.20226037502288818,-12.068280220031738
2026-08-04T04:58:37.744000-04:00,11.864968299865723,-0.19618088006973267,-12.061149597167969
2026-08-04T04:58:37.748000-04:00,11.86754035949707,-0.18846458196640015,-12.056004524230957
2026-08-04T04:58:37.752000-04:00,11.866722106933594,-0.18448951840400696,-12.0512113571167
2026-08-04T04:58:37.756000-04:00,11.88215446472168,-0.1758379191160202,-12.057991981506348
2026-08-04T04:58:37.760000-04:00,11.87385368347168,-0.17852693796157837,-12.052380561828613
2026-08-04T04:58:37.764000-04:00,11.85725212097168,-0.18554174900054932,-12.042794227600098
2026-08-04T04:58:37.768000-04:00,11.868943214416504,-0.1657833606004715,-12.0347261428833
2026-08-04T04:58:37.772000-04:00,11.868474960327148,-0.15385818481445312,-12.022333145141602
2026-08-04T04:58:37.776000-04:00,11.878764152526855,-0.1690569370985031,-12.047821044921875
2026-08-04T04:58:37.780000-04:00,11.878413200378418,-0.160989910364151,-12.039402961730957
2026-08-04T04:58:37.784000-04:00,11.883557319641113,-0.15689793229103088,-12.040454864501953
2026-08-04T04:58:37.788000-04:00,11.877360343933105,-0.1469602882862091,-12.024320602416992
2026-08-04T04:58:37.792000-04:00,11.880634307861328,-0.1533905267715454,-12.034025192260742
2026-08-04T04:58:37.796000-04:00,11.888467788696289,-0.1408807784318924,-12.029348373413086
2026-08-04T04:58:37.800000-04:00,11.898638725280762,-0.11375685036182404,-12.012395858764648
2026-08-04T04:58:37.804000-04:00,11.896183967590332,-0.1063912957906723,-12.002574920654297
2026-08-04T04:58:37.808000-04:00,11.8948974609375,-0.12065474689006805,-12.015552520751953
2026-08-04T04:58:37.812000-04:00,11.90074348449707,-0.11913487315177917,-12.019878387451172
2026-08-04T04:58:37.816000-04:00,11.898054122924805,-0.11106783896684647,-12.009121894836426
2026-08-04T04:58:37.820000-04:00,11.889870643615723,-0.10779426246881485,-11.997664451599121
2026-08-04T04:58:37.824000-04:00,11.8989896774292,-0.10089636594057083,-11.999886512756348
2026-08-04T04:58:37.828000-04:00,11.902613639831543,-0.11375685036182404,-12.01637077331543
2026-08-04T04:58:37.832000-04:00,11.905069351196289,-0.10101327300071716,-12.006082534790039
2026-08-04T04:58:37.836000-04:00,11.899106979370117,-0.11141857504844666,-12.010525703430176
2026-08-04T04:58:37.840000-04:00,11.896066665649414,-0.11176931858062744,-12.00783634185791
2026-08-04T04:58:37.844000-04:00,11.889636993408203,-0.11948560923337936,-12.009122848510742
2026-08-04T04:58:37.848000-04:00,11.884960174560547,-0.14228375256061554,-12.027243614196777
2026-08-04T04:58:37.852000-04:00,11.906354904174805,-0.12977400422096252,-12.036128997802734
2026-08-04T04:58:37.856000-04:00,11.892793655395508,-0.12240844964981079,-12.015202522277832
2026-08-04T04:58:37.860000-04:00,11.884492874145508,-0.1565471887588501,-12.041040420532227
2026-08-04T04:58:37.864000-04:00,11.888467788696289,-0.13819177448749542,-12.026659965515137
2026-08-04T04:58:37.868000-04:00,11.878880500793457,-0.16087299585342407,-12.039753913879395
2026-08-04T04:58:37.872000-04:00,11.883557319641113,-0.16063916683197021,-12.044196128845215
2026-08-04T04:58:37.876000-04:00,11.889052391052246,-0.145791158080101,-12.034843444824219
2026-08-04T04:58:37.880000-04:00,11.884258270263672,-0.15888546407222748,-12.043143272399902
2026-08-04T04:58:37.884000-04:00,11.88683032989502,-0.1629774421453476,-12.04980754852295
2026-08-04T04:58:37.888000-04:00,11.864617347717285,-0.17677323520183563,-12.041390419006348
2026-08-04T04:58:37.892000-04:00,11.870579719543457,-0.16835546493530273,-12.038934707641602
2026-08-04T04:58:37.896000-04:00,11.883206367492676,-0.1657833606004715,-12.048989295959473
2026-08-04T04:58:37.900000-04:00,11.878764152526855,-0.17817619442939758,-12.056940078735352
2026-08-04T04:58:37.904000-04:00,11.864850997924805,-0.20261111855506897,-12.067461967468262
2026-08-04T04:58:37.908000-04:00,11.866722106933594,-0.20541703701019287,-12.072138786315918
2026-08-04T04:58:37.912000-04:00,11.878179550170898,-0.15795016288757324,-12.03612995147705
2026-08-04T04:58:37.916000-04:00,11.86754035949707,-0.1601715087890625,-12.027711868286133
2026-08-04T04:58:37.920000-04:00,11.870930671691895,-0.1682385504245758,-12.039169311523438
2026-08-04T04:58:37.924000-04:00,11.844508171081543,-0.2023772895336151,-12.04688549041748
2026-08-04T04:58:37.928000-04:00,11.850470542907715,-0.209509015083313,-12.059979438781738
2026-08-04T04:58:37.932000-04:00,11.87560749053955,-0.1926734745502472,-12.068281173706055
2026-08-04T04:58:37.936000-04:00,11.868474960327148,-0.18296964466571808,-12.051445007324219
2026-08-04T04:58:37.940000-04:00,11.877243995666504,-0.1786438524723053,-12.055888175964355
2026-08-04T04:58:37.944000-04:00,11.862863540649414,-0.17174595594406128,-12.0346097946167
2026-08-04T04:58:37.948000-04:00,11.87584114074707,-0.17045989632606506,-12.046300888061523
2026-08-04T04:58:37.952000-04:00,11.878997802734375,-0.1742011308670044,-12.05319881439209
2026-08-04T04:58:37.956000-04:00,11.864032745361328,-0.176188662648201,-12.040221214294434
2026-08-04T04:58:37.960000-04:00,11.864500045776367,-0.1690569370985031,-12.033556938171387
2026-08-04T04:58:37.964000-04:00,11.871748924255371,-0.1854248344898224,-12.057173728942871
2026-08-04T04:58:37.968000-04:00,11.870813369750977,-0.1802806407213211,-12.051094055175781
2026-08-04T04:58:37.972000-04:00,11.866838455200195,-0.19816841185092926,-12.065007209777832
2026-08-04T04:58:37.976000-04:00,11.858654975891113,-0.19138741493225098,-12.050042152404785
2026-08-04T04:58:37.980000-04:00,11.847898483276367,-0.18156668543815613,-12.029464721679688
2026-08-04T04:58:37.984000-04:00,11.8491849899292,-0.1662510186433792,-12.015436172485352
2026-08-04T04:58:37.988000-04:00,11.846612930297852,-0.18916606903076172,-12.035778999328613
2026-08-04T04:58:37.992000-04:00,11.864733695983887,-0.19279038906097412,-12.057523727416992
2026-08-04T04:58:37.996000-04:00,11.856783866882324,-0.17887768149375916,-12.035661697387695
2026-08-04T04:58:38-04:00,11.83316707611084,-0.20413099229335785,-12.037298202514648
2026-08-04T04:58:38.004000-04:00,11.850704193115234,-0.2010912448167801,-12.05179500579834
2026-08-04T04:58:38.008000-04:00,11.880049705505371,-0.1834373027086258,-12.06348705291748
2026-08-04T04:58:38.012000-04:00,11.908226013183594,-0.11457524448633194,-12.022801399230957
2026-08-04T04:58:38.016000-04:00,11.90296459197998,-0.10779426246881485,-12.010758399963379
2026-08-04T04:58:38.020000-04:00,11.87584114074707,-0.1091972216963768,-11.985038757324219
2026-08-04T04:58:38.024000-04:00,11.864500045776367,-0.10908030718564987,-11.973580360412598
2026-08-04T04:58:38.028000-04:00,11.874554634094238,-0.10604055970907211,-11.980595588684082
2026-08-04T04:58:38.032000-04:00,11.919917106628418,-0.04010133445262909,-11.960018157958984
2026-08-04T04:58:38.036000-04:00,11.912318229675293,0.0003507405344862491,-11.911967277526855
2026-08-04T04:58:38.040000-04:00,11.867189407348633,-0.010054562240839005,-11.877243995666504
2026-08-04T04:58:38.044000-04:00,11.850704193115234,-0.028760723769664764,-11.879465103149414
2026-08-04T04:58:38.048000-04:00,11.853276252746582,-0.04232269152998924,-11.895599365234375
2026-08-04T04:58:38.052000-04:00,11.835739135742188,-0.03577553480863571,-11.871514320373535
2026-08-04T04:58:38.056000-04:00,11.875957489013672,0.006196416448801756,-11.86976146697998
2026-08-04T04:58:38.060000-04:00,11.911849975585938,-0.010405302979052067,-11.922255516052246
2026-08-04T04:58:38.064000-04:00,11.900158882141113,-0.010989869944751263,-11.911149024963379
2026-08-04T04:58:38.068000-04:00,11.887649536132812,-0.08850353211164474,-11.976153373718262
2026-08-04T04:58:38.072000-04:00,11.842988014221191,-0.16531570255756378,-12.00830364227295
2026-08-04T04:58:38.076000-04:00,11.891975402832031,-0.09130945801734924,-11.983284950256348
2026-08-04T04:58:38.080000-04:00,11.878764152526855,-0.09692130237817764,-11.975685119628906
2026-08-04T04:58:38.084000-04:00,11.849418640136719,-0.15105226635932922,-12.000471115112305
2026-08-04T04:58:38.088000-04:00,11.868825912475586,-0.1742011308670044,-12.0430269241333
2026-08-04T04:58:38.092000-04:00,11.863448143005371,-0.18636013567447662,-12.049808502197266
2026-08-04T04:58:38.096000-04:00,11.846495628356934,-0.19922062754631042,-12.045716285705566
2026-08-04T04:58:38.100000-04:00,11.836207389831543,-0.2200312316417694,-12.056238174438477
2026-08-04T04:58:38.104000-04:00,11.84287166595459,-0.23499616980552673,-12.07786750793457
2026-08-04T04:58:38.108000-04:00,11.854679107666016,-0.2272798717021942,-12.081958770751953
2026-08-04T04:58:38.112000-04:00,11.836207389831543,-0.22786444425582886,-12.064071655273438
2026-08-04T04:58:38.116000-04:00,11.819722175598145,-0.2231878936290741,-12.042909622192383
2026-08-04T04:58:38.120000-04:00,11.841117858886719,-0.22821517288684845,-12.06933307647705
2026-08-04T04:58:38.124000-04:00,11.844157218933105,-0.23008579015731812,-12.07424259185791
2026-08-04T04:58:38.128000-04:00,11.843338966369629,-0.23558072745800018,-12.078919410705566
2026-08-04T04:58:38.132000-04:00,11.825450897216797,-0.2532346844673157,-12.078685760498047
2026-08-04T04:58:38.136000-04:00,11.840299606323242,-0.2432970255613327,-12.083596229553223
2026-08-04T04:58:38.140000-04:00,11.812707901000977,-0.26925182342529297,-12.08195972442627
2026-08-04T04:58:38.144000-04:00,11.811772346496582,-0.26562750339508057,-12.077400207519531
2026-08-04T04:58:38.148000-04:00,11.798210144042969,-0.25148096680641174,-12.049691200256348
2026-08-04T04:58:38.152000-04:00,11.776581764221191,-0.19419334828853607,-11.97077465057373
2026-08-04T04:58:38.156000-04:00,11.753900527954102,-0.1742011308670044,-11.928101539611816
2026-08-04T04:58:38.160000-04:00,11.817852020263672,-0.1730320006608963,-11.990883827209473
2026-08-04T04:58:38.164000-04:00,11.894079208374023,-0.16613410413265228,-12.060213088989258
2026-08-04T04:58:38.168000-04:00,12.065591812133789,0.010054562240839005,-12.055537223815918
2026-08-04T04:58:38.172000-04:00,12.14392375946045,0.22143419086933136,-11.922489166259766
2026-08-04T04:58:38.176000-04:00,12.095287322998047,0.7557289600372314,-11.339558601379395
2026-08-04T04:58:38.180000-04:00,12.065591812133789,1.257638692855835,-10.807952880859375
2026-08-04T04:58:38.184000-04:00,11.984804153442383,1.946493148803711,-10.038311004638672
2026-08-04T04:58:38.188000-04:00,11.922722816467285,2.144895315170288,-9.777827262878418
2026-08-04T04:58:38.192000-04:00,11.868474960327148,2.1441938877105713,-9.724281311035156
2026-08-04T04:58:38.196000-04:00,11.845677375793457,1.6042872667312622,-10.241390228271484
2026-08-04T04:58:38.200000-04:00,11.803237915039062,1.152416467666626,-10.650821685791016
2026-08-04T04:58:38.204000-04:00,11.818787574768066,0.5777865648269653,-11.24100112915039
2026-08-04T04:58:38.208000-04:00,11.826152801513672,0.22540925443172455,-11.600743293762207
2026-08-04T04:58:38.212000-04:00,11.920501708984375,0.1425175666809082,-11.777984619140625
2026-08-04T04:58:38.216000-04:00,11.931608200073242,0.06792674958705902,-11.86368179321289
2026-08-04T04:58:38.220000-04:00,11.869059562683105,-0.027357762679457664,-11.896417617797852
2026-08-04T04:58:38.224000-04:00,11.888467788696289,-0.07681217789649963,-11.965279579162598
2026-08-04T04:58:38.228000-04:00,11.895716667175293,-0.07704600691795349,-11.972763061523438
2026-08-04T04:58:38.232000-04:00,11.879348754882812,-0.1035853698849678,-11.98293399810791
2026-08-04T04:58:38.236000-04:00,11.860174179077148,-0.12018708884716034,-11.980360984802246
2026-08-04T04:58:38.240000-04:00,11.882505416870117,-0.13550275564193726,-12.0180082321167
2026-08-04T04:58:38.244000-04:00,11.880049705505371,-0.15806707739830017,-12.038116455078125
2026-08-04T04:58:38.248000-04:00,11.904952049255371,-0.14883090555667877,-12.053783416748047
2026-08-04T04:58:38.252000-04:00,11.904017448425293,-0.1357365846633911,-12.039753913879395
2026-08-04T04:58:38.256000-04:00,11.902029991149902,-0.13421671092510223,-12.036246299743652
2026-08-04T04:58:38.260000-04:00,11.911733627319336,-0.11667968332767487,-12.028413772583008
2026-08-04T04:58:38.264000-04:00,11.909161567687988,-0.1280203014612198,-12.037181854248047
2026-08-04T04:58:38.268000-04:00,11.920385360717773,-0.09610290825366974,-12.016488075256348
2026-08-04T04:58:38.272000-04:00,11.92143726348877,-0.10568981617689133,-12.027127265930176
2026-08-04T04:58:38.276000-04:00,11.913019180297852,-0.13819177448749542,-12.0512113571167
2026-08-04T04:58:38.280000-04:00,11.913370132446289,-0.12638351321220398,-12.039753913879395
2026-08-04T04:58:38.284000-04:00,11.919917106628418,-0.07260329276323318,-11.992520332336426
2026-08-04T04:58:38.288000-04:00,11.92319107055664,-0.08639908581972122,-12.009590148925781
2026-08-04T04:58:38.292000-04:00,11.934882164001465,-0.08534686267375946,-12.02022933959961
2026-08-04T04:58:38.296000-04:00,11.936518669128418,-0.05950897932052612,-11.996027946472168
2026-08-04T04:58:38.300000-04:00,11.931374549865723,-0.06710835546255112,-11.998482704162598
2026-08-04T04:58:38.304000-04:00,11.944819450378418,-0.040685903280973434,-11.985505104064941
2026-08-04T04:58:38.308000-04:00,11.959317207336426,-0.0198752973228693,-11.979192733764648
2026-08-04T04:58:38.312000-04:00,11.972528457641602,-0.02022603712975979,-11.992754936218262
2026-08-04T04:58:38.316000-04:00,11.972528457641602,0.0053780218586325645,-11.967150688171387
2026-08-04T04:58:38.320000-04:00,11.96072006225586,0.0026890109293162823,-11.958030700683594
2026-08-04T04:58:38.324000-04:00,11.994976043701172,0.01122369710355997,-11.983752250671387
2026-08-04T04:58:38.328000-04:00,11.982115745544434,0.014029622077941895,-11.968086242675781
2026-08-04T04:58:38.332000-04:00,11.992053031921387,0.03729541227221489,-11.954757690429688
2026-08-04T04:58:38.336000-04:00,12.002107620239258,0.04080281779170036,-11.961304664611816
2026-08-04T04:58:38.340000-04:00,12.01368236541748,0.07435699552297592,-11.939325332641602
2026-08-04T04:58:38.344000-04:00,12.032622337341309,0.09095871448516846,-11.94166374206543
2026-08-04T04:58:38.348000-04:00,12.049223899841309,0.10381919890642166,-11.945405006408691
2026-08-04T04:58:38.352000-04:00,12.072138786315918,0.13035856187343597,-11.941780090332031
2026-08-04T04:58:38.356000-04:00,12.068280220031738,0.13784103095531464,-11.930438995361328
2026-08-04T04:58:38.360000-04:00,12.098093032836914,0.20202654600143433,-11.896066665649414
2026-08-04T04:58:38.364000-04:00,12.117968559265137,0.2240062952041626,-11.893961906433105
2026-08-04T04:58:38.368000-04:00,12.14205265045166,0.27287614345550537,-11.869176864624023
2026-08-04T04:58:38.372000-04:00,12.16052532196045,0.2893609404563904,-11.871164321899414
2026-08-04T04:58:38.376000-04:00,12.17642593383789,0.3371785879135132,-11.839247703552246
2026-08-04T04:58:38.380000-04:00,12.189870834350586,0.3473500609397888,-11.842520713806152
2026-08-04T04:58:38.384000-04:00,12.19957447052002,0.35833990573883057,-11.84123420715332
2026-08-04T04:58:38.388000-04:00,12.229504585266113,0.4145753085613251,-11.814929008483887
2026-08-04T04:58:38.392000-04:00,12.227984428405762,0.4323461651802063,-11.795638084411621
2026-08-04T04:58:38.396000-04:00,12.231842994689941,0.43901023268699646,-11.792832374572754
2026-08-04T04:58:38.400000-04:00,12.226114273071289,0.4556119740009308,-11.770502090454102
2026-08-04T04:58:38.404000-04:00,12.233479499816895,0.4681217074394226,-11.765357971191406
2026-08-04T04:58:38.408000-04:00,12.23055648803711,0.46543270349502563,-11.76512336730957
2026-08-04T04:58:38.412000-04:00,12.240260124206543,0.4577164053916931,-11.782544136047363
2026-08-04T04:58:38.416000-04:00,12.216409683227539,0.44544050097465515,-11.77096939086914
2026-08-04T04:58:38.420000-04:00,12.205303192138672,0.4316447079181671,-11.773658752441406
2026-08-04T04:58:38.424000-04:00,12.190455436706543,0.41492605209350586,-11.775529861450195
2026-08-04T04:58:38.428000-04:00,12.179231643676758,0.40042877197265625,-11.778802871704102
2026-08-04T04:58:38.432000-04:00,12.153160095214844,0.34033524990081787,-11.812825202941895
2026-08-04T04:58:38.436000-04:00,12.139246940612793,0.31742018461227417,-11.821826934814453
2026-08-04T04:58:38.440000-04:00,12.090494155883789,0.26282158493995667,-11.827672958374023
2026-08-04T04:58:38.444000-04:00,12.066526412963867,0.2456352859735489,-11.820891380310059
2026-08-04T04:58:38.448000-04:00,12.04127311706543,0.199922114610672,-11.841350555419922
2026-08-04T04:58:38.452000-04:00,12.027360916137695,0.15549497306346893,-11.871866226196289
2026-08-04T04:58:38.456000-04:00,12.021865844726562,0.12100549042224884,-11.900860786437988
2026-08-04T04:58:38.460000-04:00,11.989948272705078,0.05974280461668968,-11.930205345153809
2026-08-04T04:58:38.464000-04:00,11.959784507751465,0.007014811038970947,-11.95276927947998
2026-08-04T04:58:38.468000-04:00,11.938740730285645,-0.047466885298490524,-11.986207962036133
2026-08-04T04:58:38.472000-04:00,11.924476623535156,-0.0198752973228693,-11.944352149963379
2026-08-04T04:58:38.476000-04:00,11.92143726348877,-0.044660963118076324,-11.966097831726074
2026-08-04T04:58:38.480000-04:00,11.907524108886719,-0.0750584751367569,-11.982583045959473
2026-08-04T04:58:38.484000-04:00,11.88051700592041,-0.11305537074804306,-11.993572235107422
2026-08-04T04:58:38.488000-04:00,11.877828598022461,-0.11317227780818939,-11.99100112915039
2026-08-04T04:58:38.492000-04:00,11.88051700592041,-0.12533128261566162,-12.005847930908203
2026-08-04T04:58:38.496000-04:00,11.874905586242676,-0.14824633300304413,-12.023152351379395
2026-08-04T04:58:38.500000-04:00,11.856550216674805,-0.14356979727745056,-12.000120162963867
2026-08-04T04:58:38.504000-04:00,11.851639747619629,-0.14427126944065094,-11.99591064453125
2026-08-04T04:58:38.508000-04:00,11.856199264526367,-0.1240452378988266,-11.980244636535645
2026-08-04T04:58:38.512000-04:00,11.850704193115234,-0.15046769380569458,-12.001172065734863
2026-08-04T04:58:38.516000-04:00,11.8659029006958,-0.13351523876190186,-11.999418258666992
2026-08-04T04:58:38.520000-04:00,11.851055145263672,-0.13912707567214966,-11.990181922912598
2026-08-04T04:58:38.524000-04:00,11.8576021194458,-0.14544041454792023,-12.003042221069336
2026-08-04T04:58:38.528000-04:00,11.857368469238281,-0.13643807172775269,-11.993806838989258
2026-08-04T04:58:38.532000-04:00,11.867072105407715,-0.13503511250019073,-12.002107620239258
2026-08-04T04:58:38.536000-04:00,11.855498313903809,-0.14719411730766296,-12.002692222595215
2026-08-04T04:58:38.540000-04:00,11.842169761657715,-0.170576810836792,-12.012746810913086
2026-08-04T04:58:38.544000-04:00,11.85362720489502,-0.14403745532035828,-11.997664451599121
2026-08-04T04:58:38.548000-04:00,11.846261978149414,-0.1405300498008728,-11.986791610717773
2026-08-04T04:58:38.552000-04:00,11.846378326416016,-0.14029622077941895,-11.986674308776855
2026-08-04T04:58:38.556000-04:00,11.854445457458496,-0.13538585603237152,-11.98983097076416
2026-08-04T04:58:38.560000-04:00,11.848716735839844,-0.13830868899822235,-11.987025260925293
2026-08-04T04:58:38.564000-04:00,11.850470542907715,-0.1312938779592514,-11.981764793395996
2026-08-04T04:58:38.568000-04:00,11.868709564208984,-0.1252143681049347,-11.993924140930176
2026-08-04T04:58:38.572000-04:00,11.875139236450195,-0.1167965978384018,-11.991935729980469
2026-08-04T04:58:38.576000-04:00,11.870112419128418,-0.10381919890642166,-11.973931312561035
2026-08-04T04:58:38.580000-04:00,11.869644165039062,-0.09937648475170135,-11.96902084350586
2026-08-04T04:58:38.584000-04:00,11.87584114074707,-0.07833205163478851,-11.95417308807373
2026-08-04T04:58:38.588000-04:00,11.881336212158203,-0.07096650451421738,-11.952302932739258
2026-08-04T04:58:38.592000-04:00,11.888467788696289,-0.06979736685752869,-11.95826530456543
2026-08-04T04:58:38.596000-04:00,11.885778427124023,-0.08008575439453125,-11.965864181518555
2026-08-04T04:58:38.600000-04:00,11.893027305603027,-0.07973501831293106,-11.972762107849121
2026-08-04T04:58:38.604000-04:00,11.888467788696289,-0.08768513798713684,-11.976153373718262
2026-08-04T04:58:38.608000-04:00,11.894079208374023,-0.062081076204776764,-11.956160545349121
2026-08-04T04:58:38.612000-04:00,11.90296459197998,-0.050974290817976,-11.953938484191895
2026-08-04T04:58:38.616000-04:00,11.889286041259766,-0.06792674958705902,-11.957212448120117
2026-08-04T04:58:38.620000-04:00,11.887181282043457,-0.0710834190249443,-11.958264350891113
2026-08-04T04:58:38.624000-04:00,11.878179550170898,-0.10288389027118683,-11.981063842773438
2026-08-04T04:58:38.628000-04:00,11.881803512573242,-0.09528451412916183,-11.97708797454834
2026-08-04T04:58:38.632000-04:00,11.897353172302246,-0.0738893374800682,-11.971242904663086
2026-08-04T04:58:38.636000-04:00,11.882270812988281,-0.06991428136825562,-11.952184677124023
2026-08-04T04:58:38.640000-04:00,11.884492874145508,-0.07915044575929642,-11.963643074035645
2026-08-04T04:58:38.644000-04:00,11.889519691467285,-0.07856588065624237,-11.968085289001465
2026-08-04T04:58:38.648000-04:00,11.880634307861328,-0.08616525679826736,-11.96679973602295
2026-08-04T04:58:38.652000-04:00,11.881336212158203,-0.11410758644342422,-11.995443344116211
2026-08-04T04:58:38.656000-04:00,11.887532234191895,-0.10323463380336761,-11.990766525268555
2026-08-04T04:58:38.660000-04:00,11.886012077331543,-0.10884647816419601,-11.994858741760254
2026-08-04T04:58:38.664000-04:00,11.8782958984375,-0.10791117697954178,-11.986207008361816
2026-08-04T04:58:38.668000-04:00,11.884492874145508,-0.11574438214302063,-12.000237464904785
2026-08-04T04:58:38.672000-04:00,11.88858413696289,-0.12077166140079498,-12.009355545043945
2026-08-04T04:58:38.676000-04:00,11.889753341674805,-0.12217462062835693,-12.011927604675293
2026-08-04T04:58:38.680000-04:00,11.885077476501465,-0.13000783324241638,-12.015085220336914
2026-08-04T04:58:38.684000-04:00,11.873151779174805,-0.11971943825483322,-11.992871284484863
2026-08-04T04:58:38.688000-04:00,11.8740873336792,-0.11352302134037018,-11.987610816955566
2026-08-04T04:58:38.692000-04:00,11.882505416870117,-0.1316446214914322,-12.01414966583252
2026-08-04T04:58:38.696000-04:00,11.87852954864502,-0.11738117039203644,-11.99591064453125
2026-08-04T04:58:38.700000-04:00,11.868592262268066,-0.1324630081653595,-12.001055717468262
2026-08-04T04:58:38.704000-04:00,11.884258270263672,-0.11656277626752853,-12.000821113586426
2026-08-04T04:58:38.708000-04:00,11.875022888183594,-0.1256820261478424,-12.000704765319824
2026-08-04T04:58:38.712000-04:00,11.874438285827637,-0.1284879446029663,-12.002925872802734
2026-08-04T04:58:38.716000-04:00,11.895248413085938,-0.11983635276556015,-12.015085220336914
2026-08-04T04:58:38.720000-04:00,11.86976146697998,-0.13901016116142273,-12.008771896362305
2026-08-04T04:58:38.724000-04:00,11.869527816772461,-0.155378058552742,-12.024906158447266
2026-08-04T04:58:38.728000-04:00,11.871515274047852,-0.14356979727745056,-12.015085220336914
2026-08-04T04:58:38.732000-04:00,11.883673667907715,-0.12462980300188065,-12.00830364227295
2026-08-04T04:58:38.736000-04:00,11.864500045776367,-0.13152770698070526,-11.996027946472168
2026-08-04T04:58:38.740000-04:00,11.855263710021973,-0.14076386392116547,-11.996027946472168
2026-08-04T04:58:38.744000-04:00,11.871631622314453,-0.13550275564193726,-12.007134437561035
2026-08-04T04:58:38.748000-04:00,11.8659029006958,-0.1433359682559967,-12.009239196777344
2026-08-04T04:58:38.752000-04:00,11.869176864624023,-0.15023386478424072,-12.019411087036133
2026-08-04T04:58:38.756000-04:00,11.877594947814941,-0.1525721400976181,-12.030166625976562
2026-08-04T04:58:38.760000-04:00,11.865435600280762,-0.14403745532035828,-12.009472846984863
2026-08-04T04:58:38.764000-04:00,11.868825912475586,-0.13316449522972107,-12.00199031829834
2026-08-04T04:58:38.768000-04:00,11.86391544342041,-0.12755264341831207,-11.99146842956543
2026-08-04T04:58:38.772000-04:00,11.87852954864502,-0.1400623917579651,-12.01859188079834
2026-08-04T04:58:38.776000-04:00,11.86777400970459,-0.14941547811031342,-12.017189025878906
2026-08-04T04:58:38.780000-04:00,11.848249435424805,-0.15923620760440826,-12.007485389709473
2026-08-04T04:58:38.784000-04:00,11.858537673950195,-0.1742011308670044,-12.03273868560791
2026-08-04T04:58:38.788000-04:00,11.86777400970459,-0.15303978323936462,-12.020813941955566
2026-08-04T04:58:38.792000-04:00,11.87022876739502,-0.14345288276672363,-12.013681411743164
2026-08-04T04:58:38.796000-04:00,11.883323669433594,-0.14380362629890442,-12.027127265930176
2026-08-04T04:58:38.800000-04:00,11.877243995666504,-0.13281375169754028,-12.01005744934082
2026-08-04T04:58:38.804000-04:00,11.879465103149414,-0.13830868899822235,-12.017773628234863
2026-08-04T04:58:38.808000-04:00,11.8782958984375,-0.14848016202449799,-12.026776313781738
2026-08-04T04:58:38.812000-04:00,11.87385368347168,-0.15584571659564972,-12.029699325561523
2026-08-04T04:58:38.816000-04:00,11.867656707763672,-0.14356979727745056,-12.011226654052734
2026-08-04T04:58:38.820000-04:00,11.853276252746582,-0.1641465723514557,-12.017422676086426
2026-08-04T04:58:38.824000-04:00,11.853276252746582,-0.14660954475402832,-11.999885559082031
2026-08-04T04:58:38.828000-04:00,11.852691650390625,-0.16683559119701385,-12.019527435302734
2026-08-04T04:58:38.832000-04:00,11.863097190856934,-0.14871399104595184,-12.011811256408691
2026-08-04T04:58:38.836000-04:00,11.872099876403809,-0.1360873281955719,-12.008187294006348
2026-08-04T04:58:38.840000-04:00,11.866604804992676,-0.15280596911907196,-12.019411087036133
2026-08-04T04:58:38.844000-04:00,11.852691650390625,-0.1581839770078659,-12.010875701904297
2026-08-04T04:58:38.848000-04:00,11.857134819030762,-0.16063916683197021,-12.017773628234863
2026-08-04T04:58:38.852000-04:00,11.868241310119629,-0.155378058552742,-12.023619651794434
2026-08-04T04:58:38.856000-04:00,11.873736381530762,-0.14941547811031342,-12.023151397705078
2026-08-04T04:58:38.860000-04:00,11.857368469238281,-0.15876854956150055,-12.01613712310791
2026-08-04T04:58:38.864000-04:00,11.85783576965332,-0.1570148468017578,-12.014850616455078
2026-08-04T04:58:38.868000-04:00,11.893027305603027,-0.10054562240839005,-11.993573188781738
2026-08-04T04:58:38.872000-04:00,11.897820472717285,-0.08277476578950882,-11.980595588684082
2026-08-04T04:58:38.876000-04:00,11.88823413848877,-0.07120033353567123,-11.959434509277344
2026-08-04T04:58:38.880000-04:00,11.887765884399414,-0.07692909240722656,-11.96469497680664
2026-08-04T04:58:38.884000-04:00,11.898873329162598,-0.07295403629541397,-11.971827507019043
2026-08-04T04:58:38.888000-04:00,11.921319961547852,-0.018121594563126564,-11.939441680908203
2026-08-04T04:58:38.892000-04:00,11.927399635314941,0.021044433116912842,-11.906354904174805
2026-08-04T04:58:38.896000-04:00,11.870697021484375,0.019524557515978813,-11.85117244720459
2026-08-04T04:58:38.900000-04:00,11.85117244720459,-0.0009353081113658845,-11.852108001708984
2026-08-04T04:58:38.904000-04:00,11.846144676208496,-0.030280599370598793,-11.876425743103027
2026-08-04T04:58:38.908000-04:00,11.856550216674805,-0.01882307603955269,-11.875372886657715
2026-08-04T04:58:38.912000-04:00,11.869176864624023,0.00865160021930933,-11.860525131225586
2026-08-04T04:58:38.916000-04:00,11.897002220153809,0.014380361884832382,-11.882621765136719
2026-08-04T04:58:38.920000-04:00,11.90483570098877,-0.005845675710588694,-11.91068172454834
2026-08-04T04:58:38.924000-04:00,11.879582405090332,-0.07529230415821075,-11.954874992370605
2026-08-04T04:58:38.928000-04:00,11.87362003326416,-0.09855809062719345,-11.97217845916748
2026-08-04T04:58:38.932000-04:00,11.874554634094238,-0.08745130896568298,-11.962005615234375
2026-08-04T04:58:38.936000-04:00,11.868592262268066,-0.0862821713089943,-11.954874038696289
2026-08-04T04:58:38.940000-04:00,11.8533935546875,-0.12088857591152191,-11.974282264709473
2026-08-04T04:58:38.944000-04:00,11.8533935546875,-0.13842560350894928,-11.991819381713867
2026-08-04T04:58:38.948000-04:00,11.831881523132324,-0.17560410499572754,-12.007485389709473
2026-08-04T04:58:38.952000-04:00,11.830245018005371,-0.18858149647712708,-12.018826484680176
2026-08-04T04:58:38.956000-04:00,11.821593284606934,-0.2099766731262207,-12.031570434570312
2026-08-04T04:58:38.960000-04:00,11.8160982131958,-0.20892444252967834,-12.025022506713867
2026-08-04T04:58:38.964000-04:00,11.813526153564453,-0.2002728432416916,-12.013798713684082
2026-08-04T04:58:38.968000-04:00,11.815980911254883,-0.19770075380802155,-12.013681411743164
2026-08-04T04:58:38.972000-04:00,11.82685375213623,-0.18846458196640015,-12.015317916870117
2026-08-04T04:58:38.976000-04:00,11.817150115966797,-0.20144198834896088,-12.01859188079834
2026-08-04T04:58:38.980000-04:00,11.809901237487793,-0.21266567707061768,-12.022566795349121
2026-08-04T04:58:38.984000-04:00,11.80218505859375,-0.23546381294727325,-12.037649154663086
2026-08-04T04:58:38.988000-04:00,11.80417251586914,-0.24914269149303436,-12.053315162658691
2026-08-04T04:58:38.992000-04:00,11.800081253051758,-0.2548714578151703,-12.054952621459961
2026-08-04T04:58:38.996000-04:00,11.801835060119629,-0.21628999710083008,-12.018125534057617
2026-08-04T04:58:39-04:00,11.789793014526367,-0.21149654686450958,-12.001289367675781
2026-08-04T04:58:39.004000-04:00,11.779621124267578,-0.21500395238399506,-11.994625091552734
2026-08-04T04:58:39.008000-04:00,11.774009704589844,-0.19091977179050446,-11.964929580688477
2026-08-04T04:58:39.012000-04:00,11.756121635437012,-0.16356199979782104,-11.919683456420898
2026-08-04T04:58:39.016000-04:00,11.810603141784668,-0.1492985635995865,-11.959901809692383
2026-08-04T04:58:39.020000-04:00,11.86800765991211,-0.16145756840705872,-12.029465675354004
2026-08-04T04:58:39.024000-04:00,12.035194396972656,-0.02244739420711994,-12.057641983032227
2026-08-04T04:58:39.028000-04:00,12.19127368927002,0.15795016288757324,-12.033323287963867
2026-08-04T04:58:39.032000-04:00,12.199223518371582,0.6237335801124573,-11.57548999786377
2026-08-04T04:58:39.036000-04:00,12.111421585083008,1.1124321222305298,-10.99898910522461
2026-08-04T04:58:39.040000-04:00,11.996145248413086,1.826422929763794,-10.169722557067871
2026-08-04T04:58:39.044000-04:00,11.964227676391602,2.0685508251190186,-9.895676612854004
2026-08-04T04:58:39.048000-04:00,11.938389778137207,2.0455188751220703,-9.892870903015137
2026-08-04T04:58:39.052000-04:00,11.869176864624023,1.5929466485977173,-10.276229858398438
2026-08-04T04:58:39.056000-04:00,11.816682815551758,1.1285661458969116,-10.688117027282715
2026-08-04T04:58:39.060000-04:00,11.786636352539062,0.6029229760169983,-11.18371295928955
2026-08-04T04:58:39.064000-04:00,11.78944206237793,0.25919726490974426,-11.530244827270508
2026-08-04T04:58:39.068000-04:00,11.88028335571289,0.1265004277229309,-11.753783226013184
2026-08-04T04:58:39.072000-04:00,11.918397903442383,0.10510525107383728,-11.813292503356934
2026-08-04T04:58:39.076000-04:00,11.877477645874023,0.04150429740548134,-11.835973739624023
2026-08-04T04:58:39.080000-04:00,11.887298583984375,-0.010756043717265129,-11.898055076599121
2026-08-04T04:58:39.084000-04:00,11.889636993408203,-0.024551838636398315,-11.914188385009766
2026-08-04T04:58:39.088000-04:00,11.88858413696289,-0.048752933740615845,-11.937336921691895
2026-08-04T04:58:39.092000-04:00,11.88636302947998,-0.07634452730417252,-11.96270751953125
2026-08-04T04:58:39.096000-04:00,11.8989896774292,-0.0842946469783783,-11.983283996582031
2026-08-04T04:58:39.100000-04:00,11.898873329162598,-0.07751365751028061,-11.976387023925781
2026-08-04T04:58:39.104000-04:00,11.896183967590332,-0.11165240406990051,-12.00783634185791
2026-08-04T04:58:39.108000-04:00,11.901795387268066,-0.11726425588130951,-12.019059181213379
2026-08-04T04:58:39.112000-04:00,11.909979820251465,-0.09201093763113022,-12.00199031829834
2026-08-04T04:58:39.116000-04:00,11.898873329162598,-0.10101327300071716,-11.999886512756348
2026-08-04T04:58:39.120000-04:00,11.902379989624023,-0.10007796436548233,-12.002457618713379
2026-08-04T04:58:39.124000-04:00,11.911499977111816,-0.09130945801734924,-12.002809524536133
2026-08-04T04:58:39.128000-04:00,11.913721084594727,-0.09060797095298767,-12.004328727722168
2026-08-04T04:58:39.132000-04:00,11.927048683166504,-0.06792674958705902,-11.994975090026855
2026-08-04T04:58:39.136000-04:00,11.919800758361816,-0.06512082368135452,-11.9849214553833
2026-08-04T04:58:39.140000-04:00,11.92096996307373,-0.04968824237585068,-11.970658302307129
2026-08-04T04:58:39.144000-04:00,11.918046951293945,-0.05342947691679001,-11.971476554870605
2026-08-04T04:58:39.148000-04:00,11.937921524047852,-0.05050663650035858,-11.988428115844727
2026-08-04T04:58:39.152000-04:00,11.93803882598877,-0.028877638280391693,-11.96691608428955
2026-08-04T04:58:39.156000-04:00,11.935233116149902,-0.016718631610274315,-11.95195198059082
2026-08-04T04:58:39.160000-04:00,11.943767547607422,-0.014731102623045444,-11.95849895477295
2026-08-04T04:58:39.164000-04:00,11.954524040222168,-0.0007014810689724982,-11.955225944519043
2026-08-04T04:58:39.168000-04:00,11.972294807434082,-0.010288389399647713,-11.982583045959473
2026-08-04T04:58:39.172000-04:00,11.98760986328125,-0.00116913509555161,-11.988779067993164
2026-08-04T04:58:39.176000-04:00,11.988194465637207,0.02513640560209751,-11.963058471679688
2026-08-04T04:58:39.180000-04:00,11.996963500976562,0.03074825368821621,-11.966215133666992
2026-08-04T04:58:39.184000-04:00,11.993104934692383,0.02653936855494976,-11.966565132141113
2026-08-04T04:58:39.188000-04:00,12.021398544311523,0.05681996792554855,-11.964578628540039
2026-08-04T04:58:39.192000-04:00,12.03075122833252,0.0722525492310524,-11.95849895477295
2026-08-04T04:58:39.196000-04:00,12.040454864501953,0.09680438786745071,-11.943650245666504
2026-08-04T04:58:39.200000-04:00,12.033206939697266,0.10031179338693619,-11.932894706726074
2026-08-04T04:58:39.204000-04:00,12.045365333557129,0.11434141546487808,-11.931023597717285
2026-08-04T04:58:39.208000-04:00,12.068982124328613,0.14204992353916168,-11.926932334899902
2026-08-04T04:58:39.212000-04:00,12.093183517456055,0.1810990273952484,-11.912084579467773
2026-08-04T04:58:39.216000-04:00,12.110252380371094,0.20985975861549377,-11.900392532348633
2026-08-04T04:58:39.220000-04:00,12.122178077697754,0.23020270466804504,-11.891975402832031
2026-08-04T04:58:39.224000-04:00,12.145092964172363,0.2678488492965698,-11.877243995666504
2026-08-04T04:58:39.228000-04:00,12.160642623901367,0.2919330298900604,-11.868709564208984
2026-08-04T04:58:39.232000-04:00,12.186363220214844,0.3191739022731781,-11.867189407348633
2026-08-04T04:58:39.236000-04:00,12.205536842346191,0.3431411683559418,-11.862395286560059
2026-08-04T04:58:39.240000-04:00,12.220501899719238,0.3692128658294678,-11.851288795471191
2026-08-04T04:58:39.244000-04:00,12.220969200134277,0.3810211420059204,-11.839947700500488
2026-08-04T04:58:39.248000-04:00,12.252535820007324,0.41936877369880676,-11.83316707611084
2026-08-04T04:58:39.252000-04:00,12.262825012207031,0.44789567589759827,-11.814929008483887
2026-08-04T04:58:39.256000-04:00,12.262356758117676,0.4692908525466919,-11.793066024780273
2026-08-04T04:58:39.260000-04:00,12.26352596282959,0.45151999592781067,-11.812005996704102
2026-08-04T04:58:39.264000-04:00,12.256745338439941,0.47513651847839355,-11.781608581542969
2026-08-04T04:58:39.268000-04:00,12.252302169799805,0.48402196168899536,-11.768280029296875
2026-08-04T04:58:39.272000-04:00,12.260135650634766,0.4909198582172394,-11.76921558380127
2026-08-04T04:58:39.276000-04:00,12.245988845825195,0.4834373891353607,-11.762551307678223
2026-08-04T04:58:39.280000-04:00,12.22447681427002,0.457950234413147,-11.766526222229004
2026-08-04T04:58:39.284000-04:00,12.210213661193848,0.43024173378944397,-11.779972076416016
2026-08-04T04:58:39.288000-04:00,12.183440208435059,0.37751373648643494,-11.805926322937012
2026-08-04T04:58:39.292000-04:00,12.164266586303711,0.3464147448539734,-11.817852020263672
2026-08-04T04:58:39.296000-04:00,12.13153076171875,0.31543266773223877,-11.8160982131958
2026-08-04T04:58:39.300000-04:00,12.11107063293457,0.27474674582481384,-11.836323738098145
2026-08-04T04:58:39.304000-04:00,12.071320533752441,0.22073271870613098,-11.850587844848633
2026-08-04T04:58:39.308000-04:00,12.050393104553223,0.2010912448167801,-11.849302291870117
2026-08-04T04:58:39.312000-04:00,12.032271385192871,0.14146535098552704,-11.890806198120117
2026-08-04T04:58:39.316000-04:00,12.000704765319824,0.10791117697954178,-11.892793655395508
2026-08-04T04:58:39.320000-04:00,11.97732162475586,0.07166798412799835,-11.905653953552246
2026-08-04T04:58:39.324000-04:00,11.955342292785645,0.027123935520648956,-11.928217887878418
2026-08-04T04:58:39.328000-04:00,11.94610595703125,0.005494934972375631,-11.940610885620117
2026-08-04T04:58:39.332000-04:00,11.930439949035645,-0.021044433116912842,-11.951484680175781
2026-08-04T04:58:39.336000-04:00,11.916409492492676,-0.04571318253874779,-11.962122917175293
2026-08-04T04:58:39.340000-04:00,11.901328086853027,-0.07798131555318832,-11.97930908203125
2026-08-04T04:58:39.344000-04:00,11.887532234191895,-0.07961810380220413,-11.967150688171387
2026-08-04T04:58:39.348000-04:00,11.887414932250977,-0.09668747335672379,-11.984102249145508
2026-08-04T04:58:39.352000-04:00,11.87022876739502,-0.11258771270513535,-11.982816696166992
2026-08-04T04:58:39.356000-04:00,11.868592262268066,-0.11130166798830032,-11.979893684387207
2026-08-04T04:58:39.360000-04:00,11.858888626098633,-0.13187845051288605,-11.990767478942871
2026-08-04T04:58:39.364000-04:00,11.85140609741211,-0.1529228836297989,-12.004328727722168
2026-08-04T04:58:39.368000-04:00,11.851639747619629,-0.1509353518486023,-12.002574920654297
2026-08-04T04:58:39.372000-04:00,11.852107048034668,-0.15350744128227234,-12.005614280700684
2026-08-04T04:58:39.376000-04:00,11.846612930297852,-0.14321905374526978,-11.989831924438477
2026-08-04T04:58:39.380000-04:00,11.851522445678711,-0.14240066707134247,-11.99392318725586
2026-08-04T04:58:39.384000-04:00,11.835155487060547,-0.14871399104595184,-11.983869552612305
2026-08-04T04:58:39.388000-04:00,11.863330841064453,-0.13234609365463257,-11.99567699432373
2026-08-04T04:58:39.392000-04:00,11.865669250488281,-0.14754486083984375,-12.013214111328125
2026-08-04T04:58:39.396000-04:00,11.862278938293457,-0.14859707653522491,-12.010875701904297
2026-08-04T04:58:39.400000-04:00,11.861227035522461,-0.13222917914390564,-11.99345588684082
2026-08-04T04:58:39.404000-04:00,11.8574857711792,-0.12895560264587402,-11.986441612243652
2026-08-04T04:58:39.408000-04:00,11.870813369750977,-0.1212393119931221,-11.992053031921387
2026-08-04T04:58:39.412000-04:00,11.877944946289062,-0.10335154831409454,-11.98129653930664
2026-08-04T04:58:39.416000-04:00,11.880867958068848,-0.1047545075416565,-11.98562240600586
2026-08-04T04:58:39.420000-04:00,11.872918128967285,-0.10533907264471054,-11.978257179260254
2026-08-04T04:58:39.424000-04:00,11.881803512573242,-0.11948560923337936,-12.001289367675781
2026-08-04T04:58:39.428000-04:00,11.880867958068848,-0.12147314101457596,-12.002341270446777
2026-08-04T04:58:39.432000-04:00,11.8823881149292,-0.09236167371273041,-11.974749565124512
2026-08-04T04:58:39.436000-04:00,11.881101608276367,-0.08102106302976608,-11.962122917175293
2026-08-04T04:58:39.440000-04:00,11.886713981628418,-0.066640704870224,-11.953354835510254
2026-08-04T04:58:39.444000-04:00,11.88028335571289,-0.09095871448516846,-11.97124195098877
2026-08-04T04:58:39.448000-04:00,11.892560005187988,-0.09130945801734924,-11.983869552612305
2026-08-04T04:58:39.452000-04:00,11.890104293823242,-0.0859314352273941,-11.976036071777344
2026-08-04T04:58:39.456000-04:00,11.893143653869629,-0.08172254264354706,-11.974865913391113
2026-08-04T04:58:39.460000-04:00,11.891507148742676,-0.08464538305997849,-11.976152420043945
2026-08-04T04:58:39.464000-04:00,11.89220905303955,-0.07985193282365799,-11.972061157226562
2026-08-04T04:58:39.468000-04:00,11.894430160522461,-0.06991428136825562,-11.964344024658203
2026-08-04T04:58:39.472000-04:00,11.905303001403809,-0.08055341243743896,-11.985856056213379
2026-08-04T04:58:39.476000-04:00,11.891273498535156,-0.08581452071666718,-11.97708797454834
2026-08-04T04:58:39.480000-04:00,11.889636993408203,-0.08417773246765137,-11.973814964294434
2026-08-04T04:58:39.484000-04:00,11.884492874145508,-0.0915432795882225,-11.976036071777344
2026-08-04T04:58:39.488000-04:00,11.891507148742676,-0.08733439445495605,-11.978841781616211
2026-08-04T04:58:39.492000-04:00,11.89220905303955,-0.09563525766134262,-11.987844467163086
2026-08-04T04:58:39.496000-04:00,11.89466381072998,-0.10884647816419601,-12.003510475158691
2026-08-04T04:58:39.500000-04:00,11.89267635345459,-0.11340610682964325,-12.006082534790039
2026-08-04T04:58:39.504000-04:00,11.888467788696289,-0.11749808490276337,-12.005966186523438
2026-08-04T04:58:39.508000-04:00,11.889052391052246,-0.11387376487255096,-12.002925872802734
2026-08-04T04:58:39.512000-04:00,11.896183967590332,-0.12217462062835693,-12.01835823059082
2026-08-04T04:58:39.516000-04:00,11.89045524597168,-0.13433362543582916,-12.024788856506348
2026-08-04T04:58:39.520000-04:00,11.880867958068848,-0.1340997964143753,-12.014967918395996
2026-08-04T04:58:39.524000-04:00,11.88414192199707,-0.13059239089488983,-12.014734268188477
2026-08-04T04:58:39.528000-04:00,11.887298583984375,-0.1284879446029663,-12.015786170959473
2026-08-04T04:58:39.532000-04:00,11.893962860107422,-0.12065474689006805,-12.014617919921875
2026-08-04T04:58:39.536000-04:00,11.877594947814941,-0.12942326068878174,-12.007018089294434
2026-08-04T04:58:39.540000-04:00,11.8740873336792,-0.12451289594173431,-11.998600006103516
2026-08-04T04:58:39.544000-04:00,11.864032745361328,-0.12954017519950867,-11.993573188781738
2026-08-04T04:58:39.548000-04:00,11.868592262268066,-0.142868310213089,-12.011460304260254
2026-08-04T04:58:39.552000-04:00,11.883440017700195,-0.13281375169754028,-12.016253471374512
2026-08-04T04:58:39.556000-04:00,11.882505416870117,-0.13877634704113007,-12.021282196044922
2026-08-04T04:58:39.560000-04:00,11.868592262268066,-0.14602497220039368,-12.014616966247559
2026-08-04T04:58:39.564000-04:00,11.873970031738281,-0.15187065303325653,-12.025840759277344
2026-08-04T04:58:39.568000-04:00,11.867423057556152,-0.15222139656543732,-12.019644737243652
2026-08-04T04:58:39.572000-04:00,11.878880500793457,-0.15549497306346893,-12.034375190734863
2026-08-04T04:58:39.576000-04:00,11.8742036819458,-0.14754486083984375,-12.021748542785645
2026-08-04T04:58:39.580000-04:00,11.856550216674805,-0.16192521154880524,-12.018475532531738
2026-08-04T04:58:39.584000-04:00,11.863799095153809,-0.16157448291778564,-12.025373458862305
2026-08-04T04:58:39.588000-04:00,11.871281623840332,-0.1537412703037262,-12.025022506713867
2026-08-04T04:58:39.592000-04:00,11.879114151000977,-0.13994547724723816,-12.019059181213379
2026-08-04T04:58:39.596000-04:00,11.86414909362793,-0.1629774421453476,-12.02712631225586
2026-08-04T04:58:39.600000-04:00,11.874788284301758,-0.16882310807704926,-12.043611526489258
2026-08-04T04:58:39.604000-04:00,11.860992431640625,-0.17034299671649933,-12.031335830688477
2026-08-04T04:58:39.608000-04:00,11.86368179321289,-0.17197978496551514,-12.035661697387695
2026-08-04T04:58:39.612000-04:00,11.877477645874023,-0.16321127116680145,-12.040688514709473
2026-08-04T04:58:39.616000-04:00,11.871515274047852,-0.15303978323936462,-12.024555206298828
2026-08-04T04:58:39.620000-04:00,11.863799095153809,-0.16227595508098602,-12.02607536315918
2026-08-04T04:58:39.624000-04:00,11.872333526611328,-0.16636793315410614,-12.038701057434082
2026-08-04T04:58:39.628000-04:00,11.871866226196289,-0.16391274333000183,-12.035778999328613
2026-08-04T04:58:39.632000-04:00,11.893027305603027,-0.17653940618038177,-12.06956672668457
2026-08-04T04:58:39.636000-04:00,11.895716667175293,-0.1400623917579651,-12.035778999328613
2026-08-04T04:58:39.640000-04:00,11.87022876739502,-0.13257992267608643,-12.002808570861816
2026-08-04T04:58:39.644000-04:00,11.873269081115723,-0.10685895383358002,-11.980128288269043
2026-08-04T04:58:39.648000-04:00,11.882621765136719,-0.09598599374294281,-11.978608131408691
2026-08-04T04:58:39.652000-04:00,11.8865966796875,-0.1063912957906723,-11.992987632751465
2026-08-04T04:58:39.656000-04:00,11.899223327636719,-0.06687452644109726,-11.966097831726074
2026-08-04T04:58:39.660000-04:00,11.887064933776855,-0.03308652341365814,-11.920151710510254
2026-08-04T04:58:39.664000-04:00,11.859355926513672,-0.022096654400229454,-11.881452560424805
2026-08-04T04:58:39.668000-04:00,11.868124961853027,-0.01999220997095108,-11.888116836547852
2026-08-04T04:58:39.672000-04:00,11.882270812988281,-0.0291114654392004,-11.911382675170898
2026-08-04T04:58:39.676000-04:00,11.876425743103027,-0.01847233437001705,-11.894898414611816
2026-08-04T04:58:39.680000-04:00,11.881101608276367,-0.011340610682964325,-11.892441749572754
2026-08-04T04:58:39.684000-04:00,11.883440017700195,-0.02010912448167801,-11.903549194335938
2026-08-04T04:58:39.688000-04:00,11.913721084594727,-0.028293069452047348,-11.94201374053955
2026-08-04T04:58:39.692000-04:00,11.901561737060547,-0.0674590989947319,-11.96902084350586
2026-08-04T04:58:39.696000-04:00,11.90050983428955,-0.10826191306114197,-12.008771896362305
2026-08-04T04:58:39.700000-04:00,11.893143653869629,-0.1256820261478424,-12.01882553100586
2026-08-04T04:58:39.704000-04:00,11.8740873336792,-0.15911929309368134,-12.033206939697266
2026-08-04T04:58:39.708000-04:00,11.87993335723877,-0.14953237771987915,-12.029465675354004
2026-08-04T04:58:39.712000-04:00,11.865435600280762,-0.17899459600448608,-12.044429779052734
2026-08-04T04:58:39.716000-04:00,11.856901168823242,-0.18811383843421936,-12.045015335083008
2026-08-04T04:58:39.720000-04:00,11.836207389831543,-0.21418555080890656,-12.050393104553223
2026-08-04T04:58:39.724000-04:00,11.8410005569458,-0.22412320971488953,-12.065123558044434
2026-08-04T04:58:39.728000-04:00,11.848249435424805,-0.22225259244441986,-12.070502281188965
2026-08-04T04:58:39.732000-04:00,11.85140609741211,-0.2231878936290741,-12.074593544006348
2026-08-04T04:58:39.736000-04:00,11.841117858886719,-0.22166801989078522,-12.062786102294922
2026-08-04T04:58:39.740000-04:00,11.835622787475586,-0.23908813297748566,-12.074710845947266
2026-08-04T04:58:39.744000-04:00,11.832348823547363,-0.25381922721862793,-12.08616828918457
2026-08-04T04:58:39.748000-04:00,11.844975471496582,-0.2413094937801361,-12.086284637451172
2026-08-04T04:58:39.752000-04:00,11.847898483276367,-0.22459085285663605,-12.072489738464355
2026-08-04T04:58:39.756000-04:00,11.844390869140625,-0.23067036271095276,-12.075060844421387
2026-08-04T04:58:39.760000-04:00,11.839597702026367,-0.25229936838150024,-12.091897010803223
2026-08-04T04:58:39.764000-04:00,11.84532642364502,-0.24832430481910706,-12.093650817871094
2026-08-04T04:58:39.768000-04:00,11.847782135009766,-0.2589634358882904,-12.106745719909668
2026-08-04T04:58:39.772000-04:00,11.844274520874023,-0.2424786239862442,-12.086752891540527
2026-08-04T04:58:39.776000-04:00,11.813526153564453,-0.22295406460762024,-12.036479949951172
2026-08-04T04:58:39.780000-04:00,11.795989036560059,-0.18647705018520355,-11.982465744018555
2026-08-04T04:58:39.784000-04:00,11.832582473754883,-0.1898675411939621,-12.02245044708252
2026-08-04T04:58:39.788000-04:00,11.920735359191895,-0.18600940704345703,-12.106744766235352
2026-08-04T04:58:39.792000-04:00,12.03858470916748,-0.07646144181489944,-12.115046501159668
2026-08-04T04:58:39.796000-04:00,12.265397071838379,0.2075214833021164,-12.057875633239746
2026-08-04T04:58:39.800000-04:00,12.308303833007812,0.5326579809188843,-11.775646209716797
2026-08-04T04:58:39.804000-04:00,12.199808120727539,1.2951679229736328,-10.904640197753906
2026-08-04T04:58:39.808000-04:00,12.153160095214844,1.9685897827148438,-10.1845703125
2026-08-04T04:58:39.812000-04:00,12.040572166442871,2.123617172241211,-9.91695499420166
2026-08-04T04:58:39.816000-04:00,12.001640319824219,2.023071527481079,-9.978569030761719
2026-08-04T04:58:39.820000-04:00,11.918865203857422,1.6999224424362183,-10.218942642211914
2026-08-04T04:58:39.824000-04:00,11.83293342590332,1.0461421012878418,-10.78679084777832
2026-08-04T04:58:39.828000-04:00,11.772372245788574,0.680202841758728,-11.092169761657715
2026-08-04T04:58:39.832000-04:00,11.836323738098145,0.23897121846675873,-11.597352981567383
2026-08-04T04:58:39.836000-04:00,11.90927791595459,0.1349181979894638,-11.774359703063965
2026-08-04T04:58:39.840000-04:00,11.959317207336426,0.07400625199079514,-11.885311126708984
2026-08-04T04:58:39.844000-04:00,11.933012008666992,0.013211227022111416,-11.919800758361816
2026-08-04T04:58:39.848000-04:00,11.925763130187988,-0.01882307603955269,-11.944585800170898
2026-08-04T04:58:39.852000-04:00,11.95417308807373,-0.023382702842354774,-11.977556228637695
2026-08-04T04:58:39.856000-04:00,11.944703102111816,-0.05600157380104065,-12.000704765319824
2026-08-04T04:58:39.860000-04:00,11.932777404785156,-0.07646144181489944,-12.009239196777344
2026-08-04T04:58:39.864000-04:00,11.926347732543945,-0.09727204591035843,-12.023619651794434
2026-08-04T04:58:39.868000-04:00,11.937103271484375,-0.08768513798713684,-12.024788856506348
2026-08-04T04:58:39.872000-04:00,11.944234848022461,-0.08932192623615265,-12.033556938171387
2026-08-04T04:58:39.876000-04:00,11.936051368713379,-0.08055341243743896,-12.01660442352295
2026-08-04T04:58:39.880000-04:00,11.928217887878418,-0.09388155490159988,-12.022099494934082
2026-08-04T04:58:39.884000-04:00,11.929855346679688,-0.10452067852020264,-12.03437614440918
2026-08-04T04:58:39.888000-04:00,11.938156127929688,-0.09025723487138748,-12.028413772583008
2026-08-04T04:58:39.892000-04:00,11.939909934997559,-0.056703053414821625,-11.996612548828125
2026-08-04T04:58:39.896000-04:00,11.943182945251465,-0.051441945135593414,-11.994625091552734
2026-08-04T04:58:39.900000-04:00,11.93371295928955,-0.0417381227016449,-11.975451469421387
2026-08-04T04:58:39.904000-04:00,11.960135459899902,-0.04489478841423988,-12.005030632019043
2026-08-04T04:58:39.908000-04:00,11.979777336120605,-0.027474675327539444,-12.007251739501953
2026-08-04T04:58:39.912000-04:00,11.990065574645996,-0.028643811121582985,-12.018709182739258
2026-08-04T04:58:39.916000-04:00,11.991117477416992,-0.017069373279809952,-12.008187294006348
2026-08-04T04:58:39.920000-04:00,11.978841781616211,-0.02010912448167801,-11.998950958251953
2026-08-04T04:58:39.924000-04:00,11.978139877319336,-0.0019875296857208014,-11.980127334594727
2026-08-04T04:58:39.928000-04:00,11.989130020141602,0.008885427378118038,-11.980244636535645
2026-08-04T04:58:39.932000-04:00,12.00783634185791,0.031215908005833626,-11.9766206741333
2026-08-04T04:58:39.936000-04:00,12.009121894836426,0.037763066589832306,-11.971359252929688
2026-08-04T04:58:39.940000-04:00,11.987960815429688,0.035074055194854736,-11.952886581420898
2026-08-04T04:58:39.944000-04:00,12.001640319824219,0.05354638770222664,-11.948094367980957
2026-08-04T04:58:39.948000-04:00,12.016254425048828,0.07283712178468704,-11.9434175491333
2026-08-04T04:58:39.952000-04:00,12.034843444824219,0.09037414938211441,-11.944469451904297
2026-08-04T04:58:39.956000-04:00,12.046183586120605,0.1120031476020813,-11.93418025970459
2026-08-04T04:58:39.960000-04:00,12.02443790435791,0.10884647816419601,-11.9155912399292
2026-08-04T04:58:39.964000-04:00,12.045949935913086,0.12626659870147705,-11.919683456420898
2026-08-04T04:58:39.968000-04:00,12.068397521972656,0.17291508615016937,-11.895482063293457
2026-08-04T04:58:39.972000-04:00,12.070384979248047,0.1882307529449463,-11.88215446472168
2026-08-04T04:58:39.976000-04:00,12.083478927612305,0.21243184804916382,-11.871047019958496
2026-08-04T04:58:39.980000-04:00,12.101717948913574,0.22575999796390533,-11.875957489013672
2026-08-04T04:58:39.984000-04:00,12.110252380371094,0.2576773762702942,-11.852575302124023
2026-08-04T04:58:39.988000-04:00,12.150588035583496,0.2966095805168152,-11.853978157043457
2026-08-04T04:58:39.992000-04:00,12.171749114990234,0.3218629062175751,-11.849885940551758
2026-08-04T04:58:39.996000-04:00,12.188467979431152,0.34863609075546265,-11.839832305908203
2026-08-04T04:58:40-04:00,12.195131301879883,0.38160571455955505,-11.813525199890137
2026-08-04T04:58:40.004000-04:00,12.204952239990234,0.416329026222229,-11.788622856140137
2026-08-04T04:58:40.008000-04:00,12.236987113952637,0.4540920853614807,-11.7828950881958
2026-08-04T04:58:40.012000-04:00,12.245872497558594,0.48028072714805603,-11.765591621398926
2026-08-04T04:58:40.016000-04:00,12.248794555664062,0.49968835711479187,-11.749106407165527
2026-08-04T04:58:40.020000-04:00,12.2532377243042,0.5210835337638855,-11.73215389251709
2026-08-04T04:58:40.024000-04:00,12.258499145507812,0.5180437564849854,-11.740455627441406
2026-08-04T04:58:40.028000-04:00,12.253939628601074,0.5157055258750916,-11.738234519958496
2026-08-04T04:58:40.032000-04:00,12.268436431884766,0.5356976985931396,-11.732738494873047
2026-08-04T04:58:40.036000-04:00,12.252068519592285,0.5376852750778198,-11.714383125305176
2026-08-04T04:58:40.040000-04:00,12.235349655151367,0.5226033926010132,-11.712746620178223
2026-08-04T04:58:40.044000-04:00,12.218047142028809,0.49805158376693726,-11.719995498657227
2026-08-04T04:58:40.048000-04:00,12.20962905883789,0.4965316951274872,-11.71309757232666
2026-08-04T04:58:40.052000-04:00,12.189637184143066,0.45701491832733154,-11.732622146606445
2026-08-04T04:58:40.056000-04:00,12.183908462524414,0.4276696443557739,-11.75623893737793
2026-08-04T04:58:40.060000-04:00,12.145092964172363,0.3792674243450165,-11.765825271606445
2026-08-04T04:58:40.064000-04:00,12.119956016540527,0.33320352435112,-11.786752700805664
2026-08-04T04:58:40.068000-04:00,12.099846839904785,0.2837491035461426,-11.816097259521484
2026-08-04T04:58:40.072000-04:00,12.08418083190918,0.22786444425582886,-11.856316566467285
2026-08-04T04:58:40.076000-04:00,12.056822776794434,0.18577557802200317,-11.871047019958496
2026-08-04T04:58:40.080000-04:00,12.018709182739258,0.14392054080963135,-11.874788284301758
2026-08-04T04:58:40.084000-04:00,12.013798713684082,0.13141079246997833,-11.8823881149292
2026-08-04T04:58:40.088000-04:00,11.994742393493652,0.07599378377199173,-11.91874885559082
2026-08-04T04:58:40.092000-04:00,11.976036071777344,0.05074046552181244,-11.92529582977295
2026-08-04T04:58:40.096000-04:00,11.949145317077637,0.019290730357170105,-11.929854393005371
2026-08-04T04:58:40.100000-04:00,11.930439949035645,-0.009586907923221588,-11.940027236938477
2026-08-04T04:58:40.104000-04:00,11.92319107055664,-0.034138746559619904,-11.957329750061035
2026-08-04T04:58:40.108000-04:00,11.924476623535156,-0.03881528601050377,-11.963292121887207
2026-08-04T04:58:40.112000-04:00,11.922957420349121,-0.054130956530570984,-11.97708797454834
2026-08-04T04:58:40.116000-04:00,11.904017448425293,-0.06137959659099579,-11.965396881103516
2026-08-04T04:58:40.120000-04:00,11.893611907958984,-0.07049884647130966,-11.964110374450684
2026-08-04T04:58:40.124000-04:00,11.88683032989502,-0.08031958341598511,-11.96714973449707
2026-08-04T04:58:40.128000-04:00,11.883673667907715,-0.07903353869915009,-11.96270751953125
2026-08-04T04:58:40.132000-04:00,11.900158882141113,-0.07412316650152206,-11.974282264709473
2026-08-04T04:58:40.136000-04:00,11.888467788696289,-0.08125489205121994,-11.969722747802734
2026-08-04T04:58:40.140000-04:00,11.871631622314453,-0.09692130237817764,-11.968552589416504
2026-08-04T04:58:40.144000-04:00,11.874671936035156,-0.0915432795882225,-11.966215133666992
2026-08-04T04:58:40.148000-04:00,11.879114151000977,-0.09563525766134262,-11.974749565124512
2026-08-04T04:58:40.152000-04:00,11.885077476501465,-0.09037414938211441,-11.975451469421387
2026-08-04T04:58:40.156000-04:00,11.887999534606934,-0.08137180656194687,-11.969371795654297
2026-08-04T04:58:40.160000-04:00,11.883673667907715,-0.06769292801618576,-11.951366424560547
2026-08-04T04:58:40.164000-04:00,11.885662078857422,-0.07716292142868042,-11.962824821472168
2026-08-04T04:58:40.168000-04:00,11.891740798950195,-0.06114576756954193,-11.952886581420898
2026-08-04T04:58:40.172000-04:00,11.901094436645508,-0.05307873710989952,-11.95417308807373
2026-08-04T04:58:40.176000-04:00,11.894781112670898,-0.05296182259917259,-11.947742462158203
2026-08-04T04:58:40.180000-04:00,11.898638725280762,-0.05576774477958679,-11.95440673828125
2026-08-04T04:58:40.184000-04:00,11.890806198120117,-0.05681996792554855,-11.947626113891602
2026-08-04T04:58:40.188000-04:00,11.900392532348633,-0.05027281120419502,-11.950665473937988
2026-08-04T04:58:40.192000-04:00,11.907641410827637,-0.036477018147706985,-11.94411849975586
2026-08-04T04:58:40.196000-04:00,11.897820472717285,-0.032735783606767654,-11.930556297302246
2026-08-04T04:58:40.200000-04:00,11.903432846069336,-0.0361262746155262,-11.939558982849121
2026-08-04T04:58:40.204000-04:00,11.902497291564941,-0.03460640087723732,-11.937103271484375
2026-08-04T04:58:40.208000-04:00,11.9072904586792,-0.020576778799295425,-11.92786693572998
2026-08-04T04:58:40.212000-04:00,11.909862518310547,-0.014263448305428028,-11.924125671386719
2026-08-04T04:58:40.216000-04:00,11.910213470458984,-0.016250979155302048,-11.926464080810547
2026-08-04T04:58:40.220000-04:00,11.908576965332031,-0.019173815846443176,-11.927750587463379
2026-08-04T04:58:40.224000-04:00,11.913252830505371,-0.024318011477589607,-11.937570571899414
2026-08-04T04:58:40.228000-04:00,11.91489028930664,-0.01999220997095108,-11.934882164001465
2026-08-04T04:58:40.232000-04:00,11.92751693725586,-0.019173815846443176,-11.946690559387207
2026-08-04T04:58:40.236000-04:00,11.910798072814941,-0.01847233437001705,-11.92927074432373
2026-08-04T04:58:40.240000-04:00,11.916994094848633,-0.01847233437001705,-11.935466766357422
2026-08-04T04:58:40.244000-04:00,11.914656639099121,-0.01975838467478752,-11.934414863586426
2026-08-04T04:58:40.248000-04:00,11.919683456420898,-0.017887767404317856,-11.93757152557373
2026-08-04T04:58:40.252000-04:00,11.920501708984375,-0.01613406464457512,-11.936635971069336
2026-08-04T04:58:40.256000-04:00,11.92587947845459,-0.02922837808728218,-11.955107688903809
2026-08-04T04:58:40.260000-04:00,11.910798072814941,-0.053897131234407425,-11.96469497680664
2026-08-04T04:58:40.264000-04:00,11.910447120666504,-0.05307873710989952,-11.963525772094727
2026-08-04T04:58:40.268000-04:00,11.916059494018555,-0.036710843443870544,-11.952770233154297
2026-08-04T04:58:40.272000-04:00,11.914305686950684,-0.03706158325076103,-11.951367378234863
2026-08-04T04:58:40.276000-04:00,11.90682315826416,-0.04910367727279663,-11.955926895141602
2026-08-04T04:58:40.280000-04:00,11.900041580200195,-0.055417004972696304,-11.955458641052246
2026-08-04T04:58:40.284000-04:00,11.899223327636719,-0.05681996792554855,-11.956043243408203
2026-08-04T04:58:40.288000-04:00,11.907992362976074,-0.06453625857830048,-11.972528457641602
2026-08-04T04:58:40.292000-04:00,11.90904426574707,-0.05202651396393776,-11.961071014404297
2026-08-04T04:58:40.296000-04:00,11.907992362976074,-0.06722526997327805,-11.975217819213867
2026-08-04T04:58:40.300000-04:00,11.901094436645508,-0.06254872679710388,-11.963643074035645
2026-08-04T04:58:40.304000-04:00,11.895132064819336,-0.06395169347524643,-11.959083557128906
2026-08-04T04:58:40.308000-04:00,11.887765884399414,-0.06535465270280838,-11.953120231628418
2026-08-04T04:58:40.312000-04:00,11.902263641357422,-0.07330477237701416,-11.975568771362305
2026-08-04T04:58:40.316000-04:00,11.894196510314941,-0.07470773905515671,-11.968904495239258
2026-08-04T04:58:40.320000-04:00,11.899106979370117,-0.07622761279344559,-11.975334167480469
2026-08-04T04:58:40.324000-04:00,11.906472206115723,-0.09014032036066055,-11.996612548828125
2026-08-04T04:58:40.328000-04:00,11.891273498535156,-0.09341389685869217,-11.984687805175781
2026-08-04T04:58:40.332000-04:00,11.899223327636719,-0.07599378377199173,-11.97521686553955
2026-08-04T04:58:40.336000-04:00,11.899691581726074,-0.07622761279344559,-11.975918769836426
2026-08-04T04:58:40.340000-04:00,11.91489028930664,-0.06628996133804321,-11.981180191040039
2026-08-04T04:58:40.344000-04:00,11.90927791595459,-0.033904917538166046,-11.943182945251465
2026-08-04T04:58:40.348000-04:00,11.90881061553955,-0.014731102623045444,-11.923542022705078
2026-08-04T04:58:40.352000-04:00,11.915241241455078,0.00046765405568294227,-11.914773941040039
2026-08-04T04:58:40.356000-04:00,11.901445388793945,-0.0033904919400811195,-11.90483570098877
2026-08-04T04:58:40.360000-04:00,11.910213470458984,-0.006430243141949177,-11.916644096374512
2026-08-04T04:58:40.364000-04:00,11.912551879882812,0.014964929781854153,-11.897586822509766
2026-08-04T04:58:40.368000-04:00,11.900158882141113,0.060444287955760956,-11.839715003967285
2026-08-04T04:58:40.372000-04:00,11.877360343933105,0.07482464611530304,-11.802536010742188
2026-08-04T04:58:40.376000-04:00,11.881218910217285,0.06523773819208145,-11.815980911254883
2026-08-04T04:58:40.380000-04:00,11.87607479095459,0.07833205163478851,-11.79774284362793
2026-08-04T04:58:40.384000-04:00,11.886947631835938,0.0834762454032898,-11.803471565246582
2026-08-04T04:58:40.388000-04:00,11.908459663391113,0.08826970309019089,-11.8201904296875
2026-08-04T04:58:40.392000-04:00,11.915474891662598,0.08452846854925156,-11.83094596862793
2026-08-04T04:58:40.396000-04:00,11.907524108886719,0.06710835546255112,-11.840415954589844
2026-08-04T04:58:40.400000-04:00,11.899807929992676,0.023499615490436554,-11.87630844116211
2026-08-04T04:58:40.404000-04:00,11.905303001403809,-0.027357762679457664,-11.932661056518555
2026-08-04T04:58:40.408000-04:00,11.90705680847168,-0.03577553480863571,-11.942831993103027
2026-08-04T04:58:40.412000-04:00,11.90483570098877,-0.048519108444452286,-11.953354835510254
2026-08-04T04:58:40.416000-04:00,11.89291000366211,-0.08862044662237167,-11.98153018951416
2026-08-04T04:58:40.420000-04:00,11.867423057556152,-0.11749808490276337,-11.9849214553833
2026-08-04T04:58:40.424000-04:00,11.858304023742676,-0.13597041368484497,-11.994274139404297
2026-08-04T04:58:40.428000-04:00,11.866253852844238,-0.14637571573257446,-12.012629508972168
2026-08-04T04:58:40.432000-04:00,11.876542091369629,-0.13187845051288605,-12.008420944213867
2026-08-04T04:58:40.436000-04:00,11.874905586242676,-0.13351523876190186,-12.008420944213867
2026-08-04T04:58:40.440000-04:00,11.86146068572998,-0.14625880122184753,-12.007719039916992
2026-08-04T04:58:40.444000-04:00,11.867189407348633,-0.15362435579299927,-12.020813941955566
2026-08-04T04:58:40.448000-04:00,11.8659029006958,-0.16566644608974457,-12.031569480895996
2026-08-04T04:58:40.452000-04:00,11.862396240234375,-0.16449731588363647,-12.026893615722656
2026-08-04T04:58:40.456000-04:00,11.852691650390625,-0.18811383843421936,-12.04080581665039
2026-08-04T04:58:40.460000-04:00,11.838077545166016,-0.17572100460529327,-12.013798713684082
2026-08-04T04:58:40.464000-04:00,11.841351509094238,-0.17934532463550568,-12.020696640014648
2026-08-04T04:58:40.468000-04:00,11.84953498840332,-0.17233051359653473,-12.021865844726562
2026-08-04T04:58:40.472000-04:00,11.843689918518066,-0.1618082970380783,-12.005497932434082
2026-08-04T04:58:40.476000-04:00,11.848950386047363,-0.1782931089401245,-12.027243614196777
2026-08-04T04:58:40.480000-04:00,11.827555656433105,-0.17513644695281982,-12.002692222595215
2026-08-04T04:58:40.484000-04:00,11.803237915039062,-0.14754486083984375,-11.950782775878906
2026-08-04T04:58:40.488000-04:00,11.798912048339844,-0.10732660442590714,-11.906238555908203
2026-08-04T04:58:40.492000-04:00,11.846729278564453,-0.10826191306114197,-11.954991340637207
2026-08-04T04:58:40.496000-04:00,11.933128356933594,-0.10229932516813278,-12.035428047180176
2026-08-04T04:58:40.500000-04:00,12.04103946685791,0.012860486283898354,-12.028179168701172
2026-08-04T04:58:40.504000-04:00,12.23032283782959,0.29964932799339294,-11.930673599243164
2026-08-04T04:58:40.508000-04:00,12.19127368927002,0.8443493843078613,-11.346923828125
2026-08-04T04:58:40.512000-04:00,12.161227226257324,1.3768904209136963,-10.784337043762207
2026-08-04T04:58:40.516000-04:00,12.079036712646484,2.048558473587036,-10.030478477478027
2026-08-04T04:58:40.520000-04:00,12.019060134887695,2.2041704654693604,-9.814889907836914
2026-08-04T04:58:40.524000-04:00,11.952652931213379,2.1661736965179443,-9.786478996276855
2026-08-04T04:58:40.528000-04:00,11.911849975585938,1.811808705329895,-10.100041389465332
2026-08-04T04:58:40.532000-04:00,11.867656707763672,1.1421281099319458,-10.725528717041016
2026-08-04T04:58:40.536000-04:00,11.86555290222168,0.7885816693305969,-11.076971054077148
2026-08-04T04:58:40.540000-04:00,11.8948974609375,0.28597044944763184,-11.608926773071289
2026-08-04T04:58:40.544000-04:00,11.974515914916992,0.20214346051216125,-11.772372245788574
2026-08-04T04:58:40.548000-04:00,11.980010986328125,0.15947003662586212,-11.820541381835938
2026-08-04T04:58:40.552000-04:00,11.920501708984375,0.08394390344619751,-11.836557388305664
2026-08-04T04:58:40.556000-04:00,11.927048683166504,0.039049115031957626,-11.887999534606934
2026-08-04T04:58:40.560000-04:00,11.922606468200684,0.009703821502625942,-11.91290283203125
2026-08-04T04:58:40.564000-04:00,11.927867889404297,-0.0010522216325625777,-11.928919792175293
2026-08-04T04:58:40.568000-04:00,11.932310104370117,-0.024902578443288803,-11.957212448120117
2026-08-04T04:58:40.572000-04:00,11.942131042480469,-0.03495714068412781,-11.97708797454834
2026-08-04T04:58:40.576000-04:00,11.949729919433594,-0.03156664967536926,-11.98129653930664
2026-08-04T04:58:40.580000-04:00,11.941546440124512,-0.05038972571492195,-11.991935729980469
2026-08-04T04:58:40.584000-04:00,11.940610885620117,-0.044544048607349396,-11.98515510559082
2026-08-04T04:58:40.588000-04:00,11.94633960723877,-0.03589244931936264,-11.982232093811035
2026-08-04T04:58:40.592000-04:00,11.958966255187988,-0.027357762679457664,-11.986324310302734
2026-08-04T04:58:40.596000-04:00,11.954289436340332,-0.030397513881325722,-11.984686851501465
2026-08-04T04:58:40.600000-04:00,11.949028968811035,-0.021629000082612038,-11.970658302307129
2026-08-04T04:58:40.604000-04:00,11.957680702209473,-0.025837887078523636,-11.983518600463867
2026-08-04T04:58:40.608000-04:00,11.973113059997559,-0.011925178579986095,-11.985037803649902
2026-08-04T04:58:40.612000-04:00,11.969839096069336,-0.0016367891803383827,-11.971475601196289
2026-08-04T04:58:40.616000-04:00,11.95861530303955,0.00993764866143465,-11.948678016662598
2026-08-04T04:58:40.620000-04:00,11.95826530456543,0.012509745545685291,-11.945755958557129
2026-08-04T04:58:40.624000-04:00,11.963643074035645,0.019407643005251884,-11.944235801696777
2026-08-04T04:58:40.628000-04:00,11.9766206741333,0.018238509073853493,-11.958382606506348
2026-08-04T04:58:40.632000-04:00,11.98316764831543,0.032735783606767654,-11.950431823730469
2026-08-04T04:58:40.636000-04:00,11.985506057739258,0.04395947977900505,-11.941546440124512
2026-08-04T04:58:40.640000-04:00,11.987025260925293,0.051325034350156784,-11.935700416564941
2026-08-04T04:58:40.644000-04:00,11.995794296264648,0.06792674958705902,-11.927867889404297
2026-08-04T04:58:40.648000-04:00,12.008187294006348,0.07201872766017914,-11.936168670654297
2026-08-04T04:58:40.652000-04:00,12.023035049438477,0.1007794514298439,-11.922255516052246
2026-08-04T04:58:40.656000-04:00,12.019527435302734,0.10732660442590714,-11.912200927734375
2026-08-04T04:58:40.660000-04:00,12.03297233581543,0.11504289507865906,-11.917929649353027
2026-08-04T04:58:40.664000-04:00,12.039402961730957,0.12053783237934113,-11.918865203857422
2026-08-04T04:58:40.668000-04:00,12.057291030883789,0.1501169502735138,-11.907174110412598
2026-08-04T04:58:40.672000-04:00,12.065825462341309,0.1725643426179886,-11.893260955810547
2026-08-04T04:58:40.676000-04:00,12.075295448303223,0.18273581564426422,-11.892560005187988
2026-08-04T04:58:40.680000-04:00,12.080439567565918,0.2047155648469925,-11.875723838806152
2026-08-04T04:58:40.684000-04:00,12.09423542022705,0.22634455561637878,-11.867891311645508
2026-08-04T04:58:40.688000-04:00,12.126853942871094,0.2513640522956848,-11.875490188598633
2026-08-04T04:58:40.692000-04:00,12.145209312438965,0.29766181111335754,-11.84754753112793
2026-08-04T04:58:40.696000-04:00,12.156550407409668,0.32700708508491516,-11.829543113708496
2026-08-04T04:58:40.700000-04:00,12.164149284362793,0.3569369614124298,-11.807211875915527
2026-08-04T04:58:40.704000-04:00,12.190689086914062,0.38990655541419983,-11.800782203674316
2026-08-04T04:58:40.708000-04:00,12.216643333435059,0.4324630796909332,-11.784180641174316
2026-08-04T04:58:40.712000-04:00,12.2325439453125,0.45701491832733154,-11.775528907775879
2026-08-04T04:58:40.716000-04:00,12.229153633117676,0.48144984245300293,-11.747703552246094
2026-08-04T04:58:40.720000-04:00,12.23277759552002,0.507989227771759,-11.724788665771484
2026-08-04T04:58:40.724000-04:00,12.259668350219727,0.5183945298194885,-11.741273880004883
2026-08-04T04:58:40.728000-04:00,12.277555465698242,0.5257600545883179,-11.751795768737793
2026-08-04T04:58:40.732000-04:00,12.27966022491455,0.5473890900611877,-11.732271194458008
2026-08-04T04:58:40.736000-04:00,12.27743911743164,0.5422448515892029,-11.735194206237793
2026-08-04T04:58:40.740000-04:00,12.269488334655762,0.5441154837608337,-11.725373268127441
2026-08-04T04:58:40.744000-04:00,12.258265495300293,0.5501949787139893,-11.708070755004883
2026-08-04T04:58:40.748000-04:00,12.262123107910156,0.5403742790222168,-11.721748352050781
2026-08-04T04:58:40.752000-04:00,12.245521545410156,0.5278645157814026,-11.717657089233398
2026-08-04T04:58:40.756000-04:00,12.2283353805542,0.49840229749679565,-11.72993278503418
2026-08-04T04:58:40.760000-04:00,12.187649726867676,0.4628606140613556,-11.724788665771484
2026-08-04T04:58:40.764000-04:00,12.168708801269531,0.4125877916812897,-11.756120681762695
2026-08-04T04:58:40.768000-04:00,12.148950576782227,0.36558854579925537,-11.78336238861084
2026-08-04T04:58:40.772000-04:00,12.117501258850098,0.32256439328193665,-11.794937133789062
2026-08-04T04:58:40.776000-04:00,12.091546058654785,0.27509748935699463,-11.816448211669922
2026-08-04T04:58:40.780000-04:00,12.054484367370605,0.21804369986057281,-11.836441040039062
2026-08-04T04:58:40.784000-04:00,12.03636360168457,0.17291508615016937,-11.863448143005371
2026-08-04T04:58:40.788000-04:00,12.018826484680176,0.14123152196407318,-11.877594947814941
2026-08-04T04:58:40.792000-04:00,12.00783634185791,0.11212006211280823,-11.895716667175293
2026-08-04T04:58:40.796000-04:00,11.972528457641602,0.07377243041992188,-11.89875602722168
2026-08-04T04:58:40.800000-04:00,11.951483726501465,0.05190959945321083,-11.899574279785156
2026-08-04T04:58:40.804000-04:00,11.938974380493164,0.013561967760324478,-11.92541217803955
2026-08-04T04:58:40.808000-04:00,11.93581771850586,-0.01461418904364109,-11.950431823730469
2026-08-04T04:58:40.812000-04:00,11.918747901916504,-0.023499615490436554,-11.94224739074707
2026-08-04T04:58:40.816000-04:00,11.907875061035156,-0.042088866233825684,-11.949963569641113
2026-08-04T04:58:40.820000-04:00,11.905770301818848,-0.059275150299072266,-11.965045928955078
2026-08-04T04:58:40.824000-04:00,11.900158882141113,-0.07575995475053787,-11.975918769836426
2026-08-04T04:58:40.828000-04:00,11.897235870361328,-0.07763057202100754,-11.97486686706543
2026-08-04T04:58:40.832000-04:00,11.893611907958984,-0.07295403629541397,-11.96656608581543
2026-08-04T04:58:40.836000-04:00,11.885311126708984,-0.08815278857946396,-11.973464012145996
2026-08-04T04:58:40.840000-04:00,11.872800827026367,-0.09130945801734924,-11.964110374450684
2026-08-04T04:58:40.844000-04:00,11.876425743103027,-0.09984414279460907,-11.976269721984863
2026-08-04T04:58:40.848000-04:00,11.880634307861328,-0.09095871448516846,-11.971592903137207
2026-08-04T04:58:40.852000-04:00,11.879465103149414,-0.0871005654335022,-11.96656608581543
2026-08-04T04:58:40.856000-04:00,11.875139236450195,-0.09762278199195862,-11.972762107849121
2026-08-04T04:58:40.860000-04:00,11.873269081115723,-0.1015978455543518,-11.97486686706543
2026-08-04T04:58:40.864000-04:00,11.868358612060547,-0.10487142205238342,-11.973230361938477
2026-08-04T04:58:40.868000-04:00,11.877711296081543,-0.07646144181489944,-11.95417308807373
2026-08-04T04:58:40.872000-04:00,11.874320983886719,-0.066640704870224,-11.940961837768555
2026-08-04T04:58:40.876000-04:00,11.86976146697998,-0.07178489863872528,-11.941546440124512
2026-08-04T04:58:40.880000-04:00,11.873736381530762,-0.05869058519601822,-11.932427406311035
2026-08-04T04:58:40.884000-04:00,11.875139236450195,-0.07131724059581757,-11.946456909179688
2026-08-04T04:58:40.888000-04:00,11.88390827178955,-0.07003119587898254,-11.953939437866211
2026-08-04T04:58:40.892000-04:00,11.897119522094727,-0.056586138904094696,-11.953705787658691
2026-08-04T04:58:40.896000-04:00,11.902379989624023,-0.05763836205005646,-11.960018157958984
2026-08-04T04:58:40.900000-04:00,11.891156196594238,-0.066640704870224,-11.957797050476074
2026-08-04T04:58:40.904000-04:00,11.900276184082031,-0.0489867627620697,-11.949262619018555
2026-08-04T04:58:40.908000-04:00,11.916293144226074,-0.021044433116912842,-11.937337875366211
2026-08-04T04:58:40.912000-04:00,11.910447120666504,-0.0057287621311843395,-11.916175842285156
2026-08-04T04:58:40.916000-04:00,11.904952049255371,-0.017069373279809952,-11.922021865844727
2026-08-04T04:58:40.920000-04:00,11.902730941772461,-0.02817615680396557,-11.930907249450684
2026-08-04T04:58:40.924000-04:00,11.907407760620117,-0.016835546121001244,-11.924242973327637
2026-08-04T04:58:40.928000-04:00,11.90705680847168,-0.027240848168730736,-11.934297561645508
2026-08-04T04:58:40.932000-04:00,11.908576965332031,-0.011808265000581741,-11.920385360717773
2026-08-04T04:58:40.936000-04:00,11.90658950805664,-0.0009353081113658845,-11.907525062561035
2026-08-04T04:58:40.940000-04:00,11.906939506530762,-0.011808265000581741,-11.918747901916504
2026-08-04T04:58:40.944000-04:00,11.912551879882812,-0.007950118742883205,-11.920501708984375
2026-08-04T04:58:40.948000-04:00,11.922722816467285,0.007833205163478851,-11.914889335632324
2026-08-04T04:58:40.952000-04:00,11.918631553649902,-0.025604059919714928,-11.944235801696777
2026-08-04T04:58:40.956000-04:00,11.9155912399292,-0.01858924888074398,-11.93418025970459
2026-08-04T04:58:40.960000-04:00,11.901445388793945,-0.03355417773127556,-11.934999465942383
2026-08-04T04:58:40.964000-04:00,11.905186653137207,-0.0417381227016449,-11.946925163269043
2026-08-04T04:58:40.968000-04:00,11.912084579467773,-0.024902578443288803,-11.936986923217773
2026-08-04T04:58:40.972000-04:00,11.910447120666504,-0.022213567048311234,-11.932661056518555
2026-08-04T04:58:40.976000-04:00,11.908576965332031,-0.02665628120303154,-11.935233116149902
2026-08-04T04:58:40.980000-04:00,11.903432846069336,-0.053897131234407425,-11.957329750061035
2026-08-04T04:58:40.984000-04:00,11.90296459197998,-0.04431022331118584,-11.947275161743164
2026-08-04T04:58:40.988000-04:00,11.905069351196289,-0.04477787762880325,-11.949847221374512
2026-08-04T04:58:40.992000-04:00,11.9072904586792,-0.045947011560201645,-11.953237533569336
2026-08-04T04:58:40.996000-04:00,11.896183967590332,-0.051325034350156784,-11.947508811950684
2026-08-04T04:58:41-04:00,11.8989896774292,-0.07061576098203659,-11.969605445861816
2026-08-04T04:58:41.004000-04:00,11.894781112670898,-0.06453625857830048,-11.959317207336426
2026-08-04T04:58:41.008000-04:00,11.907758712768555,-0.0714341551065445,-11.979192733764648
2026-08-04T04:58:41.012000-04:00,11.900860786437988,-0.07961810380220413,-11.98047924041748
2026-08-04T04:58:41.016000-04:00,11.893611907958984,-0.07190181314945221,-11.965514183044434
2026-08-04T04:58:41.020000-04:00,11.888818740844727,-0.06979736685752869,-11.958616256713867
2026-08-04T04:58:41.024000-04:00,11.893494606018066,-0.07272020727396011,-11.966215133666992
2026-08-04T04:58:41.028000-04:00,11.89828872680664,-0.07611069828271866,-11.97439956665039
2026-08-04T04:58:41.032000-04:00,11.902146339416504,-0.07622761279344559,-11.978373527526855
2026-08-04T04:58:41.036000-04:00,11.892560005187988,-0.07996883988380432,-11.972528457641602
2026-08-04T04:58:41.040000-04:00,11.88414192199707,-0.09680438786745071,-11.98094654083252
2026-08-04T04:58:41.044000-04:00,11.888701438903809,-0.09247858822345734,-11.981180191040039
2026-08-04T04:58:41.048000-04:00,11.896651268005371,-0.09318006783723831,-11.98983097076416
2026-08-04T04:58:41.052000-04:00,11.897704124450684,-0.09212785214185715,-11.989831924438477
2026-08-04T04:58:41.056000-04:00,11.888935089111328,-0.11422450095415115,-12.003159523010254
2026-08-04T04:58:41.060000-04:00,11.878764152526855,-0.11667968332767487,-11.995444297790527
2026-08-04T04:58:41.064000-04:00,11.877360343933105,-0.11258771270513535,-11.989948272705078
2026-08-04T04:58:41.068000-04:00,11.888935089111328,-0.1083788275718689,-11.997313499450684
2026-08-04T04:58:41.072000-04:00,11.88192081451416,-0.09855809062719345,-11.98047924041748
2026-08-04T04:58:41.076000-04:00,11.864968299865723,-0.10288389027118683,-11.967852592468262
2026-08-04T04:58:41.080000-04:00,11.869410514831543,-0.10697586834430695,-11.976386070251465
2026-08-04T04:58:41.084000-04:00,11.87560749053955,-0.11375685036182404,-11.989364624023438
2026-08-04T04:58:41.088000-04:00,11.882972717285156,-0.10136401653289795,-11.984336853027344
2026-08-04T04:58:41.092000-04:00,11.885077476501465,-0.10323463380336761,-11.988311767578125
2026-08-04T04:58:41.096000-04:00,11.87806224822998,-0.10826191306114197,-11.986324310302734
2026-08-04T04:58:41.100000-04:00,11.864968299865723,-0.08885426819324493,-11.953822135925293
2026-08-04T04:58:41.104000-04:00,11.887181282043457,-0.12182388454675674,-12.009005546569824
2026-08-04T04:58:41.108000-04:00,11.91313648223877,-0.05880749598145485,-11.971943855285645
2026-08-04T04:58:41.112000-04:00,11.909862518310547,-0.03706158325076103,-11.946924209594727
2026-08-04T04:58:41.116000-04:00,11.887181282043457,-0.03367109224200249,-11.920852661132812
2026-08-04T04:58:41.120000-04:00,11.88460922241211,-0.028877638280391693,-11.91348648071289
2026-08-04T04:58:41.124000-04:00,11.903782844543457,-0.04501170292496681,-11.9487943649292
2026-08-04T04:58:41.128000-04:00,11.924126625061035,-0.023148875683546066,-11.947275161743164
2026-08-04T04:58:41.132000-04:00,11.917929649353027,0.03577553480863571,-11.88215446472168
2026-08-04T04:58:41.136000-04:00,11.874320983886719,0.04489478841423988,-11.829425811767578
2026-08-04T04:58:41.140000-04:00,11.866722106933594,0.0517926849424839,-11.814929008483887
2026-08-04T04:58:41.144000-04:00,11.873035430908203,0.03472331538796425,-11.838312149047852
2026-08-04T04:58:41.148000-04:00,11.891858100891113,0.056469228118658066,-11.835389137268066
2026-08-04T04:58:41.152000-04:00,11.89267635345459,0.07190181314945221,-11.82077407836914
2026-08-04T04:58:41.156000-04:00,11.899223327636719,0.06512082368135452,-11.834102630615234
2026-08-04T04:58:41.160000-04:00,11.91757869720459,0.04010133445262909,-11.877477645874023
2026-08-04T04:58:41.164000-04:00,11.911849975585938,0.012275919318199158,-11.899574279785156
2026-08-04T04:58:41.168000-04:00,11.906472206115723,-0.026071714237332344,-11.932543754577637
2026-08-04T04:58:41.172000-04:00,11.897002220153809,-0.035074055194854736,-11.932076454162598
2026-08-04T04:58:41.176000-04:00,11.889870643615723,-0.06149650737643242,-11.951367378234863
2026-08-04T04:58:41.180000-04:00,11.877243995666504,-0.09961031377315521,-11.97685432434082
2026-08-04T04:58:41.184000-04:00,11.882505416870117,-0.11048327386379242,-11.992988586425781
2026-08-04T04:58:41.188000-04:00,11.86777400970459,-0.15046769380569458,-12.018241882324219
2026-08-04T04:58:41.192000-04:00,11.869527816772461,-0.14672645926475525,-12.016254425048828
2026-08-04T04:58:41.196000-04:00,11.852575302124023,-0.1618082970380783,-12.014383316040039
2026-08-04T04:58:41.200000-04:00,11.84754753112793,-0.1654326170682907,-12.012980461120605
2026-08-04T04:58:41.204000-04:00,11.852575302124023,-0.16952459514141083,-12.022099494934082
2026-08-04T04:58:41.208000-04:00,11.871164321899414,-0.17794236540794373,-12.04910659790039
2026-08-04T04:58:41.212000-04:00,11.862278938293457,-0.17478570342063904,-12.037064552307129
2026-08-04T04:58:41.216000-04:00,11.862278938293457,-0.17653940618038177,-12.038818359375
2026-08-04T04:58:41.220000-04:00,11.84754753112793,-0.19056902825832367,-12.038116455078125
2026-08-04T04:58:41.224000-04:00,11.84485912322998,-0.19302421808242798,-12.037883758544922
2026-08-04T04:58:41.228000-04:00,11.856901168823242,-0.19208890199661255,-12.048990249633789
2026-08-04T04:58:41.232000-04:00,11.844508171081543,-0.1842557042837143,-12.028763771057129
2026-08-04T04:58:41.236000-04:00,11.84310531616211,-0.1854248344898224,-12.02853012084961
2026-08-04T04:58:41.240000-04:00,11.839130401611328,-0.19162124395370483,-12.03075122833252
2026-08-04T04:58:41.244000-04:00,11.82264518737793,-0.20120815932750702,-12.023853302001953
2026-08-04T04:58:41.248000-04:00,11.819955825805664,-0.17525336146354675,-11.995208740234375
2026-08-04T04:58:41.252000-04:00,11.78137493133545,-0.14427126944065094,-11.92564582824707
2026-08-04T04:58:41.256000-04:00,11.81212329864502,-0.11527672410011292,-11.927399635314941
2026-08-04T04:58:41.260000-04:00,11.8823881149292,-0.1284879446029663,-12.010875701904297
2026-08-04T04:58:41.264000-04:00,12.165669441223145,0.1352689415216446,-12.030400276184082
2026-08-04T04:58:41.268000-04:00,12.165669441223145,0.1352689415216446,-12.030400276184082
2026-08-04T04:58:41.272000-04:00,12.27790641784668,0.5610679388046265,-11.716838836669922
2026-08-04T04:58:41.276000-04:00,12.187065124511719,1.0245131254196167,-11.162551879882812
2026-08-04T04:58:41.280000-04:00,12.129426002502441,1.8019880056381226,-10.327438354492188
2026-08-04T04:58:41.284000-04:00,12.056589126586914,2.1263060569763184,-9.930282592773438
2026-08-04T04:58:41.288000-04:00,12.025958061218262,2.1631338596343994,-9.862824440002441
2026-08-04T04:58:41.292000-04:00,11.941546440124512,1.9712787866592407,-9.970267295837402
2026-08-04T04:58:41.296000-04:00,11.87852954864502,1.3156278133392334,-10.562901496887207
2026-08-04T04:58:41.300000-04:00,11.827789306640625,0.7496494650840759,-11.078140258789062
2026-08-04T04:58:41.304000-04:00,11.853042602539062,0.39084187150001526,-11.462201118469238
2026-08-04T04:58:41.308000-04:00,11.933245658874512,0.17537027597427368,-11.757875442504883
2026-08-04T04:58:41.312000-04:00,11.976503372192383,0.1449727565050125,-11.831530570983887
2026-08-04T04:58:41.316000-04:00,11.940494537353516,0.07844896614551544,-11.862045288085938
2026-08-04T04:58:41.320000-04:00,11.907524108886719,0.014848016202449799,-11.89267635345459
2026-08-04T04:58:41.324000-04:00,11.934999465942383,-0.006664070300757885,-11.94166374206543
2026-08-04T04:58:41.328000-04:00,11.920150756835938,-0.03706158325076103,-11.957212448120117
2026-08-04T04:58:41.332000-04:00,11.94224739074707,-0.021512087434530258,-11.963759422302246
2026-08-04T04:58:41.336000-04:00,11.918981552124023,-0.060795027762651443,-11.979776382446289
2026-08-04T04:58:41.340000-04:00,11.920619010925293,-0.07272020727396011,-11.993339538574219
2026-08-04T04:58:41.344000-04:00,11.932777404785156,-0.07727983593940735,-12.01005744934082
2026-08-04T04:58:41.348000-04:00,11.944234848022461,-0.08487921208143234,-12.02911376953125
2026-08-04T04:58:41.352000-04:00,11.93803882598877,-0.07739674299955368,-12.015435218811035
2026-08-04T04:58:41.356000-04:00,11.945638656616211,-0.07704600691795349,-12.022685050964355
2026-08-04T04:58:41.360000-04:00,11.942598342895508,-0.0758768692612648,-12.018475532531738
2026-08-04T04:58:41.364000-04:00,11.944936752319336,-0.07856588065624237,-12.023502349853516
2026-08-04T04:58:41.368000-04:00,11.958381652832031,-0.06348403543233871,-12.021865844726562
2026-08-04T04:58:41.372000-04:00,11.953939437866211,-0.06979736685752869,-12.023736953735352
2026-08-04T04:58:41.376000-04:00,11.958381652832031,-0.05155885964632034,-12.009940147399902
2026-08-04T04:58:41.380000-04:00,11.96691608428955,-0.05424787104129791,-12.021163940429688
2026-08-04T04:58:41.384000-04:00,11.961655616760254,-0.04547935724258423,-12.007135391235352
2026-08-04T04:58:41.388000-04:00,11.979426383972168,-0.02782541699707508,-12.007251739501953
2026-08-04T04:58:41.392000-04:00,11.98293399810791,-0.01204209215939045,-11.994976043701172
2026-08-04T04:58:41.396000-04:00,11.970891952514648,-0.01847233437001705,-11.989364624023438
2026-08-04T04:58:41.400000-04:00,11.991585731506348,-0.007248637732118368,-11.998834609985352
2026-08-04T04:58:41.404000-04:00,11.99170207977295,-0.011457524262368679,-12.003159523010254
2026-08-04T04:58:41.408000-04:00,12.004095077514648,0.004325800109654665,-11.99976921081543
2026-08-04T04:58:41.412000-04:00,12.00830364227295,0.019173815846443176,-11.989130020141602
2026-08-04T04:58:41.416000-04:00,12.00000286102295,0.024318011477589607,-11.975685119628906
2026-08-04T04:58:41.420000-04:00,12.007369041442871,0.033904917538166046,-11.973464012145996
2026-08-04T04:58:41.424000-04:00,12.02443790435791,0.06161342188715935,-11.962824821472168
2026-08-04T04:58:41.428000-04:00,12.028412818908691,0.06336712092161179,-11.965045928955078
2026-08-04T04:58:41.432000-04:00,12.034025192260742,0.08745130896568298,-11.946574211120605
2026-08-04T04:58:41.436000-04:00,12.036246299743652,0.11083400994539261,-11.92541217803955
2026-08-04T04:58:41.440000-04:00,12.052263259887695,0.12018708884716034,-11.932076454162598
2026-08-04T04:58:41.444000-04:00,12.084765434265137,0.14123152196407318,-11.943533897399902
2026-08-04T04:58:41.448000-04:00,12.108966827392578,0.15666410326957703,-11.952302932739258
2026-08-04T04:58:41.452000-04:00,12.120424270629883,0.19723309576511383,-11.92319107055664
2026-08-04T04:58:41.456000-04:00,12.136090278625488,0.21780987083911896,-11.918280601501465
2026-08-04T04:58:41.460000-04:00,12.143221855163574,0.23476234078407288,-11.908459663391113
2026-08-04T04:58:41.464000-04:00,12.159473419189453,0.2604832947254181,-11.8989896774292
2026-08-04T04:58:41.468000-04:00,12.196184158325195,0.3143804371356964,-11.881803512573242
2026-08-04T04:58:41.472000-04:00,12.206238746643066,0.33507412672042847,-11.871164321899414
2026-08-04T04:58:41.476000-04:00,12.214655876159668,0.359275221824646,-11.85538101196289
2026-08-04T04:58:41.480000-04:00,12.235817909240723,0.39645373821258545,-11.839364051818848
2026-08-04T04:58:41.484000-04:00,12.250081062316895,0.41971951723098755,-11.830361366271973
2026-08-04T04:58:41.488000-04:00,12.267618179321289,0.4600546658039093,-11.807563781738281
2026-08-04T04:58:41.492000-04:00,12.2698392868042,0.47069379687309265,-11.799145698547363
2026-08-04T04:58:41.496000-04:00,12.267735481262207,0.47992998361587524,-11.787805557250977
2026-08-04T04:58:41.500000-04:00,12.274749755859375,0.47957924008369446,-11.795170783996582
2026-08-04T04:58:41.504000-04:00,12.273229598999023,0.48507416248321533,-11.788155555725098
2026-08-04T04:58:41.508000-04:00,12.264110565185547,0.4821513295173645,-11.781959533691406
2026-08-04T04:58:41.512000-04:00,12.267735481262207,0.4844895899295807,-11.783246040344238
2026-08-04T04:58:41.516000-04:00,12.244235038757324,0.4742012023925781,-11.770033836364746
2026-08-04T04:58:41.520000-04:00,12.22400951385498,0.4491817057132721,-11.77482795715332
2026-08-04T04:58:41.524000-04:00,12.2118501663208,0.407794326543808,-11.804056167602539
2026-08-04T04:58:41.528000-04:00,12.19957447052002,0.3809042274951935,-11.818670272827148
2026-08-04T04:58:41.532000-04:00,12.171749114990234,0.35553398728370667,-11.816215515136719
2026-08-04T04:58:41.536000-04:00,12.128958702087402,0.29286834597587585,-11.836090087890625
2026-08-04T04:58:41.540000-04:00,12.107329368591309,0.24633677303791046,-11.860992431640625
2026-08-04T04:58:41.544000-04:00,12.085116386413574,0.20284494757652283,-11.882271766662598
2026-08-04T04:58:41.548000-04:00,12.07833480834961,0.17992989718914032,-11.898405075073242
2026-08-04T04:58:41.552000-04:00,12.047470092773438,0.1256820261478424,-11.921788215637207
2026-08-04T04:58:41.556000-04:00,12.0181245803833,0.08043649792671204,-11.937687873840332
2026-08-04T04:58:41.560000-04:00,11.989714622497559,0.035424795001745224,-11.954289436340332
2026-08-04T04:58:41.564000-04:00,11.975685119628906,0.009119254536926746,-11.96656608581543
2026-08-04T04:58:41.568000-04:00,11.969371795654297,-0.020693691447377205,-11.990065574645996
2026-08-04T04:58:41.572000-04:00,11.953822135925293,-0.046063926070928574,-11.999886512756348
2026-08-04T04:58:41.576000-04:00,11.942598342895508,-0.06231490150094032,-12.004913330078125
2026-08-04T04:58:41.580000-04:00,11.918865203857422,-0.08850353211164474,-12.007369041442871
2026-08-04T04:58:41.584000-04:00,11.910798072814941,-0.10931413620710373,-12.020112037658691
2026-08-04T04:58:41.588000-04:00,11.914539337158203,-0.11071709543466568,-12.025256156921387
2026-08-04T04:58:41.592000-04:00,11.91126537322998,-0.11258771270513535,-12.023853302001953
2026-08-04T04:58:41.596000-04:00,11.896183967590332,-0.11586128920316696,-12.012044906616211
2026-08-04T04:58:41.600000-04:00,11.887649536132812,-0.13901016116142273,-12.026659965515137
2026-08-04T04:58:41.604000-04:00,11.896651268005371,-0.13760720193386078,-12.034258842468262
2026-08-04T04:58:41.608000-04:00,11.897235870361328,-0.1312938779592514,-12.02853012084961
2026-08-04T04:58:41.612000-04:00,11.891273498535156,-0.14625880122184753,-12.037531852722168
2026-08-04T04:58:41.616000-04:00,11.873269081115723,-0.1473110318183899,-12.020580291748047
2026-08-04T04:58:41.620000-04:00,11.880049705505371,-0.14848016202449799,-12.02853012084961
2026-08-04T04:58:41.624000-04:00,11.87607479095459,-0.16426348686218262,-12.040338516235352
2026-08-04T04:58:41.628000-04:00,11.88460922241211,-0.15607954561710358,-12.040688514709473
2026-08-04T04:58:41.632000-04:00,11.887532234191895,-0.15233831107616425,-12.039870262145996
2026-08-04T04:58:41.636000-04:00,11.875957489013672,-0.15911929309368134,-12.035077095031738
2026-08-04T04:58:41.640000-04:00,11.87022876739502,-0.15315669775009155,-12.023385047912598
2026-08-04T04:58:41.644000-04:00,11.887532234191895,-0.1380748599767685,-12.025607109069824
2026-08-04T04:58:41.648000-04:00,11.892091751098633,-0.13199535012245178,-12.024086952209473
2026-08-04T04:58:41.652000-04:00,11.897704124450684,-0.1128215417265892,-12.010525703430176
2026-08-04T04:58:41.656000-04:00,11.896651268005371,-0.1280203014612198,-12.02467155456543
2026-08-04T04:58:41.660000-04:00,11.891740798950195,-0.13199535012245178,-12.023736000061035
2026-08-04T04:58:41.664000-04:00,11.899223327636719,-0.1055729016661644,-12.004796028137207
2026-08-04T04:58:41.668000-04:00,11.906121253967285,-0.0991426631808281,-12.005264282226562
2026-08-04T04:58:41.672000-04:00,11.914772987365723,-0.08815278857946396,-12.002925872802734
2026-08-04T04:58:41.676000-04:00,11.910330772399902,-0.09224475920200348,-12.002575874328613
2026-08-04T04:58:41.680000-04:00,11.898873329162598,-0.10416994243860245,-12.003043174743652
2026-08-04T04:58:41.684000-04:00,11.90951156616211,-0.09879191964864731,-12.00830364227295
2026-08-04T04:58:41.688000-04:00,11.921788215637207,-0.07915044575929642,-12.000938415527344
2026-08-04T04:58:41.692000-04:00,11.91535758972168,-0.07248637825250626,-11.98784351348877
2026-08-04T04:58:41.696000-04:00,11.916994094848633,-0.07061576098203659,-11.98760986328125
2026-08-04T04:58:41.700000-04:00,11.9155912399292,-0.08756822347640991,-12.003159523010254
2026-08-04T04:58:41.704000-04:00,11.91512393951416,-0.08441155403852463,-11.99953556060791
2026-08-04T04:58:41.708000-04:00,11.92342472076416,-0.07201872766017914,-11.995443344116211
2026-08-04T04:58:41.712000-04:00,11.925294876098633,-0.06406860798597336,-11.989363670349121
2026-08-04T04:58:41.716000-04:00,11.918631553649902,-0.0658223107457161,-11.984454154968262
2026-08-04T04:58:41.720000-04:00,11.922021865844727,-0.07120033353567123,-11.9932222366333
2026-08-04T04:58:41.724000-04:00,11.922489166259766,-0.07903353869915009,-12.0015230178833
2026-08-04T04:58:41.728000-04:00,11.927867889404297,-0.0658223107457161,-11.993690490722656
2026-08-04T04:58:41.732000-04:00,11.926347732543945,-0.055183179676532745,-11.981531143188477
2026-08-04T04:58:41.736000-04:00,11.906238555908203,-0.06500391662120819,-11.971242904663086
2026-08-04T04:58:41.740000-04:00,11.905303001403809,-0.07318785786628723,-11.978490829467773
2026-08-04T04:58:41.744000-04:00,11.919449806213379,-0.06851132214069366,-11.987960815429688
2026-08-04T04:58:41.748000-04:00,11.929153442382812,-0.07014811038970947,-11.99930191040039
2026-08-04T04:58:41.752000-04:00,11.922021865844727,-0.08031958341598511,-12.002341270446777
2026-08-04T04:58:41.756000-04:00,11.91313648223877,-0.10779426246881485,-12.020930290222168
2026-08-04T04:58:41.760000-04:00,11.91711139678955,-0.10007796436548233,-12.017189025878906
2026-08-04T04:58:41.764000-04:00,11.913487434387207,-0.09984414279460907,-12.013331413269043
2026-08-04T04:58:41.768000-04:00,11.92587947845459,-0.08780205249786377,-12.013681411743164
2026-08-04T04:58:41.772000-04:00,11.91711139678955,-0.10124710202217102,-12.01835823059082
2026-08-04T04:58:41.776000-04:00,11.907524108886719,-0.10522216558456421,-12.01274585723877
2026-08-04T04:58:41.780000-04:00,11.903900146484375,-0.11960252374410629,-12.023502349853516
2026-08-04T04:58:41.784000-04:00,11.91489028930664,-0.1260327696800232,-12.040923118591309
2026-08-04T04:58:41.788000-04:00,11.916644096374512,-0.12182388454675674,-12.038468360900879
2026-08-04T04:58:41.792000-04:00,11.918747901916504,-0.1167965978384018,-12.035544395446777
2026-08-04T04:58:41.796000-04:00,11.904952049255371,-0.12661734223365784,-12.031569480895996
2026-08-04T04:58:41.800000-04:00,11.903782844543457,-0.14684337377548218,-12.050625801086426
2026-08-04T04:58:41.804000-04:00,11.906121253967285,-0.13795794546604156,-12.044078826904297
2026-08-04T04:58:41.808000-04:00,11.919332504272461,-0.11095092445611954,-12.030282974243164
2026-08-04T04:58:41.812000-04:00,11.922372817993164,-0.09107562899589539,-12.013448715209961
2026-08-04T04:58:41.816000-04:00,11.919683456420898,-0.06757601350545883,-11.987259864807129
2026-08-04T04:58:41.820000-04:00,11.898054122924805,-0.07599378377199173,-11.974047660827637
2026-08-04T04:58:41.824000-04:00,11.906472206115723,-0.059275150299072266,-11.965747833251953
2026-08-04T04:58:41.828000-04:00,11.912668228149414,-0.06371786445379257,-11.976386070251465
2026-08-04T04:58:41.832000-04:00,11.936635971069336,-0.05904132500290871,-11.99567699432373
2026-08-04T04:58:41.836000-04:00,11.928568840026855,-0.015315670520067215,-11.94388484954834
2026-08-04T04:58:41.840000-04:00,11.906121253967285,0.024551838636398315,-11.881569862365723
2026-08-04T04:58:41.844000-04:00,11.890337944030762,0.04138738289475441,-11.848950386047363
2026-08-04T04:58:41.848000-04:00,11.909628868103027,0.03238504379987717,-11.877243995666504
2026-08-04T04:58:41.852000-04:00,11.910680770874023,0.05085738003253937,-11.859823226928711
2026-08-04T04:58:41.856000-04:00,11.905536651611328,0.040568988770246506,-11.864967346191406
2026-08-04T04:58:41.860000-04:00,11.914656639099121,0.028409983962774277,-11.886246681213379
2026-08-04T04:58:41.864000-04:00,11.939208030700684,0.014029622077941895,-11.925178527832031
2026-08-04T04:58:41.868000-04:00,11.935233116149902,-0.008183945901691914,-11.943416595458984
2026-08-04T04:58:41.872000-04:00,11.927867889404297,-0.03916602581739426,-11.967034339904785
2026-08-04T04:58:41.876000-04:00,11.91489028930664,-0.04629775136709213,-11.961188316345215
2026-08-04T04:58:41.880000-04:00,11.909395217895508,-0.09189402312040329,-12.001289367675781
2026-08-04T04:58:41.884000-04:00,11.904952049255371,-0.1044037714600563,-12.009355545043945
2026-08-04T04:58:41.888000-04:00,11.90097713470459,-0.13187845051288605,-12.032855987548828
2026-08-04T04:58:41.892000-04:00,11.888350486755371,-0.13351523876190186,-12.021865844726562
2026-08-04T04:58:41.896000-04:00,11.874671936035156,-0.1561964601278305,-12.030868530273438
2026-08-04T04:58:41.900000-04:00,11.867423057556152,-0.17408421635627747,-12.041507720947266
2026-08-04T04:58:41.904000-04:00,11.87607479095459,-0.1738504022359848,-12.049924850463867
2026-08-04T04:58:41.908000-04:00,11.876776695251465,-0.1702260822057724,-12.047002792358398
2026-08-04T04:58:41.912000-04:00,11.887649536132812,-0.17279817163944244,-12.060447692871094
2026-08-04T04:58:41.916000-04:00,11.877010345458984,-0.19138741493225098,-12.068397521972656
2026-08-04T04:58:41.920000-04:00,11.881569862365723,-0.20448173582553864,-12.086051940917969
2026-08-04T04:58:41.924000-04:00,11.880167007446289,-0.2203819751739502,-12.10054874420166
2026-08-04T04:58:41.928000-04:00,11.879348754882812,-0.20985975861549377,-12.089208602905273
2026-08-04T04:58:41.932000-04:00,11.87993335723877,-0.20576778054237366,-12.085700988769531
2026-08-04T04:58:41.936000-04:00,11.865669250488281,-0.21664074063301086,-12.08230972290039
2026-08-04T04:58:41.940000-04:00,11.858186721801758,-0.2264614701271057,-12.084648132324219
2026-08-04T04:58:41.944000-04:00,11.868241310119629,-0.22073271870613098,-12.088973999023438
2026-08-04T04:58:41.948000-04:00,11.877360343933105,-0.21851135790348053,-12.095871925354004
2026-08-04T04:58:41.952000-04:00,11.86777400970459,-0.18928298354148865,-12.05705738067627
2026-08-04T04:58:41.956000-04:00,11.832232475280762,-0.1786438524723053,-12.010876655578613
2026-08-04T04:58:41.960000-04:00,11.820540428161621,-0.15467657148838043,-11.97521686553955
2026-08-04T04:58:41.964000-04:00,11.877711296081543,-0.170576810836792,-12.048288345336914
2026-08-04T04:58:41.968000-04:00,11.945638656616211,-0.13257992267608643,-12.078218460083008
2026-08-04T04:58:41.972000-04:00,12.10499095916748,0.05319564789533615,-12.05179500579834
2026-08-04T04:58:41.976000-04:00,12.252185821533203,0.2686672508716583,-11.983518600463867
2026-08-04T04:58:41.980000-04:00,12.237805366516113,0.8373345732688904,-11.400470733642578
2026-08-04T04:58:41.984000-04:00,12.214188575744629,1.356547474861145,-10.857641220092773
2026-08-04T04:58:41.988000-04:00,12.131648063659668,2.030787706375122,-10.100860595703125
2026-08-04T04:58:41.992000-04:00,12.0678129196167,2.171083927154541,-9.896728515625
2026-08-04T04:58:41.996000-04:00,12.028061866760254,2.0679662227630615,-9.960095405578613
2026-08-04T04:58:42-04:00,11.935700416564941,1.4946223497390747,-10.441078186035156
2026-08-04T04:58:42.004000-04:00,11.88414192199707,1.0391273498535156,-10.845014572143555
2026-08-04T04:58:42.008000-04:00,11.869644165039062,0.5053002238273621,-11.364343643188477
2026-08-04T04:58:42.012000-04:00,11.918163299560547,0.2485581338405609,-11.669605255126953
2026-08-04T04:58:42.016000-04:00,11.994040489196777,0.1357365846633911,-11.858304023742676
2026-08-04T04:58:42.020000-04:00,11.992053031921387,0.08815278857946396,-11.903900146484375
2026-08-04T04:58:42.024000-04:00,11.941078186035156,0.0240841843187809,-11.916994094848633
2026-08-04T04:58:42.028000-04:00,11.94996452331543,-0.008300859481096268,-11.95826530456543
2026-08-04T04:58:42.032000-04:00,11.960135459899902,-0.035424795001745224,-11.995560646057129
2026-08-04T04:58:42.036000-04:00,11.944936752319336,-0.06126268208026886,-12.006199836730957
2026-08-04T04:58:42.040000-04:00,11.940494537353516,-0.08125489205121994,-12.021749496459961
2026-08-04T04:58:42.044000-04:00,11.949379920959473,-0.07915044575929642,-12.02853012084961
2026-08-04T04:58:42.048000-04:00,11.951834678649902,-0.0795011892914772,-12.031335830688477
2026-08-04T04:58:42.052000-04:00,11.956978797912598,-0.08756822347640991,-12.044547080993652
2026-08-04T04:58:42.056000-04:00,11.94411849975586,-0.09598599374294281,-12.040104866027832
2026-08-04T04:58:42.060000-04:00,11.951601028442383,-0.0907248854637146,-12.042325973510742
2026-08-04T04:58:42.064000-04:00,11.974983215332031,-0.09189402312040329,-12.066877365112305
2026-08-04T04:58:42.068000-04:00,11.990065574645996,-0.06547156721353531,-12.055537223815918
2026-08-04T04:58:42.072000-04:00,11.970190048217773,-0.06325021386146545,-12.033440589904785
2026-08-04T04:58:42.076000-04:00,11.954874038696289,-0.07599378377199173,-12.030867576599121
2026-08-04T04:58:42.080000-04:00,11.962591171264648,-0.06699144095182419,-12.029582977294922
2026-08-04T04:58:42.084000-04:00,11.971476554870605,-0.0602104589343071,-12.031686782836914
2026-08-04T04:58:42.088000-04:00,11.984687805175781,-0.04793453961610794,-12.032622337341309
2026-08-04T04:58:42.092000-04:00,11.981413841247559,-0.036710843443870544,-12.0181245803833
2026-08-04T04:58:42.096000-04:00,11.988779067993164,-0.025604059919714928,-12.014383316040039
2026-08-04T04:58:42.100000-04:00,11.993573188781738,-0.027240848168730736,-12.020813941955566
2026-08-04T04:58:42.104000-04:00,11.996145248413086,-0.008534686639904976,-12.004679679870605
2026-08-04T04:58:42.108000-04:00,12.006900787353516,-0.003741232445463538,-12.010642051696777
2026-08-04T04:58:42.112000-04:00,12.01637077331543,0.019407643005251884,-11.996963500976562
2026-08-04T04:58:42.116000-04:00,12.011460304260254,0.029812946915626526,-11.981647491455078
2026-08-04T04:58:42.120000-04:00,12.011693954467773,0.025954799726605415,-11.985738754272461
2026-08-04T04:58:42.124000-04:00,12.031102180480957,0.04512861743569374,-11.985973358154297
2026-08-04T04:58:42.128000-04:00,12.040221214294434,0.06418552249670029,-11.976036071777344
2026-08-04T04:58:42.132000-04:00,12.047821044921875,0.0795011892914772,-11.9683198928833
2026-08-04T04:58:42.136000-04:00,12.048755645751953,0.09166019409894943,-11.9570951461792
2026-08-04T04:58:42.140000-04:00,12.047937393188477,0.10218241065740585,-11.945755004882812
2026-08-04T04:58:42.144000-04:00,12.068280220031738,0.13094313442707062,-11.937336921691895
2026-08-04T04:58:42.148000-04:00,12.088155746459961,0.1561964601278305,-11.93195915222168
2026-08-04T04:58:42.152000-04:00,12.101366996765137,0.17361657321453094,-11.927750587463379
2026-08-04T04:58:42.156000-04:00,12.11130428314209,0.19781766831874847,-11.91348648071289
2026-08-04T04:58:42.160000-04:00,12.130127906799316,0.2228371500968933,-11.9072904586792
2026-08-04T04:58:42.164000-04:00,12.161811828613281,0.249727264046669,-11.912084579467773
2026-08-04T04:58:42.168000-04:00,12.173853874206543,0.28152772784233093,-11.892326354980469
2026-08-04T04:58:42.172000-04:00,12.187883377075195,0.31449735164642334,-11.87338638305664
2026-08-04T04:58:42.176000-04:00,12.200041770935059,0.3444271981716156,-11.85561466217041
2026-08-04T04:58:42.180000-04:00,12.209278106689453,0.37552621960639954,-11.833751678466797
2026-08-04T04:58:42.184000-04:00,12.234415054321289,0.40241631865501404,-11.831998825073242
2026-08-04T04:58:42.188000-04:00,12.25475788116455,0.43538591265678406,-11.819372177124023
2026-08-04T04:58:42.192000-04:00,12.250665664672852,0.45619651675224304,-11.794468879699707
2026-08-04T04:58:42.196000-04:00,12.262123107910156,0.4730320870876312,-11.789091110229492
2026-08-04T04:58:42.200000-04:00,12.265162467956543,0.4709276258945465,-11.794235229492188
2026-08-04T04:58:42.204000-04:00,12.274165153503418,0.4906860291957855,-11.783478736877441
2026-08-04T04:58:42.208000-04:00,12.280595779418945,0.4865940511226654,-11.794001579284668
2026-08-04T04:58:42.212000-04:00,12.281530380249023,0.492556631565094,-11.788973808288574
2026-08-04T04:58:42.216000-04:00,12.256277084350586,0.4909198582172394,-11.76535701751709
2026-08-04T04:58:42.220000-04:00,12.247859954833984,0.4696415960788727,-11.778218269348145
2026-08-04T04:58:42.224000-04:00,12.235349655151367,0.4512861669063568,-11.784063339233398
2026-08-04T04:58:42.228000-04:00,12.229971885681152,0.4280203878879547,-11.80195140838623
2026-08-04T04:58:42.232000-04:00,12.200276374816895,0.4006626009941101,-11.799613952636719
2026-08-04T04:58:42.236000-04:00,12.156784057617188,0.32852697372436523,-11.828256607055664
2026-08-04T04:58:42.240000-04:00,12.13737678527832,0.29848021268844604,-11.838896751403809
2026-08-04T04:58:42.244000-04:00,12.114344596862793,0.2408418357372284,-11.873502731323242
2026-08-04T04:58:42.248000-04:00,12.097274780273438,0.19886988401412964,-11.898405075073242
2026-08-04T04:58:42.252000-04:00,12.064538955688477,0.1505846083164215,-11.913954734802246
2026-08-04T04:58:42.256000-04:00,12.04489803314209,0.11270462721586227,-11.932193756103516
2026-08-04T04:58:42.260000-04:00,12.02420425415039,0.06161342188715935,-11.962591171264648
2026-08-04T04:58:42.264000-04:00,12.00000286102295,0.02934529259800911,-11.970657348632812
2026-08-04T04:58:42.268000-04:00,11.99170207977295,0.007833205163478851,-11.983868598937988
2026-08-04T04:58:42.272000-04:00,11.963759422302246,-0.029696032404899597,-11.99345588684082
2026-08-04T04:58:42.276000-04:00,11.956043243408203,-0.04442713409662247,-12.000470161437988
2026-08-04T04:58:42.280000-04:00,11.94025993347168,-0.07564304023981094,-12.015902519226074
2026-08-04T04:58:42.284000-04:00,11.941078186035156,-0.08522994816303253,-12.026308059692383
2026-08-04T04:58:42.288000-04:00,11.930556297302246,-0.10487142205238342,-12.035428047180176
2026-08-04T04:58:42.292000-04:00,11.925763130187988,-0.11130166798830032,-12.037064552307129
2026-08-04T04:58:42.296000-04:00,11.900041580200195,-0.11913487315177917,-12.019176483154297
2026-08-04T04:58:42.300000-04:00,11.899574279785156,-0.1449727565050125,-12.044547080993652
2026-08-04T04:58:42.304000-04:00,11.906121253967285,-0.14801250398159027,-12.054133415222168
2026-08-04T04:58:42.308000-04:00,11.904251098632812,-0.14672645926475525,-12.05097770690918
2026-08-04T04:58:42.312000-04:00,11.899574279785156,-0.14906473457813263,-12.048639297485352
2026-08-04T04:58:42.316000-04:00,11.89828872680664,-0.15689793229103088,-12.05518627166748
2026-08-04T04:58:42.320000-04:00,11.886246681213379,-0.1570148468017578,-12.043261528015137
2026-08-04T04:58:42.324000-04:00,11.887532234191895,-0.14625880122184753,-12.033790588378906
2026-08-04T04:58:42.328000-04:00,11.900276184082031,-0.1329306662082672,-12.033206939697266
2026-08-04T04:58:42.332000-04:00,11.892560005187988,-0.14392054080963135,-12.036480903625488
2026-08-04T04:58:42.336000-04:00,11.875490188598633,-0.1690569370985031,-12.044547080993652
2026-08-04T04:58:42.340000-04:00,11.886480331420898,-0.17174595594406128,-12.058226585388184
2026-08-04T04:58:42.344000-04:00,11.892793655395508,-0.14824633300304413,-12.041040420532227
2026-08-04T04:58:42.348000-04:00,11.896300315856934,-0.14766177535057068,-12.043962478637695
2026-08-04T04:58:42.352000-04:00,11.901561737060547,-0.14672645926475525,-12.048288345336914
2026-08-04T04:58:42.356000-04:00,11.886947631835938,-0.15000003576278687,-12.036947250366211
2026-08-04T04:58:42.360000-04:00,11.891507148742676,-0.14041313529014587,-12.031920433044434
2026-08-04T04:58:42.364000-04:00,11.901561737060547,-0.12498054653406143,-12.026542663574219
2026-08-04T04:58:42.368000-04:00,11.906472206115723,-0.09727204591035843,-12.003744125366211
2026-08-04T04:58:42.372000-04:00,11.90460205078125,-0.10498833656311035,-12.009590148925781
2026-08-04T04:58:42.376000-04:00,11.90483570098877,-0.10229932516813278,-12.007135391235352
2026-08-04T04:58:42.380000-04:00,11.907758712768555,-0.10592364519834518,-12.01368236541748
2026-08-04T04:58:42.384000-04:00,11.914072036743164,-0.101948581635952,-12.016020774841309
2026-08-04T04:58:42.388000-04:00,11.922255516052246,-0.07891662418842316,-12.001172065734863
2026-08-04T04:58:42.392000-04:00,11.918747901916504,-0.08885426819324493,-12.007601737976074
2026-08-04T04:58:42.396000-04:00,11.909979820251465,-0.07529230415821075,-11.985272407531738
2026-08-04T04:58:42.400000-04:00,11.915708541870117,-0.08207328617572784,-11.997781753540039
2026-08-04T04:58:42.404000-04:00,11.92751693725586,-0.07213563472032547,-11.999652862548828
2026-08-04T04:58:42.408000-04:00,11.934297561645508,-0.066640704870224,-12.000938415527344
2026-08-04T04:58:42.412000-04:00,11.93394660949707,-0.07260329276323318,-12.006549835205078
2026-08-04T04:58:42.416000-04:00,11.91489028930664,-0.08277476578950882,-11.997665405273438
2026-08-04T04:58:42.420000-04:00,11.912434577941895,-0.09130945801734924,-12.003744125366211
2026-08-04T04:58:42.424000-04:00,11.920619010925293,-0.08265785127878189,-12.003276824951172
2026-08-04T04:58:42.428000-04:00,11.939909934997559,-0.07283712178468704,-12.012746810913086
2026-08-04T04:58:42.432000-04:00,11.929971694946289,-0.0778644010424614,-12.00783634185791
2026-08-04T04:58:42.436000-04:00,11.91956615447998,-0.0963367372751236,-12.015902519226074
2026-08-04T04:58:42.440000-04:00,11.918397903442383,-0.10241623967885971,-12.020813941955566
2026-08-04T04:58:42.444000-04:00,11.923307418823242,-0.10206549614667892,-12.025372505187988
2026-08-04T04:58:42.448000-04:00,11.926698684692383,-0.08674982935190201,-12.013448715209961
2026-08-04T04:58:42.452000-04:00,11.932777404785156,-0.0834762454032898,-12.016253471374512
2026-08-04T04:58:42.456000-04:00,11.915708541870117,-0.10113018751144409,-12.016839027404785
2026-08-04T04:58:42.460000-04:00,11.91956615447998,-0.12989091873168945,-12.049457550048828
2026-08-04T04:58:42.464000-04:00,11.925529479980469,-0.11714734137058258,-12.04267692565918
2026-08-04T04:58:42.468000-04:00,11.92973804473877,-0.10732660442590714,-12.037064552307129
2026-08-04T04:58:42.472000-04:00,11.916994094848633,-0.10335154831409454,-12.020345687866211
2026-08-04T04:58:42.476000-04:00,11.910447120666504,-0.1100156158208847,-12.020462989807129
2026-08-04T04:58:42.480000-04:00,11.905420303344727,-0.12462980300188065,-12.030050277709961
2026-08-04T04:58:42.484000-04:00,11.906705856323242,-0.12813721597194672,-12.034843444824219
2026-08-04T04:58:42.488000-04:00,11.935233116149902,-0.10346846282482147,-12.038702011108398
2026-08-04T04:58:42.492000-04:00,11.944469451904297,-0.08920501172542572,-12.033674240112305
2026-08-04T04:58:42.496000-04:00,11.932543754577637,-0.06862822920084,-12.001172065734863
2026-08-04T04:58:42.500000-04:00,11.91734504699707,-0.08335933834314346,-12.000704765319824
2026-08-04T04:58:42.504000-04:00,11.919800758361816,-0.07622761279344559,-11.996027946472168
2026-08-04T04:58:42.508000-04:00,11.926230430603027,-0.07400625199079514,-12.000236511230469
2026-08-04T04:58:42.512000-04:00,11.931842803955078,-0.07599378377199173,-12.00783634185791
2026-08-04T04:58:42.516000-04:00,11.932661056518555,-0.025604059919714928,-11.95826530456543
2026-08-04T04:58:42.520000-04:00,11.915474891662598,0.006196416448801756,-11.909278869628906
2026-08-04T04:58:42.524000-04:00,11.902613639831543,0.020459864288568497,-11.882153511047363
2026-08-04T04:58:42.528000-04:00,11.912785530090332,0.018121594563126564,-11.89466381072998
2026-08-04T04:58:42.532000-04:00,11.914422035217285,0.03460640087723732,-11.879816055297852
2026-08-04T04:58:42.536000-04:00,11.90927791595459,0.01718628592789173,-11.892091751098633
2026-08-04T04:58:42.540000-04:00,11.913603782653809,0.018004681915044785,-11.895599365234375
2026-08-04T04:58:42.544000-04:00,11.950782775878906,-0.003741232445463538,-11.954524040222168
2026-08-04T04:58:42.548000-04:00,11.950431823730469,-0.006313329562544823,-11.956745147705078
2026-08-04T04:58:42.552000-04:00,11.924242973327637,-0.06804366409778595,-11.992286682128906
2026-08-04T04:58:42.556000-04:00,11.915474891662598,-0.09469994902610779,-12.010174751281738
2026-08-04T04:58:42.560000-04:00,11.903432846069336,-0.13339832425117493,-12.03683090209961
2026-08-04T04:58:42.564000-04:00,11.907407760620117,-0.1512860804796219,-12.058693885803223
2026-08-04T04:58:42.568000-04:00,11.897235870361328,-0.1685892939567566,-12.065825462341309
2026-08-04T04:58:42.572000-04:00,11.889052391052246,-0.16356199979782104,-12.052614212036133
2026-08-04T04:58:42.576000-04:00,11.872800827026367,-0.18963371217250824,-12.062434196472168
2026-08-04T04:58:42.580000-04:00,11.874788284301758,-0.21009358763694763,-12.084881782531738
2026-08-04T04:58:42.584000-04:00,11.879465103149414,-0.2136009931564331,-12.093066215515137
2026-08-04T04:58:42.588000-04:00,11.88858413696289,-0.22891665995121002,-12.117501258850098
2026-08-04T04:58:42.592000-04:00,11.886246681213379,-0.24575220048427582,-12.131999015808105
2026-08-04T04:58:42.596000-04:00,11.88215446472168,-0.23920504748821259,-12.121359825134277
2026-08-04T04:58:42.600000-04:00,11.8742036819458,-0.25428688526153564,-12.128490447998047
2026-08-04T04:58:42.604000-04:00,11.877828598022461,-0.2508963942527771,-12.128725051879883
2026-08-04T04:58:42.608000-04:00,11.876425743103027,-0.2501949071884155,-12.126620292663574
2026-08-04T04:58:42.612000-04:00,11.871281623840332,-0.255339115858078,-12.126620292663574
2026-08-04T04:58:42.616000-04:00,11.86800765991211,-0.242829367518425,-12.11083698272705
2026-08-04T04:58:42.620000-04:00,11.862863540649414,-0.26632899045944214,-12.129192352294922
2026-08-04T04:58:42.624000-04:00,11.871164321899414,-0.2565082609653473,-12.12767219543457
2026-08-04T04:58:42.628000-04:00,11.871515274047852,-0.2299688756465912,-12.101484298706055
2026-08-04T04:58:42.632000-04:00,11.865318298339844,-0.23055344820022583,-12.095871925354004
2026-08-04T04:58:42.636000-04:00,11.825450897216797,-0.22272025048732758,-12.048171043395996
2026-08-04T04:58:42.640000-04:00,11.82241153717041,-0.19863605499267578,-12.021047592163086
2026-08-04T04:58:42.644000-04:00,11.865435600280762,-0.20366333425045013,-12.069098472595215
2026-08-04T04:58:42.648000-04:00,11.92120361328125,-0.18717853724956512,-12.108382225036621
2026-08-04T04:58:42.652000-04:00,12.055303573608398,-0.027474675327539444,-12.082777976989746
2026-08-04T04:58:42.656000-04:00,12.200860023498535,0.17513644695281982,-12.025723457336426
2026-08-04T04:58:42.660000-04:00,12.241195678710938,0.6700313687324524,-11.57116413116455
2026-08-04T04:58:42.664000-04:00,12.183791160583496,1.4542871713638306,-10.729503631591797
2026-08-04T04:58:42.668000-04:00,12.136323928833008,1.9400628805160522,-10.196261405944824
2026-08-04T04:58:42.672000-04:00,12.056355476379395,2.184061288833618,-9.872294425964355
2026-08-04T04:58:42.676000-04:00,12.02467155456543,2.1346068382263184,-9.890064239501953
2026-08-04T04:58:42.680000-04:00,11.934882164001465,1.6322295665740967,-10.302652359008789
2026-08-04T04:58:42.684000-04:00,11.893845558166504,1.1602497100830078,-10.733595848083496
2026-08-04T04:58:42.688000-04:00,11.866487503051758,0.5946221351623535,-11.271865844726562
2026-08-04T04:58:42.692000-04:00,11.880634307861328,0.18565866351127625,-11.694975852966309
2026-08-04T04:58:42.696000-04:00,11.967968940734863,0.13363215327262878,-11.83433723449707
2026-08-04T04:58:42.700000-04:00,11.986791610717773,0.05483243986964226,-11.93195915222168
2026-08-04T04:58:42.704000-04:00,11.951367378234863,0.0035074055194854736,-11.947859764099121
2026-08-04T04:58:42.708000-04:00,11.963175773620605,-0.043491825461387634,-12.006667137145996
2026-08-04T04:58:42.712000-04:00,11.960837364196777,-0.06254872679710388,-12.023386001586914
2026-08-04T04:58:42.716000-04:00,11.94201374053955,-0.09750586748123169,-12.039519309997559
2026-08-04T04:58:42.720000-04:00,11.93172550201416,-0.1256820261478424,-12.05740737915039
2026-08-04T04:58:42.724000-04:00,11.95464038848877,-0.12907251715660095,-12.083712577819824
2026-08-04T04:58:42.728000-04:00,11.949847221374512,-0.133281409740448,-12.083128929138184
2026-08-04T04:58:42.732000-04:00,11.943767547607422,-0.13339832425117493,-12.077165603637695
2026-08-04T04:58:42.736000-04:00,11.947275161743164,-0.15105226635932922,-12.09832763671875
2026-08-04T04:58:42.740000-04:00,11.944819450378418,-0.1453235000371933,-12.090143203735352
2026-08-04T04:58:42.744000-04:00,11.953121185302734,-0.1413484364748001,-12.094470024108887
2026-08-04T04:58:42.748000-04:00,11.965630531311035,-0.13480128347873688,-12.100431442260742
2026-08-04T04:58:42.752000-04:00,11.960135459899902,-0.13620424270629883,-12.09634017944336
2026-08-04T04:58:42.756000-04:00,11.959083557128906,-0.12112239748239517,-12.080205917358398
2026-08-04T04:58:42.760000-04:00,11.96679973602295,-0.10954796522855759,-12.076347351074219
2026-08-04T04:58:42.764000-04:00,11.977672576904297,-0.11060018092393875,-12.088273048400879
2026-08-04T04:58:42.768000-04:00,11.971826553344727,-0.10615747421979904,-12.077983856201172
2026-08-04T04:58:42.772000-04:00,11.972879409790039,-0.09563525766134262,-12.068514823913574
2026-08-04T04:58:42.776000-04:00,11.97708797454834,-0.09224475920200348,-12.06933307647705
2026-08-04T04:58:42.780000-04:00,11.988662719726562,-0.08651600033044815,-12.075179100036621
2026-08-04T04:58:42.784000-04:00,11.999418258666992,-0.06114576756954193,-12.060564041137695
2026-08-04T04:58:42.788000-04:00,12.001055717468262,-0.04477787762880325,-12.045833587646484
2026-08-04T04:58:42.792000-04:00,12.007251739501953,-0.04080281779170036,-12.048054695129395
2026-08-04T04:58:42.796000-04:00,12.008537292480469,-0.020927518606185913,-12.029464721679688
2026-08-04T04:58:42.800000-04:00,12.008537292480469,-0.017537027597427368,-12.026074409484863
2026-08-04T04:58:42.804000-04:00,12.014967918395996,-0.01391270849853754,-12.028881072998047
2026-08-04T04:58:42.808000-04:00,12.031453132629395,-0.000584567547775805,-12.032037734985352
2026-08-04T04:58:42.812000-04:00,12.033089637756348,0.01975838467478752,-12.013331413269043
2026-08-04T04:58:42.816000-04:00,12.029699325561523,0.036477018147706985,-11.9932222366333
2026-08-04T04:58:42.820000-04:00,12.047001838684082,0.049922071397304535,-11.997079849243164
2026-08-04T04:58:42.824000-04:00,12.069449424743652,0.08487921208143234,-11.984570503234863
2026-08-04T04:58:42.828000-04:00,12.08172607421875,0.10510525107383728,-11.9766206741333
2026-08-04T04:58:42.832000-04:00,12.089792251586914,0.12240844964981079,-11.96738338470459
2026-08-04T04:58:42.836000-04:00,12.100431442260742,0.14918164908885956,-11.951250076293945
2026-08-04T04:58:42.840000-04:00,12.114460945129395,0.16531570255756378,-11.949145317077637
2026-08-04T04:58:42.844000-04:00,12.146495819091797,0.22353863716125488,-11.922957420349121
2026-08-04T04:58:42.848000-04:00,12.158186912536621,0.24224479496479034,-11.915942192077637
2026-08-04T04:58:42.852000-04:00,12.176191329956055,0.2705378830432892,-11.90565299987793
2026-08-04T04:58:42.856000-04:00,12.190221786499023,0.2954404354095459,-11.894781112670898
2026-08-04T04:58:42.860000-04:00,12.213253021240234,0.3254872262477875,-11.887765884399414
2026-08-04T04:58:42.864000-04:00,12.238506317138672,0.36944669485092163,-11.869059562683105
2026-08-04T04:58:42.868000-04:00,12.249963760375977,0.38639914989471436,-11.863564491271973
2026-08-04T04:58:42.872000-04:00,12.263643264770508,0.41936877369880676,-11.844274520874023
2026-08-04T04:58:42.876000-04:00,12.255342483520508,0.4263835847377777,-11.828958511352539
2026-08-04T04:58:42.880000-04:00,12.252419471740723,0.4219408631324768,-11.83047866821289
2026-08-04T04:58:42.884000-04:00,12.270774841308594,0.44053012132644653,-11.830245018005371
2026-08-04T04:58:42.888000-04:00,12.271475791931152,0.44181618094444275,-11.829659461975098
2026-08-04T04:58:42.892000-04:00,12.260369300842285,0.4471941888332367,-11.813175201416016
2026-08-04T04:58:42.896000-04:00,12.249029159545898,0.4383087754249573,-11.810720443725586
2026-08-04T04:58:42.900000-04:00,12.236987113952637,0.4254482686519623,-11.811538696289062
2026-08-04T04:58:42.904000-04:00,12.218631744384766,0.4018317461013794,-11.816800117492676
2026-08-04T04:58:42.908000-04:00,12.20179557800293,0.3641856014728546,-11.837610244750977
2026-08-04T04:58:42.912000-04:00,12.175957679748535,0.3299299478530884,-11.846027374267578
2026-08-04T04:58:42.916000-04:00,12.14813232421875,0.27123934030532837,-11.876893043518066
2026-08-04T04:58:42.920000-04:00,12.126503944396973,0.23394393920898438,-11.892560005187988
2026-08-04T04:58:42.924000-04:00,12.102418899536133,0.1906859427690506,-11.91173267364502
2026-08-04T04:58:42.928000-04:00,12.075061798095703,0.14988312125205994,-11.925178527832031
2026-08-04T04:58:42.932000-04:00,12.049457550048828,0.11071709543466568,-11.938740730285645
2026-08-04T04:58:42.936000-04:00,12.014266967773438,0.056586138904094696,-11.957680702209473
2026-08-04T04:58:42.940000-04:00,12.013097763061523,0.019173815846443176,-11.993924140930176
2026-08-04T04:58:42.944000-04:00,11.997197151184082,-0.020459864288568497,-12.017657279968262
2026-08-04T04:58:42.948000-04:00,11.986440658569336,-0.03998441994190216,-12.0264253616333
2026-08-04T04:58:42.952000-04:00,11.961304664611816,-0.07283712178468704,-12.034141540527344
2026-08-04T04:58:42.956000-04:00,11.943416595458984,-0.08850353211164474,-12.031920433044434
2026-08-04T04:58:42.960000-04:00,11.922021865844727,-0.12287610024213791,-12.04489803314209
2026-08-04T04:58:42.964000-04:00,11.926815032958984,-0.1385425180196762,-12.065357208251953
2026-08-04T04:58:42.968000-04:00,11.918631553649902,-0.1481294184923172,-12.066761016845703
2026-08-04T04:58:42.972000-04:00,11.921554565429688,-0.1492985635995865,-12.070853233337402
2026-08-04T04:58:42.976000-04:00,11.904484748840332,-0.15549497306346893,-12.059979438781738
2026-08-04T04:58:42.980000-04:00,11.899925231933594,-0.17151212692260742,-12.07143783569336
2026-08-04T04:58:42.984000-04:00,11.896768569946289,-0.1862432211637497,-12.083011627197266
2026-08-04T04:58:42.988000-04:00,11.90050983428955,-0.17396730184555054,-12.074477195739746
2026-08-04T04:58:42.992000-04:00,11.887532234191895,-0.188698410987854,-12.076231002807617
2026-08-04T04:58:42.996000-04:00,11.885193824768066,-0.19419334828853607,-12.079386711120605
2026-08-04T04:58:43-04:00,11.881569862365723,-0.20179273188114166,-12.083362579345703
2026-08-04T04:58:43.004000-04:00,11.876893043518066,-0.19653162360191345,-12.073424339294434
2026-08-04T04:58:43.008000-04:00,11.885193824768066,-0.20366333425045013,-12.08885669708252
2026-08-04T04:58:43.012000-04:00,11.884258270263672,-0.19968828558921814,-12.083946228027344
2026-08-04T04:58:43.016000-04:00,11.873035430908203,-0.2002728432416916,-12.073307991027832
2026-08-04T04:58:43.020000-04:00,11.883440017700195,-0.19045211374759674,-12.073892593383789
2026-08-04T04:58:43.024000-04:00,11.87630844116211,-0.18051446974277496,-12.056822776794434
2026-08-04T04:58:43.028000-04:00,11.897235870361328,-0.15876854956150055,-12.056004524230957
2026-08-04T04:58:43.032000-04:00,11.895950317382812,-0.16250978410243988,-12.058460235595703
2026-08-04T04:58:43.036000-04:00,11.88414192199707,-0.16812163591384888,-12.052263259887695
2026-08-04T04:58:43.040000-04:00,11.880867958068848,-0.16204212605953217,-12.042909622192383
2026-08-04T04:58:43.044000-04:00,11.898638725280762,-0.1481294184923172,-12.046768188476562
2026-08-04T04:58:43.048000-04:00,11.903782844543457,-0.1501169502735138,-12.053899765014648
2026-08-04T04:58:43.052000-04:00,11.892560005187988,-0.13784103095531464,-12.030401229858398
2026-08-04T04:58:43.056000-04:00,11.88437557220459,-0.15280596911907196,-12.037181854248047
2026-08-04T04:58:43.060000-04:00,11.898054122924805,-0.13936090469360352,-12.03741455078125
2026-08-04T04:58:43.064000-04:00,11.91535758972168,-0.1400623917579651,-12.055419921875
2026-08-04T04:58:43.068000-04:00,11.910447120666504,-0.13374905288219452,-12.044196128845215
2026-08-04T04:58:43.072000-04:00,11.903549194335938,-0.11375685036182404,-12.017306327819824
2026-08-04T04:58:43.076000-04:00,11.903432846069336,-0.11130166798830032,-12.014734268188477
2026-08-04T04:58:43.080000-04:00,11.918514251708984,-0.1111847534775734,-12.029699325561523
2026-08-04T04:58:43.084000-04:00,11.916526794433594,-0.11317227780818939,-12.029699325561523
2026-08-04T04:58:43.088000-04:00,11.92927074432373,-0.10487142205238342,-12.03414249420166
2026-08-04T04:58:43.092000-04:00,11.916877746582031,-0.10931413620710373,-12.026191711425781
2026-08-04T04:58:43.096000-04:00,11.9155912399292,-0.10568981617689133,-12.021281242370605
2026-08-04T04:58:43.100000-04:00,11.915241241455078,-0.1027669757604599,-12.0180082321167
2026-08-04T04:58:43.104000-04:00,11.92564582824707,-0.11036635935306549,-12.036012649536133
2026-08-04T04:58:43.108000-04:00,11.924711227416992,-0.09294624626636505,-12.017657279968262
2026-08-04T04:58:43.112000-04:00,11.91535758972168,-0.09528451412916183,-12.010642051696777
2026-08-04T04:58:43.116000-04:00,11.912084579467773,-0.11434141546487808,-12.026426315307617
2026-08-04T04:58:43.120000-04:00,11.90705680847168,-0.11270462721586227,-12.019761085510254
2026-08-04T04:58:43.124000-04:00,11.914656639099121,-0.12229153513908386,-12.036948204040527
2026-08-04T04:58:43.128000-04:00,11.914656639099121,-0.11305537074804306,-12.027711868286133
2026-08-04T04:58:43.132000-04:00,11.909979820251465,-0.11726425588130951,-12.027243614196777
2026-08-04T04:58:43.136000-04:00,11.895482063293457,-0.12614968419075012,-12.021632194519043
2026-08-04T04:58:43.140000-04:00,11.901679039001465,-0.13421671092510223,-12.035895347595215
2026-08-04T04:58:43.144000-04:00,11.910564422607422,-0.13480128347873688,-12.045365333557129
2026-08-04T04:58:43.148000-04:00,11.911967277526855,-0.11738117039203644,-12.029348373413086
2026-08-04T04:58:43.152000-04:00,11.903666496276855,-0.12299301475286484,-12.026659965515137
2026-08-04T04:58:43.156000-04:00,11.897704124450684,-0.14029622077941895,-12.038000106811523
2026-08-04T04:58:43.160000-04:00,11.905069351196289,-0.13795794546604156,-12.0430269241333
2026-08-04T04:58:43.164000-04:00,11.907875061035156,-0.13795794546604156,-12.045832633972168
2026-08-04T04:58:43.168000-04:00,11.911499977111816,-0.13936090469360352,-12.050861358642578
2026-08-04T04:58:43.172000-04:00,11.898873329162598,-0.13877634704113007,-12.037650108337402
2026-08-04T04:58:43.176000-04:00,11.897586822509766,-0.14438818395137787,-12.041975021362305
2026-08-04T04:58:43.180000-04:00,11.90881061553955,-0.14964929223060608,-12.058460235595703
2026-08-04T04:58:43.184000-04:00,11.918981552124023,-0.14462201297283173,-12.063603401184082
2026-08-04T04:58:43.188000-04:00,11.924593925476074,-0.09399846196174622,-12.018592834472656
2026-08-04T04:58:43.192000-04:00,11.903081893920898,-0.08254094421863556,-11.98562240600586
2026-08-04T04:58:43.196000-04:00,11.897235870361328,-0.07833205163478851,-11.975567817687988
2026-08-04T04:58:43.200000-04:00,11.897119522094727,-0.09540142863988876,-11.992521286010742
2026-08-04T04:58:43.204000-04:00,11.913603782653809,-0.08616525679826736,-11.99976921081543
2026-08-04T04:58:43.208000-04:00,11.918981552124023,-0.047466885298490524,-11.966448783874512
2026-08-04T04:58:43.212000-04:00,11.912200927734375,0.011574437841773033,-11.900626182556152
2026-08-04T04:58:43.216000-04:00,11.879698753356934,0.021512087434530258,-11.858186721801758
2026-08-04T04:58:43.220000-04:00,11.880985260009766,0.020576778799295425,-11.860408782958984
2026-08-04T04:58:43.224000-04:00,11.89220905303955,0.008300859481096268,-11.88390827178955
2026-08-04T04:58:43.228000-04:00,11.899807929992676,0.02922837808728218,-11.870579719543457
2026-08-04T04:58:43.232000-04:00,11.900626182556152,0.027708502486348152,-11.872918128967285
2026-08-04T04:58:43.236000-04:00,11.919800758361816,-0.00116913509555161,-11.92096996307373
2026-08-04T04:58:43.240000-04:00,11.919683456420898,-0.007248637732118368,-11.926932334899902
2026-08-04T04:58:43.244000-04:00,11.914656639099121,-0.06325021386146545,-11.977907180786133
2026-08-04T04:58:43.248000-04:00,11.909746170043945,-0.09025723487138748,-12.000003814697266
2026-08-04T04:58:43.252000-04:00,11.904251098632812,-0.0979735255241394,-12.002224922180176
2026-08-04T04:58:43.256000-04:00,11.887999534606934,-0.13199535012245178,-12.019994735717773
2026-08-04T04:58:43.260000-04:00,11.8906888961792,-0.15245522558689117,-12.043144226074219
2026-08-04T04:58:43.264000-04:00,11.890806198120117,-0.19243964552879333,-12.083246231079102
2026-08-04T04:58:43.268000-04:00,11.877477645874023,-0.18659396469593048,-12.064071655273438
2026-08-04T04:58:43.272000-04:00,11.862746238708496,-0.19770075380802155,-12.060446739196777
2026-08-04T04:58:43.276000-04:00,11.854679107666016,-0.20857371389865875,-12.063252449035645
2026-08-04T04:58:43.280000-04:00,11.8699951171875,-0.2144193798303604,-12.0844144821167
2026-08-04T04:58:43.284000-04:00,11.868592262268066,-0.20167581737041473,-12.070267677307129
2026-08-04T04:58:43.288000-04:00,11.871164321899414,-0.2167576551437378,-12.087922096252441
2026-08-04T04:58:43.292000-04:00,11.869644165039062,-0.22704604268074036,-12.09669017791748
2026-08-04T04:58:43.296000-04:00,11.860758781433105,-0.23347628116607666,-12.09423542022705
2026-08-04T04:58:43.300000-04:00,11.855731964111328,-0.2385035753250122,-12.09423542022705
2026-08-04T04:58:43.304000-04:00,11.86146068572998,-0.23815283179283142,-12.099613189697266
2026-08-04T04:58:43.308000-04:00,11.861343383789062,-0.23698368668556213,-12.098326683044434
2026-08-04T04:58:43.312000-04:00,11.862629890441895,-0.23920504748821259,-12.101835250854492
2026-08-04T04:58:43.316000-04:00,11.843338966369629,-0.24867504835128784,-12.09201431274414
2026-08-04T04:58:43.320000-04:00,11.845911026000977,-0.2501949071884155,-12.096105575561523
2026-08-04T04:58:43.324000-04:00,11.849418640136719,-0.23558072745800018,-12.084999084472656
2026-08-04T04:58:43.328000-04:00,11.822527885437012,-0.2167576551437378,-12.039285659790039
2026-08-04T04:58:43.332000-04:00,11.799263000488281,-0.18741236627101898,-11.986675262451172
2026-08-04T04:58:43.336000-04:00,11.829309463500977,-0.16554953157901764,-11.994858741760254
2026-08-04T04:58:43.340000-04:00,11.878764152526855,-0.19010137021541595,-12.068865776062012
2026-08-04T04:58:43.344000-04:00,12.010993003845215,-0.0722525492310524,-12.083245277404785
2026-08-04T04:58:43.348000-04:00,12.131063461303711,0.08698365092277527,-12.044079780578613
2026-08-04T04:58:43.352000-04:00,12.22178840637207,0.4926735460758209,-11.729114532470703
2026-08-04T04:58:43.356000-04:00,12.146378517150879,1.2257212400436401,-10.92065715789795
2026-08-04T04:58:43.360000-04:00,12.11130428314209,1.747973918914795,-10.363330841064453
2026-08-04T04:58:43.364000-04:00,12.035661697387695,2.197389602661133,-9.838272094726562
2026-08-04T04:58:43.368000-04:00,12.006433486938477,2.2070932388305664,-9.79934024810791
2026-08-04T04:58:43.372000-04:00,11.91290283203125,1.8939989805221558,-10.018903732299805
2026-08-04T04:58:43.376000-04:00,11.891740798950195,1.4164072275161743,-10.475333213806152
2026-08-04T04:58:43.380000-04:00,11.88858413696289,0.81886225938797,-11.069722175598145
2026-08-04T04:58:43.384000-04:00,11.901445388793945,0.409431129693985,-11.492013931274414
2026-08-04T04:58:43.388000-04:00,11.959550857543945,0.18402187526226044,-11.775528907775879
2026-08-04T04:58:43.392000-04:00,11.982699394226074,0.09528451412916183,-11.887414932250977
2026-08-04T04:58:43.396000-04:00,11.930322647094727,0.043258000165224075,-11.887064933776855
2026-08-04T04:58:43.400000-04:00,11.928101539611816,-0.02420109696686268,-11.952302932739258
2026-08-04T04:58:43.404000-04:00,11.938389778137207,-0.03869837149977684,-11.97708797454834
2026-08-04T04:58:43.408000-04:00,11.945988655090332,-0.06219799071550369,-12.008186340332031
2026-08-04T04:58:43.412000-04:00,11.933245658874512,-0.07891662418842316,-12.012162208557129
2026-08-04T04:58:43.416000-04:00,11.922722816467285,-0.09727204591035843,-12.019994735717773
2026-08-04T04:58:43.420000-04:00,11.925294876098633,-0.11036635935306549,-12.035661697387695
2026-08-04T04:58:43.424000-04:00,11.934764862060547,-0.10066253691911697,-12.03542709350586
2026-08-04T04:58:43.428000-04:00,11.932894706726074,-0.09481685608625412,-12.027711868286133
2026-08-04T04:58:43.432000-04:00,11.936869621276855,-0.1128215417265892,-12.049691200256348
2026-08-04T04:58:43.436000-04:00,11.9321928024292,-0.10218241065740585,-12.034375190734863
2026-08-04T04:58:43.440000-04:00,11.938857078552246,-0.10346846282482147,-12.042325973510742
2026-08-04T04:58:43.444000-04:00,11.956043243408203,-0.094349205493927,-12.050392150878906
2026-08-04T04:58:43.448000-04:00,11.953237533569336,-0.09049105644226074,-12.043728828430176
2026-08-04T04:58:43.452000-04:00,11.958381652832031,-0.07073267549276352,-12.029114723205566
2026-08-04T04:58:43.456000-04:00,11.948210716247559,-0.06488700211048126,-12.013097763061523
2026-08-04T04:58:43.460000-04:00,11.963409423828125,-0.06395169347524643,-12.027360916137695
2026-08-04T04:58:43.464000-04:00,11.96656608581543,-0.05752144753932953,-12.024087905883789
2026-08-04T04:58:43.468000-04:00,11.97264575958252,-0.04559627175331116,-12.018241882324219
2026-08-04T04:58:43.472000-04:00,11.97100830078125,-0.05354638770222664,-12.024554252624512
2026-08-04T04:58:43.476000-04:00,11.973814010620117,-0.04641466587781906,-12.020228385925293
2026-08-04T04:58:43.480000-04:00,11.981413841247559,-0.045947011560201645,-12.027360916137695
2026-08-04T04:58:43.484000-04:00,11.996846199035645,-0.025720972567796707,-12.022566795349121
2026-08-04T04:58:43.488000-04:00,11.994040489196777,-0.009002340957522392,-12.003043174743652
2026-08-04T04:58:43.492000-04:00,11.998717308044434,0.005144194699823856,-11.993573188781738
2026-08-04T04:58:43.496000-04:00,11.99532699584961,0.003624318866059184,-11.991703033447266
2026-08-04T04:58:43.500000-04:00,12.008420944213867,0.027708502486348152,-11.980712890625
2026-08-04T04:58:43.504000-04:00,12.012746810913086,0.029579119756817818,-11.98316764831543
2026-08-04T04:58:43.508000-04:00,12.030050277709961,0.06091194227337837,-11.969138145446777
2026-08-04T04:58:43.512000-04:00,12.034025192260742,0.06547156721353531,-11.96855354309082
2026-08-04T04:58:43.516000-04:00,12.036128997802734,0.0907248854637146,-11.945404052734375
2026-08-04T04:58:43.520000-04:00,12.045598983764648,0.10241623967885971,-11.943182945251465
2026-08-04T04:58:43.524000-04:00,12.070502281188965,0.13713955879211426,-11.93336296081543
2026-08-04T04:58:43.528000-04:00,12.088273048400879,0.17045989632606506,-11.917813301086426
2026-08-04T04:58:43.532000-04:00,12.101600646972656,0.179111510515213,-11.922489166259766
2026-08-04T04:58:43.536000-04:00,12.108382225036621,0.2071707397699356,-11.901211738586426
2026-08-04T04:58:43.540000-04:00,12.126386642456055,0.23335936665534973,-11.893027305603027
2026-08-04T04:58:43.544000-04:00,12.16029167175293,0.28409984707832336,-11.876192092895508
2026-08-04T04:58:43.548000-04:00,12.17057991027832,0.31461426615715027,-11.855965614318848
2026-08-04T04:58:43.552000-04:00,12.189519882202148,0.35950905084609985,-11.830010414123535
2026-08-04T04:58:43.556000-04:00,12.195365905761719,0.38873744010925293,-11.806628227233887
2026-08-04T04:58:43.560000-04:00,12.215124130249023,0.40171483159065247,-11.813408851623535
2026-08-04T04:58:43.564000-04:00,12.244585990905762,0.43129396438598633,-11.813291549682617
2026-08-04T04:58:43.568000-04:00,12.251717567443848,0.44614195823669434,-11.805575370788574
2026-08-04T04:58:43.572000-04:00,12.247859954833984,0.4452066719532013,-11.802653312683105
2026-08-04T04:58:43.576000-04:00,12.245637893676758,0.4445051848888397,-11.801133155822754
2026-08-04T04:58:43.580000-04:00,12.253471374511719,0.4661341905593872,-11.787337303161621
2026-08-04T04:58:43.584000-04:00,12.253939628601074,0.4709276258945465,-11.783012390136719
2026-08-04T04:58:43.588000-04:00,12.249847412109375,0.4889323115348816,-11.76091480255127
2026-08-04T04:58:43.592000-04:00,12.229036331176758,0.45818406343460083,-11.770852088928223
2026-08-04T04:58:43.596000-04:00,12.2159423828125,0.442400723695755,-11.773541450500488
2026-08-04T04:58:43.600000-04:00,12.193143844604492,0.40089643001556396,-11.792247772216797
2026-08-04T04:58:43.604000-04:00,12.185778617858887,0.37435707449913025,-11.811421394348145
2026-08-04T04:58:43.608000-04:00,12.158888816833496,0.33144980669021606,-11.827439308166504
2026-08-04T04:58:43.612000-04:00,12.128374099731445,0.2886594533920288,-11.839715003967285
2026-08-04T04:58:43.616000-04:00,12.09002685546875,0.2307872772216797,-11.85923957824707
2026-08-04T04:58:43.620000-04:00,12.075061798095703,0.18975062668323517,-11.885311126708984
2026-08-04T04:58:43.624000-04:00,12.054017066955566,0.13982856273651123,-11.914188385009766
2026-08-04T04:58:43.628000-04:00,12.023152351379395,0.09481685608625412,-11.928335189819336
2026-08-04T04:58:43.632000-04:00,12.002458572387695,0.0722525492310524,-11.930206298828125
2026-08-04T04:58:43.636000-04:00,11.984687805175781,0.023733442649245262,-11.960954666137695
2026-08-04T04:58:43.640000-04:00,11.964812278747559,-0.0035074055194854736,-11.9683198928833
2026-08-04T04:58:43.644000-04:00,11.951132774353027,-0.030163686722517014,-11.98129653930664
2026-08-04T04:58:43.648000-04:00,11.949145317077637,-0.057755276560783386,-12.006900787353516
2026-08-04T04:58:43.652000-04:00,11.929036140441895,-0.06827749311923981,-11.997313499450684
2026-08-04T04:58:43.656000-04:00,11.909979820251465,-0.11738117039203644,-12.027360916137695
2026-08-04T04:58:43.660000-04:00,11.9031982421875,-0.12977400422096252,-12.03297233581543
2026-08-04T04:58:43.664000-04:00,11.901561737060547,-0.1316446214914322,-12.03320598602295
2026-08-04T04:58:43.668000-04:00,11.897469520568848,-0.14064696431159973,-12.038116455078125
2026-08-04T04:58:43.672000-04:00,11.882972717285156,-0.14204992353916168,-12.025022506713867
2026-08-04T04:58:43.676000-04:00,11.883090019226074,-0.1481294184923172,-12.031219482421875
2026-08-04T04:58:43.680000-04:00,11.87385368347168,-0.16449731588363647,-12.038351058959961
2026-08-04T04:58:43.684000-04:00,11.885311126708984,-0.16274361312389374,-12.048054695129395
2026-08-04T04:58:43.688000-04:00,11.88636302947998,-0.15806707739830017,-12.044429779052734
2026-08-04T04:58:43.692000-04:00,11.875372886657715,-0.155378058552742,-12.03075122833252
2026-08-04T04:58:43.696000-04:00,11.870112419128418,-0.16508188843727112,-12.035194396972656
2026-08-04T04:58:43.700000-04:00,11.873502731323242,-0.16753706336021423,-12.04103946685791
2026-08-04T04:58:43.704000-04:00,11.887298583984375,-0.16274361312389374,-12.050042152404785
2026-08-04T04:58:43.708000-04:00,11.882972717285156,-0.14064696431159973,-12.023619651794434
2026-08-04T04:58:43.712000-04:00,11.872918128967285,-0.14871399104595184,-12.021632194519043
2026-08-04T04:58:43.716000-04:00,11.863799095153809,-0.1565471887588501,-12.020346641540527
2026-08-04T04:58:43.720000-04:00,11.866838455200195,-0.14964929223060608,-12.016488075256348
2026-08-04T04:58:43.724000-04:00,11.868943214416504,-0.1377241164445877,-12.006667137145996
2026-08-04T04:58:43.728000-04:00,11.86777400970459,-0.1477786749601364,-12.015552520751953
2026-08-04T04:58:43.732000-04:00,11.87198257446289,-0.14789558947086334,-12.019878387451172
2026-08-04T04:58:43.736000-04:00,11.873035430908203,-0.13456745445728302,-12.00760269165039
2026-08-04T04:58:43.740000-04:00,11.870112419128418,-0.14158226549625397,-12.01169490814209
2026-08-04T04:58:43.744000-04:00,11.879698753356934,-0.13561967015266418,-12.015318870544434
2026-08-04T04:58:43.748000-04:00,11.891273498535156,-0.1357365846633911,-12.027009963989258
2026-08-04T04:58:43.752000-04:00,11.88414192199707,-0.1301247477531433,-12.014266967773438
2026-08-04T04:58:43.756000-04:00,11.880867958068848,-0.12661734223365784,-12.007485389709473
2026-08-04T04:58:43.760000-04:00,11.885427474975586,-0.10732660442590714,-11.992753982543945
2026-08-04T04:58:43.764000-04:00,11.895014762878418,-0.09844117611646652,-11.99345588684082
2026-08-04T04:58:43.768000-04:00,11.889403343200684,-0.0899064913392067,-11.979310035705566
2026-08-04T04:58:43.772000-04:00,11.887414932250977,-0.09738896042108536,-11.984804153442383
2026-08-04T04:58:43.776000-04:00,11.883790969848633,-0.09563525766134262,-11.979426383972168
2026-08-04T04:58:43.780000-04:00,11.89653491973877,-0.10007796436548233,-11.996612548828125
2026-08-04T04:58:43.784000-04:00,11.898638725280762,-0.0899064913392067,-11.988545417785645
2026-08-04T04:58:43.788000-04:00,11.897820472717285,-0.09329698234796524,-11.991117477416992
2026-08-04T04:58:43.792000-04:00,11.893378257751465,-0.08943884074687958,-11.982816696166992
2026-08-04T04:58:43.796000-04:00,11.891858100891113,-0.09890883415937424,-11.990766525268555
2026-08-04T04:58:43.800000-04:00,11.89653491973877,-0.10300080478191376,-11.99953556060791
2026-08-04T04:58:43.804000-04:00,11.903081893920898,-0.09458303451538086,-11.997665405273438
2026-08-04T04:58:43.808000-04:00,11.90460205078125,-0.07833205163478851,-11.98293399810791
2026-08-04T04:58:43.812000-04:00,11.894312858581543,-0.07774748653173447,-11.972060203552246
2026-08-04T04:58:43.816000-04:00,11.887765884399414,-0.08780205249786377,-11.975567817687988
2026-08-04T04:58:43.820000-04:00,11.895132064819336,-0.09867500513792038,-11.993806838989258
2026-08-04T04:58:43.824000-04:00,11.90074348449707,-0.10183166712522507,-12.002574920654297
2026-08-04T04:58:43.828000-04:00,11.90050983428955,-0.11504289507865906,-12.015552520751953
2026-08-04T04:58:43.832000-04:00,11.900276184082031,-0.1148090735077858,-12.015085220336914
2026-08-04T04:58:43.836000-04:00,11.8948974609375,-0.11983635276556015,-12.014734268188477
2026-08-04T04:58:43.840000-04:00,11.89220905303955,-0.11831647902727127,-12.010525703430176
2026-08-04T04:58:43.844000-04:00,11.898171424865723,-0.1369057297706604,-12.035077095031738
2026-08-04T04:58:43.848000-04:00,11.894430160522461,-0.13024164736270905,-12.02467155456543
2026-08-04T04:58:43.852000-04:00,11.886713981628418,-0.13234609365463257,-12.019060134887695
2026-08-04T04:58:43.856000-04:00,11.887532234191895,-0.11901795864105225,-12.006549835205078
2026-08-04T04:58:43.860000-04:00,11.886129379272461,-0.12837104499340057,-12.014500617980957
2026-08-04T04:58:43.864000-04:00,11.894781112670898,-0.12614968419075012,-12.020931243896484
2026-08-04T04:58:43.868000-04:00,11.88858413696289,-0.12614968419075012,-12.014734268188477
2026-08-04T04:58:43.872000-04:00,11.875957489013672,-0.13585349917411804,-12.011811256408691
2026-08-04T04:58:43.876000-04:00,11.87362003326416,-0.149766206741333,-12.023386001586914
2026-08-04T04:58:43.880000-04:00,11.879465103149414,-0.1512860804796219,-12.03075122833252
2026-08-04T04:58:43.884000-04:00,11.875139236450195,-0.15502731502056122,-12.030166625976562
2026-08-04T04:58:43.888000-04:00,11.880985260009766,-0.14438818395137787,-12.025373458862305
2026-08-04T04:58:43.892000-04:00,11.880751609802246,-0.1392439901828766,-12.01999568939209
2026-08-04T04:58:43.896000-04:00,11.869059562683105,-0.13936090469360352,-12.008420944213867
2026-08-04T04:58:43.900000-04:00,11.878413200378418,-0.14883090555667877,-12.027244567871094
2026-08-04T04:58:43.904000-04:00,11.872800827026367,-0.14427126944065094,-12.017071723937988
2026-08-04T04:58:43.908000-04:00,11.871866226196289,-0.1537412703037262,-12.025607109069824
2026-08-04T04:58:43.912000-04:00,11.868358612060547,-0.14964929223060608,-12.0180082321167
2026-08-04T04:58:43.916000-04:00,11.86146068572998,-0.15479348599910736,-12.016254425048828
2026-08-04T04:58:43.920000-04:00,11.868124961853027,-0.16239286959171295,-12.030517578125
2026-08-04T04:58:43.924000-04:00,11.87362003326416,-0.17630557715892792,-12.049925804138184
2026-08-04T04:58:43.928000-04:00,11.878997802734375,-0.17677323520183563,-12.055770874023438
2026-08-04T04:58:43.932000-04:00,11.872918128967285,-0.17899459600448608,-12.051912307739258
2026-08-04T04:58:43.936000-04:00,11.861227035522461,-0.19220581650733948,-12.05343246459961
2026-08-04T04:58:43.940000-04:00,11.87385368347168,-0.17852693796157837,-12.052380561828613
2026-08-04T04:58:43.944000-04:00,11.871047019958496,-0.17934532463550568,-12.050392150878906
2026-08-04T04:58:43.948000-04:00,11.874671936035156,-0.1786438524723053,-12.053316116333008
2026-08-04T04:58:43.952000-04:00,11.86146068572998,-0.194310262799263,-12.055770874023438
2026-08-04T04:58:43.956000-04:00,11.865201950073242,-0.20530013740062714,-12.070502281188965
2026-08-04T04:58:43.960000-04:00,11.866487503051758,-0.20728765428066254,-12.073775291442871
2026-08-04T04:58:43.964000-04:00,11.863097190856934,-0.19805149734020233,-12.061148643493652
2026-08-04T04:58:43.968000-04:00,11.868592262268066,-0.1915043294429779,-12.060096740722656
2026-08-04T04:58:43.972000-04:00,11.859122276306152,-0.18332038819789886,-12.042442321777344
2026-08-04T04:58:43.976000-04:00,11.848249435424805,-0.20740456879138947,-12.05565357208252
2026-08-04T04:58:43.980000-04:00,11.856783866882324,-0.20658618211746216,-12.063369750976562
2026-08-04T04:58:43.984000-04:00,11.8533935546875,-0.2139517366886139,-12.06734561920166
2026-08-04T04:58:43.988000-04:00,11.861109733581543,-0.19454409182071686,-12.05565357208252
2026-08-04T04:58:43.992000-04:00,11.848834037780762,-0.20132507383823395,-12.050159454345703
2026-08-04T04:58:43.996000-04:00,11.849885940551758,-0.2088075429201126,-12.058693885803223
2026-08-04T04:58:44-04:00,11.862980842590332,-0.20284494757652283,-12.065825462341309
2026-08-04T04:58:44.004000-04:00,11.881452560424805,-0.20576778054237366,-12.087220191955566
2026-08-04T04:58:44.008000-04:00,11.893962860107422,-0.1501169502735138,-12.044079780578613
2026-08-04T04:58:44.012000-04:00,11.872684478759766,-0.1433359682559967,-12.016020774841309
2026-08-04T04:58:44.016000-04:00,11.861109733581543,-0.12708498537540436,-11.988194465637207
2026-08-04T04:58:44.020000-04:00,11.8740873336792,-0.12088857591152191,-11.994976043701172
2026-08-04T04:58:44.024000-04:00,11.887765884399414,-0.11960252374410629,-12.007368087768555
2026-08-04T04:58:44.028000-04:00,11.901795387268066,-0.07540921866893768,-11.977204322814941
2026-08-04T04:58:44.032000-04:00,11.895365715026855,-0.055417004972696304,-11.950782775878906
2026-08-04T04:58:44.036000-04:00,11.8493013381958,-0.06617304682731628,-11.915473937988281
2026-08-04T04:58:44.040000-04:00,11.856316566467285,-0.06266564130783081,-11.91898250579834
2026-08-04T04:58:44.044000-04:00,11.869410514831543,-0.07400625199079514,-11.943416595458984
2026-08-04T04:58:44.048000-04:00,11.860992431640625,-0.06652379035949707,-11.927515983581543
2026-08-04T04:58:44.052000-04:00,11.868474960327148,-0.06266564130783081,-11.931140899658203
2026-08-04T04:58:44.056000-04:00,11.88858413696289,-0.07879970967769623,-11.96738338470459
2026-08-04T04:58:44.060000-04:00,11.891390800476074,-0.09423229098320007,-11.985623359680176
2026-08-04T04:58:44.064000-04:00,11.891156196594238,-0.12357758730649948,-12.01473331451416
2026-08-04T04:58:44.068000-04:00,11.88192081451416,-0.15806707739830017,-12.039987564086914
2026-08-04T04:58:44.072000-04:00,11.875723838806152,-0.17127829790115356,-12.047001838684082
2026-08-04T04:58:44.076000-04:00,11.862161636352539,-0.17572100460529327,-12.037882804870605
2026-08-04T04:58:44.080000-04:00,11.854211807250977,-0.1959470510482788,-12.050158500671387
2026-08-04T04:58:44.084000-04:00,11.868592262268066,-0.20342952013015747,-12.072021484375
2026-08-04T04:58:44.088000-04:00,11.844975471496582,-0.23452851176261902,-12.079504013061523
2026-08-04T04:58:44.092000-04:00,11.837610244750977,-0.25592368841171265,-12.093533515930176
2026-08-04T04:58:44.096000-04:00,11.824165344238281,-0.2678488492965698,-12.09201431274414
2026-08-04T04:58:44.100000-04:00,11.830010414123535,-0.26843342185020447,-12.098443984985352
2026-08-04T04:58:44.104000-04:00,11.837843894958496,-0.2766173779964447,-12.114460945129395
2026-08-04T04:58:44.108000-04:00,11.840533256530762,-0.27603280544281006,-12.116565704345703
2026-08-04T04:58:44.112000-04:00,11.83293342590332,-0.28643810749053955,-12.11937141418457
2026-08-04T04:58:44.116000-04:00,11.819371223449707,-0.2781372368335724,-12.097508430480957
2026-08-04T04:58:44.120000-04:00,11.826386451721191,-0.27673429250717163,-12.103120803833008
2026-08-04T04:58:44.124000-04:00,11.8326997756958,-0.2741622030735016,-12.10686206817627
2026-08-04T04:58:44.128000-04:00,11.820306777954102,-0.29403749108314514,-12.114344596862793
2026-08-04T04:58:44.132000-04:00,11.819839477539062,-0.2890101969242096,-12.10884952545166
2026-08-04T04:58:44.136000-04:00,11.811187744140625,-0.29602500796318054,-12.107213020324707
2026-08-04T04:58:44.140000-04:00,11.818670272827148,-0.29929858446121216,-12.117968559265137
2026-08-04T04:58:44.144000-04:00,11.819021224975586,-0.287373423576355,-12.10639476776123
2026-08-04T04:58:44.148000-04:00,11.796456336975098,-0.2946220636367798,-12.091078758239746
2026-08-04T04:58:44.152000-04:00,11.778100967407227,-0.2400234490633011,-12.0181245803833
2026-08-04T04:58:44.156000-04:00,11.807095527648926,-0.222018763422966,-12.029114723205566
2026-08-04T04:58:44.160000-04:00,11.863214492797852,-0.24119257926940918,-12.10440731048584
2026-08-04T04:58:44.164000-04:00,12.021632194519043,-0.08967266231775284,-12.111305236816406
2026-08-04T04:58:44.168000-04:00,12.152809143066406,0.09107562899589539,-12.06173324584961
2026-08-04T04:58:44.172000-04:00,12.214890480041504,0.5326579809188843,-11.682232856750488
2026-08-04T04:58:44.176000-04:00,12.139013290405273,1.0058069229125977,-11.133206367492676
2026-08-04T04:58:44.180000-04:00,12.079504013061523,1.7715904712677002,-10.307913780212402
2026-08-04T04:58:44.184000-04:00,12.016955375671387,2.119291305541992,-9.897664070129395
2026-08-04T04:58:44.188000-04:00,11.997314453125,2.110522747039795,-9.886791229248047
2026-08-04T04:58:44.192000-04:00,11.891624450683594,1.6910370588302612,-10.200587272644043
2026-08-04T04:58:44.196000-04:00,11.845443725585938,1.203273892402649,-10.642169952392578
2026-08-04T04:58:44.200000-04:00,11.807212829589844,0.6266564130783081,-11.180556297302246
2026-08-04T04:58:44.204000-04:00,11.827322006225586,0.26399070024490356,-11.563331604003906
2026-08-04T04:58:44.208000-04:00,11.907875061035156,0.0823071151971817,-11.825568199157715
2026-08-04T04:58:44.212000-04:00,11.945170402526855,0.04384256899356842,-11.901328086853027
2026-08-04T04:58:44.216000-04:00,11.90296459197998,-0.02513640560209751,-11.9281005859375
2026-08-04T04:58:44.220000-04:00,11.899106979370117,-0.09060797095298767,-11.989714622497559
2026-08-04T04:58:44.224000-04:00,11.9238920211792,-0.1055729016661644,-12.029464721679688
2026-08-04T04:58:44.228000-04:00,11.917462348937988,-0.13643807172775269,-12.053900718688965
2026-08-04T04:58:44.232000-04:00,11.905887603759766,-0.14824633300304413,-12.054134368896484
2026-08-04T04:58:44.236000-04:00,11.89875602722168,-0.19641470909118652,-12.095170974731445
2026-08-04T04:58:44.240000-04:00,11.919683456420898,-0.18378804624080658,-12.103471755981445
2026-08-04T04:58:44.244000-04:00,11.921319961547852,-0.2023772895336151,-12.123697280883789
2026-08-04T04:58:44.248000-04:00,11.914072036743164,-0.19162124395370483,-12.105692863464355
2026-08-04T04:58:44.252000-04:00,11.915824890136719,-0.19618088006973267,-12.112006187438965
2026-08-04T04:58:44.256000-04:00,11.910330772399902,-0.20366333425045013,-12.113993644714355
2026-08-04T04:58:44.260000-04:00,11.921904563903809,-0.20693692564964294,-12.128841400146484
2026-08-04T04:58:44.264000-04:00,11.948795318603516,-0.19091977179050446,-12.139715194702148
2026-08-04T04:58:44.268000-04:00,11.950080871582031,-0.1934918612241745,-12.143572807312012
2026-08-04T04:58:44.272000-04:00,11.927165985107422,-0.18039755523204803,-12.107563972473145
2026-08-04T04:58:44.276000-04:00,11.929387092590332,-0.17572100460529327,-12.105108261108398
2026-08-04T04:58:44.280000-04:00,11.93581771850586,-0.18133285641670227,-12.11715030670166
2026-08-04T04:58:44.284000-04:00,11.947275161743164,-0.15081843733787537,-12.09809398651123
2026-08-04T04:58:44.288000-04:00,11.953471183776855,-0.15444275736808777,-12.107913970947266
2026-08-04T04:58:44.292000-04:00,11.947508811950684,-0.1561964601278305,-12.103705406188965
2026-08-04T04:58:44.296000-04:00,11.947976112365723,-0.15245522558689117,-12.100431442260742
2026-08-04T04:58:44.300000-04:00,11.96902084350586,-0.13515202701091766,-12.104172706604004
2026-08-04T04:58:44.304000-04:00,11.97907543182373,-0.12533128261566162,-12.104406356811523
2026-08-04T04:58:44.308000-04:00,11.97907543182373,-0.11352302134037018,-12.092598915100098
2026-08-04T04:58:44.312000-04:00,11.984219551086426,-0.09259550273418427,-12.076814651489258
2026-08-04T04:58:44.316000-04:00,11.976970672607422,-0.09247858822345734,-12.069449424743652
2026-08-04T04:58:44.320000-04:00,12.003276824951172,-0.07564304023981094,-12.078919410705566
2026-08-04T04:58:44.324000-04:00,12.023502349853516,-0.06137959659099579,-12.084881782531738
2026-08-04T04:58:44.328000-04:00,12.025256156921387,-0.06780983507633209,-12.093066215515137
2026-08-04T04:58:44.332000-04:00,12.031218528747559,-0.04957133159041405,-12.080789566040039
2026-08-04T04:58:44.336000-04:00,12.03250503540039,-0.03425566107034683,-12.066761016845703
2026-08-04T04:58:44.340000-04:00,12.049223899841309,-0.0015198757173493505,-12.05074405670166
2026-08-04T04:58:44.344000-04:00,12.062317848205566,0.027474675327539444,-12.034843444824219
2026-08-04T04:58:44.348000-04:00,12.080673217773438,0.04641466587781906,-12.034258842468262
2026-08-04T04:58:44.352000-04:00,12.079036712646484,0.054014042019844055,-12.025022506713867
2026-08-04T04:58:44.356000-04:00,12.111538887023926,0.0842946469783783,-12.027244567871094
2026-08-04T04:58:44.360000-04:00,12.139715194702148,0.11539363861083984,-12.024321556091309
2026-08-04T04:58:44.364000-04:00,12.141351699829102,0.13982856273651123,-12.0015230178833
2026-08-04T04:58:44.368000-04:00,12.16029167175293,0.1649649739265442,-11.99532699584961
2026-08-04T04:58:44.372000-04:00,12.181920051574707,0.20600160956382751,-11.975918769836426
2026-08-04T04:58:44.376000-04:00,12.184142112731934,0.22026506066322327,-11.963876724243164
2026-08-04T04:58:44.380000-04:00,12.208927154541016,0.2548714578151703,-11.954055786132812
2026-08-04T04:58:44.384000-04:00,12.23476505279541,0.28152772784233093,-11.953237533569336
2026-08-04T04:58:44.388000-04:00,12.237688064575195,0.31858932971954346,-11.919098854064941
2026-08-04T04:58:44.392000-04:00,12.236051559448242,0.32583796977996826,-11.910213470458984
2026-08-04T04:58:44.396000-04:00,12.240728378295898,0.3348402976989746,-11.905887603759766
2026-08-04T04:58:44.400000-04:00,12.239441871643066,0.33308660984039307,-11.906354904174805
2026-08-04T04:58:44.404000-04:00,12.25113296508789,0.3379969596862793,-11.913135528564453
2026-08-04T04:58:44.408000-04:00,12.260486602783203,0.35424795746803284,-11.906238555908203
2026-08-04T04:58:44.412000-04:00,12.240377426147461,0.3369447588920593,-11.903432846069336
2026-08-04T04:58:44.416000-04:00,12.221904754638672,0.32373350858688354,-11.898171424865723
2026-08-04T04:58:44.420000-04:00,12.196300506591797,0.28164464235305786,-11.914655685424805
2026-08-04T04:58:44.424000-04:00,12.20401668548584,0.2794232964515686,-11.924592971801758
2026-08-04T04:58:44.428000-04:00,12.163564682006836,0.23277480900287628,-11.930789947509766
2026-08-04T04:58:44.432000-04:00,12.138779640197754,0.2075214833021164,-11.931258201599121
2026-08-04T04:58:44.436000-04:00,12.11516284942627,0.16718631982803345,-11.947976112365723
2026-08-04T04:58:44.440000-04:00,12.101834297180176,0.11551055312156677,-11.986323356628418
2026-08-04T04:58:44.444000-04:00,12.073892593383789,0.06126268208026886,-12.012629508972168
2026-08-04T04:58:44.448000-04:00,12.049691200256348,0.039282940328121185,-12.010408401489258
2026-08-04T04:58:44.452000-04:00,12.030050277709961,-0.0003507405344862491,-12.030401229858398
2026-08-04T04:58:44.456000-04:00,11.984570503234863,-0.06430242955684662,-12.048872947692871
2026-08-04T04:58:44.460000-04:00,11.982349395751953,-0.09025723487138748,-12.072607040405273
2026-08-04T04:58:44.464000-04:00,11.960837364196777,-0.12579894065856934,-12.086636543273926
2026-08-04T04:58:44.468000-04:00,11.951132774353027,-0.13480128347873688,-12.085933685302734
2026-08-04T04:58:44.472000-04:00,11.933830261230469,-0.18121594190597534,-12.115046501159668
2026-08-04T04:58:44.476000-04:00,11.917929649353027,-0.20857371389865875,-12.126502990722656
2026-08-04T04:58:44.480000-04:00,11.912084579467773,-0.23113802075386047,-12.14322280883789
2026-08-04T04:58:44.484000-04:00,11.910680770874023,-0.23347628116607666,-12.144157409667969
2026-08-04T04:58:44.488000-04:00,11.90705680847168,-0.24107566475868225,-12.14813232421875
2026-08-04T04:58:44.492000-04:00,11.876893043518066,-0.2644583582878113,-12.141351699829102
2026-08-04T04:58:44.496000-04:00,11.873970031738281,-0.2871395945549011,-12.161109924316406
2026-08-04T04:58:44.500000-04:00,11.877594947814941,-0.2998831570148468,-12.177477836608887
2026-08-04T04:58:44.504000-04:00,11.884492874145508,-0.30444279313087463,-12.188935279846191
2026-08-04T04:58:44.508000-04:00,11.887181282043457,-0.287373423576355,-12.174554824829102
2026-08-04T04:58:44.512000-04:00,11.876776695251465,-0.2998831570148468,-12.17665958404541
2026-08-04T04:58:44.516000-04:00,11.868709564208984,-0.2845675051212311,-12.153277397155762
2026-08-04T04:58:44.520000-04:00,11.867072105407715,-0.2853858768939972,-12.152458190917969
2026-08-04T04:58:44.524000-04:00,11.864032745361328,-0.28877636790275574,-12.152809143066406
2026-08-04T04:58:44.528000-04:00,11.874554634094238,-0.2987140417098999,-12.17326831817627
2026-08-04T04:58:44.532000-04:00,11.865669250488281,-0.30175378918647766,-12.167423248291016
2026-08-04T04:58:44.536000-04:00,11.86391544342041,-0.29684340953826904,-12.160758972167969
2026-08-04T04:58:44.540000-04:00,11.874554634094238,-0.298597127199173,-12.173151969909668
2026-08-04T04:58:44.544000-04:00,11.885193824768066,-0.2922837734222412,-12.177477836608887
2026-08-04T04:58:44.548000-04:00,11.891740798950195,-0.2721746563911438,-12.163915634155273
2026-08-04T04:58:44.552000-04:00,11.87221622467041,-0.27673429250717163,-12.148950576782227
2026-08-04T04:58:44.556000-04:00,11.88051700592041,-0.2694856524467468,-12.150002479553223
2026-08-04T04:58:44.560000-04:00,11.883440017700195,-0.27755269408226013,-12.160992622375488
2026-08-04T04:58:44.564000-04:00,11.895950317382812,-0.2604832947254181,-12.156434059143066
2026-08-04T04:58:44.568000-04:00,11.895716667175293,-0.24762281775474548,-12.143339157104492
2026-08-04T04:58:44.572000-04:00,11.885077476501465,-0.2452845573425293,-12.130361557006836
2026-08-04T04:58:44.576000-04:00,11.879114151000977,-0.24961034953594208,-12.128724098205566
2026-08-04T04:58:44.580000-04:00,11.899925231933594,-0.23452851176261902,-12.134453773498535
2026-08-04T04:58:44.584000-04:00,11.899456977844238,-0.2251754254102707,-12.124632835388184
2026-08-04T04:58:44.588000-04:00,11.902146339416504,-0.21816061437129974,-12.120306968688965
2026-08-04T04:58:44.592000-04:00,11.897586822509766,-0.2208496332168579,-12.118436813354492
2026-08-04T04:58:44.596000-04:00,11.898054122924805,-0.22470776736736298,-12.122761726379395
2026-08-04T04:58:44.600000-04:00,11.89828872680664,-0.21991431713104248,-12.118203163146973
2026-08-04T04:58:44.604000-04:00,11.907875061035156,-0.22634455561637878,-12.1342191696167
2026-08-04T04:58:44.608000-04:00,11.898171424865723,-0.22716295719146729,-12.125334739685059
2026-08-04T04:58:44.612000-04:00,11.910447120666504,-0.2175760567188263,-12.128023147583008
2026-08-04T04:58:44.616000-04:00,11.908108711242676,-0.23371011018753052,-12.14181900024414
2026-08-04T04:58:44.620000-04:00,11.907524108886719,-0.22295406460762024,-12.130477905273438
2026-08-04T04:58:44.624000-04:00,11.91313648223877,-0.21944665908813477,-12.132583618164062
2026-08-04T04:58:44.628000-04:00,11.9072904586792,-0.2244739532470703,-12.13176441192627
2026-08-04T04:58:44.632000-04:00,11.908927917480469,-0.2228371500968933,-12.131765365600586
2026-08-04T04:58:44.636000-04:00,11.90050983428955,-0.23020270466804504,-12.130712509155273
2026-08-04T04:58:44.640000-04:00,11.908576965332031,-0.23534689843654633,-12.14392375946045
2026-08-04T04:58:44.644000-04:00,11.918747901916504,-0.22611074149608612,-12.144858360290527
2026-08-04T04:58:44.648000-04:00,11.913370132446289,-0.2328917235136032,-12.146262168884277
2026-08-04T04:58:44.652000-04:00,11.907875061035156,-0.23873738944530487,-12.146612167358398
2026-08-04T04:58:44.656000-04:00,11.906004905700684,-0.24937652051448822,-12.155381202697754
2026-08-04T04:58:44.660000-04:00,11.904952049255371,-0.24376468360424042,-12.148716926574707
2026-08-04T04:58:44.664000-04:00,11.918163299560547,-0.24271245300769806,-12.16087532043457
2026-08-04T04:58:44.668000-04:00,11.908343315124512,-0.25674208998680115,-12.165085792541504
2026-08-04T04:58:44.672000-04:00,11.89291000366211,-0.260600209236145,-12.153510093688965
2026-08-04T04:58:44.676000-04:00,11.891858100891113,-0.26551058888435364,-12.157368659973145
2026-08-04T04:58:44.680000-04:00,11.90658950805664,-0.2624708414077759,-12.169060707092285
2026-08-04T04:58:44.684000-04:00,11.907875061035156,-0.2657444179058075,-12.173619270324707
2026-08-04T04:58:44.688000-04:00,11.893728256225586,-0.2810600996017456,-12.174788475036621
2026-08-04T04:58:44.692000-04:00,11.88414192199707,-0.2939205765724182,-12.178062438964844
2026-08-04T04:58:44.696000-04:00,11.887765884399414,-0.2853858768939972,-12.173151969909668
2026-08-04T04:58:44.700000-04:00,11.893962860107422,-0.28807491064071655,-12.182037353515625
2026-08-04T04:58:44.704000-04:00,11.906939506530762,-0.2906470000743866,-12.197586059570312
2026-08-04T04:58:44.708000-04:00,11.891507148742676,-0.3018707036972046,-12.193377494812012
2026-08-04T04:58:44.712000-04:00,11.8948974609375,-0.3014030456542969,-12.196300506591797
2026-08-04T04:58:44.716000-04:00,11.887181282043457,-0.2975448966026306,-12.184725761413574
2026-08-04T04:58:44.720000-04:00,11.892325401306152,-0.3023383617401123,-12.194664001464844
2026-08-04T04:58:44.724000-04:00,11.895833015441895,-0.2962588369846344,-12.192091941833496
2026-08-04T04:58:44.728000-04:00,11.88823413848877,-0.3030398190021515,-12.19127368927002
2026-08-04T04:58:44.732000-04:00,11.881336212158203,-0.30970388650894165,-12.1910400390625
2026-08-04T04:58:44.736000-04:00,11.876776695251465,-0.3243180811405182,-12.201094627380371
2026-08-04T04:58:44.740000-04:00,11.870463371276855,-0.3163679540157318,-12.1868314743042
2026-08-04T04:58:44.744000-04:00,11.892325401306152,-0.30935314297676086,-12.201678276062012
2026-08-04T04:58:44.748000-04:00,11.88414192199707,-0.29918166995048523,-12.183323860168457
2026-08-04T04:58:44.752000-04:00,11.897820472717285,-0.2849182188510895,-12.182738304138184
2026-08-04T04:58:44.756000-04:00,11.894430160522461,-0.24633677303791046,-12.140767097473145
2026-08-04T04:58:44.760000-04:00,11.893260955810547,-0.2461029440164566,-12.139364242553711
2026-08-04T04:58:44.764000-04:00,11.901094436645508,-0.23429468274116516,-12.13538932800293
2026-08-04T04:58:44.768000-04:00,11.905536651611328,-0.237217515707016,-12.142754554748535
2026-08-04T04:58:44.772000-04:00,11.903782844543457,-0.24715517461299896,-12.150938034057617
2026-08-04T04:58:44.776000-04:00,11.89875602722168,-0.25381922721862793,-12.152575492858887
2026-08-04T04:58:44.780000-04:00,11.905887603759766,-0.17443495988845825,-12.080322265625
2026-08-04T04:58:44.784000-04:00,11.879816055297852,-0.15724867582321167,-12.037064552307129
2026-08-04T04:58:44.788000-04:00,11.875022888183594,-0.15198756754398346,-12.027010917663574
2026-08-04T04:58:44.792000-04:00,11.885193824768066,-0.15432584285736084,-12.039519309997559
2026-08-04T04:58:44.796000-04:00,11.87993335723877,-0.15865163505077362,-12.03858470916748
2026-08-04T04:58:44.800000-04:00,11.904952049255371,-0.13561967015266418,-12.040572166442871
2026-08-04T04:58:44.804000-04:00,11.915824890136719,-0.14427126944065094,-12.06009578704834
2026-08-04T04:58:44.808000-04:00,11.919917106628418,-0.1842557042837143,-12.104172706604004
2026-08-04T04:58:44.812000-04:00,11.908927917480469,-0.21710839867591858,-12.126036643981934
2026-08-04T04:58:44.816000-04:00,11.887649536132812,-0.2594310939311981,-12.147080421447754
2026-08-04T04:58:44.820000-04:00,11.89466381072998,-0.25744354724884033,-12.152107238769531
2026-08-04T04:58:44.824000-04:00,11.893143653869629,-0.26469218730926514,-12.157835960388184
2026-08-04T04:58:44.828000-04:00,11.890922546386719,-0.305495023727417,-12.196417808532715
2026-08-04T04:58:44.832000-04:00,11.875139236450195,-0.33951684832572937,-12.214655876159668
2026-08-04T04:58:44.836000-04:00,11.862161636352539,-0.36032745242118835,-12.222489356994629
2026-08-04T04:58:44.840000-04:00,11.8616943359375,-0.36266571283340454,-12.224360466003418
2026-08-04T04:58:44.844000-04:00,11.871281623840332,-0.36383485794067383,-12.235116958618164
2026-08-04T04:58:44.848000-04:00,11.87630844116211,-0.34781768918037415,-12.224125862121582
2026-08-04T04:58:44.852000-04:00,11.86777400970459,-0.3665238618850708,-12.234297752380371
2026-08-04T04:58:44.856000-04:00,11.85561466217041,-0.3882697820663452,-12.243884086608887
2026-08-04T04:58:44.860000-04:00,11.859004974365234,-0.3785659670829773,-12.237570762634277
2026-08-04T04:58:44.864000-04:00,11.870112419128418,-0.36547163128852844,-12.235584259033203
2026-08-04T04:58:44.868000-04:00,11.8616943359375,-0.37552621960639954,-12.237220764160156
2026-08-04T04:58:44.872000-04:00,11.856432914733887,-0.3797350823879242,-12.236167907714844
2026-08-04T04:58:44.876000-04:00,11.849418640136719,-0.39119261503219604,-12.24061107635498
2026-08-04T04:58:44.880000-04:00,11.848950386047363,-0.3978566825389862,-12.246807098388672
2026-08-04T04:58:44.884000-04:00,11.851873397827148,-0.3810211420059204,-12.232894897460938
2026-08-04T04:58:44.888000-04:00,11.854562759399414,-0.3729541003704071,-12.227517127990723
2026-08-04T04:58:44.892000-04:00,11.841351509094238,-0.3673422634601593,-12.208693504333496
2026-08-04T04:58:44.896000-04:00,11.816682815551758,-0.37120041251182556,-12.187883377075195
2026-08-04T04:58:44.900000-04:00,11.81679916381836,-0.3151988387107849,-12.131998062133789
2026-08-04T04:58:44.904000-04:00,11.840299606323242,-0.32221364974975586,-12.162513732910156
2026-08-04T04:58:44.908000-04:00,11.903549194335938,-0.32092759013175964,-12.22447681427002
2026-08-04T04:58:44.912000-04:00,11.987142562866211,-0.23826974630355835,-12.225412368774414
2026-08-04T04:58:44.916000-04:00,12.192325592041016,0.031098995357751846,-12.161226272583008
2026-08-04T04:58:44.920000-04:00,12.236167907714844,0.5501949787139893,-11.685973167419434
2026-08-04T04:58:44.924000-04:00,12.19080638885498,1.0491818189620972,-11.141624450683594
2026-08-04T04:58:44.928000-04:00,12.109200477600098,1.79017972946167,-10.319021224975586
2026-08-04T04:58:44.932000-04:00,12.027009963989258,2.0269296169281006,-10.000080108642578
2026-08-04T04:58:44.936000-04:00,11.998015403747559,1.994310736656189,-10.003705024719238
2026-08-04T04:58:44.940000-04:00,11.94610595703125,1.7268126010894775,-10.219293594360352
2026-08-04T04:58:44.944000-04:00,11.8865966796875,1.0524554252624512,-10.83414077758789
2026-08-04T04:58:44.948000-04:00,11.837610244750977,0.4808652698993683,-11.356744766235352
2026-08-04T04:58:44.952000-04:00,11.85725212097168,0.15911929309368134,-11.698132514953613
2026-08-04T04:58:44.956000-04:00,11.943533897399902,0.009119254536926746,-11.934414863586426
2026-08-04T04:58:44.960000-04:00,11.978608131408691,-0.01122369710355997,-11.989831924438477
2026-08-04T04:58:44.964000-04:00,11.94996452331543,-0.08172254264354706,-12.031686782836914
2026-08-04T04:58:44.968000-04:00,11.926114082336426,-0.1436867117881775,-12.06980037689209
2026-08-04T04:58:44.972000-04:00,11.926581382751465,-0.18811383843421936,-12.11469554901123
2026-08-04T04:58:44.976000-04:00,11.924126625061035,-0.20904135704040527,-12.13316822052002
2026-08-04T04:58:44.980000-04:00,11.936285018920898,-0.233242467045784,-12.169527053833008
2026-08-04T04:58:44.984000-04:00,11.933012008666992,-0.24961034953594208,-12.182621955871582
2026-08-04T04:58:44.988000-04:00,11.932310104370117,-0.23873738944530487,-12.17104721069336
2026-08-04T04:58:44.992000-04:00,11.92973804473877,-0.24505072832107544,-12.174788475036621
2026-08-04T04:58:44.996000-04:00,11.929036140441895,-0.2549883723258972,-12.184024810791016
