created_at,lead_1,lead_2,lead_3
2026-07-28T19:49:47.772962+07:00,-0.026,-0.023,0.003
2026-07-28T19:49:47.776962+07:00,0.01,0.009,-0.001
2026-07-28T19:49:47.780962+07:00,0.021,0.019,-0.002
2026-07-28T19:49:47.784962+07:00,-0.023,-0.021,0.002
2026-07-28T19:49:47.788962+07:00,-0.0,-0.0,0.0
2026-07-28T19:49:47.792962+07:00,0.042,0.038,-0.004
2026-07-28T19:49:47.796962+07:00,0.021,0.019,-0.002
2026-07-28T19:49:47.800962+07:00,-0.014,-0.012,0.002
2026-07-28T19:49:47.804962+07:00,-0.012,-0.011,0.001
2026-07-28T19:49:47.808962+07:00,0.048,0.043,-0.005
2026-07-28T19:49:47.812962+07:00,-0.014,-0.012,0.002
2026-07-28T19:49:47.816962+07:00,-0.0,0.0,0.0
2026-07-28T19:49:47.820962+07:00,-0.039,-0.035,0.004
2026-07-28T19:49:47.824962+07:00,-0.033,-0.029,0.004
2026-07-28T19:49:47.828962+07:00,0.052,0.047,-0.005
2026-07-28T19:49:47.832962+07:00,0.011,0.011,-0.001
2026-07-28T19:49:47.836962+07:00,0.001,0.002,0.0
2026-07-28T19:49:47.840962+07:00,0.005,0.005,-0.0
2026-07-28T19:49:47.844962+07:00,0.021,0.02,-0.002
2026-07-28T19:49:47.848962+07:00,0.028,0.026,-0.002
2026-07-28T19:49:47.852962+07:00,0.014,0.013,-0.001
2026-07-28T19:49:47.856962+07:00,0.029,0.026,-0.002
2026-07-28T19:49:47.860962+07:00,-0.0,0.0,0.0
2026-07-28T19:49:47.864962+07:00,0.028,0.025,-0.002
2026-07-28T19:49:47.868962+07:00,0.011,0.011,-0.001
2026-07-28T19:49:47.872962+07:00,-0.014,-0.012,0.002
2026-07-28T19:49:47.876962+07:00,-0.029,-0.026,0.004
2026-07-28T19:49:47.880962+07:00,-0.023,-0.02,0.003
2026-07-28T19:49:47.884962+07:00,0.022,0.021,-0.001
2026-07-28T19:49:47.888962+07:00,-0.006,-0.003,0.002
2026-07-28T19:49:47.892962+07:00,0.003,0.005,0.002
2026-07-28T19:49:47.896962+07:00,0.032,0.033,0.001
2026-07-28T19:49:47.900962+07:00,0.011,0.017,0.006
2026-07-28T19:49:47.904962+07:00,0.047,0.052,0.005
2026-07-28T19:49:47.908962+07:00,0.078,0.084,0.006
2026-07-28T19:49:47.912962+07:00,0.036,0.05,0.013
2026-07-28T19:49:47.916962+07:00,0.041,0.056,0.016
2026-07-28T19:49:47.920962+07:00,0.047,0.064,0.017
2026-07-28T19:49:47.924962+07:00,0.062,0.077,0.015
2026-07-28T19:49:47.928962+07:00,0.036,0.052,0.016
2026-07-28T19:49:47.932962+07:00,0.031,0.045,0.014
2026-07-28T19:49:47.936962+07:00,0.006,0.019,0.013
2026-07-28T19:49:47.940962+07:00,0.036,0.043,0.006
2026-07-28T19:49:47.944962+07:00,0.023,0.027,0.005
2026-07-28T19:49:47.948962+07:00,0.028,0.03,0.002
2026-07-28T19:49:47.952962+07:00,0.057,0.055,-0.003
2026-07-28T19:49:47.956962+07:00,0.042,0.04,-0.002
2026-07-28T19:49:47.960962+07:00,-0.003,-0.001,0.002
2026-07-28T19:49:47.964962+07:00,0.032,0.03,-0.002
2026-07-28T19:49:47.968962+07:00,0.011,0.011,-0.0
2026-07-28T19:49:47.972962+07:00,0.032,0.029,-0.002
2026-07-28T19:49:47.976962+07:00,0.005,0.006,0.0
2026-07-28T19:49:47.980962+07:00,0.013,0.012,-0.0
2026-07-28T19:49:47.984962+07:00,0.055,0.05,-0.005
2026-07-28T19:49:47.988962+07:00,-0.028,-0.029,-0.001
2026-07-28T19:49:47.992962+07:00,-0.016,-0.022,-0.006
2026-07-28T19:49:47.996962+07:00,0.007,0.004,-0.004
2026-07-28T19:49:48.000962+07:00,0.008,0.011,0.003
2026-07-28T19:49:48.004962+07:00,0.013,0.032,0.019
2026-07-28T19:49:48.008962+07:00,0.088,0.148,0.06
2026-07-28T19:49:48.012962+07:00,0.3,0.448,0.148
2026-07-28T19:49:48.016962+07:00,0.587,0.864,0.277
2026-07-28T19:49:48.020962+07:00,0.787,1.17,0.383
2026-07-28T19:49:48.024962+07:00,0.777,1.161,0.383
2026-07-28T19:49:48.028962+07:00,0.546,0.825,0.278
2026-07-28T19:49:48.032962+07:00,0.306,0.447,0.14
2026-07-28T19:49:48.036962+07:00,0.09,0.137,0.047
2026-07-28T19:49:48.040962+07:00,-0.057,-0.052,0.005
2026-07-28T19:49:48.044962+07:00,-0.088,-0.105,-0.016
2026-07-28T19:49:48.048962+07:00,-0.136,-0.158,-0.022
2026-07-28T19:49:48.052962+07:00,-0.122,-0.148,-0.026
2026-07-28T19:49:48.056962+07:00,-0.144,-0.165,-0.022
2026-07-28T19:49:48.060962+07:00,-0.108,-0.126,-0.018
2026-07-28T19:49:48.064962+07:00,-0.082,-0.094,-0.011
2026-07-28T19:49:48.068962+07:00,-0.024,-0.033,-0.009
2026-07-28T19:49:48.072962+07:00,-0.016,-0.02,-0.004
2026-07-28T19:49:48.076962+07:00,-0.005,-0.006,-0.001
2026-07-28T19:49:48.080962+07:00,-0.007,-0.006,0.001
2026-07-28T19:49:48.084962+07:00,0.016,0.015,-0.001
2026-07-28T19:49:48.088962+07:00,-0.008,-0.006,0.002
2026-07-28T19:49:48.092962+07:00,0.006,0.007,0.001
2026-07-28T19:49:48.096962+07:00,-0.016,-0.013,0.003
2026-07-28T19:49:48.100962+07:00,0.021,0.02,-0.001
2026-07-28T19:49:48.104962+07:00,0.014,0.014,0.0
2026-07-28T19:49:48.108962+07:00,-0.02,-0.016,0.004
2026-07-28T19:49:48.112962+07:00,0.015,0.015,0.0
2026-07-28T19:49:48.116962+07:00,0.024,0.024,-0.001
2026-07-28T19:49:48.120962+07:00,-0.014,-0.011,0.003
2026-07-28T19:49:48.124962+07:00,0.011,0.012,0.001
2026-07-28T19:49:48.128962+07:00,-0.042,-0.036,0.006
2026-07-28T19:49:48.132962+07:00,0.001,0.003,0.002
2026-07-28T19:49:48.136962+07:00,0.002,0.004,0.002
2026-07-28T19:49:48.140962+07:00,0.009,0.01,0.001
2026-07-28T19:49:48.144962+07:00,-0.019,-0.015,0.004
2026-07-28T19:49:48.148962+07:00,0.064,0.06,-0.004
2026-07-28T19:49:48.152962+07:00,0.037,0.037,-0.001
2026-07-28T19:49:48.156962+07:00,0.011,0.013,0.003
2026-07-28T19:49:48.160962+07:00,0.027,0.029,0.002
2026-07-28T19:49:48.164962+07:00,0.04,0.042,0.001
2026-07-28T19:49:48.168962+07:00,0.008,0.014,0.006
2026-07-28T19:49:48.172962+07:00,0.041,0.045,0.004
2026-07-28T19:49:48.176962+07:00,0.025,0.032,0.007
2026-07-28T19:49:48.180962+07:00,0.036,0.044,0.008
2026-07-28T19:49:48.184962+07:00,0.076,0.083,0.006
2026-07-28T19:49:48.188962+07:00,0.074,0.083,0.009
2026-07-28T19:49:48.192962+07:00,0.058,0.071,0.013
2026-07-28T19:49:48.196962+07:00,0.077,0.091,0.014
2026-07-28T19:49:48.200962+07:00,0.072,0.089,0.017
2026-07-28T19:49:48.204962+07:00,0.116,0.131,0.015
2026-07-28T19:49:48.208962+07:00,0.128,0.144,0.016
2026-07-28T19:49:48.212962+07:00,0.139,0.155,0.016
2026-07-28T19:49:48.216962+07:00,0.119,0.138,0.02
2026-07-28T19:49:48.220962+07:00,0.077,0.101,0.024
2026-07-28T19:49:48.224962+07:00,0.136,0.154,0.018
2026-07-28T19:49:48.228962+07:00,0.116,0.135,0.02
2026-07-28T19:49:48.232962+07:00,0.097,0.118,0.021
2026-07-28T19:49:48.236962+07:00,0.107,0.125,0.018
2026-07-28T19:49:48.240962+07:00,0.136,0.149,0.013
2026-07-28T19:49:48.244962+07:00,0.095,0.11,0.015
2026-07-28T19:49:48.248962+07:00,0.088,0.101,0.013
2026-07-28T19:49:48.252962+07:00,0.071,0.084,0.012
2026-07-28T19:49:48.256962+07:00,0.043,0.055,0.013
2026-07-28T19:49:48.260962+07:00,0.057,0.066,0.009
2026-07-28T19:49:48.264962+07:00,0.079,0.084,0.004
2026-07-28T19:49:48.268962+07:00,0.068,0.072,0.003
2026-07-28T19:49:48.272962+07:00,0.013,0.02,0.007
2026-07-28T19:49:48.276962+07:00,0.046,0.048,0.003
2026-07-28T19:49:48.280962+07:00,0.024,0.028,0.004
2026-07-28T19:49:48.284962+07:00,0.041,0.042,0.001
2026-07-28T19:49:48.288962+07:00,0.046,0.045,-0.0
2026-07-28T19:49:48.292962+07:00,0.056,0.054,-0.002
2026-07-28T19:49:48.296962+07:00,0.045,0.044,-0.001
2026-07-28T19:49:48.300962+07:00,0.018,0.019,0.001
2026-07-28T19:49:48.304962+07:00,0.003,0.005,0.003
2026-07-28T19:49:48.308962+07:00,0.023,0.023,0.0
2026-07-28T19:49:48.312962+07:00,0.037,0.036,-0.001
2026-07-28T19:49:48.316962+07:00,0.001,0.004,0.002
2026-07-28T19:49:48.320962+07:00,0.008,0.01,0.002
2026-07-28T19:49:48.324962+07:00,0.038,0.036,-0.001
2026-07-28T19:49:48.328962+07:00,0.015,0.016,0.001
2026-07-28T19:49:48.332962+07:00,0.064,0.06,-0.004
2026-07-28T19:49:48.336962+07:00,0.012,0.014,0.001
2026-07-28T19:49:48.340962+07:00,0.041,0.04,-0.002
2026-07-28T19:49:48.344962+07:00,0.053,0.05,-0.003
2026-07-28T19:49:48.348962+07:00,0.021,0.022,0.0
2026-07-28T19:49:48.352962+07:00,0.028,0.028,-0.0
2026-07-28T19:49:48.356962+07:00,0.026,0.026,-0.0
2026-07-28T19:49:48.360962+07:00,0.004,0.006,0.002
2026-07-28T19:49:48.364962+07:00,0.012,0.013,0.001
2026-07-28T19:49:48.368962+07:00,0.031,0.03,-0.0
2026-07-28T19:49:48.372962+07:00,0.04,0.039,-0.001
2026-07-28T19:49:48.376962+07:00,0.056,0.053,-0.003
2026-07-28T19:49:48.380962+07:00,0.036,0.035,-0.001
2026-07-28T19:49:48.384962+07:00,-0.007,-0.004,0.003
2026-07-28T19:49:48.388962+07:00,0.038,0.037,-0.001
2026-07-28T19:49:48.392962+07:00,0.008,0.01,0.002
2026-07-28T19:49:48.396962+07:00,0.023,0.023,0.001
2026-07-28T19:49:48.400962+07:00,0.031,0.031,-0.0
2026-07-28T19:49:48.404962+07:00,0.014,0.015,0.001
2026-07-28T19:49:48.408962+07:00,0.036,0.036,-0.001
2026-07-28T19:49:48.412962+07:00,0.071,0.067,-0.004
2026-07-28T19:49:48.416962+07:00,0.033,0.033,-0.0
2026-07-28T19:49:48.420962+07:00,0.037,0.036,-0.001
2026-07-28T19:49:48.424962+07:00,0.063,0.06,-0.003
2026-07-28T19:49:48.428962+07:00,0.036,0.035,-0.001
2026-07-28T19:49:48.432962+07:00,-0.004,-0.0,0.003
2026-07-28T19:49:48.436962+07:00,0.034,0.034,-0.0
2026-07-28T19:49:48.440962+07:00,0.071,0.067,-0.004
2026-07-28T19:49:48.444962+07:00,0.004,0.007,0.003
2026-07-28T19:49:48.448962+07:00,0.032,0.032,-0.0
2026-07-28T19:49:48.452962+07:00,0.04,0.039,-0.001
2026-07-28T19:49:48.456962+07:00,0.068,0.065,-0.004
2026-07-28T19:49:48.460962+07:00,-0.003,0.0,0.003
2026-07-28T19:49:48.464962+07:00,0.026,0.026,0.0
2026-07-28T19:49:48.468962+07:00,0.024,0.025,0.001
2026-07-28T19:49:48.472962+07:00,0.02,0.021,0.001
2026-07-28T19:49:48.476962+07:00,0.011,0.013,0.002
2026-07-28T19:49:48.480962+07:00,0.033,0.033,-0.0
2026-07-28T19:49:48.484962+07:00,0.011,0.013,0.002
2026-07-28T19:49:48.488962+07:00,0.006,0.009,0.002
2026-07-28T19:49:48.492962+07:00,0.039,0.038,-0.001
2026-07-28T19:49:48.496962+07:00,0.009,0.011,0.002
2026-07-28T19:49:48.500962+07:00,0.063,0.06,-0.003
2026-07-28T19:49:48.504962+07:00,0.01,0.012,0.002
2026-07-28T19:49:48.508962+07:00,0.048,0.047,-0.002
2026-07-28T19:49:48.512962+07:00,0.053,0.051,-0.002
2026-07-28T19:49:48.516962+07:00,0.039,0.039,-0.001
2026-07-28T19:49:48.520962+07:00,0.016,0.018,0.002
2026-07-28T19:49:48.524962+07:00,0.078,0.074,-0.005
2026-07-28T19:49:48.528962+07:00,0.024,0.024,0.001
2026-07-28T19:49:48.532962+07:00,0.02,0.021,0.001
2026-07-28T19:49:48.536962+07:00,0.054,0.052,-0.002
2026-07-28T19:49:48.540962+07:00,0.014,0.016,0.002
2026-07-28T19:49:48.544962+07:00,0.015,0.017,0.002
2026-07-28T19:49:48.548962+07:00,0.063,0.06,-0.003
2026-07-28T19:49:48.552962+07:00,0.016,0.018,0.002
2026-07-28T19:49:48.556962+07:00,0.048,0.046,-0.001
2026-07-28T19:49:48.560962+07:00,0.053,0.051,-0.002
2026-07-28T19:49:48.564962+07:00,-0.003,0.001,0.004
2026-07-28T19:49:48.568962+07:00,0.066,0.063,-0.003
2026-07-28T19:49:48.572962+07:00,0.031,0.031,0.0
2026-07-28T19:49:48.576962+07:00,0.061,0.058,-0.003
2026-07-28T19:49:48.580962+07:00,0.039,0.038,-0.0
2026-07-28T19:49:48.584962+07:00,0.043,0.042,-0.001
2026-07-28T19:49:48.588962+07:00,0.021,0.022,0.001
2026-07-28T19:49:48.592962+07:00,0.06,0.058,-0.003
2026-07-28T19:49:48.596962+07:00,0.052,0.051,-0.002
2026-07-28T19:49:48.600962+07:00,0.036,0.036,-0.0
2026-07-28T19:49:48.604962+07:00,0.053,0.052,-0.002
2026-07-28T19:49:48.608962+07:00,0.013,0.015,0.002
2026-07-28T19:49:48.612962+07:00,0.045,0.044,-0.001
2026-07-28T19:49:48.616962+07:00,0.079,0.074,-0.004
2026-07-28T19:49:48.620962+07:00,0.038,0.037,-0.0
2026-07-28T19:49:48.624962+07:00,0.029,0.03,0.001
2026-07-28T19:49:48.628962+07:00,0.039,0.039,-0.0
2026-07-28T19:49:48.632962+07:00,0.054,0.052,-0.002
2026-07-28T19:49:48.636962+07:00,0.041,0.041,-0.0
2026-07-28T19:49:48.640962+07:00,0.052,0.05,-0.002
2026-07-28T19:49:48.644962+07:00,0.025,0.026,0.001
2026-07-28T19:49:48.648962+07:00,0.05,0.048,-0.001
2026-07-28T19:49:48.652962+07:00,0.024,0.025,0.001
2026-07-28T19:49:48.656962+07:00,0.067,0.064,-0.003
2026-07-28T19:49:48.660962+07:00,0.051,0.05,-0.001
2026-07-28T19:49:48.664962+07:00,0.035,0.035,0.0
2026-07-28T19:49:48.668962+07:00,0.047,0.046,-0.001
2026-07-28T19:49:48.672962+07:00,0.029,0.03,0.001
2026-07-28T19:49:48.676962+07:00,0.062,0.06,-0.002
2026-07-28T19:49:48.680962+07:00,0.025,0.026,0.002
2026-07-28T19:49:48.684962+07:00,0.059,0.058,-0.002
2026-07-28T19:49:48.688962+07:00,0.061,0.06,-0.001
2026-07-28T19:49:48.692962+07:00,0.033,0.036,0.003
2026-07-28T19:49:48.696962+07:00,0.038,0.042,0.004
2026-07-28T19:49:48.700962+07:00,0.05,0.055,0.005
2026-07-28T19:49:48.704962+07:00,0.039,0.049,0.009
2026-07-28T19:49:48.708962+07:00,0.059,0.07,0.011
2026-07-28T19:49:48.712962+07:00,0.063,0.077,0.014
2026-07-28T19:49:48.716962+07:00,0.094,0.108,0.013
2026-07-28T19:49:48.720962+07:00,0.084,0.101,0.016
2026-07-28T19:49:48.724962+07:00,0.095,0.11,0.015
2026-07-28T19:49:48.728962+07:00,0.098,0.111,0.013
2026-07-28T19:49:48.732962+07:00,0.016,0.034,0.019
2026-07-28T19:49:48.736962+07:00,0.063,0.073,0.01
2026-07-28T19:49:48.740962+07:00,0.111,0.113,0.002
2026-07-28T19:49:48.744962+07:00,0.067,0.07,0.003
2026-07-28T19:49:48.748962+07:00,0.064,0.066,0.001
2026-07-28T19:49:48.752962+07:00,0.035,0.038,0.003
2026-07-28T19:49:48.756962+07:00,0.043,0.044,0.001
2026-07-28T19:49:48.760962+07:00,0.052,0.051,-0.001
2026-07-28T19:49:48.764962+07:00,0.075,0.072,-0.003
2026-07-28T19:49:48.768962+07:00,0.02,0.022,0.002
2026-07-28T19:49:48.772962+07:00,0.06,0.058,-0.002
2026-07-28T19:49:48.776962+07:00,0.034,0.035,0.001
2026-07-28T19:49:48.780962+07:00,0.028,0.029,0.001
2026-07-28T19:49:48.784962+07:00,0.049,0.048,-0.002
2026-07-28T19:49:48.788962+07:00,0.05,0.045,-0.005
2026-07-28T19:49:48.792962+07:00,0.005,0.0,-0.005
2026-07-28T19:49:48.796962+07:00,0.021,0.019,-0.002
2026-07-28T19:49:48.800962+07:00,-0.004,0.004,0.008
2026-07-28T19:49:48.804962+07:00,0.058,0.075,0.017
2026-07-28T19:49:48.808962+07:00,0.134,0.192,0.058
2026-07-28T19:49:48.812962+07:00,0.325,0.473,0.148
2026-07-28T19:49:48.816962+07:00,0.596,0.875,0.279
2026-07-28T19:49:48.820962+07:00,0.792,1.178,0.386
2026-07-28T19:49:48.824962+07:00,0.794,1.179,0.385
2026-07-28T19:49:48.828962+07:00,0.578,0.856,0.278
2026-07-28T19:49:48.832962+07:00,0.345,0.484,0.14
2026-07-28T19:49:48.836962+07:00,0.082,0.133,0.051
2026-07-28T19:49:48.840962+07:00,-0.024,-0.02,0.004
2026-07-28T19:49:48.844962+07:00,-0.028,-0.047,-0.019
2026-07-28T19:49:48.848962+07:00,-0.112,-0.133,-0.021
2026-07-28T19:49:48.852962+07:00,-0.08,-0.108,-0.028
2026-07-28T19:49:48.856962+07:00,-0.115,-0.137,-0.021
2026-07-28T19:49:48.860962+07:00,-0.078,-0.096,-0.018
2026-07-28T19:49:48.864962+07:00,-0.038,-0.051,-0.013
2026-07-28T19:49:48.868962+07:00,0.019,0.009,-0.01
2026-07-28T19:49:48.872962+07:00,0.012,0.009,-0.004
2026-07-28T19:49:48.876962+07:00,0.001,0.002,0.001
2026-07-28T19:49:48.880962+07:00,0.03,0.03,0.0
2026-07-28T19:49:48.884962+07:00,0.062,0.06,-0.002
2026-07-28T19:49:48.888962+07:00,0.064,0.062,-0.002
2026-07-28T19:49:48.892962+07:00,0.069,0.066,-0.003
2026-07-28T19:49:48.896962+07:00,0.042,0.042,0.0
2026-07-28T19:49:48.900962+07:00,0.035,0.036,0.001
2026-07-28T19:49:48.904962+07:00,0.051,0.05,-0.001
2026-07-28T19:49:48.908962+07:00,0.019,0.022,0.002
2026-07-28T19:49:48.912962+07:00,0.055,0.054,-0.001
2026-07-28T19:49:48.916962+07:00,0.021,0.024,0.002
2026-07-28T19:49:48.920962+07:00,0.045,0.045,0.0
2026-07-28T19:49:48.924962+07:00,0.056,0.055,-0.001
2026-07-28T19:49:48.928962+07:00,0.064,0.062,-0.002
2026-07-28T19:49:48.932962+07:00,0.025,0.028,0.002
2026-07-28T19:49:48.936962+07:00,0.031,0.032,0.002
2026-07-28T19:49:48.940962+07:00,0.042,0.043,0.001
2026-07-28T19:49:48.944962+07:00,0.046,0.047,0.001
2026-07-28T19:49:48.948962+07:00,0.033,0.035,0.002
2026-07-28T19:49:48.952962+07:00,0.08,0.078,-0.002
2026-07-28T19:49:48.956962+07:00,0.026,0.03,0.004
2026-07-28T19:49:48.960962+07:00,0.027,0.032,0.005
2026-07-28T19:49:48.964962+07:00,0.018,0.024,0.006
2026-07-28T19:49:48.968962+07:00,0.072,0.074,0.002
2026-07-28T19:49:48.972962+07:00,0.059,0.064,0.005
2026-07-28T19:49:48.976962+07:00,0.053,0.06,0.007
2026-07-28T19:49:48.980962+07:00,0.037,0.048,0.011
2026-07-28T19:49:48.984962+07:00,0.063,0.073,0.01
2026-07-28T19:49:48.988962+07:00,0.102,0.111,0.009
2026-07-28T19:49:48.992962+07:00,0.078,0.092,0.014
2026-07-28T19:49:48.996962+07:00,0.098,0.112,0.014
2026-07-28T19:49:49.000962+07:00,0.138,0.151,0.013
2026-07-28T19:49:49.004962+07:00,0.13,0.146,0.016
2026-07-28T19:49:49.008962+07:00,0.134,0.152,0.018
2026-07-28T19:49:49.012962+07:00,0.142,0.16,0.019
2026-07-28T19:49:49.016962+07:00,0.146,0.166,0.019
2026-07-28T19:49:49.020962+07:00,0.145,0.165,0.02
2026-07-28T19:49:49.024962+07:00,0.178,0.195,0.017
2026-07-28T19:49:49.028962+07:00,0.146,0.166,0.019
2026-07-28T19:49:49.032962+07:00,0.163,0.18,0.017
2026-07-28T19:49:49.036962+07:00,0.11,0.131,0.02
2026-07-28T19:49:49.040962+07:00,0.15,0.164,0.014
2026-07-28T19:49:49.044962+07:00,0.123,0.138,0.015
2026-07-28T19:49:49.048962+07:00,0.09,0.105,0.015
2026-07-28T19:49:49.052962+07:00,0.124,0.133,0.009
2026-07-28T19:49:49.056962+07:00,0.098,0.108,0.009
2026-07-28T19:49:49.060962+07:00,0.091,0.099,0.008
2026-07-28T19:49:49.064962+07:00,0.082,0.089,0.006
2026-07-28T19:49:49.068962+07:00,0.072,0.077,0.006
2026-07-28T19:49:49.072962+07:00,0.06,0.065,0.005
2026-07-28T19:49:49.076962+07:00,0.049,0.053,0.005
2026-07-28T19:49:49.080962+07:00,0.041,0.046,0.004
2026-07-28T19:49:49.084962+07:00,0.022,0.027,0.005
2026-07-28T19:49:49.088962+07:00,0.064,0.064,0.0
2026-07-28T19:49:49.092962+07:00,0.035,0.038,0.003
2026-07-28T19:49:49.096962+07:00,0.036,0.038,0.002
2026-07-28T19:49:49.100962+07:00,0.091,0.087,-0.004
2026-07-28T19:49:49.104962+07:00,0.063,0.062,-0.001
2026-07-28T19:49:49.108962+07:00,0.067,0.065,-0.002
2026-07-28T19:49:49.112962+07:00,0.05,0.05,-0.0
2026-07-28T19:49:49.116962+07:00,0.025,0.028,0.002
2026-07-28T19:49:49.120962+07:00,0.083,0.08,-0.003
2026-07-28T19:49:49.124962+07:00,0.001,0.006,0.005
2026-07-28T19:49:49.128962+07:00,0.063,0.062,-0.002
2026-07-28T19:49:49.132962+07:00,0.039,0.04,0.001
2026-07-28T19:49:49.136962+07:00,0.062,0.061,-0.001
2026-07-28T19:49:49.140962+07:00,0.055,0.054,-0.001
2026-07-28T19:49:49.144962+07:00,0.046,0.046,0.0
2026-07-28T19:49:49.148962+07:00,0.029,0.03,0.002
2026-07-28T19:49:49.152962+07:00,0.054,0.053,-0.001
2026-07-28T19:49:49.156962+07:00,0.042,0.042,0.001
2026-07-28T19:49:49.160962+07:00,0.049,0.049,-0.0
2026-07-28T19:49:49.164962+07:00,0.033,0.034,0.002
2026-07-28T19:49:49.168962+07:00,0.026,0.028,0.002
2026-07-28T19:49:49.172962+07:00,0.058,0.057,-0.001
2026-07-28T19:49:49.176962+07:00,0.051,0.051,-0.0
2026-07-28T19:49:49.180962+07:00,0.027,0.029,0.002
2026-07-28T19:49:49.184962+07:00,0.018,0.021,0.003
2026-07-28T19:49:49.188962+07:00,0.066,0.064,-0.002
2026-07-28T19:49:49.192962+07:00,0.028,0.03,0.002
2026-07-28T19:49:49.196962+07:00,0.056,0.055,-0.001
2026-07-28T19:49:49.200962+07:00,0.068,0.066,-0.002
2026-07-28T19:49:49.204962+07:00,0.062,0.061,-0.001
2026-07-28T19:49:49.208962+07:00,0.008,0.012,0.004
2026-07-28T19:49:49.212962+07:00,0.051,0.05,-0.0
2026-07-28T19:49:49.216962+07:00,0.041,0.041,0.001
2026-07-28T19:49:49.220962+07:00,0.082,0.079,-0.003
2026-07-28T19:49:49.224962+07:00,0.034,0.036,0.001
2026-07-28T19:49:49.228962+07:00,0.008,0.012,0.004
2026-07-28T19:49:49.232962+07:00,0.02,0.022,0.003
2026-07-28T19:49:49.236962+07:00,0.015,0.018,0.003
2026-07-28T19:49:49.240962+07:00,0.041,0.042,0.001
2026-07-28T19:49:49.244962+07:00,0.079,0.076,-0.003
2026-07-28T19:49:49.248962+07:00,0.063,0.061,-0.001
2026-07-28T19:49:49.252962+07:00,0.022,0.025,0.003
2026-07-28T19:49:49.256962+07:00,0.061,0.06,-0.001
2026-07-28T19:49:49.260962+07:00,0.088,0.084,-0.004
2026-07-28T19:49:49.264962+07:00,0.051,0.051,-0.0
2026-07-28T19:49:49.268962+07:00,0.079,0.076,-0.003
2026-07-28T19:49:49.272962+07:00,0.031,0.033,0.002
2026-07-28T19:49:49.276962+07:00,0.088,0.084,-0.004
2026-07-28T19:49:49.280962+07:00,0.041,0.041,0.001
2026-07-28T19:49:49.284962+07:00,0.041,0.042,0.001
2026-07-28T19:49:49.288962+07:00,0.077,0.074,-0.003
2026-07-28T19:49:49.292962+07:00,0.027,0.029,0.002
2026-07-28T19:49:49.296962+07:00,0.053,0.053,-0.0
2026-07-28T19:49:49.300962+07:00,0.042,0.043,0.001
2026-07-28T19:49:49.304962+07:00,0.066,0.065,-0.002
2026-07-28T19:49:49.308962+07:00,0.035,0.037,0.001
2026-07-28T19:49:49.312962+07:00,0.054,0.053,-0.0
2026-07-28T19:49:49.316962+07:00,0.024,0.027,0.003
2026-07-28T19:49:49.320962+07:00,0.079,0.076,-0.003
2026-07-28T19:49:49.324962+07:00,0.073,0.071,-0.002
2026-07-28T19:49:49.328962+07:00,0.062,0.061,-0.001
2026-07-28T19:49:49.332962+07:00,0.028,0.03,0.002
2026-07-28T19:49:49.336962+07:00,0.048,0.048,0.0
2026-07-28T19:49:49.340962+07:00,0.046,0.047,0.0
2026-07-28T19:49:49.344962+07:00,0.074,0.072,-0.002
2026-07-28T19:49:49.348962+07:00,0.042,0.043,0.001
2026-07-28T19:49:49.352962+07:00,0.032,0.033,0.002
2026-07-28T19:49:49.356962+07:00,0.016,0.02,0.003
2026-07-28T19:49:49.360962+07:00,0.061,0.059,-0.001
2026-07-28T19:49:49.364962+07:00,0.046,0.047,0.0
2026-07-28T19:49:49.368962+07:00,0.044,0.044,0.001
2026-07-28T19:49:49.372962+07:00,0.05,0.05,-0.0
2026-07-28T19:49:49.376962+07:00,0.04,0.041,0.001
2026-07-28T19:49:49.380962+07:00,0.04,0.041,0.001
2026-07-28T19:49:49.384962+07:00,0.05,0.05,-0.0
2026-07-28T19:49:49.388962+07:00,0.061,0.06,-0.001
2026-07-28T19:49:49.392962+07:00,0.073,0.071,-0.002
2026-07-28T19:49:49.396962+07:00,0.062,0.061,-0.001
2026-07-28T19:49:49.400962+07:00,0.068,0.066,-0.002
2026-07-28T19:49:49.404962+07:00,0.024,0.026,0.003
2026-07-28T19:49:49.408962+07:00,0.026,0.029,0.002
2026-07-28T19:49:49.412962+07:00,0.065,0.063,-0.001
2026-07-28T19:49:49.416962+07:00,0.033,0.035,0.002
2026-07-28T19:49:49.420962+07:00,0.063,0.062,-0.001
2026-07-28T19:49:49.424962+07:00,0.046,0.046,0.0
2026-07-28T19:49:49.428962+07:00,0.036,0.037,0.001
2026-07-28T19:49:49.432962+07:00,0.062,0.061,-0.001
2026-07-28T19:49:49.436962+07:00,0.045,0.045,0.001
2026-07-28T19:49:49.440962+07:00,0.042,0.043,0.001
2026-07-28T19:49:49.444962+07:00,0.044,0.045,0.001
2026-07-28T19:49:49.448962+07:00,0.074,0.071,-0.002
2026-07-28T19:49:49.452962+07:00,0.044,0.045,0.001
2026-07-28T19:49:49.456962+07:00,0.036,0.037,0.001
2026-07-28T19:49:49.460962+07:00,0.036,0.037,0.001
2026-07-28T19:49:49.464962+07:00,0.043,0.044,0.001
2026-07-28T19:49:49.468962+07:00,0.017,0.02,0.003
2026-07-28T19:49:49.472962+07:00,0.09,0.086,-0.004
2026-07-28T19:49:49.476962+07:00,0.014,0.018,0.004
2026-07-28T19:49:49.480962+07:00,0.046,0.047,0.001
2026-07-28T19:49:49.484962+07:00,0.014,0.019,0.004
2026-07-28T19:49:49.488962+07:00,0.079,0.077,-0.002
2026-07-28T19:49:49.492962+07:00,0.062,0.063,0.001
2026-07-28T19:49:49.496962+07:00,0.065,0.067,0.002
2026-07-28T19:49:49.500962+07:00,0.064,0.069,0.005
2026-07-28T19:49:49.504962+07:00,0.075,0.082,0.007
2026-07-28T19:49:49.508962+07:00,0.066,0.077,0.011
2026-07-28T19:49:49.512962+07:00,0.043,0.06,0.017
2026-07-28T19:49:49.516962+07:00,0.108,0.121,0.013
2026-07-28T19:49:49.520962+07:00,0.092,0.109,0.016
2026-07-28T19:49:49.524962+07:00,0.118,0.132,0.014
2026-07-28T19:49:49.528962+07:00,0.088,0.103,0.015
2026-07-28T19:49:49.532962+07:00,0.07,0.084,0.014
2026-07-28T19:49:49.536962+07:00,0.063,0.075,0.011
2026-07-28T19:49:49.540962+07:00,0.08,0.086,0.006
2026-07-28T19:49:49.544962+07:00,0.085,0.088,0.003
2026-07-28T19:49:49.548962+07:00,0.036,0.041,0.005
2026-07-28T19:49:49.552962+07:00,0.067,0.068,0.0
2026-07-28T19:49:49.556962+07:00,0.071,0.07,-0.001
2026-07-28T19:49:49.560962+07:00,0.067,0.066,-0.001
2026-07-28T19:49:49.564962+07:00,0.024,0.027,0.003
2026-07-28T19:49:49.568962+07:00,0.053,0.053,-0.0
2026-07-28T19:49:49.572962+07:00,0.056,0.055,-0.001
2026-07-28T19:49:49.576962+07:00,0.048,0.048,0.0
2026-07-28T19:49:49.580962+07:00,0.019,0.022,0.003
2026-07-28T19:49:49.584962+07:00,0.061,0.06,-0.002
2026-07-28T19:49:49.588962+07:00,0.052,0.048,-0.005
2026-07-28T19:49:49.592962+07:00,0.035,0.028,-0.007
2026-07-28T19:49:49.596962+07:00,-0.009,-0.007,0.002
2026-07-28T19:49:49.600962+07:00,0.045,0.049,0.004
2026-07-28T19:49:49.604962+07:00,0.065,0.082,0.017
2026-07-28T19:49:49.608962+07:00,0.133,0.192,0.059
2026-07-28T19:49:49.612962+07:00,0.307,0.458,0.151
2026-07-28T19:49:49.616962+07:00,0.595,0.875,0.28
2026-07-28T19:49:49.620962+07:00,0.814,1.199,0.384
2026-07-28T19:49:49.624962+07:00,0.783,1.169,0.387
2026-07-28T19:49:49.628962+07:00,0.591,0.869,0.278
2026-07-28T19:49:49.632962+07:00,0.298,0.443,0.145
2026-07-28T19:49:49.636962+07:00,0.129,0.175,0.047
2026-07-28T19:49:49.640962+07:00,0.002,0.004,0.002
2026-07-28T19:49:49.644962+07:00,-0.053,-0.069,-0.016
2026-07-28T19:49:49.648962+07:00,-0.088,-0.111,-0.023
2026-07-28T19:49:49.652962+07:00,-0.1,-0.125,-0.025
2026-07-28T19:49:49.656962+07:00,-0.071,-0.096,-0.025
2026-07-28T19:49:49.660962+07:00,-0.079,-0.097,-0.017
2026-07-28T19:49:49.664962+07:00,0.002,-0.014,-0.016
2026-07-28T19:49:49.668962+07:00,-0.03,-0.035,-0.005
2026-07-28T19:49:49.672962+07:00,0.031,0.026,-0.005
2026-07-28T19:49:49.676962+07:00,0.024,0.023,-0.001
2026-07-28T19:49:49.680962+07:00,0.005,0.009,0.003
2026-07-28T19:49:49.684962+07:00,0.029,0.03,0.002
2026-07-28T19:49:49.688962+07:00,0.032,0.034,0.002
2026-07-28T19:49:49.692962+07:00,0.072,0.07,-0.002
2026-07-28T19:49:49.696962+07:00,0.05,0.05,-0.0
2026-07-28T19:49:49.700962+07:00,0.043,0.043,0.001
2026-07-28T19:49:49.704962+07:00,0.051,0.051,-0.0
2026-07-28T19:49:49.708962+07:00,0.036,0.037,0.001
2026-07-28T19:49:49.712962+07:00,0.054,0.054,-0.001
2026-07-28T19:49:49.716962+07:00,0.055,0.054,-0.001
2026-07-28T19:49:49.720962+07:00,0.066,0.064,-0.002
2026-07-28T19:49:49.724962+07:00,0.069,0.067,-0.002
2026-07-28T19:49:49.728962+07:00,0.023,0.026,0.003
2026-07-28T19:49:49.732962+07:00,0.08,0.077,-0.003
2026-07-28T19:49:49.736962+07:00,0.043,0.044,0.001
2026-07-28T19:49:49.740962+07:00,0.07,0.068,-0.002
2026-07-28T19:49:49.744962+07:00,0.056,0.056,-0.0
2026-07-28T19:49:49.748962+07:00,0.05,0.05,0.001
2026-07-28T19:49:49.752962+07:00,0.058,0.059,0.0
2026-07-28T19:49:49.756962+07:00,0.059,0.06,0.001
2026-07-28T19:49:49.760962+07:00,0.062,0.064,0.001
2026-07-28T19:49:49.764962+07:00,0.089,0.089,-0.0
2026-07-28T19:49:49.768962+07:00,0.066,0.069,0.003
2026-07-28T19:49:49.772962+07:00,0.054,0.059,0.006
2026-07-28T19:49:49.776962+07:00,0.089,0.093,0.004
2026-07-28T19:49:49.780962+07:00,0.053,0.063,0.009
2026-07-28T19:49:49.784962+07:00,0.088,0.096,0.008
2026-07-28T19:49:49.788962+07:00,0.094,0.104,0.01
2026-07-28T19:49:49.792962+07:00,0.095,0.108,0.012
2026-07-28T19:49:49.796962+07:00,0.098,0.113,0.015
2026-07-28T19:49:49.800962+07:00,0.106,0.122,0.016
2026-07-28T19:49:49.804962+07:00,0.138,0.154,0.015
2026-07-28T19:49:49.808962+07:00,0.138,0.156,0.017
2026-07-28T19:49:49.812962+07:00,0.157,0.174,0.017
2026-07-28T19:49:49.816962+07:00,0.143,0.163,0.02
2026-07-28T19:49:49.820962+07:00,0.161,0.18,0.018
2026-07-28T19:49:49.824962+07:00,0.131,0.153,0.021
2026-07-28T19:49:49.828962+07:00,0.164,0.181,0.018
2026-07-28T19:49:49.832962+07:00,0.127,0.147,0.02
2026-07-28T19:49:49.836962+07:00,0.106,0.127,0.021
2026-07-28T19:49:49.840962+07:00,0.131,0.147,0.016
2026-07-28T19:49:49.844962+07:00,0.126,0.14,0.014
2026-07-28T19:49:49.848962+07:00,0.126,0.138,0.012
2026-07-28T19:49:49.852962+07:00,0.081,0.095,0.014
2026-07-28T19:49:49.856962+07:00,0.13,0.136,0.006
2026-07-28T19:49:49.860962+07:00,0.106,0.112,0.006
2026-07-28T19:49:49.864962+07:00,0.077,0.084,0.007
2026-07-28T19:49:49.868962+07:00,0.088,0.092,0.004
2026-07-28T19:49:49.872962+07:00,0.05,0.056,0.006
2026-07-28T19:49:49.876962+07:00,0.031,0.037,0.006
2026-07-28T19:49:49.880962+07:00,0.075,0.076,0.001
2026-07-28T19:49:49.884962+07:00,0.049,0.052,0.002
2026-07-28T19:49:49.888962+07:00,0.047,0.049,0.002
2026-07-28T19:49:49.892962+07:00,0.068,0.067,-0.001
2026-07-28T19:49:49.896962+07:00,0.068,0.066,-0.001
2026-07-28T19:49:49.900962+07:00,0.057,0.057,-0.0
2026-07-28T19:49:49.904962+07:00,0.046,0.046,0.0
2026-07-28T19:49:49.908962+07:00,0.04,0.041,0.001
2026-07-28T19:49:49.912962+07:00,0.06,0.059,-0.001
2026-07-28T19:49:49.916962+07:00,0.022,0.024,0.002
2026-07-28T19:49:49.920962+07:00,0.082,0.079,-0.004
2026-07-28T19:49:49.924962+07:00,0.028,0.03,0.002
2026-07-28T19:49:49.928962+07:00,0.066,0.064,-0.002
2026-07-28T19:49:49.932962+07:00,0.061,0.06,-0.002
2026-07-28T19:49:49.936962+07:00,0.045,0.045,-0.0
2026-07-28T19:49:49.940962+07:00,0.061,0.059,-0.002
2026-07-28T19:49:49.944962+07:00,0.048,0.048,-0.0
2026-07-28T19:49:49.948962+07:00,0.092,0.088,-0.005
2026-07-28T19:49:49.952962+07:00,0.05,0.05,-0.001
2026-07-28T19:49:49.956962+07:00,0.04,0.04,0.0
2026-07-28T19:49:49.960962+07:00,0.11,0.103,-0.007
2026-07-28T19:49:49.964962+07:00,0.014,0.017,0.003
2026-07-28T19:49:49.968962+07:00,0.059,0.058,-0.002
2026-07-28T19:49:49.972962+07:00,0.033,0.034,0.001
2026-07-28T19:49:49.976962+07:00,0.065,0.062,-0.002
2026-07-28T19:49:49.980962+07:00,0.025,0.027,0.002
2026-07-28T19:49:49.984962+07:00,0.01,0.014,0.003
2026-07-28T19:49:49.988962+07:00,0.058,0.056,-0.001
2026-07-28T19:49:49.992962+07:00,0.055,0.054,-0.001
2026-07-28T19:49:49.996962+07:00,0.058,0.056,-0.001
2026-07-28T19:49:50.000962+07:00,0.057,0.056,-0.001
2026-07-28T19:49:50.004962+07:00,0.088,0.084,-0.005
2026-07-28T19:49:50.008962+07:00,0.08,0.076,-0.004
2026-07-28T19:49:50.012962+07:00,0.018,0.02,0.002
2026-07-28T19:49:50.016962+07:00,0.091,0.086,-0.005
2026-07-28T19:49:50.020962+07:00,0.028,0.029,0.001
2026-07-28T19:49:50.024962+07:00,0.031,0.032,0.001
2026-07-28T19:49:50.028962+07:00,0.022,0.024,0.002
2026-07-28T19:49:50.032962+07:00,0.037,0.037,0.001
2026-07-28T19:49:50.036962+07:00,0.049,0.048,-0.001
2026-07-28T19:49:50.040962+07:00,0.037,0.038,0.001
2026-07-28T19:49:50.044962+07:00,0.062,0.06,-0.002
2026-07-28T19:49:50.048962+07:00,0.078,0.074,-0.004
2026-07-28T19:49:50.052962+07:00,0.068,0.065,-0.003
2026-07-28T19:49:50.056962+07:00,-0.008,-0.003,0.005
2026-07-28T19:49:50.060962+07:00,0.066,0.064,-0.002
2026-07-28T19:49:50.064962+07:00,0.012,0.015,0.003
2026-07-28T19:49:50.068962+07:00,0.055,0.054,-0.001
2026-07-28T19:49:50.072962+07:00,0.069,0.066,-0.003
2026-07-28T19:49:50.076962+07:00,0.042,0.042,-0.0
2026-07-28T19:49:50.080962+07:00,0.083,0.079,-0.004
2026-07-28T19:49:50.084962+07:00,0.013,0.016,0.003
2026-07-28T19:49:50.088962+07:00,0.074,0.07,-0.003
2026-07-28T19:49:50.092962+07:00,0.049,0.048,-0.001
2026-07-28T19:49:50.096962+07:00,0.021,0.023,0.002
2026-07-28T19:49:50.100962+07:00,0.045,0.045,-0.0
2026-07-28T19:49:50.104962+07:00,0.033,0.033,0.001
2026-07-28T19:49:50.108962+07:00,0.027,0.028,0.001
2026-07-28T19:49:50.112962+07:00,0.047,0.047,-0.001
2026-07-28T19:49:50.116962+07:00,0.039,0.039,0.0
2026-07-28T19:49:50.120962+07:00,0.029,0.03,0.001
2026-07-28T19:49:50.124962+07:00,0.01,0.013,0.003
2026-07-28T19:49:50.128962+07:00,0.041,0.041,-0.0
2026-07-28T19:49:50.132962+07:00,0.052,0.051,-0.001
2026-07-28T19:49:50.136962+07:00,0.057,0.055,-0.002
2026-07-28T19:49:50.140962+07:00,0.034,0.034,0.001
2026-07-28T19:49:50.144962+07:00,0.035,0.035,0.0
2026-07-28T19:49:50.148962+07:00,0.057,0.055,-0.002
2026-07-28T19:49:50.152962+07:00,0.032,0.033,0.001
2026-07-28T19:49:50.156962+07:00,0.034,0.035,0.0
2026-07-28T19:49:50.160962+07:00,0.029,0.03,0.001
2026-07-28T19:49:50.164962+07:00,0.067,0.064,-0.003
2026-07-28T19:49:50.168962+07:00,0.024,0.026,0.001
2026-07-28T19:49:50.172962+07:00,0.01,0.013,0.003
2026-07-28T19:49:50.176962+07:00,0.069,0.066,-0.003
2026-07-28T19:49:50.180962+07:00,0.051,0.049,-0.001
2026-07-28T19:49:50.184962+07:00,0.013,0.016,0.002
2026-07-28T19:49:50.188962+07:00,0.014,0.017,0.002
2026-07-28T19:49:50.192962+07:00,0.04,0.04,-0.0
2026-07-28T19:49:50.196962+07:00,0.01,0.013,0.003
2026-07-28T19:49:50.200962+07:00,0.018,0.02,0.002
2026-07-28T19:49:50.204962+07:00,0.054,0.053,-0.002
2026-07-28T19:49:50.208962+07:00,0.027,0.028,0.001
2026-07-28T19:49:50.212962+07:00,0.046,0.045,-0.001
2026-07-28T19:49:50.216962+07:00,-0.015,-0.01,0.005
2026-07-28T19:49:50.220962+07:00,0.046,0.045,-0.001
2026-07-28T19:49:50.224962+07:00,0.04,0.04,-0.0
2026-07-28T19:49:50.228962+07:00,0.051,0.05,-0.001
2026-07-28T19:49:50.232962+07:00,0.055,0.053,-0.002
2026-07-28T19:49:50.236962+07:00,0.02,0.022,0.002
2026-07-28T19:49:50.240962+07:00,0.039,0.039,-0.0
2026-07-28T19:49:50.244962+07:00,0.039,0.039,-0.0
2026-07-28T19:49:50.248962+07:00,0.043,0.042,-0.001
2026-07-28T19:49:50.252962+07:00,0.051,0.05,-0.002
2026-07-28T19:49:50.256962+07:00,0.022,0.023,0.001
2026-07-28T19:49:50.260962+07:00,0.022,0.023,0.001
2026-07-28T19:49:50.264962+07:00,0.062,0.059,-0.003
2026-07-28T19:49:50.268962+07:00,0.091,0.086,-0.006
2026-07-28T19:49:50.272962+07:00,0.038,0.038,-0.0
2026-07-28T19:49:50.276962+07:00,0.02,0.021,0.002
2026-07-28T19:49:50.280962+07:00,0.057,0.055,-0.002
2026-07-28T19:49:50.284962+07:00,0.032,0.033,0.001
2026-07-28T19:49:50.288962+07:00,0.042,0.043,0.0
2026-07-28T19:49:50.292962+07:00,0.058,0.058,-0.0
2026-07-28T19:49:50.296962+07:00,0.008,0.015,0.006
2026-07-28T19:49:50.300962+07:00,0.031,0.038,0.007
2026-07-28T19:49:50.304962+07:00,0.069,0.074,0.006
2026-07-28T19:49:50.308962+07:00,0.08,0.089,0.008
2026-07-28T19:49:50.312962+07:00,0.111,0.119,0.009
2026-07-28T19:49:50.316962+07:00,0.07,0.086,0.015
2026-07-28T19:49:50.320962+07:00,0.07,0.087,0.017
2026-07-28T19:49:50.324962+07:00,0.032,0.052,0.021
2026-07-28T19:49:50.328962+07:00,0.079,0.093,0.014
2026-07-28T19:49:50.332962+07:00,0.072,0.085,0.012
2026-07-28T19:49:50.336962+07:00,0.058,0.069,0.01
2026-07-28T19:49:50.340962+07:00,0.061,0.068,0.006
2026-07-28T19:49:50.344962+07:00,0.047,0.052,0.005
2026-07-28T19:49:50.348962+07:00,0.053,0.055,0.002
2026-07-28T19:49:50.352962+07:00,0.039,0.041,0.002
2026-07-28T19:49:50.356962+07:00,0.048,0.047,-0.0
2026-07-28T19:49:50.360962+07:00,0.044,0.044,-0.001
2026-07-28T19:49:50.364962+07:00,-0.004,0.0,0.004
2026-07-28T19:49:50.368962+07:00,-0.004,-0.001,0.004
2026-07-28T19:49:50.372962+07:00,0.047,0.046,-0.002
2026-07-28T19:49:50.376962+07:00,0.054,0.052,-0.002
2026-07-28T19:49:50.380962+07:00,0.009,0.012,0.002
2026-07-28T19:49:50.384962+07:00,0.046,0.044,-0.002
2026-07-28T19:49:50.388962+07:00,0.025,0.021,-0.004
2026-07-28T19:49:50.392962+07:00,-0.023,-0.026,-0.003
2026-07-28T19:49:50.396962+07:00,0.019,0.017,-0.003
2026-07-28T19:49:50.400962+07:00,0.058,0.059,0.0
2026-07-28T19:49:50.404962+07:00,0.069,0.083,0.015
2026-07-28T19:49:50.408962+07:00,0.132,0.189,0.057
2026-07-28T19:49:50.412962+07:00,0.332,0.478,0.146
2026-07-28T19:49:50.416962+07:00,0.566,0.847,0.281
2026-07-28T19:49:50.420962+07:00,0.83,1.211,0.381
2026-07-28T19:49:50.424962+07:00,0.817,1.198,0.381
2026-07-28T19:49:50.428962+07:00,0.582,0.859,0.277
2026-07-28T19:49:50.432962+07:00,0.303,0.446,0.142
2026-07-28T19:49:50.436962+07:00,0.085,0.134,0.049
2026-07-28T19:49:50.440962+07:00,-0.048,-0.042,0.005
2026-07-28T19:49:50.444962+07:00,-0.091,-0.105,-0.014
2026-07-28T19:49:50.448962+07:00,-0.151,-0.169,-0.019
2026-07-28T19:49:50.452962+07:00,-0.113,-0.139,-0.026
2026-07-28T19:49:50.456962+07:00,-0.093,-0.118,-0.025
2026-07-28T19:49:50.460962+07:00,-0.107,-0.124,-0.016
2026-07-28T19:49:50.464962+07:00,-0.058,-0.071,-0.012
2026-07-28T19:49:50.468962+07:00,-0.02,-0.028,-0.008
2026-07-28T19:49:50.472962+07:00,-0.018,-0.02,-0.002
2026-07-28T19:49:50.476962+07:00,0.05,0.045,-0.005
2026-07-28T19:49:50.480962+07:00,0.01,0.011,0.001
2026-07-28T19:49:50.484962+07:00,0.031,0.03,-0.001
2026-07-28T19:49:50.488962+07:00,0.046,0.044,-0.002
2026-07-28T19:49:50.492962+07:00,0.015,0.016,0.001
2026-07-28T19:49:50.496962+07:00,0.015,0.016,0.001
2026-07-28T19:49:50.500962+07:00,0.066,0.062,-0.004
2026-07-28T19:49:50.504962+07:00,0.032,0.031,-0.0
2026-07-28T19:49:50.508962+07:00,0.026,0.026,0.0
2026-07-28T19:49:50.512962+07:00,0.006,0.008,0.002
2026-07-28T19:49:50.516962+07:00,0.059,0.056,-0.003
2026-07-28T19:49:50.520962+07:00,0.006,0.008,0.002
2026-07-28T19:49:50.524962+07:00,0.036,0.035,-0.001
2026-07-28T19:49:50.528962+07:00,0.04,0.039,-0.001
2026-07-28T19:49:50.532962+07:00,0.011,0.013,0.002
2026-07-28T19:49:50.536962+07:00,0.025,0.025,0.0
2026-07-28T19:49:50.540962+07:00,0.009,0.011,0.002
2026-07-28T19:49:50.544962+07:00,0.031,0.031,0.0
2026-07-28T19:49:50.548962+07:00,-0.002,0.002,0.004
2026-07-28T19:49:50.552962+07:00,0.004,0.007,0.004
2026-07-28T19:49:50.556962+07:00,-0.007,-0.002,0.005
2026-07-28T19:49:50.560962+07:00,-0.014,-0.007,0.007
2026-07-28T19:49:50.564962+07:00,0.054,0.055,0.001
2026-07-28T19:49:50.568962+07:00,0.026,0.031,0.005
2026-07-28T19:49:50.572962+07:00,0.078,0.079,0.001
2026-07-28T19:49:50.576962+07:00,0.035,0.042,0.007
2026-07-28T19:49:50.580962+07:00,0.002,0.014,0.012
2026-07-28T19:49:50.584962+07:00,0.093,0.098,0.005
2026-07-28T19:49:50.588962+07:00,0.088,0.096,0.008
2026-07-28T19:49:50.592962+07:00,0.094,0.104,0.01
2026-07-28T19:49:50.596962+07:00,0.083,0.097,0.014
2026-07-28T19:49:50.600962+07:00,0.114,0.127,0.013
2026-07-28T19:49:50.604962+07:00,0.096,0.113,0.017
2026-07-28T19:49:50.608962+07:00,0.127,0.143,0.016
2026-07-28T19:49:50.612962+07:00,0.086,0.108,0.022
2026-07-28T19:49:50.616962+07:00,0.137,0.155,0.018
2026-07-28T19:49:50.620962+07:00,0.157,0.173,0.016
2026-07-28T19:49:50.624962+07:00,0.12,0.14,0.02
2026-07-28T19:49:50.628962+07:00,0.142,0.159,0.017
2026-07-28T19:49:50.632962+07:00,0.071,0.094,0.023
2026-07-28T19:49:50.636962+07:00,0.085,0.105,0.02
2026-07-28T19:49:50.640962+07:00,0.126,0.14,0.014
2026-07-28T19:49:50.644962+07:00,0.099,0.113,0.014
2026-07-28T19:49:50.648962+07:00,0.133,0.142,0.008
2026-07-28T19:49:50.652962+07:00,0.115,0.123,0.008
2026-07-28T19:49:50.656962+07:00,0.06,0.07,0.011
2026-07-28T19:49:50.660962+07:00,0.042,0.052,0.01
2026-07-28T19:49:50.664962+07:00,0.046,0.053,0.007
2026-07-28T19:49:50.668962+07:00,0.066,0.069,0.003
2026-07-28T19:49:50.672962+07:00,0.041,0.046,0.004
2026-07-28T19:49:50.676962+07:00,0.036,0.039,0.003
2026-07-28T19:49:50.680962+07:00,0.04,0.042,0.002
2026-07-28T19:49:50.684962+07:00,0.037,0.038,0.001
2026-07-28T19:49:50.688962+07:00,0.028,0.029,0.001
2026-07-28T19:49:50.692962+07:00,0.003,0.006,0.003
2026-07-28T19:49:50.696962+07:00,0.042,0.041,-0.001
2026-07-28T19:49:50.700962+07:00,0.023,0.024,0.0
2026-07-28T19:49:50.704962+07:00,0.002,0.004,0.002
2026-07-28T19:49:50.708962+07:00,-0.001,0.001,0.002
2026-07-28T19:49:50.712962+07:00,0.019,0.019,0.0
2026-07-28T19:49:50.716962+07:00,0.002,0.004,0.002
2026-07-28T19:49:50.720962+07:00,0.012,0.012,0.001
2026-07-28T19:49:50.724962+07:00,0.015,0.015,0.0
2026-07-28T19:49:50.728962+07:00,0.016,0.016,0.0
2026-07-28T19:49:50.732962+07:00,0.038,0.036,-0.002
2026-07-28T19:49:50.736962+07:00,0.034,0.032,-0.002
2026-07-28T19:49:50.740962+07:00,0.01,0.011,0.001
2026-07-28T19:49:50.744962+07:00,0.019,0.019,-0.0
2026-07-28T19:49:50.748962+07:00,0.007,0.008,0.001
2026-07-28T19:49:50.752962+07:00,-0.014,-0.011,0.003
2026-07-28T19:49:50.756962+07:00,-0.014,-0.011,0.003
2026-07-28T19:49:50.760962+07:00,0.013,0.013,0.0
2026-07-28T19:49:50.764962+07:00,-0.003,-0.001,0.002
2026-07-28T19:49:50.768962+07:00,0.027,0.026,-0.001
2026-07-28T19:49:50.772962+07:00,0.031,0.029,-0.002
2026-07-28T19:49:50.776962+07:00,0.014,0.014,0.0
2026-07-28T19:49:50.780962+07:00,-0.001,0.001,0.002
2026-07-28T19:49:50.784962+07:00,0.044,0.041,-0.003
2026-07-28T19:49:50.788962+07:00,0.038,0.036,-0.002
2026-07-28T19:49:50.792962+07:00,0.02,0.019,-0.0
2026-07-28T19:49:50.796962+07:00,0.036,0.034,-0.002
2026-07-28T19:49:50.800962+07:00,0.03,0.028,-0.002
2026-07-28T19:49:50.804962+07:00,0.011,0.012,0.0
2026-07-28T19:49:50.808962+07:00,-0.003,-0.001,0.002
2026-07-28T19:49:50.812962+07:00,0.014,0.014,-0.0
2026-07-28T19:49:50.816962+07:00,0.03,0.028,-0.002
2026-07-28T19:49:50.820962+07:00,0.007,0.008,0.001
2026-07-28T19:49:50.824962+07:00,-0.01,-0.008,0.002
2026-07-28T19:49:50.828962+07:00,0.039,0.037,-0.003
2026-07-28T19:49:50.832962+07:00,0.024,0.023,-0.001
2026-07-28T19:49:50.836962+07:00,-0.003,-0.002,0.002
2026-07-28T19:49:50.840962+07:00,0.031,0.029,-0.002
2026-07-28T19:49:50.844962+07:00,-0.032,-0.028,0.004
2026-07-28T19:49:50.848962+07:00,-0.0,0.001,0.001
2026-07-28T19:49:50.852962+07:00,0.041,0.038,-0.003
2026-07-28T19:49:50.856962+07:00,-0.012,-0.009,0.002
2026-07-28T19:49:50.860962+07:00,-0.027,-0.023,0.004
2026-07-28T19:49:50.864962+07:00,0.028,0.027,-0.002
2026-07-28T19:49:50.868962+07:00,0.033,0.031,-0.002
2026-07-28T19:49:50.872962+07:00,0.013,0.013,-0.0
2026-07-28T19:49:50.876962+07:00,-0.024,-0.021,0.003
2026-07-28T19:49:50.880962+07:00,-0.003,-0.002,0.001
2026-07-28T19:49:50.884962+07:00,0.007,0.007,0.0
2026-07-28T19:49:50.888962+07:00,-0.012,-0.009,0.002
2026-07-28T19:49:50.892962+07:00,0.005,0.006,0.0
2026-07-28T19:49:50.896962+07:00,-0.009,-0.007,0.002
2026-07-28T19:49:50.900962+07:00,0.062,0.057,-0.005
2026-07-28T19:49:50.904962+07:00,0.052,0.048,-0.004
2026-07-28T19:49:50.908962+07:00,0.027,0.025,-0.002
2026-07-28T19:49:50.912962+07:00,0.04,0.037,-0.003
2026-07-28T19:49:50.916962+07:00,0.004,0.005,0.0
2026-07-28T19:49:50.920962+07:00,0.012,0.011,-0.0
2026-07-28T19:49:50.924962+07:00,0.003,0.003,0.001
2026-07-28T19:49:50.928962+07:00,0.015,0.015,-0.001
2026-07-28T19:49:50.932962+07:00,0.043,0.039,-0.003
2026-07-28T19:49:50.936962+07:00,0.024,0.022,-0.002
2026-07-28T19:49:50.940962+07:00,0.008,0.008,-0.0
2026-07-28T19:49:50.944962+07:00,-0.007,-0.006,0.001
2026-07-28T19:49:50.948962+07:00,0.008,0.008,-0.0
2026-07-28T19:49:50.952962+07:00,0.001,0.002,0.001
2026-07-28T19:49:50.956962+07:00,-0.005,-0.003,0.001
2026-07-28T19:49:50.960962+07:00,0.068,0.062,-0.006
2026-07-28T19:49:50.964962+07:00,0.012,0.012,-0.001
2026-07-28T19:49:50.968962+07:00,-0.016,-0.013,0.002
2026-07-28T19:49:50.972962+07:00,0.003,0.003,0.0
2026-07-28T19:49:50.976962+07:00,0.054,0.049,-0.005
2026-07-28T19:49:50.980962+07:00,0.014,0.013,-0.001
2026-07-28T19:49:50.984962+07:00,-0.025,-0.022,0.003
2026-07-28T19:49:50.988962+07:00,-0.023,-0.02,0.003
2026-07-28T19:49:50.992962+07:00,0.002,0.002,0.0
2026-07-28T19:49:50.996962+07:00,-0.012,-0.01,0.002
2026-07-28T19:49:51.000962+07:00,-0.002,-0.001,0.001
2026-07-28T19:49:51.004962+07:00,0.0,0.001,0.0
2026-07-28T19:49:51.008962+07:00,-0.011,-0.009,0.002
2026-07-28T19:49:51.012962+07:00,-0.008,-0.006,0.001
2026-07-28T19:49:51.016962+07:00,-0.018,-0.016,0.002
2026-07-28T19:49:51.020962+07:00,-0.006,-0.005,0.001
2026-07-28T19:49:51.024962+07:00,-0.021,-0.019,0.003
2026-07-28T19:49:51.028962+07:00,-0.016,-0.014,0.002
2026-07-28T19:49:51.032962+07:00,-0.002,-0.001,0.001
2026-07-28T19:49:51.036962+07:00,-0.001,-0.0,0.0
2026-07-28T19:49:51.040962+07:00,-0.023,-0.021,0.003
2026-07-28T19:49:51.044962+07:00,-0.013,-0.012,0.002
2026-07-28T19:49:51.048962+07:00,0.013,0.012,-0.001
2026-07-28T19:49:51.052962+07:00,0.009,0.008,-0.001
2026-07-28T19:49:51.056962+07:00,0.021,0.019,-0.002
2026-07-28T19:49:51.060962+07:00,0.039,0.035,-0.004
2026-07-28T19:49:51.064962+07:00,-0.003,-0.002,0.0
2026-07-28T19:49:51.068962+07:00,0.005,0.005,-0.0
2026-07-28T19:49:51.072962+07:00,0.028,0.025,-0.003
2026-07-28T19:49:51.076962+07:00,0.01,0.009,-0.001
2026-07-28T19:49:51.080962+07:00,0.002,0.002,0.0
2026-07-28T19:49:51.084962+07:00,-0.008,-0.007,0.002
2026-07-28T19:49:51.088962+07:00,0.01,0.01,0.0
2026-07-28T19:49:51.092962+07:00,-0.044,-0.037,0.007
2026-07-28T19:49:51.096962+07:00,0.025,0.026,0.001
2026-07-28T19:49:51.100962+07:00,-0.023,-0.015,0.009
2026-07-28T19:49:51.104962+07:00,0.042,0.047,0.005
2026-07-28T19:49:51.108962+07:00,0.031,0.041,0.01
2026-07-28T19:49:51.112962+07:00,0.036,0.048,0.013
2026-07-28T19:49:51.116962+07:00,0.055,0.068,0.014
2026-07-28T19:49:51.120962+07:00,0.08,0.092,0.013
2026-07-28T19:49:51.124962+07:00,0.04,0.057,0.016
2026-07-28T19:49:51.128962+07:00,0.095,0.104,0.009
2026-07-28T19:49:51.132962+07:00,0.027,0.04,0.013
2026-07-28T19:49:51.136962+07:00,0.016,0.027,0.011
2026-07-28T19:49:51.140962+07:00,0.05,0.054,0.004
2026-07-28T19:49:51.144962+07:00,-0.003,0.003,0.006
2026-07-28T19:49:51.148962+07:00,0.032,0.032,0.0
2026-07-28T19:49:51.152962+07:00,0.024,0.024,-0.0
2026-07-28T19:49:51.156962+07:00,0.005,0.006,0.0
2026-07-28T19:49:51.160962+07:00,-0.043,-0.038,0.005
2026-07-28T19:49:51.164962+07:00,-0.003,-0.003,0.0
2026-07-28T19:49:51.168962+07:00,-0.02,-0.018,0.002
2026-07-28T19:49:51.172962+07:00,0.031,0.027,-0.003
2026-07-28T19:49:51.176962+07:00,-0.019,-0.017,0.002
2026-07-28T19:49:51.180962+07:00,-0.016,-0.015,0.001
2026-07-28T19:49:51.184962+07:00,-0.024,-0.023,0.001
2026-07-28T19:49:51.188962+07:00,0.006,0.001,-0.005
2026-07-28T19:49:51.192962+07:00,-0.033,-0.038,-0.006
2026-07-28T19:49:51.196962+07:00,-0.016,-0.018,-0.003
2026-07-28T19:49:51.200962+07:00,-0.006,-0.002,0.003
2026-07-28T19:49:51.204962+07:00,0.051,0.064,0.013
2026-07-28T19:49:51.208962+07:00,0.126,0.18,0.055
2026-07-28T19:49:51.212962+07:00,0.286,0.433,0.147
2026-07-28T19:49:51.216962+07:00,0.575,0.852,0.277
2026-07-28T19:49:51.220962+07:00,0.783,1.165,0.382
2026-07-28T19:49:51.224962+07:00,0.725,1.112,0.387
2026-07-28T19:49:51.228962+07:00,0.552,0.828,0.276
2026-07-28T19:49:51.232962+07:00,0.256,0.4,0.144
2026-07-28T19:49:51.236962+07:00,0.075,0.122,0.047
2026-07-28T19:49:51.240962+07:00,-0.051,-0.049,0.002
2026-07-28T19:49:51.244962+07:00,-0.101,-0.118,-0.017
2026-07-28T19:49:51.248962+07:00,-0.178,-0.198,-0.02
2026-07-28T19:49:51.252962+07:00,-0.148,-0.174,-0.026
2026-07-28T19:49:51.256962+07:00,-0.152,-0.174,-0.023
2026-07-28T19:49:51.260962+07:00,-0.117,-0.137,-0.019
2026-07-28T19:49:51.264962+07:00,-0.085,-0.098,-0.013
2026-07-28T19:49:51.268962+07:00,-0.078,-0.083,-0.006
2026-07-28T19:49:51.272962+07:00,-0.007,-0.014,-0.007
2026-07-28T19:49:51.276962+07:00,0.007,0.003,-0.005
2026-07-28T19:49:51.280962+07:00,-0.067,-0.062,0.005
2026-07-28T19:49:51.284962+07:00,0.0,-0.001,-0.001
2026-07-28T19:49:51.288962+07:00,0.023,0.02,-0.003
2026-07-28T19:49:51.292962+07:00,0.021,0.018,-0.003
2026-07-28T19:49:51.296962+07:00,-0.012,-0.012,0.0
2026-07-28T19:49:51.300962+07:00,-0.035,-0.033,0.003
2026-07-28T19:49:51.304962+07:00,-0.006,-0.006,-0.0
2026-07-28T19:49:51.308962+07:00,0.004,0.003,-0.001
2026-07-28T19:49:51.312962+07:00,0.009,0.008,-0.002
2026-07-28T19:49:51.316962+07:00,-0.004,-0.005,-0.001
2026-07-28T19:49:51.320962+07:00,-0.018,-0.017,0.001
2026-07-28T19:49:51.324962+07:00,-0.002,-0.003,-0.001
2026-07-28T19:49:51.328962+07:00,0.012,0.01,-0.002
2026-07-28T19:49:51.332962+07:00,-0.014,-0.014,0.001
2026-07-28T19:49:51.336962+07:00,-0.082,-0.074,0.007
2026-07-28T19:49:51.340962+07:00,-0.02,-0.019,0.001
2026-07-28T19:49:51.344962+07:00,0.029,0.025,-0.003
2026-07-28T19:49:51.348962+07:00,0.002,0.002,-0.0
2026-07-28T19:49:51.352962+07:00,0.018,0.017,-0.002
2026-07-28T19:49:51.356962+07:00,-0.021,-0.018,0.003
2026-07-28T19:49:51.360962+07:00,0.006,0.007,0.001
2026-07-28T19:49:51.364962+07:00,0.005,0.007,0.002
2026-07-28T19:49:51.368962+07:00,-0.035,-0.028,0.007
2026-07-28T19:49:51.372962+07:00,0.012,0.016,0.004
2026-07-28T19:49:51.376962+07:00,0.026,0.03,0.004
2026-07-28T19:49:51.380962+07:00,0.026,0.032,0.006
2026-07-28T19:49:51.384962+07:00,0.025,0.033,0.008
2026-07-28T19:49:51.388962+07:00,0.052,0.06,0.008
2026-07-28T19:49:51.392962+07:00,0.038,0.05,0.012
2026-07-28T19:49:51.396962+07:00,0.033,0.048,0.015
2026-07-28T19:49:51.400962+07:00,-0.018,0.005,0.023
2026-07-28T19:49:51.404962+07:00,0.05,0.068,0.018
2026-07-28T19:49:51.408962+07:00,0.056,0.076,0.02
2026-07-28T19:49:51.412962+07:00,0.089,0.107,0.018
2026-07-28T19:49:51.416962+07:00,0.081,0.1,0.02
2026-07-28T19:49:51.420962+07:00,0.085,0.105,0.02
2026-07-28T19:49:51.424962+07:00,0.094,0.113,0.019
2026-07-28T19:49:51.428962+07:00,0.052,0.075,0.023
2026-07-28T19:49:51.432962+07:00,0.041,0.063,0.023
2026-07-28T19:49:51.436962+07:00,0.077,0.094,0.017
2026-07-28T19:49:51.440962+07:00,0.102,0.115,0.013
2026-07-28T19:49:51.444962+07:00,0.04,0.057,0.017
2026-07-28T19:49:51.448962+07:00,0.045,0.058,0.014
2026-07-28T19:49:51.452962+07:00,0.056,0.066,0.01
2026-07-28T19:49:51.456962+07:00,0.034,0.043,0.01
2026-07-28T19:49:51.460962+07:00,0.026,0.034,0.008
2026-07-28T19:49:51.464962+07:00,0.013,0.02,0.007
2026-07-28T19:49:51.468962+07:00,0.029,0.033,0.003
2026-07-28T19:49:51.472962+07:00,-0.002,0.002,0.005
2026-07-28T19:49:51.476962+07:00,-0.003,0.0,0.003
2026-07-28T19:49:51.480962+07:00,-0.006,-0.004,0.003
2026-07-28T19:49:51.484962+07:00,-0.007,-0.005,0.002
2026-07-28T19:49:51.488962+07:00,-0.023,-0.021,0.003
2026-07-28T19:49:51.492962+07:00,-0.028,-0.025,0.002
2026-07-28T19:49:51.496962+07:00,-0.036,-0.034,0.003
2026-07-28T19:49:51.500962+07:00,-0.024,-0.022,0.001
2026-07-28T19:49:51.504962+07:00,-0.023,-0.022,0.001
2026-07-28T19:49:51.508962+07:00,-0.005,-0.006,-0.001
2026-07-28T19:49:51.512962+07:00,-0.008,-0.009,-0.001
2026-07-28T19:49:51.516962+07:00,-0.024,-0.023,0.001
2026-07-28T19:49:51.520962+07:00,-0.064,-0.06,0.005
2026-07-28T19:49:51.524962+07:00,-0.031,-0.029,0.001
2026-07-28T19:49:51.528962+07:00,0.024,0.02,-0.004
2026-07-28T19:49:51.532962+07:00,-0.037,-0.036,0.002
2026-07-28T19:49:51.536962+07:00,0.014,0.011,-0.003
2026-07-28T19:49:51.540962+07:00,-0.02,-0.02,0.0
2026-07-28T19:49:51.544962+07:00,-0.002,-0.004,-0.002
2026-07-28T19:49:51.548962+07:00,0.004,0.002,-0.002
2026-07-28T19:49:51.552962+07:00,-0.009,-0.01,-0.001
2026-07-28T19:49:51.556962+07:00,-0.037,-0.036,0.002
2026-07-28T19:49:51.560962+07:00,-0.032,-0.031,0.001
2026-07-28T19:49:51.564962+07:00,-0.047,-0.045,0.003
2026-07-28T19:49:51.568962+07:00,-0.022,-0.022,0.0
2026-07-28T19:49:51.572962+07:00,-0.031,-0.03,0.001
2026-07-28T19:49:51.576962+07:00,-0.044,-0.042,0.002
2026-07-28T19:49:51.580962+07:00,-0.031,-0.03,0.001
2026-07-28T19:49:51.584962+07:00,-0.043,-0.041,0.002
2026-07-28T19:49:51.588962+07:00,-0.028,-0.027,0.001
2026-07-28T19:49:51.592962+07:00,-0.052,-0.049,0.003
2026-07-28T19:49:51.596962+07:00,-0.021,-0.021,-0.0
2026-07-28T19:49:51.600962+07:00,-0.044,-0.041,0.002
2026-07-28T19:49:51.604962+07:00,-0.015,-0.016,-0.001
2026-07-28T19:49:51.608962+07:00,-0.047,-0.045,0.002
2026-07-28T19:49:51.612962+07:00,-0.007,-0.009,-0.002
2026-07-28T19:49:51.616962+07:00,-0.03,-0.029,0.001
2026-07-28T19:49:51.620962+07:00,-0.04,-0.038,0.002
2026-07-28T19:49:51.624962+07:00,0.007,0.004,-0.003
2026-07-28T19:49:51.628962+07:00,-0.043,-0.041,0.002
2026-07-28T19:49:51.632962+07:00,0.002,-0.0,-0.003
2026-07-28T19:49:51.636962+07:00,-0.036,-0.035,0.001
2026-07-28T19:49:51.640962+07:00,-0.023,-0.023,-0.0
2026-07-28T19:49:51.644962+07:00,-0.03,-0.029,0.001
2026-07-28T19:49:51.648962+07:00,-0.036,-0.035,0.001
2026-07-28T19:49:51.652962+07:00,-0.045,-0.043,0.002
2026-07-28T19:49:51.656962+07:00,-0.027,-0.027,0.0
2026-07-28T19:49:51.660962+07:00,-0.038,-0.037,0.001
2026-07-28T19:49:51.664962+07:00,-0.006,-0.008,-0.002
2026-07-28T19:49:51.668962+07:00,-0.054,-0.051,0.003
2026-07-28T19:49:51.672962+07:00,-0.023,-0.023,-0.0
2026-07-28T19:49:51.676962+07:00,-0.058,-0.054,0.003
2026-07-28T19:49:51.680962+07:00,-0.06,-0.057,0.003
2026-07-28T19:49:51.684962+07:00,-0.027,-0.027,0.0
2026-07-28T19:49:51.688962+07:00,-0.013,-0.014,-0.001
2026-07-28T19:49:51.692962+07:00,-0.011,-0.013,-0.002
2026-07-28T19:49:51.696962+07:00,-0.002,-0.005,-0.002
2026-07-28T19:49:51.700962+07:00,-0.032,-0.031,0.001
2026-07-28T19:49:51.704962+07:00,-0.023,-0.024,-0.0
2026-07-28T19:49:51.708962+07:00,-0.019,-0.02,-0.001
2026-07-28T19:49:51.712962+07:00,-0.018,-0.019,-0.001
2026-07-28T19:49:51.716962+07:00,0.006,0.003,-0.003
2026-07-28T19:49:51.720962+07:00,-0.036,-0.035,0.001
2026-07-28T19:49:51.724962+07:00,-0.057,-0.054,0.003
2026-07-28T19:49:51.728962+07:00,-0.014,-0.015,-0.001
2026-07-28T19:49:51.732962+07:00,-0.002,-0.005,-0.003
2026-07-28T19:49:51.736962+07:00,-0.057,-0.054,0.003
2026-07-28T19:49:51.740962+07:00,-0.015,-0.016,-0.001
2026-07-28T19:49:51.744962+07:00,-0.013,-0.015,-0.002
2026-07-28T19:49:51.748962+07:00,-0.028,-0.028,-0.0
2026-07-28T19:49:51.752962+07:00,-0.046,-0.044,0.002
2026-07-28T19:49:51.756962+07:00,-0.034,-0.034,0.001
2026-07-28T19:49:51.760962+07:00,-0.04,-0.039,0.001
2026-07-28T19:49:51.764962+07:00,-0.017,-0.018,-0.001
2026-07-28T19:49:51.768962+07:00,-0.031,-0.031,0.0
2026-07-28T19:49:51.772962+07:00,-0.032,-0.032,0.0
2026-07-28T19:49:51.776962+07:00,-0.049,-0.047,0.002
2026-07-28T19:49:51.780962+07:00,-0.043,-0.042,0.001
2026-07-28T19:49:51.784962+07:00,-0.023,-0.023,-0.001
2026-07-28T19:49:51.788962+07:00,-0.042,-0.04,0.001
2026-07-28T19:49:51.792962+07:00,-0.066,-0.063,0.004
2026-07-28T19:49:51.796962+07:00,-0.048,-0.046,0.002
2026-07-28T19:49:51.800962+07:00,-0.021,-0.022,-0.001
2026-07-28T19:49:51.804962+07:00,-0.048,-0.046,0.002
2026-07-28T19:49:51.808962+07:00,-0.052,-0.05,0.002
2026-07-28T19:49:51.812962+07:00,-0.003,-0.006,-0.003
2026-07-28T19:49:51.816962+07:00,-0.056,-0.054,0.003
2026-07-28T19:49:51.820962+07:00,-0.008,-0.01,-0.002
2026-07-28T19:49:51.824962+07:00,-0.023,-0.024,-0.001
2026-07-28T19:49:51.828962+07:00,-0.042,-0.041,0.001
2026-07-28T19:49:51.832962+07:00,-0.008,-0.01,-0.002
2026-07-28T19:49:51.836962+07:00,-0.056,-0.054,0.002
2026-07-28T19:49:51.840962+07:00,-0.002,-0.005,-0.003
2026-07-28T19:49:51.844962+07:00,-0.015,-0.016,-0.002
2026-07-28T19:49:51.848962+07:00,-0.054,-0.052,0.002
2026-07-28T19:49:51.852962+07:00,-0.1,-0.093,0.007
2026-07-28T19:49:51.856962+07:00,-0.045,-0.044,0.001
2026-07-28T19:49:51.860962+07:00,-0.025,-0.026,-0.001
2026-07-28T19:49:51.864962+07:00,-0.045,-0.044,0.001
2026-07-28T19:49:51.868962+07:00,-0.045,-0.043,0.001
2026-07-28T19:49:51.872962+07:00,-0.023,-0.024,-0.001
2026-07-28T19:49:51.876962+07:00,-0.004,-0.006,-0.003
2026-07-28T19:49:51.880962+07:00,-0.001,-0.004,-0.003
2026-07-28T19:49:51.884962+07:00,-0.017,-0.018,-0.001
2026-07-28T19:49:51.888962+07:00,-0.0,-0.002,-0.002
2026-07-28T19:49:51.892962+07:00,-0.024,-0.023,0.001
2026-07-28T19:49:51.896962+07:00,0.012,0.011,-0.001
2026-07-28T19:49:51.900962+07:00,-0.017,-0.013,0.005
2026-07-28T19:49:51.904962+07:00,-0.003,0.003,0.006
2026-07-28T19:49:51.908962+07:00,-0.036,-0.023,0.013
2026-07-28T19:49:51.912962+07:00,0.05,0.058,0.008
2026-07-28T19:49:51.916962+07:00,0.01,0.024,0.015
2026-07-28T19:49:51.920962+07:00,0.01,0.026,0.016
2026-07-28T19:49:51.924962+07:00,0.015,0.03,0.016
2026-07-28T19:49:51.928962+07:00,0.018,0.032,0.014
2026-07-28T19:49:51.932962+07:00,0.006,0.018,0.012
2026-07-28T19:49:51.936962+07:00,-0.013,-0.003,0.011
2026-07-28T19:49:51.940962+07:00,-0.034,-0.025,0.009
2026-07-28T19:49:51.944962+07:00,-0.014,-0.01,0.004
2026-07-28T19:49:51.948962+07:00,-0.064,-0.057,0.007
2026-07-28T19:49:51.952962+07:00,-0.048,-0.044,0.003
2026-07-28T19:49:51.956962+07:00,-0.025,-0.025,0.0
2026-07-28T19:49:51.960962+07:00,-0.037,-0.036,0.001
2026-07-28T19:49:51.964962+07:00,-0.035,-0.035,0.0
2026-07-28T19:49:51.968962+07:00,-0.038,-0.038,0.0
2026-07-28T19:49:51.972962+07:00,0.001,-0.003,-0.004
2026-07-28T19:49:51.976962+07:00,-0.055,-0.053,0.002
2026-07-28T19:49:51.980962+07:00,0.001,-0.003,-0.004
2026-07-28T19:49:51.984962+07:00,-0.037,-0.038,-0.001
2026-07-28T19:49:51.988962+07:00,-0.067,-0.069,-0.001
2026-07-28T19:49:51.992962+07:00,-0.074,-0.079,-0.005
2026-07-28T19:49:51.996962+07:00,-0.069,-0.07,-0.001
2026-07-28T19:49:52.000962+07:00,-0.049,-0.044,0.004
2026-07-28T19:49:52.004962+07:00,-0.0,0.015,0.015
2026-07-28T19:49:52.008962+07:00,0.046,0.105,0.059
2026-07-28T19:49:52.012962+07:00,0.251,0.399,0.148
2026-07-28T19:49:52.016962+07:00,0.526,0.804,0.278
2026-07-28T19:49:52.020962+07:00,0.732,1.115,0.384
2026-07-28T19:49:52.024962+07:00,0.728,1.111,0.383
2026-07-28T19:49:52.028962+07:00,0.497,0.775,0.278
2026-07-28T19:49:52.032962+07:00,0.225,0.368,0.144
2026-07-28T19:49:52.036962+07:00,0.041,0.088,0.047
2026-07-28T19:49:52.040962+07:00,-0.096,-0.092,0.003
2026-07-28T19:49:52.044962+07:00,-0.152,-0.167,-0.015
2026-07-28T19:49:52.048962+07:00,-0.188,-0.209,-0.022
2026-07-28T19:49:52.052962+07:00,-0.197,-0.221,-0.024
2026-07-28T19:49:52.056962+07:00,-0.144,-0.171,-0.027
2026-07-28T19:49:52.060962+07:00,-0.114,-0.137,-0.023
2026-07-28T19:49:52.064962+07:00,-0.127,-0.139,-0.012
2026-07-28T19:49:52.068962+07:00,-0.084,-0.092,-0.008
2026-07-28T19:49:52.072962+07:00,-0.098,-0.099,-0.001
2026-07-28T19:49:52.076962+07:00,-0.026,-0.03,-0.004
2026-07-28T19:49:52.080962+07:00,-0.07,-0.069,0.002
2026-07-28T19:49:52.084962+07:00,-0.052,-0.051,0.001
2026-07-28T19:49:52.088962+07:00,-0.029,-0.03,-0.001
2026-07-28T19:49:52.092962+07:00,-0.058,-0.056,0.002
2026-07-28T19:49:52.096962+07:00,-0.04,-0.04,-0.0
2026-07-28T19:49:52.100962+07:00,-0.037,-0.038,-0.0
2026-07-28T19:49:52.104962+07:00,-0.007,-0.011,-0.003
2026-07-28T19:49:52.108962+07:00,-0.035,-0.036,-0.001
2026-07-28T19:49:52.112962+07:00,-0.048,-0.047,0.001
2026-07-28T19:49:52.116962+07:00,-0.005,-0.009,-0.004
2026-07-28T19:49:52.120962+07:00,-0.074,-0.07,0.003
2026-07-28T19:49:52.124962+07:00,-0.014,-0.016,-0.003
2026-07-28T19:49:52.128962+07:00,-0.029,-0.03,-0.001
2026-07-28T19:49:52.132962+07:00,-0.047,-0.047,0.001
2026-07-28T19:49:52.136962+07:00,-0.04,-0.04,0.0
2026-07-28T19:49:52.140962+07:00,-0.046,-0.045,0.001
2026-07-28T19:49:52.144962+07:00,-0.035,-0.035,0.0
2026-07-28T19:49:52.148962+07:00,-0.025,-0.026,-0.001
2026-07-28T19:49:52.152962+07:00,-0.035,-0.035,0.001
2026-07-28T19:49:52.156962+07:00,-0.024,-0.024,0.0
2026-07-28T19:49:52.160962+07:00,-0.006,-0.007,-0.001
2026-07-28T19:49:52.164962+07:00,-0.083,-0.075,0.008
2026-07-28T19:49:52.168962+07:00,-0.023,-0.02,0.003
2026-07-28T19:49:52.172962+07:00,-0.028,-0.023,0.005
2026-07-28T19:49:52.176962+07:00,-0.035,-0.028,0.007
2026-07-28T19:49:52.180962+07:00,-0.019,-0.011,0.008
2026-07-28T19:49:52.184962+07:00,0.003,0.011,0.008
2026-07-28T19:49:52.188962+07:00,0.008,0.018,0.01
2026-07-28T19:49:52.192962+07:00,0.017,0.028,0.011
2026-07-28T19:49:52.196962+07:00,0.04,0.052,0.011
2026-07-28T19:49:52.200962+07:00,0.015,0.031,0.016
2026-07-28T19:49:52.204962+07:00,0.034,0.051,0.017
2026-07-28T19:49:52.208962+07:00,0.041,0.059,0.018
2026-07-28T19:49:52.212962+07:00,0.048,0.067,0.019
2026-07-28T19:49:52.216962+07:00,0.043,0.063,0.021
2026-07-28T19:49:52.220962+07:00,0.025,0.048,0.023
2026-07-28T19:49:52.224962+07:00,0.026,0.049,0.023
2026-07-28T19:49:52.228962+07:00,0.056,0.075,0.019
2026-07-28T19:49:52.232962+07:00,0.036,0.057,0.02
2026-07-28T19:49:52.236962+07:00,0.022,0.042,0.02
2026-07-28T19:49:52.240962+07:00,0.051,0.066,0.015
2026-07-28T19:49:52.244962+07:00,-0.042,-0.02,0.022
2026-07-28T19:49:52.248962+07:00,0.036,0.048,0.012
2026-07-28T19:49:52.252962+07:00,0.005,0.018,0.012
2026-07-28T19:49:52.256962+07:00,-0.022,-0.01,0.012
2026-07-28T19:49:52.260962+07:00,-0.019,-0.01,0.01
2026-07-28T19:49:52.264962+07:00,0.009,0.014,0.005
2026-07-28T19:49:52.268962+07:00,-0.012,-0.007,0.005
2026-07-28T19:49:52.272962+07:00,-0.004,-0.002,0.002
2026-07-28T19:49:52.276962+07:00,0.021,0.019,-0.002
2026-07-28T19:49:52.280962+07:00,-0.051,-0.047,0.004
2026-07-28T19:49:52.284962+07:00,-0.038,-0.036,0.002
2026-07-28T19:49:52.288962+07:00,0.017,0.013,-0.004
2026-07-28T19:49:52.292962+07:00,-0.021,-0.022,-0.001
2026-07-28T19:49:52.296962+07:00,-0.037,-0.037,0.0
2026-07-28T19:49:52.300962+07:00,-0.053,-0.052,0.001
2026-07-28T19:49:52.304962+07:00,-0.06,-0.058,0.002
2026-07-28T19:49:52.308962+07:00,-0.063,-0.061,0.002
2026-07-28T19:49:52.312962+07:00,-0.037,-0.038,-0.001
2026-07-28T19:49:52.316962+07:00,-0.028,-0.03,-0.002
2026-07-28T19:49:52.320962+07:00,-0.046,-0.046,0.0
2026-07-28T19:49:52.324962+07:00,-0.031,-0.033,-0.001
2026-07-28T19:49:52.328962+07:00,-0.077,-0.074,0.003
2026-07-28T19:49:52.332962+07:00,-0.024,-0.026,-0.002
2026-07-28T19:49:52.336962+07:00,0.004,-0.001,-0.005
2026-07-28T19:49:52.340962+07:00,-0.042,-0.043,-0.0
2026-07-28T19:49:52.344962+07:00,-0.023,-0.025,-0.002
2026-07-28T19:49:52.348962+07:00,-0.074,-0.071,0.003
2026-07-28T19:49:52.352962+07:00,-0.024,-0.026,-0.002
2026-07-28T19:49:52.356962+07:00,-0.034,-0.035,-0.001
2026-07-28T19:49:52.360962+07:00,-0.049,-0.048,0.0
2026-07-28T19:49:52.364962+07:00,-0.027,-0.029,-0.002
2026-07-28T19:49:52.368962+07:00,-0.031,-0.032,-0.002
2026-07-28T19:49:52.372962+07:00,-0.038,-0.039,-0.001
2026-07-28T19:49:52.376962+07:00,-0.056,-0.055,0.001
2026-07-28T19:49:52.380962+07:00,-0.052,-0.051,0.001
2026-07-28T19:49:52.384962+07:00,-0.035,-0.036,-0.001
2026-07-28T19:49:52.388962+07:00,-0.045,-0.046,-0.0
2026-07-28T19:49:52.392962+07:00,-0.008,-0.012,-0.004
2026-07-28T19:49:52.396962+07:00,-0.058,-0.057,0.001
2026-07-28T19:49:52.400962+07:00,-0.055,-0.054,0.001
2026-07-28T19:49:52.404962+07:00,-0.03,-0.031,-0.002
2026-07-28T19:49:52.408962+07:00,-0.022,-0.024,-0.003
2026-07-28T19:49:52.412962+07:00,-0.025,-0.027,-0.002
2026-07-28T19:49:52.416962+07:00,-0.08,-0.077,0.003
2026-07-28T19:49:52.420962+07:00,-0.026,-0.029,-0.002
2026-07-28T19:49:52.424962+07:00,-0.047,-0.047,-0.0
2026-07-28T19:49:52.428962+07:00,-0.013,-0.016,-0.003
2026-07-28T19:49:52.432962+07:00,-0.039,-0.04,-0.001
2026-07-28T19:49:52.436962+07:00,-0.045,-0.045,-0.0
2026-07-28T19:49:52.440962+07:00,-0.041,-0.042,-0.001
2026-07-28T19:49:52.444962+07:00,-0.044,-0.045,-0.0
2026-07-28T19:49:52.448962+07:00,-0.044,-0.045,-0.0
2026-07-28T19:49:52.452962+07:00,-0.067,-0.065,0.002
2026-07-28T19:49:52.456962+07:00,-0.074,-0.071,0.003
2026-07-28T19:49:52.460962+07:00,-0.054,-0.053,0.001
2026-07-28T19:49:52.464962+07:00,-0.035,-0.037,-0.001
2026-07-28T19:49:52.468962+07:00,-0.044,-0.045,-0.0
2026-07-28T19:49:52.472962+07:00,-0.061,-0.06,0.001
2026-07-28T19:49:52.476962+07:00,-0.061,-0.06,0.001
2026-07-28T19:49:52.480962+07:00,-0.03,-0.032,-0.002
2026-07-28T19:49:52.484962+07:00,-0.059,-0.058,0.001
2026-07-28T19:49:52.488962+07:00,-0.063,-0.062,0.002
2026-07-28T19:49:52.492962+07:00,-0.066,-0.064,0.002
2026-07-28T19:49:52.496962+07:00,-0.065,-0.063,0.002
2026-07-28T19:49:52.500962+07:00,-0.049,-0.049,0.0
2026-07-28T19:49:52.504962+07:00,-0.053,-0.052,0.0
2026-07-28T19:49:52.508962+07:00,-0.054,-0.054,0.001
2026-07-28T19:49:52.512962+07:00,-0.09,-0.085,0.004
2026-07-28T19:49:52.516962+07:00,-0.084,-0.081,0.004
2026-07-28T19:49:52.520962+07:00,-0.049,-0.049,-0.0
2026-07-28T19:49:52.524962+07:00,-0.04,-0.041,-0.001
2026-07-28T19:49:52.528962+07:00,-0.035,-0.036,-0.001
2026-07-28T19:49:52.532962+07:00,-0.06,-0.059,0.001
2026-07-28T19:49:52.536962+07:00,-0.044,-0.045,-0.0
2026-07-28T19:49:52.540962+07:00,-0.031,-0.033,-0.002
2026-07-28T19:49:52.544962+07:00,-0.058,-0.058,0.001
2026-07-28T19:49:52.548962+07:00,-0.03,-0.032,-0.002
2026-07-28T19:49:52.552962+07:00,-0.076,-0.074,0.003
2026-07-28T19:49:52.556962+07:00,-0.073,-0.07,0.002
2026-07-28T19:49:52.560962+07:00,-0.047,-0.047,-0.0
2026-07-28T19:49:52.564962+07:00,-0.047,-0.047,-0.0
2026-07-28T19:49:52.568962+07:00,-0.088,-0.085,0.004
2026-07-28T19:49:52.572962+07:00,-0.043,-0.043,-0.001
2026-07-28T19:49:52.576962+07:00,-0.027,-0.029,-0.002
2026-07-28T19:49:52.580962+07:00,-0.047,-0.048,-0.0
2026-07-28T19:49:52.584962+07:00,-0.014,-0.018,-0.003
2026-07-28T19:49:52.588962+07:00,-0.007,-0.012,-0.004
2026-07-28T19:49:52.592962+07:00,-0.078,-0.075,0.003
2026-07-28T19:49:52.596962+07:00,-0.047,-0.047,-0.0
2026-07-28T19:49:52.600962+07:00,-0.054,-0.053,0.0
2026-07-28T19:49:52.604962+07:00,-0.053,-0.052,0.0
2026-07-28T19:49:52.608962+07:00,-0.075,-0.072,0.003
2026-07-28T19:49:52.612962+07:00,-0.013,-0.016,-0.004
2026-07-28T19:49:52.616962+07:00,-0.084,-0.081,0.003
2026-07-28T19:49:52.620962+07:00,-0.075,-0.072,0.003
2026-07-28T19:49:52.624962+07:00,-0.061,-0.06,0.001
2026-07-28T19:49:52.628962+07:00,-0.059,-0.058,0.001
2026-07-28T19:49:52.632962+07:00,-0.064,-0.062,0.001
2026-07-28T19:49:52.636962+07:00,-0.021,-0.024,-0.003
2026-07-28T19:49:52.640962+07:00,-0.044,-0.045,-0.001
2026-07-28T19:49:52.644962+07:00,-0.073,-0.07,0.002
2026-07-28T19:49:52.648962+07:00,-0.085,-0.081,0.003
2026-07-28T19:49:52.652962+07:00,-0.083,-0.079,0.003
2026-07-28T19:49:52.656962+07:00,-0.044,-0.045,-0.001
2026-07-28T19:49:52.660962+07:00,-0.045,-0.045,-0.0
2026-07-28T19:49:52.664962+07:00,-0.056,-0.055,0.001
2026-07-28T19:49:52.668962+07:00,-0.051,-0.051,0.0
2026-07-28T19:49:52.672962+07:00,-0.058,-0.057,0.001
2026-07-28T19:49:52.676962+07:00,-0.085,-0.081,0.004
2026-07-28T19:49:52.680962+07:00,-0.053,-0.052,0.001
2026-07-28T19:49:52.684962+07:00,-0.054,-0.053,0.001
2026-07-28T19:49:52.688962+07:00,-0.085,-0.08,0.005
2026-07-28T19:49:52.692962+07:00,-0.048,-0.046,0.002
2026-07-28T19:49:52.696962+07:00,-0.058,-0.053,0.005
2026-07-28T19:49:52.700962+07:00,-0.004,-0.003,0.002
2026-07-28T19:49:52.704962+07:00,-0.017,-0.011,0.006
2026-07-28T19:49:52.708962+07:00,-0.038,-0.027,0.012
2026-07-28T19:49:52.712962+07:00,-0.022,-0.008,0.013
2026-07-28T19:49:52.716962+07:00,-0.021,-0.005,0.016
2026-07-28T19:49:52.720962+07:00,-0.014,0.003,0.017
2026-07-28T19:49:52.724962+07:00,-0.012,0.005,0.017
2026-07-28T19:49:52.728962+07:00,-0.022,-0.006,0.016
2026-07-28T19:49:52.732962+07:00,-0.01,0.002,0.012
2026-07-28T19:49:52.736962+07:00,-0.058,-0.044,0.014
2026-07-28T19:49:52.740962+07:00,-0.054,-0.045,0.01
2026-07-28T19:49:52.744962+07:00,-0.017,-0.014,0.003
2026-07-28T19:49:52.748962+07:00,-0.0,-0.002,-0.001
2026-07-28T19:49:52.752962+07:00,-0.039,-0.038,0.001
2026-07-28T19:49:52.756962+07:00,-0.038,-0.038,-0.0
2026-07-28T19:49:52.760962+07:00,-0.065,-0.063,0.002
2026-07-28T19:49:52.764962+07:00,-0.043,-0.044,-0.0
2026-07-28T19:49:52.768962+07:00,-0.066,-0.064,0.002
2026-07-28T19:49:52.772962+07:00,-0.048,-0.048,-0.0
2026-07-28T19:49:52.776962+07:00,-0.047,-0.047,-0.0
2026-07-28T19:49:52.780962+07:00,-0.07,-0.068,0.002
2026-07-28T19:49:52.784962+07:00,-0.045,-0.046,-0.001
2026-07-28T19:49:52.788962+07:00,-0.055,-0.059,-0.004
2026-07-28T19:49:52.792962+07:00,-0.03,-0.04,-0.01
2026-07-28T19:49:52.796962+07:00,-0.054,-0.058,-0.003
2026-07-28T19:49:52.800962+07:00,-0.045,-0.042,0.003
2026-07-28T19:49:52.804962+07:00,-0.017,-0.001,0.015
2026-07-28T19:49:52.808962+07:00,0.062,0.118,0.056
2026-07-28T19:49:52.812962+07:00,0.232,0.381,0.148
2026-07-28T19:49:52.816962+07:00,0.52,0.798,0.278
2026-07-28T19:49:52.820962+07:00,0.702,1.087,0.386
2026-07-28T19:49:52.824962+07:00,0.724,1.107,0.383
2026-07-28T19:49:52.828962+07:00,0.466,0.746,0.28
2026-07-28T19:49:52.832962+07:00,0.256,0.395,0.139
2026-07-28T19:49:52.836962+07:00,0.035,0.081,0.046
2026-07-28T19:49:52.840962+07:00,-0.121,-0.116,0.005
2026-07-28T19:49:52.844962+07:00,-0.192,-0.204,-0.012
2026-07-28T19:49:52.848962+07:00,-0.19,-0.212,-0.023
2026-07-28T19:49:52.852962+07:00,-0.203,-0.228,-0.025
2026-07-28T19:49:52.856962+07:00,-0.147,-0.174,-0.028
2026-07-28T19:49:52.860962+07:00,-0.184,-0.201,-0.017
2026-07-28T19:49:52.864962+07:00,-0.125,-0.139,-0.014
2026-07-28T19:49:52.868962+07:00,-0.074,-0.085,-0.01
2026-07-28T19:49:52.872962+07:00,-0.069,-0.074,-0.005
2026-07-28T19:49:52.876962+07:00,-0.024,-0.03,-0.006
2026-07-28T19:49:52.880962+07:00,-0.067,-0.067,0.001
2026-07-28T19:49:52.884962+07:00,-0.056,-0.056,0.0
2026-07-28T19:49:52.888962+07:00,-0.064,-0.062,0.001
2026-07-28T19:49:52.892962+07:00,-0.023,-0.026,-0.003
2026-07-28T19:49:52.896962+07:00,-0.07,-0.068,0.002
2026-07-28T19:49:52.900962+07:00,-0.051,-0.051,0.0
2026-07-28T19:49:52.904962+07:00,-0.069,-0.067,0.002
2026-07-28T19:49:52.908962+07:00,-0.036,-0.037,-0.001
2026-07-28T19:49:52.912962+07:00,-0.062,-0.06,0.001
2026-07-28T19:49:52.916962+07:00,-0.086,-0.082,0.004
2026-07-28T19:49:52.920962+07:00,-0.025,-0.027,-0.002
2026-07-28T19:49:52.924962+07:00,-0.063,-0.061,0.001
2026-07-28T19:49:52.928962+07:00,-0.03,-0.032,-0.002
2026-07-28T19:49:52.932962+07:00,-0.077,-0.074,0.003
2026-07-28T19:49:52.936962+07:00,-0.047,-0.047,0.0
2026-07-28T19:49:52.940962+07:00,-0.044,-0.044,-0.0
2026-07-28T19:49:52.944962+07:00,-0.046,-0.046,0.0
2026-07-28T19:49:52.948962+07:00,-0.053,-0.052,0.001
2026-07-28T19:49:52.952962+07:00,-0.036,-0.036,0.0
2026-07-28T19:49:52.956962+07:00,-0.061,-0.058,0.003
2026-07-28T19:49:52.960962+07:00,-0.038,-0.037,0.002
2026-07-28T19:49:52.964962+07:00,-0.063,-0.058,0.005
2026-07-28T19:49:52.968962+07:00,-0.055,-0.049,0.005
2026-07-28T19:49:52.972962+07:00,-0.015,-0.012,0.003
2026-07-28T19:49:52.976962+07:00,-0.05,-0.042,0.008
2026-07-28T19:49:52.980962+07:00,-0.036,-0.027,0.009
2026-07-28T19:49:52.984962+07:00,-0.015,-0.006,0.009
2026-07-28T19:49:52.988962+07:00,0.014,0.022,0.008
2026-07-28T19:49:52.992962+07:00,-0.015,-0.001,0.014
2026-07-28T19:49:52.996962+07:00,-0.002,0.013,0.015
2026-07-28T19:49:53.000962+07:00,-0.018,0.002,0.019
2026-07-28T19:49:53.004962+07:00,0.031,0.047,0.017
2026-07-28T19:49:53.008962+07:00,0.043,0.06,0.017
2026-07-28T19:49:53.012962+07:00,0.017,0.039,0.022
2026-07-28T19:49:53.016962+07:00,0.019,0.042,0.023
2026-07-28T19:49:53.020962+07:00,0.049,0.069,0.02
2026-07-28T19:49:53.024962+07:00,0.041,0.062,0.021
2026-07-28T19:49:53.028962+07:00,0.047,0.067,0.02
2026-07-28T19:49:53.032962+07:00,0.032,0.052,0.02
2026-07-28T19:49:53.036962+07:00,0.053,0.07,0.016
2026-07-28T19:49:53.040962+07:00,0.023,0.041,0.017
2026-07-28T19:49:53.044962+07:00,0.014,0.03,0.016
2026-07-28T19:49:53.048962+07:00,0.01,0.023,0.014
2026-07-28T19:49:53.052962+07:00,0.033,0.042,0.009
2026-07-28T19:49:53.056962+07:00,-0.001,0.009,0.01
2026-07-28T19:49:53.060962+07:00,-0.015,-0.006,0.009
2026-07-28T19:49:53.064962+07:00,-0.027,-0.02,0.008
2026-07-28T19:49:53.068962+07:00,-0.05,-0.041,0.008
2026-07-28T19:49:53.072962+07:00,-0.061,-0.054,0.008
2026-07-28T19:49:53.076962+07:00,-0.057,-0.051,0.006
2026-07-28T19:49:53.080962+07:00,-0.027,-0.025,0.002
2026-07-28T19:49:53.084962+07:00,-0.044,-0.042,0.002
2026-07-28T19:49:53.088962+07:00,-0.067,-0.063,0.004
2026-07-28T19:49:53.092962+07:00,-0.05,-0.048,0.002
2026-07-28T19:49:53.096962+07:00,-0.049,-0.048,0.001
2026-07-28T19:49:53.100962+07:00,-0.027,-0.028,-0.001
2026-07-28T19:49:53.104962+07:00,-0.082,-0.078,0.004
2026-07-28T19:49:53.108962+07:00,-0.055,-0.054,0.001
2026-07-28T19:49:53.112962+07:00,-0.053,-0.052,0.001
2026-07-28T19:49:53.116962+07:00,-0.019,-0.021,-0.003
2026-07-28T19:49:53.120962+07:00,-0.031,-0.033,-0.002
2026-07-28T19:49:53.124962+07:00,-0.032,-0.033,-0.001
2026-07-28T19:49:53.128962+07:00,-0.027,-0.029,-0.002
2026-07-28T19:49:53.132962+07:00,-0.053,-0.052,0.001
2026-07-28T19:49:53.136962+07:00,-0.035,-0.036,-0.001
2026-07-28T19:49:53.140962+07:00,-0.039,-0.04,-0.001
2026-07-28T19:49:53.144962+07:00,-0.025,-0.027,-0.002
2026-07-28T19:49:53.148962+07:00,-0.06,-0.058,0.001
2026-07-28T19:49:53.152962+07:00,-0.033,-0.034,-0.001
2026-07-28T19:49:53.156962+07:00,-0.065,-0.063,0.002
2026-07-28T19:49:53.160962+07:00,-0.033,-0.035,-0.001
2026-07-28T19:49:53.164962+07:00,-0.016,-0.019,-0.003
2026-07-28T19:49:53.168962+07:00,-0.015,-0.018,-0.003
2026-07-28T19:49:53.172962+07:00,-0.054,-0.053,0.001
2026-07-28T19:49:53.176962+07:00,-0.065,-0.063,0.002
2026-07-28T19:49:53.180962+07:00,-0.07,-0.068,0.002
2026-07-28T19:49:53.184962+07:00,-0.068,-0.066,0.002
2026-07-28T19:49:53.188962+07:00,-0.049,-0.049,0.0
2026-07-28T19:49:53.192962+07:00,-0.077,-0.074,0.003
2026-07-28T19:49:53.196962+07:00,-0.064,-0.062,0.002
2026-07-28T19:49:53.200962+07:00,-0.033,-0.035,-0.001
2026-07-28T19:49:53.204962+07:00,-0.054,-0.054,0.001
2026-07-28T19:49:53.208962+07:00,-0.031,-0.032,-0.001
2026-07-28T19:49:53.212962+07:00,-0.076,-0.073,0.003
2026-07-28T19:49:53.216962+07:00,-0.06,-0.059,0.001
2026-07-28T19:49:53.220962+07:00,-0.03,-0.032,-0.002
2026-07-28T19:49:53.224962+07:00,-0.039,-0.04,-0.001
2026-07-28T19:49:53.228962+07:00,-0.04,-0.041,-0.001
2026-07-28T19:49:53.232962+07:00,-0.064,-0.062,0.002
2026-07-28T19:49:53.236962+07:00,-0.028,-0.03,-0.002
2026-07-28T19:49:53.240962+07:00,-0.035,-0.036,-0.001
2026-07-28T19:49:53.244962+07:00,-0.013,-0.016,-0.003
2026-07-28T19:49:53.248962+07:00,-0.041,-0.041,-0.0
2026-07-28T19:49:53.252962+07:00,-0.052,-0.052,0.001
2026-07-28T19:49:53.256962+07:00,-0.026,-0.028,-0.002
2026-07-28T19:49:53.260962+07:00,-0.082,-0.078,0.004
2026-07-28T19:49:53.264962+07:00,-0.094,-0.089,0.005
2026-07-28T19:49:53.268962+07:00,-0.065,-0.063,0.002
2026-07-28T19:49:53.272962+07:00,-0.029,-0.03,-0.002
2026-07-28T19:49:53.276962+07:00,-0.054,-0.053,0.001
2026-07-28T19:49:53.280962+07:00,-0.079,-0.076,0.004
2026-07-28T19:49:53.284962+07:00,-0.042,-0.042,-0.0
2026-07-28T19:49:53.288962+07:00,-0.04,-0.04,-0.0
2026-07-28T19:49:53.292962+07:00,-0.041,-0.041,-0.0
2026-07-28T19:49:53.296962+07:00,-0.014,-0.017,-0.003
2026-07-28T19:49:53.300962+07:00,-0.033,-0.034,-0.001
2026-07-28T19:49:53.304962+07:00,-0.045,-0.045,0.0
2026-07-28T19:49:53.308962+07:00,-0.031,-0.033,-0.001
2026-07-28T19:49:53.312962+07:00,-0.046,-0.046,0.0
2026-07-28T19:49:53.316962+07:00,-0.034,-0.035,-0.001
2026-07-28T19:49:53.320962+07:00,-0.056,-0.055,0.001
2026-07-28T19:49:53.324962+07:00,-0.052,-0.051,0.001
2026-07-28T19:49:53.328962+07:00,-0.029,-0.031,-0.001
2026-07-28T19:49:53.332962+07:00,-0.042,-0.042,-0.0
2026-07-28T19:49:53.336962+07:00,-0.021,-0.023,-0.002
2026-07-28T19:49:53.340962+07:00,-0.055,-0.054,0.001
2026-07-28T19:49:53.344962+07:00,-0.037,-0.038,-0.001
2026-07-28T19:49:53.348962+07:00,-0.047,-0.046,0.0
2026-07-28T19:49:53.352962+07:00,-0.05,-0.049,0.001
2026-07-28T19:49:53.356962+07:00,0.008,0.003,-0.005
2026-07-28T19:49:53.360962+07:00,-0.047,-0.047,0.0
2026-07-28T19:49:53.364962+07:00,-0.046,-0.045,0.0
2026-07-28T19:49:53.368962+07:00,-0.064,-0.061,0.002
2026-07-28T19:49:53.372962+07:00,-0.04,-0.041,-0.0
2026-07-28T19:49:53.376962+07:00,-0.052,-0.051,0.001
2026-07-28T19:49:53.380962+07:00,-0.052,-0.051,0.001
2026-07-28T19:49:53.384962+07:00,-0.022,-0.024,-0.002
2026-07-28T19:49:53.388962+07:00,-0.045,-0.045,0.0
2026-07-28T19:49:53.392962+07:00,-0.067,-0.064,0.003
2026-07-28T19:49:53.396962+07:00,-0.052,-0.051,0.001
2026-07-28T19:49:53.400962+07:00,-0.039,-0.039,-0.0
2026-07-28T19:49:53.404962+07:00,-0.053,-0.052,0.001
2026-07-28T19:49:53.408962+07:00,-0.016,-0.019,-0.003
2026-07-28T19:49:53.412962+07:00,-0.035,-0.035,-0.001
2026-07-28T19:49:53.416962+07:00,-0.039,-0.039,-0.0
2026-07-28T19:49:53.420962+07:00,-0.01,-0.013,-0.003
2026-07-28T19:49:53.424962+07:00,-0.054,-0.053,0.001
2026-07-28T19:49:53.428962+07:00,-0.055,-0.054,0.001
2026-07-28T19:49:53.432962+07:00,-0.031,-0.032,-0.001
2026-07-28T19:49:53.436962+07:00,-0.051,-0.05,0.001
2026-07-28T19:49:53.440962+07:00,-0.087,-0.083,0.005
2026-07-28T19:49:53.444962+07:00,-0.056,-0.055,0.002
2026-07-28T19:49:53.448962+07:00,-0.034,-0.035,-0.001
2026-07-28T19:49:53.452962+07:00,-0.021,-0.023,-0.002
2026-07-28T19:49:53.456962+07:00,-0.071,-0.068,0.003
2026-07-28T19:49:53.460962+07:00,-0.048,-0.047,0.001
2026-07-28T19:49:53.464962+07:00,-0.018,-0.02,-0.002
2026-07-28T19:49:53.468962+07:00,-0.026,-0.028,-0.001
2026-07-28T19:49:53.472962+07:00,-0.048,-0.047,0.001
2026-07-28T19:49:53.476962+07:00,-0.072,-0.069,0.003
2026-07-28T19:49:53.480962+07:00,-0.025,-0.026,-0.001
2026-07-28T19:49:53.484962+07:00,-0.022,-0.023,-0.001
2026-07-28T19:49:53.488962+07:00,-0.028,-0.028,0.0
2026-07-28T19:49:53.492962+07:00,-0.033,-0.031,0.002
2026-07-28T19:49:53.496962+07:00,0.012,0.011,-0.001
2026-07-28T19:49:53.500962+07:00,-0.012,-0.009,0.004
2026-07-28T19:49:53.504962+07:00,-0.024,-0.016,0.008
2026-07-28T19:49:53.508962+07:00,-0.037,-0.024,0.013
2026-07-28T19:49:53.512962+07:00,0.011,0.022,0.011
2026-07-28T19:49:53.516962+07:00,0.019,0.032,0.013
2026-07-28T19:49:53.520962+07:00,0.012,0.027,0.016
2026-07-28T19:49:53.524962+07:00,-0.006,0.011,0.017
2026-07-28T19:49:53.528962+07:00,0.031,0.044,0.012
2026-07-28T19:49:53.532962+07:00,-0.015,-0.001,0.014
2026-07-28T19:49:53.536962+07:00,0.007,0.015,0.008
2026-07-28T19:49:53.540962+07:00,0.019,0.023,0.004
2026-07-28T19:49:53.544962+07:00,-0.034,-0.028,0.006
2026-07-28T19:49:53.548962+07:00,-0.014,-0.012,0.002
2026-07-28T19:49:53.552962+07:00,-0.028,-0.027,0.001
2026-07-28T19:49:53.556962+07:00,0.012,0.008,-0.004
2026-07-28T19:49:53.560962+07:00,-0.031,-0.031,0.0
2026-07-28T19:49:53.564962+07:00,-0.053,-0.051,0.002
2026-07-28T19:49:53.568962+07:00,-0.092,-0.086,0.006
2026-07-28T19:49:53.572962+07:00,-0.025,-0.026,-0.001
2026-07-28T19:49:53.576962+07:00,-0.026,-0.027,-0.001
2026-07-28T19:49:53.580962+07:00,-0.008,-0.011,-0.003
2026-07-28T19:49:53.584962+07:00,-0.049,-0.049,0.001
2026-07-28T19:49:53.588962+07:00,-0.09,-0.089,0.001
2026-07-28T19:49:53.592962+07:00,-0.045,-0.053,-0.007
2026-07-28T19:49:53.596962+07:00,-0.081,-0.081,0.001
2026-07-28T19:49:53.600962+07:00,-0.037,-0.033,0.003
2026-07-28T19:49:53.604962+07:00,0.005,0.019,0.015
2026-07-28T19:49:53.608962+07:00,0.113,0.166,0.053
2026-07-28T19:49:53.612962+07:00,0.261,0.408,0.147
2026-07-28T19:49:53.616962+07:00,0.514,0.794,0.28
2026-07-28T19:49:53.620962+07:00,0.728,1.112,0.384
2026-07-28T19:49:53.624962+07:00,0.715,1.1,0.385
2026-07-28T19:49:53.628962+07:00,0.511,0.788,0.277
2026-07-28T19:49:53.632962+07:00,0.246,0.387,0.142
2026-07-28T19:49:53.636962+07:00,0.018,0.067,0.05
2026-07-28T19:49:53.640962+07:00,-0.066,-0.065,0.001
2026-07-28T19:49:53.644962+07:00,-0.149,-0.164,-0.015
2026-07-28T19:49:53.648962+07:00,-0.163,-0.187,-0.024
2026-07-28T19:49:53.652962+07:00,-0.133,-0.163,-0.03
2026-07-28T19:49:53.656962+07:00,-0.175,-0.198,-0.023
2026-07-28T19:49:53.660962+07:00,-0.117,-0.139,-0.022
2026-07-28T19:49:53.664962+07:00,-0.129,-0.141,-0.011
2026-07-28T19:49:53.668962+07:00,-0.064,-0.074,-0.01
2026-07-28T19:49:53.672962+07:00,-0.057,-0.061,-0.004
2026-07-28T19:49:53.676962+07:00,-0.042,-0.044,-0.002
2026-07-28T19:49:53.680962+07:00,-0.014,-0.017,-0.003
2026-07-28T19:49:53.684962+07:00,-0.001,-0.005,-0.004
2026-07-28T19:49:53.688962+07:00,-0.056,-0.054,0.002
2026-07-28T19:49:53.692962+07:00,-0.024,-0.025,-0.001
2026-07-28T19:49:53.696962+07:00,-0.011,-0.013,-0.002
2026-07-28T19:49:53.700962+07:00,-0.038,-0.037,0.001
2026-07-28T19:49:53.704962+07:00,-0.016,-0.017,-0.002
2026-07-28T19:49:53.708962+07:00,-0.06,-0.057,0.003
2026-07-28T19:49:53.712962+07:00,-0.039,-0.038,0.001
2026-07-28T19:49:53.716962+07:00,-0.005,-0.007,-0.003
2026-07-28T19:49:53.720962+07:00,-0.033,-0.033,0.0
2026-07-28T19:49:53.724962+07:00,-0.004,-0.007,-0.003
2026-07-28T19:49:53.728962+07:00,-0.026,-0.026,-0.0
2026-07-28T19:49:53.732962+07:00,-0.064,-0.06,0.003
2026-07-28T19:49:53.736962+07:00,0.001,-0.002,-0.003
2026-07-28T19:49:53.740962+07:00,-0.036,-0.035,0.001
2026-07-28T19:49:53.744962+07:00,-0.044,-0.042,0.002
2026-07-28T19:49:53.748962+07:00,-0.065,-0.061,0.004
2026-07-28T19:49:53.752962+07:00,-0.035,-0.033,0.002
2026-07-28T19:49:53.756962+07:00,-0.016,-0.015,0.001
2026-07-28T19:49:53.760962+07:00,-0.032,-0.029,0.003
2026-07-28T19:49:53.764962+07:00,-0.008,-0.006,0.001
2026-07-28T19:49:53.768962+07:00,-0.026,-0.021,0.004
2026-07-28T19:49:53.772962+07:00,-0.023,-0.017,0.006
2026-07-28T19:49:53.776962+07:00,-0.016,-0.01,0.007
2026-07-28T19:49:53.780962+07:00,-0.014,-0.005,0.008
2026-07-28T19:49:53.784962+07:00,0.013,0.021,0.008
2026-07-28T19:49:53.788962+07:00,-0.0,0.012,0.012
2026-07-28T19:49:53.792962+07:00,0.041,0.051,0.01
2026-07-28T19:49:53.796962+07:00,0.046,0.058,0.012
2026-07-28T19:49:53.800962+07:00,0.044,0.059,0.015
2026-07-28T19:49:53.804962+07:00,0.055,0.071,0.016
2026-07-28T19:49:53.808962+07:00,0.075,0.091,0.016
2026-07-28T19:49:53.812962+07:00,0.092,0.108,0.016
2026-07-28T19:49:53.816962+07:00,0.114,0.129,0.015
2026-07-28T19:49:53.820962+07:00,0.072,0.092,0.02
2026-07-28T19:49:53.824962+07:00,0.056,0.078,0.022
2026-07-28T19:49:53.828962+07:00,0.063,0.084,0.02
2026-07-28T19:49:53.832962+07:00,0.072,0.09,0.018
2026-07-28T19:49:53.836962+07:00,0.081,0.097,0.016
2026-07-28T19:49:53.840962+07:00,0.067,0.082,0.015
2026-07-28T19:49:53.844962+07:00,0.015,0.033,0.018
2026-07-28T19:49:53.848962+07:00,0.049,0.061,0.012
2026-07-28T19:49:53.852962+07:00,0.007,0.02,0.014
2026-07-28T19:49:53.856962+07:00,0.044,0.052,0.008
2026-07-28T19:49:53.860962+07:00,0.048,0.053,0.005
2026-07-28T19:49:53.864962+07:00,0.027,0.031,0.005
2026-07-28T19:49:53.868962+07:00,0.02,0.024,0.003
2026-07-28T19:49:53.872962+07:00,0.027,0.028,0.001
2026-07-28T19:49:53.876962+07:00,-0.005,-0.002,0.003
2026-07-28T19:49:53.880962+07:00,-0.038,-0.033,0.005
2026-07-28T19:49:53.884962+07:00,-0.036,-0.032,0.004
2026-07-28T19:49:53.888962+07:00,-0.035,-0.032,0.003
2026-07-28T19:49:53.892962+07:00,-0.007,-0.007,-0.0
2026-07-28T19:49:53.896962+07:00,-0.022,-0.021,0.001
2026-07-28T19:49:53.900962+07:00,0.009,0.006,-0.003
2026-07-28T19:49:53.904962+07:00,0.031,0.026,-0.005
2026-07-28T19:49:53.908962+07:00,-0.036,-0.035,0.002
2026-07-28T19:49:53.912962+07:00,-0.021,-0.021,-0.0
2026-07-28T19:49:53.916962+07:00,-0.006,-0.008,-0.002
2026-07-28T19:49:53.920962+07:00,-0.023,-0.023,0.0
2026-07-28T19:49:53.924962+07:00,-0.04,-0.039,0.002
2026-07-28T19:49:53.928962+07:00,-0.005,-0.007,-0.002
2026-07-28T19:49:53.932962+07:00,-0.034,-0.033,0.001
2026-07-28T19:49:53.936962+07:00,-0.054,-0.051,0.003
2026-07-28T19:49:53.940962+07:00,-0.033,-0.032,0.001
2026-07-28T19:49:53.944962+07:00,-0.026,-0.026,0.0
2026-07-28T19:49:53.948962+07:00,-0.029,-0.028,0.001
2026-07-28T19:49:53.952962+07:00,0.015,0.012,-0.004
2026-07-28T19:49:53.956962+07:00,-0.04,-0.038,0.002
2026-07-28T19:49:53.960962+07:00,-0.031,-0.03,0.001
2026-07-28T19:49:53.964962+07:00,0.028,0.023,-0.005
2026-07-28T19:49:53.968962+07:00,-0.009,-0.01,-0.001
2026-07-28T19:49:53.972962+07:00,-0.005,-0.007,-0.002
2026-07-28T19:49:53.976962+07:00,-0.042,-0.04,0.002
2026-07-28T19:49:53.980962+07:00,-0.008,-0.009,-0.001
2026-07-28T19:49:53.984962+07:00,-0.041,-0.039,0.002
2026-07-28T19:49:53.988962+07:00,0.005,0.003,-0.003
2026-07-28T19:49:53.992962+07:00,-0.064,-0.06,0.004
2026-07-28T19:49:53.996962+07:00,-0.054,-0.05,0.003
2026-07-28T19:49:54.000962+07:00,-0.006,-0.007,-0.001
2026-07-28T19:49:54.004962+07:00,-0.003,-0.005,-0.002
2026-07-28T19:49:54.008962+07:00,-0.03,-0.029,0.001
2026-07-28T19:49:54.012962+07:00,-0.044,-0.042,0.002
2026-07-28T19:49:54.016962+07:00,0.003,0.0,-0.002
2026-07-28T19:49:54.020962+07:00,-0.031,-0.03,0.001
2026-07-28T19:49:54.024962+07:00,-0.013,-0.014,-0.001
2026-07-28T19:49:54.028962+07:00,-0.028,-0.027,0.001
2026-07-28T19:49:54.032962+07:00,-0.004,-0.006,-0.001
2026-07-28T19:49:54.036962+07:00,-0.009,-0.01,-0.001
2026-07-28T19:49:54.040962+07:00,-0.045,-0.042,0.003
2026-07-28T19:49:54.044962+07:00,-0.017,-0.017,-0.0
2026-07-28T19:49:54.048962+07:00,-0.015,-0.016,-0.0
2026-07-28T19:49:54.052962+07:00,-0.029,-0.027,0.001
2026-07-28T19:49:54.056962+07:00,-0.028,-0.027,0.001
2026-07-28T19:49:54.060962+07:00,0.015,0.012,-0.003
2026-07-28T19:49:54.064962+07:00,-0.028,-0.027,0.001
2026-07-28T19:49:54.068962+07:00,-0.025,-0.024,0.001
2026-07-28T19:49:54.072962+07:00,-0.018,-0.018,0.0
2026-07-28T19:49:54.076962+07:00,-0.009,-0.009,-0.001
2026-07-28T19:49:54.080962+07:00,-0.053,-0.049,0.004
2026-07-28T19:49:54.084962+07:00,-0.032,-0.031,0.002
2026-07-28T19:49:54.088962+07:00,-0.032,-0.03,0.002
2026-07-28T19:49:54.092962+07:00,-0.003,-0.005,-0.001
2026-07-28T19:49:54.096962+07:00,-0.03,-0.028,0.001
2026-07-28T19:49:54.100962+07:00,-0.02,-0.02,0.0
2026-07-28T19:49:54.104962+07:00,-0.018,-0.017,0.0
2026-07-28T19:49:54.108962+07:00,-0.038,-0.036,0.002
2026-07-28T19:49:54.112962+07:00,-0.015,-0.015,-0.0
2026-07-28T19:49:54.116962+07:00,-0.019,-0.019,0.0
2026-07-28T19:49:54.120962+07:00,-0.03,-0.029,0.002
2026-07-28T19:49:54.124962+07:00,-0.0,-0.002,-0.001
2026-07-28T19:49:54.128962+07:00,-0.012,-0.012,-0.0
2026-07-28T19:49:54.132962+07:00,-0.015,-0.015,0.0
2026-07-28T19:49:54.136962+07:00,-0.026,-0.025,0.001
2026-07-28T19:49:54.140962+07:00,-0.007,-0.007,-0.001
2026-07-28T19:49:54.144962+07:00,-0.026,-0.025,0.001
2026-07-28T19:49:54.148962+07:00,0.012,0.009,-0.003
2026-07-28T19:49:54.152962+07:00,-0.004,-0.005,-0.001
2026-07-28T19:49:54.156962+07:00,-0.021,-0.02,0.001
2026-07-28T19:49:54.160962+07:00,0.005,0.003,-0.002
2026-07-28T19:49:54.164962+07:00,0.016,0.013,-0.003
2026-07-28T19:49:54.168962+07:00,-0.019,-0.019,0.001
2026-07-28T19:49:54.172962+07:00,0.014,0.012,-0.003
2026-07-28T19:49:54.176962+07:00,-0.021,-0.02,0.001
2026-07-28T19:49:54.180962+07:00,-0.02,-0.019,0.001
2026-07-28T19:49:54.184962+07:00,-0.032,-0.03,0.002
2026-07-28T19:49:54.188962+07:00,-0.012,-0.012,0.0
2026-07-28T19:49:54.192962+07:00,-0.002,-0.003,-0.001
2026-07-28T19:49:54.196962+07:00,-0.027,-0.025,0.002
2026-07-28T19:49:54.200962+07:00,-0.035,-0.032,0.002
2026-07-28T19:49:54.204962+07:00,0.045,0.04,-0.006
2026-07-28T19:49:54.208962+07:00,-0.027,-0.026,0.002
2026-07-28T19:49:54.212962+07:00,0.007,0.005,-0.002
2026-07-28T19:49:54.216962+07:00,-0.011,-0.011,0.0
2026-07-28T19:49:54.220962+07:00,-0.001,-0.002,-0.001
2026-07-28T19:49:54.224962+07:00,0.02,0.017,-0.003
2026-07-28T19:49:54.228962+07:00,-0.019,-0.018,0.001
2026-07-28T19:49:54.232962+07:00,0.017,0.014,-0.003
2026-07-28T19:49:54.236962+07:00,-0.002,-0.003,-0.001
2026-07-28T19:49:54.240962+07:00,-0.029,-0.027,0.002
2026-07-28T19:49:54.244962+07:00,0.012,0.01,-0.002
2026-07-28T19:49:54.248962+07:00,-0.021,-0.019,0.001
2026-07-28T19:49:54.252962+07:00,-0.009,-0.009,0.0
2026-07-28T19:49:54.256962+07:00,-0.022,-0.021,0.001
2026-07-28T19:49:54.260962+07:00,0.015,0.013,-0.002
2026-07-28T19:49:54.264962+07:00,-0.003,-0.004,-0.0
2026-07-28T19:49:54.268962+07:00,0.016,0.014,-0.002
2026-07-28T19:49:54.272962+07:00,-0.018,-0.017,0.001
2026-07-28T19:49:54.276962+07:00,0.019,0.016,-0.003
2026-07-28T19:49:54.280962+07:00,0.005,0.004,-0.001
2026-07-28T19:49:54.284962+07:00,0.014,0.012,-0.002
2026-07-28T19:49:54.288962+07:00,0.041,0.037,-0.004
2026-07-28T19:49:54.292962+07:00,-0.021,-0.018,0.004
2026-07-28T19:49:54.296962+07:00,0.004,0.006,0.003
2026-07-28T19:49:54.300962+07:00,0.011,0.015,0.004
2026-07-28T19:49:54.304962+07:00,0.014,0.022,0.007
2026-07-28T19:49:54.308962+07:00,0.025,0.035,0.01
2026-07-28T19:49:54.312962+07:00,0.013,0.027,0.014
2026-07-28T19:49:54.316962+07:00,0.024,0.04,0.016
2026-07-28T19:49:54.320962+07:00,0.062,0.076,0.014
2026-07-28T19:49:54.324962+07:00,0.041,0.057,0.016
2026-07-28T19:49:54.328962+07:00,0.008,0.026,0.018
2026-07-28T19:49:54.332962+07:00,0.025,0.038,0.013
2026-07-28T19:49:54.336962+07:00,0.061,0.067,0.006
2026-07-28T19:49:54.340962+07:00,0.012,0.02,0.008
2026-07-28T19:49:54.344962+07:00,-0.021,-0.013,0.008
2026-07-28T19:49:54.348962+07:00,-0.021,-0.015,0.006
2026-07-28T19:49:54.352962+07:00,0.007,0.008,0.001
2026-07-28T19:49:54.356962+07:00,-0.036,-0.031,0.004
2026-07-28T19:49:54.360962+07:00,0.002,0.002,-0.0
2026-07-28T19:49:54.364962+07:00,0.006,0.005,-0.001
2026-07-28T19:49:54.368962+07:00,0.015,0.013,-0.002
2026-07-28T19:49:54.372962+07:00,0.013,0.011,-0.002
2026-07-28T19:49:54.376962+07:00,-0.023,-0.021,0.002
2026-07-28T19:49:54.380962+07:00,-0.009,-0.009,0.001
2026-07-28T19:49:54.384962+07:00,-0.003,-0.003,-0.001
2026-07-28T19:49:54.388962+07:00,-0.021,-0.024,-0.003
2026-07-28T19:49:54.392962+07:00,-0.042,-0.047,-0.004
2026-07-28T19:49:54.396962+07:00,-0.056,-0.054,0.001
2026-07-28T19:49:54.400962+07:00,-0.002,0.001,0.003
2026-07-28T19:49:54.404962+07:00,-0.014,0.006,0.02
2026-07-28T19:49:54.408962+07:00,0.119,0.175,0.056
2026-07-28T19:49:54.412962+07:00,0.304,0.45,0.146
2026-07-28T19:49:54.416962+07:00,0.538,0.819,0.281
2026-07-28T19:49:54.420962+07:00,0.772,1.155,0.383
2026-07-28T19:49:54.424962+07:00,0.799,1.179,0.38
2026-07-28T19:49:54.428962+07:00,0.567,0.842,0.275
2026-07-28T19:49:54.432962+07:00,0.312,0.451,0.139
2026-07-28T19:49:54.436962+07:00,0.073,0.12,0.048
2026-07-28T19:49:54.440962+07:00,-0.069,-0.065,0.005
2026-07-28T19:49:54.444962+07:00,-0.147,-0.158,-0.012
2026-07-28T19:49:54.448962+07:00,-0.151,-0.173,-0.022
2026-07-28T19:49:54.452962+07:00,-0.17,-0.193,-0.023
2026-07-28T19:49:54.456962+07:00,-0.149,-0.171,-0.022
2026-07-28T19:49:54.460962+07:00,-0.133,-0.149,-0.017
2026-07-28T19:49:54.464962+07:00,-0.025,-0.043,-0.018
2026-07-28T19:49:54.468962+07:00,-0.047,-0.055,-0.008
2026-07-28T19:49:54.472962+07:00,0.009,0.002,-0.008
2026-07-28T19:49:54.476962+07:00,-0.013,-0.015,-0.002
2026-07-28T19:49:54.480962+07:00,0.012,0.01,-0.002
2026-07-28T19:49:54.484962+07:00,-0.005,-0.005,0.0
2026-07-28T19:49:54.488962+07:00,0.019,0.017,-0.002
2026-07-28T19:49:54.492962+07:00,-0.001,-0.001,0.0
2026-07-28T19:49:54.496962+07:00,0.008,0.007,-0.001
2026-07-28T19:49:54.500962+07:00,0.007,0.006,-0.0
2026-07-28T19:49:54.504962+07:00,0.004,0.004,-0.0
2026-07-28T19:49:54.508962+07:00,-0.001,-0.001,0.0
2026-07-28T19:49:54.512962+07:00,-0.008,-0.007,0.001
2026-07-28T19:49:54.516962+07:00,-0.022,-0.02,0.003
2026-07-28T19:49:54.520962+07:00,0.009,0.008,-0.0
2026-07-28T19:49:54.524962+07:00,0.035,0.032,-0.003
2026-07-28T19:49:54.528962+07:00,0.018,0.016,-0.001
2026-07-28T19:49:54.532962+07:00,-0.002,-0.002,0.001
2026-07-28T19:49:54.536962+07:00,0.0,0.001,0.001
2026-07-28T19:49:54.540962+07:00,0.01,0.01,-0.0
2026-07-28T19:49:54.544962+07:00,0.021,0.021,-0.001
2026-07-28T19:49:54.548962+07:00,0.02,0.019,-0.0
2026-07-28T19:49:54.552962+07:00,0.004,0.006,0.002
2026-07-28T19:49:54.556962+07:00,0.033,0.032,-0.001
2026-07-28T19:49:54.560962+07:00,0.004,0.007,0.003
2026-07-28T19:49:54.564962+07:00,-0.015,-0.009,0.006
2026-07-28T19:49:54.568962+07:00,0.004,0.009,0.005
2026-07-28T19:49:54.572962+07:00,0.003,0.009,0.007
2026-07-28T19:49:54.576962+07:00,0.005,0.013,0.008
2026-07-28T19:49:54.580962+07:00,0.016,0.025,0.009
2026-07-28T19:49:54.584962+07:00,0.075,0.081,0.005
2026-07-28T19:49:54.588962+07:00,0.078,0.085,0.007
2026-07-28T19:49:54.592962+07:00,0.028,0.043,0.015
2026-07-28T19:49:54.596962+07:00,0.075,0.088,0.013
2026-07-28T19:49:54.600962+07:00,0.076,0.092,0.015
2026-07-28T19:49:54.604962+07:00,0.054,0.074,0.02
2026-07-28T19:49:54.608962+07:00,0.091,0.109,0.018
2026-07-28T19:49:54.612962+07:00,0.069,0.091,0.022
2026-07-28T19:49:54.616962+07:00,0.122,0.14,0.018
2026-07-28T19:49:54.620962+07:00,0.089,0.111,0.022
2026-07-28T19:49:54.624962+07:00,0.077,0.1,0.023
2026-07-28T19:49:54.628962+07:00,0.127,0.145,0.018
2026-07-28T19:49:54.632962+07:00,0.077,0.098,0.021
2026-07-28T19:49:54.636962+07:00,0.101,0.118,0.017
2026-07-28T19:49:54.640962+07:00,0.125,0.138,0.013
2026-07-28T19:49:54.644962+07:00,0.07,0.086,0.016
2026-07-28T19:49:54.648962+07:00,0.053,0.068,0.015
2026-07-28T19:49:54.652962+07:00,0.044,0.058,0.014
2026-07-28T19:49:54.656962+07:00,0.065,0.074,0.009
2026-07-28T19:49:54.660962+07:00,0.093,0.097,0.004
2026-07-28T19:49:54.664962+07:00,0.041,0.048,0.007
2026-07-28T19:49:54.668962+07:00,0.035,0.041,0.006
2026-07-28T19:49:54.672962+07:00,0.019,0.025,0.005
2026-07-28T19:49:54.676962+07:00,0.001,0.007,0.006
2026-07-28T19:49:54.680962+07:00,0.057,0.056,-0.001
2026-07-28T19:49:54.684962+07:00,0.041,0.041,-0.0
2026-07-28T19:49:54.688962+07:00,0.018,0.02,0.001
2026-07-28T19:49:54.692962+07:00,0.026,0.026,-0.0
2026-07-28T19:49:54.696962+07:00,0.026,0.025,-0.0
2026-07-28T19:49:54.700962+07:00,0.036,0.034,-0.002
2026-07-28T19:49:54.704962+07:00,0.046,0.043,-0.003
2026-07-28T19:49:54.708962+07:00,0.014,0.015,0.0
2026-07-28T19:49:54.712962+07:00,0.021,0.02,-0.001
2026-07-28T19:49:54.716962+07:00,0.024,0.023,-0.001
2026-07-28T19:49:54.720962+07:00,0.015,0.015,-0.0
2026-07-28T19:49:54.724962+07:00,0.028,0.027,-0.001
2026-07-28T19:49:54.728962+07:00,0.02,0.019,-0.001
2026-07-28T19:49:54.732962+07:00,-0.007,-0.005,0.002
2026-07-28T19:49:54.736962+07:00,-0.02,-0.017,0.003
2026-07-28T19:49:54.740962+07:00,0.058,0.053,-0.004
2026-07-28T19:49:54.744962+07:00,0.044,0.041,-0.003
2026-07-28T19:49:54.748962+07:00,0.008,0.008,0.001
2026-07-28T19:49:54.752962+07:00,-0.0,0.001,0.001
2026-07-28T19:49:54.756962+07:00,0.005,0.006,0.001
2026-07-28T19:49:54.760962+07:00,0.02,0.019,-0.0
2026-07-28T19:49:54.764962+07:00,0.051,0.048,-0.004
2026-07-28T19:49:54.768962+07:00,-0.009,-0.007,0.002
2026-07-28T19:49:54.772962+07:00,-0.019,-0.015,0.003
2026-07-28T19:49:54.776962+07:00,0.029,0.027,-0.001
2026-07-28T19:49:54.780962+07:00,0.06,0.056,-0.004
2026-07-28T19:49:54.784962+07:00,-0.004,-0.002,0.002
2026-07-28T19:49:54.788962+07:00,0.017,0.017,-0.0
2026-07-28T19:49:54.792962+07:00,-0.028,-0.024,0.004
2026-07-28T19:49:54.796962+07:00,0.021,0.021,-0.0
2026-07-28T19:49:54.800962+07:00,-0.01,-0.007,0.003
2026-07-28T19:49:54.804962+07:00,0.02,0.02,-0.0
2026-07-28T19:49:54.808962+07:00,0.005,0.007,0.001
2026-07-28T19:49:54.812962+07:00,0.038,0.036,-0.002
2026-07-28T19:49:54.816962+07:00,0.013,0.014,0.0
2026-07-28T19:49:54.820962+07:00,-0.004,-0.002,0.002
2026-07-28T19:49:54.824962+07:00,0.015,0.015,0.0
2026-07-28T19:49:54.828962+07:00,0.005,0.006,0.001
2026-07-28T19:49:54.832962+07:00,0.052,0.049,-0.003
2026-07-28T19:49:54.836962+07:00,0.043,0.041,-0.002
2026-07-28T19:49:54.840962+07:00,0.006,0.007,0.001
2026-07-28T19:49:54.844962+07:00,-0.037,-0.031,0.006
2026-07-28T19:49:54.848962+07:00,0.004,0.005,0.001
2026-07-28T19:49:54.852962+07:00,0.007,0.008,0.001
2026-07-28T19:49:54.856962+07:00,0.018,0.018,0.0
2026-07-28T19:49:54.860962+07:00,0.04,0.038,-0.002
2026-07-28T19:49:54.864962+07:00,-0.017,-0.014,0.004
2026-07-28T19:49:54.868962+07:00,0.043,0.04,-0.002
2026-07-28T19:49:54.872962+07:00,0.02,0.02,-0.0
2026-07-28T19:49:54.876962+07:00,0.01,0.011,0.001
2026-07-28T19:49:54.880962+07:00,0.014,0.014,0.001
2026-07-28T19:49:54.884962+07:00,0.023,0.023,-0.0
2026-07-28T19:49:54.888962+07:00,0.015,0.015,0.001
2026-07-28T19:49:54.892962+07:00,0.006,0.007,0.001
2026-07-28T19:49:54.896962+07:00,0.021,0.021,-0.0
2026-07-28T19:49:54.900962+07:00,0.01,0.011,0.001
2026-07-28T19:49:54.904962+07:00,0.055,0.051,-0.003
2026-07-28T19:49:54.908962+07:00,0.005,0.007,0.002
2026-07-28T19:49:54.912962+07:00,0.025,0.024,-0.0
2026-07-28T19:49:54.916962+07:00,0.031,0.031,-0.001
2026-07-28T19:49:54.920962+07:00,0.0,0.002,0.002
2026-07-28T19:49:54.924962+07:00,0.019,0.019,0.0
2026-07-28T19:49:54.928962+07:00,0.025,0.025,-0.0
2026-07-28T19:49:54.932962+07:00,0.041,0.039,-0.002
2026-07-28T19:49:54.936962+07:00,0.029,0.029,-0.001
2026-07-28T19:49:54.940962+07:00,0.039,0.038,-0.002
2026-07-28T19:49:54.944962+07:00,0.027,0.027,-0.0
2026-07-28T19:49:54.948962+07:00,0.019,0.02,0.0
2026-07-28T19:49:54.952962+07:00,0.01,0.011,0.001
2026-07-28T19:49:54.956962+07:00,0.027,0.026,-0.0
2026-07-28T19:49:54.960962+07:00,0.041,0.039,-0.002
2026-07-28T19:49:54.964962+07:00,0.031,0.03,-0.001
2026-07-28T19:49:54.968962+07:00,0.052,0.049,-0.003
2026-07-28T19:49:54.972962+07:00,0.008,0.01,0.002
2026-07-28T19:49:54.976962+07:00,0.025,0.025,-0.0
2026-07-28T19:49:54.980962+07:00,-0.005,-0.002,0.003
2026-07-28T19:49:54.984962+07:00,-0.003,0.0,0.003
2026-07-28T19:49:54.988962+07:00,0.028,0.027,-0.0
2026-07-28T19:49:54.992962+07:00,0.015,0.016,0.001
2026-07-28T19:49:54.996962+07:00,0.013,0.014,0.001
2026-07-28T19:49:55.000962+07:00,0.033,0.032,-0.001
2026-07-28T19:49:55.004962+07:00,0.036,0.035,-0.001
2026-07-28T19:49:55.008962+07:00,0.068,0.063,-0.004
2026-07-28T19:49:55.012962+07:00,0.012,0.013,0.001
2026-07-28T19:49:55.016962+07:00,0.024,0.024,0.0
2026-07-28T19:49:55.020962+07:00,0.033,0.032,-0.001
2026-07-28T19:49:55.024962+07:00,0.026,0.026,0.0
2026-07-28T19:49:55.028962+07:00,0.058,0.055,-0.003
2026-07-28T19:49:55.032962+07:00,0.043,0.042,-0.002
2026-07-28T19:49:55.036962+07:00,0.038,0.036,-0.001
2026-07-28T19:49:55.040962+07:00,0.053,0.051,-0.003
2026-07-28T19:49:55.044962+07:00,0.017,0.018,0.001
2026-07-28T19:49:55.048962+07:00,0.054,0.051,-0.003
2026-07-28T19:49:55.052962+07:00,0.045,0.043,-0.002
2026-07-28T19:49:55.056962+07:00,0.016,0.017,0.001
2026-07-28T19:49:55.060962+07:00,0.01,0.012,0.002
2026-07-28T19:49:55.064962+07:00,0.02,0.021,0.001
2026-07-28T19:49:55.068962+07:00,0.023,0.023,0.001
2026-07-28T19:49:55.072962+07:00,0.056,0.053,-0.003
2026-07-28T19:49:55.076962+07:00,0.015,0.016,0.001
2026-07-28T19:49:55.080962+07:00,0.034,0.034,-0.0
2026-07-28T19:49:55.084962+07:00,0.024,0.025,0.001
2026-07-28T19:49:55.088962+07:00,0.027,0.028,0.001
2026-07-28T19:49:55.092962+07:00,0.033,0.035,0.002
2026-07-28T19:49:55.096962+07:00,0.038,0.041,0.003
2026-07-28T19:49:55.100962+07:00,0.069,0.071,0.002
2026-07-28T19:49:55.104962+07:00,0.043,0.051,0.008
2026-07-28T19:49:55.108962+07:00,0.045,0.057,0.011
2026-07-28T19:49:55.112962+07:00,0.048,0.062,0.014
2026-07-28T19:49:55.116962+07:00,0.095,0.108,0.012
2026-07-28T19:49:55.120962+07:00,0.067,0.084,0.017
2026-07-28T19:49:55.124962+07:00,0.066,0.083,0.017
2026-07-28T19:49:55.128962+07:00,0.095,0.108,0.012
2026-07-28T19:49:55.132962+07:00,0.065,0.078,0.013
2026-07-28T19:49:55.136962+07:00,0.061,0.07,0.01
2026-07-28T19:49:55.140962+07:00,0.036,0.045,0.009
2026-07-28T19:49:55.144962+07:00,0.042,0.047,0.005
2026-07-28T19:49:55.148962+07:00,-0.005,0.002,0.007
2026-07-28T19:49:55.152962+07:00,0.035,0.036,0.002
2026-07-28T19:49:55.156962+07:00,0.037,0.037,0.001
2026-07-28T19:49:55.160962+07:00,0.035,0.035,0.0
2026-07-28T19:49:55.164962+07:00,0.014,0.016,0.002
2026-07-28T19:49:55.168962+07:00,0.027,0.027,0.001
2026-07-28T19:49:55.172962+07:00,0.013,0.015,0.002
2026-07-28T19:49:55.176962+07:00,0.065,0.062,-0.003
2026-07-28T19:49:55.180962+07:00,0.035,0.035,-0.0
2026-07-28T19:49:55.184962+07:00,0.05,0.048,-0.002
2026-07-28T19:49:55.188962+07:00,0.0,-0.001,-0.001
2026-07-28T19:49:55.192962+07:00,-0.028,-0.03,-0.002
2026-07-28T19:49:55.196962+07:00,0.063,0.056,-0.007
2026-07-28T19:49:55.200962+07:00,0.035,0.038,0.003
2026-07-28T19:49:55.204962+07:00,0.062,0.078,0.016
2026-07-28T19:49:55.208962+07:00,0.168,0.222,0.054
2026-07-28T19:49:55.212962+07:00,0.333,0.48,0.147
2026-07-28T19:49:55.216962+07:00,0.579,0.86,0.28
2026-07-28T19:49:55.220962+07:00,0.785,1.171,0.386
2026-07-28T19:49:55.224962+07:00,0.809,1.191,0.382
2026-07-28T19:49:55.228962+07:00,0.607,0.882,0.274
2026-07-28T19:49:55.232962+07:00,0.335,0.475,0.14
2026-07-28T19:49:55.236962+07:00,0.097,0.145,0.049
2026-07-28T19:49:55.240962+07:00,0.002,0.003,0.001
2026-07-28T19:49:55.244962+07:00,-0.087,-0.101,-0.014
2026-07-28T19:49:55.248962+07:00,-0.074,-0.099,-0.026
2026-07-28T19:49:55.252962+07:00,-0.12,-0.145,-0.024
2026-07-28T19:49:55.256962+07:00,-0.128,-0.149,-0.021
2026-07-28T19:49:55.260962+07:00,-0.065,-0.085,-0.02
2026-07-28T19:49:55.264962+07:00,-0.058,-0.07,-0.012
2026-07-28T19:49:55.268962+07:00,-0.022,-0.029,-0.007
2026-07-28T19:49:55.272962+07:00,0.017,0.012,-0.005
2026-07-28T19:49:55.276962+07:00,0.024,0.022,-0.002
2026-07-28T19:49:55.280962+07:00,0.04,0.038,-0.002
2026-07-28T19:49:55.284962+07:00,0.058,0.055,-0.003
2026-07-28T19:49:55.288962+07:00,0.016,0.018,0.002
2026-07-28T19:49:55.292962+07:00,0.018,0.02,0.002
2026-07-28T19:49:55.296962+07:00,0.003,0.006,0.003
2026-07-28T19:49:55.300962+07:00,0.041,0.04,-0.0
2026-07-28T19:49:55.304962+07:00,0.031,0.032,0.001
2026-07-28T19:49:55.308962+07:00,0.022,0.024,0.001
2026-07-28T19:49:55.312962+07:00,0.038,0.038,-0.0
2026-07-28T19:49:55.316962+07:00,-0.002,0.002,0.004
2026-07-28T19:49:55.320962+07:00,0.015,0.017,0.002
2026-07-28T19:49:55.324962+07:00,0.047,0.046,-0.001
2026-07-28T19:49:55.328962+07:00,0.004,0.007,0.003
2026-07-28T19:49:55.332962+07:00,0.026,0.027,0.001
2026-07-28T19:49:55.336962+07:00,0.071,0.068,-0.003
2026-07-28T19:49:55.340962+07:00,0.049,0.049,-0.001
2026-07-28T19:49:55.344962+07:00,0.025,0.027,0.002
2026-07-28T19:49:55.348962+07:00,0.037,0.038,0.001
2026-07-28T19:49:55.352962+07:00,0.028,0.03,0.002
2026-07-28T19:49:55.356962+07:00,0.046,0.047,0.001
2026-07-28T19:49:55.360962+07:00,0.061,0.061,0.0
2026-07-28T19:49:55.364962+07:00,0.078,0.078,-0.0
2026-07-28T19:49:55.368962+07:00,0.032,0.037,0.005
2026-07-28T19:49:55.372962+07:00,0.048,0.053,0.005
2026-07-28T19:49:55.376962+07:00,0.025,0.034,0.009
2026-07-28T19:49:55.380962+07:00,0.08,0.086,0.006
2026-07-28T19:49:55.384962+07:00,0.108,0.113,0.005
2026-07-28T19:49:55.388962+07:00,0.068,0.08,0.012
2026-07-28T19:49:55.392962+07:00,0.113,0.122,0.01
2026-07-28T19:49:55.396962+07:00,0.097,0.111,0.014
2026-07-28T19:49:55.400962+07:00,0.112,0.127,0.015
2026-07-28T19:49:55.404962+07:00,0.135,0.15,0.015
2026-07-28T19:49:55.408962+07:00,0.1,0.121,0.02
2026-07-28T19:49:55.412962+07:00,0.156,0.173,0.017
2026-07-28T19:49:55.416962+07:00,0.147,0.166,0.019
2026-07-28T19:49:55.420962+07:00,0.158,0.176,0.018
2026-07-28T19:49:55.424962+07:00,0.122,0.144,0.022
2026-07-28T19:49:55.428962+07:00,0.159,0.177,0.017
2026-07-28T19:49:55.432962+07:00,0.127,0.146,0.02
2026-07-28T19:49:55.436962+07:00,0.135,0.152,0.017
2026-07-28T19:49:55.440962+07:00,0.112,0.129,0.017
2026-07-28T19:49:55.444962+07:00,0.135,0.148,0.013
2026-07-28T19:49:55.448962+07:00,0.12,0.131,0.012
2026-07-28T19:49:55.452962+07:00,0.122,0.131,0.009
2026-07-28T19:49:55.456962+07:00,0.104,0.113,0.008
2026-07-28T19:49:55.460962+07:00,0.078,0.087,0.008
2026-07-28T19:49:55.464962+07:00,0.085,0.09,0.006
2026-07-28T19:49:55.468962+07:00,0.031,0.04,0.009
2026-07-28T19:49:55.472962+07:00,0.101,0.101,0.0
2026-07-28T19:49:55.476962+07:00,0.056,0.06,0.003
2026-07-28T19:49:55.480962+07:00,0.052,0.054,0.003
2026-07-28T19:49:55.484962+07:00,0.035,0.039,0.003
2026-07-28T19:49:55.488962+07:00,0.059,0.06,0.0
2026-07-28T19:49:55.492962+07:00,0.084,0.081,-0.003
2026-07-28T19:49:55.496962+07:00,0.024,0.027,0.003
2026-07-28T19:49:55.500962+07:00,0.048,0.048,0.0
2026-07-28T19:49:55.504962+07:00,0.049,0.049,-0.0
2026-07-28T19:49:55.508962+07:00,0.043,0.043,0.0
2026-07-28T19:49:55.512962+07:00,0.047,0.047,-0.0
2026-07-28T19:49:55.516962+07:00,0.036,0.037,0.001
2026-07-28T19:49:55.520962+07:00,0.023,0.025,0.002
2026-07-28T19:49:55.524962+07:00,0.063,0.061,-0.002
2026-07-28T19:49:55.528962+07:00,0.05,0.049,-0.001
2026-07-28T19:49:55.532962+07:00,0.034,0.034,0.001
2026-07-28T19:49:55.536962+07:00,0.054,0.052,-0.001
2026-07-28T19:49:55.540962+07:00,0.014,0.017,0.003
2026-07-28T19:49:55.544962+07:00,0.082,0.078,-0.004
2026-07-28T19:49:55.548962+07:00,0.027,0.028,0.002
2026-07-28T19:49:55.552962+07:00,0.057,0.055,-0.001
2026-07-28T19:49:55.556962+07:00,0.051,0.05,-0.001
2026-07-28T19:49:55.560962+07:00,0.074,0.071,-0.003
2026-07-28T19:49:55.564962+07:00,0.011,0.014,0.003
2026-07-28T19:49:55.568962+07:00,0.051,0.05,-0.001
2026-07-28T19:49:55.572962+07:00,0.065,0.063,-0.002
2026-07-28T19:49:55.576962+07:00,0.019,0.021,0.003
2026-07-28T19:49:55.580962+07:00,0.054,0.053,-0.001
2026-07-28T19:49:55.584962+07:00,0.073,0.07,-0.003
2026-07-28T19:49:55.588962+07:00,0.035,0.036,0.001
2026-07-28T19:49:55.592962+07:00,0.043,0.043,0.0
2026-07-28T19:49:55.596962+07:00,0.028,0.029,0.002
2026-07-28T19:49:55.600962+07:00,0.018,0.021,0.003
2026-07-28T19:49:55.604962+07:00,0.075,0.072,-0.003
2026-07-28T19:49:55.608962+07:00,0.019,0.021,0.003
2026-07-28T19:49:55.612962+07:00,0.002,0.006,0.004
2026-07-28T19:49:55.616962+07:00,0.07,0.067,-0.002
2026-07-28T19:49:55.620962+07:00,0.024,0.026,0.002
2026-07-28T19:49:55.624962+07:00,0.031,0.033,0.001
2026-07-28T19:49:55.628962+07:00,0.059,0.058,-0.001
2026-07-28T19:49:55.632962+07:00,0.04,0.04,0.001
2026-07-28T19:49:55.636962+07:00,0.048,0.047,-0.0
2026-07-28T19:49:55.640962+07:00,0.056,0.055,-0.001
2026-07-28T19:49:55.644962+07:00,0.037,0.038,0.001
2026-07-28T19:49:55.648962+07:00,0.056,0.055,-0.001
2026-07-28T19:49:55.652962+07:00,0.025,0.027,0.002
2026-07-28T19:49:55.656962+07:00,0.036,0.037,0.001
2026-07-28T19:49:55.660962+07:00,0.047,0.047,-0.0
2026-07-28T19:49:55.664962+07:00,0.063,0.061,-0.002
2026-07-28T19:49:55.668962+07:00,0.046,0.046,-0.0
2026-07-28T19:49:55.672962+07:00,0.037,0.038,0.001
2026-07-28T19:49:55.676962+07:00,0.024,0.027,0.002
2026-07-28T19:49:55.680962+07:00,0.047,0.047,-0.0
2026-07-28T19:49:55.684962+07:00,0.072,0.069,-0.003
2026-07-28T19:49:55.688962+07:00,0.067,0.065,-0.002
2026-07-28T19:49:55.692962+07:00,0.045,0.045,0.0
2026-07-28T19:49:55.696962+07:00,0.051,0.05,-0.0
2026-07-28T19:49:55.700962+07:00,0.062,0.061,-0.002
2026-07-28T19:49:55.704962+07:00,0.029,0.031,0.002
2026-07-28T19:49:55.708962+07:00,0.04,0.041,0.001
2026-07-28T19:49:55.712962+07:00,0.078,0.075,-0.003
2026-07-28T19:49:55.716962+07:00,0.045,0.045,0.0
2026-07-28T19:49:55.720962+07:00,0.048,0.048,-0.0
2026-07-28T19:49:55.724962+07:00,0.016,0.019,0.003
2026-07-28T19:49:55.728962+07:00,0.039,0.04,0.001
2026-07-28T19:49:55.732962+07:00,0.068,0.066,-0.002
2026-07-28T19:49:55.736962+07:00,0.067,0.065,-0.002
2026-07-28T19:49:55.740962+07:00,0.025,0.028,0.002
2026-07-28T19:49:55.744962+07:00,0.057,0.056,-0.001
2026-07-28T19:49:55.748962+07:00,0.087,0.083,-0.004
2026-07-28T19:49:55.752962+07:00,0.048,0.048,-0.0
2026-07-28T19:49:55.756962+07:00,0.06,0.058,-0.001
2026-07-28T19:49:55.760962+07:00,0.064,0.062,-0.002
2026-07-28T19:49:55.764962+07:00,0.075,0.072,-0.003
2026-07-28T19:49:55.768962+07:00,0.005,0.009,0.004
2026-07-28T19:49:55.772962+07:00,0.035,0.036,0.001
2026-07-28T19:49:55.776962+07:00,0.077,0.074,-0.003
2026-07-28T19:49:55.780962+07:00,0.035,0.036,0.001
2026-07-28T19:49:55.784962+07:00,0.039,0.04,0.001
2026-07-28T19:49:55.788962+07:00,0.024,0.026,0.002
2026-07-28T19:49:55.792962+07:00,0.046,0.046,0.0
2026-07-28T19:49:55.796962+07:00,0.049,0.049,-0.0
2026-07-28T19:49:55.800962+07:00,0.013,0.016,0.004
2026-07-28T19:49:55.804962+07:00,0.038,0.039,0.001
2026-07-28T19:49:55.808962+07:00,0.068,0.066,-0.002
2026-07-28T19:49:55.812962+07:00,0.055,0.055,-0.001
2026-07-28T19:49:55.816962+07:00,0.053,0.053,-0.001
2026-07-28T19:49:55.820962+07:00,0.042,0.042,0.001
2026-07-28T19:49:55.824962+07:00,0.053,0.052,-0.0
2026-07-28T19:49:55.828962+07:00,0.066,0.064,-0.002
2026-07-28T19:49:55.832962+07:00,0.014,0.017,0.003
2026-07-28T19:49:55.836962+07:00,0.046,0.046,0.0
2026-07-28T19:49:55.840962+07:00,0.034,0.035,0.001
2026-07-28T19:49:55.844962+07:00,0.009,0.013,0.004
2026-07-28T19:49:55.848962+07:00,0.048,0.048,0.0
2026-07-28T19:49:55.852962+07:00,0.035,0.036,0.001
2026-07-28T19:49:55.856962+07:00,0.038,0.039,0.001
2026-07-28T19:49:55.860962+07:00,0.083,0.079,-0.003
2026-07-28T19:49:55.864962+07:00,0.053,0.053,-0.0
2026-07-28T19:49:55.868962+07:00,0.046,0.047,0.0
2026-07-28T19:49:55.872962+07:00,0.021,0.024,0.003
2026-07-28T19:49:55.876962+07:00,0.013,0.017,0.004
2026-07-28T19:49:55.880962+07:00,0.054,0.054,-0.0
2026-07-28T19:49:55.884962+07:00,0.107,0.102,-0.005
2026-07-28T19:49:55.888962+07:00,0.077,0.076,-0.002
2026-07-28T19:49:55.892962+07:00,0.077,0.076,-0.001
2026-07-28T19:49:55.896962+07:00,0.086,0.086,0.0
2026-07-28T19:49:55.900962+07:00,0.077,0.08,0.003
2026-07-28T19:49:55.904962+07:00,0.074,0.081,0.007
2026-07-28T19:49:55.908962+07:00,0.107,0.114,0.007
2026-07-28T19:49:55.912962+07:00,0.076,0.089,0.014
2026-07-28T19:49:55.916962+07:00,0.078,0.094,0.016
2026-07-28T19:49:55.920962+07:00,0.08,0.097,0.018
2026-07-28T19:49:55.924962+07:00,0.095,0.111,0.016
2026-07-28T19:49:55.928962+07:00,0.1,0.114,0.014
2026-07-28T19:49:55.932962+07:00,0.052,0.068,0.016
2026-07-28T19:49:55.936962+07:00,0.057,0.069,0.012
2026-07-28T19:49:55.940962+07:00,0.092,0.097,0.005
2026-07-28T19:49:55.944962+07:00,0.09,0.092,0.002
2026-07-28T19:49:55.948962+07:00,0.049,0.053,0.004
2026-07-28T19:49:55.952962+07:00,0.041,0.044,0.003
2026-07-28T19:49:55.956962+07:00,0.022,0.026,0.004
2026-07-28T19:49:55.960962+07:00,0.022,0.025,0.003
2026-07-28T19:49:55.964962+07:00,0.064,0.063,-0.001
2026-07-28T19:49:55.968962+07:00,0.054,0.053,-0.0
2026-07-28T19:49:55.972962+07:00,0.031,0.033,0.002
2026-07-28T19:49:55.976962+07:00,0.025,0.028,0.002
2026-07-28T19:49:55.980962+07:00,0.053,0.053,-0.0
2026-07-28T19:49:55.984962+07:00,0.05,0.049,-0.001
2026-07-28T19:49:55.988962+07:00,-0.002,-0.002,0.001
2026-07-28T19:49:55.992962+07:00,-0.003,-0.006,-0.003
2026-07-28T19:49:55.996962+07:00,0.037,0.035,-0.003
2026-07-28T19:49:56.000962+07:00,0.068,0.069,0.001
2026-07-28T19:49:56.004962+07:00,0.058,0.076,0.018
2026-07-28T19:49:56.008962+07:00,0.192,0.245,0.053
2026-07-28T19:49:56.012962+07:00,0.341,0.489,0.147
2026-07-28T19:49:56.016962+07:00,0.616,0.894,0.278
2026-07-28T19:49:56.020962+07:00,0.79,1.177,0.387
2026-07-28T19:49:56.024962+07:00,0.799,1.184,0.385
2026-07-28T19:49:56.028962+07:00,0.564,0.845,0.28
2026-07-28T19:49:56.032962+07:00,0.328,0.47,0.142
2026-07-28T19:49:56.036962+07:00,0.095,0.145,0.05
2026-07-28T19:49:56.040962+07:00,-0.0,0.002,0.003
2026-07-28T19:49:56.044962+07:00,-0.043,-0.06,-0.017
2026-07-28T19:49:56.048962+07:00,-0.122,-0.141,-0.02
2026-07-28T19:49:56.052962+07:00,-0.111,-0.135,-0.024
2026-07-28T19:49:56.056962+07:00,-0.075,-0.1,-0.025
2026-07-28T19:49:56.060962+07:00,-0.078,-0.096,-0.017
2026-07-28T19:49:56.064962+07:00,0.005,-0.012,-0.017
2026-07-28T19:49:56.068962+07:00,0.022,0.012,-0.01
2026-07-28T19:49:56.072962+07:00,0.032,0.027,-0.005
2026-07-28T19:49:56.076962+07:00,0.055,0.051,-0.004
2026-07-28T19:49:56.080962+07:00,0.029,0.03,0.001
2026-07-28T19:49:56.084962+07:00,0.033,0.034,0.001
2026-07-28T19:49:56.088962+07:00,0.066,0.064,-0.002
2026-07-28T19:49:56.092962+07:00,0.047,0.047,0.0
2026-07-28T19:49:56.096962+07:00,0.068,0.066,-0.002
2026-07-28T19:49:56.100962+07:00,0.053,0.053,-0.0
2026-07-28T19:49:56.104962+07:00,0.056,0.055,-0.001
2026-07-28T19:49:56.108962+07:00,0.036,0.037,0.001
2026-07-28T19:49:56.112962+07:00,0.052,0.052,-0.0
2026-07-28T19:49:56.116962+07:00,0.061,0.06,-0.001
2026-07-28T19:49:56.120962+07:00,0.033,0.035,0.002
2026-07-28T19:49:56.124962+07:00,0.051,0.051,0.0
2026-07-28T19:49:56.128962+07:00,0.055,0.054,-0.0
2026-07-28T19:49:56.132962+07:00,0.054,0.054,-0.0
2026-07-28T19:49:56.136962+07:00,0.025,0.028,0.003
2026-07-28T19:49:56.140962+07:00,0.034,0.036,0.002
2026-07-28T19:49:56.144962+07:00,0.039,0.04,0.002
2026-07-28T19:49:56.148962+07:00,0.096,0.092,-0.004
2026-07-28T19:49:56.152962+07:00,0.057,0.058,0.001
2026-07-28T19:49:56.156962+07:00,0.053,0.055,0.002
2026-07-28T19:49:56.160962+07:00,0.05,0.052,0.003
2026-07-28T19:49:56.164962+07:00,0.085,0.085,0.0
2026-07-28T19:49:56.168962+07:00,0.1,0.1,-0.0
2026-07-28T19:49:56.172962+07:00,0.098,0.1,0.001
2026-07-28T19:49:56.176962+07:00,0.089,0.093,0.004
2026-07-28T19:49:56.180962+07:00,0.067,0.075,0.008
2026-07-28T19:49:56.184962+07:00,0.077,0.087,0.009
2026-07-28T19:49:56.188962+07:00,0.076,0.088,0.012
2026-07-28T19:49:56.192962+07:00,0.08,0.094,0.014
2026-07-28T19:49:56.196962+07:00,0.09,0.106,0.016
2026-07-28T19:49:56.200962+07:00,0.115,0.131,0.016
2026-07-28T19:49:56.204962+07:00,0.146,0.161,0.015
2026-07-28T19:49:56.208962+07:00,0.154,0.171,0.016
2026-07-28T19:49:56.212962+07:00,0.169,0.186,0.016
2026-07-28T19:49:56.216962+07:00,0.163,0.181,0.018
2026-07-28T19:49:56.220962+07:00,0.153,0.173,0.02
2026-07-28T19:49:56.224962+07:00,0.185,0.201,0.016
2026-07-28T19:49:56.228962+07:00,0.154,0.173,0.019
2026-07-28T19:49:56.232962+07:00,0.189,0.203,0.014
2026-07-28T19:49:56.236962+07:00,0.155,0.171,0.016
2026-07-28T19:49:56.240962+07:00,0.1,0.12,0.019
2026-07-28T19:49:56.244962+07:00,0.13,0.144,0.014
2026-07-28T19:49:56.248962+07:00,0.119,0.131,0.013
2026-07-28T19:49:56.252962+07:00,0.112,0.123,0.011
2026-07-28T19:49:56.256962+07:00,0.071,0.083,0.012
2026-07-28T19:49:56.260962+07:00,0.085,0.094,0.009
2026-07-28T19:49:56.264962+07:00,0.075,0.082,0.007
2026-07-28T19:49:56.268962+07:00,0.045,0.053,0.008
2026-07-28T19:49:56.272962+07:00,0.075,0.079,0.004
2026-07-28T19:49:56.276962+07:00,0.072,0.074,0.003
2026-07-28T19:49:56.280962+07:00,0.055,0.058,0.003
2026-07-28T19:49:56.284962+07:00,0.085,0.084,-0.001
2026-07-28T19:49:56.288962+07:00,0.061,0.062,0.001
2026-07-28T19:49:56.292962+07:00,0.063,0.063,0.0
2026-07-28T19:49:56.296962+07:00,0.041,0.043,0.002
2026-07-28T19:49:56.300962+07:00,0.071,0.07,-0.002
2026-07-28T19:49:56.304962+07:00,0.065,0.064,-0.001
2026-07-28T19:49:56.308962+07:00,0.036,0.037,0.002
2026-07-28T19:49:56.312962+07:00,0.028,0.031,0.002
2026-07-28T19:49:56.316962+07:00,0.044,0.045,0.001
2026-07-28T19:49:56.320962+07:00,0.07,0.068,-0.002
2026-07-28T19:49:56.324962+07:00,0.054,0.053,-0.0
2026-07-28T19:49:56.328962+07:00,0.055,0.055,-0.001
2026-07-28T19:49:56.332962+07:00,0.089,0.085,-0.004
2026-07-28T19:49:56.336962+07:00,0.012,0.015,0.004
2026-07-28T19:49:56.340962+07:00,0.059,0.058,-0.001
2026-07-28T19:49:56.344962+07:00,0.074,0.072,-0.003
2026-07-28T19:49:56.348962+07:00,0.056,0.055,-0.001
2026-07-28T19:49:56.352962+07:00,0.05,0.05,-0.0
2026-07-28T19:49:56.356962+07:00,0.036,0.037,0.001
2026-07-28T19:49:56.360962+07:00,0.03,0.032,0.002
2026-07-28T19:49:56.364962+07:00,0.049,0.049,-0.0
2026-07-28T19:49:56.368962+07:00,0.092,0.088,-0.004
2026-07-28T19:49:56.372962+07:00,0.021,0.024,0.003
2026-07-28T19:49:56.376962+07:00,0.065,0.063,-0.002
2026-07-28T19:49:56.380962+07:00,0.007,0.011,0.004
2026-07-28T19:49:56.384962+07:00,0.061,0.06,-0.001
2026-07-28T19:49:56.388962+07:00,0.066,0.064,-0.002
2026-07-28T19:49:56.392962+07:00,0.024,0.027,0.002
2026-07-28T19:49:56.396962+07:00,0.067,0.065,-0.002
2026-07-28T19:49:56.400962+07:00,0.026,0.029,0.002
2026-07-28T19:49:56.404962+07:00,0.034,0.035,0.001
2026-07-28T19:49:56.408962+07:00,0.053,0.052,-0.0
2026-07-28T19:49:56.412962+07:00,0.048,0.048,-0.0
2026-07-28T19:49:56.416962+07:00,0.046,0.046,0.0
2026-07-28T19:49:56.420962+07:00,0.082,0.079,-0.003
2026-07-28T19:49:56.424962+07:00,0.043,0.044,0.0
2026-07-28T19:49:56.428962+07:00,0.038,0.039,0.001
2026-07-28T19:49:56.432962+07:00,0.094,0.089,-0.005
2026-07-28T19:49:56.436962+07:00,0.088,0.084,-0.004
2026-07-28T19:49:56.440962+07:00,0.034,0.036,0.001
2026-07-28T19:49:56.444962+07:00,0.027,0.029,0.002
2026-07-28T19:49:56.448962+07:00,0.022,0.025,0.003
2026-07-28T19:49:56.452962+07:00,0.037,0.038,0.001
2026-07-28T19:49:56.456962+07:00,0.051,0.051,-0.0
2026-07-28T19:49:56.460962+07:00,0.006,0.01,0.004
2026-07-28T19:49:56.464962+07:00,0.091,0.087,-0.004
2026-07-28T19:49:56.468962+07:00,0.025,0.027,0.002
2026-07-28T19:49:56.472962+07:00,0.05,0.049,-0.0
2026-07-28T19:49:56.476962+07:00,0.045,0.045,0.0
2026-07-28T19:49:56.480962+07:00,0.038,0.039,0.001
2026-07-28T19:49:56.484962+07:00,0.055,0.054,-0.001
2026-07-28T19:49:56.488962+07:00,0.061,0.059,-0.001
2026-07-28T19:49:56.492962+07:00,0.046,0.046,0.0
2026-07-28T19:49:56.496962+07:00,0.038,0.039,0.001
2026-07-28T19:49:56.500962+07:00,0.042,0.042,0.0
2026-07-28T19:49:56.504962+07:00,0.03,0.032,0.002
2026-07-28T19:49:56.508962+07:00,0.041,0.041,0.001
2026-07-28T19:49:56.512962+07:00,0.013,0.016,0.003
2026-07-28T19:49:56.516962+07:00,0.036,0.037,0.001
2026-07-28T19:49:56.520962+07:00,0.046,0.046,0.0
2026-07-28T19:49:56.524962+07:00,0.041,0.041,0.001
2026-07-28T19:49:56.528962+07:00,0.037,0.038,0.001
2026-07-28T19:49:56.532962+07:00,0.022,0.025,0.002
2026-07-28T19:49:56.536962+07:00,0.038,0.039,0.001
2026-07-28T19:49:56.540962+07:00,0.056,0.055,-0.001
2026-07-28T19:49:56.544962+07:00,0.076,0.073,-0.003
2026-07-28T19:49:56.548962+07:00,0.075,0.072,-0.003
2026-07-28T19:49:56.552962+07:00,0.025,0.027,0.002
2026-07-28T19:49:56.556962+07:00,0.053,0.053,-0.001
2026-07-28T19:49:56.560962+07:00,0.053,0.052,-0.001
2026-07-28T19:49:56.564962+07:00,0.006,0.01,0.004
2026-07-28T19:49:56.568962+07:00,0.035,0.036,0.001
2026-07-28T19:49:56.572962+07:00,0.045,0.045,0.0
2026-07-28T19:49:56.576962+07:00,0.053,0.052,-0.001
2026-07-28T19:49:56.580962+07:00,0.042,0.042,0.0
2026-07-28T19:49:56.584962+07:00,0.041,0.042,0.0
2026-07-28T19:49:56.588962+07:00,0.062,0.06,-0.002
2026-07-28T19:49:56.592962+07:00,0.028,0.03,0.002
2026-07-28T19:49:56.596962+07:00,0.031,0.032,0.001
2026-07-28T19:49:56.600962+07:00,0.068,0.066,-0.002
2026-07-28T19:49:56.604962+07:00,0.046,0.046,-0.0
2026-07-28T19:49:56.608962+07:00,0.052,0.051,-0.001
2026-07-28T19:49:56.612962+07:00,0.034,0.035,0.001
2026-07-28T19:49:56.616962+07:00,0.046,0.046,-0.0
2026-07-28T19:49:56.620962+07:00,0.084,0.08,-0.004
2026-07-28T19:49:56.624962+07:00,0.052,0.051,-0.001
2026-07-28T19:49:56.628962+07:00,0.047,0.047,-0.0
2026-07-28T19:49:56.632962+07:00,0.07,0.067,-0.003
2026-07-28T19:49:56.636962+07:00,0.056,0.055,-0.001
2026-07-28T19:49:56.640962+07:00,0.037,0.037,0.001
2026-07-28T19:49:56.644962+07:00,0.031,0.032,0.001
2026-07-28T19:49:56.648962+07:00,0.017,0.019,0.003
2026-07-28T19:49:56.652962+07:00,0.051,0.05,-0.001
2026-07-28T19:49:56.656962+07:00,0.052,0.051,-0.001
2026-07-28T19:49:56.660962+07:00,0.064,0.062,-0.002
2026-07-28T19:49:56.664962+07:00,0.062,0.06,-0.002
2026-07-28T19:49:56.668962+07:00,0.013,0.016,0.003
2026-07-28T19:49:56.672962+07:00,0.027,0.029,0.002
2026-07-28T19:49:56.676962+07:00,0.024,0.026,0.002
2026-07-28T19:49:56.680962+07:00,0.067,0.064,-0.002
2026-07-28T19:49:56.684962+07:00,0.048,0.048,0.0
2026-07-28T19:49:56.688962+07:00,0.076,0.074,-0.002
2026-07-28T19:49:56.692962+07:00,0.025,0.029,0.004
2026-07-28T19:49:56.696962+07:00,0.098,0.096,-0.002
2026-07-28T19:49:56.700962+07:00,0.094,0.095,0.001
2026-07-28T19:49:56.704962+07:00,0.041,0.05,0.009
2026-07-28T19:49:56.708962+07:00,0.034,0.048,0.014
2026-07-28T19:49:56.712962+07:00,0.109,0.118,0.01
2026-07-28T19:49:56.716962+07:00,0.103,0.116,0.013
2026-07-28T19:49:56.720962+07:00,0.106,0.12,0.014
2026-07-28T19:49:56.724962+07:00,0.084,0.101,0.016
2026-07-28T19:49:56.728962+07:00,0.068,0.084,0.016
2026-07-28T19:49:56.732962+07:00,0.067,0.081,0.014
2026-07-28T19:49:56.736962+07:00,0.064,0.075,0.01
2026-07-28T19:49:56.740962+07:00,0.061,0.068,0.007
2026-07-28T19:49:56.744962+07:00,0.059,0.064,0.004
2026-07-28T19:49:56.748962+07:00,0.047,0.05,0.003
2026-07-28T19:49:56.752962+07:00,0.041,0.043,0.002
2026-07-28T19:49:56.756962+07:00,0.057,0.057,-0.0
2026-07-28T19:49:56.760962+07:00,0.074,0.071,-0.003
2026-07-28T19:49:56.764962+07:00,0.066,0.063,-0.002
2026-07-28T19:49:56.768962+07:00,0.053,0.052,-0.001
2026-07-28T19:49:56.772962+07:00,0.046,0.045,-0.001
2026-07-28T19:49:56.776962+07:00,0.074,0.071,-0.003
2026-07-28T19:49:56.780962+07:00,0.038,0.038,0.0
2026-07-28T19:49:56.784962+07:00,0.012,0.014,0.002
2026-07-28T19:49:56.788962+07:00,0.022,0.019,-0.003
2026-07-28T19:49:56.792962+07:00,0.006,0.001,-0.005
2026-07-28T19:49:56.796962+07:00,0.014,0.013,-0.001
2026-07-28T19:49:56.800962+07:00,0.026,0.031,0.004
2026-07-28T19:49:56.804962+07:00,0.067,0.083,0.016
2026-07-28T19:49:56.808962+07:00,0.146,0.203,0.057
2026-07-28T19:49:56.812962+07:00,0.321,0.469,0.148
2026-07-28T19:49:56.816962+07:00,0.61,0.888,0.278
2026-07-28T19:49:56.820962+07:00,0.826,1.208,0.382
2026-07-28T19:49:56.824962+07:00,0.809,1.192,0.383
2026-07-28T19:49:56.828962+07:00,0.613,0.888,0.274
2026-07-28T19:49:56.832962+07:00,0.306,0.449,0.143
2026-07-28T19:49:56.836962+07:00,0.108,0.156,0.048
2026-07-28T19:49:56.840962+07:00,-0.005,-0.003,0.002
2026-07-28T19:49:56.844962+07:00,-0.042,-0.06,-0.018
2026-07-28T19:49:56.848962+07:00,-0.094,-0.117,-0.024
2026-07-28T19:49:56.852962+07:00,-0.141,-0.163,-0.022
2026-07-28T19:49:56.856962+07:00,-0.11,-0.132,-0.022
2026-07-28T19:49:56.860962+07:00,-0.065,-0.085,-0.02
2026-07-28T19:49:56.864962+07:00,-0.012,-0.028,-0.016
2026-07-28T19:49:56.868962+07:00,-0.031,-0.037,-0.006
2026-07-28T19:49:56.872962+07:00,0.002,-0.001,-0.003
2026-07-28T19:49:56.876962+07:00,0.035,0.032,-0.003
2026-07-28T19:49:56.880962+07:00,0.012,0.014,0.001
2026-07-28T19:49:56.884962+07:00,0.018,0.02,0.001
2026-07-28T19:49:56.888962+07:00,0.049,0.048,-0.001
2026-07-28T19:49:56.892962+07:00,0.071,0.068,-0.003
2026-07-28T19:49:56.896962+07:00,0.069,0.065,-0.003
2026-07-28T19:49:56.900962+07:00,0.047,0.046,-0.001
2026-07-28T19:49:56.904962+07:00,0.059,0.057,-0.002
2026-07-28T19:49:56.908962+07:00,0.04,0.04,-0.0
2026-07-28T19:49:56.912962+07:00,0.006,0.009,0.003
2026-07-28T19:49:56.916962+07:00,0.025,0.026,0.001
2026-07-28T19:49:56.920962+07:00,0.006,0.009,0.003
2026-07-28T19:49:56.924962+07:00,0.0,0.004,0.004
2026-07-28T19:49:56.928962+07:00,0.035,0.035,0.0
2026-07-28T19:49:56.932962+07:00,0.019,0.021,0.002
2026-07-28T19:49:56.936962+07:00,0.059,0.057,-0.002
2026-07-28T19:49:56.940962+07:00,0.044,0.044,-0.0
2026-07-28T19:49:56.944962+07:00,0.019,0.022,0.002
2026-07-28T19:49:56.948962+07:00,0.059,0.057,-0.001
2026-07-28T19:49:56.952962+07:00,0.028,0.03,0.002
2026-07-28T19:49:56.956962+07:00,0.043,0.044,0.001
2026-07-28T19:49:56.960962+07:00,0.05,0.051,0.001
2026-07-28T19:49:56.964962+07:00,0.091,0.089,-0.002
2026-07-28T19:49:56.968962+07:00,0.043,0.047,0.004
2026-07-28T19:49:56.972962+07:00,0.062,0.065,0.004
2026-07-28T19:49:56.976962+07:00,0.073,0.077,0.004
2026-07-28T19:49:56.980962+07:00,0.058,0.065,0.008
2026-07-28T19:49:56.984962+07:00,0.064,0.074,0.009
2026-07-28T19:49:56.988962+07:00,0.09,0.099,0.009
2026-07-28T19:49:56.992962+07:00,0.075,0.088,0.013
2026-07-28T19:49:56.996962+07:00,0.133,0.142,0.01
2026-07-28T19:49:57.000962+07:00,0.1,0.116,0.015
2026-07-28T19:49:57.004962+07:00,0.147,0.16,0.013
2026-07-28T19:49:57.008962+07:00,0.101,0.121,0.02
2026-07-28T19:49:57.012962+07:00,0.12,0.139,0.019
2026-07-28T19:49:57.016962+07:00,0.137,0.156,0.019
2026-07-28T19:49:57.020962+07:00,0.119,0.14,0.021
2026-07-28T19:49:57.024962+07:00,0.126,0.146,0.021
2026-07-28T19:49:57.028962+07:00,0.157,0.174,0.017
2026-07-28T19:49:57.032962+07:00,0.149,0.166,0.016
2026-07-28T19:49:57.036962+07:00,0.135,0.151,0.016
2026-07-28T19:49:57.040962+07:00,0.105,0.123,0.017
2026-07-28T19:49:57.044962+07:00,0.103,0.118,0.015
2026-07-28T19:49:57.048962+07:00,0.095,0.108,0.013
2026-07-28T19:49:57.052962+07:00,0.109,0.118,0.009
2026-07-28T19:49:57.056962+07:00,0.098,0.106,0.008
2026-07-28T19:49:57.060962+07:00,0.07,0.078,0.008
2026-07-28T19:49:57.064962+07:00,0.054,0.062,0.008
2026-07-28T19:49:57.068962+07:00,0.068,0.072,0.004
2026-07-28T19:49:57.072962+07:00,0.056,0.06,0.004
2026-07-28T19:49:57.076962+07:00,0.045,0.049,0.003
2026-07-28T19:49:57.080962+07:00,0.027,0.031,0.004
2026-07-28T19:49:57.084962+07:00,0.044,0.046,0.001
2026-07-28T19:49:57.088962+07:00,0.044,0.045,0.001
2026-07-28T19:49:57.092962+07:00,0.055,0.054,-0.001
2026-07-28T19:49:57.096962+07:00,0.022,0.024,0.002
2026-07-28T19:49:57.100962+07:00,0.059,0.057,-0.002
2026-07-28T19:49:57.104962+07:00,0.044,0.043,-0.001
2026-07-28T19:49:57.108962+07:00,-0.03,-0.024,0.006
2026-07-28T19:49:57.112962+07:00,0.055,0.053,-0.002
2026-07-28T19:49:57.116962+07:00,0.02,0.021,0.001
2026-07-28T19:49:57.120962+07:00,0.007,0.009,0.002
2026-07-28T19:49:57.124962+07:00,0.055,0.052,-0.003
2026-07-28T19:49:57.128962+07:00,0.015,0.017,0.001
2026-07-28T19:49:57.132962+07:00,0.035,0.034,-0.001
2026-07-28T19:49:57.136962+07:00,-0.015,-0.011,0.004
2026-07-28T19:49:57.140962+07:00,0.051,0.049,-0.002
2026-07-28T19:49:57.144962+07:00,0.038,0.037,-0.001
2026-07-28T19:49:57.148962+07:00,0.068,0.064,-0.004
2026-07-28T19:49:57.152962+07:00,0.039,0.038,-0.001
2026-07-28T19:49:57.156962+07:00,-0.002,0.001,0.003
2026-07-28T19:49:57.160962+07:00,0.028,0.028,-0.0
2026-07-28T19:49:57.164962+07:00,0.028,0.027,-0.0
2026-07-28T19:49:57.168962+07:00,0.038,0.037,-0.001
2026-07-28T19:49:57.172962+07:00,0.041,0.04,-0.001
2026-07-28T19:49:57.176962+07:00,0.044,0.042,-0.002
2026-07-28T19:49:57.180962+07:00,0.045,0.043,-0.002
2026-07-28T19:49:57.184962+07:00,0.036,0.035,-0.001
2026-07-28T19:49:57.188962+07:00,-0.003,0.0,0.003
2026-07-28T19:49:57.192962+07:00,0.024,0.024,0.0
2026-07-28T19:49:57.196962+07:00,-0.004,-0.001,0.003
2026-07-28T19:49:57.200962+07:00,0.007,0.009,0.002
2026-07-28T19:49:57.204962+07:00,0.021,0.021,0.0
2026-07-28T19:49:57.208962+07:00,0.021,0.021,0.0
2026-07-28T19:49:57.212962+07:00,0.041,0.039,-0.002
2026-07-28T19:49:57.216962+07:00,0.057,0.054,-0.003
2026-07-28T19:49:57.220962+07:00,0.035,0.034,-0.001
2026-07-28T19:49:57.224962+07:00,0.028,0.028,-0.0
2026-07-28T19:49:57.228962+07:00,0.002,0.004,0.002
2026-07-28T19:49:57.232962+07:00,-0.009,-0.005,0.003
2026-07-28T19:49:57.236962+07:00,0.003,0.005,0.002
2026-07-28T19:49:57.240962+07:00,0.003,0.005,0.002
2026-07-28T19:49:57.244962+07:00,0.023,0.023,0.0
2026-07-28T19:49:57.248962+07:00,0.039,0.038,-0.002
2026-07-28T19:49:57.252962+07:00,0.015,0.016,0.001
2026-07-28T19:49:57.256962+07:00,0.025,0.024,-0.0
2026-07-28T19:49:57.260962+07:00,0.025,0.025,-0.0
2026-07-28T19:49:57.264962+07:00,-0.004,-0.002,0.003
2026-07-28T19:49:57.268962+07:00,0.032,0.031,-0.001
2026-07-28T19:49:57.272962+07:00,0.041,0.039,-0.002
2026-07-28T19:49:57.276962+07:00,-0.005,-0.003,0.003
2026-07-28T19:49:57.280962+07:00,-0.0,0.002,0.002
2026-07-28T19:49:57.284962+07:00,0.025,0.024,-0.0
2026-07-28T19:49:57.288962+07:00,0.02,0.021,0.0
2026-07-28T19:49:57.292962+07:00,0.014,0.015,0.001
2026-07-28T19:49:57.296962+07:00,0.0,0.002,0.002
2026-07-28T19:49:57.300962+07:00,0.002,0.004,0.002
2026-07-28T19:49:57.304962+07:00,0.04,0.038,-0.002
2026-07-28T19:49:57.308962+07:00,0.003,0.005,0.002
2026-07-28T19:49:57.312962+07:00,0.043,0.041,-0.002
2026-07-28T19:49:57.316962+07:00,0.033,0.032,-0.001
2026-07-28T19:49:57.320962+07:00,0.003,0.005,0.002
2026-07-28T19:49:57.324962+07:00,0.027,0.026,-0.001
2026-07-28T19:49:57.328962+07:00,0.009,0.01,0.001
2026-07-28T19:49:57.332962+07:00,0.022,0.022,-0.0
2026-07-28T19:49:57.336962+07:00,-0.002,0.0,0.002
2026-07-28T19:49:57.340962+07:00,0.011,0.012,0.001
2026-07-28T19:49:57.344962+07:00,0.01,0.011,0.001
2026-07-28T19:49:57.348962+07:00,0.008,0.009,0.001
2026-07-28T19:49:57.352962+07:00,-0.008,-0.005,0.003
2026-07-28T19:49:57.356962+07:00,0.023,0.022,-0.0
2026-07-28T19:49:57.360962+07:00,0.013,0.013,0.001
2026-07-28T19:49:57.364962+07:00,0.018,0.018,0.0
2026-07-28T19:49:57.368962+07:00,0.034,0.033,-0.002
2026-07-28T19:49:57.372962+07:00,0.023,0.022,-0.0
2026-07-28T19:49:57.376962+07:00,0.057,0.053,-0.004
2026-07-28T19:49:57.380962+07:00,-0.002,-0.0,0.002
2026-07-28T19:49:57.384962+07:00,0.041,0.038,-0.002
2026-07-28T19:49:57.388962+07:00,-0.025,-0.02,0.004
2026-07-28T19:49:57.392962+07:00,0.044,0.041,-0.003
2026-07-28T19:49:57.396962+07:00,0.019,0.019,-0.0
2026-07-28T19:49:57.400962+07:00,0.031,0.03,-0.001
2026-07-28T19:49:57.404962+07:00,0.028,0.027,-0.001
2026-07-28T19:49:57.408962+07:00,0.02,0.02,-0.0
2026-07-28T19:49:57.412962+07:00,0.027,0.026,-0.001
2026-07-28T19:49:57.416962+07:00,0.022,0.022,-0.001
2026-07-28T19:49:57.420962+07:00,-0.01,-0.007,0.003
2026-07-28T19:49:57.424962+07:00,-0.001,0.001,0.002
2026-07-28T19:49:57.428962+07:00,-0.006,-0.004,0.002
2026-07-28T19:49:57.432962+07:00,-0.023,-0.019,0.004
2026-07-28T19:49:57.436962+07:00,0.003,0.004,0.001
2026-07-28T19:49:57.440962+07:00,-0.007,-0.005,0.002
2026-07-28T19:49:57.444962+07:00,0.015,0.015,0.0
2026-07-28T19:49:57.448962+07:00,0.071,0.066,-0.006
2026-07-28T19:49:57.452962+07:00,0.011,0.011,0.0
2026-07-28T19:49:57.456962+07:00,0.034,0.033,-0.002
2026-07-28T19:49:57.460962+07:00,0.012,0.012,0.0
2026-07-28T19:49:57.464962+07:00,0.015,0.015,-0.0
2026-07-28T19:49:57.468962+07:00,0.025,0.024,-0.001
2026-07-28T19:49:57.472962+07:00,0.002,0.003,0.001
2026-07-28T19:49:57.476962+07:00,0.009,0.01,0.001
2026-07-28T19:49:57.480962+07:00,0.034,0.033,-0.002
2026-07-28T19:49:57.484962+07:00,0.022,0.021,-0.0
2026-07-28T19:49:57.488962+07:00,0.021,0.021,0.0
2026-07-28T19:49:57.492962+07:00,0.027,0.028,0.001
2026-07-28T19:49:57.496962+07:00,0.022,0.025,0.003
2026-07-28T19:49:57.500962+07:00,0.02,0.026,0.005
2026-07-28T19:49:57.504962+07:00,0.036,0.043,0.007
2026-07-28T19:49:57.508962+07:00,0.016,0.028,0.012
2026-07-28T19:49:57.512962+07:00,0.021,0.036,0.015
2026-07-28T19:49:57.516962+07:00,0.053,0.068,0.015
2026-07-28T19:49:57.520962+07:00,0.086,0.099,0.013
2026-07-28T19:49:57.524962+07:00,0.017,0.037,0.02
2026-07-28T19:49:57.528962+07:00,0.031,0.048,0.017
2026-07-28T19:49:57.532962+07:00,0.034,0.048,0.014
2026-07-28T19:49:57.536962+07:00,0.06,0.067,0.008
2026-07-28T19:49:57.540962+07:00,0.019,0.028,0.008
2026-07-28T19:49:57.544962+07:00,-0.005,0.003,0.008
2026-07-28T19:49:57.548962+07:00,0.025,0.027,0.002
2026-07-28T19:49:57.552962+07:00,0.006,0.009,0.003
2026-07-28T19:49:57.556962+07:00,0.007,0.008,0.001
2026-07-28T19:49:57.560962+07:00,0.015,0.015,0.0
2026-07-28T19:49:57.564962+07:00,0.025,0.024,-0.001
2026-07-28T19:49:57.568962+07:00,0.004,0.005,0.001
2026-07-28T19:49:57.572962+07:00,0.035,0.033,-0.003
2026-07-28T19:49:57.576962+07:00,-0.028,-0.024,0.004
2026-07-28T19:49:57.580962+07:00,0.008,0.008,0.0
2026-07-28T19:49:57.584962+07:00,0.002,0.002,0.0
2026-07-28T19:49:57.588962+07:00,-0.032,-0.032,-0.0
2026-07-28T19:49:57.592962+07:00,-0.01,-0.017,-0.007
2026-07-28T19:49:57.596962+07:00,0.003,-0.0,-0.003
2026-07-28T19:49:57.600962+07:00,0.043,0.042,-0.0
2026-07-28T19:49:57.604962+07:00,0.012,0.03,0.018
2026-07-28T19:49:57.608962+07:00,0.119,0.176,0.056
2026-07-28T19:49:57.612962+07:00,0.321,0.466,0.145
2026-07-28T19:49:57.616962+07:00,0.567,0.846,0.279
2026-07-28T19:49:57.620962+07:00,0.773,1.157,0.384
2026-07-28T19:49:57.624962+07:00,0.772,1.155,0.383
2026-07-28T19:49:57.628962+07:00,0.584,0.858,0.274
2026-07-28T19:49:57.632962+07:00,0.261,0.406,0.144
2026-07-28T19:49:57.636962+07:00,0.066,0.115,0.049
2026-07-28T19:49:57.640962+07:00,-0.003,-0.004,-0.001
2026-07-28T19:49:57.644962+07:00,-0.096,-0.112,-0.016
2026-07-28T19:49:57.648962+07:00,-0.161,-0.181,-0.02
2026-07-28T19:49:57.652962+07:00,-0.135,-0.161,-0.026
2026-07-28T19:49:57.656962+07:00,-0.16,-0.181,-0.021
2026-07-28T19:49:57.660962+07:00,-0.113,-0.131,-0.018
2026-07-28T19:49:57.664962+07:00,-0.053,-0.068,-0.015
2026-07-28T19:49:57.668962+07:00,-0.057,-0.063,-0.007
2026-07-28T19:49:57.672962+07:00,-0.034,-0.037,-0.003
2026-07-28T19:49:57.676962+07:00,0.021,0.016,-0.005
2026-07-28T19:49:57.680962+07:00,-0.02,-0.019,0.001
2026-07-28T19:49:57.684962+07:00,0.016,0.015,-0.002
2026-07-28T19:49:57.688962+07:00,0.021,0.019,-0.002
2026-07-28T19:49:57.692962+07:00,-0.01,-0.008,0.001
2026-07-28T19:49:57.696962+07:00,-0.005,-0.004,0.001
2026-07-28T19:49:57.700962+07:00,-0.025,-0.023,0.003
2026-07-28T19:49:57.704962+07:00,-0.003,-0.002,0.001
2026-07-28T19:49:57.708962+07:00,0.005,0.005,-0.0
2026-07-28T19:49:57.712962+07:00,-0.004,-0.003,0.001
2026-07-28T19:49:57.716962+07:00,0.019,0.017,-0.002
2026-07-28T19:49:57.720962+07:00,-0.002,-0.001,0.0
2026-07-28T19:49:57.724962+07:00,-0.014,-0.012,0.002
2026-07-28T19:49:57.728962+07:00,0.042,0.039,-0.004
2026-07-28T19:49:57.732962+07:00,-0.003,-0.003,0.001
2026-07-28T19:49:57.736962+07:00,0.003,0.004,0.0
2026-07-28T19:49:57.740962+07:00,0.001,0.002,0.0
2026-07-28T19:49:57.744962+07:00,0.04,0.037,-0.003
2026-07-28T19:49:57.748962+07:00,0.022,0.021,-0.001
2026-07-28T19:49:57.752962+07:00,-0.008,-0.006,0.002
2026-07-28T19:49:57.756962+07:00,0.005,0.007,0.002
2026-07-28T19:49:57.760962+07:00,0.017,0.018,0.001
2026-07-28T19:49:57.764962+07:00,-0.004,0.0,0.004
2026-07-28T19:49:57.768962+07:00,0.011,0.015,0.004
