created_at,lead_1,lead_2,lead_3
2026-07-28T21:32:44.829299+07:00,-0.019,-0.017,0.002
2026-07-28T21:32:44.833299+07:00,-0.011,-0.01,0.001
2026-07-28T21:32:44.837299+07:00,0.014,0.012,-0.001
2026-07-28T21:32:44.841299+07:00,-0.009,-0.008,0.001
2026-07-28T21:32:44.845299+07:00,-0.015,-0.014,0.002
2026-07-28T21:32:44.849299+07:00,0.028,0.025,-0.003
2026-07-28T21:32:44.853299+07:00,0.048,0.043,-0.005
2026-07-28T21:32:44.857299+07:00,0.03,0.027,-0.003
2026-07-28T21:32:44.861299+07:00,-0.01,-0.009,0.001
2026-07-28T21:32:44.865299+07:00,0.005,0.005,-0.0
2026-07-28T21:32:44.869299+07:00,0.002,0.002,0.0
2026-07-28T21:32:44.873299+07:00,0.014,0.013,-0.001
2026-07-28T21:32:44.877299+07:00,0.016,0.015,-0.001
2026-07-28T21:32:44.881299+07:00,-0.026,-0.023,0.003
2026-07-28T21:32:44.885299+07:00,0.015,0.014,-0.001
2026-07-28T21:32:44.889299+07:00,0.016,0.014,-0.001
2026-07-28T21:32:44.893299+07:00,0.0,0.0,0.0
2026-07-28T21:32:44.897299+07:00,-0.028,-0.025,0.003
2026-07-28T21:32:44.901299+07:00,0.02,0.018,-0.002
2026-07-28T21:32:44.905299+07:00,-0.005,-0.004,0.001
2026-07-28T21:32:44.909299+07:00,0.02,0.018,-0.002
2026-07-28T21:32:44.913299+07:00,-0.032,-0.029,0.004
2026-07-28T21:32:44.917299+07:00,0.017,0.016,-0.001
2026-07-28T21:32:44.921299+07:00,0.018,0.017,-0.001
2026-07-28T21:32:44.925299+07:00,-0.052,-0.046,0.006
2026-07-28T21:32:44.929299+07:00,0.048,0.044,-0.004
2026-07-28T21:32:44.933299+07:00,0.025,0.023,-0.002
2026-07-28T21:32:44.937299+07:00,0.02,0.019,-0.001
2026-07-28T21:32:44.941299+07:00,0.01,0.01,0.0
2026-07-28T21:32:44.945299+07:00,0.032,0.03,-0.001
2026-07-28T21:32:44.949299+07:00,0.006,0.008,0.002
2026-07-28T21:32:44.953299+07:00,0.014,0.017,0.003
2026-07-28T21:32:44.957299+07:00,0.024,0.029,0.004
2026-07-28T21:32:44.961299+07:00,0.044,0.049,0.006
2026-07-28T21:32:44.965299+07:00,0.01,0.022,0.012
2026-07-28T21:32:44.969299+07:00,0.015,0.03,0.015
2026-07-28T21:32:44.973299+07:00,0.032,0.049,0.016
2026-07-28T21:32:44.977299+07:00,0.078,0.091,0.014
2026-07-28T21:32:44.981299+07:00,0.078,0.091,0.014
2026-07-28T21:32:44.985299+07:00,0.056,0.07,0.014
2026-07-28T21:32:44.989299+07:00,0.051,0.063,0.012
2026-07-28T21:32:44.993299+07:00,0.014,0.026,0.012
2026-07-28T21:32:44.997299+07:00,0.032,0.039,0.007
2026-07-28T21:32:45.001299+07:00,0.066,0.066,0.0
2026-07-28T21:32:45.005299+07:00,0.039,0.04,0.001
2026-07-28T21:32:45.009299+07:00,0.029,0.029,0.0
2026-07-28T21:32:45.013299+07:00,0.036,0.035,-0.002
2026-07-28T21:32:45.017299+07:00,-0.03,-0.025,0.004
2026-07-28T21:32:45.021299+07:00,0.008,0.008,0.0
2026-07-28T21:32:45.025299+07:00,0.017,0.016,-0.001
2026-07-28T21:32:45.029299+07:00,0.036,0.033,-0.003
2026-07-28T21:32:45.033299+07:00,0.016,0.015,-0.001
2026-07-28T21:32:45.037299+07:00,0.028,0.026,-0.002
2026-07-28T21:32:45.041299+07:00,-0.011,-0.01,0.001
2026-07-28T21:32:45.045299+07:00,0.011,0.006,-0.005
2026-07-28T21:32:45.049299+07:00,-0.042,-0.045,-0.003
2026-07-28T21:32:45.053299+07:00,0.015,0.011,-0.004
2026-07-28T21:32:45.057299+07:00,0.018,0.02,0.002
2026-07-28T21:32:45.061299+07:00,0.084,0.095,0.012
2026-07-28T21:32:45.065299+07:00,0.118,0.175,0.057
2026-07-28T21:32:45.069299+07:00,0.292,0.441,0.148
2026-07-28T21:32:45.073299+07:00,0.526,0.809,0.283
2026-07-28T21:32:45.077299+07:00,0.769,1.154,0.385
2026-07-28T21:32:45.081299+07:00,0.749,1.135,0.386
2026-07-28T21:32:45.085299+07:00,0.562,0.839,0.277
2026-07-28T21:32:45.089299+07:00,0.289,0.431,0.142
2026-07-28T21:32:45.093299+07:00,0.086,0.134,0.047
2026-07-28T21:32:45.097299+07:00,-0.022,-0.021,0.001
2026-07-28T21:32:45.101299+07:00,-0.105,-0.12,-0.015
2026-07-28T21:32:45.105299+07:00,-0.1,-0.126,-0.025
2026-07-28T21:32:45.109299+07:00,-0.14,-0.164,-0.025
2026-07-28T21:32:45.113299+07:00,-0.126,-0.15,-0.023
2026-07-28T21:32:45.117299+07:00,-0.09,-0.11,-0.02
2026-07-28T21:32:45.121299+07:00,-0.054,-0.069,-0.014
2026-07-28T21:32:45.125299+07:00,-0.043,-0.05,-0.007
2026-07-28T21:32:45.129299+07:00,-0.025,-0.028,-0.003
2026-07-28T21:32:45.133299+07:00,0.01,0.007,-0.003
2026-07-28T21:32:45.137299+07:00,-0.009,-0.008,0.001
2026-07-28T21:32:45.141299+07:00,-0.008,-0.006,0.002
2026-07-28T21:32:45.145299+07:00,-0.02,-0.016,0.003
2026-07-28T21:32:45.149299+07:00,0.023,0.022,-0.001
2026-07-28T21:32:45.153299+07:00,-0.003,-0.001,0.002
2026-07-28T21:32:45.157299+07:00,0.01,0.01,0.001
2026-07-28T21:32:45.161299+07:00,0.013,0.013,0.0
2026-07-28T21:32:45.165299+07:00,0.016,0.016,-0.0
2026-07-28T21:32:45.169299+07:00,0.024,0.024,-0.001
2026-07-28T21:32:45.173299+07:00,0.019,0.019,-0.0
2026-07-28T21:32:45.177299+07:00,0.003,0.005,0.001
2026-07-28T21:32:45.181299+07:00,0.015,0.015,0.0
2026-07-28T21:32:45.185299+07:00,0.033,0.031,-0.002
2026-07-28T21:32:45.189299+07:00,0.043,0.041,-0.002
2026-07-28T21:32:45.193299+07:00,-0.024,-0.02,0.004
2026-07-28T21:32:45.197299+07:00,0.029,0.028,-0.001
2026-07-28T21:32:45.201299+07:00,0.007,0.009,0.002
2026-07-28T21:32:45.205299+07:00,-0.008,-0.004,0.004
2026-07-28T21:32:45.209299+07:00,0.018,0.019,0.001
2026-07-28T21:32:45.213299+07:00,0.001,0.005,0.004
2026-07-28T21:32:45.217299+07:00,0.008,0.012,0.004
2026-07-28T21:32:45.221299+07:00,0.021,0.025,0.003
2026-07-28T21:32:45.225299+07:00,0.014,0.019,0.005
2026-07-28T21:32:45.229299+07:00,0.022,0.028,0.006
2026-07-28T21:32:45.233299+07:00,0.037,0.043,0.006
2026-07-28T21:32:45.237299+07:00,0.066,0.071,0.005
2026-07-28T21:32:45.241299+07:00,0.057,0.065,0.008
2026-07-28T21:32:45.245299+07:00,0.051,0.062,0.011
2026-07-28T21:32:45.249299+07:00,0.094,0.104,0.01
2026-07-28T21:32:45.253299+07:00,0.103,0.114,0.011
2026-07-28T21:32:45.257299+07:00,0.089,0.105,0.015
2026-07-28T21:32:45.261299+07:00,0.087,0.105,0.018
2026-07-28T21:32:45.265299+07:00,0.116,0.133,0.017
2026-07-28T21:32:45.269299+07:00,0.107,0.126,0.02
2026-07-28T21:32:45.273299+07:00,0.13,0.148,0.018
2026-07-28T21:32:45.277299+07:00,0.099,0.121,0.022
2026-07-28T21:32:45.281299+07:00,0.136,0.155,0.018
2026-07-28T21:32:45.285299+07:00,0.112,0.133,0.02
2026-07-28T21:32:45.289299+07:00,0.106,0.126,0.02
2026-07-28T21:32:45.293299+07:00,0.156,0.169,0.013
2026-07-28T21:32:45.297299+07:00,0.103,0.12,0.016
2026-07-28T21:32:45.301299+07:00,0.111,0.124,0.013
2026-07-28T21:32:45.305299+07:00,0.079,0.093,0.014
2026-07-28T21:32:45.309299+07:00,0.089,0.1,0.01
2026-07-28T21:32:45.313299+07:00,0.067,0.077,0.01
2026-07-28T21:32:45.317299+07:00,0.075,0.082,0.007
2026-07-28T21:32:45.321299+07:00,0.051,0.058,0.007
2026-07-28T21:32:45.325299+07:00,0.087,0.089,0.002
2026-07-28T21:32:45.329299+07:00,0.003,0.011,0.008
2026-07-28T21:32:45.333299+07:00,0.038,0.041,0.003
2026-07-28T21:32:45.337299+07:00,0.041,0.043,0.002
2026-07-28T21:32:45.341299+07:00,0.02,0.023,0.003
2026-07-28T21:32:45.345299+07:00,0.04,0.04,0.0
2026-07-28T21:32:45.349299+07:00,0.041,0.041,-0.0
2026-07-28T21:32:45.353299+07:00,0.014,0.016,0.002
2026-07-28T21:32:45.357299+07:00,0.033,0.032,-0.0
2026-07-28T21:32:45.361299+07:00,0.02,0.02,0.001
2026-07-28T21:32:45.365299+07:00,0.013,0.014,0.001
2026-07-28T21:32:45.369299+07:00,0.032,0.032,-0.001
2026-07-28T21:32:45.373299+07:00,0.022,0.022,0.0
2026-07-28T21:32:45.377299+07:00,0.037,0.036,-0.001
2026-07-28T21:32:45.381299+07:00,0.024,0.024,0.0
2026-07-28T21:32:45.385299+07:00,0.041,0.04,-0.002
2026-07-28T21:32:45.389299+07:00,0.002,0.004,0.002
2026-07-28T21:32:45.393299+07:00,0.046,0.044,-0.002
2026-07-28T21:32:45.397299+07:00,0.02,0.02,0.001
2026-07-28T21:32:45.401299+07:00,0.041,0.04,-0.002
2026-07-28T21:32:45.405299+07:00,0.034,0.033,-0.001
2026-07-28T21:32:45.409299+07:00,0.02,0.02,0.001
2026-07-28T21:32:45.413299+07:00,0.028,0.028,-0.0
2026-07-28T21:32:45.417299+07:00,0.001,0.003,0.003
2026-07-28T21:32:45.421299+07:00,0.05,0.047,-0.002
2026-07-28T21:32:45.425299+07:00,0.013,0.014,0.001
2026-07-28T21:32:45.429299+07:00,0.03,0.03,-0.0
2026-07-28T21:32:45.433299+07:00,0.041,0.04,-0.001
2026-07-28T21:32:45.437299+07:00,0.015,0.016,0.001
2026-07-28T21:32:45.441299+07:00,0.003,0.005,0.002
2026-07-28T21:32:45.445299+07:00,-0.001,0.001,0.003
2026-07-28T21:32:45.449299+07:00,0.063,0.06,-0.004
2026-07-28T21:32:45.453299+07:00,0.024,0.024,0.0
2026-07-28T21:32:45.457299+07:00,0.03,0.03,-0.0
2026-07-28T21:32:45.461299+07:00,0.006,0.008,0.002
2026-07-28T21:32:45.465299+07:00,0.015,0.016,0.001
2026-07-28T21:32:45.469299+07:00,0.02,0.021,0.001
2026-07-28T21:32:45.473299+07:00,0.019,0.02,0.001
2026-07-28T21:32:45.477299+07:00,0.051,0.049,-0.002
2026-07-28T21:32:45.481299+07:00,0.035,0.034,-0.001
2026-07-28T21:32:45.485299+07:00,0.052,0.05,-0.002
2026-07-28T21:32:45.489299+07:00,0.022,0.023,0.001
2026-07-28T21:32:45.493299+07:00,0.022,0.023,0.001
2026-07-28T21:32:45.497299+07:00,0.045,0.043,-0.002
2026-07-28T21:32:45.501299+07:00,0.046,0.044,-0.002
2026-07-28T21:32:45.505299+07:00,0.029,0.029,0.0
2026-07-28T21:32:45.509299+07:00,0.024,0.024,0.001
2026-07-28T21:32:45.513299+07:00,0.015,0.017,0.001
2026-07-28T21:32:45.517299+07:00,0.035,0.035,-0.001
2026-07-28T21:32:45.521299+07:00,0.038,0.037,-0.001
2026-07-28T21:32:45.525299+07:00,0.065,0.062,-0.003
2026-07-28T21:32:45.529299+07:00,0.029,0.029,0.0
2026-07-28T21:32:45.533299+07:00,0.012,0.014,0.002
2026-07-28T21:32:45.537299+07:00,0.061,0.058,-0.003
2026-07-28T21:32:45.541299+07:00,-0.002,0.001,0.003
2026-07-28T21:32:45.545299+07:00,0.015,0.016,0.002
2026-07-28T21:32:45.549299+07:00,0.051,0.049,-0.002
2026-07-28T21:32:45.553299+07:00,0.041,0.04,-0.001
2026-07-28T21:32:45.557299+07:00,0.02,0.021,0.001
2026-07-28T21:32:45.561299+07:00,0.002,0.005,0.003
2026-07-28T21:32:45.565299+07:00,0.013,0.015,0.002
2026-07-28T21:32:45.569299+07:00,0.026,0.027,0.001
2026-07-28T21:32:45.573299+07:00,0.071,0.067,-0.004
2026-07-28T21:32:45.577299+07:00,0.013,0.015,0.002
2026-07-28T21:32:45.581299+07:00,0.036,0.035,-0.0
2026-07-28T21:32:45.585299+07:00,-0.001,0.002,0.003
2026-07-28T21:32:45.589299+07:00,0.037,0.037,-0.0
2026-07-28T21:32:45.593299+07:00,0.031,0.031,0.0
2026-07-28T21:32:45.597299+07:00,0.0,0.004,0.003
2026-07-28T21:32:45.601299+07:00,0.007,0.01,0.003
2026-07-28T21:32:45.605299+07:00,0.052,0.05,-0.002
2026-07-28T21:32:45.609299+07:00,0.034,0.034,-0.0
2026-07-28T21:32:45.613299+07:00,0.066,0.063,-0.003
2026-07-28T21:32:45.617299+07:00,0.035,0.035,-0.0
2026-07-28T21:32:45.621299+07:00,0.057,0.055,-0.002
2026-07-28T21:32:45.625299+07:00,0.056,0.054,-0.002
2026-07-28T21:32:45.629299+07:00,0.018,0.02,0.002
2026-07-28T21:32:45.633299+07:00,0.016,0.018,0.002
2026-07-28T21:32:45.637299+07:00,0.012,0.014,0.002
2026-07-28T21:32:45.641299+07:00,-0.011,-0.006,0.005
2026-07-28T21:32:45.645299+07:00,-0.009,-0.005,0.004
2026-07-28T21:32:45.649299+07:00,0.046,0.045,-0.001
2026-07-28T21:32:45.653299+07:00,0.082,0.077,-0.005
2026-07-28T21:32:45.657299+07:00,0.071,0.067,-0.004
2026-07-28T21:32:45.661299+07:00,0.02,0.021,0.002
2026-07-28T21:32:45.665299+07:00,0.029,0.03,0.001
2026-07-28T21:32:45.669299+07:00,0.068,0.065,-0.003
2026-07-28T21:32:45.673299+07:00,-0.014,-0.009,0.005
2026-07-28T21:32:45.677299+07:00,0.055,0.053,-0.002
2026-07-28T21:32:45.681299+07:00,0.034,0.034,0.0
2026-07-28T21:32:45.685299+07:00,0.02,0.021,0.002
2026-07-28T21:32:45.689299+07:00,0.064,0.062,-0.003
2026-07-28T21:32:45.693299+07:00,0.003,0.006,0.003
2026-07-28T21:32:45.697299+07:00,0.049,0.048,-0.001
2026-07-28T21:32:45.701299+07:00,0.073,0.069,-0.004
2026-07-28T21:32:45.705299+07:00,0.064,0.061,-0.003
2026-07-28T21:32:45.709299+07:00,0.04,0.04,-0.0
2026-07-28T21:32:45.713299+07:00,0.039,0.039,-0.0
2026-07-28T21:32:45.717299+07:00,0.048,0.047,-0.001
2026-07-28T21:32:45.721299+07:00,0.035,0.036,0.0
2026-07-28T21:32:45.725299+07:00,-0.012,-0.007,0.005
2026-07-28T21:32:45.729299+07:00,0.004,0.007,0.003
2026-07-28T21:32:45.733299+07:00,0.057,0.055,-0.002
2026-07-28T21:32:45.737299+07:00,0.043,0.043,-0.0
2026-07-28T21:32:45.741299+07:00,-0.01,-0.004,0.005
2026-07-28T21:32:45.745299+07:00,0.071,0.069,-0.002
2026-07-28T21:32:45.749299+07:00,0.061,0.061,-0.0
2026-07-28T21:32:45.753299+07:00,0.053,0.055,0.002
2026-07-28T21:32:45.757299+07:00,0.045,0.05,0.006
2026-07-28T21:32:45.761299+07:00,0.085,0.089,0.005
2026-07-28T21:32:45.765299+07:00,0.049,0.061,0.012
2026-07-28T21:32:45.769299+07:00,0.055,0.07,0.015
2026-07-28T21:32:45.773299+07:00,0.062,0.079,0.017
2026-07-28T21:32:45.777299+07:00,0.08,0.097,0.016
2026-07-28T21:32:45.781299+07:00,0.057,0.076,0.019
2026-07-28T21:32:45.785299+07:00,0.065,0.081,0.016
2026-07-28T21:32:45.789299+07:00,0.107,0.117,0.009
2026-07-28T21:32:45.793299+07:00,0.06,0.07,0.011
2026-07-28T21:32:45.797299+07:00,0.055,0.063,0.008
2026-07-28T21:32:45.801299+07:00,0.029,0.037,0.007
2026-07-28T21:32:45.805299+07:00,0.053,0.056,0.003
2026-07-28T21:32:45.809299+07:00,0.044,0.046,0.002
2026-07-28T21:32:45.813299+07:00,0.04,0.041,0.001
2026-07-28T21:32:45.817299+07:00,0.041,0.042,0.0
2026-07-28T21:32:45.821299+07:00,0.046,0.046,-0.0
2026-07-28T21:32:45.825299+07:00,0.105,0.099,-0.006
2026-07-28T21:32:45.829299+07:00,0.009,0.012,0.003
2026-07-28T21:32:45.833299+07:00,0.032,0.033,0.001
2026-07-28T21:32:45.837299+07:00,0.043,0.043,-0.0
2026-07-28T21:32:45.841299+07:00,0.069,0.066,-0.004
2026-07-28T21:32:45.845299+07:00,0.026,0.023,-0.003
2026-07-28T21:32:45.849299+07:00,0.006,0.001,-0.005
2026-07-28T21:32:45.853299+07:00,0.002,0.002,0.0
2026-07-28T21:32:45.857299+07:00,0.001,0.009,0.007
2026-07-28T21:32:45.861299+07:00,0.106,0.119,0.012
2026-07-28T21:32:45.865299+07:00,0.113,0.174,0.06
2026-07-28T21:32:45.869299+07:00,0.313,0.462,0.149
2026-07-28T21:32:45.873299+07:00,0.616,0.894,0.277
2026-07-28T21:32:45.877299+07:00,0.819,1.202,0.383
2026-07-28T21:32:45.881299+07:00,0.819,1.202,0.382
2026-07-28T21:32:45.885299+07:00,0.578,0.856,0.278
2026-07-28T21:32:45.889299+07:00,0.307,0.45,0.143
2026-07-28T21:32:45.893299+07:00,0.132,0.178,0.046
2026-07-28T21:32:45.897299+07:00,-0.005,-0.003,0.002
2026-07-28T21:32:45.901299+07:00,-0.052,-0.069,-0.017
2026-07-28T21:32:45.905299+07:00,-0.096,-0.119,-0.023
2026-07-28T21:32:45.909299+07:00,-0.118,-0.142,-0.024
2026-07-28T21:32:45.913299+07:00,-0.099,-0.122,-0.023
2026-07-28T21:32:45.917299+07:00,-0.083,-0.101,-0.018
2026-07-28T21:32:45.921299+07:00,-0.06,-0.071,-0.011
2026-07-28T21:32:45.925299+07:00,0.004,-0.005,-0.009
2026-07-28T21:32:45.929299+07:00,0.027,0.022,-0.005
2026-07-28T21:32:45.933299+07:00,0.054,0.05,-0.004
2026-07-28T21:32:45.937299+07:00,0.006,0.008,0.003
2026-07-28T21:32:45.941299+07:00,0.061,0.059,-0.002
2026-07-28T21:32:45.945299+07:00,0.035,0.036,0.001
2026-07-28T21:32:45.949299+07:00,0.05,0.049,-0.001
2026-07-28T21:32:45.953299+07:00,0.065,0.063,-0.002
2026-07-28T21:32:45.957299+07:00,0.055,0.053,-0.001
2026-07-28T21:32:45.961299+07:00,0.05,0.049,-0.001
2026-07-28T21:32:45.965299+07:00,0.075,0.071,-0.003
2026-07-28T21:32:45.969299+07:00,0.05,0.049,-0.001
2026-07-28T21:32:45.973299+07:00,0.019,0.022,0.002
2026-07-28T21:32:45.977299+07:00,0.033,0.034,0.001
2026-07-28T21:32:45.981299+07:00,0.097,0.092,-0.005
2026-07-28T21:32:45.985299+07:00,0.067,0.065,-0.002
2026-07-28T21:32:45.989299+07:00,0.01,0.013,0.004
2026-07-28T21:32:45.993299+07:00,0.037,0.038,0.001
2026-07-28T21:32:45.997299+07:00,0.017,0.02,0.003
2026-07-28T21:32:46.001299+07:00,0.053,0.053,-0.0
2026-07-28T21:32:46.005299+07:00,0.047,0.048,0.001
2026-07-28T21:32:46.009299+07:00,0.029,0.032,0.003
2026-07-28T21:32:46.013299+07:00,0.074,0.073,-0.001
2026-07-28T21:32:46.017299+07:00,0.05,0.052,0.002
2026-07-28T21:32:46.021299+07:00,0.03,0.035,0.005
2026-07-28T21:32:46.025299+07:00,0.088,0.089,0.001
2026-07-28T21:32:46.029299+07:00,0.039,0.046,0.007
2026-07-28T21:32:46.033299+07:00,0.06,0.067,0.007
2026-07-28T21:32:46.037299+07:00,0.108,0.111,0.004
2026-07-28T21:32:46.041299+07:00,0.06,0.071,0.011
2026-07-28T21:32:46.045299+07:00,0.077,0.088,0.011
2026-07-28T21:32:46.049299+07:00,0.088,0.101,0.013
2026-07-28T21:32:46.053299+07:00,0.119,0.131,0.012
2026-07-28T21:32:46.057299+07:00,0.121,0.136,0.015
2026-07-28T21:32:46.061299+07:00,0.137,0.152,0.015
2026-07-28T21:32:46.065299+07:00,0.114,0.134,0.02
2026-07-28T21:32:46.069299+07:00,0.174,0.19,0.015
2026-07-28T21:32:46.073299+07:00,0.116,0.138,0.022
2026-07-28T21:32:46.077299+07:00,0.138,0.158,0.021
2026-07-28T21:32:46.081299+07:00,0.134,0.155,0.021
2026-07-28T21:32:46.085299+07:00,0.147,0.166,0.019
2026-07-28T21:32:46.089299+07:00,0.139,0.158,0.019
2026-07-28T21:32:46.093299+07:00,0.141,0.158,0.017
2026-07-28T21:32:46.097299+07:00,0.127,0.144,0.016
2026-07-28T21:32:46.101299+07:00,0.083,0.101,0.019
2026-07-28T21:32:46.105299+07:00,0.157,0.165,0.009
2026-07-28T21:32:46.109299+07:00,0.093,0.105,0.012
2026-07-28T21:32:46.113299+07:00,0.094,0.104,0.01
2026-07-28T21:32:46.117299+07:00,0.13,0.134,0.004
2026-07-28T21:32:46.121299+07:00,0.091,0.097,0.006
2026-07-28T21:32:46.125299+07:00,0.071,0.077,0.006
2026-07-28T21:32:46.129299+07:00,0.062,0.067,0.005
2026-07-28T21:32:46.133299+07:00,0.051,0.055,0.004
2026-07-28T21:32:46.137299+07:00,0.039,0.044,0.004
2026-07-28T21:32:46.141299+07:00,0.078,0.078,-0.0
2026-07-28T21:32:46.145299+07:00,0.057,0.058,0.001
2026-07-28T21:32:46.149299+07:00,0.063,0.062,-0.0
2026-07-28T21:32:46.153299+07:00,0.073,0.071,-0.002
2026-07-28T21:32:46.157299+07:00,0.045,0.046,0.001
2026-07-28T21:32:46.161299+07:00,0.07,0.068,-0.002
2026-07-28T21:32:46.165299+07:00,0.076,0.073,-0.003
2026-07-28T21:32:46.169299+07:00,0.071,0.069,-0.002
2026-07-28T21:32:46.173299+07:00,0.031,0.033,0.002
2026-07-28T21:32:46.177299+07:00,0.056,0.055,-0.001
2026-07-28T21:32:46.181299+07:00,0.067,0.065,-0.002
2026-07-28T21:32:46.185299+07:00,0.071,0.068,-0.002
2026-07-28T21:32:46.189299+07:00,0.079,0.076,-0.003
2026-07-28T21:32:46.193299+07:00,0.044,0.044,0.0
2026-07-28T21:32:46.197299+07:00,0.028,0.03,0.002
2026-07-28T21:32:46.201299+07:00,0.036,0.037,0.001
2026-07-28T21:32:46.205299+07:00,0.039,0.04,0.001
2026-07-28T21:32:46.209299+07:00,0.023,0.025,0.003
2026-07-28T21:32:46.213299+07:00,0.036,0.037,0.001
2026-07-28T21:32:46.217299+07:00,0.024,0.026,0.002
2026-07-28T21:32:46.221299+07:00,0.068,0.066,-0.002
2026-07-28T21:32:46.225299+07:00,0.054,0.054,-0.001
2026-07-28T21:32:46.229299+07:00,0.029,0.031,0.002
2026-07-28T21:32:46.233299+07:00,0.057,0.056,-0.001
2026-07-28T21:32:46.237299+07:00,0.027,0.029,0.002
2026-07-28T21:32:46.241299+07:00,0.059,0.058,-0.001
2026-07-28T21:32:46.245299+07:00,0.017,0.021,0.003
2026-07-28T21:32:46.249299+07:00,0.064,0.062,-0.002
2026-07-28T21:32:46.253299+07:00,0.049,0.049,-0.0
2026-07-28T21:32:46.257299+07:00,0.019,0.022,0.003
2026-07-28T21:32:46.261299+07:00,0.041,0.042,0.001
2026-07-28T21:32:46.265299+07:00,0.038,0.039,0.001
2026-07-28T21:32:46.269299+07:00,0.031,0.033,0.002
2026-07-28T21:32:46.273299+07:00,0.028,0.03,0.002
2026-07-28T21:32:46.277299+07:00,0.047,0.047,0.0
2026-07-28T21:32:46.281299+07:00,0.072,0.069,-0.002
2026-07-28T21:32:46.285299+07:00,0.033,0.035,0.002
2026-07-28T21:32:46.289299+07:00,0.068,0.066,-0.002
2026-07-28T21:32:46.293299+07:00,0.052,0.052,-0.0
2026-07-28T21:32:46.297299+07:00,0.019,0.022,0.003
2026-07-28T21:32:46.301299+07:00,0.057,0.056,-0.001
2026-07-28T21:32:46.305299+07:00,0.023,0.025,0.003
2026-07-28T21:32:46.309299+07:00,0.082,0.079,-0.003
2026-07-28T21:32:46.313299+07:00,0.027,0.029,0.002
2026-07-28T21:32:46.317299+07:00,0.051,0.051,-0.0
2026-07-28T21:32:46.321299+07:00,0.045,0.045,0.0
2026-07-28T21:32:46.325299+07:00,0.053,0.053,-0.0
2026-07-28T21:32:46.329299+07:00,0.009,0.013,0.004
2026-07-28T21:32:46.333299+07:00,0.039,0.04,0.001
2026-07-28T21:32:46.337299+07:00,0.036,0.038,0.001
2026-07-28T21:32:46.341299+07:00,0.076,0.073,-0.003
2026-07-28T21:32:46.345299+07:00,0.042,0.042,0.001
2026-07-28T21:32:46.349299+07:00,0.062,0.061,-0.001
2026-07-28T21:32:46.353299+07:00,0.059,0.058,-0.001
2026-07-28T21:32:46.357299+07:00,0.042,0.043,0.001
2026-07-28T21:32:46.361299+07:00,0.032,0.034,0.002
2026-07-28T21:32:46.365299+07:00,0.047,0.048,0.0
2026-07-28T21:32:46.369299+07:00,0.045,0.046,0.0
2026-07-28T21:32:46.373299+07:00,0.042,0.043,0.001
2026-07-28T21:32:46.377299+07:00,0.091,0.087,-0.004
2026-07-28T21:32:46.381299+07:00,0.066,0.064,-0.002
2026-07-28T21:32:46.385299+07:00,0.034,0.035,0.002
2026-07-28T21:32:46.389299+07:00,0.035,0.036,0.002
2026-07-28T21:32:46.393299+07:00,0.025,0.028,0.002
2026-07-28T21:32:46.397299+07:00,0.011,0.015,0.004
2026-07-28T21:32:46.401299+07:00,0.04,0.041,0.001
2026-07-28T21:32:46.405299+07:00,0.093,0.088,-0.004
2026-07-28T21:32:46.409299+07:00,0.045,0.046,0.0
2026-07-28T21:32:46.413299+07:00,0.058,0.057,-0.001
2026-07-28T21:32:46.417299+07:00,0.053,0.052,-0.0
2026-07-28T21:32:46.421299+07:00,0.017,0.02,0.003
2026-07-28T21:32:46.425299+07:00,0.042,0.043,0.001
2026-07-28T21:32:46.429299+07:00,0.051,0.051,-0.0
2026-07-28T21:32:46.433299+07:00,0.053,0.053,-0.0
2026-07-28T21:32:46.437299+07:00,0.075,0.073,-0.003
2026-07-28T21:32:46.441299+07:00,0.046,0.046,0.0
2026-07-28T21:32:46.445299+07:00,0.08,0.077,-0.003
2026-07-28T21:32:46.449299+07:00,0.048,0.048,0.0
2026-07-28T21:32:46.453299+07:00,0.024,0.027,0.003
2026-07-28T21:32:46.457299+07:00,0.084,0.081,-0.003
2026-07-28T21:32:46.461299+07:00,0.027,0.029,0.002
2026-07-28T21:32:46.465299+07:00,0.076,0.073,-0.003
2026-07-28T21:32:46.469299+07:00,0.004,0.008,0.005
2026-07-28T21:32:46.473299+07:00,0.045,0.046,0.0
2026-07-28T21:32:46.477299+07:00,0.069,0.067,-0.002
2026-07-28T21:32:46.481299+07:00,0.053,0.053,-0.0
2026-07-28T21:32:46.485299+07:00,0.07,0.068,-0.002
2026-07-28T21:32:46.489299+07:00,0.059,0.058,-0.001
2026-07-28T21:32:46.493299+07:00,0.094,0.09,-0.004
2026-07-28T21:32:46.497299+07:00,0.055,0.054,-0.0
2026-07-28T21:32:46.501299+07:00,0.05,0.05,0.0
2026-07-28T21:32:46.505299+07:00,0.03,0.032,0.002
2026-07-28T21:32:46.509299+07:00,0.048,0.049,0.0
2026-07-28T21:32:46.513299+07:00,0.069,0.067,-0.002
2026-07-28T21:32:46.517299+07:00,0.081,0.078,-0.003
2026-07-28T21:32:46.521299+07:00,0.076,0.073,-0.003
2026-07-28T21:32:46.525299+07:00,0.033,0.034,0.002
2026-07-28T21:32:46.529299+07:00,0.083,0.08,-0.003
2026-07-28T21:32:46.533299+07:00,0.061,0.06,-0.001
2026-07-28T21:32:46.537299+07:00,0.063,0.062,-0.001
2026-07-28T21:32:46.541299+07:00,0.065,0.064,-0.001
2026-07-28T21:32:46.545299+07:00,0.062,0.062,-0.0
2026-07-28T21:32:46.549299+07:00,0.023,0.028,0.005
2026-07-28T21:32:46.553299+07:00,0.095,0.095,-0.001
2026-07-28T21:32:46.557299+07:00,0.083,0.085,0.003
2026-07-28T21:32:46.561299+07:00,0.084,0.09,0.006
2026-07-28T21:32:46.565299+07:00,0.083,0.092,0.009
2026-07-28T21:32:46.569299+07:00,0.092,0.104,0.012
2026-07-28T21:32:46.573299+07:00,0.077,0.093,0.016
2026-07-28T21:32:46.577299+07:00,0.126,0.139,0.013
2026-07-28T21:32:46.581299+07:00,0.084,0.101,0.017
2026-07-28T21:32:46.585299+07:00,0.112,0.125,0.013
2026-07-28T21:32:46.589299+07:00,0.075,0.088,0.014
2026-07-28T21:32:46.593299+07:00,0.079,0.089,0.01
2026-07-28T21:32:46.597299+07:00,0.085,0.091,0.006
2026-07-28T21:32:46.601299+07:00,0.094,0.096,0.002
2026-07-28T21:32:46.605299+07:00,0.058,0.061,0.003
2026-07-28T21:32:46.609299+07:00,0.031,0.035,0.004
2026-07-28T21:32:46.613299+07:00,0.049,0.05,0.001
2026-07-28T21:32:46.617299+07:00,0.08,0.078,-0.002
2026-07-28T21:32:46.621299+07:00,0.051,0.051,0.0
2026-07-28T21:32:46.625299+07:00,0.01,0.015,0.004
2026-07-28T21:32:46.629299+07:00,0.052,0.051,-0.0
2026-07-28T21:32:46.633299+07:00,0.047,0.047,0.0
2026-07-28T21:32:46.637299+07:00,0.004,0.009,0.005
2026-07-28T21:32:46.641299+07:00,0.034,0.035,0.001
2026-07-28T21:32:46.645299+07:00,0.04,0.037,-0.004
2026-07-28T21:32:46.649299+07:00,0.024,0.018,-0.006
2026-07-28T21:32:46.653299+07:00,0.024,0.023,-0.001
2026-07-28T21:32:46.657299+07:00,0.07,0.071,0.001
2026-07-28T21:32:46.661299+07:00,0.116,0.128,0.012
2026-07-28T21:32:46.665299+07:00,0.15,0.207,0.058
2026-07-28T21:32:46.669299+07:00,0.358,0.504,0.146
2026-07-28T21:32:46.673299+07:00,0.619,0.896,0.278
2026-07-28T21:32:46.677299+07:00,0.811,1.196,0.385
2026-07-28T21:32:46.681299+07:00,0.77,1.158,0.388
2026-07-28T21:32:46.685299+07:00,0.596,0.873,0.277
2026-07-28T21:32:46.689299+07:00,0.32,0.463,0.143
2026-07-28T21:32:46.693299+07:00,0.103,0.152,0.049
2026-07-28T21:32:46.697299+07:00,-0.0,0.003,0.003
2026-07-28T21:32:46.701299+07:00,-0.078,-0.091,-0.014
2026-07-28T21:32:46.705299+07:00,-0.099,-0.12,-0.022
2026-07-28T21:32:46.709299+07:00,-0.095,-0.12,-0.026
2026-07-28T21:32:46.713299+07:00,-0.1,-0.123,-0.022
2026-07-28T21:32:46.717299+07:00,-0.08,-0.097,-0.017
2026-07-28T21:32:46.721299+07:00,-0.019,-0.034,-0.014
2026-07-28T21:32:46.725299+07:00,0.007,-0.002,-0.009
2026-07-28T21:32:46.729299+07:00,0.025,0.021,-0.004
2026-07-28T21:32:46.733299+07:00,0.008,0.009,0.001
2026-07-28T21:32:46.737299+07:00,0.047,0.046,-0.001
2026-07-28T21:32:46.741299+07:00,0.049,0.049,-0.0
2026-07-28T21:32:46.745299+07:00,0.023,0.025,0.002
2026-07-28T21:32:46.749299+07:00,0.058,0.057,-0.001
2026-07-28T21:32:46.753299+07:00,0.061,0.06,-0.001
2026-07-28T21:32:46.757299+07:00,0.04,0.041,0.001
2026-07-28T21:32:46.761299+07:00,0.015,0.018,0.003
2026-07-28T21:32:46.765299+07:00,0.047,0.047,0.0
2026-07-28T21:32:46.769299+07:00,0.033,0.035,0.002
2026-07-28T21:32:46.773299+07:00,0.022,0.025,0.003
2026-07-28T21:32:46.777299+07:00,0.069,0.067,-0.002
2026-07-28T21:32:46.781299+07:00,0.009,0.013,0.004
2026-07-28T21:32:46.785299+07:00,0.056,0.056,-0.001
2026-07-28T21:32:46.789299+07:00,0.069,0.067,-0.002
2026-07-28T21:32:46.793299+07:00,0.065,0.064,-0.001
2026-07-28T21:32:46.797299+07:00,0.047,0.048,0.001
2026-07-28T21:32:46.801299+07:00,0.07,0.068,-0.002
2026-07-28T21:32:46.805299+07:00,0.046,0.048,0.001
2026-07-28T21:32:46.809299+07:00,0.073,0.072,-0.001
2026-07-28T21:32:46.813299+07:00,0.056,0.057,0.001
2026-07-28T21:32:46.817299+07:00,0.071,0.071,0.0
2026-07-28T21:32:46.821299+07:00,0.096,0.094,-0.001
2026-07-28T21:32:46.825299+07:00,0.093,0.093,0.0
2026-07-28T21:32:46.829299+07:00,0.098,0.099,0.001
2026-07-28T21:32:46.833299+07:00,0.036,0.045,0.009
2026-07-28T21:32:46.837299+07:00,0.092,0.097,0.006
2026-07-28T21:32:46.841299+07:00,0.079,0.088,0.009
2026-07-28T21:32:46.845299+07:00,0.094,0.104,0.01
2026-07-28T21:32:46.849299+07:00,0.113,0.123,0.011
2026-07-28T21:32:46.853299+07:00,0.113,0.126,0.013
2026-07-28T21:32:46.857299+07:00,0.108,0.124,0.016
2026-07-28T21:32:46.861299+07:00,0.126,0.142,0.017
2026-07-28T21:32:46.865299+07:00,0.16,0.175,0.015
2026-07-28T21:32:46.869299+07:00,0.165,0.181,0.016
2026-07-28T21:32:46.873299+07:00,0.116,0.138,0.022
2026-07-28T21:32:46.877299+07:00,0.139,0.16,0.021
2026-07-28T21:32:46.881299+07:00,0.16,0.179,0.019
2026-07-28T21:32:46.885299+07:00,0.131,0.152,0.021
2026-07-28T21:32:46.889299+07:00,0.101,0.123,0.023
2026-07-28T21:32:46.893299+07:00,0.151,0.167,0.016
2026-07-28T21:32:46.897299+07:00,0.151,0.165,0.014
2026-07-28T21:32:46.901299+07:00,0.154,0.165,0.011
2026-07-28T21:32:46.905299+07:00,0.099,0.113,0.014
2026-07-28T21:32:46.909299+07:00,0.105,0.116,0.011
2026-07-28T21:32:46.913299+07:00,0.097,0.106,0.009
2026-07-28T21:32:46.917299+07:00,0.09,0.098,0.008
2026-07-28T21:32:46.921299+07:00,0.074,0.082,0.007
2026-07-28T21:32:46.925299+07:00,0.089,0.093,0.004
2026-07-28T21:32:46.929299+07:00,0.102,0.102,0.001
2026-07-28T21:32:46.933299+07:00,0.042,0.048,0.005
2026-07-28T21:32:46.937299+07:00,0.077,0.077,0.001
2026-07-28T21:32:46.941299+07:00,0.076,0.076,-0.0
2026-07-28T21:32:46.945299+07:00,0.026,0.03,0.004
2026-07-28T21:32:46.949299+07:00,0.078,0.077,-0.002
2026-07-28T21:32:46.953299+07:00,0.079,0.076,-0.002
2026-07-28T21:32:46.957299+07:00,0.049,0.049,0.0
2026-07-28T21:32:46.961299+07:00,0.055,0.054,-0.001
2026-07-28T21:32:46.965299+07:00,0.072,0.07,-0.002
2026-07-28T21:32:46.969299+07:00,0.014,0.017,0.003
2026-07-28T21:32:46.973299+07:00,0.055,0.054,-0.001
2026-07-28T21:32:46.977299+07:00,0.043,0.044,0.0
2026-07-28T21:32:46.981299+07:00,0.025,0.027,0.002
2026-07-28T21:32:46.985299+07:00,0.042,0.042,0.0
2026-07-28T21:32:46.989299+07:00,0.044,0.044,0.0
2026-07-28T21:32:46.993299+07:00,0.031,0.032,0.001
2026-07-28T21:32:46.997299+07:00,0.033,0.034,0.001
2026-07-28T21:32:47.001299+07:00,0.072,0.07,-0.003
2026-07-28T21:32:47.005299+07:00,0.099,0.094,-0.005
2026-07-28T21:32:47.009299+07:00,0.063,0.062,-0.002
2026-07-28T21:32:47.013299+07:00,0.055,0.054,-0.001
2026-07-28T21:32:47.017299+07:00,0.062,0.06,-0.002
2026-07-28T21:32:47.021299+07:00,0.036,0.036,0.001
2026-07-28T21:32:47.025299+07:00,0.013,0.017,0.003
2026-07-28T21:32:47.029299+07:00,0.056,0.055,-0.001
2026-07-28T21:32:47.033299+07:00,0.034,0.035,0.001
2026-07-28T21:32:47.037299+07:00,0.076,0.073,-0.003
2026-07-28T21:32:47.041299+07:00,0.036,0.037,0.001
2026-07-28T21:32:47.045299+07:00,0.027,0.029,0.002
2026-07-28T21:32:47.049299+07:00,0.042,0.042,0.0
2026-07-28T21:32:47.053299+07:00,0.084,0.08,-0.004
2026-07-28T21:32:47.057299+07:00,-0.006,-0.001,0.005
2026-07-28T21:32:47.061299+07:00,0.038,0.038,0.001
2026-07-28T21:32:47.065299+07:00,0.023,0.025,0.002
2026-07-28T21:32:47.069299+07:00,0.073,0.07,-0.003
2026-07-28T21:32:47.073299+07:00,0.028,0.029,0.002
2026-07-28T21:32:47.077299+07:00,0.024,0.026,0.002
2026-07-28T21:32:47.081299+07:00,0.052,0.051,-0.001
2026-07-28T21:32:47.085299+07:00,0.028,0.03,0.001
2026-07-28T21:32:47.089299+07:00,0.052,0.051,-0.001
2026-07-28T21:32:47.093299+07:00,0.07,0.067,-0.003
2026-07-28T21:32:47.097299+07:00,0.014,0.017,0.003
2026-07-28T21:32:47.101299+07:00,0.02,0.023,0.002
2026-07-28T21:32:47.105299+07:00,0.043,0.043,-0.0
2026-07-28T21:32:47.109299+07:00,0.018,0.02,0.002
2026-07-28T21:32:47.113299+07:00,0.027,0.028,0.002
2026-07-28T21:32:47.117299+07:00,0.051,0.05,-0.001
2026-07-28T21:32:47.121299+07:00,0.071,0.069,-0.003
2026-07-28T21:32:47.125299+07:00,0.023,0.025,0.002
2026-07-28T21:32:47.129299+07:00,0.044,0.044,-0.0
2026-07-28T21:32:47.133299+07:00,0.03,0.032,0.001
2026-07-28T21:32:47.137299+07:00,0.058,0.057,-0.002
2026-07-28T21:32:47.141299+07:00,0.024,0.026,0.002
2026-07-28T21:32:47.145299+07:00,0.088,0.083,-0.005
2026-07-28T21:32:47.149299+07:00,0.081,0.077,-0.004
2026-07-28T21:32:47.153299+07:00,0.056,0.054,-0.001
2026-07-28T21:32:47.157299+07:00,0.075,0.072,-0.003
2026-07-28T21:32:47.161299+07:00,0.029,0.03,0.001
2026-07-28T21:32:47.165299+07:00,0.012,0.015,0.003
2026-07-28T21:32:47.169299+07:00,0.059,0.057,-0.002
2026-07-28T21:32:47.173299+07:00,0.048,0.048,-0.001
2026-07-28T21:32:47.177299+07:00,0.05,0.049,-0.001
2026-07-28T21:32:47.181299+07:00,0.035,0.036,0.0
2026-07-28T21:32:47.185299+07:00,0.024,0.026,0.002
2026-07-28T21:32:47.189299+07:00,0.014,0.016,0.003
2026-07-28T21:32:47.193299+07:00,0.07,0.067,-0.003
2026-07-28T21:32:47.197299+07:00,0.011,0.014,0.003
2026-07-28T21:32:47.201299+07:00,0.049,0.048,-0.001
2026-07-28T21:32:47.205299+07:00,0.069,0.066,-0.003
2026-07-28T21:32:47.209299+07:00,0.03,0.031,0.001
2026-07-28T21:32:47.213299+07:00,0.028,0.029,0.001
2026-07-28T21:32:47.217299+07:00,0.019,0.021,0.002
2026-07-28T21:32:47.221299+07:00,0.068,0.065,-0.003
2026-07-28T21:32:47.225299+07:00,0.062,0.059,-0.002
2026-07-28T21:32:47.229299+07:00,0.002,0.005,0.004
2026-07-28T21:32:47.233299+07:00,0.077,0.074,-0.004
2026-07-28T21:32:47.237299+07:00,0.058,0.056,-0.002
2026-07-28T21:32:47.241299+07:00,0.039,0.039,-0.0
2026-07-28T21:32:47.245299+07:00,0.058,0.056,-0.002
2026-07-28T21:32:47.249299+07:00,-0.024,-0.018,0.006
2026-07-28T21:32:47.253299+07:00,0.04,0.04,-0.0
2026-07-28T21:32:47.257299+07:00,0.026,0.027,0.001
2026-07-28T21:32:47.261299+07:00,-0.016,-0.011,0.005
2026-07-28T21:32:47.265299+07:00,0.088,0.083,-0.005
2026-07-28T21:32:47.269299+07:00,0.017,0.019,0.002
2026-07-28T21:32:47.273299+07:00,0.064,0.061,-0.003
2026-07-28T21:32:47.277299+07:00,0.066,0.063,-0.003
2026-07-28T21:32:47.281299+07:00,0.026,0.027,0.001
2026-07-28T21:32:47.285299+07:00,0.053,0.052,-0.002
2026-07-28T21:32:47.289299+07:00,0.025,0.026,0.001
2026-07-28T21:32:47.293299+07:00,0.049,0.048,-0.001
2026-07-28T21:32:47.297299+07:00,0.038,0.038,-0.0
2026-07-28T21:32:47.301299+07:00,0.046,0.045,-0.001
2026-07-28T21:32:47.305299+07:00,0.05,0.049,-0.001
2026-07-28T21:32:47.309299+07:00,0.036,0.036,0.0
2026-07-28T21:32:47.313299+07:00,0.052,0.05,-0.002
2026-07-28T21:32:47.317299+07:00,0.032,0.032,0.0
2026-07-28T21:32:47.321299+07:00,0.047,0.046,-0.001
2026-07-28T21:32:47.325299+07:00,0.038,0.038,-0.0
2026-07-28T21:32:47.329299+07:00,0.027,0.028,0.001
2026-07-28T21:32:47.333299+07:00,0.046,0.045,-0.001
2026-07-28T21:32:47.337299+07:00,0.031,0.032,0.001
2026-07-28T21:32:47.341299+07:00,0.065,0.062,-0.002
2026-07-28T21:32:47.345299+07:00,0.045,0.045,0.0
2026-07-28T21:32:47.349299+07:00,0.047,0.048,0.001
2026-07-28T21:32:47.353299+07:00,0.024,0.029,0.005
2026-07-28T21:32:47.357299+07:00,0.05,0.055,0.005
2026-07-28T21:32:47.361299+07:00,0.068,0.073,0.006
2026-07-28T21:32:47.365299+07:00,0.067,0.076,0.009
2026-07-28T21:32:47.369299+07:00,0.098,0.108,0.01
2026-07-28T21:32:47.373299+07:00,0.079,0.093,0.015
2026-07-28T21:32:47.377299+07:00,0.071,0.088,0.017
2026-07-28T21:32:47.381299+07:00,0.072,0.088,0.017
2026-07-28T21:32:47.385299+07:00,0.062,0.078,0.016
2026-07-28T21:32:47.389299+07:00,0.059,0.072,0.014
2026-07-28T21:32:47.393299+07:00,0.076,0.084,0.008
2026-07-28T21:32:47.397299+07:00,0.071,0.076,0.005
2026-07-28T21:32:47.401299+07:00,0.035,0.041,0.006
2026-07-28T21:32:47.405299+07:00,0.07,0.07,0.0
2026-07-28T21:32:47.409299+07:00,0.086,0.083,-0.003
2026-07-28T21:32:47.413299+07:00,0.034,0.035,0.001
2026-07-28T21:32:47.417299+07:00,0.059,0.057,-0.002
2026-07-28T21:32:47.421299+07:00,0.041,0.04,-0.001
2026-07-28T21:32:47.425299+07:00,0.025,0.026,0.001
2026-07-28T21:32:47.429299+07:00,0.011,0.013,0.002
2026-07-28T21:32:47.433299+07:00,0.048,0.046,-0.002
2026-07-28T21:32:47.437299+07:00,0.066,0.062,-0.003
2026-07-28T21:32:47.441299+07:00,0.042,0.04,-0.002
2026-07-28T21:32:47.445299+07:00,0.021,0.018,-0.003
2026-07-28T21:32:47.449299+07:00,-0.016,-0.02,-0.004
2026-07-28T21:32:47.453299+07:00,0.045,0.04,-0.005
2026-07-28T21:32:47.457299+07:00,0.046,0.048,0.002
2026-07-28T21:32:47.461299+07:00,0.01,0.031,0.021
2026-07-28T21:32:47.465299+07:00,0.135,0.192,0.057
2026-07-28T21:32:47.469299+07:00,0.334,0.48,0.146
2026-07-28T21:32:47.473299+07:00,0.613,0.89,0.276
2026-07-28T21:32:47.477299+07:00,0.789,1.174,0.385
2026-07-28T21:32:47.481299+07:00,0.779,1.164,0.385
2026-07-28T21:32:47.485299+07:00,0.545,0.825,0.28
2026-07-28T21:32:47.489299+07:00,0.323,0.464,0.14
2026-07-28T21:32:47.493299+07:00,0.137,0.181,0.044
2026-07-28T21:32:47.497299+07:00,-0.002,-0.002,0.001
2026-07-28T21:32:47.501299+07:00,-0.061,-0.079,-0.017
2026-07-28T21:32:47.505299+07:00,-0.082,-0.107,-0.026
2026-07-28T21:32:47.509299+07:00,-0.121,-0.146,-0.025
2026-07-28T21:32:47.513299+07:00,-0.093,-0.118,-0.025
2026-07-28T21:32:47.517299+07:00,-0.089,-0.108,-0.018
2026-07-28T21:32:47.521299+07:00,-0.028,-0.043,-0.015
2026-07-28T21:32:47.525299+07:00,0.01,-0.001,-0.011
2026-07-28T21:32:47.529299+07:00,-0.03,-0.031,-0.001
2026-07-28T21:32:47.533299+07:00,0.025,0.022,-0.003
2026-07-28T21:32:47.537299+07:00,-0.015,-0.012,0.003
2026-07-28T21:32:47.541299+07:00,0.02,0.02,0.0
2026-07-28T21:32:47.545299+07:00,0.016,0.017,0.001
2026-07-28T21:32:47.549299+07:00,0.034,0.033,-0.001
2026-07-28T21:32:47.553299+07:00,-0.011,-0.008,0.004
2026-07-28T21:32:47.557299+07:00,0.042,0.04,-0.001
2026-07-28T21:32:47.561299+07:00,0.054,0.052,-0.003
2026-07-28T21:32:47.565299+07:00,0.02,0.021,0.001
2026-07-28T21:32:47.569299+07:00,0.032,0.031,-0.0
2026-07-28T21:32:47.573299+07:00,0.022,0.023,0.0
2026-07-28T21:32:47.577299+07:00,0.031,0.03,-0.0
2026-07-28T21:32:47.581299+07:00,0.036,0.035,-0.001
2026-07-28T21:32:47.585299+07:00,0.013,0.015,0.001
2026-07-28T21:32:47.589299+07:00,0.025,0.026,0.0
2026-07-28T21:32:47.593299+07:00,0.032,0.032,-0.0
2026-07-28T21:32:47.597299+07:00,0.034,0.033,-0.0
2026-07-28T21:32:47.601299+07:00,0.065,0.062,-0.003
2026-07-28T21:32:47.605299+07:00,0.03,0.03,0.001
2026-07-28T21:32:47.609299+07:00,0.03,0.031,0.001
2026-07-28T21:32:47.613299+07:00,0.037,0.038,0.001
2026-07-28T21:32:47.617299+07:00,0.046,0.047,0.001
2026-07-28T21:32:47.621299+07:00,0.051,0.052,0.001
2026-07-28T21:32:47.625299+07:00,0.028,0.033,0.004
2026-07-28T21:32:47.629299+07:00,0.033,0.039,0.005
2026-07-28T21:32:47.633299+07:00,0.076,0.079,0.003
2026-07-28T21:32:47.637299+07:00,0.028,0.037,0.01
2026-07-28T21:32:47.641299+07:00,0.051,0.061,0.009
2026-07-28T21:32:47.645299+07:00,0.061,0.072,0.011
2026-07-28T21:32:47.649299+07:00,0.057,0.071,0.014
2026-07-28T21:32:47.653299+07:00,0.089,0.102,0.013
2026-07-28T21:32:47.657299+07:00,0.09,0.105,0.015
2026-07-28T21:32:47.661299+07:00,0.136,0.149,0.013
2026-07-28T21:32:47.665299+07:00,0.122,0.138,0.017
2026-07-28T21:32:47.669299+07:00,0.131,0.148,0.017
2026-07-28T21:32:47.673299+07:00,0.114,0.134,0.02
2026-07-28T21:32:47.677299+07:00,0.116,0.136,0.021
2026-07-28T21:32:47.681299+07:00,0.106,0.128,0.022
2026-07-28T21:32:47.685299+07:00,0.117,0.137,0.02
2026-07-28T21:32:47.689299+07:00,0.109,0.128,0.019
2026-07-28T21:32:47.693299+07:00,0.135,0.15,0.015
2026-07-28T21:32:47.697299+07:00,0.09,0.108,0.018
2026-07-28T21:32:47.701299+07:00,0.121,0.133,0.012
2026-07-28T21:32:47.705299+07:00,0.028,0.047,0.019
2026-07-28T21:32:47.709299+07:00,0.079,0.09,0.011
2026-07-28T21:32:47.713299+07:00,0.061,0.072,0.011
2026-07-28T21:32:47.717299+07:00,0.09,0.095,0.005
2026-07-28T21:32:47.721299+07:00,0.07,0.075,0.005
2026-07-28T21:32:47.725299+07:00,0.053,0.058,0.005
2026-07-28T21:32:47.729299+07:00,0.019,0.025,0.006
2026-07-28T21:32:47.733299+07:00,0.043,0.046,0.002
2026-07-28T21:32:47.737299+07:00,0.011,0.016,0.004
2026-07-28T21:32:47.741299+07:00,0.031,0.033,0.002
2026-07-28T21:32:47.745299+07:00,0.021,0.023,0.002
2026-07-28T21:32:47.749299+07:00,0.026,0.027,0.001
2026-07-28T21:32:47.753299+07:00,0.025,0.025,0.0
2026-07-28T21:32:47.757299+07:00,0.042,0.04,-0.002
2026-07-28T21:32:47.761299+07:00,0.019,0.02,0.0
2026-07-28T21:32:47.765299+07:00,0.033,0.032,-0.001
2026-07-28T21:32:47.769299+07:00,-0.003,-0.001,0.002
2026-07-28T21:32:47.773299+07:00,0.032,0.031,-0.001
2026-07-28T21:32:47.777299+07:00,0.029,0.028,-0.001
2026-07-28T21:32:47.781299+07:00,0.034,0.033,-0.002
2026-07-28T21:32:47.785299+07:00,-0.007,-0.004,0.002
2026-07-28T21:32:47.789299+07:00,0.011,0.011,0.001
2026-07-28T21:32:47.793299+07:00,-0.003,-0.001,0.002
2026-07-28T21:32:47.797299+07:00,0.032,0.031,-0.002
2026-07-28T21:32:47.801299+07:00,0.025,0.024,-0.001
2026-07-28T21:32:47.805299+07:00,0.015,0.015,0.0
2026-07-28T21:32:47.809299+07:00,0.018,0.018,-0.0
2026-07-28T21:32:47.813299+07:00,-0.001,0.001,0.002
2026-07-28T21:32:47.817299+07:00,0.004,0.005,0.001
2026-07-28T21:32:47.821299+07:00,0.024,0.023,-0.001
2026-07-28T21:32:47.825299+07:00,0.019,0.019,-0.0
2026-07-28T21:32:47.829299+07:00,0.019,0.018,-0.0
2026-07-28T21:32:47.833299+07:00,0.053,0.049,-0.004
2026-07-28T21:32:47.837299+07:00,0.045,0.042,-0.003
2026-07-28T21:32:47.841299+07:00,-0.011,-0.008,0.003
2026-07-28T21:32:47.845299+07:00,0.012,0.012,0.0
2026-07-28T21:32:47.849299+07:00,0.009,0.009,0.001
2026-07-28T21:32:47.853299+07:00,0.029,0.028,-0.002
2026-07-28T21:32:47.857299+07:00,0.005,0.006,0.001
2026-07-28T21:32:47.861299+07:00,0.017,0.016,-0.0
2026-07-28T21:32:47.865299+07:00,-0.02,-0.017,0.003
2026-07-28T21:32:47.869299+07:00,0.005,0.006,0.001
2026-07-28T21:32:47.873299+07:00,0.046,0.043,-0.003
2026-07-28T21:32:47.877299+07:00,0.017,0.017,-0.0
2026-07-28T21:32:47.881299+07:00,0.042,0.039,-0.003
2026-07-28T21:32:47.885299+07:00,0.012,0.012,0.0
2026-07-28T21:32:47.889299+07:00,0.049,0.045,-0.004
2026-07-28T21:32:47.893299+07:00,0.032,0.03,-0.002
2026-07-28T21:32:47.897299+07:00,0.026,0.025,-0.001
2026-07-28T21:32:47.901299+07:00,0.021,0.02,-0.001
2026-07-28T21:32:47.905299+07:00,0.007,0.008,0.0
2026-07-28T21:32:47.909299+07:00,-0.01,-0.008,0.002
2026-07-28T21:32:47.913299+07:00,-0.005,-0.003,0.002
2026-07-28T21:32:47.917299+07:00,0.014,0.014,-0.0
2026-07-28T21:32:47.921299+07:00,-0.013,-0.01,0.002
2026-07-28T21:32:47.925299+07:00,-0.024,-0.02,0.003
2026-07-28T21:32:47.929299+07:00,-0.0,0.001,0.001
2026-07-28T21:32:47.933299+07:00,0.008,0.009,0.0
2026-07-28T21:32:47.937299+07:00,-0.006,-0.004,0.002
2026-07-28T21:32:47.941299+07:00,0.006,0.006,0.0
2026-07-28T21:32:47.945299+07:00,0.035,0.033,-0.003
2026-07-28T21:32:47.949299+07:00,0.023,0.022,-0.001
2026-07-28T21:32:47.953299+07:00,-0.015,-0.012,0.002
2026-07-28T21:32:47.957299+07:00,0.002,0.003,0.001
2026-07-28T21:32:47.961299+07:00,0.003,0.003,0.001
2026-07-28T21:32:47.965299+07:00,0.004,0.005,0.0
2026-07-28T21:32:47.969299+07:00,0.009,0.009,-0.0
2026-07-28T21:32:47.973299+07:00,0.024,0.023,-0.002
2026-07-28T21:32:47.977299+07:00,-0.012,-0.01,0.002
2026-07-28T21:32:47.981299+07:00,0.003,0.003,0.001
2026-07-28T21:32:47.985299+07:00,0.016,0.015,-0.001
2026-07-28T21:32:47.989299+07:00,0.014,0.014,-0.001
2026-07-28T21:32:47.993299+07:00,0.044,0.041,-0.004
2026-07-28T21:32:47.997299+07:00,0.013,0.012,-0.0
2026-07-28T21:32:48.001299+07:00,0.058,0.053,-0.005
2026-07-28T21:32:48.005299+07:00,0.043,0.039,-0.004
2026-07-28T21:32:48.009299+07:00,-0.005,-0.004,0.001
2026-07-28T21:32:48.013299+07:00,0.01,0.01,-0.0
2026-07-28T21:32:48.017299+07:00,-0.02,-0.017,0.003
2026-07-28T21:32:48.021299+07:00,0.019,0.018,-0.001
2026-07-28T21:32:48.025299+07:00,0.012,0.011,-0.001
2026-07-28T21:32:48.029299+07:00,-0.01,-0.008,0.002
2026-07-28T21:32:48.033299+07:00,-0.0,0.001,0.001
2026-07-28T21:32:48.037299+07:00,0.009,0.009,-0.0
2026-07-28T21:32:48.041299+07:00,-0.01,-0.008,0.002
2026-07-28T21:32:48.045299+07:00,0.016,0.015,-0.001
2026-07-28T21:32:48.049299+07:00,0.018,0.016,-0.001
2026-07-28T21:32:48.053299+07:00,0.018,0.016,-0.001
2026-07-28T21:32:48.057299+07:00,-0.046,-0.041,0.005
2026-07-28T21:32:48.061299+07:00,0.018,0.017,-0.001
2026-07-28T21:32:48.065299+07:00,-0.0,0.0,0.001
2026-07-28T21:32:48.069299+07:00,0.003,0.003,0.0
2026-07-28T21:32:48.073299+07:00,-0.001,-0.001,0.001
2026-07-28T21:32:48.077299+07:00,0.015,0.014,-0.001
2026-07-28T21:32:48.081299+07:00,0.003,0.003,0.0
2026-07-28T21:32:48.085299+07:00,0.029,0.027,-0.003
2026-07-28T21:32:48.089299+07:00,0.024,0.022,-0.002
2026-07-28T21:32:48.093299+07:00,0.039,0.036,-0.004
2026-07-28T21:32:48.097299+07:00,-0.001,-0.001,0.0
2026-07-28T21:32:48.101299+07:00,-0.03,-0.026,0.003
2026-07-28T21:32:48.105299+07:00,0.002,0.002,0.0
2026-07-28T21:32:48.109299+07:00,0.01,0.009,-0.001
2026-07-28T21:32:48.113299+07:00,0.031,0.028,-0.003
2026-07-28T21:32:48.117299+07:00,-0.016,-0.014,0.002
2026-07-28T21:32:48.121299+07:00,-0.015,-0.014,0.002
2026-07-28T21:32:48.125299+07:00,-0.026,-0.023,0.003
2026-07-28T21:32:48.129299+07:00,-0.009,-0.008,0.001
2026-07-28T21:32:48.133299+07:00,-0.003,-0.002,0.001
2026-07-28T21:32:48.137299+07:00,0.003,0.003,0.0
2026-07-28T21:32:48.141299+07:00,-0.005,-0.004,0.001
2026-07-28T21:32:48.145299+07:00,-0.041,-0.036,0.005
2026-07-28T21:32:48.149299+07:00,0.018,0.018,0.0
2026-07-28T21:32:48.153299+07:00,0.043,0.042,-0.0
2026-07-28T21:32:48.157299+07:00,0.045,0.047,0.002
2026-07-28T21:32:48.161299+07:00,0.024,0.031,0.007
2026-07-28T21:32:48.165299+07:00,0.017,0.028,0.011
2026-07-28T21:32:48.169299+07:00,0.026,0.039,0.014
2026-07-28T21:32:48.173299+07:00,0.004,0.022,0.019
2026-07-28T21:32:48.177299+07:00,0.035,0.052,0.017
2026-07-28T21:32:48.181299+07:00,0.06,0.075,0.014
2026-07-28T21:32:48.185299+07:00,0.031,0.047,0.016
2026-07-28T21:32:48.189299+07:00,0.025,0.038,0.014
2026-07-28T21:32:48.193299+07:00,0.029,0.038,0.01
2026-07-28T21:32:48.197299+07:00,-0.007,0.003,0.01
2026-07-28T21:32:48.201299+07:00,0.008,0.013,0.005
2026-07-28T21:32:48.205299+07:00,-0.014,-0.009,0.005
2026-07-28T21:32:48.209299+07:00,0.033,0.032,-0.001
2026-07-28T21:32:48.213299+07:00,0.047,0.043,-0.004
2026-07-28T21:32:48.217299+07:00,-0.009,-0.008,0.001
2026-07-28T21:32:48.221299+07:00,0.008,0.007,-0.001
2026-07-28T21:32:48.225299+07:00,-0.019,-0.017,0.002
2026-07-28T21:32:48.229299+07:00,-0.003,-0.003,0.0
2026-07-28T21:32:48.233299+07:00,-0.002,-0.002,-0.0
2026-07-28T21:32:48.237299+07:00,-0.022,-0.02,0.002
2026-07-28T21:32:48.241299+07:00,0.023,0.019,-0.003
2026-07-28T21:32:48.245299+07:00,-0.016,-0.02,-0.003
2026-07-28T21:32:48.249299+07:00,-0.018,-0.025,-0.007
2026-07-28T21:32:48.253299+07:00,0.018,0.012,-0.006
2026-07-28T21:32:48.257299+07:00,0.005,0.007,0.002
2026-07-28T21:32:48.261299+07:00,0.031,0.046,0.015
2026-07-28T21:32:48.265299+07:00,0.104,0.161,0.057
2026-07-28T21:32:48.269299+07:00,0.322,0.466,0.144
2026-07-28T21:32:48.273299+07:00,0.575,0.852,0.277
2026-07-28T21:32:48.277299+07:00,0.771,1.154,0.383
2026-07-28T21:32:48.281299+07:00,0.753,1.137,0.384
2026-07-28T21:32:48.285299+07:00,0.519,0.799,0.279
2026-07-28T21:32:48.289299+07:00,0.259,0.402,0.143
2026-07-28T21:32:48.293299+07:00,0.063,0.111,0.048
2026-07-28T21:32:48.297299+07:00,-0.047,-0.045,0.002
2026-07-28T21:32:48.301299+07:00,-0.095,-0.112,-0.017
2026-07-28T21:32:48.305299+07:00,-0.151,-0.173,-0.022
2026-07-28T21:32:48.309299+07:00,-0.15,-0.176,-0.026
2026-07-28T21:32:48.313299+07:00,-0.16,-0.182,-0.022
2026-07-28T21:32:48.317299+07:00,-0.111,-0.131,-0.02
2026-07-28T21:32:48.321299+07:00,-0.105,-0.117,-0.011
2026-07-28T21:32:48.325299+07:00,-0.077,-0.083,-0.006
2026-07-28T21:32:48.329299+07:00,-0.046,-0.049,-0.003
2026-07-28T21:32:48.333299+07:00,-0.018,-0.02,-0.002
2026-07-28T21:32:48.337299+07:00,0.031,0.026,-0.005
2026-07-28T21:32:48.341299+07:00,-0.007,-0.007,-0.001
2026-07-28T21:32:48.345299+07:00,0.011,0.009,-0.002
2026-07-28T21:32:48.349299+07:00,-0.052,-0.048,0.004
2026-07-28T21:32:48.353299+07:00,0.017,0.015,-0.003
2026-07-28T21:32:48.357299+07:00,-0.044,-0.041,0.004
2026-07-28T21:32:48.361299+07:00,-0.022,-0.021,0.001
2026-07-28T21:32:48.365299+07:00,0.005,0.003,-0.001
2026-07-28T21:32:48.369299+07:00,-0.016,-0.016,0.001
2026-07-28T21:32:48.373299+07:00,-0.021,-0.02,0.001
2026-07-28T21:32:48.377299+07:00,-0.003,-0.003,-0.001
2026-07-28T21:32:48.381299+07:00,-0.001,-0.002,-0.001
2026-07-28T21:32:48.385299+07:00,-0.018,-0.017,0.001
2026-07-28T21:32:48.389299+07:00,0.005,0.004,-0.001
2026-07-28T21:32:48.393299+07:00,-0.007,-0.007,-0.0
2026-07-28T21:32:48.397299+07:00,-0.037,-0.034,0.003
2026-07-28T21:32:48.401299+07:00,0.007,0.006,-0.001
2026-07-28T21:32:48.405299+07:00,-0.011,-0.01,0.001
2026-07-28T21:32:48.409299+07:00,0.016,0.015,-0.001
2026-07-28T21:32:48.413299+07:00,-0.011,-0.009,0.002
2026-07-28T21:32:48.417299+07:00,-0.008,-0.005,0.002
2026-07-28T21:32:48.421299+07:00,0.005,0.007,0.002
2026-07-28T21:32:48.425299+07:00,-0.017,-0.012,0.005
2026-07-28T21:32:48.429299+07:00,-0.003,0.002,0.005
2026-07-28T21:32:48.433299+07:00,0.049,0.051,0.002
2026-07-28T21:32:48.437299+07:00,0.025,0.031,0.006
2026-07-28T21:32:48.441299+07:00,0.032,0.04,0.008
2026-07-28T21:32:48.445299+07:00,-0.008,0.006,0.014
2026-07-28T21:32:48.449299+07:00,0.039,0.051,0.012
2026-07-28T21:32:48.453299+07:00,0.059,0.071,0.012
2026-07-28T21:32:48.457299+07:00,0.064,0.078,0.014
2026-07-28T21:32:48.461299+07:00,0.052,0.07,0.018
2026-07-28T21:32:48.465299+07:00,0.103,0.118,0.015
2026-07-28T21:32:48.469299+07:00,0.061,0.082,0.021
2026-07-28T21:32:48.473299+07:00,0.078,0.098,0.02
2026-07-28T21:32:48.477299+07:00,0.069,0.09,0.022
2026-07-28T21:32:48.481299+07:00,0.08,0.1,0.02
2026-07-28T21:32:48.485299+07:00,0.068,0.089,0.021
2026-07-28T21:32:48.489299+07:00,0.083,0.101,0.018
2026-07-28T21:32:48.493299+07:00,0.091,0.107,0.016
2026-07-28T21:32:48.497299+07:00,0.062,0.079,0.017
2026-07-28T21:32:48.501299+07:00,0.045,0.061,0.016
2026-07-28T21:32:48.505299+07:00,0.047,0.06,0.013
2026-07-28T21:32:48.509299+07:00,0.06,0.07,0.009
2026-07-28T21:32:48.513299+07:00,0.013,0.025,0.012
2026-07-28T21:32:48.517299+07:00,0.051,0.057,0.005
2026-07-28T21:32:48.521299+07:00,0.006,0.014,0.008
2026-07-28T21:32:48.525299+07:00,0.016,0.021,0.005
2026-07-28T21:32:48.529299+07:00,0.014,0.017,0.003
2026-07-28T21:32:48.533299+07:00,0.038,0.038,-0.001
2026-07-28T21:32:48.537299+07:00,0.002,0.004,0.002
2026-07-28T21:32:48.541299+07:00,-0.01,-0.008,0.002
2026-07-28T21:32:48.545299+07:00,-0.032,-0.029,0.003
2026-07-28T21:32:48.549299+07:00,-0.014,-0.013,0.001
2026-07-28T21:32:48.553299+07:00,-0.037,-0.034,0.003
2026-07-28T21:32:48.557299+07:00,-0.051,-0.047,0.004
2026-07-28T21:32:48.561299+07:00,0.014,0.011,-0.003
2026-07-28T21:32:48.565299+07:00,-0.006,-0.007,-0.001
2026-07-28T21:32:48.569299+07:00,-0.01,-0.01,-0.001
2026-07-28T21:32:48.573299+07:00,-0.003,-0.005,-0.001
2026-07-28T21:32:48.577299+07:00,-0.019,-0.019,0.0
2026-07-28T21:32:48.581299+07:00,-0.06,-0.056,0.004
2026-07-28T21:32:48.585299+07:00,-0.02,-0.02,0.0
2026-07-28T21:32:48.589299+07:00,-0.018,-0.019,-0.0
2026-07-28T21:32:48.593299+07:00,-0.007,-0.009,-0.001
2026-07-28T21:32:48.597299+07:00,-0.042,-0.039,0.002
2026-07-28T21:32:48.601299+07:00,-0.004,-0.005,-0.002
2026-07-28T21:32:48.605299+07:00,0.001,-0.001,-0.002
2026-07-28T21:32:48.609299+07:00,0.002,0.0,-0.002
2026-07-28T21:32:48.613299+07:00,-0.078,-0.072,0.006
2026-07-28T21:32:48.617299+07:00,0.001,-0.001,-0.002
2026-07-28T21:32:48.621299+07:00,-0.075,-0.069,0.005
2026-07-28T21:32:48.625299+07:00,-0.044,-0.042,0.002
2026-07-28T21:32:48.629299+07:00,-0.009,-0.01,-0.001
2026-07-28T21:32:48.633299+07:00,-0.007,-0.008,-0.001
2026-07-28T21:32:48.637299+07:00,-0.038,-0.036,0.002
2026-07-28T21:32:48.641299+07:00,-0.031,-0.03,0.001
2026-07-28T21:32:48.645299+07:00,-0.005,-0.007,-0.002
2026-07-28T21:32:48.649299+07:00,-0.001,-0.003,-0.002
2026-07-28T21:32:48.653299+07:00,0.01,0.007,-0.003
2026-07-28T21:32:48.657299+07:00,0.006,0.003,-0.003
2026-07-28T21:32:48.661299+07:00,-0.031,-0.03,0.001
2026-07-28T21:32:48.665299+07:00,0.001,-0.002,-0.002
2026-07-28T21:32:48.669299+07:00,-0.016,-0.016,-0.001
2026-07-28T21:32:48.673299+07:00,-0.022,-0.022,-0.0
2026-07-28T21:32:48.677299+07:00,-0.045,-0.043,0.002
2026-07-28T21:32:48.681299+07:00,-0.009,-0.01,-0.001
2026-07-28T21:32:48.685299+07:00,-0.007,-0.009,-0.002
2026-07-28T21:32:48.689299+07:00,-0.012,-0.013,-0.001
2026-07-28T21:32:48.693299+07:00,-0.016,-0.017,-0.001
2026-07-28T21:32:48.697299+07:00,-0.051,-0.048,0.003
2026-07-28T21:32:48.701299+07:00,-0.025,-0.025,0.0
2026-07-28T21:32:48.705299+07:00,0.014,0.01,-0.004
2026-07-28T21:32:48.709299+07:00,-0.032,-0.031,0.001
2026-07-28T21:32:48.713299+07:00,-0.023,-0.023,-0.0
2026-07-28T21:32:48.717299+07:00,-0.038,-0.036,0.001
2026-07-28T21:32:48.721299+07:00,-0.021,-0.021,-0.0
2026-07-28T21:32:48.725299+07:00,-0.026,-0.026,0.0
2026-07-28T21:32:48.729299+07:00,-0.068,-0.064,0.004
2026-07-28T21:32:48.733299+07:00,0.033,0.027,-0.006
2026-07-28T21:32:48.737299+07:00,-0.02,-0.021,-0.001
2026-07-28T21:32:48.741299+07:00,-0.025,-0.025,-0.0
2026-07-28T21:32:48.745299+07:00,-0.015,-0.016,-0.001
2026-07-28T21:32:48.749299+07:00,-0.014,-0.015,-0.001
2026-07-28T21:32:48.753299+07:00,-0.038,-0.037,0.001
2026-07-28T21:32:48.757299+07:00,0.005,0.002,-0.003
2026-07-28T21:32:48.761299+07:00,-0.02,-0.021,-0.001
2026-07-28T21:32:48.765299+07:00,-0.024,-0.024,-0.0
2026-07-28T21:32:48.769299+07:00,-0.036,-0.035,0.001
2026-07-28T21:32:48.773299+07:00,-0.056,-0.053,0.003
2026-07-28T21:32:48.777299+07:00,-0.019,-0.019,-0.001
2026-07-28T21:32:48.781299+07:00,-0.038,-0.037,0.001
2026-07-28T21:32:48.785299+07:00,-0.012,-0.014,-0.002
2026-07-28T21:32:48.789299+07:00,-0.015,-0.016,-0.001
2026-07-28T21:32:48.793299+07:00,-0.059,-0.056,0.003
2026-07-28T21:32:48.797299+07:00,-0.003,-0.005,-0.003
2026-07-28T21:32:48.801299+07:00,-0.02,-0.021,-0.001
2026-07-28T21:32:48.805299+07:00,-0.065,-0.062,0.004
2026-07-28T21:32:48.809299+07:00,-0.026,-0.027,-0.0
2026-07-28T21:32:48.813299+07:00,-0.004,-0.007,-0.002
2026-07-28T21:32:48.817299+07:00,-0.039,-0.038,0.001
2026-07-28T21:32:48.821299+07:00,-0.043,-0.041,0.001
2026-07-28T21:32:48.825299+07:00,-0.006,-0.008,-0.002
2026-07-28T21:32:48.829299+07:00,-0.038,-0.037,0.001
2026-07-28T21:32:48.833299+07:00,-0.048,-0.046,0.002
2026-07-28T21:32:48.837299+07:00,-0.037,-0.037,0.001
2026-07-28T21:32:48.841299+07:00,-0.027,-0.027,-0.0
2026-07-28T21:32:48.845299+07:00,-0.012,-0.014,-0.002
2026-07-28T21:32:48.849299+07:00,-0.011,-0.013,-0.002
2026-07-28T21:32:48.853299+07:00,-0.042,-0.041,0.001
2026-07-28T21:32:48.857299+07:00,-0.08,-0.075,0.005
2026-07-28T21:32:48.861299+07:00,-0.055,-0.053,0.002
2026-07-28T21:32:48.865299+07:00,-0.03,-0.03,-0.0
2026-07-28T21:32:48.869299+07:00,-0.009,-0.011,-0.002
2026-07-28T21:32:48.873299+07:00,-0.054,-0.052,0.002
2026-07-28T21:32:48.877299+07:00,-0.037,-0.036,0.001
2026-07-28T21:32:48.881299+07:00,-0.047,-0.046,0.002
2026-07-28T21:32:48.885299+07:00,-0.026,-0.027,-0.001
2026-07-28T21:32:48.889299+07:00,-0.01,-0.012,-0.002
2026-07-28T21:32:48.893299+07:00,0.002,-0.001,-0.003
2026-07-28T21:32:48.897299+07:00,-0.048,-0.047,0.002
2026-07-28T21:32:48.901299+07:00,-0.019,-0.021,-0.001
2026-07-28T21:32:48.905299+07:00,-0.032,-0.032,0.0
2026-07-28T21:32:48.909299+07:00,-0.024,-0.025,-0.001
2026-07-28T21:32:48.913299+07:00,-0.013,-0.015,-0.002
2026-07-28T21:32:48.917299+07:00,-0.024,-0.025,-0.001
2026-07-28T21:32:48.921299+07:00,-0.013,-0.015,-0.002
2026-07-28T21:32:48.925299+07:00,0.022,0.017,-0.006
2026-07-28T21:32:48.929299+07:00,-0.032,-0.032,-0.0
2026-07-28T21:32:48.933299+07:00,-0.046,-0.045,0.001
2026-07-28T21:32:48.937299+07:00,-0.006,-0.009,-0.002
2026-07-28T21:32:48.941299+07:00,-0.038,-0.037,0.001
2026-07-28T21:32:48.945299+07:00,-0.025,-0.024,0.0
2026-07-28T21:32:48.949299+07:00,-0.01,-0.01,-0.0
2026-07-28T21:32:48.953299+07:00,-0.021,-0.019,0.003
2026-07-28T21:32:48.957299+07:00,-0.026,-0.02,0.005
2026-07-28T21:32:48.961299+07:00,-0.024,-0.016,0.008
2026-07-28T21:32:48.965299+07:00,-0.013,-0.002,0.011
2026-07-28T21:32:48.969299+07:00,0.01,0.022,0.012
2026-07-28T21:32:48.973299+07:00,0.053,0.064,0.01
2026-07-28T21:32:48.977299+07:00,0.0,0.018,0.017
2026-07-28T21:32:48.981299+07:00,0.022,0.037,0.015
2026-07-28T21:32:48.985299+07:00,0.005,0.02,0.015
2026-07-28T21:32:48.989299+07:00,-0.021,-0.006,0.015
2026-07-28T21:32:48.993299+07:00,-0.016,-0.005,0.011
2026-07-28T21:32:48.997299+07:00,-0.016,-0.009,0.007
2026-07-28T21:32:49.001299+07:00,-0.035,-0.029,0.006
2026-07-28T21:32:49.005299+07:00,-0.003,-0.003,0.001
2026-07-28T21:32:49.009299+07:00,-0.059,-0.054,0.004
2026-07-28T21:32:49.013299+07:00,-0.026,-0.026,0.0
2026-07-28T21:32:49.017299+07:00,-0.051,-0.049,0.002
2026-07-28T21:32:49.021299+07:00,-0.028,-0.029,-0.001
2026-07-28T21:32:49.025299+07:00,0.015,0.01,-0.005
2026-07-28T21:32:49.029299+07:00,-0.019,-0.021,-0.002
2026-07-28T21:32:49.033299+07:00,-0.013,-0.015,-0.002
2026-07-28T21:32:49.037299+07:00,-0.058,-0.056,0.002
2026-07-28T21:32:49.041299+07:00,-0.056,-0.055,0.001
2026-07-28T21:32:49.045299+07:00,-0.066,-0.067,-0.002
2026-07-28T21:32:49.049299+07:00,-0.053,-0.06,-0.007
2026-07-28T21:32:49.053299+07:00,-0.059,-0.061,-0.002
2026-07-28T21:32:49.057299+07:00,-0.027,-0.025,0.002
2026-07-28T21:32:49.061299+07:00,-0.073,-0.051,0.022
2026-07-28T21:32:49.065299+07:00,0.073,0.129,0.057
2026-07-28T21:32:49.069299+07:00,0.25,0.398,0.148
2026-07-28T21:32:49.073299+07:00,0.527,0.805,0.278
2026-07-28T21:32:49.077299+07:00,0.713,1.098,0.386
2026-07-28T21:32:49.081299+07:00,0.776,1.155,0.379
2026-07-28T21:32:49.085299+07:00,0.508,0.785,0.277
2026-07-28T21:32:49.089299+07:00,0.252,0.393,0.141
2026-07-28T21:32:49.093299+07:00,0.05,0.096,0.046
2026-07-28T21:32:49.097299+07:00,-0.053,-0.054,-0.001
2026-07-28T21:32:49.101299+07:00,-0.151,-0.166,-0.015
2026-07-28T21:32:49.105299+07:00,-0.184,-0.206,-0.022
2026-07-28T21:32:49.109299+07:00,-0.2,-0.224,-0.024
2026-07-28T21:32:49.113299+07:00,-0.179,-0.203,-0.023
2026-07-28T21:32:49.117299+07:00,-0.136,-0.156,-0.02
2026-07-28T21:32:49.121299+07:00,-0.104,-0.119,-0.015
2026-07-28T21:32:49.125299+07:00,-0.119,-0.124,-0.005
2026-07-28T21:32:49.129299+07:00,-0.063,-0.068,-0.004
2026-07-28T21:32:49.133299+07:00,-0.083,-0.082,0.001
2026-07-28T21:32:49.137299+07:00,-0.052,-0.052,0.0
2026-07-28T21:32:49.141299+07:00,-0.013,-0.016,-0.003
2026-07-28T21:32:49.145299+07:00,-0.055,-0.054,0.001
2026-07-28T21:32:49.149299+07:00,-0.026,-0.027,-0.001
2026-07-28T21:32:49.153299+07:00,-0.011,-0.014,-0.003
2026-07-28T21:32:49.157299+07:00,-0.037,-0.037,-0.0
2026-07-28T21:32:49.161299+07:00,-0.08,-0.076,0.004
2026-07-28T21:32:49.165299+07:00,-0.013,-0.016,-0.003
2026-07-28T21:32:49.169299+07:00,-0.058,-0.056,0.002
2026-07-28T21:32:49.173299+07:00,-0.009,-0.012,-0.003
2026-07-28T21:32:49.177299+07:00,-0.007,-0.011,-0.003
2026-07-28T21:32:49.181299+07:00,-0.044,-0.043,0.0
2026-07-28T21:32:49.185299+07:00,-0.058,-0.057,0.002
2026-07-28T21:32:49.189299+07:00,-0.064,-0.061,0.002
2026-07-28T21:32:49.193299+07:00,-0.054,-0.052,0.002
2026-07-28T21:32:49.197299+07:00,-0.042,-0.041,0.0
2026-07-28T21:32:49.201299+07:00,-0.028,-0.029,-0.001
2026-07-28T21:32:49.205299+07:00,0.003,-0.001,-0.003
2026-07-28T21:32:49.209299+07:00,-0.043,-0.042,0.002
2026-07-28T21:32:49.213299+07:00,-0.028,-0.027,0.001
2026-07-28T21:32:49.217299+07:00,-0.041,-0.039,0.003
2026-07-28T21:32:49.221299+07:00,-0.033,-0.031,0.003
2026-07-28T21:32:49.225299+07:00,-0.039,-0.035,0.005
2026-07-28T21:32:49.229299+07:00,-0.016,-0.012,0.004
2026-07-28T21:32:49.233299+07:00,0.013,0.016,0.002
2026-07-28T21:32:49.237299+07:00,-0.016,-0.009,0.007
2026-07-28T21:32:49.241299+07:00,0.017,0.023,0.006
2026-07-28T21:32:49.245299+07:00,-0.018,-0.006,0.012
2026-07-28T21:32:49.249299+07:00,-0.03,-0.015,0.016
2026-07-28T21:32:49.253299+07:00,0.018,0.032,0.014
2026-07-28T21:32:49.257299+07:00,0.02,0.036,0.016
2026-07-28T21:32:49.261299+07:00,0.093,0.104,0.011
2026-07-28T21:32:49.265299+07:00,0.045,0.063,0.018
2026-07-28T21:32:49.269299+07:00,0.077,0.093,0.016
2026-07-28T21:32:49.273299+07:00,0.026,0.048,0.022
2026-07-28T21:32:49.277299+07:00,0.083,0.101,0.017
2026-07-28T21:32:49.281299+07:00,0.037,0.059,0.022
2026-07-28T21:32:49.285299+07:00,0.048,0.068,0.02
2026-07-28T21:32:49.289299+07:00,0.056,0.075,0.018
2026-07-28T21:32:49.293299+07:00,0.033,0.052,0.019
2026-07-28T21:32:49.297299+07:00,0.027,0.045,0.017
2026-07-28T21:32:49.301299+07:00,0.06,0.072,0.012
2026-07-28T21:32:49.305299+07:00,0.027,0.04,0.013
2026-07-28T21:32:49.309299+07:00,0.032,0.042,0.009
2026-07-28T21:32:49.313299+07:00,-0.017,-0.005,0.012
2026-07-28T21:32:49.317299+07:00,0.027,0.032,0.005
2026-07-28T21:32:49.321299+07:00,-0.001,0.004,0.006
2026-07-28T21:32:49.325299+07:00,-0.012,-0.007,0.005
2026-07-28T21:32:49.329299+07:00,-0.045,-0.039,0.006
2026-07-28T21:32:49.333299+07:00,-0.017,-0.015,0.002
2026-07-28T21:32:49.337299+07:00,-0.057,-0.052,0.005
2026-07-28T21:32:49.341299+07:00,-0.093,-0.086,0.008
2026-07-28T21:32:49.345299+07:00,-0.034,-0.033,0.001
2026-07-28T21:32:49.349299+07:00,-0.027,-0.027,-0.0
2026-07-28T21:32:49.353299+07:00,-0.017,-0.019,-0.002
2026-07-28T21:32:49.357299+07:00,-0.06,-0.058,0.002
2026-07-28T21:32:49.361299+07:00,-0.025,-0.027,-0.002
2026-07-28T21:32:49.365299+07:00,-0.052,-0.051,0.001
2026-07-28T21:32:49.369299+07:00,-0.048,-0.048,0.0
2026-07-28T21:32:49.373299+07:00,-0.049,-0.049,0.001
2026-07-28T21:32:49.377299+07:00,-0.066,-0.064,0.002
2026-07-28T21:32:49.381299+07:00,-0.086,-0.082,0.004
2026-07-28T21:32:49.385299+07:00,-0.065,-0.063,0.002
2026-07-28T21:32:49.389299+07:00,-0.019,-0.022,-0.003
2026-07-28T21:32:49.393299+07:00,-0.023,-0.025,-0.002
2026-07-28T21:32:49.397299+07:00,-0.012,-0.016,-0.003
2026-07-28T21:32:49.401299+07:00,-0.047,-0.047,0.0
2026-07-28T21:32:49.405299+07:00,-0.035,-0.036,-0.001
2026-07-28T21:32:49.409299+07:00,-0.02,-0.023,-0.003
2026-07-28T21:32:49.413299+07:00,-0.069,-0.067,0.002
2026-07-28T21:32:49.417299+07:00,-0.051,-0.05,0.0
2026-07-28T21:32:49.421299+07:00,-0.003,-0.007,-0.004
2026-07-28T21:32:49.425299+07:00,-0.08,-0.077,0.003
2026-07-28T21:32:49.429299+07:00,-0.06,-0.059,0.001
2026-07-28T21:32:49.433299+07:00,-0.03,-0.032,-0.002
2026-07-28T21:32:49.437299+07:00,-0.056,-0.055,0.001
2026-07-28T21:32:49.441299+07:00,-0.045,-0.045,-0.0
2026-07-28T21:32:49.445299+07:00,-0.028,-0.03,-0.002
2026-07-28T21:32:49.449299+07:00,-0.054,-0.053,0.001
2026-07-28T21:32:49.453299+07:00,-0.066,-0.064,0.002
2026-07-28T21:32:49.457299+07:00,-0.076,-0.073,0.003
2026-07-28T21:32:49.461299+07:00,-0.08,-0.077,0.003
2026-07-28T21:32:49.465299+07:00,-0.081,-0.077,0.003
2026-07-28T21:32:49.469299+07:00,-0.036,-0.037,-0.001
2026-07-28T21:32:49.473299+07:00,-0.048,-0.048,0.0
2026-07-28T21:32:49.477299+07:00,-0.036,-0.037,-0.001
2026-07-28T21:32:49.481299+07:00,-0.052,-0.052,0.001
2026-07-28T21:32:49.485299+07:00,-0.071,-0.068,0.002
2026-07-28T21:32:49.489299+07:00,-0.076,-0.073,0.003
2026-07-28T21:32:49.493299+07:00,-0.059,-0.058,0.001
2026-07-28T21:32:49.497299+07:00,-0.06,-0.059,0.001
2026-07-28T21:32:49.501299+07:00,-0.091,-0.086,0.004
2026-07-28T21:32:49.505299+07:00,-0.071,-0.068,0.002
2026-07-28T21:32:49.509299+07:00,-0.041,-0.042,-0.001
2026-07-28T21:32:49.513299+07:00,-0.059,-0.058,0.001
2026-07-28T21:32:49.517299+07:00,-0.047,-0.047,-0.0
2026-07-28T21:32:49.521299+07:00,-0.069,-0.067,0.002
2026-07-28T21:32:49.525299+07:00,-0.06,-0.059,0.001
2026-07-28T21:32:49.529299+07:00,-0.009,-0.013,-0.004
2026-07-28T21:32:49.533299+07:00,-0.067,-0.065,0.002
2026-07-28T21:32:49.537299+07:00,-0.016,-0.02,-0.003
2026-07-28T21:32:49.541299+07:00,-0.042,-0.043,-0.001
2026-07-28T21:32:49.545299+07:00,-0.042,-0.043,-0.001
2026-07-28T21:32:49.549299+07:00,-0.036,-0.037,-0.001
2026-07-28T21:32:49.553299+07:00,-0.059,-0.058,0.001
2026-07-28T21:32:49.557299+07:00,-0.047,-0.047,-0.0
2026-07-28T21:32:49.561299+07:00,-0.057,-0.056,0.001
2026-07-28T21:32:49.565299+07:00,-0.053,-0.052,0.0
2026-07-28T21:32:49.569299+07:00,-0.045,-0.046,-0.0
2026-07-28T21:32:49.573299+07:00,-0.056,-0.055,0.001
2026-07-28T21:32:49.577299+07:00,-0.04,-0.041,-0.001
2026-07-28T21:32:49.581299+07:00,-0.031,-0.033,-0.002
2026-07-28T21:32:49.585299+07:00,-0.035,-0.037,-0.001
2026-07-28T21:32:49.589299+07:00,-0.073,-0.07,0.002
2026-07-28T21:32:49.593299+07:00,-0.009,-0.013,-0.004
2026-07-28T21:32:49.597299+07:00,-0.048,-0.048,-0.0
2026-07-28T21:32:49.601299+07:00,-0.072,-0.069,0.002
2026-07-28T21:32:49.605299+07:00,-0.032,-0.033,-0.002
2026-07-28T21:32:49.609299+07:00,-0.047,-0.047,-0.0
2026-07-28T21:32:49.613299+07:00,-0.015,-0.018,-0.003
2026-07-28T21:32:49.617299+07:00,-0.042,-0.042,-0.001
2026-07-28T21:32:49.621299+07:00,-0.04,-0.041,-0.001
2026-07-28T21:32:49.625299+07:00,-0.055,-0.054,0.001
2026-07-28T21:32:49.629299+07:00,-0.04,-0.04,-0.001
2026-07-28T21:32:49.633299+07:00,-0.028,-0.03,-0.002
2026-07-28T21:32:49.637299+07:00,-0.072,-0.069,0.002
2026-07-28T21:32:49.641299+07:00,-0.055,-0.054,0.001
2026-07-28T21:32:49.645299+07:00,-0.04,-0.041,-0.001
2026-07-28T21:32:49.649299+07:00,-0.038,-0.039,-0.001
2026-07-28T21:32:49.653299+07:00,-0.046,-0.047,-0.0
2026-07-28T21:32:49.657299+07:00,-0.041,-0.042,-0.001
2026-07-28T21:32:49.661299+07:00,-0.051,-0.051,0.0
2026-07-28T21:32:49.665299+07:00,-0.03,-0.032,-0.002
2026-07-28T21:32:49.669299+07:00,-0.051,-0.05,0.0
2026-07-28T21:32:49.673299+07:00,-0.047,-0.047,-0.0
2026-07-28T21:32:49.677299+07:00,-0.049,-0.049,-0.0
2026-07-28T21:32:49.681299+07:00,-0.073,-0.071,0.002
2026-07-28T21:32:49.685299+07:00,-0.095,-0.09,0.005
2026-07-28T21:32:49.689299+07:00,-0.084,-0.081,0.003
2026-07-28T21:32:49.693299+07:00,-0.035,-0.036,-0.001
2026-07-28T21:32:49.697299+07:00,-0.021,-0.024,-0.003
2026-07-28T21:32:49.701299+07:00,-0.037,-0.038,-0.001
2026-07-28T21:32:49.705299+07:00,-0.049,-0.049,-0.0
2026-07-28T21:32:49.709299+07:00,-0.057,-0.056,0.001
2026-07-28T21:32:49.713299+07:00,-0.06,-0.059,0.001
2026-07-28T21:32:49.717299+07:00,-0.059,-0.058,0.001
2026-07-28T21:32:49.721299+07:00,-0.064,-0.062,0.001
2026-07-28T21:32:49.725299+07:00,-0.101,-0.095,0.005
2026-07-28T21:32:49.729299+07:00,-0.045,-0.045,-0.0
2026-07-28T21:32:49.733299+07:00,-0.01,-0.014,-0.004
2026-07-28T21:32:49.737299+07:00,-0.054,-0.054,0.001
2026-07-28T21:32:49.741299+07:00,-0.039,-0.04,-0.0
2026-07-28T21:32:49.745299+07:00,-0.03,-0.031,-0.001
2026-07-28T21:32:49.749299+07:00,-0.078,-0.073,0.005
2026-07-28T21:32:49.753299+07:00,-0.077,-0.07,0.007
2026-07-28T21:32:49.757299+07:00,-0.025,-0.022,0.004
2026-07-28T21:32:49.761299+07:00,-0.044,-0.035,0.009
2026-07-28T21:32:49.765299+07:00,-0.046,-0.033,0.012
2026-07-28T21:32:49.769299+07:00,-0.002,0.009,0.011
2026-07-28T21:32:49.773299+07:00,-0.011,0.004,0.015
2026-07-28T21:32:49.777299+07:00,-0.027,-0.009,0.018
2026-07-28T21:32:49.781299+07:00,0.012,0.026,0.014
2026-07-28T21:32:49.785299+07:00,0.01,0.023,0.013
2026-07-28T21:32:49.789299+07:00,-0.024,-0.01,0.014
2026-07-28T21:32:49.793299+07:00,-0.007,0.002,0.008
2026-07-28T21:32:49.797299+07:00,-0.018,-0.012,0.006
2026-07-28T21:32:49.801299+07:00,-0.037,-0.032,0.005
2026-07-28T21:32:49.805299+07:00,-0.06,-0.055,0.005
2026-07-28T21:32:49.809299+07:00,-0.039,-0.038,0.001
2026-07-28T21:32:49.813299+07:00,-0.058,-0.056,0.002
2026-07-28T21:32:49.817299+07:00,-0.045,-0.045,0.0
2026-07-28T21:32:49.821299+07:00,-0.055,-0.055,0.001
2026-07-28T21:32:49.825299+07:00,-0.081,-0.078,0.003
2026-07-28T21:32:49.829299+07:00,-0.036,-0.037,-0.001
2026-07-28T21:32:49.833299+07:00,-0.093,-0.089,0.004
2026-07-28T21:32:49.837299+07:00,-0.047,-0.047,-0.0
2026-07-28T21:32:49.841299+07:00,-0.036,-0.038,-0.002
2026-07-28T21:32:49.845299+07:00,-0.075,-0.077,-0.002
2026-07-28T21:32:49.849299+07:00,-0.086,-0.091,-0.005
2026-07-28T21:32:49.853299+07:00,-0.052,-0.056,-0.004
2026-07-28T21:32:49.857299+07:00,-0.051,-0.048,0.003
2026-07-28T21:32:49.861299+07:00,0.001,0.014,0.014
2026-07-28T21:32:49.865299+07:00,0.08,0.135,0.055
2026-07-28T21:32:49.869299+07:00,0.229,0.377,0.149
2026-07-28T21:32:49.873299+07:00,0.502,0.781,0.28
2026-07-28T21:32:49.877299+07:00,0.714,1.098,0.384
2026-07-28T21:32:49.881299+07:00,0.732,1.114,0.382
2026-07-28T21:32:49.885299+07:00,0.501,0.777,0.277
2026-07-28T21:32:49.889299+07:00,0.191,0.337,0.146
2026-07-28T21:32:49.893299+07:00,0.023,0.07,0.048
2026-07-28T21:32:49.897299+07:00,-0.104,-0.101,0.003
2026-07-28T21:32:49.901299+07:00,-0.135,-0.153,-0.018
2026-07-28T21:32:49.905299+07:00,-0.227,-0.246,-0.019
2026-07-28T21:32:49.909299+07:00,-0.18,-0.207,-0.027
2026-07-28T21:32:49.913299+07:00,-0.157,-0.183,-0.027
2026-07-28T21:32:49.917299+07:00,-0.145,-0.166,-0.021
2026-07-28T21:32:49.921299+07:00,-0.119,-0.133,-0.014
2026-07-28T21:32:49.925299+07:00,-0.107,-0.114,-0.007
2026-07-28T21:32:49.929299+07:00,-0.082,-0.086,-0.004
2026-07-28T21:32:49.933299+07:00,-0.075,-0.076,-0.001
2026-07-28T21:32:49.937299+07:00,-0.063,-0.063,0.0
2026-07-28T21:32:49.941299+07:00,-0.045,-0.046,-0.001
2026-07-28T21:32:49.945299+07:00,-0.04,-0.041,-0.001
2026-07-28T21:32:49.949299+07:00,-0.06,-0.059,0.001
2026-07-28T21:32:49.953299+07:00,-0.048,-0.048,-0.0
2026-07-28T21:32:49.957299+07:00,-0.068,-0.066,0.002
2026-07-28T21:32:49.961299+07:00,-0.07,-0.068,0.002
2026-07-28T21:32:49.965299+07:00,0.001,-0.004,-0.005
2026-07-28T21:32:49.969299+07:00,-0.049,-0.049,-0.0
2026-07-28T21:32:49.973299+07:00,-0.038,-0.039,-0.001
2026-07-28T21:32:49.977299+07:00,-0.004,-0.008,-0.005
2026-07-28T21:32:49.981299+07:00,-0.059,-0.058,0.001
2026-07-28T21:32:49.985299+07:00,-0.05,-0.05,0.0
2026-07-28T21:32:49.989299+07:00,-0.049,-0.049,0.0
2026-07-28T21:32:49.993299+07:00,-0.065,-0.064,0.002
2026-07-28T21:32:49.997299+07:00,-0.042,-0.042,-0.0
2026-07-28T21:32:50.001299+07:00,-0.064,-0.061,0.002
2026-07-28T21:32:50.005299+07:00,-0.064,-0.062,0.002
2026-07-28T21:32:50.009299+07:00,-0.04,-0.04,0.0
2026-07-28T21:32:50.013299+07:00,-0.059,-0.056,0.003
2026-07-28T21:32:50.017299+07:00,-0.069,-0.065,0.005
2026-07-28T21:32:50.021299+07:00,-0.046,-0.043,0.003
2026-07-28T21:32:50.025299+07:00,-0.031,-0.028,0.003
2026-07-28T21:32:50.029299+07:00,-0.01,-0.008,0.002
2026-07-28T21:32:50.033299+07:00,-0.026,-0.02,0.006
2026-07-28T21:32:50.037299+07:00,-0.018,-0.011,0.007
2026-07-28T21:32:50.041299+07:00,0.023,0.028,0.005
2026-07-28T21:32:50.045299+07:00,-0.012,-0.001,0.011
2026-07-28T21:32:50.049299+07:00,0.022,0.032,0.01
2026-07-28T21:32:50.053299+07:00,0.033,0.044,0.011
2026-07-28T21:32:50.057299+07:00,0.013,0.029,0.016
2026-07-28T21:32:50.061299+07:00,0.013,0.031,0.018
2026-07-28T21:32:50.065299+07:00,0.029,0.048,0.019
2026-07-28T21:32:50.069299+07:00,0.05,0.068,0.018
2026-07-28T21:32:50.073299+07:00,0.026,0.048,0.022
2026-07-28T21:32:50.077299+07:00,0.125,0.137,0.013
2026-07-28T21:32:50.081299+07:00,0.04,0.061,0.021
2026-07-28T21:32:50.085299+07:00,0.034,0.055,0.021
2026-07-28T21:32:50.089299+07:00,0.041,0.06,0.019
2026-07-28T21:32:50.093299+07:00,0.057,0.073,0.016
2026-07-28T21:32:50.097299+07:00,0.046,0.061,0.015
2026-07-28T21:32:50.101299+07:00,0.035,0.049,0.014
2026-07-28T21:32:50.105299+07:00,0.031,0.043,0.012
2026-07-28T21:32:50.109299+07:00,0.012,0.023,0.011
2026-07-28T21:32:50.113299+07:00,0.007,0.016,0.009
2026-07-28T21:32:50.117299+07:00,-0.002,0.006,0.008
2026-07-28T21:32:50.121299+07:00,-0.018,-0.011,0.007
2026-07-28T21:32:50.125299+07:00,-0.033,-0.026,0.006
2026-07-28T21:32:50.129299+07:00,-0.014,-0.011,0.003
2026-07-28T21:32:50.133299+07:00,-0.011,-0.01,0.001
2026-07-28T21:32:50.137299+07:00,-0.039,-0.037,0.003
2026-07-28T21:32:50.141299+07:00,-0.039,-0.037,0.002
2026-07-28T21:32:50.145299+07:00,-0.035,-0.035,0.001
2026-07-28T21:32:50.149299+07:00,-0.04,-0.04,0.001
2026-07-28T21:32:50.153299+07:00,-0.083,-0.078,0.004
2026-07-28T21:32:50.157299+07:00,-0.041,-0.041,0.0
2026-07-28T21:32:50.161299+07:00,-0.069,-0.067,0.003
2026-07-28T21:32:50.165299+07:00,-0.041,-0.042,-0.0
2026-07-28T21:32:50.169299+07:00,-0.054,-0.053,0.001
2026-07-28T21:32:50.173299+07:00,-0.076,-0.073,0.003
2026-07-28T21:32:50.177299+07:00,-0.016,-0.019,-0.003
2026-07-28T21:32:50.181299+07:00,-0.074,-0.071,0.003
2026-07-28T21:32:50.185299+07:00,-0.075,-0.072,0.003
2026-07-28T21:32:50.189299+07:00,-0.042,-0.042,-0.001
2026-07-28T21:32:50.193299+07:00,-0.059,-0.058,0.001
2026-07-28T21:32:50.197299+07:00,-0.036,-0.037,-0.001
2026-07-28T21:32:50.201299+07:00,-0.076,-0.073,0.003
2026-07-28T21:32:50.205299+07:00,-0.006,-0.01,-0.004
2026-07-28T21:32:50.209299+07:00,-0.028,-0.03,-0.002
2026-07-28T21:32:50.213299+07:00,-0.076,-0.073,0.003
2026-07-28T21:32:50.217299+07:00,-0.041,-0.042,-0.001
2026-07-28T21:32:50.221299+07:00,-0.071,-0.068,0.002
2026-07-28T21:32:50.225299+07:00,-0.054,-0.054,0.001
2026-07-28T21:32:50.229299+07:00,-0.05,-0.049,0.0
2026-07-28T21:32:50.233299+07:00,-0.065,-0.063,0.002
2026-07-28T21:32:50.237299+07:00,-0.039,-0.04,-0.001
2026-07-28T21:32:50.241299+07:00,-0.049,-0.048,0.0
2026-07-28T21:32:50.245299+07:00,-0.018,-0.021,-0.003
2026-07-28T21:32:50.249299+07:00,-0.079,-0.076,0.003
2026-07-28T21:32:50.253299+07:00,-0.051,-0.051,0.001
2026-07-28T21:32:50.257299+07:00,-0.057,-0.056,0.001
2026-07-28T21:32:50.261299+07:00,-0.054,-0.053,0.001
2026-07-28T21:32:50.265299+07:00,-0.043,-0.043,-0.0
2026-07-28T21:32:50.269299+07:00,-0.077,-0.073,0.003
2026-07-28T21:32:50.273299+07:00,-0.01,-0.014,-0.004
2026-07-28T21:32:50.277299+07:00,-0.024,-0.026,-0.002
2026-07-28T21:32:50.281299+07:00,-0.017,-0.02,-0.003
2026-07-28T21:32:50.285299+07:00,-0.022,-0.024,-0.002
2026-07-28T21:32:50.289299+07:00,-0.031,-0.033,-0.001
2026-07-28T21:32:50.293299+07:00,-0.08,-0.077,0.003
2026-07-28T21:32:50.297299+07:00,-0.058,-0.057,0.001
2026-07-28T21:32:50.301299+07:00,-0.025,-0.027,-0.002
2026-07-28T21:32:50.305299+07:00,-0.04,-0.041,-0.0
2026-07-28T21:32:50.309299+07:00,-0.053,-0.053,0.001
2026-07-28T21:32:50.313299+07:00,-0.071,-0.068,0.003
2026-07-28T21:32:50.317299+07:00,-0.016,-0.019,-0.003
2026-07-28T21:32:50.321299+07:00,-0.07,-0.068,0.003
2026-07-28T21:32:50.325299+07:00,-0.048,-0.048,0.0
2026-07-28T21:32:50.329299+07:00,-0.064,-0.062,0.002
2026-07-28T21:32:50.333299+07:00,-0.065,-0.063,0.002
2026-07-28T21:32:50.337299+07:00,-0.047,-0.047,0.0
2026-07-28T21:32:50.341299+07:00,-0.028,-0.03,-0.002
2026-07-28T21:32:50.345299+07:00,-0.039,-0.04,-0.001
2026-07-28T21:32:50.349299+07:00,-0.061,-0.059,0.002
2026-07-28T21:32:50.353299+07:00,-0.071,-0.068,0.003
2026-07-28T21:32:50.357299+07:00,-0.043,-0.043,-0.0
2026-07-28T21:32:50.361299+07:00,-0.036,-0.037,-0.001
2026-07-28T21:32:50.365299+07:00,-0.061,-0.06,0.002
2026-07-28T21:32:50.369299+07:00,-0.059,-0.058,0.002
2026-07-28T21:32:50.373299+07:00,-0.024,-0.026,-0.002
2026-07-28T21:32:50.377299+07:00,-0.04,-0.04,-0.0
2026-07-28T21:32:50.381299+07:00,-0.075,-0.072,0.003
2026-07-28T21:32:50.385299+07:00,-0.061,-0.059,0.002
2026-07-28T21:32:50.389299+07:00,-0.081,-0.078,0.004
2026-07-28T21:32:50.393299+07:00,0.0,-0.004,-0.004
2026-07-28T21:32:50.397299+07:00,-0.027,-0.029,-0.002
2026-07-28T21:32:50.401299+07:00,-0.018,-0.021,-0.002
2026-07-28T21:32:50.405299+07:00,-0.055,-0.054,0.001
2026-07-28T21:32:50.409299+07:00,-0.066,-0.064,0.002
2026-07-28T21:32:50.413299+07:00,-0.038,-0.038,-0.0
2026-07-28T21:32:50.417299+07:00,-0.007,-0.011,-0.004
2026-07-28T21:32:50.421299+07:00,-0.071,-0.068,0.003
2026-07-28T21:32:50.425299+07:00,-0.045,-0.045,0.0
2026-07-28T21:32:50.429299+07:00,-0.037,-0.038,-0.0
2026-07-28T21:32:50.433299+07:00,-0.058,-0.056,0.002
2026-07-28T21:32:50.437299+07:00,-0.051,-0.05,0.001
2026-07-28T21:32:50.441299+07:00,-0.058,-0.056,0.002
2026-07-28T21:32:50.445299+07:00,-0.053,-0.052,0.001
2026-07-28T21:32:50.449299+07:00,-0.047,-0.046,0.001
2026-07-28T21:32:50.453299+07:00,-0.016,-0.018,-0.003
2026-07-28T21:32:50.457299+07:00,-0.001,-0.005,-0.004
2026-07-28T21:32:50.461299+07:00,-0.043,-0.043,0.0
2026-07-28T21:32:50.465299+07:00,-0.054,-0.052,0.001
2026-07-28T21:32:50.469299+07:00,-0.02,-0.022,-0.002
2026-07-28T21:32:50.473299+07:00,-0.005,-0.008,-0.004
2026-07-28T21:32:50.477299+07:00,-0.044,-0.044,0.0
2026-07-28T21:32:50.481299+07:00,-0.079,-0.075,0.004
2026-07-28T21:32:50.485299+07:00,-0.072,-0.069,0.003
2026-07-28T21:32:50.489299+07:00,0.001,-0.003,-0.004
2026-07-28T21:32:50.493299+07:00,-0.039,-0.039,-0.0
2026-07-28T21:32:50.497299+07:00,-0.029,-0.03,-0.001
2026-07-28T21:32:50.501299+07:00,-0.065,-0.063,0.002
2026-07-28T21:32:50.505299+07:00,-0.031,-0.031,-0.001
2026-07-28T21:32:50.509299+07:00,-0.03,-0.031,-0.001
2026-07-28T21:32:50.513299+07:00,-0.059,-0.057,0.002
2026-07-28T21:32:50.517299+07:00,-0.026,-0.028,-0.001
2026-07-28T21:32:50.521299+07:00,-0.015,-0.017,-0.002
2026-07-28T21:32:50.525299+07:00,-0.034,-0.034,-0.001
2026-07-28T21:32:50.529299+07:00,-0.041,-0.041,0.0
2026-07-28T21:32:50.533299+07:00,-0.051,-0.049,0.001
2026-07-28T21:32:50.537299+07:00,-0.038,-0.038,0.0
2026-07-28T21:32:50.541299+07:00,-0.059,-0.057,0.003
2026-07-28T21:32:50.545299+07:00,-0.038,-0.037,0.001
2026-07-28T21:32:50.549299+07:00,0.012,0.009,-0.003
2026-07-28T21:32:50.553299+07:00,-0.06,-0.054,0.006
2026-07-28T21:32:50.557299+07:00,-0.033,-0.027,0.006
2026-07-28T21:32:50.561299+07:00,-0.015,-0.008,0.007
2026-07-28T21:32:50.565299+07:00,-0.023,-0.012,0.011
2026-07-28T21:32:50.569299+07:00,-0.014,-0.0,0.014
2026-07-28T21:32:50.573299+07:00,0.045,0.056,0.011
2026-07-28T21:32:50.577299+07:00,0.025,0.039,0.014
2026-07-28T21:32:50.581299+07:00,0.026,0.04,0.014
2026-07-28T21:32:50.585299+07:00,-0.011,0.005,0.016
2026-07-28T21:32:50.589299+07:00,-0.012,0.002,0.014
2026-07-28T21:32:50.593299+07:00,-0.018,-0.007,0.011
2026-07-28T21:32:50.597299+07:00,0.016,0.02,0.004
2026-07-28T21:32:50.601299+07:00,-0.027,-0.022,0.005
2026-07-28T21:32:50.605299+07:00,-0.036,-0.032,0.004
2026-07-28T21:32:50.609299+07:00,-0.068,-0.063,0.005
2026-07-28T21:32:50.613299+07:00,-0.059,-0.055,0.003
2026-07-28T21:32:50.617299+07:00,-0.033,-0.033,0.0
2026-07-28T21:32:50.621299+07:00,-0.013,-0.015,-0.002
2026-07-28T21:32:50.625299+07:00,-0.017,-0.019,-0.002
2026-07-28T21:32:50.629299+07:00,-0.033,-0.033,-0.0
2026-07-28T21:32:50.633299+07:00,-0.074,-0.07,0.004
2026-07-28T21:32:50.637299+07:00,-0.031,-0.032,-0.001
2026-07-28T21:32:50.641299+07:00,-0.062,-0.06,0.002
2026-07-28T21:32:50.645299+07:00,-0.058,-0.06,-0.002
2026-07-28T21:32:50.649299+07:00,-0.054,-0.061,-0.007
2026-07-28T21:32:50.653299+07:00,-0.054,-0.056,-0.002
2026-07-28T21:32:50.657299+07:00,-0.011,-0.01,0.001
2026-07-28T21:32:50.661299+07:00,-0.017,-0.0,0.017
2026-07-28T21:32:50.665299+07:00,0.091,0.146,0.055
2026-07-28T21:32:50.669299+07:00,0.278,0.423,0.145
2026-07-28T21:32:50.673299+07:00,0.488,0.771,0.282
2026-07-28T21:32:50.677299+07:00,0.735,1.119,0.384
2026-07-28T21:32:50.681299+07:00,0.72,1.105,0.384
2026-07-28T21:32:50.685299+07:00,0.487,0.767,0.28
2026-07-28T21:32:50.689299+07:00,0.221,0.365,0.144
2026-07-28T21:32:50.693299+07:00,0.049,0.095,0.046
2026-07-28T21:32:50.697299+07:00,-0.094,-0.09,0.004
2026-07-28T21:32:50.701299+07:00,-0.13,-0.147,-0.017
2026-07-28T21:32:50.705299+07:00,-0.18,-0.202,-0.022
2026-07-28T21:32:50.709299+07:00,-0.194,-0.218,-0.024
2026-07-28T21:32:50.713299+07:00,-0.202,-0.223,-0.02
2026-07-28T21:32:50.717299+07:00,-0.165,-0.182,-0.017
2026-07-28T21:32:50.721299+07:00,-0.139,-0.149,-0.011
2026-07-28T21:32:50.725299+07:00,-0.086,-0.094,-0.008
2026-07-28T21:32:50.729299+07:00,-0.054,-0.059,-0.005
2026-07-28T21:32:50.733299+07:00,-0.078,-0.077,0.001
2026-07-28T21:32:50.737299+07:00,-0.013,-0.016,-0.003
2026-07-28T21:32:50.741299+07:00,-0.038,-0.038,0.0
2026-07-28T21:32:50.745299+07:00,0.0,-0.003,-0.003
2026-07-28T21:32:50.749299+07:00,0.018,0.013,-0.005
2026-07-28T21:32:50.753299+07:00,-0.075,-0.071,0.004
2026-07-28T21:32:50.757299+07:00,-0.037,-0.036,0.0
2026-07-28T21:32:50.761299+07:00,-0.056,-0.053,0.002
2026-07-28T21:32:50.765299+07:00,-0.005,-0.007,-0.003
2026-07-28T21:32:50.769299+07:00,-0.017,-0.019,-0.001
2026-07-28T21:32:50.773299+07:00,-0.006,-0.009,-0.002
2026-07-28T21:32:50.777299+07:00,-0.051,-0.049,0.002
2026-07-28T21:32:50.781299+07:00,-0.025,-0.025,-0.001
2026-07-28T21:32:50.785299+07:00,-0.046,-0.044,0.002
2026-07-28T21:32:50.789299+07:00,-0.053,-0.05,0.002
2026-07-28T21:32:50.793299+07:00,-0.018,-0.019,-0.001
2026-07-28T21:32:50.797299+07:00,-0.027,-0.027,0.0
2026-07-28T21:32:50.801299+07:00,-0.025,-0.025,0.0
2026-07-28T21:32:50.805299+07:00,-0.047,-0.044,0.003
2026-07-28T21:32:50.809299+07:00,-0.064,-0.059,0.005
2026-07-28T21:32:50.813299+07:00,-0.027,-0.026,0.002
2026-07-28T21:32:50.817299+07:00,-0.038,-0.034,0.004
2026-07-28T21:32:50.821299+07:00,-0.019,-0.016,0.003
2026-07-28T21:32:50.825299+07:00,-0.015,-0.011,0.003
2026-07-28T21:32:50.829299+07:00,0.01,0.012,0.002
2026-07-28T21:32:50.833299+07:00,-0.011,-0.005,0.006
2026-07-28T21:32:50.837299+07:00,-0.004,0.003,0.007
2026-07-28T21:32:50.841299+07:00,0.024,0.031,0.007
2026-07-28T21:32:50.845299+07:00,0.043,0.05,0.007
2026-07-28T21:32:50.849299+07:00,0.002,0.016,0.014
2026-07-28T21:32:50.853299+07:00,0.007,0.024,0.016
2026-07-28T21:32:50.857299+07:00,0.004,0.023,0.019
2026-07-28T21:32:50.861299+07:00,0.018,0.038,0.02
2026-07-28T21:32:50.865299+07:00,0.079,0.095,0.016
2026-07-28T21:32:50.869299+07:00,0.045,0.066,0.021
2026-07-28T21:32:50.873299+07:00,0.056,0.077,0.021
2026-07-28T21:32:50.877299+07:00,0.062,0.083,0.021
2026-07-28T21:32:50.881299+07:00,0.075,0.095,0.02
2026-07-28T21:32:50.885299+07:00,0.092,0.109,0.017
2026-07-28T21:32:50.889299+07:00,0.024,0.047,0.023
2026-07-28T21:32:50.893299+07:00,0.043,0.063,0.02
2026-07-28T21:32:50.897299+07:00,0.048,0.065,0.017
2026-07-28T21:32:50.901299+07:00,0.029,0.046,0.017
2026-07-28T21:32:50.905299+07:00,0.005,0.021,0.017
2026-07-28T21:32:50.909299+07:00,0.065,0.073,0.008
2026-07-28T21:32:50.913299+07:00,0.034,0.042,0.009
2026-07-28T21:32:50.917299+07:00,0.043,0.048,0.005
2026-07-28T21:32:50.921299+07:00,-0.035,-0.024,0.011
2026-07-28T21:32:50.925299+07:00,0.012,0.016,0.004
2026-07-28T21:32:50.929299+07:00,0.012,0.015,0.003
2026-07-28T21:32:50.933299+07:00,-0.037,-0.031,0.006
2026-07-28T21:32:50.937299+07:00,-0.004,-0.003,0.002
2026-07-28T21:32:50.941299+07:00,-0.044,-0.039,0.005
2026-07-28T21:32:50.945299+07:00,-0.019,-0.018,0.001
2026-07-28T21:32:50.949299+07:00,-0.008,-0.008,-0.0
2026-07-28T21:32:50.953299+07:00,-0.024,-0.023,0.001
2026-07-28T21:32:50.957299+07:00,0.012,0.009,-0.003
2026-07-28T21:32:50.961299+07:00,-0.052,-0.049,0.003
2026-07-28T21:32:50.965299+07:00,-0.027,-0.026,0.001
2026-07-28T21:32:50.969299+07:00,0.007,0.004,-0.003
2026-07-28T21:32:50.973299+07:00,-0.029,-0.029,0.001
2026-07-28T21:32:50.977299+07:00,-0.027,-0.026,0.0
2026-07-28T21:32:50.981299+07:00,-0.015,-0.016,-0.001
2026-07-28T21:32:50.985299+07:00,-0.02,-0.021,-0.0
2026-07-28T21:32:50.989299+07:00,-0.055,-0.051,0.003
2026-07-28T21:32:50.993299+07:00,-0.049,-0.047,0.003
2026-07-28T21:32:50.997299+07:00,-0.028,-0.027,0.001
2026-07-28T21:32:51.001299+07:00,-0.013,-0.014,-0.001
2026-07-28T21:32:51.005299+07:00,0.014,0.011,-0.004
2026-07-28T21:32:51.009299+07:00,-0.048,-0.046,0.003
2026-07-28T21:32:51.013299+07:00,-0.013,-0.014,-0.001
2026-07-28T21:32:51.017299+07:00,-0.038,-0.036,0.002
2026-07-28T21:32:51.021299+07:00,-0.046,-0.044,0.002
2026-07-28T21:32:51.025299+07:00,-0.01,-0.011,-0.001
2026-07-28T21:32:51.029299+07:00,-0.054,-0.051,0.003
2026-07-28T21:32:51.033299+07:00,-0.003,-0.004,-0.002
2026-07-28T21:32:51.037299+07:00,-0.017,-0.018,-0.0
2026-07-28T21:32:51.041299+07:00,-0.022,-0.022,0.0
2026-07-28T21:32:51.045299+07:00,-0.017,-0.017,-0.0
2026-07-28T21:32:51.049299+07:00,0.017,0.013,-0.004
2026-07-28T21:32:51.053299+07:00,-0.017,-0.017,-0.0
2026-07-28T21:32:51.057299+07:00,0.009,0.006,-0.003
2026-07-28T21:32:51.061299+07:00,-0.033,-0.032,0.001
2026-07-28T21:32:51.065299+07:00,-0.004,-0.005,-0.002
2026-07-28T21:32:51.069299+07:00,-0.032,-0.031,0.001
2026-07-28T21:32:51.073299+07:00,-0.015,-0.015,-0.0
2026-07-28T21:32:51.077299+07:00,-0.001,-0.002,-0.002
2026-07-28T21:32:51.081299+07:00,-0.024,-0.024,0.001
2026-07-28T21:32:51.085299+07:00,0.01,0.007,-0.003
2026-07-28T21:32:51.089299+07:00,-0.017,-0.017,-0.0
2026-07-28T21:32:51.093299+07:00,-0.025,-0.024,0.001
2026-07-28T21:32:51.097299+07:00,-0.044,-0.042,0.003
2026-07-28T21:32:51.101299+07:00,-0.002,-0.004,-0.002
2026-07-28T21:32:51.105299+07:00,-0.037,-0.035,0.002
2026-07-28T21:32:51.109299+07:00,-0.01,-0.011,-0.001
2026-07-28T21:32:51.113299+07:00,-0.025,-0.024,0.001
2026-07-28T21:32:51.117299+07:00,-0.039,-0.037,0.002
2026-07-28T21:32:51.121299+07:00,-0.023,-0.023,0.001
2026-07-28T21:32:51.125299+07:00,-0.012,-0.012,-0.001
2026-07-28T21:32:51.129299+07:00,-0.043,-0.04,0.003
2026-07-28T21:32:51.133299+07:00,0.008,0.005,-0.002
2026-07-28T21:32:51.137299+07:00,-0.036,-0.034,0.002
2026-07-28T21:32:51.141299+07:00,-0.0,-0.002,-0.002
2026-07-28T21:32:51.145299+07:00,-0.062,-0.058,0.005
2026-07-28T21:32:51.149299+07:00,0.03,0.026,-0.005
2026-07-28T21:32:51.153299+07:00,-0.005,-0.007,-0.001
2026-07-28T21:32:51.157299+07:00,-0.022,-0.021,0.001
2026-07-28T21:32:51.161299+07:00,-0.047,-0.044,0.003
2026-07-28T21:32:51.165299+07:00,0.007,0.005,-0.002
2026-07-28T21:32:51.169299+07:00,-0.019,-0.019,0.0
2026-07-28T21:32:51.173299+07:00,0.022,0.018,-0.004
2026-07-28T21:32:51.177299+07:00,-0.052,-0.048,0.004
2026-07-28T21:32:51.181299+07:00,-0.037,-0.035,0.002
2026-07-28T21:32:51.185299+07:00,-0.011,-0.011,-0.0
2026-07-28T21:32:51.189299+07:00,-0.005,-0.006,-0.001
2026-07-28T21:32:51.193299+07:00,-0.004,-0.005,-0.001
2026-07-28T21:32:51.197299+07:00,-0.034,-0.032,0.002
2026-07-28T21:32:51.201299+07:00,-0.014,-0.014,0.0
2026-07-28T21:32:51.205299+07:00,-0.016,-0.016,0.0
2026-07-28T21:32:51.209299+07:00,0.011,0.008,-0.002
2026-07-28T21:32:51.213299+07:00,-0.031,-0.029,0.002
2026-07-28T21:32:51.217299+07:00,-0.012,-0.012,-0.0
2026-07-28T21:32:51.221299+07:00,0.001,-0.0,-0.001
2026-07-28T21:32:51.225299+07:00,-0.01,-0.01,-0.0
2026-07-28T21:32:51.229299+07:00,-0.005,-0.006,-0.001
2026-07-28T21:32:51.233299+07:00,-0.019,-0.018,0.001
2026-07-28T21:32:51.237299+07:00,-0.028,-0.026,0.002
2026-07-28T21:32:51.241299+07:00,-0.002,-0.003,-0.001
2026-07-28T21:32:51.245299+07:00,-0.051,-0.047,0.004
2026-07-28T21:32:51.249299+07:00,-0.012,-0.012,0.0
2026-07-28T21:32:51.253299+07:00,-0.03,-0.028,0.002
2026-07-28T21:32:51.257299+07:00,-0.002,-0.003,-0.001
2026-07-28T21:32:51.261299+07:00,-0.028,-0.026,0.002
2026-07-28T21:32:51.265299+07:00,-0.034,-0.032,0.002
2026-07-28T21:32:51.269299+07:00,-0.011,-0.011,0.0
2026-07-28T21:32:51.273299+07:00,-0.022,-0.021,0.001
2026-07-28T21:32:51.277299+07:00,0.002,0.001,-0.001
2026-07-28T21:32:51.281299+07:00,-0.045,-0.042,0.004
2026-07-28T21:32:51.285299+07:00,-0.036,-0.033,0.003
2026-07-28T21:32:51.289299+07:00,-0.032,-0.03,0.002
2026-07-28T21:32:51.293299+07:00,-0.011,-0.011,0.0
2026-07-28T21:32:51.297299+07:00,0.005,0.004,-0.001
2026-07-28T21:32:51.301299+07:00,-0.004,-0.004,-0.001
2026-07-28T21:32:51.305299+07:00,0.009,0.007,-0.002
2026-07-28T21:32:51.309299+07:00,-0.003,-0.004,-0.001
2026-07-28T21:32:51.313299+07:00,-0.002,-0.003,-0.001
2026-07-28T21:32:51.317299+07:00,-0.005,-0.005,-0.0
2026-07-28T21:32:51.321299+07:00,-0.012,-0.012,0.0
2026-07-28T21:32:51.325299+07:00,-0.023,-0.021,0.001
2026-07-28T21:32:51.329299+07:00,0.01,0.008,-0.002
2026-07-28T21:32:51.333299+07:00,-0.011,-0.01,0.0
2026-07-28T21:32:51.337299+07:00,-0.005,-0.005,0.0
2026-07-28T21:32:51.341299+07:00,0.016,0.014,-0.002
2026-07-28T21:32:51.345299+07:00,0.028,0.025,-0.002
2026-07-28T21:32:51.349299+07:00,-0.003,-0.001,0.002
2026-07-28T21:32:51.353299+07:00,-0.004,-0.0,0.004
2026-07-28T21:32:51.357299+07:00,-0.011,-0.005,0.007
2026-07-28T21:32:51.361299+07:00,0.016,0.023,0.007
2026-07-28T21:32:51.365299+07:00,-0.011,0.002,0.013
2026-07-28T21:32:51.369299+07:00,0.056,0.066,0.01
2026-07-28T21:32:51.373299+07:00,0.025,0.041,0.016
2026-07-28T21:32:51.377299+07:00,0.069,0.082,0.013
2026-07-28T21:32:51.381299+07:00,0.029,0.046,0.017
2026-07-28T21:32:51.385299+07:00,0.019,0.036,0.017
2026-07-28T21:32:51.389299+07:00,0.015,0.03,0.014
2026-07-28T21:32:51.393299+07:00,0.007,0.019,0.012
2026-07-28T21:32:51.397299+07:00,-0.006,0.003,0.009
2026-07-28T21:32:51.401299+07:00,-0.001,0.005,0.006
2026-07-28T21:32:51.405299+07:00,-0.018,-0.013,0.005
2026-07-28T21:32:51.409299+07:00,-0.002,0.0,0.002
2026-07-28T21:32:51.413299+07:00,-0.011,-0.009,0.002
2026-07-28T21:32:51.417299+07:00,-0.042,-0.038,0.004
2026-07-28T21:32:51.421299+07:00,0.016,0.014,-0.002
2026-07-28T21:32:51.425299+07:00,0.001,0.0,-0.0
2026-07-28T21:32:51.429299+07:00,-0.001,-0.001,-0.0
2026-07-28T21:32:51.433299+07:00,-0.028,-0.025,0.003
2026-07-28T21:32:51.437299+07:00,-0.051,-0.046,0.005
2026-07-28T21:32:51.441299+07:00,-0.003,-0.003,-0.001
2026-07-28T21:32:51.445299+07:00,-0.025,-0.027,-0.002
2026-07-28T21:32:51.449299+07:00,-0.051,-0.054,-0.004
2026-07-28T21:32:51.453299+07:00,-0.029,-0.03,-0.001
2026-07-28T21:32:51.457299+07:00,0.001,0.004,0.003
2026-07-28T21:32:51.461299+07:00,-0.012,0.008,0.02
2026-07-28T21:32:51.465299+07:00,0.094,0.152,0.058
2026-07-28T21:32:51.469299+07:00,0.287,0.435,0.148
2026-07-28T21:32:51.473299+07:00,0.546,0.826,0.28
2026-07-28T21:32:51.477299+07:00,0.791,1.172,0.382
2026-07-28T21:32:51.481299+07:00,0.739,1.125,0.386
2026-07-28T21:32:51.485299+07:00,0.493,0.775,0.282
2026-07-28T21:32:51.489299+07:00,0.293,0.434,0.14
2026-07-28T21:32:51.493299+07:00,0.055,0.104,0.049
2026-07-28T21:32:51.497299+07:00,0.001,-0.002,-0.002
2026-07-28T21:32:51.501299+07:00,-0.102,-0.118,-0.016
2026-07-28T21:32:51.505299+07:00,-0.132,-0.156,-0.023
2026-07-28T21:32:51.509299+07:00,-0.116,-0.144,-0.028
2026-07-28T21:32:51.513299+07:00,-0.148,-0.17,-0.022
2026-07-28T21:32:51.517299+07:00,-0.106,-0.126,-0.019
2026-07-28T21:32:51.521299+07:00,-0.077,-0.09,-0.013
2026-07-28T21:32:51.525299+07:00,-0.051,-0.059,-0.008
2026-07-28T21:32:51.529299+07:00,-0.029,-0.033,-0.004
2026-07-28T21:32:51.533299+07:00,-0.031,-0.03,0.0
2026-07-28T21:32:51.537299+07:00,-0.026,-0.025,0.002
2026-07-28T21:32:51.541299+07:00,0.007,0.007,-0.001
2026-07-28T21:32:51.545299+07:00,0.012,0.011,-0.001
2026-07-28T21:32:51.549299+07:00,0.013,0.012,-0.001
2026-07-28T21:32:51.553299+07:00,0.004,0.003,-0.0
2026-07-28T21:32:51.557299+07:00,0.008,0.007,-0.0
2026-07-28T21:32:51.561299+07:00,0.005,0.005,-0.0
2026-07-28T21:32:51.565299+07:00,-0.004,-0.003,0.001
2026-07-28T21:32:51.569299+07:00,0.013,0.012,-0.001
2026-07-28T21:32:51.573299+07:00,-0.025,-0.022,0.003
2026-07-28T21:32:51.577299+07:00,-0.01,-0.009,0.001
2026-07-28T21:32:51.581299+07:00,0.012,0.011,-0.001
2026-07-28T21:32:51.585299+07:00,0.039,0.036,-0.003
2026-07-28T21:32:51.589299+07:00,0.012,0.012,-0.001
2026-07-28T21:32:51.593299+07:00,0.036,0.033,-0.003
2026-07-28T21:32:51.597299+07:00,-0.004,-0.002,0.001
2026-07-28T21:32:51.601299+07:00,-0.024,-0.02,0.004
2026-07-28T21:32:51.605299+07:00,-0.011,-0.008,0.003
2026-07-28T21:32:51.609299+07:00,0.052,0.049,-0.003
2026-07-28T21:32:51.613299+07:00,0.034,0.033,-0.001
2026-07-28T21:32:51.617299+07:00,0.025,0.026,0.001
2026-07-28T21:32:51.621299+07:00,0.048,0.048,-0.001
2026-07-28T21:32:51.625299+07:00,0.053,0.053,0.0
2026-07-28T21:32:51.629299+07:00,0.045,0.048,0.002
2026-07-28T21:32:51.633299+07:00,-0.028,-0.016,0.011
2026-07-28T21:32:51.637299+07:00,0.011,0.021,0.009
2026-07-28T21:32:51.641299+07:00,0.015,0.026,0.011
2026-07-28T21:32:51.645299+07:00,0.08,0.087,0.007
2026-07-28T21:32:51.649299+07:00,0.067,0.078,0.011
2026-07-28T21:32:51.653299+07:00,0.083,0.095,0.012
2026-07-28T21:32:51.657299+07:00,0.068,0.084,0.016
2026-07-28T21:32:51.661299+07:00,0.125,0.138,0.013
2026-07-28T21:32:51.665299+07:00,0.051,0.073,0.022
2026-07-28T21:32:51.669299+07:00,0.082,0.103,0.021
2026-07-28T21:32:51.673299+07:00,0.1,0.121,0.02
2026-07-28T21:32:51.677299+07:00,0.121,0.14,0.019
2026-07-28T21:32:51.681299+07:00,0.109,0.129,0.02
2026-07-28T21:32:51.685299+07:00,0.076,0.099,0.023
2026-07-28T21:32:51.689299+07:00,0.083,0.104,0.021
2026-07-28T21:32:51.693299+07:00,0.073,0.093,0.02
2026-07-28T21:32:51.697299+07:00,0.036,0.058,0.022
2026-07-28T21:32:51.701299+07:00,0.099,0.112,0.013
2026-07-28T21:32:51.705299+07:00,0.058,0.073,0.015
2026-07-28T21:32:51.709299+07:00,0.049,0.062,0.013
2026-07-28T21:32:51.713299+07:00,0.06,0.07,0.01
2026-07-28T21:32:51.717299+07:00,0.039,0.049,0.009
2026-07-28T21:32:51.721299+07:00,0.037,0.044,0.007
2026-07-28T21:32:51.725299+07:00,0.077,0.078,0.001
2026-07-28T21:32:51.729299+07:00,0.059,0.06,0.001
2026-07-28T21:32:51.733299+07:00,0.043,0.044,0.002
2026-07-28T21:32:51.737299+07:00,0.051,0.051,-0.0
2026-07-28T21:32:51.741299+07:00,-0.015,-0.009,0.005
2026-07-28T21:32:51.745299+07:00,0.036,0.036,-0.0
2026-07-28T21:32:51.749299+07:00,0.023,0.024,0.0
2026-07-28T21:32:51.753299+07:00,0.025,0.025,-0.0
2026-07-28T21:32:51.757299+07:00,-0.027,-0.023,0.005
2026-07-28T21:32:51.761299+07:00,0.016,0.016,0.0
2026-07-28T21:32:51.765299+07:00,0.023,0.022,-0.001
2026-07-28T21:32:51.769299+07:00,-0.003,-0.001,0.002
2026-07-28T21:32:51.773299+07:00,-0.011,-0.008,0.002
2026-07-28T21:32:51.777299+07:00,0.009,0.009,0.001
2026-07-28T21:32:51.781299+07:00,0.021,0.02,-0.001
2026-07-28T21:32:51.785299+07:00,0.034,0.032,-0.002
2026-07-28T21:32:51.789299+07:00,0.019,0.019,-0.001
2026-07-28T21:32:51.793299+07:00,0.002,0.003,0.001
2026-07-28T21:32:51.797299+07:00,0.005,0.006,0.001
2026-07-28T21:32:51.801299+07:00,-0.003,-0.001,0.002
2026-07-28T21:32:51.805299+07:00,-0.021,-0.017,0.004
2026-07-28T21:32:51.809299+07:00,-0.021,-0.017,0.004
2026-07-28T21:32:51.813299+07:00,0.037,0.035,-0.002
2026-07-28T21:32:51.817299+07:00,0.029,0.027,-0.001
2026-07-28T21:32:51.821299+07:00,-0.016,-0.013,0.003
2026-07-28T21:32:51.825299+07:00,0.028,0.027,-0.001
2026-07-28T21:32:51.829299+07:00,0.013,0.014,0.0
2026-07-28T21:32:51.833299+07:00,0.013,0.013,0.0
2026-07-28T21:32:51.837299+07:00,0.004,0.005,0.001
2026-07-28T21:32:51.841299+07:00,0.002,0.003,0.001
2026-07-28T21:32:51.845299+07:00,0.008,0.009,0.001
2026-07-28T21:32:51.849299+07:00,0.019,0.019,-0.0
2026-07-28T21:32:51.853299+07:00,0.031,0.029,-0.001
2026-07-28T21:32:51.857299+07:00,0.033,0.032,-0.002
2026-07-28T21:32:51.861299+07:00,0.003,0.004,0.001
2026-07-28T21:32:51.865299+07:00,-0.01,-0.007,0.003
2026-07-28T21:32:51.869299+07:00,0.023,0.022,-0.001
2026-07-28T21:32:51.873299+07:00,0.044,0.042,-0.003
2026-07-28T21:32:51.877299+07:00,0.024,0.024,-0.001
2026-07-28T21:32:51.881299+07:00,0.033,0.032,-0.002
2026-07-28T21:32:51.885299+07:00,0.028,0.027,-0.001
2026-07-28T21:32:51.889299+07:00,0.033,0.032,-0.002
2026-07-28T21:32:51.893299+07:00,0.025,0.025,-0.001
2026-07-28T21:32:51.897299+07:00,0.047,0.044,-0.003
2026-07-28T21:32:51.901299+07:00,0.01,0.011,0.001
2026-07-28T21:32:51.905299+07:00,0.024,0.024,-0.001
2026-07-28T21:32:51.909299+07:00,0.054,0.051,-0.004
2026-07-28T21:32:51.913299+07:00,0.006,0.007,0.001
2026-07-28T21:32:51.917299+07:00,0.039,0.037,-0.002
2026-07-28T21:32:51.921299+07:00,0.023,0.023,-0.0
2026-07-28T21:32:51.925299+07:00,0.015,0.015,0.001
2026-07-28T21:32:51.929299+07:00,0.023,0.022,-0.0
2026-07-28T21:32:51.933299+07:00,0.024,0.024,-0.0
2026-07-28T21:32:51.937299+07:00,0.001,0.003,0.002
2026-07-28T21:32:51.941299+07:00,0.015,0.016,0.001
2026-07-28T21:32:51.945299+07:00,0.026,0.025,-0.001
2026-07-28T21:32:51.949299+07:00,0.011,0.012,0.001
2026-07-28T21:32:51.953299+07:00,0.028,0.027,-0.001
2026-07-28T21:32:51.957299+07:00,0.005,0.007,0.002
2026-07-28T21:32:51.961299+07:00,0.057,0.053,-0.004
2026-07-28T21:32:51.965299+07:00,0.058,0.055,-0.004
2026-07-28T21:32:51.969299+07:00,-0.004,-0.002,0.003
2026-07-28T21:32:51.973299+07:00,-0.005,-0.002,0.003
2026-07-28T21:32:51.977299+07:00,0.065,0.061,-0.004
2026-07-28T21:32:51.981299+07:00,0.005,0.006,0.002
2026-07-28T21:32:51.985299+07:00,0.024,0.024,-0.0
2026-07-28T21:32:51.989299+07:00,0.001,0.003,0.002
2026-07-28T21:32:51.993299+07:00,0.002,0.004,0.002
2026-07-28T21:32:51.997299+07:00,0.031,0.03,-0.001
2026-07-28T21:32:52.001299+07:00,0.011,0.013,0.001
2026-07-28T21:32:52.005299+07:00,0.016,0.016,0.001
2026-07-28T21:32:52.009299+07:00,0.032,0.031,-0.001
2026-07-28T21:32:52.013299+07:00,0.052,0.049,-0.003
2026-07-28T21:32:52.017299+07:00,-0.01,-0.006,0.003
2026-07-28T21:32:52.021299+07:00,0.009,0.011,0.001
2026-07-28T21:32:52.025299+07:00,0.023,0.023,0.0
2026-07-28T21:32:52.029299+07:00,0.038,0.037,-0.001
2026-07-28T21:32:52.033299+07:00,0.053,0.05,-0.003
2026-07-28T21:32:52.037299+07:00,0.044,0.042,-0.002
2026-07-28T21:32:52.041299+07:00,0.025,0.025,-0.0
2026-07-28T21:32:52.045299+07:00,0.03,0.029,-0.001
2026-07-28T21:32:52.049299+07:00,0.03,0.029,-0.0
2026-07-28T21:32:52.053299+07:00,0.04,0.038,-0.001
2026-07-28T21:32:52.057299+07:00,0.01,0.011,0.002
2026-07-28T21:32:52.061299+07:00,0.033,0.032,-0.001
2026-07-28T21:32:52.065299+07:00,0.057,0.053,-0.003
2026-07-28T21:32:52.069299+07:00,0.053,0.05,-0.003
2026-07-28T21:32:52.073299+07:00,0.043,0.041,-0.002
2026-07-28T21:32:52.077299+07:00,0.032,0.031,-0.001
2026-07-28T21:32:52.081299+07:00,0.027,0.027,-0.0
2026-07-28T21:32:52.085299+07:00,0.022,0.023,0.0
2026-07-28T21:32:52.089299+07:00,0.019,0.02,0.001
2026-07-28T21:32:52.093299+07:00,0.022,0.022,0.001
2026-07-28T21:32:52.097299+07:00,0.025,0.025,0.0
2026-07-28T21:32:52.101299+07:00,0.045,0.043,-0.002
2026-07-28T21:32:52.105299+07:00,0.039,0.038,-0.001
2026-07-28T21:32:52.109299+07:00,0.056,0.054,-0.003
2026-07-28T21:32:52.113299+07:00,-0.003,0.0,0.003
2026-07-28T21:32:52.117299+07:00,0.055,0.052,-0.003
2026-07-28T21:32:52.121299+07:00,0.017,0.018,0.001
2026-07-28T21:32:52.125299+07:00,0.005,0.008,0.002
2026-07-28T21:32:52.129299+07:00,0.029,0.029,-0.0
2026-07-28T21:32:52.133299+07:00,0.049,0.047,-0.002
2026-07-28T21:32:52.137299+07:00,0.033,0.033,-0.0
2026-07-28T21:32:52.141299+07:00,0.033,0.033,0.0
2026-07-28T21:32:52.145299+07:00,0.013,0.016,0.003
2026-07-28T21:32:52.149299+07:00,0.026,0.029,0.002
2026-07-28T21:32:52.153299+07:00,0.044,0.046,0.002
2026-07-28T21:32:52.157299+07:00,0.026,0.033,0.007
2026-07-28T21:32:52.161299+07:00,0.069,0.074,0.005
2026-07-28T21:32:52.165299+07:00,0.052,0.063,0.01
2026-07-28T21:32:52.169299+07:00,0.05,0.064,0.014
2026-07-28T21:32:52.173299+07:00,0.095,0.108,0.012
2026-07-28T21:32:52.177299+07:00,0.072,0.088,0.016
2026-07-28T21:32:52.181299+07:00,0.064,0.081,0.017
2026-07-28T21:32:52.185299+07:00,0.107,0.118,0.011
2026-07-28T21:32:52.189299+07:00,0.044,0.059,0.015
2026-07-28T21:32:52.193299+07:00,0.066,0.075,0.009
2026-07-28T21:32:52.197299+07:00,0.047,0.054,0.008
2026-07-28T21:32:52.201299+07:00,0.034,0.04,0.006
2026-07-28T21:32:52.205299+07:00,0.039,0.042,0.003
2026-07-28T21:32:52.209299+07:00,0.054,0.054,-0.0
2026-07-28T21:32:52.213299+07:00,0.074,0.071,-0.003
2026-07-28T21:32:52.217299+07:00,0.03,0.031,0.001
2026-07-28T21:32:52.221299+07:00,0.043,0.042,-0.001
2026-07-28T21:32:52.225299+07:00,0.031,0.031,0.0
2026-07-28T21:32:52.229299+07:00,0.031,0.031,0.0
2026-07-28T21:32:52.233299+07:00,0.001,0.004,0.003
2026-07-28T21:32:52.237299+07:00,0.048,0.046,-0.002
2026-07-28T21:32:52.241299+07:00,0.01,0.011,0.002
2026-07-28T21:32:52.245299+07:00,0.019,0.016,-0.003
2026-07-28T21:32:52.249299+07:00,-0.047,-0.047,-0.001
2026-07-28T21:32:52.253299+07:00,-0.022,-0.02,0.002
2026-07-28T21:32:52.257299+07:00,0.042,0.044,0.002
2026-07-28T21:32:52.261299+07:00,0.06,0.076,0.016
2026-07-28T21:32:52.265299+07:00,0.13,0.188,0.058
2026-07-28T21:32:52.269299+07:00,0.316,0.464,0.148
2026-07-28T21:32:52.273299+07:00,0.604,0.881,0.278
2026-07-28T21:32:52.277299+07:00,0.78,1.166,0.386
2026-07-28T21:32:52.281299+07:00,0.768,1.155,0.386
2026-07-28T21:32:52.285299+07:00,0.564,0.843,0.279
2026-07-28T21:32:52.289299+07:00,0.342,0.481,0.139
2026-07-28T21:32:52.293299+07:00,0.099,0.147,0.048
2026-07-28T21:32:52.297299+07:00,-0.024,-0.02,0.004
2026-07-28T21:32:52.301299+07:00,-0.07,-0.086,-0.016
2026-07-28T21:32:52.305299+07:00,-0.156,-0.173,-0.018
2026-07-28T21:32:52.309299+07:00,-0.071,-0.101,-0.029
2026-07-28T21:32:52.313299+07:00,-0.103,-0.127,-0.023
2026-07-28T21:32:52.317299+07:00,-0.063,-0.084,-0.02
2026-07-28T21:32:52.321299+07:00,-0.06,-0.072,-0.012
2026-07-28T21:32:52.325299+07:00,-0.034,-0.04,-0.006
2026-07-28T21:32:52.329299+07:00,0.034,0.027,-0.007
2026-07-28T21:32:52.333299+07:00,0.02,0.018,-0.002
2026-07-28T21:32:52.337299+07:00,0.069,0.064,-0.005
2026-07-28T21:32:52.341299+07:00,0.025,0.026,0.001
2026-07-28T21:32:52.345299+07:00,0.037,0.036,-0.0
2026-07-28T21:32:52.349299+07:00,0.026,0.027,0.001
2026-07-28T21:32:52.353299+07:00,0.003,0.007,0.003
2026-07-28T21:32:52.357299+07:00,0.057,0.055,-0.002
2026-07-28T21:32:52.361299+07:00,0.013,0.016,0.002
2026-07-28T21:32:52.365299+07:00,0.031,0.031,0.001
2026-07-28T21:32:52.369299+07:00,0.047,0.046,-0.001
2026-07-28T21:32:52.373299+07:00,0.017,0.019,0.002
2026-07-28T21:32:52.377299+07:00,0.018,0.02,0.002
2026-07-28T21:32:52.381299+07:00,0.075,0.072,-0.004
2026-07-28T21:32:52.385299+07:00,0.026,0.027,0.001
2026-07-28T21:32:52.389299+07:00,0.039,0.039,0.0
2026-07-28T21:32:52.393299+07:00,0.045,0.045,-0.0
2026-07-28T21:32:52.397299+07:00,0.025,0.027,0.002
2026-07-28T21:32:52.401299+07:00,0.031,0.032,0.001
2026-07-28T21:32:52.405299+07:00,0.029,0.031,0.002
2026-07-28T21:32:52.409299+07:00,0.045,0.046,0.001
2026-07-28T21:32:52.413299+07:00,0.03,0.033,0.003
2026-07-28T21:32:52.417299+07:00,0.074,0.073,-0.001
2026-07-28T21:32:52.421299+07:00,0.066,0.067,0.001
2026-07-28T21:32:52.425299+07:00,0.051,0.055,0.004
2026-07-28T21:32:52.429299+07:00,0.052,0.057,0.005
2026-07-28T21:32:52.433299+07:00,0.046,0.053,0.007
2026-07-28T21:32:52.437299+07:00,0.055,0.063,0.008
2026-07-28T21:32:52.441299+07:00,0.09,0.097,0.007
2026-07-28T21:32:52.445299+07:00,0.092,0.102,0.009
2026-07-28T21:32:52.449299+07:00,0.088,0.1,0.012
2026-07-28T21:32:52.453299+07:00,0.114,0.126,0.012
2026-07-28T21:32:52.457299+07:00,0.105,0.121,0.016
2026-07-28T21:32:52.461299+07:00,0.131,0.147,0.015
2026-07-28T21:32:52.465299+07:00,0.143,0.16,0.016
2026-07-28T21:32:52.469299+07:00,0.14,0.158,0.018
2026-07-28T21:32:52.473299+07:00,0.148,0.166,0.019
2026-07-28T21:32:52.477299+07:00,0.124,0.145,0.022
2026-07-28T21:32:52.481299+07:00,0.173,0.19,0.017
2026-07-28T21:32:52.485299+07:00,0.144,0.163,0.019
2026-07-28T21:32:52.489299+07:00,0.14,0.158,0.018
2026-07-28T21:32:52.493299+07:00,0.136,0.153,0.017
2026-07-28T21:32:52.497299+07:00,0.102,0.12,0.018
2026-07-28T21:32:52.501299+07:00,0.106,0.122,0.016
2026-07-28T21:32:52.505299+07:00,0.125,0.136,0.011
2026-07-28T21:32:52.509299+07:00,0.1,0.111,0.011
2026-07-28T21:32:52.513299+07:00,0.088,0.097,0.01
2026-07-28T21:32:52.517299+07:00,0.102,0.108,0.006
2026-07-28T21:32:52.521299+07:00,0.092,0.097,0.005
2026-07-28T21:32:52.525299+07:00,0.061,0.067,0.006
2026-07-28T21:32:52.529299+07:00,0.051,0.057,0.005
2026-07-28T21:32:52.533299+07:00,0.067,0.069,0.002
2026-07-28T21:32:52.537299+07:00,0.035,0.04,0.004
2026-07-28T21:32:52.541299+07:00,0.056,0.057,0.001
2026-07-28T21:32:52.545299+07:00,0.069,0.069,-0.001
2026-07-28T21:32:52.549299+07:00,0.075,0.073,-0.002
2026-07-28T21:32:52.553299+07:00,0.044,0.045,0.001
2026-07-28T21:32:52.557299+07:00,0.045,0.045,0.0
2026-07-28T21:32:52.561299+07:00,0.055,0.054,-0.001
2026-07-28T21:32:52.565299+07:00,0.052,0.051,-0.001
2026-07-28T21:32:52.569299+07:00,0.031,0.033,0.001
2026-07-28T21:32:52.573299+07:00,0.063,0.061,-0.002
2026-07-28T21:32:52.577299+07:00,0.053,0.052,-0.001
2026-07-28T21:32:52.581299+07:00,0.053,0.052,-0.001
2026-07-28T21:32:52.585299+07:00,0.031,0.032,0.001
2026-07-28T21:32:52.589299+07:00,0.044,0.044,-0.0
2026-07-28T21:32:52.593299+07:00,0.055,0.054,-0.001
2026-07-28T21:32:52.597299+07:00,0.047,0.047,-0.0
2026-07-28T21:32:52.601299+07:00,0.048,0.048,-0.0
2026-07-28T21:32:52.605299+07:00,0.009,0.013,0.003
2026-07-28T21:32:52.609299+07:00,0.053,0.052,-0.001
2026-07-28T21:32:52.613299+07:00,0.081,0.078,-0.004
2026-07-28T21:32:52.617299+07:00,0.077,0.074,-0.003
2026-07-28T21:32:52.621299+07:00,0.062,0.061,-0.002
2026-07-28T21:32:52.625299+07:00,0.035,0.036,0.001
2026-07-28T21:32:52.629299+07:00,0.048,0.048,-0.0
2026-07-28T21:32:52.633299+07:00,0.039,0.039,0.001
2026-07-28T21:32:52.637299+07:00,0.068,0.066,-0.002
2026-07-28T21:32:52.641299+07:00,0.056,0.055,-0.001
2026-07-28T21:32:52.645299+07:00,0.052,0.052,-0.001
2026-07-28T21:32:52.649299+07:00,0.016,0.019,0.003
2026-07-28T21:32:52.653299+07:00,0.051,0.051,-0.001
2026-07-28T21:32:52.657299+07:00,0.053,0.052,-0.001
2026-07-28T21:32:52.661299+07:00,0.058,0.057,-0.001
2026-07-28T21:32:52.665299+07:00,0.041,0.041,0.0
2026-07-28T21:32:52.669299+07:00,0.04,0.041,0.0
2026-07-28T21:32:52.673299+07:00,0.037,0.038,0.001
2026-07-28T21:32:52.677299+07:00,0.018,0.021,0.003
2026-07-28T21:32:52.681299+07:00,0.079,0.075,-0.003
2026-07-28T21:32:52.685299+07:00,0.075,0.072,-0.003
2026-07-28T21:32:52.689299+07:00,0.08,0.076,-0.003
2026-07-28T21:32:52.693299+07:00,0.078,0.075,-0.003
2026-07-28T21:32:52.697299+07:00,0.072,0.07,-0.003
2026-07-28T21:32:52.701299+07:00,0.048,0.047,-0.0
2026-07-28T21:32:52.705299+07:00,0.032,0.033,0.001
2026-07-28T21:32:52.709299+07:00,0.045,0.045,0.0
2026-07-28T21:32:52.713299+07:00,0.076,0.073,-0.003
2026-07-28T21:32:52.717299+07:00,0.022,0.024,0.002
2026-07-28T21:32:52.721299+07:00,0.063,0.061,-0.002
2026-07-28T21:32:52.725299+07:00,-0.005,-0.0,0.005
2026-07-28T21:32:52.729299+07:00,0.057,0.056,-0.001
2026-07-28T21:32:52.733299+07:00,0.034,0.035,0.001
2026-07-28T21:32:52.737299+07:00,0.066,0.064,-0.002
2026-07-28T21:32:52.741299+07:00,0.045,0.045,0.0
2026-07-28T21:32:52.745299+07:00,0.048,0.048,-0.0
2026-07-28T21:32:52.749299+07:00,0.064,0.063,-0.002
2026-07-28T21:32:52.753299+07:00,0.073,0.071,-0.003
2026-07-28T21:32:52.757299+07:00,0.05,0.049,-0.0
2026-07-28T21:32:52.761299+07:00,0.044,0.044,0.0
2026-07-28T21:32:52.765299+07:00,0.045,0.045,0.0
2026-07-28T21:32:52.769299+07:00,0.032,0.034,0.001
2026-07-28T21:32:52.773299+07:00,0.081,0.077,-0.003
2026-07-28T21:32:52.777299+07:00,0.069,0.067,-0.002
2026-07-28T21:32:52.781299+07:00,0.063,0.062,-0.002
2026-07-28T21:32:52.785299+07:00,0.009,0.012,0.004
2026-07-28T21:32:52.789299+07:00,0.035,0.036,0.001
2026-07-28T21:32:52.793299+07:00,0.01,0.014,0.004
2026-07-28T21:32:52.797299+07:00,0.05,0.049,-0.0
2026-07-28T21:32:52.801299+07:00,0.025,0.027,0.002
2026-07-28T21:32:52.805299+07:00,0.049,0.049,-0.0
2026-07-28T21:32:52.809299+07:00,0.081,0.078,-0.003
2026-07-28T21:32:52.813299+07:00,0.038,0.039,0.001
2026-07-28T21:32:52.817299+07:00,0.028,0.03,0.002
2026-07-28T21:32:52.821299+07:00,0.051,0.05,-0.0
2026-07-28T21:32:52.825299+07:00,0.029,0.031,0.002
2026-07-28T21:32:52.829299+07:00,0.041,0.042,0.001
2026-07-28T21:32:52.833299+07:00,0.032,0.033,0.002
2026-07-28T21:32:52.837299+07:00,0.029,0.031,0.002
2026-07-28T21:32:52.841299+07:00,0.058,0.057,-0.001
2026-07-28T21:32:52.845299+07:00,0.058,0.057,-0.001
2026-07-28T21:32:52.849299+07:00,0.03,0.032,0.002
2026-07-28T21:32:52.853299+07:00,0.056,0.055,-0.001
2026-07-28T21:32:52.857299+07:00,0.068,0.066,-0.002
2026-07-28T21:32:52.861299+07:00,0.024,0.026,0.002
2026-07-28T21:32:52.865299+07:00,0.048,0.048,0.0
2026-07-28T21:32:52.869299+07:00,0.06,0.059,-0.001
2026-07-28T21:32:52.873299+07:00,0.016,0.02,0.003
2026-07-28T21:32:52.877299+07:00,0.047,0.047,0.0
2026-07-28T21:32:52.881299+07:00,0.046,0.046,0.0
2026-07-28T21:32:52.885299+07:00,0.058,0.057,-0.001
2026-07-28T21:32:52.889299+07:00,0.079,0.076,-0.003
2026-07-28T21:32:52.893299+07:00,0.024,0.027,0.002
2026-07-28T21:32:52.897299+07:00,-0.004,0.002,0.005
2026-07-28T21:32:52.901299+07:00,0.064,0.062,-0.002
2026-07-28T21:32:52.905299+07:00,0.062,0.061,-0.001
2026-07-28T21:32:52.909299+07:00,0.084,0.081,-0.004
2026-07-28T21:32:52.913299+07:00,0.062,0.061,-0.001
2026-07-28T21:32:52.917299+07:00,0.044,0.044,0.0
2026-07-28T21:32:52.921299+07:00,0.049,0.049,-0.0
2026-07-28T21:32:52.925299+07:00,0.066,0.064,-0.002
2026-07-28T21:32:52.929299+07:00,0.074,0.071,-0.002
2026-07-28T21:32:52.933299+07:00,0.042,0.043,0.001
2026-07-28T21:32:52.937299+07:00,0.014,0.018,0.004
2026-07-28T21:32:52.941299+07:00,0.078,0.076,-0.002
2026-07-28T21:32:52.945299+07:00,0.039,0.041,0.002
2026-07-28T21:32:52.949299+07:00,0.038,0.041,0.003
2026-07-28T21:32:52.953299+07:00,0.068,0.069,0.002
2026-07-28T21:32:52.957299+07:00,0.094,0.096,0.002
2026-07-28T21:32:52.961299+07:00,0.038,0.049,0.01
2026-07-28T21:32:52.965299+07:00,0.075,0.085,0.01
2026-07-28T21:32:52.969299+07:00,0.07,0.084,0.014
2026-07-28T21:32:52.973299+07:00,0.098,0.112,0.014
2026-07-28T21:32:52.977299+07:00,0.101,0.116,0.015
2026-07-28T21:32:52.981299+07:00,0.102,0.117,0.015
2026-07-28T21:32:52.985299+07:00,0.102,0.116,0.014
2026-07-28T21:32:52.989299+07:00,0.093,0.105,0.012
2026-07-28T21:32:52.993299+07:00,0.077,0.087,0.01
2026-07-28T21:32:52.997299+07:00,0.074,0.08,0.007
2026-07-28T21:32:53.001299+07:00,0.057,0.063,0.005
2026-07-28T21:32:53.005299+07:00,0.078,0.079,0.001
2026-07-28T21:32:53.009299+07:00,0.023,0.028,0.005
2026-07-28T21:32:53.013299+07:00,0.058,0.058,0.0
2026-07-28T21:32:53.017299+07:00,0.03,0.033,0.002
2026-07-28T21:32:53.021299+07:00,0.038,0.04,0.001
2026-07-28T21:32:53.025299+07:00,0.075,0.073,-0.002
2026-07-28T21:32:53.029299+07:00,0.067,0.065,-0.002
2026-07-28T21:32:53.033299+07:00,0.058,0.057,-0.001
2026-07-28T21:32:53.037299+07:00,0.042,0.043,0.001
2026-07-28T21:32:53.041299+07:00,0.074,0.071,-0.003
2026-07-28T21:32:53.045299+07:00,0.069,0.063,-0.006
2026-07-28T21:32:53.049299+07:00,0.01,0.006,-0.005
2026-07-28T21:32:53.053299+07:00,0.03,0.028,-0.002
2026-07-28T21:32:53.057299+07:00,0.038,0.042,0.004
2026-07-28T21:32:53.061299+07:00,0.112,0.125,0.012
2026-07-28T21:32:53.065299+07:00,0.17,0.225,0.056
2026-07-28T21:32:53.069299+07:00,0.334,0.482,0.148
2026-07-28T21:32:53.073299+07:00,0.62,0.898,0.278
2026-07-28T21:32:53.077299+07:00,0.805,1.191,0.385
2026-07-28T21:32:53.081299+07:00,0.825,1.207,0.382
2026-07-28T21:32:53.085299+07:00,0.584,0.862,0.278
2026-07-28T21:32:53.089299+07:00,0.319,0.462,0.143
2026-07-28T21:32:53.093299+07:00,0.102,0.152,0.05
2026-07-28T21:32:53.097299+07:00,-0.018,-0.014,0.005
2026-07-28T21:32:53.101299+07:00,-0.066,-0.081,-0.015
2026-07-28T21:32:53.105299+07:00,-0.053,-0.079,-0.026
2026-07-28T21:32:53.109299+07:00,-0.133,-0.155,-0.022
2026-07-28T21:32:53.113299+07:00,-0.09,-0.113,-0.023
2026-07-28T21:32:53.117299+07:00,-0.058,-0.078,-0.019
2026-07-28T21:32:53.121299+07:00,-0.016,-0.031,-0.014
2026-07-28T21:32:53.125299+07:00,-0.008,-0.015,-0.007
2026-07-28T21:32:53.129299+07:00,-0.006,-0.007,-0.001
2026-07-28T21:32:53.133299+07:00,0.06,0.056,-0.004
2026-07-28T21:32:53.137299+07:00,0.026,0.027,0.001
2026-07-28T21:32:53.141299+07:00,0.059,0.058,-0.001
2026-07-28T21:32:53.145299+07:00,0.025,0.027,0.002
2026-07-28T21:32:53.149299+07:00,0.066,0.065,-0.002
2026-07-28T21:32:53.153299+07:00,0.048,0.048,0.0
2026-07-28T21:32:53.157299+07:00,0.055,0.054,-0.0
2026-07-28T21:32:53.161299+07:00,0.082,0.079,-0.003
2026-07-28T21:32:53.165299+07:00,0.018,0.021,0.003
2026-07-28T21:32:53.169299+07:00,0.059,0.058,-0.001
2026-07-28T21:32:53.173299+07:00,0.059,0.058,-0.001
2026-07-28T21:32:53.177299+07:00,0.024,0.027,0.003
2026-07-28T21:32:53.181299+07:00,0.047,0.048,0.0
2026-07-28T21:32:53.185299+07:00,0.05,0.05,0.0
2026-07-28T21:32:53.189299+07:00,0.047,0.048,0.0
2026-07-28T21:32:53.193299+07:00,0.025,0.027,0.003
2026-07-28T21:32:53.197299+07:00,0.063,0.062,-0.001
2026-07-28T21:32:53.201299+07:00,0.039,0.04,0.002
2026-07-28T21:32:53.205299+07:00,0.055,0.055,0.0
2026-07-28T21:32:53.209299+07:00,0.034,0.037,0.003
2026-07-28T21:32:53.213299+07:00,0.025,0.029,0.005
2026-07-28T21:32:53.217299+07:00,0.044,0.047,0.003
2026-07-28T21:32:53.221299+07:00,0.085,0.085,0.0
2026-07-28T21:32:53.225299+07:00,0.048,0.053,0.005
2026-07-28T21:32:53.229299+07:00,0.055,0.061,0.006
2026-07-28T21:32:53.233299+07:00,0.084,0.089,0.005
2026-07-28T21:32:53.237299+07:00,0.073,0.081,0.008
2026-07-28T21:32:53.241299+07:00,0.083,0.092,0.009
2026-07-28T21:32:53.245299+07:00,0.088,0.098,0.011
2026-07-28T21:32:53.249299+07:00,0.116,0.127,0.01
2026-07-28T21:32:53.253299+07:00,0.095,0.11,0.015
2026-07-28T21:32:53.257299+07:00,0.121,0.136,0.015
2026-07-28T21:32:53.261299+07:00,0.134,0.15,0.016
2026-07-28T21:32:53.265299+07:00,0.139,0.156,0.018
2026-07-28T21:32:53.269299+07:00,0.164,0.181,0.017
2026-07-28T21:32:53.273299+07:00,0.148,0.167,0.02
2026-07-28T21:32:53.277299+07:00,0.106,0.13,0.024
2026-07-28T21:32:53.281299+07:00,0.156,0.175,0.019
2026-07-28T21:32:53.285299+07:00,0.173,0.19,0.017
2026-07-28T21:32:53.289299+07:00,0.15,0.168,0.018
2026-07-28T21:32:53.293299+07:00,0.12,0.139,0.02
2026-07-28T21:32:53.297299+07:00,0.117,0.135,0.018
2026-07-28T21:32:53.301299+07:00,0.11,0.126,0.016
2026-07-28T21:32:53.305299+07:00,0.123,0.136,0.012
2026-07-28T21:32:53.309299+07:00,0.137,0.145,0.008
2026-07-28T21:32:53.313299+07:00,0.142,0.147,0.005
2026-07-28T21:32:53.317299+07:00,0.082,0.091,0.009
2026-07-28T21:32:53.321299+07:00,0.087,0.094,0.006
2026-07-28T21:32:53.325299+07:00,0.072,0.078,0.006
2026-07-28T21:32:53.329299+07:00,0.086,0.089,0.003
2026-07-28T21:32:53.333299+07:00,0.074,0.076,0.002
2026-07-28T21:32:53.337299+07:00,0.038,0.043,0.005
2026-07-28T21:32:53.341299+07:00,0.058,0.06,0.002
2026-07-28T21:32:53.345299+07:00,0.079,0.078,-0.001
2026-07-28T21:32:53.349299+07:00,0.041,0.043,0.002
2026-07-28T21:32:53.353299+07:00,0.085,0.082,-0.003
2026-07-28T21:32:53.357299+07:00,0.046,0.047,0.001
2026-07-28T21:32:53.361299+07:00,0.027,0.03,0.003
2026-07-28T21:32:53.365299+07:00,0.024,0.027,0.003
2026-07-28T21:32:53.369299+07:00,0.064,0.062,-0.001
2026-07-28T21:32:53.373299+07:00,0.039,0.04,0.001
2026-07-28T21:32:53.377299+07:00,0.059,0.058,-0.001
2026-07-28T21:32:53.381299+07:00,0.06,0.059,-0.001
2026-07-28T21:32:53.385299+07:00,0.085,0.082,-0.004
2026-07-28T21:32:53.389299+07:00,0.056,0.056,-0.001
2026-07-28T21:32:53.393299+07:00,0.058,0.057,-0.001
2026-07-28T21:32:53.397299+07:00,0.003,0.008,0.005
2026-07-28T21:32:53.401299+07:00,0.053,0.052,-0.0
2026-07-28T21:32:53.405299+07:00,0.06,0.059,-0.001
2026-07-28T21:32:53.409299+07:00,0.028,0.03,0.002
2026-07-28T21:32:53.413299+07:00,0.066,0.064,-0.002
2026-07-28T21:32:53.417299+07:00,0.063,0.061,-0.001
2026-07-28T21:32:53.421299+07:00,0.043,0.044,0.001
2026-07-28T21:32:53.425299+07:00,0.036,0.037,0.001
2026-07-28T21:32:53.429299+07:00,0.024,0.027,0.002
2026-07-28T21:32:53.433299+07:00,0.03,0.032,0.002
2026-07-28T21:32:53.437299+07:00,0.091,0.087,-0.004
2026-07-28T21:32:53.441299+07:00,0.041,0.042,0.001
2026-07-28T21:32:53.445299+07:00,0.057,0.056,-0.001
2026-07-28T21:32:53.449299+07:00,0.045,0.045,0.0
2026-07-28T21:32:53.453299+07:00,0.06,0.059,-0.001
2026-07-28T21:32:53.457299+07:00,0.051,0.051,-0.0
2026-07-28T21:32:53.461299+07:00,0.059,0.058,-0.001
2026-07-28T21:32:53.465299+07:00,0.036,0.037,0.001
2026-07-28T21:32:53.469299+07:00,0.03,0.032,0.002
2026-07-28T21:32:53.473299+07:00,0.018,0.021,0.003
2026-07-28T21:32:53.477299+07:00,0.074,0.072,-0.003
2026-07-28T21:32:53.481299+07:00,0.025,0.027,0.002
2026-07-28T21:32:53.485299+07:00,0.044,0.045,0.0
2026-07-28T21:32:53.489299+07:00,0.089,0.085,-0.004
2026-07-28T21:32:53.493299+07:00,0.047,0.047,0.0
2026-07-28T21:32:53.497299+07:00,0.035,0.036,0.001
2026-07-28T21:32:53.501299+07:00,0.049,0.049,-0.0
2026-07-28T21:32:53.505299+07:00,0.069,0.067,-0.002
2026-07-28T21:32:53.509299+07:00,0.038,0.039,0.001
2026-07-28T21:32:53.513299+07:00,0.053,0.053,-0.001
2026-07-28T21:32:53.517299+07:00,0.045,0.045,0.0
2026-07-28T21:32:53.521299+07:00,0.023,0.026,0.002
2026-07-28T21:32:53.525299+07:00,0.031,0.032,0.002
2026-07-28T21:32:53.529299+07:00,0.058,0.057,-0.001
2026-07-28T21:32:53.533299+07:00,0.053,0.052,-0.001
2026-07-28T21:32:53.537299+07:00,0.053,0.053,-0.001
2026-07-28T21:32:53.541299+07:00,0.035,0.036,0.001
2026-07-28T21:32:53.545299+07:00,0.061,0.059,-0.001
2026-07-28T21:32:53.549299+07:00,0.032,0.033,0.001
2026-07-28T21:32:53.553299+07:00,0.021,0.024,0.003
2026-07-28T21:32:53.557299+07:00,0.008,0.012,0.004
2026-07-28T21:32:53.561299+07:00,0.015,0.018,0.003
2026-07-28T21:32:53.565299+07:00,0.018,0.021,0.003
2026-07-28T21:32:53.569299+07:00,0.027,0.028,0.002
2026-07-28T21:32:53.573299+07:00,-0.002,0.003,0.005
2026-07-28T21:32:53.577299+07:00,0.031,0.033,0.002
2026-07-28T21:32:53.581299+07:00,0.071,0.068,-0.002
2026-07-28T21:32:53.585299+07:00,0.038,0.039,0.001
2026-07-28T21:32:53.589299+07:00,0.046,0.046,0.0
2026-07-28T21:32:53.593299+07:00,0.047,0.047,-0.0
2026-07-28T21:32:53.597299+07:00,0.056,0.055,-0.001
2026-07-28T21:32:53.601299+07:00,0.071,0.068,-0.002
2026-07-28T21:32:53.605299+07:00,0.072,0.07,-0.003
2026-07-28T21:32:53.609299+07:00,0.038,0.038,0.001
2026-07-28T21:32:53.613299+07:00,0.042,0.043,0.0
2026-07-28T21:32:53.617299+07:00,0.041,0.041,0.0
2026-07-28T21:32:53.621299+07:00,0.05,0.049,-0.0
2026-07-28T21:32:53.625299+07:00,0.03,0.032,0.002
2026-07-28T21:32:53.629299+07:00,0.099,0.093,-0.005
2026-07-28T21:32:53.633299+07:00,0.058,0.057,-0.001
2026-07-28T21:32:53.637299+07:00,0.066,0.064,-0.002
2026-07-28T21:32:53.641299+07:00,0.055,0.054,-0.001
2026-07-28T21:32:53.645299+07:00,0.052,0.051,-0.001
2026-07-28T21:32:53.649299+07:00,0.059,0.057,-0.001
2026-07-28T21:32:53.653299+07:00,0.036,0.037,0.001
2026-07-28T21:32:53.657299+07:00,0.015,0.018,0.003
2026-07-28T21:32:53.661299+07:00,0.054,0.053,-0.001
2026-07-28T21:32:53.665299+07:00,0.02,0.022,0.002
2026-07-28T21:32:53.669299+07:00,0.03,0.031,0.001
2026-07-28T21:32:53.673299+07:00,0.046,0.045,-0.0
2026-07-28T21:32:53.677299+07:00,0.062,0.06,-0.002
2026-07-28T21:32:53.681299+07:00,0.026,0.028,0.002
2026-07-28T21:32:53.685299+07:00,0.031,0.032,0.001
2026-07-28T21:32:53.689299+07:00,0.048,0.048,-0.0
2026-07-28T21:32:53.693299+07:00,0.031,0.032,0.001
2026-07-28T21:32:53.697299+07:00,0.061,0.059,-0.002
2026-07-28T21:32:53.701299+07:00,0.05,0.049,-0.001
2026-07-28T21:32:53.705299+07:00,0.022,0.025,0.002
2026-07-28T21:32:53.709299+07:00,0.053,0.052,-0.001
2026-07-28T21:32:53.713299+07:00,0.04,0.04,0.0
2026-07-28T21:32:53.717299+07:00,0.046,0.045,-0.0
2026-07-28T21:32:53.721299+07:00,0.025,0.027,0.002
2026-07-28T21:32:53.725299+07:00,0.058,0.056,-0.001
2026-07-28T21:32:53.729299+07:00,0.035,0.036,0.001
2026-07-28T21:32:53.733299+07:00,0.023,0.025,0.002
2026-07-28T21:32:53.737299+07:00,0.037,0.038,0.001
2026-07-28T21:32:53.741299+07:00,0.04,0.041,0.001
2026-07-28T21:32:53.745299+07:00,0.058,0.058,-0.0
2026-07-28T21:32:53.749299+07:00,0.065,0.065,-0.0
2026-07-28T21:32:53.753299+07:00,0.03,0.035,0.005
2026-07-28T21:32:53.757299+07:00,0.083,0.085,0.002
2026-07-28T21:32:53.761299+07:00,0.073,0.079,0.006
2026-07-28T21:32:53.765299+07:00,0.082,0.091,0.009
2026-07-28T21:32:53.769299+07:00,0.077,0.089,0.013
2026-07-28T21:32:53.773299+07:00,0.077,0.092,0.016
2026-07-28T21:32:53.777299+07:00,0.093,0.108,0.015
2026-07-28T21:32:53.781299+07:00,0.118,0.131,0.013
2026-07-28T21:32:53.785299+07:00,0.107,0.119,0.013
2026-07-28T21:32:53.789299+07:00,0.093,0.104,0.011
2026-07-28T21:32:53.793299+07:00,0.093,0.1,0.008
2026-07-28T21:32:53.797299+07:00,0.077,0.082,0.006
2026-07-28T21:32:53.801299+07:00,0.073,0.076,0.003
2026-07-28T21:32:53.805299+07:00,0.023,0.029,0.006
2026-07-28T21:32:53.809299+07:00,0.081,0.079,-0.002
2026-07-28T21:32:53.813299+07:00,0.031,0.033,0.002
2026-07-28T21:32:53.817299+07:00,0.055,0.054,-0.001
2026-07-28T21:32:53.821299+07:00,0.033,0.034,0.001
2026-07-28T21:32:53.825299+07:00,0.024,0.025,0.002
2026-07-28T21:32:53.829299+07:00,0.009,0.012,0.003
2026-07-28T21:32:53.833299+07:00,0.009,0.013,0.003
2026-07-28T21:32:53.837299+07:00,0.052,0.051,-0.001
2026-07-28T21:32:53.841299+07:00,0.013,0.015,0.002
2026-07-28T21:32:53.845299+07:00,0.036,0.032,-0.004
2026-07-28T21:32:53.849299+07:00,-0.031,-0.033,-0.001
2026-07-28T21:32:53.853299+07:00,0.026,0.024,-0.003
2026-07-28T21:32:53.857299+07:00,0.044,0.047,0.003
2026-07-28T21:32:53.861299+07:00,0.055,0.072,0.017
2026-07-28T21:32:53.865299+07:00,0.121,0.18,0.059
2026-07-28T21:32:53.869299+07:00,0.354,0.499,0.145
2026-07-28T21:32:53.873299+07:00,0.577,0.858,0.281
2026-07-28T21:32:53.877299+07:00,0.776,1.163,0.387
2026-07-28T21:32:53.881299+07:00,0.834,1.215,0.38
2026-07-28T21:32:53.885299+07:00,0.625,0.898,0.273
2026-07-28T21:32:53.889299+07:00,0.324,0.465,0.141
2026-07-28T21:32:53.893299+07:00,0.108,0.156,0.048
2026-07-28T21:32:53.897299+07:00,-0.036,-0.031,0.005
2026-07-28T21:32:53.901299+07:00,-0.07,-0.086,-0.015
2026-07-28T21:32:53.905299+07:00,-0.096,-0.119,-0.023
2026-07-28T21:32:53.909299+07:00,-0.091,-0.118,-0.027
2026-07-28T21:32:53.913299+07:00,-0.089,-0.114,-0.025
2026-07-28T21:32:53.917299+07:00,-0.044,-0.066,-0.022
2026-07-28T21:32:53.921299+07:00,-0.034,-0.048,-0.014
2026-07-28T21:32:53.925299+07:00,-0.04,-0.045,-0.005
2026-07-28T21:32:53.929299+07:00,0.015,0.011,-0.005
2026-07-28T21:32:53.933299+07:00,0.049,0.045,-0.004
2026-07-28T21:32:53.937299+07:00,0.03,0.029,-0.0
2026-07-28T21:32:53.941299+07:00,0.06,0.057,-0.003
2026-07-28T21:32:53.945299+07:00,0.034,0.035,0.0
2026-07-28T21:32:53.949299+07:00,0.033,0.033,0.0
2026-07-28T21:32:53.953299+07:00,0.049,0.048,-0.001
2026-07-28T21:32:53.957299+07:00,0.023,0.024,0.001
2026-07-28T21:32:53.961299+07:00,0.043,0.042,-0.001
2026-07-28T21:32:53.965299+07:00,0.08,0.075,-0.004
2026-07-28T21:32:53.969299+07:00,0.028,0.029,0.001
2026-07-28T21:32:53.973299+07:00,0.026,0.027,0.001
2026-07-28T21:32:53.977299+07:00,0.012,0.015,0.002
2026-07-28T21:32:53.981299+07:00,0.049,0.048,-0.001
2026-07-28T21:32:53.985299+07:00,0.034,0.034,0.0
2026-07-28T21:32:53.989299+07:00,0.044,0.043,-0.001
2026-07-28T21:32:53.993299+07:00,0.045,0.044,-0.001
2026-07-28T21:32:53.997299+07:00,0.035,0.036,0.0
2026-07-28T21:32:54.001299+07:00,0.05,0.049,-0.001
2026-07-28T21:32:54.005299+07:00,0.033,0.034,0.001
2026-07-28T21:32:54.009299+07:00,0.03,0.032,0.002
2026-07-28T21:32:54.013299+07:00,0.001,0.007,0.005
2026-07-28T21:32:54.017299+07:00,0.041,0.043,0.002
2026-07-28T21:32:54.021299+07:00,0.048,0.051,0.002
2026-07-28T21:32:54.025299+07:00,0.035,0.04,0.005
2026-07-28T21:32:54.029299+07:00,0.058,0.062,0.004
2026-07-28T21:32:54.033299+07:00,0.058,0.064,0.006
2026-07-28T21:32:54.037299+07:00,0.072,0.078,0.006
2026-07-28T21:32:54.041299+07:00,0.047,0.058,0.011
2026-07-28T21:32:54.045299+07:00,0.102,0.11,0.008
2026-07-28T21:32:54.049299+07:00,0.081,0.094,0.012
2026-07-28T21:32:54.053299+07:00,0.114,0.125,0.012
2026-07-28T21:32:54.057299+07:00,0.095,0.111,0.016
2026-07-28T21:32:54.061299+07:00,0.137,0.151,0.014
2026-07-28T21:32:54.065299+07:00,0.111,0.13,0.019
2026-07-28T21:32:54.069299+07:00,0.132,0.15,0.018
2026-07-28T21:32:54.073299+07:00,0.126,0.146,0.02
2026-07-28T21:32:54.077299+07:00,0.132,0.152,0.02
2026-07-28T21:32:54.081299+07:00,0.135,0.155,0.02
2026-07-28T21:32:54.085299+07:00,0.116,0.137,0.021
2026-07-28T21:32:54.089299+07:00,0.092,0.114,0.022
2026-07-28T21:32:54.093299+07:00,0.118,0.136,0.018
2026-07-28T21:32:54.097299+07:00,0.108,0.125,0.017
2026-07-28T21:32:54.101299+07:00,0.094,0.11,0.016
2026-07-28T21:32:54.105299+07:00,0.109,0.121,0.012
2026-07-28T21:32:54.109299+07:00,0.055,0.07,0.015
2026-07-28T21:32:54.113299+07:00,0.087,0.096,0.009
2026-07-28T21:32:54.117299+07:00,0.063,0.072,0.009
2026-07-28T21:32:54.121299+07:00,0.041,0.05,0.009
2026-07-28T21:32:54.125299+07:00,0.069,0.073,0.004
2026-07-28T21:32:54.129299+07:00,0.086,0.087,0.001
2026-07-28T21:32:54.133299+07:00,0.057,0.059,0.002
2026-07-28T21:32:54.137299+07:00,0.029,0.033,0.004
2026-07-28T21:32:54.141299+07:00,0.019,0.023,0.004
2026-07-28T21:32:54.145299+07:00,0.036,0.038,0.001
2026-07-28T21:32:54.149299+07:00,0.034,0.035,0.001
2026-07-28T21:32:54.153299+07:00,0.07,0.067,-0.003
2026-07-28T21:32:54.157299+07:00,0.035,0.035,0.0
2026-07-28T21:32:54.161299+07:00,0.035,0.035,-0.0
2026-07-28T21:32:54.165299+07:00,0.01,0.012,0.002
2026-07-28T21:32:54.169299+07:00,0.073,0.069,-0.004
2026-07-28T21:32:54.173299+07:00,0.038,0.037,-0.001
2026-07-28T21:32:54.177299+07:00,0.027,0.027,0.0
2026-07-28T21:32:54.181299+07:00,-0.011,-0.007,0.004
2026-07-28T21:32:54.185299+07:00,0.029,0.029,-0.0
2026-07-28T21:32:54.189299+07:00,0.052,0.05,-0.002
2026-07-28T21:32:54.193299+07:00,0.015,0.016,0.001
2026-07-28T21:32:54.197299+07:00,0.016,0.017,0.001
2026-07-28T21:32:54.201299+07:00,0.055,0.053,-0.003
2026-07-28T21:32:54.205299+07:00,0.025,0.025,0.0
2026-07-28T21:32:54.209299+07:00,0.007,0.009,0.002
2026-07-28T21:32:54.213299+07:00,0.034,0.033,-0.001
2026-07-28T21:32:54.217299+07:00,0.013,0.014,0.001
2026-07-28T21:32:54.221299+07:00,0.029,0.029,-0.0
2026-07-28T21:32:54.225299+07:00,0.052,0.05,-0.003
2026-07-28T21:32:54.229299+07:00,0.062,0.058,-0.004
2026-07-28T21:32:54.233299+07:00,0.007,0.009,0.002
2026-07-28T21:32:54.237299+07:00,0.004,0.006,0.002
2026-07-28T21:32:54.241299+07:00,0.059,0.056,-0.003
2026-07-28T21:32:54.245299+07:00,0.036,0.035,-0.001
2026-07-28T21:32:54.249299+07:00,0.03,0.029,-0.0
2026-07-28T21:32:54.253299+07:00,0.036,0.035,-0.001
2026-07-28T21:32:54.257299+07:00,0.011,0.012,0.002
2026-07-28T21:32:54.261299+07:00,0.025,0.025,0.0
2026-07-28T21:32:54.265299+07:00,0.018,0.019,0.001
2026-07-28T21:32:54.269299+07:00,0.021,0.021,0.0
2026-07-28T21:32:54.273299+07:00,-0.01,-0.006,0.003
2026-07-28T21:32:54.277299+07:00,0.02,0.02,0.001
2026-07-28T21:32:54.281299+07:00,0.014,0.015,0.001
2026-07-28T21:32:54.285299+07:00,0.025,0.025,-0.0
2026-07-28T21:32:54.289299+07:00,0.023,0.023,0.0
2026-07-28T21:32:54.293299+07:00,0.014,0.015,0.001
2026-07-28T21:32:54.297299+07:00,-0.001,0.001,0.003
2026-07-28T21:32:54.301299+07:00,0.046,0.044,-0.002
2026-07-28T21:32:54.305299+07:00,0.048,0.045,-0.002
2026-07-28T21:32:54.309299+07:00,0.03,0.03,-0.001
2026-07-28T21:32:54.313299+07:00,0.011,0.012,0.001
2026-07-28T21:32:54.317299+07:00,0.021,0.021,0.0
2026-07-28T21:32:54.321299+07:00,0.047,0.045,-0.002
2026-07-28T21:32:54.325299+07:00,0.043,0.041,-0.002
2026-07-28T21:32:54.329299+07:00,0.052,0.049,-0.003
2026-07-28T21:32:54.333299+07:00,0.043,0.041,-0.002
2026-07-28T21:32:54.337299+07:00,0.018,0.018,0.0
2026-07-28T21:32:54.341299+07:00,0.068,0.063,-0.005
2026-07-28T21:32:54.345299+07:00,-0.018,-0.014,0.004
2026-07-28T21:32:54.349299+07:00,-0.017,-0.013,0.004
2026-07-28T21:32:54.353299+07:00,0.025,0.025,-0.0
2026-07-28T21:32:54.357299+07:00,0.036,0.035,-0.001
2026-07-28T21:32:54.361299+07:00,-0.007,-0.004,0.003
2026-07-28T21:32:54.365299+07:00,-0.024,-0.019,0.004
2026-07-28T21:32:54.369299+07:00,0.018,0.019,0.0
2026-07-28T21:32:54.373299+07:00,0.027,0.026,-0.001
2026-07-28T21:32:54.377299+07:00,0.016,0.017,0.0
2026-07-28T21:32:54.381299+07:00,0.033,0.032,-0.001
2026-07-28T21:32:54.385299+07:00,0.006,0.008,0.001
2026-07-28T21:32:54.389299+07:00,0.07,0.065,-0.005
2026-07-28T21:32:54.393299+07:00,0.026,0.025,-0.001
2026-07-28T21:32:54.397299+07:00,0.003,0.005,0.002
2026-07-28T21:32:54.401299+07:00,0.031,0.03,-0.001
2026-07-28T21:32:54.405299+07:00,0.044,0.042,-0.002
2026-07-28T21:32:54.409299+07:00,-0.014,-0.011,0.003
2026-07-28T21:32:54.413299+07:00,0.007,0.009,0.001
2026-07-28T21:32:54.417299+07:00,0.003,0.005,0.002
2026-07-28T21:32:54.421299+07:00,-0.013,-0.01,0.003
2026-07-28T21:32:54.425299+07:00,-0.01,-0.007,0.003
2026-07-28T21:32:54.429299+07:00,-0.009,-0.006,0.003
2026-07-28T21:32:54.433299+07:00,-0.001,0.001,0.002
2026-07-28T21:32:54.437299+07:00,0.004,0.006,0.001
2026-07-28T21:32:54.441299+07:00,0.017,0.017,0.0
2026-07-28T21:32:54.445299+07:00,0.038,0.036,-0.002
2026-07-28T21:32:54.449299+07:00,0.026,0.025,-0.001
2026-07-28T21:32:54.453299+07:00,0.008,0.009,0.001
2026-07-28T21:32:54.457299+07:00,-0.001,0.001,0.002
2026-07-28T21:32:54.461299+07:00,-0.017,-0.014,0.003
2026-07-28T21:32:54.465299+07:00,0.055,0.051,-0.004
2026-07-28T21:32:54.469299+07:00,0.01,0.011,0.001
2026-07-28T21:32:54.473299+07:00,-0.0,0.002,0.002
2026-07-28T21:32:54.477299+07:00,0.018,0.018,-0.0
2026-07-28T21:32:54.481299+07:00,0.034,0.032,-0.002
2026-07-28T21:32:54.485299+07:00,0.017,0.017,-0.0
2026-07-28T21:32:54.489299+07:00,0.016,0.016,0.0
2026-07-28T21:32:54.493299+07:00,0.058,0.054,-0.004
2026-07-28T21:32:54.497299+07:00,0.042,0.04,-0.003
2026-07-28T21:32:54.501299+07:00,0.017,0.017,-0.0
2026-07-28T21:32:54.505299+07:00,0.035,0.033,-0.002
2026-07-28T21:32:54.509299+07:00,0.027,0.026,-0.001
2026-07-28T21:32:54.513299+07:00,0.008,0.009,0.001
2026-07-28T21:32:54.517299+07:00,0.026,0.025,-0.001
2026-07-28T21:32:54.521299+07:00,0.008,0.009,0.001
2026-07-28T21:32:54.525299+07:00,0.033,0.031,-0.002
2026-07-28T21:32:54.529299+07:00,0.013,0.014,0.0
2026-07-28T21:32:54.533299+07:00,0.013,0.013,0.0
2026-07-28T21:32:54.537299+07:00,0.002,0.004,0.001
2026-07-28T21:32:54.541299+07:00,0.038,0.036,-0.002
2026-07-28T21:32:54.545299+07:00,0.007,0.008,0.002
2026-07-28T21:32:54.549299+07:00,0.051,0.049,-0.002
2026-07-28T21:32:54.553299+07:00,0.031,0.033,0.002
2026-07-28T21:32:54.557299+07:00,0.053,0.055,0.002
2026-07-28T21:32:54.561299+07:00,0.048,0.054,0.006
2026-07-28T21:32:54.565299+07:00,0.022,0.034,0.012
2026-07-28T21:32:54.569299+07:00,0.061,0.072,0.011
2026-07-28T21:32:54.573299+07:00,0.089,0.101,0.011
2026-07-28T21:32:54.577299+07:00,0.05,0.066,0.017
2026-07-28T21:32:54.581299+07:00,0.055,0.071,0.016
2026-07-28T21:32:54.585299+07:00,0.071,0.084,0.013
2026-07-28T21:32:54.589299+07:00,0.061,0.072,0.011
2026-07-28T21:32:54.593299+07:00,0.032,0.043,0.011
2026-07-28T21:32:54.597299+07:00,0.05,0.055,0.005
2026-07-28T21:32:54.601299+07:00,0.003,0.01,0.007
2026-07-28T21:32:54.605299+07:00,-0.002,0.003,0.005
2026-07-28T21:32:54.609299+07:00,0.031,0.031,0.0
2026-07-28T21:32:54.613299+07:00,0.038,0.036,-0.002
2026-07-28T21:32:54.617299+07:00,0.022,0.021,-0.001
2026-07-28T21:32:54.621299+07:00,0.014,0.014,-0.0
2026-07-28T21:32:54.625299+07:00,0.01,0.01,0.0
2026-07-28T21:32:54.629299+07:00,0.021,0.02,-0.001
2026-07-28T21:32:54.633299+07:00,0.035,0.032,-0.003
2026-07-28T21:32:54.637299+07:00,-0.019,-0.016,0.003
2026-07-28T21:32:54.641299+07:00,-0.018,-0.016,0.002
2026-07-28T21:32:54.645299+07:00,0.0,-0.003,-0.004
2026-07-28T21:32:54.649299+07:00,-0.031,-0.036,-0.004
2026-07-28T21:32:54.653299+07:00,-0.011,-0.013,-0.002
2026-07-28T21:32:54.657299+07:00,0.057,0.055,-0.002
2026-07-28T21:32:54.661299+07:00,0.044,0.059,0.015
2026-07-28T21:32:54.665299+07:00,0.136,0.191,0.055
2026-07-28T21:32:54.669299+07:00,0.308,0.455,0.146
2026-07-28T21:32:54.673299+07:00,0.597,0.872,0.276
2026-07-28T21:32:54.677299+07:00,0.769,1.154,0.385
2026-07-28T21:32:54.681299+07:00,0.779,1.161,0.383
2026-07-28T21:32:54.685299+07:00,0.547,0.825,0.278
2026-07-28T21:32:54.689299+07:00,0.26,0.405,0.144
2026-07-28T21:32:54.693299+07:00,0.093,0.139,0.046
2026-07-28T21:32:54.697299+07:00,-0.02,-0.02,0.0
2026-07-28T21:32:54.701299+07:00,-0.078,-0.096,-0.018
2026-07-28T21:32:54.705299+07:00,-0.135,-0.158,-0.023
2026-07-28T21:32:54.709299+07:00,-0.146,-0.171,-0.025
2026-07-28T21:32:54.713299+07:00,-0.113,-0.138,-0.025
2026-07-28T21:32:54.717299+07:00,-0.118,-0.135,-0.018
2026-07-28T21:32:54.721299+07:00,-0.068,-0.082,-0.014
2026-07-28T21:32:54.725299+07:00,-0.037,-0.046,-0.009
2026-07-28T21:32:54.729299+07:00,-0.011,-0.016,-0.005
2026-07-28T21:32:54.733299+07:00,0.008,0.004,-0.003
2026-07-28T21:32:54.737299+07:00,0.01,0.008,-0.002
2026-07-28T21:32:54.741299+07:00,0.043,0.039,-0.004
2026-07-28T21:32:54.745299+07:00,0.026,0.024,-0.002
2026-07-28T21:32:54.749299+07:00,0.011,0.01,-0.001
2026-07-28T21:32:54.753299+07:00,0.008,0.008,-0.0
2026-07-28T21:32:54.757299+07:00,-0.02,-0.018,0.002
2026-07-28T21:32:54.761299+07:00,0.017,0.015,-0.001
2026-07-28T21:32:54.765299+07:00,-0.007,-0.006,0.001
2026-07-28T21:32:54.769299+07:00,0.008,0.007,-0.0
2026-07-28T21:32:54.773299+07:00,-0.026,-0.023,0.003
2026-07-28T21:32:54.777299+07:00,0.01,0.009,-0.001
2026-07-28T21:32:54.781299+07:00,0.047,0.042,-0.004
2026-07-28T21:32:54.785299+07:00,0.007,0.007,-0.0
2026-07-28T21:32:54.789299+07:00,0.036,0.033,-0.003
2026-07-28T21:32:54.793299+07:00,0.047,0.043,-0.004
2026-07-28T21:32:54.797299+07:00,-0.031,-0.027,0.004
2026-07-28T21:32:54.801299+07:00,0.028,0.026,-0.002
2026-07-28T21:32:54.805299+07:00,-0.007,-0.005,0.002
2026-07-28T21:32:54.809299+07:00,0.016,0.016,-0.0
2026-07-28T21:32:54.813299+07:00,0.007,0.009,0.001
2026-07-28T21:32:54.817299+07:00,0.027,0.027,0.0
2026-07-28T21:32:54.821299+07:00,0.011,0.014,0.003
2026-07-28T21:32:54.825299+07:00,-0.003,0.002,0.005
