created_at,lead_1,lead_2,lead_3
2026-08-04T05:09:44-04:00,10.093728065490723,-0.5513641238212585,-10.645092010498047
2026-08-04T05:09:44.004000-04:00,10.106588363647461,-0.5443493127822876,-10.650938034057617
2026-08-04T05:09:44.008000-04:00,10.109979629516602,-0.5437647700309753,-10.6537446975708
2026-08-04T05:09:44.012000-04:00,10.112200736999512,-0.549610435962677,-10.661810874938965
2026-08-04T05:09:44.016000-04:00,10.11477279663086,-0.5471552610397339,-10.661928176879883
2026-08-04T05:09:44.020000-04:00,10.113720893859863,-0.5383867025375366,-10.652107238769531
2026-08-04T05:09:44.024000-04:00,10.110095977783203,-0.5482074618339539,-10.658303260803223
2026-08-04T05:09:44.028000-04:00,10.117578506469727,-0.5203820466995239,-10.637960433959961
2026-08-04T05:09:44.032000-04:00,10.119916915893555,-0.5403742790222168,-10.66029167175293
2026-08-04T05:09:44.036000-04:00,10.116058349609375,-0.5157055258750916,-10.631763458251953
2026-08-04T05:09:44.040000-04:00,10.11044692993164,-0.5190960168838501,-10.62954330444336
2026-08-04T05:09:44.044000-04:00,10.116409301757812,-0.5272799730300903,-10.643689155578613
2026-08-04T05:09:44.048000-04:00,10.12704849243164,-0.5408419370651245,-10.667890548706055
2026-08-04T05:09:44.052000-04:00,10.123774528503418,-0.528215229511261,-10.651989936828613
2026-08-04T05:09:44.056000-04:00,10.122255325317383,-0.539322018623352,-10.661577224731445
2026-08-04T05:09:44.060000-04:00,10.119916915893555,-0.5332425236701965,-10.653159141540527
2026-08-04T05:09:44.064000-04:00,10.118396759033203,-0.5278645157814026,-10.646261215209961
2026-08-04T05:09:44.068000-04:00,10.125762939453125,-0.5413095951080322,-10.667072296142578
2026-08-04T05:09:44.072000-04:00,10.118630409240723,-0.5530009269714355,-10.671630859375
2026-08-04T05:09:44.076000-04:00,10.1111478805542,-0.5462199449539185,-10.657367706298828
2026-08-04T05:09:44.080000-04:00,10.112317085266113,-0.5504288077354431,-10.662745475769043
2026-08-04T05:09:44.084000-04:00,10.116058349609375,-0.5486751198768616,-10.66473388671875
2026-08-04T05:09:44.088000-04:00,10.119449615478516,-0.5780203938484192,-10.697469711303711
2026-08-04T05:09:44.092000-04:00,10.119098663330078,-0.5735777020454407,-10.692676544189453
2026-08-04T05:09:44.096000-04:00,10.114655494689941,-0.5824631452560425,-10.697118759155273
2026-08-04T05:09:44.100000-04:00,10.109862327575684,-0.570421040058136,-10.680283546447754
2026-08-04T05:09:44.104000-04:00,10.111849784851074,-0.6016369462013245,-10.713486671447754
2026-08-04T05:09:44.108000-04:00,10.107874870300293,-0.5978956818580627,-10.705770492553711
2026-08-04T05:09:44.112000-04:00,10.110329627990723,-0.5989479422569275,-10.709277153015137
2026-08-04T05:09:44.116000-04:00,10.10483455657959,-0.5962589383125305,-10.701093673706055
2026-08-04T05:09:44.120000-04:00,10.093494415283203,-0.5939206480979919,-10.68741512298584
2026-08-04T05:09:44.124000-04:00,10.093377113342285,-0.6125099062919617,-10.705886840820312
2026-08-04T05:09:44.128000-04:00,10.105536460876465,-0.60771644115448,-10.713253021240234
2026-08-04T05:09:44.132000-04:00,10.104133605957031,-0.622096836566925,-10.72623062133789
2026-08-04T05:09:44.136000-04:00,10.09630012512207,-0.6189401149749756,-10.715240478515625
2026-08-04T05:09:44.140000-04:00,10.095715522766113,-0.6381139755249023,-10.733829498291016
2026-08-04T05:09:44.144000-04:00,10.092558860778809,-0.6409198641777039,-10.733478546142578
2026-08-04T05:09:44.148000-04:00,10.102028846740723,-0.6438426971435547,-10.745871543884277
2026-08-04T05:09:44.152000-04:00,10.09431266784668,-0.6314498782157898,-10.725762367248535
2026-08-04T05:09:44.156000-04:00,10.092442512512207,-0.6196416020393372,-10.71208381652832
2026-08-04T05:09:44.160000-04:00,10.085660934448242,-0.6270071864128113,-10.712668418884277
2026-08-04T05:09:44.164000-04:00,10.08799934387207,-0.6367110013961792,-10.724710464477539
2026-08-04T05:09:44.168000-04:00,10.094780921936035,-0.6408029794692993,-10.735584259033203
2026-08-04T05:09:44.172000-04:00,10.089402198791504,-0.6529619693756104,-10.742363929748535
2026-08-04T05:09:44.176000-04:00,10.087414741516113,-0.6481685042381287,-10.735583305358887
2026-08-04T05:09:44.180000-04:00,10.091389656066895,-0.642322838306427,-10.733712196350098
2026-08-04T05:09:44.184000-04:00,10.089519500732422,-0.643959641456604,-10.733479499816895
2026-08-04T05:09:44.188000-04:00,10.094897270202637,-0.6432581543922424,-10.738155364990234
2026-08-04T05:09:44.192000-04:00,10.087532043457031,-0.6630165576934814,-10.750548362731934
2026-08-04T05:09:44.196000-04:00,10.078996658325195,-0.6438426971435547,-10.72283935546875
2026-08-04T05:09:44.200000-04:00,10.081452369689941,-0.6462979316711426,-10.727750778198242
2026-08-04T05:09:44.204000-04:00,10.0821533203125,-0.6582230925559998,-10.740376472473145
2026-08-04T05:09:44.208000-04:00,10.088934898376465,-0.6694467663764954,-10.758381843566895
2026-08-04T05:09:44.212000-04:00,10.092558860778809,-0.6717850565910339,-10.764344215393066
2026-08-04T05:09:44.216000-04:00,10.080283164978027,-0.6586907505989075,-10.738973617553711
2026-08-04T05:09:44.220000-04:00,10.065902709960938,-0.6503898501396179,-10.716292381286621
2026-08-04T05:09:44.224000-04:00,10.075021743774414,-0.6606782674789429,-10.735699653625488
2026-08-04T05:09:44.228000-04:00,10.097235679626465,-0.6530789136886597,-10.750314712524414
2026-08-04T05:09:44.232000-04:00,10.081101417541504,-0.665822446346283,-10.746923446655273
2026-08-04T05:09:44.236000-04:00,10.083088874816895,-0.6673423647880554,-10.750431060791016
2026-08-04T05:09:44.240000-04:00,10.07771110534668,-0.6681607365608215,-10.745871543884277
2026-08-04T05:09:44.244000-04:00,10.078529357910156,-0.6548326015472412,-10.733362197875977
2026-08-04T05:09:44.248000-04:00,10.088934898376465,-0.6721357703208923,-10.761070251464844
2026-08-04T05:09:44.252000-04:00,10.080750465393066,-0.6772800087928772,-10.758030891418457
2026-08-04T05:09:44.256000-04:00,10.081335067749023,-0.6745910048484802,-10.755926132202148
2026-08-04T05:09:44.260000-04:00,10.077009201049805,-0.6786829233169556,-10.755692481994629
2026-08-04T05:09:44.264000-04:00,10.07747745513916,-0.6726034283638,-10.750081062316895
2026-08-04T05:09:44.268000-04:00,10.088817596435547,-0.6606782674789429,-10.749495506286621
2026-08-04T05:09:44.272000-04:00,10.08776569366455,-0.6648871302604675,-10.752653121948242
2026-08-04T05:09:44.276000-04:00,10.078763008117676,-0.6737725734710693,-10.752535820007324
2026-08-04T05:09:44.280000-04:00,10.077360153198242,-0.6657055616378784,-10.74306583404541
2026-08-04T05:09:44.284000-04:00,10.07771110534668,-0.6606782674789429,-10.738389015197754
2026-08-04T05:09:44.288000-04:00,10.087414741516113,-0.6776307225227356,-10.765045166015625
2026-08-04T05:09:44.292000-04:00,10.075139045715332,-0.6849963068962097,-10.760135650634766
2026-08-04T05:09:44.296000-04:00,10.072800636291504,-0.6799690127372742,-10.752769470214844
2026-08-04T05:09:44.300000-04:00,10.078295707702637,-0.6837102174758911,-10.762005805969238
2026-08-04T05:09:44.304000-04:00,10.083206176757812,-0.6605613827705383,-10.743767738342285
2026-08-04T05:09:44.308000-04:00,10.082737922668457,-0.6612628102302551,-10.744000434875488
2026-08-04T05:09:44.312000-04:00,10.082737922668457,-0.6756432056427002,-10.758380889892578
2026-08-04T05:09:44.316000-04:00,10.090104103088379,-0.6548326015472412,-10.7449369430542
2026-08-04T05:09:44.320000-04:00,10.097352981567383,-0.6398676633834839,-10.737220764160156
2026-08-04T05:09:44.324000-04:00,10.114188194274902,-0.6126267910003662,-10.726815223693848
2026-08-04T05:09:44.328000-04:00,10.097118377685547,-0.6240843534469604,-10.721202850341797
2026-08-04T05:09:44.332000-04:00,10.09630012512207,-0.6140297651290894,-10.71033000946045
2026-08-04T05:09:44.336000-04:00,10.098287582397461,-0.5940375924110413,-10.692325592041016
2026-08-04T05:09:44.340000-04:00,10.113018989562988,-0.5632892847061157,-10.676308631896973
2026-08-04T05:09:44.344000-04:00,10.123540878295898,-0.527747631072998,-10.651288986206055
2026-08-04T05:09:44.348000-04:00,10.121787071228027,-0.4953625500202179,-10.617149353027344
2026-08-04T05:09:44.352000-04:00,10.085193634033203,-0.5147702097892761,-10.599964141845703
2026-08-04T05:09:44.356000-04:00,10.088701248168945,-0.5280983448028564,-10.616799354553223
2026-08-04T05:09:44.360000-04:00,10.082036972045898,-0.5234218239784241,-10.605459213256836
2026-08-04T05:09:44.364000-04:00,10.086479187011719,-0.545284628868103,-10.631763458251953
2026-08-04T05:09:44.368000-04:00,10.12283992767334,-0.5326579809188843,-10.655497550964355
2026-08-04T05:09:44.372000-04:00,10.128100395202637,-0.5454015135765076,-10.673501968383789
2026-08-04T05:09:44.376000-04:00,10.112083435058594,-0.581527829170227,-10.693611145019531
2026-08-04T05:09:44.380000-04:00,10.103782653808594,-0.6333205103874207,-10.737103462219238
2026-08-04T05:09:44.384000-04:00,10.10039234161377,-0.6398676633834839,-10.740260124206543
2026-08-04T05:09:44.388000-04:00,10.106121063232422,-0.6505067944526672,-10.756628036499023
2026-08-04T05:09:44.392000-04:00,10.098287582397461,-0.6714342832565308,-10.769721984863281
2026-08-04T05:09:44.396000-04:00,10.078062057495117,-0.7025333046913147,-10.780595779418945
2026-08-04T05:09:44.400000-04:00,10.068358421325684,-0.7117694616317749,-10.78012752532959
2026-08-04T05:09:44.404000-04:00,10.067305564880371,-0.6875683665275574,-10.754874229431152
2026-08-04T05:09:44.408000-04:00,10.060407638549805,-0.7254483699798584,-10.785856246948242
2026-08-04T05:09:44.412000-04:00,10.06718921661377,-0.7137569785118103,-10.780945777893066
2026-08-04T05:09:44.416000-04:00,10.055965423583984,-0.7287219166755676,-10.784687042236328
2026-08-04T05:09:44.420000-04:00,10.056081771850586,-0.7189012169837952,-10.774983406066895
2026-08-04T05:09:44.424000-04:00,10.064850807189941,-0.7276697158813477,-10.792520523071289
2026-08-04T05:09:44.428000-04:00,10.059004783630371,-0.7462589740753174,-10.80526351928711
2026-08-04T05:09:44.432000-04:00,10.057719230651855,-0.7468435168266296,-10.80456256866455
2026-08-04T05:09:44.436000-04:00,10.0530424118042,-0.7550274729728699,-10.808070182800293
2026-08-04T05:09:44.440000-04:00,10.049418449401855,-0.7441545128822327,-10.793573379516602
2026-08-04T05:09:44.444000-04:00,10.047196388244629,-0.7461420297622681,-10.793338775634766
2026-08-04T05:09:44.448000-04:00,10.058069229125977,-0.7447390556335449,-10.80280876159668
2026-08-04T05:09:44.452000-04:00,10.04450798034668,-0.7408809661865234,-10.785388946533203
2026-08-04T05:09:44.456000-04:00,10.0323486328125,-0.718550443649292,-10.750899314880371
2026-08-04T05:09:44.460000-04:00,9.996573448181152,-0.7051054239273071,-10.701679229736328
2026-08-04T05:09:44.464000-04:00,10.008965492248535,-0.6762277483940125,-10.685193061828613
2026-08-04T05:09:44.468000-04:00,10.080400466918945,-0.7235777378082275,-10.803977966308594
2026-08-04T05:09:44.472000-04:00,10.206082344055176,-0.6130944490432739,-10.81917667388916
2026-08-04T05:09:44.476000-04:00,10.331646919250488,-0.45900246500968933,-10.7906494140625
2026-08-04T05:09:44.480000-04:00,10.490415573120117,-0.06956353783607483,-10.559979438781738
2026-08-04T05:09:44.484000-04:00,10.41348648071289,0.3734217584133148,-10.040064811706543
2026-08-04T05:09:44.488000-04:00,10.351522445678711,1.1428296566009521,-9.20869255065918
2026-08-04T05:09:44.492000-04:00,10.281842231750488,1.559275507926941,-8.722566604614258
2026-08-04T05:09:44.496000-04:00,10.249457359313965,1.6789950132369995,-8.570462226867676
2026-08-04T05:09:44.500000-04:00,10.215903282165527,1.3941936492919922,-8.821709632873535
2026-08-04T05:09:44.504000-04:00,10.142130851745605,0.9880360960960388,-9.154094696044922
2026-08-04T05:09:44.508000-04:00,10.069761276245117,0.36757609248161316,-9.70218563079834
2026-08-04T05:09:44.512000-04:00,10.057134628295898,-0.013445054180920124,-10.070579528808594
2026-08-04T05:09:44.516000-04:00,10.115357398986816,-0.317654013633728,-10.433011054992676
2026-08-04T05:09:44.520000-04:00,10.171125411987305,-0.38160571455955505,-10.55273151397705
2026-08-04T05:09:44.524000-04:00,10.167384147644043,-0.450935423374176,-10.618319511413574
2026-08-04T05:09:44.528000-04:00,10.113486289978027,-0.5136010646820068,-10.627087593078613
2026-08-04T05:09:44.532000-04:00,10.138272285461426,-0.58094322681427,-10.719215393066406
2026-08-04T05:09:44.536000-04:00,10.133245468139648,-0.5921669602394104,-10.725412368774414
2026-08-04T05:09:44.540000-04:00,10.126931190490723,-0.5905301570892334,-10.717461585998535
2026-08-04T05:09:44.544000-04:00,10.125411987304688,-0.625838041305542,-10.751250267028809
2026-08-04T05:09:44.548000-04:00,10.129620552062988,-0.643959641456604,-10.773580551147461
2026-08-04T05:09:44.552000-04:00,10.127750396728516,-0.6426736116409302,-10.770423889160156
2026-08-04T05:09:44.556000-04:00,10.122371673583984,-0.6307483911514282,-10.753120422363281
2026-08-04T05:09:44.560000-04:00,10.12283992767334,-0.6438426971435547,-10.766682624816895
2026-08-04T05:09:44.564000-04:00,10.129504203796387,-0.6451287865638733,-10.774633407592773
2026-08-04T05:09:44.568000-04:00,10.141077995300293,-0.641270637512207,-10.7823486328125
2026-08-04T05:09:44.572000-04:00,10.137687683105469,-0.628527045249939,-10.766214370727539
2026-08-04T05:09:44.576000-04:00,10.132543563842773,-0.6294623613357544,-10.762005805969238
2026-08-04T05:09:44.580000-04:00,10.142130851745605,-0.6106392741203308,-10.75277042388916
2026-08-04T05:09:44.584000-04:00,10.150665283203125,-0.5989479422569275,-10.749612808227539
2026-08-04T05:09:44.588000-04:00,10.159317016601562,-0.6035075783729553,-10.762825012207031
2026-08-04T05:09:44.592000-04:00,10.166682243347168,-0.6087686419487,-10.775450706481934
2026-08-04T05:09:44.596000-04:00,10.155692100524902,-0.6049104928970337,-10.760602951049805
2026-08-04T05:09:44.600000-04:00,10.161304473876953,-0.5741622447967529,-10.735466957092285
2026-08-04T05:09:44.604000-04:00,10.165162086486816,-0.5789557099342346,-10.744117736816406
2026-08-04T05:09:44.608000-04:00,10.183517456054688,-0.5558068156242371,-10.739324569702148
2026-08-04T05:09:44.612000-04:00,10.188545227050781,-0.5584958791732788,-10.747040748596191
2026-08-04T05:09:44.616000-04:00,10.18258285522461,-0.5540531277656555,-10.7366361618042
2026-08-04T05:09:44.620000-04:00,10.18293285369873,-0.5414264798164368,-10.724359512329102
2026-08-04T05:09:44.624000-04:00,10.198716163635254,-0.5095090866088867,-10.70822525024414
2026-08-04T05:09:44.628000-04:00,10.208770751953125,-0.5249416828155518,-10.733712196350098
2026-08-04T05:09:44.632000-04:00,10.220812797546387,-0.49758392572402954,-10.71839714050293
2026-08-04T05:09:44.636000-04:00,10.23192024230957,-0.4575994908809662,-10.689519882202148
2026-08-04T05:09:44.640000-04:00,10.231101989746094,-0.4464927017688751,-10.677595138549805
2026-08-04T05:09:44.644000-04:00,10.24852180480957,-0.42848801612854004,-10.677009582519531
2026-08-04T05:09:44.648000-04:00,10.25436782836914,-0.421590119600296,-10.675957679748535
2026-08-04T05:09:44.652000-04:00,10.275060653686523,-0.4123539626598358,-10.687414169311523
2026-08-04T05:09:44.656000-04:00,10.276347160339355,-0.38312557339668274,-10.659472465515137
2026-08-04T05:09:44.660000-04:00,10.29973030090332,-0.34431028366088867,-10.644041061401367
2026-08-04T05:09:44.664000-04:00,10.307680130004883,-0.3296961188316345,-10.637375831604004
2026-08-04T05:09:44.668000-04:00,10.345442771911621,-0.291582316160202,-10.637024879455566
2026-08-04T05:09:44.672000-04:00,10.366020202636719,-0.23932196199893951,-10.605341911315918
2026-08-04T05:09:44.676000-04:00,10.37852954864502,-0.22061580419540405,-10.59914493560791
2026-08-04T05:09:44.680000-04:00,10.38905143737793,-0.15432584285736084,-10.543376922607422
2026-08-04T05:09:44.684000-04:00,10.411849975585938,-0.1248636320233345,-10.536713600158691
2026-08-04T05:09:44.688000-04:00,10.44002628326416,-0.10604055970907211,-10.546067237854004
2026-08-04T05:09:44.692000-04:00,10.454289436340332,-0.07833205163478851,-10.532621383666992
2026-08-04T05:09:44.696000-04:00,10.461889266967773,-0.05331256240606308,-10.515201568603516
2026-08-04T05:09:44.700000-04:00,10.459199905395508,-0.039049115031957626,-10.498249053955078
2026-08-04T05:09:44.704000-04:00,10.47510051727295,-0.020459864288568497,-10.495560646057129
2026-08-04T05:09:44.708000-04:00,10.490883827209473,-0.024318011477589607,-10.515201568603516
2026-08-04T05:09:44.712000-04:00,10.486674308776855,-0.007365551311522722,-10.494039535522461
2026-08-04T05:09:44.716000-04:00,10.46516227722168,-0.00011691351392073557,-10.465279579162598
2026-08-04T05:09:44.720000-04:00,10.46516227722168,0.00023382702784147114,-10.46492862701416
2026-08-04T05:09:44.724000-04:00,10.459550857543945,-0.017653940245509148,-10.477204322814941
2026-08-04T05:09:44.728000-04:00,10.452184677124023,-0.04080281779170036,-10.492987632751465
2026-08-04T05:09:44.732000-04:00,10.422956466674805,-0.08265785127878189,-10.505614280700684
2026-08-04T05:09:44.736000-04:00,10.389869689941406,-0.11796573549509048,-10.507835388183594
2026-08-04T05:09:44.740000-04:00,10.376542091369629,-0.1232268437743187,-10.49976921081543
2026-08-04T05:09:44.744000-04:00,10.346729278564453,-0.20530013740062714,-10.552029609680176
2026-08-04T05:09:44.748000-04:00,10.325684547424316,-0.25265011191368103,-10.57833480834961
2026-08-04T05:09:44.752000-04:00,10.300313949584961,-0.3047935366630554,-10.605107307434082
2026-08-04T05:09:44.756000-04:00,10.274593353271484,-0.32782548666000366,-10.602418899536133
2026-08-04T05:09:44.760000-04:00,10.245014190673828,-0.37272027134895325,-10.617734909057617
2026-08-04T05:09:44.764000-04:00,10.224671363830566,-0.40849581360816956,-10.633167266845703
2026-08-04T05:09:44.768000-04:00,10.204211235046387,-0.4689401090145111,-10.673151016235352
2026-08-04T05:09:44.772000-04:00,10.17650318145752,-0.5034295916557312,-10.679932594299316
2026-08-04T05:09:44.776000-04:00,10.167500495910645,-0.5147702097892761,-10.682271003723145
2026-08-04T05:09:44.780000-04:00,10.140142440795898,-0.5541700720787048,-10.69431209564209
2026-08-04T05:09:44.784000-04:00,10.131841659545898,-0.5768512487411499,-10.70869255065918
2026-08-04T05:09:44.788000-04:00,10.122371673583984,-0.58094322681427,-10.703314781188965
2026-08-04T05:09:44.792000-04:00,10.120150566101074,-0.5948559641838074,-10.715006828308105
2026-08-04T05:09:44.796000-04:00,10.108108520507812,-0.6046767234802246,-10.712785720825195
2026-08-04T05:09:44.800000-04:00,10.10436725616455,-0.6176540851593018,-10.722021102905273
2026-08-04T05:09:44.804000-04:00,10.098872184753418,-0.6305145621299744,-10.729386329650879
2026-08-04T05:09:44.808000-04:00,10.103899955749512,-0.6365940570831299,-10.740493774414062
2026-08-04T05:09:44.812000-04:00,10.092325210571289,-0.6451287865638733,-10.737454414367676
2026-08-04T05:09:44.816000-04:00,10.079113960266113,-0.626890242099762,-10.70600414276123
2026-08-04T05:09:44.820000-04:00,10.073034286499023,-0.6365940570831299,-10.709628105163574
2026-08-04T05:09:44.824000-04:00,10.071280479431152,-0.6234997510910034,-10.694780349731445
2026-08-04T05:09:44.828000-04:00,10.073034286499023,-0.642907440662384,-10.715941429138184
2026-08-04T05:09:44.832000-04:00,10.063915252685547,-0.6424397826194763,-10.706355094909668
2026-08-04T05:09:44.836000-04:00,10.070813179016113,-0.6292285323143005,-10.700041770935059
2026-08-04T05:09:44.840000-04:00,10.059589385986328,-0.6312160491943359,-10.690805435180664
2026-08-04T05:09:44.844000-04:00,10.068825721740723,-0.6586907505989075,-10.727516174316406
2026-08-04T05:09:44.848000-04:00,10.0696439743042,-0.6362433433532715,-10.705886840820312
2026-08-04T05:09:44.852000-04:00,10.073502540588379,-0.6300469040870667,-10.7035493850708
2026-08-04T05:09:44.856000-04:00,10.070228576660156,-0.6265395283699036,-10.696767807006836
2026-08-04T05:09:44.860000-04:00,10.065669059753418,-0.6181217432022095,-10.683791160583496
2026-08-04T05:09:44.864000-04:00,10.066604614257812,-0.5974280834197998,-10.664032936096191
2026-08-04T05:09:44.868000-04:00,10.08799934387207,-0.5985971689224243,-10.686596870422363
2026-08-04T05:09:44.872000-04:00,10.076190948486328,-0.5898286700248718,-10.666019439697266
2026-08-04T05:09:44.876000-04:00,10.08156967163086,-0.5703040957450867,-10.651873588562012
2026-08-04T05:09:44.880000-04:00,10.078996658325195,-0.5613017678260803,-10.640298843383789
2026-08-04T05:09:44.884000-04:00,10.082737922668457,-0.5741622447967529,-10.656900405883789
2026-08-04T05:09:44.888000-04:00,10.094429969787598,-0.587958037853241,-10.682388305664062
2026-08-04T05:09:44.892000-04:00,10.097352981567383,-0.5784880518913269,-10.675841331481934
2026-08-04T05:09:44.896000-04:00,10.086830139160156,-0.5556899309158325,-10.6425199508667
2026-08-04T05:09:44.900000-04:00,10.093027114868164,-0.5653937458992004,-10.65842056274414
2026-08-04T05:09:44.904000-04:00,10.09606647491455,-0.5593142509460449,-10.655380249023438
2026-08-04T05:09:44.908000-04:00,10.104133605957031,-0.5421279668807983,-10.646261215209961
2026-08-04T05:09:44.912000-04:00,10.105069160461426,-0.5276306867599487,-10.632699966430664
2026-08-04T05:09:44.916000-04:00,10.107407569885254,-0.5229541659355164,-10.630361557006836
2026-08-04T05:09:44.920000-04:00,10.098638534545898,-0.5148870944976807,-10.613525390625
2026-08-04T05:09:44.924000-04:00,10.10869312286377,-0.522837221622467,-10.63153076171875
2026-08-04T05:09:44.928000-04:00,10.108575820922852,-0.5256431698799133,-10.6342191696167
2026-08-04T05:09:44.932000-04:00,10.11091423034668,-0.5291505455970764,-10.64006519317627
2026-08-04T05:09:44.936000-04:00,10.105419158935547,-0.5208497047424316,-10.62626838684082
2026-08-04T05:09:44.940000-04:00,10.107407569885254,-0.5285660028457642,-10.635973930358887
2026-08-04T05:09:44.944000-04:00,10.11290168762207,-0.5379191040992737,-10.6508207321167
2026-08-04T05:09:44.948000-04:00,10.101327896118164,-0.5360484719276428,-10.63737678527832
2026-08-04T05:09:44.952000-04:00,10.111382484436035,-0.5334763526916504,-10.644859313964844
2026-08-04T05:09:44.956000-04:00,10.10214614868164,-0.529852032661438,-10.631998062133789
2026-08-04T05:09:44.960000-04:00,10.10015869140625,-0.5504288077354431,-10.65058708190918
2026-08-04T05:09:44.964000-04:00,10.09992504119873,-0.5658614039421082,-10.665786743164062
2026-08-04T05:09:44.968000-04:00,10.11091423034668,-0.549610435962677,-10.660524368286133
2026-08-04T05:09:44.972000-04:00,10.105887413024902,-0.5652768611907959,-10.671164512634277
2026-08-04T05:09:44.976000-04:00,10.089402198791504,-0.5594311356544495,-10.648833274841309
2026-08-04T05:09:44.980000-04:00,10.091273307800293,-0.5774358510971069,-10.668708801269531
2026-08-04T05:09:44.984000-04:00,10.099340438842773,-0.5672643780708313,-10.666604995727539
2026-08-04T05:09:44.988000-04:00,10.099690437316895,-0.572057843208313,-10.671748161315918
2026-08-04T05:09:44.992000-04:00,10.095599174499512,-0.5667967200279236,-10.662395477294922
2026-08-04T05:09:44.996000-04:00,10.082270622253418,-0.5765005350112915,-10.658771514892578
2026-08-04T05:09:45-04:00,10.083907127380371,-0.5794233679771423,-10.663330078125
2026-08-04T05:09:45.004000-04:00,10.08799934387207,-0.5830476880073547,-10.67104721069336
2026-08-04T05:09:45.008000-04:00,10.093961715698242,-0.6002339720726013,-10.694195747375488
2026-08-04T05:09:45.012000-04:00,10.089051246643066,-0.585853636264801,-10.674904823303223
2026-08-04T05:09:45.016000-04:00,10.093377113342285,-0.5725255012512207,-10.665903091430664
2026-08-04T05:09:45.020000-04:00,10.08156967163086,-0.5846844911575317,-10.666254043579102
2026-08-04T05:09:45.024000-04:00,10.085427284240723,-0.5719408988952637,-10.657367706298828
2026-08-04T05:09:45.028000-04:00,10.084726333618164,-0.5991817712783813,-10.683908462524414
2026-08-04T05:09:45.032000-04:00,10.090688705444336,-0.6162511110305786,-10.706939697265625
2026-08-04T05:09:45.036000-04:00,10.074905395507812,-0.5848013758659363,-10.659707069396973
2026-08-04T05:09:45.040000-04:00,10.074905395507812,-0.5734607577323914,-10.64836597442627
2026-08-04T05:09:45.044000-04:00,10.080634117126465,-0.5839830040931702,-10.664617538452148
2026-08-04T05:09:45.048000-04:00,10.088116645812988,-0.585853636264801,-10.673970222473145
2026-08-04T05:09:45.052000-04:00,10.074905395507812,-0.6108731031417847,-10.685778617858887
2026-08-04T05:09:45.056000-04:00,10.069293022155762,-0.6010524034500122,-10.670345306396484
2026-08-04T05:09:45.060000-04:00,10.076190948486328,-0.6011692881584167,-10.677360534667969
2026-08-04T05:09:45.064000-04:00,10.07116413116455,-0.6063134670257568,-10.677477836608887
2026-08-04T05:09:45.068000-04:00,10.084258079528809,-0.6130944490432739,-10.697352409362793
2026-08-04T05:09:45.072000-04:00,10.075021743774414,-0.6154327392578125,-10.690454483032227
2026-08-04T05:09:45.076000-04:00,10.076190948486328,-0.5946221351623535,-10.670812606811523
2026-08-04T05:09:45.080000-04:00,10.075372695922852,-0.5837491750717163,-10.6591215133667
2026-08-04T05:09:45.084000-04:00,10.07139778137207,-0.5941544771194458,-10.665552139282227
2026-08-04T05:09:45.088000-04:00,10.079815864562988,-0.602338433265686,-10.682154655456543
2026-08-04T05:09:45.092000-04:00,10.072917938232422,-0.6040921211242676,-10.677009582519531
2026-08-04T05:09:45.096000-04:00,10.076074600219727,-0.6126267910003662,-10.688701629638672
2026-08-04T05:09:45.100000-04:00,10.066604614257812,-0.5988309979438782,-10.665435791015625
2026-08-04T05:09:45.104000-04:00,10.07548999786377,-0.6073657274246216,-10.682855606079102
2026-08-04T05:09:45.108000-04:00,10.075606346130371,-0.6053781509399414,-10.680984497070312
2026-08-04T05:09:45.112000-04:00,10.076308250427246,-0.5992986559867859,-10.675606727600098
2026-08-04T05:09:45.116000-04:00,10.068825721740723,-0.6004678010940552,-10.669293403625488
2026-08-04T05:09:45.120000-04:00,10.067422866821289,-0.6102885603904724,-10.677711486816406
2026-08-04T05:09:45.124000-04:00,10.068474769592285,-0.6224475502967834,-10.690922737121582
2026-08-04T05:09:45.128000-04:00,10.072449684143066,-0.6212784051895142,-10.69372844696045
2026-08-04T05:09:45.132000-04:00,10.073267936706543,-0.6073657274246216,-10.680633544921875
2026-08-04T05:09:45.136000-04:00,10.064967155456543,-0.6175372004508972,-10.682504653930664
2026-08-04T05:09:45.140000-04:00,10.06894302368164,-0.6072487831115723,-10.676191329956055
2026-08-04T05:09:45.144000-04:00,10.078880310058594,-0.5957912802696228,-10.674671173095703
2026-08-04T05:09:45.148000-04:00,10.103198051452637,-0.5761498212814331,-10.67934799194336
2026-08-04T05:09:45.152000-04:00,10.105536460876465,-0.532541036605835,-10.638077735900879
2026-08-04T05:09:45.156000-04:00,10.095599174499512,-0.5291505455970764,-10.624750137329102
2026-08-04T05:09:45.160000-04:00,10.08823299407959,-0.5237725377082825,-10.612005233764648
2026-08-04T05:09:45.164000-04:00,10.091039657592773,-0.5296182036399841,-10.620657920837402
2026-08-04T05:09:45.168000-04:00,10.100859642028809,-0.5327748656272888,-10.633634567260742
2026-08-04T05:09:45.172000-04:00,10.107991218566895,-0.48916614055633545,-10.59715747833252
2026-08-04T05:09:45.176000-04:00,10.102262496948242,-0.4528060257434845,-10.555068969726562
2026-08-04T05:09:45.180000-04:00,10.074437141418457,-0.4174981713294983,-10.491935729980469
2026-08-04T05:09:45.184000-04:00,10.073736190795898,-0.4336322247982025,-10.507368087768555
2026-08-04T05:09:45.188000-04:00,10.086596488952637,-0.44064703583717346,-10.527243614196777
2026-08-04T05:09:45.192000-04:00,10.08355712890625,-0.43702271580696106,-10.520580291748047
2026-08-04T05:09:45.196000-04:00,10.089168548583984,-0.4318785071372986,-10.52104663848877
2026-08-04T05:09:45.200000-04:00,10.10460090637207,-0.4500001072883606,-10.554600715637207
2026-08-04T05:09:45.204000-04:00,10.113136291503906,-0.4742012023925781,-10.587337493896484
2026-08-04T05:09:45.208000-04:00,10.104016304016113,-0.5083399415016174,-10.612356185913086
2026-08-04T05:09:45.212000-04:00,10.099456787109375,-0.5284490585327148,-10.62790584564209
2026-08-04T05:09:45.216000-04:00,10.098053932189941,-0.5313718914985657,-10.629426002502441
2026-08-04T05:09:45.220000-04:00,10.078178405761719,-0.5465706586837769,-10.624749183654785
2026-08-04T05:09:45.224000-04:00,10.080049514770508,-0.5749806761741638,-10.655030250549316
2026-08-04T05:09:45.228000-04:00,10.08379077911377,-0.5871396660804749,-10.670930862426758
2026-08-04T05:09:45.232000-04:00,10.061576843261719,-0.6157834529876709,-10.677360534667969
2026-08-04T05:09:45.236000-04:00,10.047780990600586,-0.6284101605415344,-10.676191329956055
2026-08-04T05:09:45.240000-04:00,10.03480339050293,-0.6264225840568542,-10.661226272583008
2026-08-04T05:09:45.244000-04:00,10.050704002380371,-0.6314498782157898,-10.682153701782227
2026-08-04T05:09:45.248000-04:00,10.048131942749023,-0.6474670171737671,-10.695598602294922
2026-08-04T05:09:45.252000-04:00,10.059940338134766,-0.6605613827705383,-10.720501899719238
2026-08-04T05:09:45.256000-04:00,10.057134628295898,-0.6443103551864624,-10.701444625854492
2026-08-04T05:09:45.260000-04:00,10.044624328613281,-0.6558848023414612,-10.700509071350098
2026-08-04T05:09:45.264000-04:00,10.048599243164062,-0.6465317606925964,-10.695131301879883
2026-08-04T05:09:45.268000-04:00,10.045677185058594,-0.6322683095932007,-10.677945137023926
2026-08-04T05:09:45.272000-04:00,10.041818618774414,-0.6531957983970642,-10.695013999938965
2026-08-04T05:09:45.276000-04:00,10.040064811706543,-0.652611255645752,-10.692676544189453
2026-08-04T05:09:45.280000-04:00,10.033166885375977,-0.659392237663269,-10.692559242248535
2026-08-04T05:09:45.284000-04:00,10.025801658630371,-0.6506236791610718,-10.676424980163574
2026-08-04T05:09:45.288000-04:00,10.005692481994629,-0.6374124884605408,-10.643104553222656
2026-08-04T05:09:45.292000-04:00,9.981608390808105,-0.6087686419487,-10.590376853942871
2026-08-04T05:09:45.296000-04:00,10.014110565185547,-0.5685504078865051,-10.582660675048828
2026-08-04T05:09:45.300000-04:00,10.10214614868164,-0.5864381790161133,-10.688584327697754
2026-08-04T05:09:45.304000-04:00,10.202223777770996,-0.49045220017433167,-10.692675590515137
2026-08-04T05:09:45.308000-04:00,10.386479377746582,-0.22049888968467712,-10.606978416442871
2026-08-04T05:09:45.312000-04:00,10.391974449157715,0.07283712178468704,-10.319137573242188
2026-08-04T05:09:45.316000-04:00,10.321709632873535,0.7608731389045715,-9.560836791992188
2026-08-04T05:09:45.320000-04:00,10.258225440979004,1.2921282052993774,-8.966096878051758
2026-08-04T05:09:45.324000-04:00,10.209121704101562,1.7646925449371338,-8.444429397583008
2026-08-04T05:09:45.328000-04:00,10.205848693847656,1.7858539819717407,-8.419994354248047
2026-08-04T05:09:45.332000-04:00,10.127633094787598,1.496843695640564,-8.630789756774902
2026-08-04T05:09:45.336000-04:00,10.089986801147461,0.8212005496025085,-9.268786430358887
2026-08-04T05:09:45.340000-04:00,10.103899955749512,0.48238515853881836,-9.621515274047852
2026-08-04T05:09:45.344000-04:00,10.109277725219727,-0.10627438127994537,-10.21555233001709
2026-08-04T05:09:45.348000-04:00,10.155925750732422,-0.22903357446193695,-10.38495922088623
2026-08-04T05:09:45.352000-04:00,10.180829048156738,-0.2974279820919037,-10.478257179260254
2026-08-04T05:09:45.356000-04:00,10.119916915893555,-0.36909595131874084,-10.489012718200684
2026-08-04T05:09:45.360000-04:00,10.109862327575684,-0.46344515681266785,-10.573307037353516
2026-08-04T05:09:45.364000-04:00,10.125645637512207,-0.5067031979560852,-10.632349014282227
2026-08-04T05:09:45.368000-04:00,10.127399444580078,-0.5226033926010132,-10.650002479553223
2026-08-04T05:09:45.372000-04:00,10.121904373168945,-0.5227203369140625,-10.644624710083008
2026-08-04T05:09:45.376000-04:00,10.111265182495117,-0.5427125096321106,-10.653977394104004
2026-08-04T05:09:45.380000-04:00,10.109979629516602,-0.553351640701294,-10.663331031799316
2026-08-04T05:09:45.384000-04:00,10.11044692993164,-0.5500780940055847,-10.66052532196045
2026-08-04T05:09:45.388000-04:00,10.123774528503418,-0.5642246007919312,-10.68799877166748
2026-08-04T05:09:45.392000-04:00,10.116642951965332,-0.5648092031478882,-10.681451797485352
2026-08-04T05:09:45.396000-04:00,10.118630409240723,-0.5423617959022522,-10.660992622375488
2026-08-04T05:09:45.400000-04:00,10.123658180236816,-0.5337101817131042,-10.657368659973145
2026-08-04T05:09:45.404000-04:00,10.131491661071777,-0.5369837880134583,-10.668475151062012
2026-08-04T05:09:45.408000-04:00,10.138038635253906,-0.5497273206710815,-10.687766075134277
2026-08-04T05:09:45.412000-04:00,10.141546249389648,-0.5213173627853394,-10.662863731384277
2026-08-04T05:09:45.416000-04:00,10.143767356872559,-0.5183945298194885,-10.662161827087402
2026-08-04T05:09:45.420000-04:00,10.138856887817383,-0.5124319195747375,-10.651288986206055
2026-08-04T05:09:45.424000-04:00,10.149145126342773,-0.48951688408851624,-10.638662338256836
2026-08-04T05:09:45.428000-04:00,10.153003692626953,-0.5045987367630005,-10.657602310180664
2026-08-04T05:09:45.432000-04:00,10.16411018371582,-0.4971162676811218,-10.661226272583008
2026-08-04T05:09:45.436000-04:00,10.164812088012695,-0.4864771366119385,-10.651288986206055
2026-08-04T05:09:45.440000-04:00,10.171475410461426,-0.4844895899295807,-10.655964851379395
2026-08-04T05:09:45.444000-04:00,10.171943664550781,-0.453624427318573,-10.625568389892578
2026-08-04T05:09:45.448000-04:00,10.190532684326172,-0.45467665791511536,-10.645209312438965
2026-08-04T05:09:45.452000-04:00,10.188076972961426,-0.4517538249492645,-10.639830589294434
2026-08-04T05:09:45.456000-04:00,10.189830780029297,-0.42813730239868164,-10.61796760559082
2026-08-04T05:09:45.460000-04:00,10.1970796585083,-0.3882697820663452,-10.585349082946777
2026-08-04T05:09:45.464000-04:00,10.209589958190918,-0.3828917443752289,-10.59248161315918
2026-08-04T05:09:45.468000-04:00,10.223151206970215,-0.3778644800186157,-10.6010160446167
2026-08-04T05:09:45.472000-04:00,10.239285469055176,-0.36395177245140076,-10.60323715209961
2026-08-04T05:09:45.476000-04:00,10.2384672164917,-0.3600936233997345,-10.59856128692627
2026-08-04T05:09:45.480000-04:00,10.256120681762695,-0.31250983476638794,-10.56863021850586
2026-08-04T05:09:45.484000-04:00,10.274476051330566,-0.28924402594566345,-10.563719749450684
2026-08-04T05:09:45.488000-04:00,10.295404434204102,-0.26597824692726135,-10.561382293701172
2026-08-04T05:09:45.492000-04:00,10.309316635131836,-0.2576773762702942,-10.566993713378906
2026-08-04T05:09:45.496000-04:00,10.323930740356445,-0.2248246818780899,-10.548755645751953
2026-08-04T05:09:45.500000-04:00,10.346495628356934,-0.17560410499572754,-10.522099494934082
2026-08-04T05:09:45.504000-04:00,10.357484817504883,-0.1549104005098343,-10.512394905090332
2026-08-04T05:09:45.508000-04:00,10.398054122924805,-0.09563525766134262,-10.49368953704834
2026-08-04T05:09:45.512000-04:00,10.411849975585938,-0.07061576098203659,-10.482465744018555
2026-08-04T05:09:45.516000-04:00,10.432075500488281,-0.0291114654392004,-10.461187362670898
2026-08-04T05:09:45.520000-04:00,10.441195487976074,-0.007248637732118368,-10.448444366455078
2026-08-04T05:09:45.524000-04:00,10.46072006225586,0.0389322005212307,-10.421788215637207
2026-08-04T05:09:45.528000-04:00,10.482232093811035,0.05833984166383743,-10.4238920211792
2026-08-04T05:09:45.532000-04:00,10.48340129852295,0.05845675617456436,-10.424944877624512
2026-08-04T05:09:45.536000-04:00,10.491351127624512,0.0795011892914772,-10.411849975585938
2026-08-04T05:09:45.540000-04:00,10.485739707946777,0.08195637166500092,-10.403783798217773
2026-08-04T05:09:45.544000-04:00,10.492053031921387,0.09130945801734924,-10.40074348449707
2026-08-04T05:09:45.548000-04:00,10.503626823425293,0.1044037714600563,-10.399223327636719
2026-08-04T05:09:45.552000-04:00,10.499184608459473,0.09902574867010117,-10.400158882141113
2026-08-04T05:09:45.556000-04:00,10.474281311035156,0.08008575439453125,-10.394195556640625
2026-08-04T05:09:45.560000-04:00,10.44856071472168,0.03752923756837845,-10.411031723022461
2026-08-04T05:09:45.564000-04:00,10.423541069030762,-0.002455183770507574,-10.425995826721191
2026-08-04T05:09:45.568000-04:00,10.414422035217285,-0.0240841843187809,-10.438506126403809
2026-08-04T05:09:45.572000-04:00,10.38683032989502,-0.0823071151971817,-10.469137191772461
2026-08-04T05:09:45.576000-04:00,10.360641479492188,-0.11890104413032532,-10.47954273223877
2026-08-04T05:09:45.580000-04:00,10.330010414123535,-0.15631337463855743,-10.486323356628418
2026-08-04T05:09:45.584000-04:00,10.283712387084961,-0.23172257840633392,-10.515435218811035
2026-08-04T05:09:45.588000-04:00,10.276580810546875,-0.2807093560695648,-10.557290077209473
2026-08-04T05:09:45.592000-04:00,10.255419731140137,-0.3098208010196686,-10.565240859985352
2026-08-04T05:09:45.596000-04:00,10.216019630432129,-0.3612627685070038,-10.577281951904297
2026-08-04T05:09:45.600000-04:00,10.191935539245605,-0.386983722448349,-10.578919410705566
2026-08-04T05:09:45.604000-04:00,10.181062698364258,-0.4211224913597107,-10.602185249328613
2026-08-04T05:09:45.608000-04:00,10.159667015075684,-0.46473121643066406,-10.624398231506348
2026-08-04T05:09:45.612000-04:00,10.148444175720215,-0.4753703474998474,-10.623814582824707
2026-08-04T05:09:45.616000-04:00,10.126112937927246,-0.4918551445007324,-10.61796760559082
2026-08-04T05:09:45.620000-04:00,10.118514060974121,-0.5131334066390991,-10.631647109985352
2026-08-04T05:09:45.624000-04:00,10.111967086791992,-0.5140687227249146,-10.626035690307617
2026-08-04T05:09:45.628000-04:00,10.107757568359375,-0.5386205315589905,-10.646378517150879
2026-08-04T05:09:45.632000-04:00,10.102497100830078,-0.5423617959022522,-10.644859313964844
2026-08-04T05:09:45.636000-04:00,10.095832824707031,-0.5472721457481384,-10.643104553222656
2026-08-04T05:09:45.640000-04:00,10.087648391723633,-0.5530009269714355,-10.640649795532227
2026-08-04T05:09:45.644000-04:00,10.0779447555542,-0.553351640701294,-10.631296157836914
2026-08-04T05:09:45.648000-04:00,10.093611717224121,-0.5595480799674988,-10.653160095214844
2026-08-04T05:09:45.652000-04:00,10.087063789367676,-0.5883088111877441,-10.675373077392578
2026-08-04T05:09:45.656000-04:00,10.077126502990723,-0.5886595249176025,-10.665785789489746
2026-08-04T05:09:45.660000-04:00,10.065669059753418,-0.5559237599372864,-10.62159252166748
2026-08-04T05:09:45.664000-04:00,10.082504272460938,-0.5620032548904419,-10.64450740814209
2026-08-04T05:09:45.668000-04:00,10.085309982299805,-0.5625878572463989,-10.647897720336914
2026-08-04T05:09:45.672000-04:00,10.074905395507812,-0.591231644153595,-10.666136741638184
2026-08-04T05:09:45.676000-04:00,10.074087142944336,-0.5690180659294128,-10.643105506896973
2026-08-04T05:09:45.680000-04:00,10.067422866821289,-0.5507795810699463,-10.618202209472656
2026-08-04T05:09:45.684000-04:00,10.067071914672852,-0.5570929050445557,-10.624164581298828
2026-08-04T05:09:45.688000-04:00,10.066720962524414,-0.556625247001648,-10.623346328735352
2026-08-04T05:09:45.692000-04:00,10.07583999633789,-0.5608341097831726,-10.636673927307129
2026-08-04T05:09:45.696000-04:00,10.076541900634766,-0.5445831418037415,-10.621125221252441
2026-08-04T05:09:45.700000-04:00,10.076308250427246,-0.5354638695716858,-10.611772537231445
2026-08-04T05:09:45.704000-04:00,10.08379077911377,-0.522837221622467,-10.60662841796875
2026-08-04T05:09:45.708000-04:00,10.077593803405762,-0.5317226648330688,-10.6093168258667
2026-08-04T05:09:45.712000-04:00,10.084842681884766,-0.5275138020515442,-10.612356185913086
2026-08-04T05:09:45.716000-04:00,10.071515083312988,-0.5278645157814026,-10.599379539489746
2026-08-04T05:09:45.720000-04:00,10.074320793151855,-0.5248247385025024,-10.599145889282227
2026-08-04T05:09:45.724000-04:00,10.082621574401855,-0.4870617091655731,-10.569683074951172
2026-08-04T05:09:45.728000-04:00,10.109044075012207,-0.47957924008369446,-10.588623046875
2026-08-04T05:09:45.732000-04:00,10.092792510986328,-0.48308664560317993,-10.575879096984863
2026-08-04T05:09:45.736000-04:00,10.0779447555542,-0.48472341895103455,-10.562667846679688
2026-08-04T05:09:45.740000-04:00,10.083673477172852,-0.49641478061676025,-10.58008861541748
2026-08-04T05:09:45.744000-04:00,10.102028846740723,-0.48600947856903076,-10.588038444519043
2026-08-04T05:09:45.748000-04:00,10.097118377685547,-0.4902183711528778,-10.587336540222168
2026-08-04T05:09:45.752000-04:00,10.088583946228027,-0.4753703474998474,-10.56395435333252
2026-08-04T05:09:45.756000-04:00,10.088116645812988,-0.46625110507011414,-10.554368019104004
2026-08-04T05:09:45.760000-04:00,10.092207908630371,-0.46262678503990173,-10.554834365844727
2026-08-04T05:09:45.764000-04:00,10.08577823638916,-0.47385045886039734,-10.5596284866333
2026-08-04T05:09:45.768000-04:00,10.094196319580078,-0.471746027469635,-10.565942764282227
2026-08-04T05:09:45.772000-04:00,10.094897270202637,-0.47829318046569824,-10.573190689086914
2026-08-04T05:09:45.776000-04:00,10.090337753295898,-0.4704599678516388,-10.560797691345215
2026-08-04T05:09:45.780000-04:00,10.090455055236816,-0.4820344150066376,-10.572489738464355
2026-08-04T05:09:45.784000-04:00,10.092676162719727,-0.4694077670574188,-10.562084197998047
2026-08-04T05:09:45.788000-04:00,10.093260765075684,-0.4745519459247589,-10.5678129196167
2026-08-04T05:09:45.792000-04:00,10.090805053710938,-0.5061185956001282,-10.596923828125
2026-08-04T05:09:45.796000-04:00,10.084491729736328,-0.499454528093338,-10.583946228027344
2026-08-04T05:09:45.800000-04:00,10.089402198791504,-0.47759169340133667,-10.566993713378906
2026-08-04T05:09:45.804000-04:00,10.091156005859375,-0.4825020730495453,-10.573657989501953
2026-08-04T05:09:45.808000-04:00,10.105887413024902,-0.48636022210121155,-10.59224796295166
2026-08-04T05:09:45.812000-04:00,10.086362838745117,-0.49641478061676025,-10.582777976989746
2026-08-04T05:09:45.816000-04:00,10.081218719482422,-0.4943103492259979,-10.575529098510742
2026-08-04T05:09:45.820000-04:00,10.088701248168945,-0.49325811862945557,-10.58195972442627
2026-08-04T05:09:45.824000-04:00,10.070579528808594,-0.5313718914985657,-10.601951599121094
2026-08-04T05:09:45.828000-04:00,10.077126502990723,-0.5498442649841309,-10.626970291137695
2026-08-04T05:09:45.832000-04:00,10.0821533203125,-0.5323072075843811,-10.614460945129395
2026-08-04T05:09:45.836000-04:00,10.08554458618164,-0.513367235660553,-10.598912239074707
2026-08-04T05:09:45.840000-04:00,10.099690437316895,-0.489867627620697,-10.589557647705078
2026-08-04T05:09:45.844000-04:00,10.065669059753418,-0.5306704640388489,-10.596339225769043
2026-08-04T05:09:45.848000-04:00,10.085076332092285,-0.5302028059959412,-10.615279197692871
2026-08-04T05:09:45.852000-04:00,10.066370010375977,-0.551247239112854,-10.6176176071167
2026-08-04T05:09:45.856000-04:00,10.074437141418457,-0.5504288077354431,-10.624865531921387
2026-08-04T05:09:45.860000-04:00,10.062746047973633,-0.5551053881645203,-10.617851257324219
2026-08-04T05:09:45.864000-04:00,10.064499855041504,-0.5598987936973572,-10.624398231506348
2026-08-04T05:09:45.868000-04:00,10.068123817443848,-0.5639907717704773,-10.63211441040039
2026-08-04T05:09:45.872000-04:00,10.071280479431152,-0.5542869567871094,-10.625567436218262
2026-08-04T05:09:45.876000-04:00,10.066838264465332,-0.5629385709762573,-10.629776954650879
2026-08-04T05:09:45.880000-04:00,10.06333065032959,-0.5408419370651245,-10.604172706604004
2026-08-04T05:09:45.884000-04:00,10.070579528808594,-0.5407249927520752,-10.61130428314209
2026-08-04T05:09:45.888000-04:00,10.065902709960938,-0.5603664517402649,-10.626269340515137
2026-08-04T05:09:45.892000-04:00,10.063681602478027,-0.5727593302726746,-10.636441230773926
2026-08-04T05:09:45.896000-04:00,10.060173988342285,-0.5741622447967529,-10.634336471557617
2026-08-04T05:09:45.900000-04:00,10.082036972045898,-0.535814642906189,-10.617851257324219
2026-08-04T05:09:45.904000-04:00,10.076775550842285,-0.5340609550476074,-10.610836029052734
2026-08-04T05:09:45.908000-04:00,10.078646659851074,-0.5576774477958679,-10.636323928833008
2026-08-04T05:09:45.912000-04:00,10.055731773376465,-0.5844506621360779,-10.640182495117188
2026-08-04T05:09:45.916000-04:00,10.059589385986328,-0.5721747279167175,-10.63176441192627
2026-08-04T05:09:45.920000-04:00,10.049885749816895,-0.567147433757782,-10.617033004760742
2026-08-04T05:09:45.924000-04:00,10.056550025939941,-0.5597819089889526,-10.616332054138184
2026-08-04T05:09:45.928000-04:00,10.069761276245117,-0.573110044002533,-10.642870903015137
2026-08-04T05:09:45.932000-04:00,10.066136360168457,-0.5810601711273193,-10.647196769714355
2026-08-04T05:09:45.936000-04:00,10.048014640808105,-0.5833984613418579,-10.631413459777832
2026-08-04T05:09:45.940000-04:00,10.049301147460938,-0.5849183201789856,-10.6342191696167
2026-08-04T05:09:45.944000-04:00,10.057601928710938,-0.563406229019165,-10.621007919311523
2026-08-04T05:09:45.948000-04:00,10.052925109863281,-0.5828138589859009,-10.63573932647705
2026-08-04T05:09:45.952000-04:00,10.061576843261719,-0.5746299028396606,-10.63620662689209
2026-08-04T05:09:45.956000-04:00,10.052340507507324,-0.5817616581916809,-10.634101867675781
2026-08-04T05:09:45.960000-04:00,10.055731773376465,-0.5804755687713623,-10.636207580566406
2026-08-04T05:09:45.964000-04:00,10.058537483215332,-0.5736945867538452,-10.632231712341309
2026-08-04T05:09:45.968000-04:00,10.060992240905762,-0.5773189067840576,-10.638311386108398
2026-08-04T05:09:45.972000-04:00,10.061460494995117,-0.5665628910064697,-10.628023147583008
2026-08-04T05:09:45.976000-04:00,10.055965423583984,-0.5725255012512207,-10.628490447998047
2026-08-04T05:09:45.980000-04:00,10.05280876159668,-0.5779035091400146,-10.630712509155273
2026-08-04T05:09:45.984000-04:00,10.048365592956543,-0.5905301570892334,-10.638895988464355
2026-08-04T05:09:45.988000-04:00,10.048014640808105,-0.5883088111877441,-10.636323928833008
2026-08-04T05:09:45.992000-04:00,10.062395095825195,-0.5728762149810791,-10.635271072387695
2026-08-04T05:09:45.996000-04:00,10.055848121643066,-0.5907639861106873,-10.646612167358398
2026-08-04T05:09:46-04:00,10.050704002380371,-0.5804755687713623,-10.631179809570312
2026-08-04T05:09:46.004000-04:00,10.060524940490723,-0.5630554556846619,-10.623579978942871
2026-08-04T05:09:46.008000-04:00,10.048249244689941,-0.572057843208313,-10.620306968688965
2026-08-04T05:09:46.012000-04:00,10.05701732635498,-0.5761498212814331,-10.633167266845703
2026-08-04T05:09:46.016000-04:00,10.077828407287598,-0.553351640701294,-10.631179809570312
2026-08-04T05:09:46.020000-04:00,10.047547340393066,-0.5797741413116455,-10.627321243286133
2026-08-04T05:09:46.024000-04:00,10.055497169494629,-0.5871396660804749,-10.642637252807617
2026-08-04T05:09:46.028000-04:00,10.04918384552002,-0.5855028629302979,-10.634686470031738
2026-08-04T05:09:46.032000-04:00,10.050470352172852,-0.6011692881584167,-10.651639938354492
2026-08-04T05:09:46.036000-04:00,10.063681602478027,-0.5710055828094482,-10.634687423706055
2026-08-04T05:09:46.040000-04:00,10.05888843536377,-0.5597819089889526,-10.618670463562012
2026-08-04T05:09:46.044000-04:00,10.064617156982422,-0.5745130181312561,-10.639130592346191
2026-08-04T05:09:46.048000-04:00,10.053743362426758,-0.5833984613418579,-10.637142181396484
2026-08-04T05:09:46.052000-04:00,10.065201759338379,-0.5680827498435974,-10.633284568786621
2026-08-04T05:09:46.056000-04:00,10.051639556884766,-0.5819954872131348,-10.633634567260742
2026-08-04T05:09:46.060000-04:00,10.061694145202637,-0.567147433757782,-10.628841400146484
2026-08-04T05:09:46.064000-04:00,10.06286334991455,-0.5540531277656555,-10.61691665649414
2026-08-04T05:09:46.068000-04:00,10.084258079528809,-0.552299439907074,-10.636557579040527
2026-08-04T05:09:46.072000-04:00,10.113018989562988,-0.4950118064880371,-10.608030319213867
2026-08-04T05:09:46.076000-04:00,10.076308250427246,-0.543647825717926,-10.619956016540527
2026-08-04T05:09:46.080000-04:00,10.07747745513916,-0.49243971705436707,-10.569916725158691
2026-08-04T05:09:46.084000-04:00,10.101677894592285,-0.46625110507011414,-10.5679292678833
2026-08-04T05:09:46.088000-04:00,10.122722625732422,-0.43211233615875244,-10.554835319519043
2026-08-04T05:09:46.092000-04:00,10.106121063232422,-0.43293073773384094,-10.53905200958252
2026-08-04T05:09:46.096000-04:00,10.105302810668945,-0.40124717354774475,-10.506549835205078
2026-08-04T05:09:46.100000-04:00,10.058653831481934,-0.4010133445262909,-10.459667205810547
2026-08-04T05:09:46.104000-04:00,10.05526351928711,-0.4296571612358093,-10.484920501708984
2026-08-04T05:09:46.108000-04:00,10.070579528808594,-0.4379580318927765,-10.508537292480469
2026-08-04T05:09:46.112000-04:00,10.06941032409668,-0.44415444135665894,-10.513565063476562
2026-08-04T05:09:46.116000-04:00,10.083322525024414,-0.42486369609832764,-10.508186340332031
2026-08-04T05:09:46.120000-04:00,10.089168548583984,-0.4343337118625641,-10.523502349853516
2026-08-04T05:09:46.124000-04:00,10.114304542541504,-0.45502740144729614,-10.569332122802734
2026-08-04T05:09:46.128000-04:00,10.092792510986328,-0.49314120411872864,-10.585933685302734
2026-08-04T05:09:46.132000-04:00,10.08799934387207,-0.514419436454773,-10.602418899536133
2026-08-04T05:09:46.136000-04:00,10.080750465393066,-0.5234218239784241,-10.604172706604004
2026-08-04T05:09:46.140000-04:00,10.06309700012207,-0.5491427779197693,-10.612239837646484
2026-08-04T05:09:46.144000-04:00,10.056199073791504,-0.5606002807617188,-10.616799354553223
2026-08-04T05:09:46.148000-04:00,10.073502540588379,-0.5542869567871094,-10.627789497375488
2026-08-04T05:09:46.152000-04:00,10.06753921508789,-0.5663290619850159,-10.633868217468262
2026-08-04T05:09:46.156000-04:00,10.039363861083984,-0.5824631452560425,-10.621827125549316
2026-08-04T05:09:46.160000-04:00,10.012706756591797,-0.60666424036026,-10.61937141418457
2026-08-04T05:09:46.164000-04:00,10.050236701965332,-0.5810601711273193,-10.63129711151123
2026-08-04T05:09:46.168000-04:00,10.032815933227539,-0.6083009839057922,-10.641117095947266
2026-08-04T05:09:46.172000-04:00,10.034102439880371,-0.6164849400520325,-10.65058708190918
2026-08-04T05:09:46.176000-04:00,10.041818618774414,-0.6065472960472107,-10.64836597442627
2026-08-04T05:09:46.180000-04:00,10.013408660888672,-0.6266564130783081,-10.64006519317627
2026-08-04T05:09:46.184000-04:00,10.031179428100586,-0.6126267910003662,-10.643806457519531
2026-08-04T05:09:46.188000-04:00,10.011303901672363,-0.6263056993484497,-10.637609481811523
2026-08-04T05:09:46.192000-04:00,10.025568008422852,-0.63963383436203,-10.665202140808105
2026-08-04T05:09:46.196000-04:00,10.032933235168457,-0.6126267910003662,-10.645560264587402
2026-08-04T05:09:46.200000-04:00,10.000431060791016,-0.6362433433532715,-10.636674880981445
2026-08-04T05:09:46.204000-04:00,10.001015663146973,-0.6378801465034485,-10.638895988464355
2026-08-04T05:09:46.208000-04:00,9.991545677185059,-0.6141467094421387,-10.605691909790039
2026-08-04T05:09:46.212000-04:00,9.969215393066406,-0.5849183201789856,-10.554133415222168
2026-08-04T05:09:46.216000-04:00,9.97260570526123,-0.5624709129333496,-10.535076141357422
2026-08-04T05:09:46.220000-04:00,10.022644996643066,-0.5772020220756531,-10.599846839904785
2026-08-04T05:09:46.224000-04:00,10.164461135864258,-0.5092752575874329,-10.673736572265625
2026-08-04T05:09:46.228000-04:00,10.322410583496094,-0.2994154989719391,-10.621826171875
2026-08-04T05:09:46.232000-04:00,10.364616394042969,-0.03308652341365814,-10.397703170776367
2026-08-04T05:09:46.236000-04:00,10.29166316986084,0.5939206480979919,-9.697742462158203
2026-08-04T05:09:46.240000-04:00,10.227945327758789,1.1071709394454956,-9.120774269104004
2026-08-04T05:09:46.244000-04:00,10.171592712402344,1.7053005695343018,-8.466292381286621
2026-08-04T05:09:46.248000-04:00,10.165279388427734,1.7959084510803223,-8.36937141418457
2026-08-04T05:09:46.252000-04:00,10.119799613952637,1.670927882194519,-8.448871612548828
2026-08-04T05:09:46.256000-04:00,10.102028846740723,1.2372957468032837,-8.86473274230957
2026-08-04T05:09:46.260000-04:00,10.034920692443848,0.5943883061408997,-9.440532684326172
2026-08-04T05:09:46.264000-04:00,10.042403221130371,0.037996891885995865,-10.004405975341797
2026-08-04T05:09:46.268000-04:00,10.08987045288086,-0.17408421635627747,-10.263955116271973
2026-08-04T05:09:46.272000-04:00,10.153938293457031,-0.26363998651504517,-10.41757869720459
2026-08-04T05:09:46.276000-04:00,10.066954612731934,-0.3910757005214691,-10.458030700683594
2026-08-04T05:09:46.280000-04:00,10.080867767333984,-0.41480913758277893,-10.49567699432373
2026-08-04T05:09:46.284000-04:00,10.096768379211426,-0.4392440617084503,-10.536012649536133
2026-08-04T05:09:46.288000-04:00,10.11255168914795,-0.4684724509716034,-10.581024169921875
2026-08-04T05:09:46.292000-04:00,10.110797882080078,-0.4998052716255188,-10.610603332519531
2026-08-04T05:09:46.296000-04:00,10.08379077911377,-0.5330086946487427,-10.616799354553223
2026-08-04T05:09:46.300000-04:00,10.088583946228027,-0.5202651619911194,-10.60884952545166
2026-08-04T05:09:46.304000-04:00,10.101444244384766,-0.5126657485961914,-10.614109992980957
2026-08-04T05:09:46.308000-04:00,10.108108520507812,-0.5143025517463684,-10.622410774230957
2026-08-04T05:09:46.312000-04:00,10.111382484436035,-0.5020266175270081,-10.613409042358398
2026-08-04T05:09:46.316000-04:00,10.097586631774902,-0.5199143886566162,-10.617501258850098
2026-08-04T05:09:46.320000-04:00,10.106354713439941,-0.519329845905304,-10.62568473815918
2026-08-04T05:09:46.324000-04:00,10.099223136901855,-0.51605623960495,-10.615279197692871
2026-08-04T05:09:46.328000-04:00,10.125996589660645,-0.5275138020515442,-10.653510093688965
2026-08-04T05:09:46.332000-04:00,10.124242782592773,-0.5242401957511902,-10.648483276367188
2026-08-04T05:09:46.336000-04:00,10.134998321533203,-0.5023773908615112,-10.637375831604004
2026-08-04T05:09:46.340000-04:00,10.121904373168945,-0.4913874864578247,-10.61329174041748
2026-08-04T05:09:46.344000-04:00,10.132076263427734,-0.47186294198036194,-10.603939056396484
2026-08-04T05:09:46.348000-04:00,10.14552116394043,-0.47677332162857056,-10.622294425964355
2026-08-04T05:09:46.352000-04:00,10.152886390686035,-0.47992998361587524,-10.632816314697266
2026-08-04T05:09:46.356000-04:00,10.14972972869873,-0.46706947684288025,-10.616799354553223
2026-08-04T05:09:46.360000-04:00,10.1638765335083,-0.4516369104385376,-10.615513801574707
2026-08-04T05:09:46.364000-04:00,10.153237342834473,-0.46952468156814575,-10.622761726379395
2026-08-04T05:09:46.368000-04:00,10.16434383392334,-0.45900246500968933,-10.623346328735352
2026-08-04T05:09:46.372000-04:00,10.17825698852539,-0.4359704852104187,-10.614227294921875
2026-08-04T05:09:46.376000-04:00,10.175333976745605,-0.4358535706996918,-10.611187934875488
2026-08-04T05:09:46.380000-04:00,10.180244445800781,-0.40089643001556396,-10.581140518188477
2026-08-04T05:09:46.384000-04:00,10.193455696105957,-0.40077951550483704,-10.59423542022705
2026-08-04T05:09:46.388000-04:00,10.213096618652344,-0.37798139452934265,-10.59107780456543
2026-08-04T05:09:46.392000-04:00,10.243728637695312,-0.33226820826530457,-10.575996398925781
2026-08-04T05:09:46.396000-04:00,10.22163200378418,-0.3451286852359772,-10.566761016845703
2026-08-04T05:09:46.400000-04:00,10.234024047851562,-0.3175370991230011,-10.55156135559082
2026-08-04T05:09:46.404000-04:00,10.25728988647461,-0.29450514912605286,-10.55179500579834
2026-08-04T05:09:46.408000-04:00,10.279386520385742,-0.2835152745246887,-10.562901496887207
2026-08-04T05:09:46.412000-04:00,10.300080299377441,-0.2697194814682007,-10.569799423217773
2026-08-04T05:09:46.416000-04:00,10.31434440612793,-0.23558072745800018,-10.549924850463867
2026-08-04T05:09:46.420000-04:00,10.333284378051758,-0.1974669247865677,-10.53075122833252
2026-08-04T05:09:46.424000-04:00,10.354445457458496,-0.17513644695281982,-10.529582023620605
2026-08-04T05:09:46.428000-04:00,10.378763198852539,-0.13819177448749542,-10.516955375671387
2026-08-04T05:09:46.432000-04:00,10.402730941772461,-0.09551834315061569,-10.498249053955078
2026-08-04T05:09:46.436000-04:00,10.413954734802246,-0.07236946374177933,-10.486324310302734
2026-08-04T05:09:46.440000-04:00,10.441545486450195,-0.023616530001163483,-10.46516227722168
2026-08-04T05:09:46.444000-04:00,10.44856071472168,-0.005027281120419502,-10.453587532043457
2026-08-04T05:09:46.448000-04:00,10.465045928955078,0.010288389399647713,-10.454757690429688
2026-08-04T05:09:46.452000-04:00,10.494625091552734,0.04407639428973198,-10.450549125671387
2026-08-04T05:09:46.456000-04:00,10.491117477416992,0.04886984825134277,-10.44224739074707
2026-08-04T05:09:46.460000-04:00,10.483868598937988,0.0638347789645195,-10.42003345489502
2026-08-04T05:09:46.464000-04:00,10.502457618713379,0.09014032036066055,-10.412317276000977
2026-08-04T05:09:46.468000-04:00,10.50806999206543,0.0983242616057396,-10.409746170043945
2026-08-04T05:09:46.472000-04:00,10.506667137145996,0.09399846196174622,-10.412668228149414
2026-08-04T05:09:46.476000-04:00,10.484920501708984,0.06278255581855774,-10.422138214111328
2026-08-04T05:09:46.480000-04:00,10.454991340637207,0.03741232305765152,-10.41757869720459
2026-08-04T05:09:46.484000-04:00,10.458030700683594,0.01975838467478752,-10.438272476196289
2026-08-04T05:09:46.488000-04:00,10.426230430603027,-0.005845675710588694,-10.432076454162598
2026-08-04T05:09:46.492000-04:00,10.414539337158203,-0.0582229308784008,-10.472762107849121
2026-08-04T05:09:46.496000-04:00,10.394780158996582,-0.06675761938095093,-10.46153736114502
2026-08-04T05:09:46.500000-04:00,10.35175609588623,-0.12790338695049286,-10.479659080505371
2026-08-04T05:09:46.504000-04:00,10.31071949005127,-0.18963371217250824,-10.50035285949707
2026-08-04T05:09:46.508000-04:00,10.294235229492188,-0.2256430834531784,-10.519878387451172
2026-08-04T05:09:46.512000-04:00,10.265941619873047,-0.2797740399837494,-10.54571533203125
2026-08-04T05:09:46.516000-04:00,10.242208480834961,-0.29403749108314514,-10.536246299743652
2026-08-04T05:09:46.520000-04:00,10.205146789550781,-0.3485191762447357,-10.553666114807129
2026-08-04T05:09:46.524000-04:00,10.186440467834473,-0.40253323316574097,-10.588973999023438
2026-08-04T05:09:46.528000-04:00,10.17626953125,-0.4234607517719269,-10.599730491638184
2026-08-04T05:09:46.532000-04:00,10.162473678588867,-0.4600546658039093,-10.622528076171875
2026-08-04T05:09:46.536000-04:00,10.136752128601074,-0.47314900159835815,-10.609901428222656
2026-08-04T05:09:46.540000-04:00,10.134063720703125,-0.4685893654823303,-10.602653503417969
2026-08-04T05:09:46.544000-04:00,10.099223136901855,-0.5120812058448792,-10.61130428314209
2026-08-04T05:09:46.548000-04:00,10.095364570617676,-0.5470383167266846,-10.642402648925781
2026-08-04T05:09:46.552000-04:00,10.106939315795898,-0.5548715591430664,-10.661810874938965
2026-08-04T05:09:46.556000-04:00,10.098989486694336,-0.5192129015922546,-10.618202209472656
2026-08-04T05:09:46.560000-04:00,10.093728065490723,-0.5190960168838501,-10.612824440002441
2026-08-04T05:09:46.564000-04:00,10.07116413116455,-0.5705379247665405,-10.641701698303223
2026-08-04T05:09:46.568000-04:00,10.083322525024414,-0.5800079703330994,-10.663330078125
2026-08-04T05:09:46.572000-04:00,10.072800636291504,-0.5673812627792358,-10.640181541442871
2026-08-04T05:09:46.576000-04:00,10.078763008117676,-0.5663290619850159,-10.645092010498047
2026-08-04T05:09:46.580000-04:00,10.062045097351074,-0.5830476880073547,-10.645092964172363
2026-08-04T05:09:46.584000-04:00,10.0696439743042,-0.5769681930541992,-10.646612167358398
2026-08-04T05:09:46.588000-04:00,10.082504272460938,-0.5829308032989502,-10.665434837341309
2026-08-04T05:09:46.592000-04:00,10.06087589263916,-0.5953236222267151,-10.65619945526123
2026-08-04T05:09:46.596000-04:00,10.061460494995117,-0.5976619124412537,-10.659122467041016
2026-08-04T05:09:46.600000-04:00,10.066487312316895,-0.5924007892608643,-10.65888786315918
2026-08-04T05:09:46.604000-04:00,10.059473037719727,-0.589594841003418,-10.649067878723145
2026-08-04T05:09:46.608000-04:00,10.081101417541504,-0.5602495670318604,-10.641350746154785
2026-08-04T05:09:46.612000-04:00,10.078295707702637,-0.5434139966964722,-10.621709823608398
2026-08-04T05:09:46.616000-04:00,10.057719230651855,-0.5567421317100525,-10.614460945129395
2026-08-04T05:09:46.620000-04:00,10.060056686401367,-0.5554561018943787,-10.61551284790039
2026-08-04T05:09:46.624000-04:00,10.05748462677002,-0.5456353425979614,-10.603119850158691
2026-08-04T05:09:46.628000-04:00,10.072800636291504,-0.546336829662323,-10.61913776397705
2026-08-04T05:09:46.632000-04:00,10.078413009643555,-0.5417772531509399,-10.620190620422363
2026-08-04T05:09:46.636000-04:00,10.074905395507812,-0.5365161299705505,-10.611421585083008
2026-08-04T05:09:46.640000-04:00,10.05923843383789,-0.5449339151382446,-10.604172706604004
2026-08-04T05:09:46.644000-04:00,10.079347610473633,-0.5399066209793091,-10.619254112243652
2026-08-04T05:09:46.648000-04:00,10.101094245910645,-0.5061185956001282,-10.607213020324707
2026-08-04T05:09:46.652000-04:00,10.088116645812988,-0.5103275179862976,-10.598443984985352
2026-08-04T05:09:46.656000-04:00,10.088934898376465,-0.5021435618400574,-10.591078758239746
2026-08-04T05:09:46.660000-04:00,10.076659202575684,-0.49594712257385254,-10.572606086730957
2026-08-04T05:09:46.664000-04:00,10.088583946228027,-0.4808652698993683,-10.569449424743652
2026-08-04T05:09:46.668000-04:00,10.086947441101074,-0.4954794645309448,-10.582427024841309
2026-08-04T05:09:46.672000-04:00,10.105069160461426,-0.4974670112133026,-10.60253620147705
2026-08-04T05:09:46.676000-04:00,10.101444244384766,-0.48636022210121155,-10.587804794311523
2026-08-04T05:09:46.680000-04:00,10.098053932189941,-0.5050663948059082,-10.603120803833008
2026-08-04T05:09:46.684000-04:00,10.091740608215332,-0.4991037845611572,-10.59084415435791
2026-08-04T05:09:46.688000-04:00,10.099807739257812,-0.49080294370651245,-10.59061050415039
2026-08-04T05:09:46.692000-04:00,10.099690437316895,-0.4958302080631256,-10.595520973205566
2026-08-04T05:09:46.696000-04:00,10.09407901763916,-0.5199143886566162,-10.613993644714355
2026-08-04T05:09:46.700000-04:00,10.104133605957031,-0.5067031979560852,-10.61083698272705
2026-08-04T05:09:46.704000-04:00,10.097235679626465,-0.49758392572402954,-10.594820022583008
2026-08-04T05:09:46.708000-04:00,10.09852123260498,-0.5162900686264038,-10.614810943603516
2026-08-04T05:09:46.712000-04:00,10.102497100830078,-0.5291505455970764,-10.631648063659668
2026-08-04T05:09:46.716000-04:00,10.097586631774902,-0.5234218239784241,-10.62100887298584
2026-08-04T05:09:46.720000-04:00,10.089519500732422,-0.5213173627853394,-10.61083698272705
2026-08-04T05:09:46.724000-04:00,10.076775550842285,-0.5477398037910461,-10.624515533447266
2026-08-04T05:09:46.728000-04:00,10.091389656066895,-0.548558235168457,-10.639947891235352
2026-08-04T05:09:46.732000-04:00,10.095832824707031,-0.5356976985931396,-10.63153076171875
2026-08-04T05:09:46.736000-04:00,10.095364570617676,-0.5334763526916504,-10.628841400146484
2026-08-04T05:09:46.740000-04:00,10.079113960266113,-0.5493766069412231,-10.628490447998047
2026-08-04T05:09:46.744000-04:00,10.082387924194336,-0.553936243057251,-10.636323928833008
2026-08-04T05:09:46.748000-04:00,10.098287582397461,-0.571473240852356,-10.669760704040527
2026-08-04T05:09:46.752000-04:00,10.09653377532959,-0.5517148971557617,-10.648248672485352
2026-08-04T05:09:46.756000-04:00,10.079231262207031,-0.5645753741264343,-10.643806457519531
2026-08-04T05:09:46.760000-04:00,10.082036972045898,-0.5607172250747681,-10.642754554748535
2026-08-04T05:09:46.764000-04:00,10.072566986083984,-0.5748637318611145,-10.647430419921875
2026-08-04T05:09:46.768000-04:00,10.084024429321289,-0.5672643780708313,-10.651288986206055
2026-08-04T05:09:46.772000-04:00,10.079581260681152,-0.5872565507888794,-10.666837692260742
2026-08-04T05:09:46.776000-04:00,10.083673477172852,-0.5914654731750488,-10.675138473510742
2026-08-04T05:09:46.780000-04:00,10.075723648071289,-0.5773189067840576,-10.653042793273926
2026-08-04T05:09:46.784000-04:00,10.069877624511719,-0.5783711671829224,-10.648248672485352
2026-08-04T05:09:46.788000-04:00,10.080400466918945,-0.5755652189254761,-10.655965805053711
2026-08-04T05:09:46.792000-04:00,10.085076332092285,-0.5843337178230286,-10.66940975189209
2026-08-04T05:09:46.796000-04:00,10.085660934448242,-0.5805925130844116,-10.666253089904785
2026-08-04T05:09:46.800000-04:00,10.06531810760498,-0.6086517572402954,-10.673970222473145
2026-08-04T05:09:46.804000-04:00,10.064148902893066,-0.6202262043952942,-10.684374809265137
2026-08-04T05:09:46.808000-04:00,10.07771110534668,-0.6002339720726013,-10.677945137023926
2026-08-04T05:09:46.812000-04:00,10.08554458618164,-0.5918161869049072,-10.677360534667969
2026-08-04T05:09:46.816000-04:00,10.064148902893066,-0.6113407611846924,-10.67548942565918
2026-08-04T05:09:46.820000-04:00,10.07116413116455,-0.628527045249939,-10.699690818786621
2026-08-04T05:09:46.824000-04:00,10.065201759338379,-0.6049104928970337,-10.670112609863281
2026-08-04T05:09:46.828000-04:00,10.08016586303711,-0.6240843534469604,-10.70425033569336
2026-08-04T05:09:46.832000-04:00,10.07139778137207,-0.6191739439964294,-10.690571784973145
2026-08-04T05:09:46.836000-04:00,10.070930480957031,-0.6084179282188416,-10.67934799194336
2026-08-04T05:09:46.840000-04:00,10.070813179016113,-0.618823230266571,-10.68963623046875
2026-08-04T05:09:46.844000-04:00,10.066020011901855,-0.6320344805717468,-10.698054313659668
2026-08-04T05:09:46.848000-04:00,10.076775550842285,-0.6187062859535217,-10.69548225402832
2026-08-04T05:09:46.852000-04:00,10.075372695922852,-0.6083009839057922,-10.683673858642578
2026-08-04T05:09:46.856000-04:00,10.069059371948242,-0.6127437353134155,-10.681802749633789
2026-08-04T05:09:46.860000-04:00,10.0613431930542,-0.5892441272735596,-10.65058708190918
2026-08-04T05:09:46.864000-04:00,10.064967155456543,-0.6206938624382019,-10.685661315917969
2026-08-04T05:09:46.868000-04:00,10.07548999786377,-0.630163848400116,-10.70565414428711
2026-08-04T05:09:46.872000-04:00,10.073502540588379,-0.6163680553436279,-10.689870834350586
2026-08-04T05:09:46.876000-04:00,10.078529357910156,-0.6189401149749756,-10.697469711303711
2026-08-04T05:09:46.880000-04:00,10.065084457397461,-0.6245520114898682,-10.68963623046875
2026-08-04T05:09:46.884000-04:00,10.064967155456543,-0.6144974231719971,-10.679464340209961
2026-08-04T05:09:46.888000-04:00,10.068123817443848,-0.6354249715805054,-10.703548431396484
2026-08-04T05:09:46.892000-04:00,10.070579528808594,-0.6280593872070312,-10.698638916015625
2026-08-04T05:09:46.896000-04:00,10.0613431930542,-0.6260718703269958,-10.68741512298584
2026-08-04T05:09:46.900000-04:00,10.068708419799805,-0.6234997510910034,-10.692208290100098
2026-08-04T05:09:46.904000-04:00,10.064850807189941,-0.6378801465034485,-10.702731132507324
2026-08-04T05:09:46.908000-04:00,10.078529357910156,-0.6411536931991577,-10.719682693481445
2026-08-04T05:09:46.912000-04:00,10.0738525390625,-0.6310991644859314,-10.704951286315918
2026-08-04T05:09:46.916000-04:00,10.06718921661377,-0.6395169496536255,-10.706706047058105
2026-08-04T05:09:46.920000-04:00,10.062512397766113,-0.6320344805717468,-10.694546699523926
2026-08-04T05:09:46.924000-04:00,10.06087589263916,-0.6309822201728821,-10.691858291625977
2026-08-04T05:09:46.928000-04:00,10.074905395507812,-0.6337881684303284,-10.708693504333496
2026-08-04T05:09:46.932000-04:00,10.076190948486328,-0.6420890092849731,-10.718279838562012
2026-08-04T05:09:46.936000-04:00,10.061460494995117,-0.6332035660743713,-10.694664001464844
2026-08-04T05:09:46.940000-04:00,10.064148902893066,-0.6314498782157898,-10.695598602294922
2026-08-04T05:09:46.944000-04:00,10.058420181274414,-0.6337881684303284,-10.692208290100098
2026-08-04T05:09:46.948000-04:00,10.076892852783203,-0.6303976774215698,-10.707290649414062
2026-08-04T05:09:46.952000-04:00,10.074554443359375,-0.645596444606781,-10.7201509475708
2026-08-04T05:09:46.956000-04:00,10.056432723999023,-0.645596444606781,-10.70202922821045
2026-08-04T05:09:46.960000-04:00,10.064032554626465,-0.6438426971435547,-10.70787525177002
2026-08-04T05:09:46.964000-04:00,10.063797950744629,-0.6709666848182678,-10.73476505279541
2026-08-04T05:09:46.968000-04:00,10.066838264465332,-0.6778645515441895,-10.74470329284668
2026-08-04T05:09:46.972000-04:00,10.073969841003418,-0.6706159114837646,-10.744585990905762
2026-08-04T05:09:46.976000-04:00,10.066253662109375,-0.649922251701355,-10.71617603302002
2026-08-04T05:09:46.980000-04:00,10.055848121643066,-0.6203430891036987,-10.676191329956055
2026-08-04T05:09:46.984000-04:00,10.067656517028809,-0.6315668225288391,-10.699223518371582
2026-08-04T05:09:46.988000-04:00,10.072917938232422,-0.6384646892547607,-10.711382865905762
2026-08-04T05:09:46.992000-04:00,10.070111274719238,-0.6459471583366394,-10.716058731079102
2026-08-04T05:09:46.996000-04:00,10.0613431930542,-0.6451287865638733,-10.706472396850586
2026-08-04T05:09:47-04:00,10.065786361694336,-0.63963383436203,-10.70542049407959
2026-08-04T05:09:47.004000-04:00,10.063447952270508,-0.6386985182762146,-10.702146530151367
2026-08-04T05:09:47.008000-04:00,10.066838264465332,-0.6436088681221008,-10.710447311401367
2026-08-04T05:09:47.012000-04:00,10.069877624511719,-0.6445441842079163,-10.714422225952148
2026-08-04T05:09:47.016000-04:00,10.06531810760498,-0.631800651550293,-10.697118759155273
2026-08-04T05:09:47.020000-04:00,10.065786361694336,-0.6405691504478455,-10.706355094909668
2026-08-04T05:09:47.024000-04:00,10.087298393249512,-0.6211615204811096,-10.708459854125977
2026-08-04T05:09:47.028000-04:00,10.103549003601074,-0.6160172820091248,-10.719566345214844
2026-08-04T05:09:47.032000-04:00,10.103315353393555,-0.5793064832687378,-10.682621955871582
2026-08-04T05:09:47.036000-04:00,10.086947441101074,-0.5641077160835266,-10.651055335998535
2026-08-04T05:09:47.040000-04:00,10.077593803405762,-0.5678489208221436,-10.645442962646484
2026-08-04T05:09:47.044000-04:00,10.090922355651855,-0.5604833960533142,-10.651405334472656
2026-08-04T05:09:47.048000-04:00,10.11266803741455,-0.5590804219245911,-10.671748161315918
2026-08-04T05:09:47.052000-04:00,10.12307357788086,-0.5338271260261536,-10.656900405883789
2026-08-04T05:09:47.056000-04:00,10.099105834960938,-0.4657834470272064,-10.564888954162598
2026-08-04T05:09:47.060000-04:00,10.068358421325684,-0.4926735460758209,-10.56103229522705
2026-08-04T05:09:47.064000-04:00,10.072917938232422,-0.5072877407073975,-10.580205917358398
2026-08-04T05:09:47.068000-04:00,10.08823299407959,-0.5290336608886719,-10.617266654968262
2026-08-04T05:09:47.072000-04:00,10.089402198791504,-0.5138348937034607,-10.60323715209961
2026-08-04T05:09:47.076000-04:00,10.112434387207031,-0.48636022210121155,-10.598794937133789
2026-08-04T05:09:47.080000-04:00,10.109628677368164,-0.5162900686264038,-10.6259183883667
2026-08-04T05:09:47.084000-04:00,10.111498832702637,-0.5418941378593445,-10.653392791748047
2026-08-04T05:09:47.088000-04:00,10.1111478805542,-0.5952066779136658,-10.706354141235352
2026-08-04T05:09:47.092000-04:00,10.091623306274414,-0.6028060913085938,-10.694429397583008
2026-08-04T05:09:47.096000-04:00,10.105185508728027,-0.588542640209198,-10.69372844696045
2026-08-04T05:09:47.100000-04:00,10.0779447555542,-0.60771644115448,-10.685661315917969
2026-08-04T05:09:47.104000-04:00,10.069761276245117,-0.6419721245765686,-10.7117338180542
2026-08-04T05:09:47.108000-04:00,10.062161445617676,-0.6687452793121338,-10.73090648651123
2026-08-04T05:09:47.112000-04:00,10.0655517578125,-0.6624319553375244,-10.727983474731445
2026-08-04T05:09:47.116000-04:00,10.04450798034668,-0.6639518737792969,-10.708459854125977
2026-08-04T05:09:47.120000-04:00,10.050119400024414,-0.6729542016983032,-10.723073959350586
2026-08-04T05:09:47.124000-04:00,10.049885749816895,-0.681255042552948,-10.731141090393066
2026-08-04T05:09:47.128000-04:00,10.048131942749023,-0.7135231494903564,-10.7616548538208
2026-08-04T05:09:47.132000-04:00,10.059122085571289,-0.7265005707740784,-10.785622596740723
2026-08-04T05:09:47.136000-04:00,10.049418449401855,-0.7267343997955322,-10.776152610778809
2026-08-04T05:09:47.140000-04:00,10.038077354431152,-0.6883867979049683,-10.72646427154541
2026-08-04T05:09:47.144000-04:00,10.049301147460938,-0.6865161657333374,-10.735816955566406
2026-08-04T05:09:47.148000-04:00,10.041935920715332,-0.6881529688835144,-10.73008918762207
2026-08-04T05:09:47.152000-04:00,10.044157028198242,-0.7087297439575195,-10.752886772155762
2026-08-04T05:09:47.156000-04:00,10.033284187316895,-0.6890882253646851,-10.722372055053711
2026-08-04T05:09:47.160000-04:00,10.027555465698242,-0.6780983805656433,-10.70565414428711
2026-08-04T05:09:47.164000-04:00,10.014460563659668,-0.6727203726768494,-10.687180519104004
2026-08-04T05:09:47.168000-04:00,10.005107879638672,-0.6584569215774536,-10.663564682006836
2026-08-04T05:09:47.172000-04:00,10.013175010681152,-0.6173033714294434,-10.630477905273438
2026-08-04T05:09:47.176000-04:00,10.052925109863281,-0.6519097685813904,-10.704834938049316
2026-08-04T05:09:47.180000-04:00,10.156627655029297,-0.5732269883155823,-10.729854583740234
2026-08-04T05:09:47.184000-04:00,10.276814460754395,-0.44696035981178284,-10.723774909973145
2026-08-04T05:09:47.188000-04:00,10.455575942993164,-0.1091972216963768,-10.564773559570312
2026-08-04T05:09:47.192000-04:00,10.371865272521973,0.5447000861167908,-9.827165603637695
2026-08-04T05:09:47.196000-04:00,10.334102630615234,1.083788275718689,-9.250314712524414
2026-08-04T05:09:47.200000-04:00,10.235310554504395,1.7050666809082031,-8.530243873596191
2026-08-04T05:09:47.204000-04:00,10.200236320495605,1.7606005668640137,-8.43963623046875
2026-08-04T05:09:47.208000-04:00,10.167734146118164,1.5430245399475098,-8.624710083007812
2026-08-04T05:09:47.212000-04:00,10.125996589660645,1.1722917556762695,-8.953704833984375
2026-08-04T05:09:47.216000-04:00,10.05257511138916,0.5273968577384949,-9.525177955627441
2026-08-04T05:09:47.220000-04:00,10.05093765258789,-0.006897897459566593,-10.057835578918457
2026-08-04T05:09:47.224000-04:00,10.093143463134766,-0.2535853981971741,-10.346729278564453
2026-08-04T05:09:47.228000-04:00,10.173813819885254,-0.3360094428062439,-10.509822845458984
2026-08-04T05:09:47.232000-04:00,10.157445907592773,-0.38639914989471436,-10.543845176696777
2026-08-04T05:09:47.236000-04:00,10.106588363647461,-0.47197985649108887,-10.578568458557129
2026-08-04T05:09:47.240000-04:00,10.12085247039795,-0.5086907148361206,-10.62954330444336
2026-08-04T05:09:47.244000-04:00,10.113954544067383,-0.5525332689285278,-10.666487693786621
2026-08-04T05:09:47.248000-04:00,10.122371673583984,-0.5648092031478882,-10.687180519104004
2026-08-04T05:09:47.252000-04:00,10.118630409240723,-0.582580029964447,-10.701210021972656
2026-08-04T05:09:47.256000-04:00,10.115591049194336,-0.5664459466934204,-10.682037353515625
2026-08-04T05:09:47.260000-04:00,10.116409301757812,-0.5669136047363281,-10.68332290649414
2026-08-04T05:09:47.264000-04:00,10.107056617736816,-0.5898286700248718,-10.696885108947754
2026-08-04T05:09:47.268000-04:00,10.110329627990723,-0.605027437210083,-10.715356826782227
2026-08-04T05:09:47.272000-04:00,10.122956275939941,-0.5933361053466797,-10.716292381286621
2026-08-04T05:09:47.276000-04:00,10.115357398986816,-0.5918161869049072,-10.707173347473145
2026-08-04T05:09:47.280000-04:00,10.115942001342773,-0.5739284157752991,-10.689870834350586
2026-08-04T05:09:47.284000-04:00,10.117227554321289,-0.5733438730239868,-10.690571784973145
2026-08-04T05:09:47.288000-04:00,10.130087852478027,-0.5658614039421082,-10.69594955444336
2026-08-04T05:09:47.292000-04:00,10.144468307495117,-0.5573267340660095,-10.701794624328613
2026-08-04T05:09:47.296000-04:00,10.140377044677734,-0.5424786806106567,-10.682855606079102
2026-08-04T05:09:47.300000-04:00,10.140493392944336,-0.5362823009490967,-10.676775932312012
2026-08-04T05:09:47.304000-04:00,10.149496078491211,-0.529852032661438,-10.67934799194336
2026-08-04T05:09:47.308000-04:00,10.152652740478516,-0.5410757660865784,-10.69372844696045
2026-08-04T05:09:47.312000-04:00,10.161070823669434,-0.5368668437004089,-10.697937965393066
2026-08-04T05:09:47.316000-04:00,10.15826416015625,-0.5127826929092407,-10.67104721069336
2026-08-04T05:09:47.320000-04:00,10.165045738220215,-0.5077553987503052,-10.67280101776123
2026-08-04T05:09:47.324000-04:00,10.17264461517334,-0.5045987367630005,-10.67724323272705
2026-08-04T05:09:47.328000-04:00,10.189597129821777,-0.4789946675300598,-10.668591499328613
2026-08-04T05:09:47.332000-04:00,10.188427925109863,-0.4808652698993683,-10.669293403625488
2026-08-04T05:09:47.336000-04:00,10.184219360351562,-0.4750196039676666,-10.659238815307617
2026-08-04T05:09:47.340000-04:00,10.189597129821777,-0.4491817057132721,-10.638778686523438
2026-08-04T05:09:47.344000-04:00,10.207836151123047,-0.4408808648586273,-10.648716926574707
2026-08-04T05:09:47.348000-04:00,10.220345497131348,-0.42018717527389526,-10.640532493591309
2026-08-04T05:09:47.352000-04:00,10.231101989746094,-0.4145753085613251,-10.64567756652832
2026-08-04T05:09:47.356000-04:00,10.243260383605957,-0.36827757954597473,-10.61153793334961
2026-08-04T05:09:47.360000-04:00,10.253314971923828,-0.3420889377593994,-10.595403671264648
2026-08-04T05:09:47.364000-04:00,10.270735740661621,-0.3170694410800934,-10.587804794311523
2026-08-04T05:09:47.368000-04:00,10.297157287597656,-0.3033905625343323,-10.600547790527344
2026-08-04T05:09:47.372000-04:00,10.310836791992188,-0.2994154989719391,-10.610252380371094
2026-08-04T05:09:47.376000-04:00,10.320540428161621,-0.2821123003959656,-10.602652549743652
2026-08-04T05:09:47.380000-04:00,10.338662147521973,-0.21406865119934082,-10.552730560302734
2026-08-04T05:09:47.384000-04:00,10.361459732055664,-0.15631337463855743,-10.517772674560547
2026-08-04T05:09:47.388000-04:00,10.377593994140625,-0.1598207801580429,-10.53741455078125
2026-08-04T05:09:47.392000-04:00,10.399574279785156,-0.1136399358510971,-10.513214111328125
2026-08-04T05:09:47.396000-04:00,10.41535758972168,-0.08254094421863556,-10.49789810180664
2026-08-04T05:09:47.400000-04:00,10.434998512268066,-0.05319564789533615,-10.488194465637207
2026-08-04T05:09:47.404000-04:00,10.440610885620117,-0.04033516347408295,-10.480945587158203
2026-08-04T05:09:47.408000-04:00,10.463058471679688,-0.010989869944751263,-10.474048614501953
2026-08-04T05:09:47.412000-04:00,10.470657348632812,0.0035074055194854736,-10.46714973449707
2026-08-04T05:09:47.416000-04:00,10.477672576904297,0.02256430871784687,-10.455108642578125
2026-08-04T05:09:47.420000-04:00,10.468903541564941,0.039399854838848114,-10.429503440856934
2026-08-04T05:09:47.424000-04:00,10.465513229370117,0.025837887078523636,-10.439675331115723
2026-08-04T05:09:47.428000-04:00,10.474515914916992,0.02537023276090622,-10.449145317077637
2026-08-04T05:09:47.432000-04:00,10.461771965026855,0.012159005738794804,-10.449612617492676
2026-08-04T05:09:47.436000-04:00,10.446924209594727,0.00865160021930933,-10.438272476196289
2026-08-04T05:09:47.440000-04:00,10.423190116882324,-0.02537023276090622,-10.44856071472168
2026-08-04T05:09:47.444000-04:00,10.401795387268066,-0.060561198741197586,-10.462356567382812
2026-08-04T05:09:47.448000-04:00,10.391507148742676,-0.08745130896568298,-10.478958129882812
2026-08-04T05:09:47.452000-04:00,10.365200996398926,-0.13749028742313385,-10.502691268920898
2026-08-04T05:09:47.456000-04:00,10.32463264465332,-0.16063916683197021,-10.485271453857422
2026-08-04T05:09:47.460000-04:00,10.303236961364746,-0.20342952013015747,-10.50666618347168
2026-08-04T05:09:47.464000-04:00,10.27365779876709,-0.2408418357372284,-10.51449966430664
2026-08-04T05:09:47.468000-04:00,10.274944305419922,-0.2845675051212311,-10.5595121383667
2026-08-04T05:09:47.472000-04:00,10.235310554504395,-0.3696805238723755,-10.60499095916748
2026-08-04T05:09:47.476000-04:00,10.219409942626953,-0.37552621960639954,-10.59493637084961
2026-08-04T05:09:47.480000-04:00,10.187493324279785,-0.4125877916812897,-10.600081443786621
2026-08-04T05:09:47.484000-04:00,10.177906036376953,-0.4752534329891205,-10.653159141540527
2026-08-04T05:09:47.488000-04:00,10.157094955444336,-0.49922069907188416,-10.656315803527832
2026-08-04T05:09:47.492000-04:00,10.143299102783203,-0.5291505455970764,-10.672450065612793
2026-08-04T05:09:47.496000-04:00,10.13745403289795,-0.5215511918067932,-10.659005165100098
2026-08-04T05:09:47.500000-04:00,10.114655494689941,-0.5356976985931396,-10.65035343170166
2026-08-04T05:09:47.504000-04:00,10.107641220092773,-0.5705379247665405,-10.678178787231445
2026-08-04T05:09:47.508000-04:00,10.098872184753418,-0.5850352048873901,-10.683907508850098
2026-08-04T05:09:47.512000-04:00,10.1028470993042,-0.5863212943077087,-10.689167976379395
2026-08-04T05:09:47.516000-04:00,10.098989486694336,-0.5800079703330994,-10.678997039794922
2026-08-04T05:09:47.520000-04:00,10.075723648071289,-0.5807093977928162,-10.65643310546875
2026-08-04T05:09:47.524000-04:00,10.074788093566895,-0.5909978151321411,-10.665785789489746
2026-08-04T05:09:47.528000-04:00,10.074905395507812,-0.6051443219184875,-10.680049896240234
2026-08-04T05:09:47.532000-04:00,10.07747745513916,-0.6012861728668213,-10.678763389587402
2026-08-04T05:09:47.536000-04:00,10.068123817443848,-0.6016369462013245,-10.669760704040527
2026-08-04T05:09:47.540000-04:00,10.06087589263916,-0.601753830909729,-10.662630081176758
2026-08-04T05:09:47.544000-04:00,10.065201759338379,-0.6190570592880249,-10.684258460998535
2026-08-04T05:09:47.548000-04:00,10.074437141418457,-0.6112238764762878,-10.685661315917969
2026-08-04T05:09:47.552000-04:00,10.0779447555542,-0.6024553179740906,-10.680399894714355
2026-08-04T05:09:47.556000-04:00,10.068241119384766,-0.5952066779136658,-10.663447380065918
2026-08-04T05:09:47.560000-04:00,10.061460494995117,-0.5919331312179565,-10.653393745422363
2026-08-04T05:09:47.564000-04:00,10.070930480957031,-0.5905301570892334,-10.661460876464844
2026-08-04T05:09:47.568000-04:00,10.08191967010498,-0.5975449681282043,-10.679464340209961
2026-08-04T05:09:47.572000-04:00,10.06753921508789,-0.5884256958961487,-10.655964851379395
2026-08-04T05:09:47.576000-04:00,10.081101417541504,-0.573110044002533,-10.654211044311523
2026-08-04T05:09:47.580000-04:00,10.072449684143066,-0.5575605630874634,-10.630010604858398
2026-08-04T05:09:47.584000-04:00,10.077126502990723,-0.5556899309158325,-10.632816314697266
2026-08-04T05:09:47.588000-04:00,10.093961715698242,-0.5482074618339539,-10.642168998718262
2026-08-04T05:09:47.592000-04:00,10.086713790893555,-0.5494934916496277,-10.636207580566406
2026-08-04T05:09:47.596000-04:00,10.093728065490723,-0.5429463386535645,-10.636674880981445
2026-08-04T05:09:47.600000-04:00,10.076074600219727,-0.5320733785629272,-10.608147621154785
2026-08-04T05:09:47.604000-04:00,10.089051246643066,-0.5338271260261536,-10.622878074645996
2026-08-04T05:09:47.608000-04:00,10.101677894592285,-0.5140687227249146,-10.61574649810791
2026-08-04T05:09:47.612000-04:00,10.101094245910645,-0.5293843746185303,-10.630478858947754
2026-08-04T05:09:47.616000-04:00,10.101094245910645,-0.5238894820213318,-10.624983787536621
2026-08-04T05:09:47.620000-04:00,10.088934898376465,-0.5048325657844543,-10.593767166137695
2026-08-04T05:09:47.624000-04:00,10.098287582397461,-0.5216680765151978,-10.619956016540527
2026-08-04T05:09:47.628000-04:00,10.115591049194336,-0.4953625500202179,-10.610953330993652
2026-08-04T05:09:47.632000-04:00,10.113603591918945,-0.5040141344070435,-10.6176176071167
2026-08-04T05:09:47.636000-04:00,10.105770111083984,-0.5126657485961914,-10.618435859680176
2026-08-04T05:09:47.640000-04:00,10.099340438842773,-0.5057678818702698,-10.605108261108398
2026-08-04T05:09:47.644000-04:00,10.103431701660156,-0.507404625415802,-10.610836029052734
2026-08-04T05:09:47.648000-04:00,10.117111206054688,-0.5021435618400574,-10.619255065917969
2026-08-04T05:09:47.652000-04:00,10.105069160461426,-0.5138348937034607,-10.618904113769531
2026-08-04T05:09:47.656000-04:00,10.107407569885254,-0.5243570804595947,-10.63176441192627
2026-08-04T05:09:47.660000-04:00,10.105302810668945,-0.5349962115287781,-10.640298843383789
2026-08-04T05:09:47.664000-04:00,10.107172966003418,-0.5245909094810486,-10.631763458251953
2026-08-04T05:09:47.668000-04:00,10.11044692993164,-0.535814642906189,-10.646261215209961
2026-08-04T05:09:47.672000-04:00,10.110213279724121,-0.5379191040992737,-10.64813232421875
2026-08-04T05:09:47.676000-04:00,10.110095977783203,-0.5345286130905151,-10.644624710083008
2026-08-04T05:09:47.680000-04:00,10.096651077270508,-0.5470383167266846,-10.643689155578613
2026-08-04T05:09:47.684000-04:00,10.095715522766113,-0.5413095951080322,-10.637024879455566
2026-08-04T05:09:47.688000-04:00,10.092558860778809,-0.5637569427490234,-10.656315803527832
2026-08-04T05:09:47.692000-04:00,10.103899955749512,-0.5593142509460449,-10.663213729858398
2026-08-04T05:09:47.696000-04:00,10.099807739257812,-0.5686673521995544,-10.668475151062012
2026-08-04T05:09:47.700000-04:00,10.090104103088379,-0.5570929050445557,-10.647196769714355
2026-08-04T05:09:47.704000-04:00,10.094196319580078,-0.569836437702179,-10.664032936096191
2026-08-04T05:09:47.708000-04:00,10.101444244384766,-0.5686673521995544,-10.670111656188965
2026-08-04T05:09:47.712000-04:00,10.0945463180542,-0.5713563561439514,-10.665903091430664
2026-08-04T05:09:47.716000-04:00,10.083206176757812,-0.5832815170288086,-10.666487693786621
2026-08-04T05:09:47.720000-04:00,10.080750465393066,-0.564458429813385,-10.645209312438965
2026-08-04T05:09:47.724000-04:00,10.075957298278809,-0.5908808708190918,-10.666837692260742
2026-08-04T05:09:47.728000-04:00,10.084959983825684,-0.5967265963554382,-10.681686401367188
2026-08-04T05:09:47.732000-04:00,10.08191967010498,-0.5891271829605103,-10.67104721069336
2026-08-04T05:09:47.736000-04:00,10.084375381469727,-0.601753830909729,-10.686129570007324
2026-08-04T05:09:47.740000-04:00,10.07724380493164,-0.5876073241233826,-10.664851188659668
2026-08-04T05:09:47.744000-04:00,10.082855224609375,-0.5739284157752991,-10.656784057617188
2026-08-04T05:09:47.748000-04:00,10.082621574401855,-0.5774358510971069,-10.660057067871094
2026-08-04T05:09:47.752000-04:00,10.085076332092285,-0.5899456143379211,-10.67502212524414
2026-08-04T05:09:47.756000-04:00,10.074087142944336,-0.5865551233291626,-10.660642623901367
2026-08-04T05:09:47.760000-04:00,10.07186508178711,-0.5927515029907227,-10.664616584777832
2026-08-04T05:09:47.764000-04:00,10.072800636291504,-0.5906471014022827,-10.663447380065918
2026-08-04T05:09:47.768000-04:00,10.074320793151855,-0.5933361053466797,-10.667656898498535
2026-08-04T05:09:47.772000-04:00,10.084491729736328,-0.6169525980949402,-10.701444625854492
2026-08-04T05:09:47.776000-04:00,10.083907127380371,-0.6068980693817139,-10.690805435180664
2026-08-04T05:09:47.780000-04:00,10.068592071533203,-0.592868447303772,-10.661460876464844
2026-08-04T05:09:47.784000-04:00,10.070345878601074,-0.6011692881584167,-10.671515464782715
2026-08-04T05:09:47.788000-04:00,10.080049514770508,-0.6004678010940552,-10.680517196655273
2026-08-04T05:09:47.792000-04:00,10.073385238647461,-0.589594841003418,-10.662980079650879
2026-08-04T05:09:47.796000-04:00,10.079347610473633,-0.6073657274246216,-10.686713218688965
2026-08-04T05:09:47.800000-04:00,10.065435409545898,-0.5985971689224243,-10.664032936096191
2026-08-04T05:09:47.804000-04:00,10.066370010375977,-0.5991817712783813,-10.665552139282227
2026-08-04T05:09:47.808000-04:00,10.076424598693848,-0.6080672144889832,-10.684492111206055
2026-08-04T05:09:47.812000-04:00,10.072449684143066,-0.6260718703269958,-10.698521614074707
2026-08-04T05:09:47.816000-04:00,10.064850807189941,-0.6126267910003662,-10.677477836608887
2026-08-04T05:09:47.820000-04:00,10.064499855041504,-0.600701630115509,-10.665201187133789
2026-08-04T05:09:47.824000-04:00,10.070462226867676,-0.6085348129272461,-10.678997039794922
2026-08-04T05:09:47.828000-04:00,10.075606346130371,-0.6271240711212158,-10.702730178833008
2026-08-04T05:09:47.832000-04:00,10.073385238647461,-0.6310991644859314,-10.704483985900879
2026-08-04T05:09:47.836000-04:00,10.062395095825195,-0.6086517572402954,-10.67104721069336
2026-08-04T05:09:47.840000-04:00,10.069526672363281,-0.5938037633895874,-10.663330078125
2026-08-04T05:09:47.844000-04:00,10.068241119384766,-0.5918161869049072,-10.660057067871094
2026-08-04T05:09:47.848000-04:00,10.066370010375977,-0.6072487831115723,-10.67361831665039
2026-08-04T05:09:47.852000-04:00,10.060524940490723,-0.6099377870559692,-10.670462608337402
2026-08-04T05:09:47.856000-04:00,10.066604614257812,-0.6217460632324219,-10.688350677490234
2026-08-04T05:09:47.860000-04:00,10.062278747558594,-0.6325021386146545,-10.694781303405762
2026-08-04T05:09:47.864000-04:00,10.059589385986328,-0.6185894012451172,-10.678178787231445
2026-08-04T05:09:47.868000-04:00,10.068007469177246,-0.6272410154342651,-10.6952486038208
2026-08-04T05:09:47.872000-04:00,10.072683334350586,-0.6333205103874207,-10.70600414276123
2026-08-04T05:09:47.876000-04:00,10.067890167236328,-0.6111069321632385,-10.678997039794922
2026-08-04T05:09:47.880000-04:00,10.055497169494629,-0.6127437353134155,-10.668240547180176
2026-08-04T05:09:47.884000-04:00,10.067422866821289,-0.6100547313690186,-10.677477836608887
2026-08-04T05:09:47.888000-04:00,10.071748733520508,-0.6047936081886292,-10.676542282104492
2026-08-04T05:09:47.892000-04:00,10.064499855041504,-0.6081840991973877,-10.672683715820312
2026-08-04T05:09:47.896000-04:00,10.065669059753418,-0.6126267910003662,-10.678296089172363
2026-08-04T05:09:47.900000-04:00,10.064499855041504,-0.5881918668746948,-10.652691841125488
2026-08-04T05:09:47.904000-04:00,10.066838264465332,-0.6088855862617493,-10.675724029541016
2026-08-04T05:09:47.908000-04:00,10.095014572143555,-0.595557451248169,-10.690571784973145
2026-08-04T05:09:47.912000-04:00,10.1028470993042,-0.5839830040931702,-10.686830520629883
2026-08-04T05:09:47.916000-04:00,10.097002029418945,-0.5475059747695923,-10.644508361816406
2026-08-04T05:09:47.920000-04:00,10.074554443359375,-0.5366330146789551,-10.611186981201172
2026-08-04T05:09:47.924000-04:00,10.090805053710938,-0.5269291996955872,-10.6177339553833
2026-08-04T05:09:47.928000-04:00,10.108108520507812,-0.5371006727218628,-10.645209312438965
2026-08-04T05:09:47.932000-04:00,10.121319770812988,-0.5006236433982849,-10.621943473815918
2026-08-04T05:09:47.936000-04:00,10.116642951965332,-0.444037526845932,-10.560680389404297
2026-08-04T05:09:47.940000-04:00,10.077828407287598,-0.43094322085380554,-10.508771896362305
2026-08-04T05:09:47.944000-04:00,10.066487312316895,-0.4688231945037842,-10.535310745239258
2026-08-04T05:09:47.948000-04:00,10.063797950744629,-0.4607561528682709,-10.524554252624512
2026-08-04T05:09:47.952000-04:00,10.074554443359375,-0.4641466438770294,-10.538701057434082
2026-08-04T05:09:47.956000-04:00,10.078413009643555,-0.45736566185951233,-10.535778999328613
2026-08-04T05:09:47.960000-04:00,10.105069160461426,-0.4593532085418701,-10.564422607421875
2026-08-04T05:09:47.964000-04:00,10.111967086791992,-0.4805145561695099,-10.59248161315918
2026-08-04T05:09:47.968000-04:00,10.114304542541504,-0.5049494504928589,-10.619254112243652
2026-08-04T05:09:47.972000-04:00,10.100976943969727,-0.5712394118309021,-10.672216415405273
2026-08-04T05:09:47.976000-04:00,10.091039657592773,-0.5631723999977112,-10.65421199798584
2026-08-04T05:09:47.980000-04:00,10.088934898376465,-0.5483244061470032,-10.637259483337402
2026-08-04T05:09:47.984000-04:00,10.072917938232422,-0.5855028629302979,-10.65842056274414
2026-08-04T05:09:47.988000-04:00,10.080283164978027,-0.6064304113388062,-10.686713218688965
2026-08-04T05:09:47.992000-04:00,10.062979698181152,-0.6224475502967834,-10.68542766571045
2026-08-04T05:09:47.996000-04:00,10.062161445617676,-0.6009354591369629,-10.663097381591797
2026-08-04T05:09:48-04:00,10.024983406066895,-0.6515589952468872,-10.676542282104492
2026-08-04T05:09:48.004000-04:00,10.031179428100586,-0.6582230925559998,-10.68940258026123
2026-08-04T05:09:48.008000-04:00,10.055380821228027,-0.6403353214263916,-10.69571590423584
2026-08-04T05:09:48.012000-04:00,10.051054954528809,-0.6480516195297241,-10.699106216430664
2026-08-04T05:09:48.016000-04:00,10.048599243164062,-0.6519097685813904,-10.700509071350098
2026-08-04T05:09:48.020000-04:00,10.041467666625977,-0.647700846195221,-10.689168930053711
2026-08-04T05:09:48.024000-04:00,10.033166885375977,-0.6551833152770996,-10.688350677490234
2026-08-04T05:09:48.028000-04:00,10.035505294799805,-0.6648871302604675,-10.700392723083496
2026-08-04T05:09:48.032000-04:00,10.041818618774414,-0.66745924949646,-10.709278106689453
2026-08-04T05:09:48.036000-04:00,10.038311004638672,-0.6590414643287659,-10.697352409362793
2026-08-04T05:09:48.040000-04:00,10.030712127685547,-0.6657055616378784,-10.696417808532715
2026-08-04T05:09:48.044000-04:00,10.022761344909668,-0.6503898501396179,-10.673151016235352
2026-08-04T05:09:48.048000-04:00,10.010953903198242,-0.6403353214263916,-10.651288986206055
2026-08-04T05:09:48.052000-04:00,9.97915267944336,-0.6118084192276001,-10.590961456298828
2026-08-04T05:09:48.056000-04:00,10.026737213134766,-0.584216833114624,-10.610954284667969
2026-08-04T05:09:48.060000-04:00,10.07969856262207,-0.6127437353134155,-10.692441940307617
2026-08-04T05:09:48.064000-04:00,10.23799991607666,-0.45748257637023926,-10.69548225402832
2026-08-04T05:09:48.068000-04:00,10.361577033996582,-0.2641076147556305,-10.62568473815918
2026-08-04T05:09:48.072000-04:00,10.383673667907715,0.1682385504245758,-10.215435028076172
2026-08-04T05:09:48.076000-04:00,10.334336280822754,0.6517928242683411,-9.682543754577637
2026-08-04T05:09:48.080000-04:00,10.253198623657227,1.4060019254684448,-8.847196578979492
2026-08-04T05:09:48.084000-04:00,10.207134246826172,1.8030402660369873,-8.404093742370605
2026-08-04T05:09:48.088000-04:00,10.181413650512695,1.803741693496704,-8.37767219543457
2026-08-04T05:09:48.092000-04:00,10.114188194274902,1.4241235256195068,-8.690064430236816
2026-08-04T05:09:48.096000-04:00,10.095481872558594,0.9301639199256897,-9.16531753540039
2026-08-04T05:09:48.100000-04:00,10.09022045135498,0.41480913758277893,-9.675411224365234
2026-08-04T05:09:48.104000-04:00,10.082387924194336,0.006430243141949177,-10.075957298278809
2026-08-04T05:09:48.108000-04:00,10.167617797851562,-0.23826974630355835,-10.405887603759766
2026-08-04T05:09:48.112000-04:00,10.189948081970215,-0.2934529185295105,-10.48340129852295
2026-08-04T05:09:48.116000-04:00,10.099807739257812,-0.39762285351753235,-10.497430801391602
2026-08-04T05:09:48.120000-04:00,10.11699390411377,-0.44707727432250977,-10.564071655273438
2026-08-04T05:09:48.124000-04:00,10.119449615478516,-0.45303985476493835,-10.572489738464355
2026-08-04T05:09:48.128000-04:00,10.132543563842773,-0.48682788014411926,-10.61937141418457
2026-08-04T05:09:48.132000-04:00,10.129854202270508,-0.5065862536430359,-10.63644027709961
2026-08-04T05:09:48.136000-04:00,10.11477279663086,-0.5473890900611877,-10.662161827087402
2026-08-04T05:09:48.140000-04:00,10.105302810668945,-0.5330086946487427,-10.638311386108398
2026-08-04T05:09:48.144000-04:00,10.113837242126465,-0.5511302947998047,-10.66496753692627
2026-08-04T05:09:48.148000-04:00,10.102028846740723,-0.5456353425979614,-10.647664070129395
2026-08-04T05:09:48.152000-04:00,10.12926959991455,-0.5321903228759766,-10.661459922790527
2026-08-04T05:09:48.156000-04:00,10.123774528503418,-0.5514810681343079,-10.67525577545166
2026-08-04T05:09:48.160000-04:00,10.120384216308594,-0.5307873487472534,-10.651171684265137
2026-08-04T05:09:48.164000-04:00,10.132309913635254,-0.5401404500007629,-10.672450065612793
2026-08-04T05:09:48.168000-04:00,10.142598152160645,-0.5162900686264038,-10.65888786315918
2026-08-04T05:09:48.172000-04:00,10.154522895812988,-0.511730432510376,-10.666253089904785
2026-08-04T05:09:48.176000-04:00,10.136869430541992,-0.5627047419548035,-10.69957447052002
2026-08-04T05:09:48.180000-04:00,10.137103080749512,-0.5103275179862976,-10.647430419921875
2026-08-04T05:09:48.184000-04:00,10.157329559326172,-0.4953625500202179,-10.652691841125488
2026-08-04T05:09:48.188000-04:00,10.153237342834473,-0.5035464763641357,-10.656784057617188
2026-08-04T05:09:48.192000-04:00,10.167734146118164,-0.48998454213142395,-10.657718658447266
2026-08-04T05:09:48.196000-04:00,10.16656494140625,-0.47151219844818115,-10.638076782226562
2026-08-04T05:09:48.200000-04:00,10.174164772033691,-0.4657834470272064,-10.639947891235352
2026-08-04T05:09:48.204000-04:00,10.177204132080078,-0.46192529797554016,-10.639129638671875
2026-08-04T05:09:48.208000-04:00,10.190766334533691,-0.45467665791511536,-10.645442962646484
2026-08-04T05:09:48.212000-04:00,10.203276634216309,-0.42299309372901917,-10.626269340515137
2026-08-04T05:09:48.216000-04:00,10.190065383911133,-0.43655505776405334,-10.626620292663574
2026-08-04T05:09:48.220000-04:00,10.198716163635254,-0.42568209767341614,-10.624398231506348
2026-08-04T05:09:48.224000-04:00,10.202808380126953,-0.41176939010620117,-10.614578247070312
2026-08-04T05:09:48.228000-04:00,10.22361946105957,-0.3932970464229584,-10.61691665649414
2026-08-04T05:09:48.232000-04:00,10.234024047851562,-0.37961816787719727,-10.613641738891602
2026-08-04T05:09:48.236000-04:00,10.24852180480957,-0.35190966725349426,-10.600431442260742
2026-08-04T05:09:48.240000-04:00,10.255887031555176,-0.3361263573169708,-10.592013359069824
2026-08-04T05:09:48.244000-04:00,10.273073196411133,-0.3059626519680023,-10.579035758972168
2026-08-04T05:09:48.248000-04:00,10.293299674987793,-0.2843336760997772,-10.577632904052734
2026-08-04T05:09:48.252000-04:00,10.312005996704102,-0.2581450343132019,-10.570151329040527
2026-08-04T05:09:48.256000-04:00,10.32463264465332,-0.21897901594638824,-10.543611526489258
2026-08-04T05:09:48.260000-04:00,10.342637062072754,-0.18098211288452148,-10.523618698120117
2026-08-04T05:09:48.264000-04:00,10.369059562683105,-0.13398288190364838,-10.503042221069336
2026-08-04T05:09:48.268000-04:00,10.380399703979492,-0.10615747421979904,-10.486557006835938
2026-08-04T05:09:48.272000-04:00,10.42003345489502,-0.08113797754049301,-10.501171112060547
2026-08-04T05:09:48.276000-04:00,10.447742462158203,0.00233827019110322,-10.445404052734375
2026-08-04T05:09:48.280000-04:00,10.447742462158203,0.00233827019110322,-10.445404052734375
2026-08-04T05:09:48.284000-04:00,10.46691608428955,0.03869837149977684,-10.428217887878418
2026-08-04T05:09:48.288000-04:00,10.486207008361816,0.06570539623498917,-10.420501708984375
2026-08-04T05:09:48.292000-04:00,10.499885559082031,0.08359315991401672,-10.416292190551758
2026-08-04T05:09:48.296000-04:00,10.501639366149902,0.09166019409894943,-10.409978866577148
2026-08-04T05:09:48.300000-04:00,10.496728897094727,0.10042870789766312,-10.396300315856934
2026-08-04T05:09:48.304000-04:00,10.510993003845215,0.0951675996184349,-10.415825843811035
2026-08-04T05:09:48.308000-04:00,10.501054763793945,0.0879189595580101,-10.413135528564453
2026-08-04T05:09:48.312000-04:00,10.496377944946289,0.09925957024097443,-10.39711856842041
2026-08-04T05:09:48.316000-04:00,10.48737621307373,0.06605613231658936,-10.421319961547852
2026-08-04T05:09:48.320000-04:00,10.461187362670898,0.05062355101108551,-10.410563468933105
2026-08-04T05:09:48.324000-04:00,10.440727233886719,0.03986750915646553,-10.400859832763672
2026-08-04T05:09:48.328000-04:00,10.425528526306152,-0.011457524262368679,-10.436985969543457
2026-08-04T05:09:48.332000-04:00,10.401093482971191,-0.051208119839429855,-10.452301979064941
2026-08-04T05:09:48.336000-04:00,10.361226081848145,-0.10381919890642166,-10.465044975280762
2026-08-04T05:09:48.340000-04:00,10.336674690246582,-0.13795794546604156,-10.474632263183594
2026-08-04T05:09:48.344000-04:00,10.31679916381836,-0.15911929309368134,-10.475918769836426
2026-08-04T05:09:48.348000-04:00,10.279036521911621,-0.26270467042922974,-10.541741371154785
2026-08-04T05:09:48.352000-04:00,10.26313591003418,-0.2694856524467468,-10.532621383666992
2026-08-04T05:09:48.356000-04:00,10.219409942626953,-0.3381138741970062,-10.557523727416992
2026-08-04T05:09:48.360000-04:00,10.206433296203613,-0.3475838899612427,-10.554017066955566
2026-08-04T05:09:48.364000-04:00,10.180127143859863,-0.41293853521347046,-10.59306526184082
2026-08-04T05:09:48.368000-04:00,10.171592712402344,-0.4384256899356842,-10.610018730163574
2026-08-04T05:09:48.372000-04:00,10.151834487915039,-0.46987542510032654,-10.621709823608398
2026-08-04T05:09:48.376000-04:00,10.13558292388916,-0.48554182052612305,-10.621124267578125
2026-08-04T05:09:48.380000-04:00,10.120150566101074,-0.48554182052612305,-10.605691909790039
2026-08-04T05:09:48.384000-04:00,10.111265182495117,-0.4962978661060333,-10.607563018798828
2026-08-04T05:09:48.388000-04:00,10.115240097045898,-0.5220188498497009,-10.637258529663086
2026-08-04T05:09:48.392000-04:00,10.117461204528809,-0.5354638695716858,-10.652925491333008
2026-08-04T05:09:48.396000-04:00,10.092207908630371,-0.5410757660865784,-10.633283615112305
2026-08-04T05:09:48.400000-04:00,10.086830139160156,-0.5403742790222168,-10.627204895019531
2026-08-04T05:09:48.404000-04:00,10.077360153198242,-0.5491427779197693,-10.626502990722656
2026-08-04T05:09:48.408000-04:00,10.08601188659668,-0.567732036113739,-10.653743743896484
2026-08-04T05:09:48.412000-04:00,10.087298393249512,-0.5729931592941284,-10.66029167175293
2026-08-04T05:09:48.416000-04:00,10.079581260681152,-0.5653937458992004,-10.644974708557129
2026-08-04T05:09:48.420000-04:00,10.079113960266113,-0.5603664517402649,-10.639480590820312
2026-08-04T05:09:48.424000-04:00,10.060758590698242,-0.57474684715271,-10.635505676269531
2026-08-04T05:09:48.428000-04:00,10.0821533203125,-0.5604833960533142,-10.6426362991333
2026-08-04T05:09:48.432000-04:00,10.084609031677246,-0.5530009269714355,-10.637609481811523
2026-08-04T05:09:48.436000-04:00,10.070930480957031,-0.5515979528427124,-10.622528076171875
2026-08-04T05:09:48.440000-04:00,10.066720962524414,-0.5544039011001587,-10.621125221252441
2026-08-04T05:09:48.444000-04:00,10.063213348388672,-0.5638738870620728,-10.627087593078613
2026-08-04T05:09:48.448000-04:00,10.086947441101074,-0.5479736328125,-10.634921073913574
2026-08-04T05:09:48.452000-04:00,10.077593803405762,-0.5444662570953369,-10.62205982208252
2026-08-04T05:09:48.456000-04:00,10.07946491241455,-0.5168746709823608,-10.596339225769043
2026-08-04T05:09:48.460000-04:00,10.069761276245117,-0.5328918099403381,-10.602653503417969
2026-08-04T05:09:48.464000-04:00,10.077828407287598,-0.5229541659355164,-10.60078239440918
2026-08-04T05:09:48.468000-04:00,10.080400466918945,-0.5247078537940979,-10.605108261108398
2026-08-04T05:09:48.472000-04:00,10.094429969787598,-0.5220188498497009,-10.616448402404785
2026-08-04T05:09:48.476000-04:00,10.082270622253418,-0.5320733785629272,-10.614343643188477
2026-08-04T05:09:48.480000-04:00,10.087063789367676,-0.489867627620697,-10.57693099975586
2026-08-04T05:09:48.484000-04:00,10.081803321838379,-0.49968835711479187,-10.581491470336914
2026-08-04T05:09:48.488000-04:00,10.104718208312988,-0.47922849655151367,-10.583946228027344
2026-08-04T05:09:48.492000-04:00,10.087648391723633,-0.489867627620697,-10.577515602111816
2026-08-04T05:09:48.496000-04:00,10.092558860778809,-0.489867627620697,-10.582426071166992
2026-08-04T05:09:48.500000-04:00,10.099690437316895,-0.4653157889842987,-10.565006256103516
2026-08-04T05:09:48.504000-04:00,10.0945463180542,-0.4885815680027008,-10.583127975463867
2026-08-04T05:09:48.508000-04:00,10.099340438842773,-0.47560417652130127,-10.574944496154785
2026-08-04T05:09:48.512000-04:00,10.105302810668945,-0.47268134355545044,-10.577983856201172
2026-08-04T05:09:48.516000-04:00,10.097002029418945,-0.4877631664276123,-10.584765434265137
2026-08-04T05:09:48.520000-04:00,10.09793758392334,-0.46508195996284485,-10.563019752502441
2026-08-04T05:09:48.524000-04:00,10.111382484436035,-0.4524553120136261,-10.563838005065918
2026-08-04T05:09:48.528000-04:00,10.101094245910645,-0.4825020730495453,-10.583596229553223
2026-08-04T05:09:48.532000-04:00,10.105770111083984,-0.47314900159835815,-10.578919410705566
2026-08-04T05:09:48.536000-04:00,10.10483455657959,-0.46823862195014954,-10.573073387145996
2026-08-04T05:09:48.540000-04:00,10.110095977783203,-0.45420899987220764,-10.564305305480957
2026-08-04T05:09:48.544000-04:00,10.106822967529297,-0.4620422124862671,-10.568864822387695
2026-08-04T05:09:48.548000-04:00,10.105653762817383,-0.49197205901145935,-10.597625732421875
2026-08-04T05:09:48.552000-04:00,10.119449615478516,-0.4864771366119385,-10.605926513671875
2026-08-04T05:09:48.556000-04:00,10.10623836517334,-0.4808652698993683,-10.587103843688965
2026-08-04T05:09:48.560000-04:00,10.10039234161377,-0.489867627620697,-10.590259552001953
2026-08-04T05:09:48.564000-04:00,10.100275039672852,-0.4745519459247589,-10.574827194213867
2026-08-04T05:09:48.568000-04:00,10.10436725616455,-0.4884646534919739,-10.5928316116333
2026-08-04T05:09:48.572000-04:00,10.113252639770508,-0.492556631565094,-10.605809211730957
2026-08-04T05:09:48.576000-04:00,10.109862327575684,-0.49033528566360474,-10.600197792053223
2026-08-04T05:09:48.580000-04:00,10.102730751037598,-0.49442726373672485,-10.597158432006836
2026-08-04T05:09:48.584000-04:00,10.098755836486816,-0.4999221861362457,-10.598677635192871
2026-08-04T05:09:48.588000-04:00,10.093961715698242,-0.5082230567932129,-10.602184295654297
2026-08-04T05:09:48.592000-04:00,10.098989486694336,-0.5100936889648438,-10.60908317565918
2026-08-04T05:09:48.596000-04:00,10.090922355651855,-0.527747631072998,-10.618669509887695
2026-08-04T05:09:48.600000-04:00,10.092676162719727,-0.5248247385025024,-10.617501258850098
2026-08-04T05:09:48.604000-04:00,10.0945463180542,-0.5264615416526794,-10.621007919311523
2026-08-04T05:09:48.608000-04:00,10.095715522766113,-0.5413095951080322,-10.637024879455566
2026-08-04T05:09:48.612000-04:00,10.108810424804688,-0.5349962115287781,-10.643806457519531
2026-08-04T05:09:48.616000-04:00,10.081335067749023,-0.5280983448028564,-10.6094331741333
2026-08-04T05:09:48.620000-04:00,10.0821533203125,-0.5354638695716858,-10.6176176071167
2026-08-04T05:09:48.624000-04:00,10.090688705444336,-0.5289167165756226,-10.61960506439209
2026-08-04T05:09:48.628000-04:00,10.078763008117676,-0.545284628868103,-10.62404727935791
2026-08-04T05:09:48.632000-04:00,10.086362838745117,-0.5507795810699463,-10.637142181396484
2026-08-04T05:09:48.636000-04:00,10.085309982299805,-0.5447000861167908,-10.630009651184082
2026-08-04T05:09:48.640000-04:00,10.08776569366455,-0.5349962115287781,-10.622761726379395
2026-08-04T05:09:48.644000-04:00,10.07969856262207,-0.527163028717041,-10.606861114501953
2026-08-04T05:09:48.648000-04:00,10.095130920410156,-0.5593142509460449,-10.65444564819336
2026-08-04T05:09:48.652000-04:00,10.086362838745117,-0.5461030006408691,-10.632465362548828
2026-08-04T05:09:48.656000-04:00,10.080283164978027,-0.5397896766662598,-10.620073318481445
2026-08-04T05:09:48.660000-04:00,10.07724380493164,-0.5346454977989197,-10.611888885498047
2026-08-04T05:09:48.664000-04:00,10.08776569366455,-0.537451446056366,-10.62521743774414
2026-08-04T05:09:48.668000-04:00,10.088934898376465,-0.5352300405502319,-10.624164581298828
2026-08-04T05:09:48.672000-04:00,10.090455055236816,-0.5461030006408691,-10.636558532714844
2026-08-04T05:09:48.676000-04:00,10.09431266784668,-0.5401404500007629,-10.634452819824219
2026-08-04T05:09:48.680000-04:00,10.070345878601074,-0.5417772531509399,-10.612123489379883
2026-08-04T05:09:48.684000-04:00,10.080750465393066,-0.5349962115287781,-10.61574649810791
2026-08-04T05:09:48.688000-04:00,10.077593803405762,-0.5487920045852661,-10.626385688781738
2026-08-04T05:09:48.692000-04:00,10.07548999786377,-0.5653937458992004,-10.640883445739746
2026-08-04T05:09:48.696000-04:00,10.084141731262207,-0.5559237599372864,-10.64006519317627
2026-08-04T05:09:48.700000-04:00,10.067656517028809,-0.5501949787139893,-10.617851257324219
2026-08-04T05:09:48.704000-04:00,10.078880310058594,-0.5561575889587402,-10.635038375854492
2026-08-04T05:09:48.708000-04:00,10.097235679626465,-0.5310211777687073,-10.628256797790527
2026-08-04T05:09:48.712000-04:00,10.08355712890625,-0.5541700720787048,-10.637726783752441
2026-08-04T05:09:48.716000-04:00,10.065669059753418,-0.5667967200279236,-10.632465362548828
2026-08-04T05:09:48.720000-04:00,10.059004783630371,-0.5700702667236328,-10.629075050354004
2026-08-04T05:09:48.724000-04:00,10.078529357910156,-0.5547546148300171,-10.633283615112305
2026-08-04T05:09:48.728000-04:00,10.08776569366455,-0.5521825551986694,-10.639947891235352
2026-08-04T05:09:48.732000-04:00,10.083907127380371,-0.5683165788650513,-10.652223587036133
2026-08-04T05:09:48.736000-04:00,10.077593803405762,-0.5672643780708313,-10.644858360290527
2026-08-04T05:09:48.740000-04:00,10.067071914672852,-0.571473240852356,-10.638545036315918
2026-08-04T05:09:48.744000-04:00,10.068358421325684,-0.5685504078865051,-10.636908531188965
2026-08-04T05:09:48.748000-04:00,10.0821533203125,-0.5666797757148743,-10.648833274841309
2026-08-04T05:09:48.752000-04:00,10.082855224609375,-0.5906471014022827,-10.673501968383789
2026-08-04T05:09:48.756000-04:00,10.07771110534668,-0.576383650302887,-10.654094696044922
2026-08-04T05:09:48.760000-04:00,10.072683334350586,-0.573110044002533,-10.645792961120605
2026-08-04T05:09:48.764000-04:00,10.073034286499023,-0.566095232963562,-10.639129638671875
2026-08-04T05:09:48.768000-04:00,10.080400466918945,-0.5802417993545532,-10.660642623901367
2026-08-04T05:09:48.772000-04:00,10.06309700012207,-0.5862043499946594,-10.649301528930664
2026-08-04T05:09:48.776000-04:00,10.074554443359375,-0.5725255012512207,-10.647079467773438
2026-08-04T05:09:48.780000-04:00,10.077593803405762,-0.5484412908554077,-10.6260347366333
2026-08-04T05:09:48.784000-04:00,10.06087589263916,-0.585269033908844,-10.64614486694336
2026-08-04T05:09:48.788000-04:00,10.07525634765625,-0.5752145051956177,-10.650470733642578
2026-08-04T05:09:48.792000-04:00,10.068241119384766,-0.5665628910064697,-10.634803771972656
2026-08-04T05:09:48.796000-04:00,10.073502540588379,-0.5667967200279236,-10.640298843383789
2026-08-04T05:09:48.800000-04:00,10.066720962524414,-0.5863212943077087,-10.65304183959961
2026-08-04T05:09:48.804000-04:00,10.06917667388916,-0.5733438730239868,-10.642520904541016
2026-08-04T05:09:48.808000-04:00,10.08016586303711,-0.560132622718811,-10.640298843383789
2026-08-04T05:09:48.812000-04:00,10.091273307800293,-0.5498442649841309,-10.641117095947266
2026-08-04T05:09:48.816000-04:00,10.097118377685547,-0.5397896766662598,-10.636907577514648
2026-08-04T05:09:48.820000-04:00,10.10845947265625,-0.5072877407073975,-10.615747451782227
2026-08-04T05:09:48.824000-04:00,10.092676162719727,-0.5297351479530334,-10.622411727905273
2026-08-04T05:09:48.828000-04:00,10.092558860778809,-0.5194467306137085,-10.612005233764648
2026-08-04T05:09:48.832000-04:00,10.103666305541992,-0.5195636749267578,-10.62322998046875
2026-08-04T05:09:48.836000-04:00,10.11874771118164,-0.4669525623321533,-10.585700035095215
2026-08-04T05:09:48.840000-04:00,10.127633094787598,-0.4118863046169281,-10.539519309997559
2026-08-04T05:09:48.844000-04:00,10.102497100830078,-0.3754093050956726,-10.477906227111816
2026-08-04T05:09:48.848000-04:00,10.078178405761719,-0.4066252112388611,-10.484803199768066
2026-08-04T05:09:48.852000-04:00,10.077593803405762,-0.4183165431022644,-10.49591064453125
2026-08-04T05:09:48.856000-04:00,10.090104103088379,-0.42743581533432007,-10.517539978027344
2026-08-04T05:09:48.860000-04:00,10.0862455368042,-0.40896347165107727,-10.495208740234375
2026-08-04T05:09:48.864000-04:00,10.1111478805542,-0.4102495312690735,-10.521397590637207
2026-08-04T05:09:48.868000-04:00,10.1111478805542,-0.43024173378944397,-10.541389465332031
2026-08-04T05:09:48.872000-04:00,10.131023406982422,-0.43503519892692566,-10.566058158874512
2026-08-04T05:09:48.876000-04:00,10.11266803741455,-0.4657834470272064,-10.578451156616211
2026-08-04T05:09:48.880000-04:00,10.09992504119873,-0.4993376135826111,-10.599262237548828
2026-08-04T05:09:48.884000-04:00,10.106003761291504,-0.4981684684753418,-10.604171752929688
2026-08-04T05:09:48.888000-04:00,10.085660934448242,-0.5062355399131775,-10.591896057128906
2026-08-04T05:09:48.892000-04:00,10.074203491210938,-0.5476229190826416,-10.621826171875
2026-08-04T05:09:48.896000-04:00,10.062629699707031,-0.5897117853164673,-10.652341842651367
2026-08-04T05:09:48.900000-04:00,10.033985137939453,-0.5988309979438782,-10.632816314697266
2026-08-04T05:09:48.904000-04:00,10.046027183532715,-0.6075995564460754,-10.653626441955566
2026-08-04T05:09:48.908000-04:00,10.059589385986328,-0.5892441272735596,-10.648833274841309
2026-08-04T05:09:48.912000-04:00,10.057719230651855,-0.5988309979438782,-10.656550407409668
2026-08-04T05:09:48.916000-04:00,10.044039726257324,-0.6004678010940552,-10.64450740814209
2026-08-04T05:09:48.920000-04:00,10.04696273803711,-0.5977787971496582,-10.64474105834961
2026-08-04T05:09:48.924000-04:00,10.04649543762207,-0.5942713618278503,-10.640767097473145
2026-08-04T05:09:48.928000-04:00,10.0530424118042,-0.6189401149749756,-10.671982765197754
2026-08-04T05:09:48.932000-04:00,10.043688774108887,-0.627474844455719,-10.671163558959961
2026-08-04T05:09:48.936000-04:00,10.041584968566895,-0.6148481965065002,-10.65643310546875
2026-08-04T05:09:48.940000-04:00,10.03036117553711,-0.6182386875152588,-10.648599624633789
2026-08-04T05:09:48.944000-04:00,10.046027183532715,-0.6238505244255066,-10.669878005981445
2026-08-04T05:09:48.948000-04:00,10.037141799926758,-0.6224475502967834,-10.659589767456055
2026-08-04T05:09:48.952000-04:00,10.031646728515625,-0.6250196695327759,-10.65666675567627
2026-08-04T05:09:48.956000-04:00,9.988973617553711,-0.5862043499946594,-10.575178146362305
2026-08-04T05:09:48.960000-04:00,9.985934257507324,-0.5535854697227478,-10.539519309997559
2026-08-04T05:09:48.964000-04:00,10.043221473693848,-0.5572097897529602,-10.600431442260742
2026-08-04T05:09:48.968000-04:00,10.121553421020508,-0.5591973662376404,-10.680750846862793
2026-08-04T05:09:48.972000-04:00,10.285699844360352,-0.3993765711784363,-10.685076713562012
2026-08-04T05:09:48.976000-04:00,10.402496337890625,-0.05506626516580582,-10.457562446594238
2026-08-04T05:09:48.980000-04:00,10.378178596496582,0.2885425388813019,-10.089635848999023
2026-08-04T05:09:48.984000-04:00,10.304990768432617,1.0593533515930176,-9.245637893676758
2026-08-04T05:09:48.988000-04:00,10.255770683288574,1.5258382558822632,-8.72993278503418
2026-08-04T05:09:48.992000-04:00,10.220111846923828,1.8354252576828003,-8.384686470031738
2026-08-04T05:09:48.996000-04:00,10.19064998626709,1.7793067693710327,-8.411343574523926
2026-08-04T05:09:49-04:00,10.115591049194336,1.3056901693344116,-8.809901237487793
2026-08-04T05:09:49.004000-04:00,10.070111274719238,0.8402574062347412,-9.229853630065918
2026-08-04T05:09:49.008000-04:00,10.080516815185547,0.3168356120586395,-9.763681411743164
2026-08-04T05:09:49.012000-04:00,10.091506958007812,-0.16169138252735138,-10.253198623657227
2026-08-04T05:09:49.016000-04:00,10.156510353088379,-0.20787222683429718,-10.36438274383545
2026-08-04T05:09:49.020000-04:00,10.15382194519043,-0.30607956647872925,-10.459901809692383
2026-08-04T05:09:49.024000-04:00,10.098755836486816,-0.3451286852359772,-10.44388484954834
2026-08-04T05:09:49.028000-04:00,10.131841659545898,-0.4311770498752594,-10.563018798828125
2026-08-04T05:09:49.032000-04:00,10.13534927368164,-0.45385825634002686,-10.589207649230957
2026-08-04T05:09:49.036000-04:00,10.121670722961426,-0.47268134355545044,-10.594351768493652
2026-08-04T05:09:49.040000-04:00,10.12260627746582,-0.47946232557296753,-10.602068901062012
2026-08-04T05:09:49.044000-04:00,10.12482738494873,-0.5204989910125732,-10.645326614379883
2026-08-04T05:09:49.048000-04:00,10.115357398986816,-0.5175760984420776,-10.632933616638184
2026-08-04T05:09:49.052000-04:00,10.13722038269043,-0.5276306867599487,-10.664851188659668
2026-08-04T05:09:49.056000-04:00,10.130556106567383,-0.5272799730300903,-10.657835960388184
2026-08-04T05:09:49.060000-04:00,10.125762939453125,-0.49875304102897644,-10.624515533447266
2026-08-04T05:09:49.064000-04:00,10.132894515991211,-0.500389814376831,-10.633284568786621
2026-08-04T05:09:49.068000-04:00,10.136167526245117,-0.5019097328186035,-10.638076782226562
2026-08-04T05:09:49.072000-04:00,10.146455764770508,-0.5040141344070435,-10.650469779968262
2026-08-04T05:09:49.076000-04:00,10.146455764770508,-0.5033127069473267,-10.649768829345703
2026-08-04T05:09:49.080000-04:00,10.149028778076172,-0.49957144260406494,-10.648600578308105
2026-08-04T05:09:49.084000-04:00,10.15195083618164,-0.48682788014411926,-10.638778686523438
2026-08-04T05:09:49.088000-04:00,10.158966064453125,-0.474435031414032,-10.633400917053223
2026-08-04T05:09:49.092000-04:00,10.170890808105469,-0.46753713488578796,-10.638427734375
2026-08-04T05:09:49.096000-04:00,10.159199714660645,-0.4828528165817261,-10.64205265045166
2026-08-04T05:09:49.100000-04:00,10.166682243347168,-0.4800468981266022,-10.646729469299316
2026-08-04T05:09:49.104000-04:00,10.172060012817383,-0.4778255224227905,-10.649885177612305
2026-08-04T05:09:49.108000-04:00,10.189597129821777,-0.4587686359882355,-10.64836597442627
2026-08-04T05:09:49.112000-04:00,10.196261405944824,-0.41375693678855896,-10.610018730163574
2026-08-04T05:09:49.116000-04:00,10.193806648254395,-0.3950507640838623,-10.588857650756836
2026-08-04T05:09:49.120000-04:00,10.206433296203613,-0.3978566825389862,-10.604290008544922
2026-08-04T05:09:49.124000-04:00,10.208069801330566,-0.42100557684898376,-10.629075050354004
2026-08-04T05:09:49.128000-04:00,10.217890739440918,-0.39890891313552856,-10.616799354553223
2026-08-04T05:09:49.132000-04:00,10.234959602355957,-0.40323472023010254,-10.63819408416748
2026-08-04T05:09:49.136000-04:00,10.24022102355957,-0.3648870885372162,-10.605108261108398
2026-08-04T05:09:49.140000-04:00,10.245014190673828,-0.354949414730072,-10.599963188171387
2026-08-04T05:09:49.144000-04:00,10.258342742919922,-0.3139127790927887,-10.57225513458252
2026-08-04T05:09:49.148000-04:00,10.281023979187012,-0.3171863555908203,-10.598210334777832
2026-08-04T05:09:49.152000-04:00,10.299262046813965,-0.291582316160202,-10.59084415435791
2026-08-04T05:09:49.156000-04:00,10.309667587280273,-0.2576773762702942,-10.567344665527344
2026-08-04T05:09:49.160000-04:00,10.323463439941406,-0.22295406460762024,-10.546417236328125
2026-08-04T05:09:49.164000-04:00,10.34953498840332,-0.18799692392349243,-10.537531852722168
2026-08-04T05:09:49.168000-04:00,10.369293212890625,-0.16882310807704926,-10.538116455078125
2026-08-04T05:09:49.172000-04:00,10.395599365234375,-0.12088857591152191,-10.516488075256348
2026-08-04T05:09:49.176000-04:00,10.421319961547852,-0.0871005654335022,-10.508420944213867
2026-08-04T05:09:49.180000-04:00,10.434531211853027,-0.06605613231658936,-10.500587463378906
2026-08-04T05:09:49.184000-04:00,10.458498001098633,-0.019641470164060593,-10.478139877319336
2026-08-04T05:09:49.188000-04:00,10.480594635009766,0.0032735783606767654,-10.477320671081543
2026-08-04T05:09:49.192000-04:00,10.512980461120605,0.039049115031957626,-10.473931312561035
2026-08-04T05:09:49.196000-04:00,10.514383316040039,0.06348403543233871,-10.450899124145508
2026-08-04T05:09:49.200000-04:00,10.514266014099121,0.08277476578950882,-10.431490898132324
2026-08-04T05:09:49.204000-04:00,10.52689266204834,0.08908809721469879,-10.437804222106934
2026-08-04T05:09:49.208000-04:00,10.527828216552734,0.10592364519834518,-10.421904563903809
2026-08-04T05:09:49.212000-04:00,10.529698371887207,0.09002340584993362,-10.439675331115723
2026-08-04T05:09:49.216000-04:00,10.521982192993164,0.08721747994422913,-10.434764862060547
2026-08-04T05:09:49.220000-04:00,10.51637077331543,0.08721747994422913,-10.429153442382812
2026-08-04T05:09:49.224000-04:00,10.501288414001465,0.07739674299955368,-10.4238920211792
2026-08-04T05:09:49.228000-04:00,10.489246368408203,0.029812946915626526,-10.459433555603027
2026-08-04T05:09:49.232000-04:00,10.469839096069336,0.015198756940662861,-10.45464038848877
2026-08-04T05:09:49.236000-04:00,10.434297561645508,-0.0038581460248678923,-10.438156127929688
2026-08-04T05:09:49.240000-04:00,10.421553611755371,-0.029579119756817818,-10.451132774353027
2026-08-04T05:09:49.244000-04:00,10.388233184814453,-0.08663291484117508,-10.474865913391113
2026-08-04T05:09:49.248000-04:00,10.357134819030762,-0.16613410413265228,-10.523268699645996
2026-08-04T05:09:49.252000-04:00,10.338311195373535,-0.20588469505310059,-10.544196128845215
2026-08-04T05:09:49.256000-04:00,10.293182373046875,-0.24236170947551727,-10.535544395446777
2026-08-04T05:09:49.260000-04:00,10.274126052856445,-0.27521440386772156,-10.54934024810791
2026-08-04T05:09:49.264000-04:00,10.24290943145752,-0.31905698776245117,-10.561965942382812
2026-08-04T05:09:49.268000-04:00,10.237765312194824,-0.3589244782924652,-10.59669017791748
2026-08-04T05:09:49.272000-04:00,10.20315933227539,-0.3965706527233124,-10.599729537963867
2026-08-04T05:09:49.276000-04:00,10.171241760253906,-0.4323461651802063,-10.603588104248047
2026-08-04T05:09:49.280000-04:00,10.163408279418945,-0.4402962923049927,-10.603704452514648
2026-08-04T05:09:49.284000-04:00,10.150314331054688,-0.464848130941391,-10.61516284942627
2026-08-04T05:09:49.288000-04:00,10.144001007080078,-0.49360886216163635,-10.637609481811523
2026-08-04T05:09:49.292000-04:00,10.132309913635254,-0.527747631072998,-10.660057067871094
2026-08-04T05:09:49.296000-04:00,10.126581192016602,-0.5340609550476074,-10.660642623901367
2026-08-04T05:09:49.300000-04:00,10.109277725219727,-0.5296182036399841,-10.638895988464355
2026-08-04T05:09:49.304000-04:00,10.10425090789795,-0.5242401957511902,-10.628491401672363
2026-08-04T05:09:49.308000-04:00,10.10460090637207,-0.5396727919578552,-10.64427375793457
2026-08-04T05:09:49.312000-04:00,10.103431701660156,-0.5561575889587402,-10.659589767456055
2026-08-04T05:09:49.316000-04:00,10.095130920410156,-0.5567421317100525,-10.651872634887695
2026-08-04T05:09:49.320000-04:00,10.086713790893555,-0.5532347559928894,-10.639948844909668
2026-08-04T05:09:49.324000-04:00,10.091039657592773,-0.5552222728729248,-10.646262168884277
2026-08-04T05:09:49.328000-04:00,10.091974258422852,-0.5902963280677795,-10.682271003723145
2026-08-04T05:09:49.332000-04:00,10.095481872558594,-0.565043032169342,-10.66052532196045
2026-08-04T05:09:49.336000-04:00,10.088583946228027,-0.5492596626281738,-10.63784408569336
2026-08-04T05:09:49.340000-04:00,10.073736190795898,-0.5573267340660095,-10.631062507629395
2026-08-04T05:09:49.344000-04:00,10.083439826965332,-0.5418941378593445,-10.625333786010742
2026-08-04T05:09:49.348000-04:00,10.095949172973633,-0.565043032169342,-10.660992622375488
2026-08-04T05:09:49.352000-04:00,10.092325210571289,-0.5732269883155823,-10.665552139282227
2026-08-04T05:09:49.356000-04:00,10.088116645812988,-0.567147433757782,-10.655263900756836
2026-08-04T05:09:49.360000-04:00,10.089168548583984,-0.5373345017433167,-10.626502990722656
2026-08-04T05:09:49.364000-04:00,10.085309982299805,-0.5403742790222168,-10.62568473815918
2026-08-04T05:09:49.368000-04:00,10.092792510986328,-0.5245909094810486,-10.617383003234863
2026-08-04T05:09:49.372000-04:00,10.099456787109375,-0.5390881896018982,-10.638545036315918
2026-08-04T05:09:49.376000-04:00,10.096651077270508,-0.5352300405502319,-10.631880760192871
2026-08-04T05:09:49.380000-04:00,10.099807739257812,-0.5268123149871826,-10.626620292663574
2026-08-04T05:09:49.384000-04:00,10.1028470993042,-0.5158224105834961,-10.618669509887695
2026-08-04T05:09:49.388000-04:00,10.104484558105469,-0.4973500967025757,-10.601834297180176
2026-08-04T05:09:49.392000-04:00,10.112317085266113,-0.4981684684753418,-10.610485076904297
2026-08-04T05:09:49.396000-04:00,10.117227554321289,-0.4958302080631256,-10.613058090209961
2026-08-04T05:09:49.400000-04:00,10.113369941711426,-0.48799699544906616,-10.601366996765137
2026-08-04T05:09:49.404000-04:00,10.117344856262207,-0.4820344150066376,-10.599379539489746
2026-08-04T05:09:49.408000-04:00,10.121437072753906,-0.48402196168899536,-10.605459213256836
2026-08-04T05:09:49.412000-04:00,10.121086120605469,-0.4820344150066376,-10.603120803833008
2026-08-04T05:09:49.416000-04:00,10.12096881866455,-0.48425576090812683,-10.605224609375
2026-08-04T05:09:49.420000-04:00,10.118396759033203,-0.4821513295173645,-10.600547790527344
2026-08-04T05:09:49.424000-04:00,10.116175651550293,-0.46999233961105347,-10.58616828918457
2026-08-04T05:09:49.428000-04:00,10.13114070892334,-0.47151219844818115,-10.602652549743652
2026-08-04T05:09:49.432000-04:00,10.127984046936035,-0.4745519459247589,-10.60253620147705
2026-08-04T05:09:49.436000-04:00,10.132192611694336,-0.4539751708507538,-10.586167335510254
2026-08-04T05:09:49.440000-04:00,10.120617866516113,-0.46508195996284485,-10.585700035095215
2026-08-04T05:09:49.444000-04:00,10.129035949707031,-0.4643804728984833,-10.593416213989258
2026-08-04T05:09:49.448000-04:00,10.131725311279297,-0.47361665964126587,-10.605341911315918
2026-08-04T05:09:49.452000-04:00,10.12307357788086,-0.48998454213142395,-10.613058090209961
2026-08-04T05:09:49.456000-04:00,10.130087852478027,-0.47677332162857056,-10.606861114501953
2026-08-04T05:09:49.460000-04:00,10.12260627746582,-0.5070539116859436,-10.629660606384277
2026-08-04T05:09:49.464000-04:00,10.114070892333984,-0.5222526788711548,-10.636323928833008
2026-08-04T05:09:49.468000-04:00,10.117461204528809,-0.5134841799736023,-10.630945205688477
2026-08-04T05:09:49.472000-04:00,10.116175651550293,-0.5174592137336731,-10.633634567260742
2026-08-04T05:09:49.476000-04:00,10.111498832702637,-0.512315034866333,-10.62381362915039
2026-08-04T05:09:49.480000-04:00,10.107407569885254,-0.500389814376831,-10.607797622680664
2026-08-04T05:09:49.484000-04:00,10.11091423034668,-0.5031957626342773,-10.614109992980957
2026-08-04T05:09:49.488000-04:00,10.111967086791992,-0.5192129015922546,-10.631179809570312
2026-08-04T05:09:49.492000-04:00,10.113369941711426,-0.5435309410095215,-10.656900405883789
2026-08-04T05:09:49.496000-04:00,10.108342170715332,-0.542011022567749,-10.65035343170166
2026-08-04T05:09:49.500000-04:00,10.097002029418945,-0.5299689769744873,-10.626971244812012
2026-08-04T05:09:49.504000-04:00,10.097002029418945,-0.527163028717041,-10.624164581298828
2026-08-04T05:09:49.508000-04:00,10.107523918151855,-0.5291505455970764,-10.636674880981445
2026-08-04T05:09:49.512000-04:00,10.110213279724121,-0.535814642906189,-10.646027565002441
2026-08-04T05:09:49.516000-04:00,10.105302810668945,-0.5392051339149475,-10.644508361816406
2026-08-04T05:09:49.520000-04:00,10.088701248168945,-0.5492596626281738,-10.637960433959961
2026-08-04T05:09:49.524000-04:00,10.100275039672852,-0.553351640701294,-10.653626441955566
2026-08-04T05:09:49.528000-04:00,10.105185508728027,-0.5567421317100525,-10.661927223205566
2026-08-04T05:09:49.532000-04:00,10.100859642028809,-0.5606002807617188,-10.661459922790527
2026-08-04T05:09:49.536000-04:00,10.09992504119873,-0.5538192987442017,-10.6537446975708
2026-08-04T05:09:49.540000-04:00,10.092909812927246,-0.5466876029968262,-10.639596939086914
2026-08-04T05:09:49.544000-04:00,10.087181091308594,-0.5676150918006897,-10.654796600341797
2026-08-04T05:09:49.548000-04:00,10.10425090789795,-0.5596649646759033,-10.663915634155273
2026-08-04T05:09:49.552000-04:00,10.099223136901855,-0.5515979528427124,-10.6508207321167
2026-08-04T05:09:49.556000-04:00,10.091389656066895,-0.5413095951080322,-10.632699012756348
2026-08-04T05:09:49.560000-04:00,10.092207908630371,-0.5492596626281738,-10.641468048095703
2026-08-04T05:09:49.564000-04:00,10.095715522766113,-0.5783711671829224,-10.674086570739746
2026-08-04T05:09:49.568000-04:00,10.093961715698242,-0.5824631452560425,-10.676424980163574
2026-08-04T05:09:49.572000-04:00,10.098638534545898,-0.5773189067840576,-10.675957679748535
2026-08-04T05:09:49.576000-04:00,10.092558860778809,-0.5749806761741638,-10.667539596557617
2026-08-04T05:09:49.580000-04:00,10.082855224609375,-0.5519487261772156,-10.634803771972656
2026-08-04T05:09:49.584000-04:00,10.091740608215332,-0.5639907717704773,-10.655731201171875
2026-08-04T05:09:49.588000-04:00,10.088934898376465,-0.5700702667236328,-10.659005165100098
2026-08-04T05:09:49.592000-04:00,10.092676162719727,-0.5746299028396606,-10.667305946350098
2026-08-04T05:09:49.596000-04:00,10.089051246643066,-0.5711225271224976,-10.660173416137695
2026-08-04T05:09:49.600000-04:00,10.0821533203125,-0.5665628910064697,-10.64871597290039
2026-08-04T05:09:49.604000-04:00,10.094663619995117,-0.5835153460502625,-10.678178787231445
2026-08-04T05:09:49.608000-04:00,10.10261344909668,-0.5606002807617188,-10.663213729858398
2026-08-04T05:09:49.612000-04:00,10.122255325317383,-0.542595624923706,-10.664851188659668
2026-08-04T05:09:49.616000-04:00,10.11453914642334,-0.5283321738243103,-10.642870903015137
2026-08-04T05:09:49.620000-04:00,10.102730751037598,-0.504715621471405,-10.607446670532227
2026-08-04T05:09:49.624000-04:00,10.107056617736816,-0.489867627620697,-10.596923828125
2026-08-04T05:09:49.628000-04:00,10.117578506469727,-0.4989868700504303,-10.616565704345703
2026-08-04T05:09:49.632000-04:00,10.14166259765625,-0.48308664560317993,-10.624749183654785
2026-08-04T05:09:49.636000-04:00,10.12728214263916,-0.4250975251197815,-10.552379608154297
2026-08-04T05:09:49.640000-04:00,10.10822582244873,-0.4162121117115021,-10.52443790435791
2026-08-04T05:09:49.644000-04:00,10.078413009643555,-0.4336322247982025,-10.512044906616211
2026-08-04T05:09:49.648000-04:00,10.093377113342285,-0.42007026076316833,-10.513447761535645
2026-08-04T05:09:49.652000-04:00,10.102262496948242,-0.4086127281188965,-10.510875701904297
2026-08-04T05:09:49.656000-04:00,10.107407569885254,-0.41328927874565125,-10.520696640014648
2026-08-04T05:09:49.660000-04:00,10.114421844482422,-0.4194856882095337,-10.533907890319824
2026-08-04T05:09:49.664000-04:00,10.127750396728516,-0.4592362940311432,-10.586986541748047
2026-08-04T05:09:49.668000-04:00,10.135115623474121,-0.48320356011390686,-10.618319511413574
2026-08-04T05:09:49.672000-04:00,10.11068058013916,-0.5173422694206238,-10.628023147583008
2026-08-04T05:09:49.676000-04:00,10.113954544067383,-0.5290336608886719,-10.642988204956055
2026-08-04T05:09:49.680000-04:00,10.09407901763916,-0.5328918099403381,-10.626971244812012
2026-08-04T05:09:49.684000-04:00,10.09384536743164,-0.5759159922599792,-10.669761657714844
2026-08-04T05:09:49.688000-04:00,10.093377113342285,-0.5860874652862549,-10.679464340209961
2026-08-04T05:09:49.692000-04:00,10.07525634765625,-0.6003509163856506,-10.675607681274414
2026-08-04T05:09:49.696000-04:00,10.059355735778809,-0.5964927673339844,-10.655848503112793
2026-08-04T05:09:49.700000-04:00,10.060173988342285,-0.5856198072433472,-10.645793914794922
2026-08-04T05:09:49.704000-04:00,10.060641288757324,-0.6025722622871399,-10.663213729858398
2026-08-04T05:09:49.708000-04:00,10.074905395507812,-0.6281763315200806,-10.703082084655762
2026-08-04T05:09:49.712000-04:00,10.064733505249023,-0.642907440662384,-10.707640647888184
2026-08-04T05:09:49.716000-04:00,10.060641288757324,-0.6306315064430237,-10.691272735595703
2026-08-04T05:09:49.720000-04:00,10.060524940490723,-0.6332035660743713,-10.69372844696045
2026-08-04T05:09:49.724000-04:00,10.051873207092285,-0.6319175362586975,-10.683791160583496
2026-08-04T05:09:49.728000-04:00,10.063915252685547,-0.6474670171737671,-10.711381912231445
2026-08-04T05:09:49.732000-04:00,10.064148902893066,-0.6436088681221008,-10.707757949829102
2026-08-04T05:09:49.736000-04:00,10.055147171020508,-0.6434919834136963,-10.698638916015625
2026-08-04T05:09:49.740000-04:00,10.050002098083496,-0.6236166954040527,-10.67361831665039
2026-08-04T05:09:49.744000-04:00,10.045092582702637,-0.6422059535980225,-10.687298774719238
2026-08-04T05:09:49.748000-04:00,10.030243873596191,-0.6237335801124573,-10.653977394104004
2026-08-04T05:09:49.752000-04:00,10.0199556350708,-0.5921669602394104,-10.612122535705566
2026-08-04T05:09:49.756000-04:00,10.019371032714844,-0.5876073241233826,-10.606978416442871
2026-08-04T05:09:49.760000-04:00,10.068592071533203,-0.5916993021965027,-10.66029167175293
2026-08-04T05:09:49.764000-04:00,10.184686660766602,-0.537451446056366,-10.722138404846191
2026-08-04T05:09:49.768000-04:00,10.321826934814453,-0.40966495871543884,-10.731492042541504
2026-08-04T05:09:49.772000-04:00,10.49368953704834,-0.043374914675951004,-10.537064552307129
2026-08-04T05:09:49.776000-04:00,10.404718399047852,0.6238505244255066,-9.780867576599121
2026-08-04T05:09:49.780000-04:00,10.363564491271973,1.15358567237854,-9.209979057312012
2026-08-04T05:09:49.784000-04:00,10.25705623626709,1.7041313648223877,-8.552925109863281
2026-08-04T05:09:49.788000-04:00,10.24828815460205,1.7663294076919556,-8.481958389282227
2026-08-04T05:09:49.792000-04:00,10.185504913330078,1.5799691677093506,-8.605535507202148
2026-08-04T05:09:49.796000-04:00,10.143416404724121,1.1963759660720825,-8.947040557861328
2026-08-04T05:09:49.800000-04:00,10.070111274719238,0.5618863701820374,-9.508224487304688
2026-08-04T05:09:49.804000-04:00,10.066954612731934,0.20810605585575104,-9.858848571777344
2026-08-04T05:09:49.808000-04:00,10.140493392944336,-0.18472334742546082,-10.325216293334961
2026-08-04T05:09:49.812000-04:00,10.208186149597168,-0.29286834597587585,-10.501054763793945
2026-08-04T05:09:49.816000-04:00,10.18071174621582,-0.32127833366394043,-10.50199031829834
2026-08-04T05:09:49.820000-04:00,10.115240097045898,-0.40931421518325806,-10.524554252624512
2026-08-04T05:09:49.824000-04:00,10.133010864257812,-0.4649650454521179,-10.597975730895996
2026-08-04T05:09:49.828000-04:00,10.13757038116455,-0.5038972496986389,-10.641468048095703
2026-08-04T05:09:49.832000-04:00,10.134180068969727,-0.5140687227249146,-10.648248672485352
2026-08-04T05:09:49.836000-04:00,10.130322456359863,-0.5121980905532837,-10.642520904541016
2026-08-04T05:09:49.840000-04:00,10.129035949707031,-0.5200313329696655,-10.649066925048828
2026-08-04T05:09:49.844000-04:00,10.129035949707031,-0.5265784859657288,-10.655614852905273
2026-08-04T05:09:49.848000-04:00,10.137336730957031,-0.5327748656272888,-10.670111656188965
2026-08-04T05:09:49.852000-04:00,10.144819259643555,-0.5021435618400574,-10.646963119506836
2026-08-04T05:09:49.856000-04:00,10.140727043151855,-0.5289167165756226,-10.66964340209961
2026-08-04T05:09:49.860000-04:00,10.132426261901855,-0.5209665894508362,-10.653392791748047
2026-08-04T05:09:49.864000-04:00,10.14142894744873,-0.5164070129394531,-10.657835960388184
2026-08-04T05:09:49.868000-04:00,10.151717185974121,-0.49758392572402954,-10.649301528930664
2026-08-04T05:09:49.872000-04:00,10.155458450317383,-0.5030788779258728,-10.658536911010742
2026-08-04T05:09:49.876000-04:00,10.159784317016602,-0.4946610629558563,-10.65444564819336
2026-08-04T05:09:49.880000-04:00,10.160719871520996,-0.46952468156814575,-10.630244255065918
2026-08-04T05:09:49.884000-04:00,10.160602569580078,-0.4884646534919739,-10.649066925048828
2026-08-04T05:09:49.888000-04:00,10.16855239868164,-0.4864771366119385,-10.655029296875
2026-08-04T05:09:49.892000-04:00,10.181413650512695,-0.4628606140613556,-10.644274711608887
2026-08-04T05:09:49.896000-04:00,10.179191589355469,-0.450935423374176,-10.630126953125
2026-08-04T05:09:49.900000-04:00,10.177788734436035,-0.4516369104385376,-10.629426002502441
2026-08-04T05:09:49.904000-04:00,10.188896179199219,-0.43889331817626953,-10.627789497375488
2026-08-04T05:09:49.908000-04:00,10.200469970703125,-0.42942333221435547,-10.62989330291748
2026-08-04T05:09:49.912000-04:00,10.21555233001709,-0.4291895031929016,-10.644742012023926
2026-08-04T05:09:49.916000-04:00,10.206198692321777,-0.416329026222229,-10.622528076171875
2026-08-04T05:09:49.920000-04:00,10.213096618652344,-0.4011302590370178,-10.614227294921875
2026-08-04T05:09:49.924000-04:00,10.215201377868652,-0.3706158399581909,-10.585817337036133
2026-08-04T05:09:49.928000-04:00,10.235661506652832,-0.354949414730072,-10.59061050415039
2026-08-04T05:09:49.932000-04:00,10.247703552246094,-0.34384265542030334,-10.591546058654785
2026-08-04T05:09:49.936000-04:00,10.251211166381836,-0.31414660811424255,-10.56535816192627
2026-08-04T05:09:49.940000-04:00,10.263603210449219,-0.27766960859298706,-10.54127311706543
2026-08-04T05:09:49.944000-04:00,10.28149127960205,-0.2680826783180237,-10.54957389831543
2026-08-04T05:09:49.948000-04:00,10.299612998962402,-0.2508963942527771,-10.550509452819824
2026-08-04T05:09:49.952000-04:00,10.311187744140625,-0.2340608537197113,-10.545248985290527
2026-08-04T05:09:49.956000-04:00,10.330244064331055,-0.1867108792066574,-10.516955375671387
2026-08-04T05:09:49.960000-04:00,10.344157218933105,-0.1754871904850006,-10.519644737243652
2026-08-04T05:09:49.964000-04:00,10.365318298339844,-0.12462980300188065,-10.489948272705078
2026-08-04T05:09:49.968000-04:00,10.388350486755371,-0.09703821688890457,-10.48538875579834
2026-08-04T05:09:49.972000-04:00,10.416409492492676,-0.05331256240606308,-10.469721794128418
2026-08-04T05:09:49.976000-04:00,10.440142631530762,0.009469994343817234,-10.430672645568848
2026-08-04T05:09:49.980000-04:00,10.448911666870117,0.018004681915044785,-10.430907249450684
2026-08-04T05:09:49.984000-04:00,10.4653959274292,0.04419330880045891,-10.421202659606934
2026-08-04T05:09:49.988000-04:00,10.484219551086426,0.050038982182741165,-10.43418025970459
2026-08-04T05:09:49.992000-04:00,10.504328727722168,0.07482464611530304,-10.42950439453125
2026-08-04T05:09:49.996000-04:00,10.49170207977295,0.09189402312040329,-10.399807929992676
2026-08-04T05:09:50-04:00,10.495092391967773,0.1184333860874176,-10.376659393310547
2026-08-04T05:09:50.004000-04:00,10.498600006103516,0.13737337291240692,-10.361227035522461
2026-08-04T05:09:50.008000-04:00,10.505146980285645,0.13936090469360352,-10.365785598754883
2026-08-04T05:09:50.012000-04:00,10.495326042175293,0.10206549614667892,-10.393260955810547
2026-08-04T05:09:50.016000-04:00,10.485505104064941,0.11071709543466568,-10.374788284301758
2026-08-04T05:09:50.020000-04:00,10.45440673828125,0.08137180656194687,-10.373034477233887
2026-08-04T05:09:50.024000-04:00,10.443767547607422,0.05307873710989952,-10.3906888961792
2026-08-04T05:09:50.028000-04:00,10.423190116882324,0.00011691351392073557,-10.423072814941406
2026-08-04T05:09:50.032000-04:00,10.399807929992676,-0.035074055194854736,-10.434882164001465
2026-08-04T05:09:50.036000-04:00,10.364500045776367,-0.08464538305997849,-10.449145317077637
2026-08-04T05:09:50.040000-04:00,10.32287883758545,-0.149766206741333,-10.472644805908203
2026-08-04T05:09:50.044000-04:00,10.314460754394531,-0.17034299671649933,-10.484804153442383
2026-08-04T05:09:50.048000-04:00,10.291428565979004,-0.2352299839258194,-10.52665901184082
2026-08-04T05:09:50.052000-04:00,10.269682884216309,-0.255339115858078,-10.52502155303955
2026-08-04T05:09:50.056000-04:00,10.233323097229004,-0.31695252656936646,-10.550275802612305
2026-08-04T05:09:50.060000-04:00,10.210524559020996,-0.3256041407585144,-10.536128997802734
2026-08-04T05:09:50.064000-04:00,10.185973167419434,-0.38394397497177124,-10.569916725158691
2026-08-04T05:09:50.068000-04:00,10.182348251342773,-0.3949338495731354,-10.577281951904297
2026-08-04T05:09:50.072000-04:00,10.16457748413086,-0.44696035981178284,-10.61153793334961
2026-08-04T05:09:50.076000-04:00,10.14797592163086,-0.45654726028442383,-10.604522705078125
2026-08-04T05:09:50.080000-04:00,10.136402130126953,-0.47759169340133667,-10.613993644714355
2026-08-04T05:09:50.084000-04:00,10.131608009338379,-0.4812160134315491,-10.612824440002441
2026-08-04T05:09:50.088000-04:00,10.124710083007812,-0.5030788779258728,-10.627788543701172
2026-08-04T05:09:50.092000-04:00,10.118514060974121,-0.5155885815620422,-10.634102821350098
2026-08-04T05:09:50.096000-04:00,10.10623836517334,-0.52120041847229,-10.62743854522705
2026-08-04T05:09:50.100000-04:00,10.096183776855469,-0.5317226648330688,-10.627906799316406
2026-08-04T05:09:50.104000-04:00,10.088701248168945,-0.5256431698799133,-10.614344596862793
2026-08-04T05:09:50.108000-04:00,10.101677894592285,-0.5439985990524292,-10.645676612854004
2026-08-04T05:09:50.112000-04:00,10.088701248168945,-0.5444662570953369,-10.633167266845703
2026-08-04T05:09:50.116000-04:00,10.092325210571289,-0.5390881896018982,-10.631413459777832
2026-08-04T05:09:50.120000-04:00,10.080400466918945,-0.5385036468505859,-10.618904113769531
2026-08-04T05:09:50.124000-04:00,10.082036972045898,-0.5310211777687073,-10.613058090209961
2026-08-04T05:09:50.128000-04:00,10.08355712890625,-0.5454015135765076,-10.628958702087402
2026-08-04T05:09:50.132000-04:00,10.082972526550293,-0.5447000861167908,-10.62767219543457
2026-08-04T05:09:50.136000-04:00,10.076424598693848,-0.5296182036399841,-10.606042861938477
2026-08-04T05:09:50.140000-04:00,10.078413009643555,-0.5113797187805176,-10.589792251586914
2026-08-04T05:09:50.144000-04:00,10.080750465393066,-0.5082230567932129,-10.588973999023438
2026-08-04T05:09:50.148000-04:00,10.093961715698242,-0.5136010646820068,-10.607563018798828
2026-08-04T05:09:50.152000-04:00,10.093961715698242,-0.51605623960495,-10.610017776489258
2026-08-04T05:09:50.156000-04:00,10.08554458618164,-0.5172253847122192,-10.60276985168457
2026-08-04T05:09:50.160000-04:00,10.091039657592773,-0.482969731092453,-10.57400894165039
2026-08-04T05:09:50.164000-04:00,10.095715522766113,-0.4752534329891205,-10.570968627929688
2026-08-04T05:09:50.168000-04:00,10.105536460876465,-0.4993376135826111,-10.604873657226562
2026-08-04T05:09:50.172000-04:00,10.10869312286377,-0.48063144087791443,-10.589324951171875
2026-08-04T05:09:50.176000-04:00,10.100976943969727,-0.48565873503685,-10.58663558959961
2026-08-04T05:09:50.180000-04:00,10.096768379211426,-0.46987542510032654,-10.566643714904785
2026-08-04T05:09:50.184000-04:00,10.099690437316895,-0.45619651675224304,-10.555887222290039
2026-08-04T05:09:50.188000-04:00,10.10845947265625,-0.46917393803596497,-10.57763385772705
2026-08-04T05:09:50.192000-04:00,10.113954544067383,-0.47642257809638977,-10.590376853942871
2026-08-04T05:09:50.196000-04:00,10.120735168457031,-0.44298529624938965,-10.563720703125
2026-08-04T05:09:50.200000-04:00,10.108810424804688,-0.4568980038166046,-10.56570816040039
2026-08-04T05:09:50.204000-04:00,10.11290168762207,-0.4404132068157196,-10.553315162658691
2026-08-04T05:09:50.208000-04:00,10.12728214263916,-0.4391271471977234,-10.56640911102295
2026-08-04T05:09:50.212000-04:00,10.122021675109863,-0.43328148126602173,-10.555303573608398
2026-08-04T05:09:50.216000-04:00,10.118396759033203,-0.44263455271720886,-10.561031341552734
2026-08-04T05:09:50.220000-04:00,10.118630409240723,-0.4529229402542114,-10.571553230285645
2026-08-04T05:09:50.224000-04:00,10.124476432800293,-0.45268911123275757,-10.577165603637695
2026-08-04T05:09:50.228000-04:00,10.125996589660645,-0.459587037563324,-10.585583686828613
2026-08-04T05:09:50.232000-04:00,10.122371673583984,-0.453624427318573,-10.575996398925781
2026-08-04T05:09:50.236000-04:00,10.116877555847168,-0.4495324492454529,-10.566410064697266
2026-08-04T05:09:50.240000-04:00,10.112317085266113,-0.4453235864639282,-10.55764102935791
2026-08-04T05:09:50.244000-04:00,10.113018989562988,-0.4496493637561798,-10.562668800354004
2026-08-04T05:09:50.248000-04:00,10.11921501159668,-0.47268134355545044,-10.591896057128906
2026-08-04T05:09:50.252000-04:00,10.117578506469727,-0.4752534329891205,-10.5928316116333
2026-08-04T05:09:50.256000-04:00,10.117227554321289,-0.4709276258945465,-10.588154792785645
2026-08-04T05:09:50.260000-04:00,10.105302810668945,-0.4893999695777893,-10.59470272064209
2026-08-04T05:09:50.264000-04:00,10.109044075012207,-0.47911158204078674,-10.588155746459961
2026-08-04T05:09:50.268000-04:00,10.115708351135254,-0.4877631664276123,-10.603471755981445
2026-08-04T05:09:50.272000-04:00,10.117929458618164,-0.5048325657844543,-10.622761726379395
2026-08-04T05:09:50.276000-04:00,10.116292953491211,-0.47864392399787903,-10.594937324523926
2026-08-04T05:09:50.280000-04:00,10.110213279724121,-0.4989868700504303,-10.609200477600098
2026-08-04T05:09:50.284000-04:00,10.101444244384766,-0.49197205901145935,-10.593416213989258
2026-08-04T05:09:50.288000-04:00,10.104718208312988,-0.4901014566421509,-10.594820022583008
2026-08-04T05:09:50.292000-04:00,10.122371673583984,-0.5033127069473267,-10.62568473815918
2026-08-04T05:09:50.296000-04:00,10.105302810668945,-0.5154716968536377,-10.620774269104004
2026-08-04T05:09:50.300000-04:00,10.097002029418945,-0.48671096563339233,-10.583712577819824
2026-08-04T05:09:50.304000-04:00,10.101444244384766,-0.4905691146850586,-10.592013359069824
2026-08-04T05:09:50.308000-04:00,10.10436725616455,-0.5050663948059082,-10.609434127807617
2026-08-04T05:09:50.312000-04:00,10.11266803741455,-0.5099767446517944,-10.622644424438477
2026-08-04T05:09:50.316000-04:00,10.097352981567383,-0.5140687227249146,-10.611421585083008
2026-08-04T05:09:50.320000-04:00,10.09852123260498,-0.519329845905304,-10.617851257324219
2026-08-04T05:09:50.324000-04:00,10.100275039672852,-0.5171085000038147,-10.61738395690918
2026-08-04T05:09:50.328000-04:00,10.109862327575684,-0.5009744167327881,-10.61083698272705
2026-08-04T05:09:50.332000-04:00,10.101912498474121,-0.51500403881073,-10.61691665649414
2026-08-04T05:09:50.336000-04:00,10.099807739257812,-0.5089245438575745,-10.608732223510742
2026-08-04T05:09:50.340000-04:00,10.093377113342285,-0.5162900686264038,-10.60966682434082
2026-08-04T05:09:50.344000-04:00,10.095364570617676,-0.5254093408584595,-10.620774269104004
2026-08-04T05:09:50.348000-04:00,10.090337753295898,-0.5375683307647705,-10.62790584564209
2026-08-04T05:09:50.352000-04:00,10.103198051452637,-0.5243570804595947,-10.627554893493652
2026-08-04T05:09:50.356000-04:00,10.1028470993042,-0.5378021597862244,-10.64064884185791
2026-08-04T05:09:50.360000-04:00,10.09407901763916,-0.5194467306137085,-10.613525390625
2026-08-04T05:09:50.364000-04:00,10.097002029418945,-0.5442324280738831,-10.641234397888184
2026-08-04T05:09:50.368000-04:00,10.105536460876465,-0.529852032661438,-10.635388374328613
2026-08-04T05:09:50.372000-04:00,10.089051246643066,-0.5442324280738831,-10.633283615112305
2026-08-04T05:09:50.376000-04:00,10.086947441101074,-0.5344116687774658,-10.621358871459961
2026-08-04T05:09:50.380000-04:00,10.09209156036377,-0.534177839756012,-10.626269340515137
2026-08-04T05:09:50.384000-04:00,10.086479187011719,-0.5462199449539185,-10.632699012756348
2026-08-04T05:09:50.388000-04:00,10.089753150939941,-0.5418941378593445,-10.631647109985352
2026-08-04T05:09:50.392000-04:00,10.098872184753418,-0.51500403881073,-10.613876342773438
2026-08-04T05:09:50.396000-04:00,10.092909812927246,-0.5173422694206238,-10.610252380371094
2026-08-04T05:09:50.400000-04:00,10.082504272460938,-0.5238894820213318,-10.606393814086914
2026-08-04T05:09:50.404000-04:00,10.081452369689941,-0.5375683307647705,-10.619020462036133
2026-08-04T05:09:50.408000-04:00,10.0862455368042,-0.5547546148300171,-10.640999794006348
2026-08-04T05:09:50.412000-04:00,10.114655494689941,-0.5187452435493469,-10.633400917053223
2026-08-04T05:09:50.416000-04:00,10.116175651550293,-0.5088075995445251,-10.624982833862305
2026-08-04T05:09:50.420000-04:00,10.11921501159668,-0.45713183283805847,-10.576346397399902
2026-08-04T05:09:50.424000-04:00,10.102497100830078,-0.45467665791511536,-10.557173728942871
2026-08-04T05:09:50.428000-04:00,10.11699390411377,-0.43339839577674866,-10.550392150878906
2026-08-04T05:09:50.432000-04:00,10.108926773071289,-0.4508185088634491,-10.559744834899902
2026-08-04T05:09:50.436000-04:00,10.117227554321289,-0.44064703583717346,-10.55787467956543
2026-08-04T05:09:50.440000-04:00,10.12096881866455,-0.3772799074649811,-10.498249053955078
2026-08-04T05:09:50.444000-04:00,10.096183776855469,-0.35261115431785583,-10.448795318603516
2026-08-04T05:09:50.448000-04:00,10.088583946228027,-0.34068599343299866,-10.429269790649414
2026-08-04T05:09:50.452000-04:00,10.08823299407959,-0.37961816787719727,-10.467851638793945
2026-08-04T05:09:50.456000-04:00,10.086947441101074,-0.36640694737434387,-10.453354835510254
2026-08-04T05:09:50.460000-04:00,10.089519500732422,-0.3621980547904968,-10.451717376708984
2026-08-04T05:09:50.464000-04:00,10.101677894592285,-0.35144200921058655,-10.453120231628418
2026-08-04T05:09:50.468000-04:00,10.133010864257812,-0.36909595131874084,-10.502106666564941
2026-08-04T05:09:50.472000-04:00,10.137336730957031,-0.3994934856891632,-10.536829948425293
2026-08-04T05:09:50.476000-04:00,10.1028470993042,-0.462159126996994,-10.565006256103516
2026-08-04T05:09:50.480000-04:00,10.10214614868164,-0.46543270349502563,-10.56757926940918
2026-08-04T05:09:50.484000-04:00,10.106003761291504,-0.4725644290447235,-10.578568458557129
2026-08-04T05:09:50.488000-04:00,10.088817596435547,-0.5131334066390991,-10.601950645446777
2026-08-04T05:09:50.492000-04:00,10.092676162719727,-0.5450507998466492,-10.637726783752441
2026-08-04T05:09:50.496000-04:00,10.08823299407959,-0.529852032661438,-10.618084907531738
2026-08-04T05:09:50.500000-04:00,10.062045097351074,-0.5327748656272888,-10.594820022583008
2026-08-04T05:09:50.504000-04:00,10.058537483215332,-0.5700702667236328,-10.628607749938965
2026-08-04T05:09:50.508000-04:00,10.063681602478027,-0.5721747279167175,-10.635856628417969
2026-08-04T05:09:50.512000-04:00,10.065084457397461,-0.5651599168777466,-10.630244255065918
2026-08-04T05:09:50.516000-04:00,10.056900024414062,-0.5816447138786316,-10.638545036315918
2026-08-04T05:09:50.520000-04:00,10.060291290283203,-0.5627047419548035,-10.62299633026123
2026-08-04T05:09:50.524000-04:00,10.056550025939941,-0.5749806761741638,-10.63153076171875
2026-08-04T05:09:50.528000-04:00,10.062161445617676,-0.6009354591369629,-10.663097381591797
2026-08-04T05:09:50.532000-04:00,10.05748462677002,-0.5934529900550842,-10.650938034057617
2026-08-04T05:09:50.536000-04:00,10.062278747558594,-0.5871396660804749,-10.649418830871582
2026-08-04T05:09:50.540000-04:00,10.056199073791504,-0.5774358510971069,-10.633634567260742
2026-08-04T05:09:50.544000-04:00,10.045559883117676,-0.57989102602005,-10.62545108795166
2026-08-04T05:09:50.548000-04:00,10.044039726257324,-0.6056119799613953,-10.649651527404785
2026-08-04T05:09:50.552000-04:00,10.040766716003418,-0.5878411531448364,-10.628607749938965
2026-08-04T05:09:50.556000-04:00,10.016098022460938,-0.5625878572463989,-10.578685760498047
2026-08-04T05:09:50.560000-04:00,9.98499870300293,-0.5169915556907654,-10.50199031829834
2026-08-04T05:09:50.564000-04:00,10.035037994384766,-0.5250585675239563,-10.560096740722656
2026-08-04T05:09:50.568000-04:00,10.093728065490723,-0.527747631072998,-10.621475219726562
2026-08-04T05:09:50.572000-04:00,10.249222755432129,-0.4270850718021393,-10.676307678222656
2026-08-04T05:09:50.576000-04:00,10.416409492492676,-0.12813721597194672,-10.544547080993652
2026-08-04T05:09:50.580000-04:00,10.404367446899414,0.1545596718788147,-10.249807357788086
2026-08-04T05:09:50.584000-04:00,10.330828666687012,0.8845676183700562,-9.446261405944824
2026-08-04T05:09:50.588000-04:00,10.282543182373047,1.3934922218322754,-8.88905143737793
2026-08-04T05:09:50.592000-04:00,10.215435028076172,1.8047939538955688,-8.410640716552734
2026-08-04T05:09:50.596000-04:00,10.195676803588867,1.8425569534301758,-8.353119850158691
2026-08-04T05:09:50.600000-04:00,10.12260627746582,1.5264228582382202,-8.596183776855469
2026-08-04T05:09:50.604000-04:00,10.07993221282959,0.8240064382553101,-9.255926132202148
2026-08-04T05:09:50.608000-04:00,10.098404884338379,0.471746027469635,-9.62665843963623
2026-08-04T05:09:50.612000-04:00,10.099223136901855,-0.08780205249786377,-10.18702507019043
2026-08-04T05:09:50.616000-04:00,10.159082412719727,-0.1742011308670044,-10.333283424377441
2026-08-04T05:09:50.620000-04:00,10.181529998779297,-0.22190184891223907,-10.40343189239502
2026-08-04T05:09:50.624000-04:00,10.125645637512207,-0.30818402767181396,-10.433829307556152
2026-08-04T05:09:50.628000-04:00,10.143533706665039,-0.3999611437320709,-10.543495178222656
2026-08-04T05:09:50.632000-04:00,10.152535438537598,-0.41293853521347046,-10.565473556518555
2026-08-04T05:09:50.636000-04:00,10.129035949707031,-0.4539751708507538,-10.58301067352295
2026-08-04T05:09:50.640000-04:00,10.131023406982422,-0.4701092541217804,-10.6011323928833
2026-08-04T05:09:50.644000-04:00,10.130438804626465,-0.471746027469635,-10.602185249328613
2026-08-04T05:09:50.648000-04:00,10.131608009338379,-0.4796961545944214,-10.61130428314209
2026-08-04T05:09:50.652000-04:00,10.138272285461426,-0.4834373891353607,-10.621709823608398
2026-08-04T05:09:50.656000-04:00,10.133010864257812,-0.4870617091655731,-10.620072364807129
2026-08-04T05:09:50.660000-04:00,10.134180068969727,-0.48507416248321533,-10.619254112243652
2026-08-04T05:09:50.664000-04:00,10.142949104309082,-0.463211327791214,-10.606160163879395
2026-08-04T05:09:50.668000-04:00,10.148093223571777,-0.46952468156814575,-10.6176176071167
2026-08-04T05:09:50.672000-04:00,10.157679557800293,-0.4612238109111786,-10.618903160095215
2026-08-04T05:09:50.676000-04:00,10.152535438537598,-0.4452066719532013,-10.597742080688477
2026-08-04T05:09:50.680000-04:00,10.152652740478516,-0.45865172147750854,-10.61130428314209
2026-08-04T05:09:50.684000-04:00,10.15627670288086,-0.4489479064941406,-10.605224609375
2026-08-04T05:09:50.688000-04:00,10.160017967224121,-0.45526123046875,-10.615279197692871
2026-08-04T05:09:50.692000-04:00,10.1721773147583,-0.45467665791511536,-10.626853942871094
2026-08-04T05:09:50.696000-04:00,10.177672386169434,-0.4318785071372986,-10.609550476074219
2026-08-04T05:09:50.700000-04:00,10.178023338317871,-0.40533915162086487,-10.583362579345703
2026-08-04T05:09:50.704000-04:00,10.187376022338867,-0.3969213664531708,-10.584297180175781
2026-08-04T05:09:50.708000-04:00,10.205146789550781,-0.3849962055683136,-10.590143203735352
2026-08-04T05:09:50.712000-04:00,10.187142372131348,-0.4063913822174072,-10.593533515930176
2026-08-04T05:09:50.716000-04:00,10.20386028289795,-0.38593152165412903,-10.589792251586914
2026-08-04T05:09:50.720000-04:00,10.210408210754395,-0.3556509017944336,-10.566059112548828
2026-08-04T05:09:50.724000-04:00,10.212862968444824,-0.3576384484767914,-10.570501327514648
2026-08-04T05:09:50.728000-04:00,10.22630786895752,-0.33858153223991394,-10.564888954162598
2026-08-04T05:09:50.732000-04:00,10.232621192932129,-0.32209673523902893,-10.554718017578125
2026-08-04T05:09:50.736000-04:00,10.239285469055176,-0.315081924200058,-10.554367065429688
2026-08-04T05:09:50.740000-04:00,10.251211166381836,-0.2975448966026306,-10.548755645751953
2026-08-04T05:09:50.744000-04:00,10.264772415161133,-0.27872180938720703,-10.54349422454834
2026-08-04T05:09:50.748000-04:00,10.290961265563965,-0.24551838636398315,-10.536479949951172
2026-08-04T05:09:50.752000-04:00,10.303003311157227,-0.22190184891223907,-10.52490520477295
2026-08-04T05:09:50.756000-04:00,10.313993453979492,-0.19723309576511383,-10.511226654052734
2026-08-04T05:09:50.760000-04:00,10.336557388305664,-0.15771633386611938,-10.494274139404297
2026-08-04T05:09:50.764000-04:00,10.351055145263672,-0.12825413048267365,-10.47930908203125
2026-08-04T05:09:50.768000-04:00,10.38905143737793,-0.09610290825366974,-10.485154151916504
2026-08-04T05:09:50.772000-04:00,10.392091751098633,-0.0814887210726738,-10.473580360412598
2026-08-04T05:09:50.776000-04:00,10.418396949768066,-0.03308652341365814,-10.451483726501465
2026-08-04T05:09:50.780000-04:00,10.428685188293457,-0.00935308076441288,-10.438037872314453
2026-08-04T05:09:50.784000-04:00,10.456043243408203,0.0369446687400341,-10.419098854064941
2026-08-04T05:09:50.788000-04:00,10.467267036437988,0.043374914675951004,-10.4238920211792
2026-08-04T05:09:50.792000-04:00,10.502106666564941,0.07996883988380432,-10.422138214111328
2026-08-04T05:09:50.796000-04:00,10.496728897094727,0.11749808490276337,-10.379230499267578
2026-08-04T05:09:50.800000-04:00,10.530984878540039,0.14988312125205994,-10.381101608276367
2026-08-04T05:09:50.804000-04:00,10.525723457336426,0.15713176131248474,-10.36859130859375
2026-08-04T05:09:50.808000-04:00,10.536947250366211,0.16870619356632233,-10.368241310119629
2026-08-04T05:09:50.812000-04:00,10.529815673828125,0.16332818567752838,-10.366487503051758
2026-08-04T05:09:50.816000-04:00,10.536011695861816,0.16438040137290955,-10.371631622314453
2026-08-04T05:09:50.820000-04:00,10.51251220703125,0.15643027424812317,-10.35608196258545
2026-08-04T05:09:50.824000-04:00,10.50830364227295,0.1461418867111206,-10.362161636352539
2026-08-04T05:09:50.828000-04:00,10.489130020141602,0.12182388454675674,-10.367305755615234
2026-08-04T05:09:50.832000-04:00,10.474749565124512,0.09563525766134262,-10.379114151000977
2026-08-04T05:09:50.836000-04:00,10.444352149963379,0.04793453961610794,-10.396417617797852
2026-08-04T05:09:50.840000-04:00,10.40121078491211,-0.012392832897603512,-10.413603782653809
2026-08-04T05:09:50.844000-04:00,10.391389846801758,-0.0291114654392004,-10.420501708984375
2026-08-04T05:09:50.848000-04:00,10.354328155517578,-0.10311771929264069,-10.457446098327637
2026-08-04T05:09:50.852000-04:00,10.33316707611084,-0.13842560350894928,-10.471592903137207
2026-08-04T05:09:50.856000-04:00,10.292247772216797,-0.17490261793136597,-10.467150688171387
2026-08-04T05:09:50.860000-04:00,10.269800186157227,-0.19138741493225098,-10.461187362670898
2026-08-04T05:09:50.864000-04:00,10.243844985961914,-0.23230715095996857,-10.476152420043945
2026-08-04T05:09:50.868000-04:00,10.223502159118652,-0.3019876182079315,-10.525489807128906
2026-08-04T05:09:50.872000-04:00,10.212395668029785,-0.32291513681411743,-10.535310745239258
2026-08-04T05:09:50.876000-04:00,10.183050155639648,-0.3451286852359772,-10.528179168701172
2026-08-04T05:09:50.880000-04:00,10.169137001037598,-0.3669915199279785,-10.536128997802734
2026-08-04T05:09:50.884000-04:00,10.153470993041992,-0.3965706527233124,-10.550041198730469
2026-08-04T05:09:50.888000-04:00,10.144819259643555,-0.41212013363838196,-10.556939125061035
2026-08-04T05:09:50.892000-04:00,10.145052909851074,-0.4218239486217499,-10.566876411437988
2026-08-04T05:09:50.896000-04:00,10.125879287719727,-0.4243960678577423,-10.550275802612305
2026-08-04T05:09:50.900000-04:00,10.122956275939941,-0.4508185088634491,-10.573774337768555
2026-08-04T05:09:50.904000-04:00,10.114889144897461,-0.46391281485557556,-10.578802108764648
2026-08-04T05:09:50.908000-04:00,10.119332313537598,-0.4684724509716034,-10.587804794311523
2026-08-04T05:09:50.912000-04:00,10.113603591918945,-0.4593532085418701,-10.572957038879395
2026-08-04T05:09:50.916000-04:00,10.105302810668945,-0.4740842878818512,-10.579386711120605
2026-08-04T05:09:50.920000-04:00,10.090571403503418,-0.4668356478214264,-10.55740737915039
2026-08-04T05:09:50.924000-04:00,10.095364570617676,-0.45385825634002686,-10.549222946166992
2026-08-04T05:09:50.928000-04:00,10.104133605957031,-0.4588855504989624,-10.563018798828125
2026-08-04T05:09:50.932000-04:00,10.105302810668945,-0.492556631565094,-10.597859382629395
2026-08-04T05:09:50.936000-04:00,10.109160423278809,-0.45514431595802307,-10.56430435180664
2026-08-04T05:09:50.940000-04:00,10.093611717224121,-0.4709276258945465,-10.564538955688477
2026-08-04T05:09:50.944000-04:00,10.0945463180542,-0.4628606140613556,-10.55740737915039
2026-08-04T05:09:50.948000-04:00,10.10015869140625,-0.46028849482536316,-10.560446739196777
2026-08-04T05:09:50.952000-04:00,10.100275039672852,-0.44871407747268677,-10.548989295959473
2026-08-04T05:09:50.956000-04:00,10.093143463134766,-0.4600546658039093,-10.553197860717773
2026-08-04T05:09:50.960000-04:00,10.10261344909668,-0.45140308141708374,-10.55401611328125
2026-08-04T05:09:50.964000-04:00,10.106588363647461,-0.4508185088634491,-10.557406425476074
2026-08-04T05:09:50.968000-04:00,10.107523918151855,-0.44696035981178284,-10.554484367370605
2026-08-04T05:09:50.972000-04:00,10.103081703186035,-0.43176159262657166,-10.534843444824219
2026-08-04T05:09:50.976000-04:00,10.101210594177246,-0.4162121117115021,-10.517422676086426
2026-08-04T05:09:50.980000-04:00,10.10039234161377,-0.4063913822174072,-10.506783485412598
2026-08-04T05:09:50.984000-04:00,10.109628677368164,-0.40077951550483704,-10.510408401489258
2026-08-04T05:09:50.988000-04:00,10.126697540283203,-0.4058068096637726,-10.532504081726074
2026-08-04T05:09:50.992000-04:00,10.124009132385254,-0.4150429666042328,-10.53905200958252
2026-08-04T05:09:50.996000-04:00,10.124593734741211,-0.41364002227783203,-10.538233757019043
2026-08-04T05:09:51-04:00,10.124009132385254,-0.3966875672340393,-10.520696640014648
2026-08-04T05:09:51.004000-04:00,10.120150566101074,-0.3878021240234375,-10.507952690124512
2026-08-04T05:09:51.008000-04:00,10.128802299499512,-0.368862122297287,-10.497664451599121
2026-08-04T05:09:51.012000-04:00,10.131725311279297,-0.3762276768684387,-10.507952690124512
2026-08-04T05:09:51.016000-04:00,10.13090705871582,-0.3668746054172516,-10.497781753540039
2026-08-04T05:09:51.020000-04:00,10.12120246887207,-0.37470781803131104,-10.49591064453125
2026-08-04T05:09:51.024000-04:00,10.118514060974121,-0.37236952781677246,-10.490883827209473
2026-08-04T05:09:51.028000-04:00,10.128334999084473,-0.379033625125885,-10.507369041442871
2026-08-04T05:09:51.032000-04:00,10.132543563842773,-0.3617304265499115,-10.494274139404297
2026-08-04T05:09:51.036000-04:00,10.123891830444336,-0.3673422634601593,-10.491233825683594
2026-08-04T05:09:51.040000-04:00,10.12120246887207,-0.38967275619506836,-10.510875701904297
2026-08-04T05:09:51.044000-04:00,10.120267868041992,-0.37517547607421875,-10.495443344116211
2026-08-04T05:09:51.048000-04:00,10.130672454833984,-0.3737725019454956,-10.50444507598877
2026-08-04T05:09:51.052000-04:00,10.124125480651855,-0.4011302590370178,-10.525256156921387
2026-08-04T05:09:51.056000-04:00,10.120617866516113,-0.391309529542923,-10.511927604675293
2026-08-04T05:09:51.060000-04:00,10.117461204528809,-0.38593152165412903,-10.503393173217773
2026-08-04T05:09:51.064000-04:00,10.134998321533203,-0.393881618976593,-10.52888011932373
2026-08-04T05:09:51.068000-04:00,10.134648323059082,-0.39434927701950073,-10.528997421264648
2026-08-04T05:09:51.072000-04:00,10.13359546661377,-0.3965706527233124,-10.530165672302246
2026-08-04T05:09:51.076000-04:00,10.121787071228027,-0.42018717527389526,-10.541974067687988
2026-08-04T05:09:51.080000-04:00,10.113954544067383,-0.4183165431022644,-10.532271385192871
2026-08-04T05:09:51.084000-04:00,10.118163108825684,-0.4303586483001709,-10.548521995544434
2026-08-04T05:09:51.088000-04:00,10.122138023376465,-0.42170703411102295,-10.543845176696777
2026-08-04T05:09:51.092000-04:00,10.118280410766602,-0.4287218451499939,-10.547001838684082
2026-08-04T05:09:51.096000-04:00,10.11676025390625,-0.42486369609832764,-10.541624069213867
2026-08-04T05:09:51.100000-04:00,10.108810424804688,-0.4276696443557739,-10.536479949951172
2026-08-04T05:09:51.104000-04:00,10.107757568359375,-0.43409988284111023,-10.541857719421387
2026-08-04T05:09:51.108000-04:00,10.110095977783203,-0.42661741375923157,-10.536713600158691
2026-08-04T05:09:51.112000-04:00,10.11453914642334,-0.43620431423187256,-10.550743103027344
2026-08-04T05:09:51.116000-04:00,10.111031532287598,-0.43620431423187256,-10.547235488891602
2026-08-04T05:09:51.120000-04:00,10.106354713439941,-0.43257999420166016,-10.538934707641602
2026-08-04T05:09:51.124000-04:00,10.103315353393555,-0.4407639503479004,-10.544078826904297
2026-08-04T05:09:51.128000-04:00,10.107172966003418,-0.44216692447662354,-10.54934024810791
2026-08-04T05:09:51.132000-04:00,10.107290267944336,-0.45268911123275757,-10.559979438781738
2026-08-04T05:09:51.136000-04:00,10.107523918151855,-0.4495324492454529,-10.557056427001953
2026-08-04T05:09:51.140000-04:00,10.101094245910645,-0.4436867833137512,-10.544780731201172
2026-08-04T05:09:51.144000-04:00,10.10869312286377,-0.46098998188972473,-10.569683074951172
2026-08-04T05:09:51.148000-04:00,10.11068058013916,-0.46508195996284485,-10.575762748718262
2026-08-04T05:09:51.152000-04:00,10.108108520507812,-0.45654726028442383,-10.564655303955078
2026-08-04T05:09:51.156000-04:00,10.107757568359375,-0.45947012305259705,-10.567227363586426
2026-08-04T05:09:51.160000-04:00,10.098053932189941,-0.45584580302238464,-10.553899765014648
2026-08-04T05:09:51.164000-04:00,10.099223136901855,-0.4656665325164795,-10.564889907836914
2026-08-04T05:09:51.168000-04:00,10.108575820922852,-0.4615745544433594,-10.570150375366211
2026-08-04T05:09:51.172000-04:00,10.101444244384766,-0.4643804728984833,-10.565824508666992
2026-08-04T05:09:51.176000-04:00,10.098638534545898,-0.47864392399787903,-10.577282905578613
2026-08-04T05:09:51.180000-04:00,10.091039657592773,-0.4841388463973999,-10.575178146362305
2026-08-04T05:09:51.184000-04:00,10.08987045288086,-0.4732659161090851,-10.563136100769043
2026-08-04T05:09:51.188000-04:00,10.106121063232422,-0.4705768823623657,-10.576698303222656
2026-08-04T05:09:51.192000-04:00,10.096884727478027,-0.47548726201057434,-10.572372436523438
2026-08-04T05:09:51.196000-04:00,10.092909812927246,-0.46063923835754395,-10.553548812866211
2026-08-04T05:09:51.200000-04:00,10.089753150939941,-0.4725644290447235,-10.562317848205566
2026-08-04T05:09:51.204000-04:00,10.095599174499512,-0.4597039222717285,-10.555303573608398
2026-08-04T05:09:51.208000-04:00,10.101444244384766,-0.48390504717826843,-10.585349082946777
2026-08-04T05:09:51.212000-04:00,10.103666305541992,-0.4623929560184479,-10.566059112548828
2026-08-04T05:09:51.216000-04:00,10.103081703186035,-0.4660172760486603,-10.569099426269531
2026-08-04T05:09:51.220000-04:00,10.09209156036377,-0.47513651847839355,-10.567228317260742
2026-08-04T05:09:51.224000-04:00,10.096768379211426,-0.48963379859924316,-10.58640193939209
2026-08-04T05:09:51.228000-04:00,10.095715522766113,-0.499454528093338,-10.595170021057129
2026-08-04T05:09:51.232000-04:00,10.092909812927246,-0.5061185956001282,-10.599028587341309
2026-08-04T05:09:51.236000-04:00,10.094780921936035,-0.48998454213142395,-10.584765434265137
2026-08-04T05:09:51.240000-04:00,10.090688705444336,-0.4778255224227905,-10.568513870239258
2026-08-04T05:09:51.244000-04:00,10.098404884338379,-0.4818005859851837,-10.580205917358398
2026-08-04T05:09:51.248000-04:00,10.099456787109375,-0.4697585105895996,-10.569215774536133
2026-08-04T05:09:51.252000-04:00,10.10483455657959,-0.4821513295173645,-10.58698558807373
2026-08-04T05:09:51.256000-04:00,10.103666305541992,-0.47186294198036194,-10.575529098510742
2026-08-04T05:09:51.260000-04:00,10.092325210571289,-0.4765394926071167,-10.568864822387695
2026-08-04T05:09:51.264000-04:00,10.093611717224121,-0.48636022210121155,-10.579972267150879
2026-08-04T05:09:51.268000-04:00,10.098989486694336,-0.48109909892082214,-10.58008861541748
2026-08-04T05:09:51.272000-04:00,10.100859642028809,-0.48472341895103455,-10.585582733154297
2026-08-04T05:09:51.276000-04:00,10.09630012512207,-0.49314120411872864,-10.589441299438477
2026-08-04T05:09:51.280000-04:00,10.095130920410156,-0.482969731092453,-10.578100204467773
2026-08-04T05:09:51.284000-04:00,10.08823299407959,-0.49688243865966797,-10.585115432739258
2026-08-04T05:09:51.288000-04:00,10.094780921936035,-0.5015589594841003,-10.59634017944336
2026-08-04T05:09:51.292000-04:00,10.093143463134766,-0.5084568858146667,-10.601600646972656
2026-08-04T05:09:51.296000-04:00,10.09817123413086,-0.49197205901145935,-10.590143203735352
2026-08-04T05:09:51.300000-04:00,10.090571403503418,-0.47466886043548584,-10.565239906311035
2026-08-04T05:09:51.304000-04:00,10.09793758392334,-0.4937257766723633,-10.591663360595703
2026-08-04T05:09:51.308000-04:00,10.08987045288086,-0.49968835711479187,-10.589558601379395
2026-08-04T05:09:51.312000-04:00,10.103081703186035,-0.49477797746658325,-10.597859382629395
2026-08-04T05:09:51.316000-04:00,10.095014572143555,-0.4929073750972748,-10.587922096252441
2026-08-04T05:09:51.320000-04:00,10.086596488952637,-0.5020266175270081,-10.588623046875
2026-08-04T05:09:51.324000-04:00,10.0862455368042,-0.5113797187805176,-10.597625732421875
2026-08-04T05:09:51.328000-04:00,10.094196319580078,-0.4910367727279663,-10.585232734680176
2026-08-04T05:09:51.332000-04:00,10.102262496948242,-0.4758380055427551,-10.578100204467773
2026-08-04T05:09:51.336000-04:00,10.129854202270508,-0.44824641942977905,-10.578100204467773
2026-08-04T05:09:51.340000-04:00,10.128451347351074,-0.41247087717056274,-10.540922164916992
2026-08-04T05:09:51.344000-04:00,10.114889144897461,-0.43374913930892944,-10.548638343811035
2026-08-04T05:09:51.348000-04:00,10.11652660369873,-0.432813823223114,-10.54934024810791
2026-08-04T05:09:51.352000-04:00,10.113603591918945,-0.42088866233825684,-10.534492492675781
2026-08-04T05:09:51.356000-04:00,10.135817527770996,-0.3878021240234375,-10.523619651794434
2026-08-04T05:09:51.360000-04:00,10.129854202270508,-0.3572877049446106,-10.487141609191895
2026-08-04T05:09:51.364000-04:00,10.131608009338379,-0.32291513681411743,-10.454523086547852
2026-08-04T05:09:51.368000-04:00,10.107290267944336,-0.3388153612613678,-10.44610595703125
2026-08-04T05:09:51.372000-04:00,10.113252639770508,-0.34454411268234253,-10.457797050476074
2026-08-04T05:09:51.376000-04:00,10.111265182495117,-0.31332820653915405,-10.424592971801758
2026-08-04T05:09:51.380000-04:00,10.105653762817383,-0.3287608027458191,-10.434414863586426
2026-08-04T05:09:51.384000-04:00,10.123891830444336,-0.3409197926521301,-10.464811325073242
2026-08-04T05:09:51.388000-04:00,10.137103080749512,-0.36874523758888245,-10.505847930908203
2026-08-04T05:09:51.392000-04:00,10.130087852478027,-0.38768520951271057,-10.517772674560547
2026-08-04T05:09:51.396000-04:00,10.134998321533203,-0.4010133445262909,-10.536011695861816
2026-08-04T05:09:51.400000-04:00,10.118163108825684,-0.41925185918807983,-10.53741455078125
2026-08-04T05:09:51.404000-04:00,10.120617866516113,-0.4343337118625641,-10.554951667785645
2026-08-04T05:09:51.408000-04:00,10.119332313537598,-0.4656665325164795,-10.584999084472656
2026-08-04T05:09:51.412000-04:00,10.112083435058594,-0.47829318046569824,-10.590376853942871
2026-08-04T05:09:51.416000-04:00,10.093961715698242,-0.5002729296684265,-10.594234466552734
2026-08-04T05:09:51.420000-04:00,10.071982383728027,-0.5138348937034607,-10.585817337036133
2026-08-04T05:09:51.424000-04:00,10.070228576660156,-0.5312550067901611,-10.601483345031738
2026-08-04T05:09:51.428000-04:00,10.076892852783203,-0.5507795810699463,-10.62767219543457
2026-08-04T05:09:51.432000-04:00,10.076892852783203,-0.5435309410095215,-10.620424270629883
2026-08-04T05:09:51.436000-04:00,10.074437141418457,-0.5479736328125,-10.622410774230957
2026-08-04T05:09:51.440000-04:00,10.065201759338379,-0.5611848831176758,-10.626386642456055
2026-08-04T05:09:51.444000-04:00,10.074788093566895,-0.5591973662376404,-10.63398551940918
2026-08-04T05:09:51.448000-04:00,10.074437141418457,-0.5753313899040222,-10.649768829345703
2026-08-04T05:09:51.452000-04:00,10.074554443359375,-0.545284628868103,-10.61983871459961
2026-08-04T05:09:51.456000-04:00,10.06941032409668,-0.5520656108856201,-10.621476173400879
2026-08-04T05:09:51.460000-04:00,10.055614471435547,-0.5537024140357971,-10.6093168258667
2026-08-04T05:09:51.464000-04:00,10.066136360168457,-0.5444662570953369,-10.610602378845215
2026-08-04T05:09:51.468000-04:00,10.065201759338379,-0.563406229019165,-10.628607749938965
2026-08-04T05:09:51.472000-04:00,10.051755905151367,-0.5722916722297668,-10.62404727935791
2026-08-04T05:09:51.476000-04:00,10.024632453918457,-0.5279814004898071,-10.552614212036133
2026-08-04T05:09:51.480000-04:00,10.02018928527832,-0.4910367727279663,-10.511225700378418
2026-08-04T05:09:51.484000-04:00,10.087648391723633,-0.5049494504928589,-10.592597961425781
2026-08-04T05:09:51.488000-04:00,10.15990161895752,-0.48916614055633545,-10.649067878723145
2026-08-04T05:09:51.492000-04:00,10.34345531463623,-0.29286834597587585,-10.636323928833008
2026-08-04T05:09:51.496000-04:00,10.452652931213379,0.08090414851903915,-10.371748924255371
2026-08-04T05:09:51.500000-04:00,10.411849975585938,0.5151209235191345,-9.896729469299316
2026-08-04T05:09:51.504000-04:00,10.341351509094238,1.3041702508926392,-9.03718090057373
2026-08-04T05:09:51.508000-04:00,10.287453651428223,1.733710527420044,-8.553743362426758
2026-08-04T05:09:51.512000-04:00,10.256939888000488,1.8710838556289673,-8.385855674743652
2026-08-04T05:09:51.516000-04:00,10.220930099487305,1.7833987474441528,-8.437531471252441
2026-08-04T05:09:51.520000-04:00,10.154640197753906,1.216835856437683,-8.937804222106934
2026-08-04T05:09:51.524000-04:00,10.090104103088379,0.7764226198196411,-9.313681602478027
2026-08-04T05:09:51.528000-04:00,10.09022045135498,0.23698368668556213,-9.85323715209961
2026-08-04T05:09:51.532000-04:00,10.13722038269043,-0.11738117039203644,-10.25460147857666
2026-08-04T05:09:51.536000-04:00,10.197664260864258,-0.16683559119701385,-10.364500045776367
2026-08-04T05:09:51.540000-04:00,10.173813819885254,-0.23955579102039337,-10.413369178771973
2026-08-04T05:09:51.544000-04:00,10.127399444580078,-0.3106392025947571,-10.43803882598877
2026-08-04T05:09:51.548000-04:00,10.152535438537598,-0.3833594024181366,-10.535894393920898
2026-08-04T05:09:51.552000-04:00,10.152652740478516,-0.4079112410545349,-10.560564041137695
2026-08-04T05:09:51.556000-04:00,10.142364501953125,-0.43784111738204956,-10.580205917358398
2026-08-04T05:09:51.560000-04:00,10.138389587402344,-0.44298529624938965,-10.581375122070312
2026-08-04T05:09:51.564000-04:00,10.147157669067383,-0.4641466438770294,-10.61130428314209
2026-08-04T05:09:51.568000-04:00,10.152301788330078,-0.4549104869365692,-10.60721206665039
2026-08-04T05:09:51.572000-04:00,10.155925750732422,-0.4812160134315491,-10.637142181396484
2026-08-04T05:09:51.576000-04:00,10.147391319274902,-0.47548726201057434,-10.622879028320312
2026-08-04T05:09:51.580000-04:00,10.143533706665039,-0.46742022037506104,-10.610954284667969
2026-08-04T05:09:51.584000-04:00,10.15358829498291,-0.4643804728984833,-10.617968559265137
2026-08-04T05:09:51.588000-04:00,10.164227485656738,-0.45584580302238464,-10.620073318481445
2026-08-04T05:09:51.592000-04:00,10.168085098266602,-0.471746027469635,-10.63983154296875
2026-08-04T05:09:51.596000-04:00,10.167266845703125,-0.44988319277763367,-10.61715030670166
2026-08-04T05:09:51.600000-04:00,10.159667015075684,-0.4585348069667816,-10.618202209472656
2026-08-04T05:09:51.604000-04:00,10.171125411987305,-0.4290725886821747,-10.600197792053223
2026-08-04T05:09:51.608000-04:00,10.179191589355469,-0.4331645667552948,-10.612356185913086
2026-08-04T05:09:51.612000-04:00,10.179308891296387,-0.4298909902572632,-10.609199523925781
2026-08-04T05:09:51.616000-04:00,10.194273948669434,-0.42462989687919617,-10.618904113769531
2026-08-04T05:09:51.620000-04:00,10.181062698364258,-0.414692223072052,-10.595754623413086
2026-08-04T05:09:51.624000-04:00,10.18094539642334,-0.40650829672813416,-10.587453842163086
2026-08-04T05:09:51.628000-04:00,10.202808380126953,-0.39528459310531616,-10.598093032836914
2026-08-04T05:09:51.632000-04:00,10.210875511169434,-0.3954015076160431,-10.606277465820312
2026-08-04T05:09:51.636000-04:00,10.210174560546875,-0.3765784204006195,-10.586752891540527
2026-08-04T05:09:51.640000-04:00,10.214032173156738,-0.36184731125831604,-10.575879096984863
2026-08-04T05:09:51.644000-04:00,10.222216606140137,-0.34992215037345886,-10.572138786315918
2026-08-04T05:09:51.648000-04:00,10.231335639953613,-0.3361263573169708,-10.567461967468262
2026-08-04T05:09:51.652000-04:00,10.254484176635742,-0.32045993208885193,-10.574944496154785
2026-08-04T05:09:51.656000-04:00,10.249807357788086,-0.3171863555908203,-10.566993713378906
2026-08-04T05:09:51.660000-04:00,10.257173538208008,-0.2957911789417267,-10.55296516418457
2026-08-04T05:09:51.664000-04:00,10.270735740661621,-0.2898285984992981,-10.560564041137695
2026-08-04T05:09:51.668000-04:00,10.295989036560059,-0.25311776995658875,-10.54910659790039
2026-08-04T05:09:51.672000-04:00,10.309082984924316,-0.2365160435438156,-10.545598983764648
2026-08-04T05:09:51.676000-04:00,10.324281692504883,-0.2031956911087036,-10.527477264404297
2026-08-04T05:09:51.680000-04:00,10.323697090148926,-0.18332038819789886,-10.507017135620117
2026-08-04T05:09:51.684000-04:00,10.353743553161621,-0.15409201383590698,-10.507835388183594
2026-08-04T05:09:51.688000-04:00,10.373852729797363,-0.12299301475286484,-10.496846199035645
2026-08-04T05:09:51.692000-04:00,10.40097713470459,-0.07879970967769623,-10.479776382446289
2026-08-04T05:09:51.696000-04:00,10.424359321594238,-0.04524552822113037,-10.4696044921875
2026-08-04T05:09:51.700000-04:00,10.42587947845459,-0.020810605958104134,-10.446690559387207
2026-08-04T05:09:51.704000-04:00,10.447858810424805,0.012743572704494,-10.435114860534668
2026-08-04T05:09:51.708000-04:00,10.46294116973877,0.03624318912625313,-10.426697731018066
2026-08-04T05:09:51.712000-04:00,10.485271453857422,0.06605613231658936,-10.419215202331543
2026-08-04T05:09:51.716000-04:00,10.485973358154297,0.06710835546255112,-10.418865203857422
2026-08-04T05:09:51.720000-04:00,10.490181922912598,0.10218241065740585,-10.387999534606934
2026-08-04T05:09:51.724000-04:00,10.494507789611816,0.0983242616057396,-10.396183967590332
2026-08-04T05:09:51.728000-04:00,10.516487121582031,0.09925957024097443,-10.417227745056152
2026-08-04T05:09:51.732000-04:00,10.50841999053955,0.10405302792787552,-10.404366493225098
2026-08-04T05:09:51.736000-04:00,10.498600006103516,0.12708498537540436,-10.371515274047852
2026-08-04T05:09:51.740000-04:00,10.482232093811035,0.1265004277229309,-10.355731964111328
2026-08-04T05:09:51.744000-04:00,10.471826553344727,0.11597820371389389,-10.35584831237793
2026-08-04T05:09:51.748000-04:00,10.461889266967773,0.07061576098203659,-10.391273498535156
2026-08-04T05:09:51.752000-04:00,10.444936752319336,0.050038982182741165,-10.3948974609375
2026-08-04T05:09:51.756000-04:00,10.414304733276367,0.024434924125671387,-10.389869689941406
2026-08-04T05:09:51.760000-04:00,10.394312858581543,-0.012275919318199158,-10.406588554382324
2026-08-04T05:09:51.764000-04:00,10.369059562683105,-0.07879970967769623,-10.447858810424805
2026-08-04T05:09:51.768000-04:00,10.342403411865234,-0.13152770698070526,-10.473931312561035
2026-08-04T05:09:51.772000-04:00,10.323579788208008,-0.1725643426179886,-10.49614429473877
2026-08-04T05:09:51.776000-04:00,10.28394603729248,-0.2116134613752365,-10.495559692382812
2026-08-04T05:09:51.780000-04:00,10.272956848144531,-0.23394393920898438,-10.506900787353516
2026-08-04T05:09:51.784000-04:00,10.235661506652832,-0.28234612941741943,-10.518007278442383
2026-08-04T05:09:51.788000-04:00,10.231335639953613,-0.31379586458206177,-10.54513168334961
2026-08-04T05:09:51.792000-04:00,10.20970630645752,-0.39037421345710754,-10.600080490112305
2026-08-04T05:09:51.796000-04:00,10.180244445800781,-0.4158613681793213,-10.596105575561523
2026-08-04T05:09:51.800000-04:00,10.165980339050293,-0.43526899814605713,-10.601249694824219
2026-08-04T05:09:51.804000-04:00,10.151717185974121,-0.4588855504989624,-10.610602378845215
2026-08-04T05:09:51.808000-04:00,10.1389741897583,-0.4724475145339966,-10.611421585083008
2026-08-04T05:09:51.812000-04:00,10.136518478393555,-0.4893999695777893,-10.6259183883667
2026-08-04T05:09:51.816000-04:00,10.125879287719727,-0.49407652020454407,-10.619956016540527
2026-08-04T05:09:51.820000-04:00,10.123190879821777,-0.5051832795143127,-10.628374099731445
2026-08-04T05:09:51.824000-04:00,10.115473747253418,-0.5159393548965454,-10.631413459777832
2026-08-04T05:09:51.828000-04:00,10.119683265686035,-0.507989227771759,-10.62767219543457
2026-08-04T05:09:51.832000-04:00,10.110797882080078,-0.5303196907043457,-10.641117095947266
2026-08-04T05:09:51.836000-04:00,10.10436725616455,-0.5316057205200195,-10.63597297668457
2026-08-04T05:09:51.840000-04:00,10.091623306274414,-0.5352300405502319,-10.626852989196777
2026-08-04T05:09:51.844000-04:00,10.09606647491455,-0.5269291996955872,-10.622995376586914
2026-08-04T05:09:51.848000-04:00,10.101327896118164,-0.5316057205200195,-10.632933616638184
2026-08-04T05:09:51.852000-04:00,10.10015869140625,-0.5245909094810486,-10.624749183654785
2026-08-04T05:09:51.856000-04:00,10.09817123413086,-0.5305535197257996,-10.628725051879883
2026-08-04T05:09:51.860000-04:00,10.095248222351074,-0.5081061124801636,-10.603354454040527
2026-08-04T05:09:51.864000-04:00,10.093027114868164,-0.4953625500202179,-10.58838939666748
2026-08-04T05:09:51.868000-04:00,10.102262496948242,-0.5169915556907654,-10.619254112243652
2026-08-04T05:09:51.872000-04:00,10.106822967529297,-0.5237725377082825,-10.630595207214355
2026-08-04T05:09:51.876000-04:00,10.105770111083984,-0.5128995776176453,-10.618669509887695
2026-08-04T05:09:51.880000-04:00,10.097118377685547,-0.48916614055633545,-10.586284637451172
2026-08-04T05:09:51.884000-04:00,10.103899955749512,-0.48963379859924316,-10.593533515930176
2026-08-04T05:09:51.888000-04:00,10.101094245910645,-0.49723318219184875,-10.59832763671875
2026-08-04T05:09:51.892000-04:00,10.107991218566895,-0.4671863913536072,-10.575177192687988
2026-08-04T05:09:51.896000-04:00,10.108810424804688,-0.47992998361587524,-10.588740348815918
2026-08-04T05:09:51.900000-04:00,10.095949172973633,-0.48063144087791443,-10.576581001281738
2026-08-04T05:09:51.904000-04:00,10.11091423034668,-0.47385045886039734,-10.58476448059082
2026-08-04T05:09:51.908000-04:00,10.124359130859375,-0.45631343126296997,-10.580672264099121
2026-08-04T05:09:51.912000-04:00,10.133479118347168,-0.45549505949020386,-10.588973999023438
2026-08-04T05:09:51.916000-04:00,10.118045806884766,-0.4384256899356842,-10.556471824645996
2026-08-04T05:09:51.920000-04:00,10.11699390411377,-0.4560796320438385,-10.573073387145996
2026-08-04T05:09:51.924000-04:00,10.121787071228027,-0.4391271471977234,-10.560914039611816
2026-08-04T05:09:51.928000-04:00,10.124009132385254,-0.4443882703781128,-10.568397521972656
2026-08-04T05:09:51.932000-04:00,10.138739585876465,-0.44216692447662354,-10.580906867980957
2026-08-04T05:09:51.936000-04:00,10.124943733215332,-0.4439206123352051,-10.568864822387695
2026-08-04T05:09:51.940000-04:00,10.12915325164795,-0.43421679735183716,-10.563369750976562
2026-08-04T05:09:51.944000-04:00,10.13359546661377,-0.43129396438598633,-10.564889907836914
2026-08-04T05:09:51.948000-04:00,10.138856887817383,-0.4453235864639282,-10.58418083190918
2026-08-04T05:09:51.952000-04:00,10.149028778076172,-0.4319954216480255,-10.581024169921875
2026-08-04T05:09:51.956000-04:00,10.138038635253906,-0.42743581533432007,-10.565474510192871
2026-08-04T05:09:51.960000-04:00,10.122488975524902,-0.423226922750473,-10.545716285705566
2026-08-04T05:09:51.964000-04:00,10.12482738494873,-0.42614975571632385,-10.550976753234863
2026-08-04T05:09:51.968000-04:00,10.126230239868164,-0.42743581533432007,-10.553666114807129
2026-08-04T05:09:51.972000-04:00,10.132192611694336,-0.4468434453010559,-10.579035758972168
2026-08-04T05:09:51.976000-04:00,10.12891960144043,-0.4557288885116577,-10.584648132324219
2026-08-04T05:09:51.980000-04:00,10.12529468536377,-0.449298620223999,-10.574593544006348
2026-08-04T05:09:51.984000-04:00,10.121437072753906,-0.46426355838775635,-10.585700988769531
2026-08-04T05:09:51.988000-04:00,10.12728214263916,-0.4724475145339966,-10.599729537963867
2026-08-04T05:09:51.992000-04:00,10.120034217834473,-0.4778255224227905,-10.597859382629395
2026-08-04T05:09:51.996000-04:00,10.113369941711426,-0.4730320870876312,-10.58640193939209
2026-08-04T05:09:52-04:00,10.113136291503906,-0.4808652698993683,-10.594001770019531
2026-08-04T05:09:52.004000-04:00,10.120384216308594,-0.46999233961105347,-10.590376853942871
2026-08-04T05:09:52.008000-04:00,10.11898136138916,-0.5016759037971497,-10.620656967163086
2026-08-04T05:09:52.012000-04:00,10.115240097045898,-0.5064693689346313,-10.621709823608398
2026-08-04T05:09:52.016000-04:00,10.112083435058594,-0.49080294370651245,-10.602886199951172
2026-08-04T05:09:52.020000-04:00,10.10015869140625,-0.47841009497642517,-10.578568458557129
2026-08-04T05:09:52.024000-04:00,10.106588363647461,-0.47349974513053894,-10.580087661743164
2026-08-04T05:09:52.028000-04:00,10.114655494689941,-0.4902183711528778,-10.604873657226562
2026-08-04T05:09:52.032000-04:00,10.113369941711426,-0.5022604465484619,-10.615630149841309
2026-08-04T05:09:52.036000-04:00,10.095599174499512,-0.51605623960495,-10.611655235290527
2026-08-04T05:09:52.040000-04:00,10.100976943969727,-0.5006236433982849,-10.601600646972656
2026-08-04T05:09:52.044000-04:00,10.109044075012207,-0.4985192120075226,-10.607563018798828
2026-08-04T05:09:52.048000-04:00,10.102497100830078,-0.5132503509521484,-10.615747451782227
2026-08-04T05:09:52.052000-04:00,10.111849784851074,-0.5119642615318298,-10.62381362915039
2026-08-04T05:09:52.056000-04:00,10.101094245910645,-0.5230710506439209,-10.624165534973145
2026-08-04T05:09:52.060000-04:00,10.08601188659668,-0.5181607007980347,-10.604172706604004
2026-08-04T05:09:52.064000-04:00,10.100859642028809,-0.5215511918067932,-10.622410774230957
2026-08-04T05:09:52.068000-04:00,10.098989486694336,-0.5251755118370056,-10.624164581298828
2026-08-04T05:09:52.072000-04:00,10.089986801147461,-0.5290336608886719,-10.619020462036133
2026-08-04T05:09:52.076000-04:00,10.08987045288086,-0.5520656108856201,-10.641936302185059
2026-08-04T05:09:52.080000-04:00,10.092442512512207,-0.5455184578895569,-10.637961387634277
2026-08-04T05:09:52.084000-04:00,10.093377113342285,-0.5354638695716858,-10.628841400146484
2026-08-04T05:09:52.088000-04:00,10.098638534545898,-0.5417772531509399,-10.640416145324707
2026-08-04T05:09:52.092000-04:00,10.101444244384766,-0.542011022567749,-10.643455505371094
2026-08-04T05:09:52.096000-04:00,10.093961715698242,-0.527747631072998,-10.621709823608398
2026-08-04T05:09:52.100000-04:00,10.088817596435547,-0.5201482176780701,-10.608965873718262
2026-08-04T05:09:52.104000-04:00,10.095248222351074,-0.5209665894508362,-10.616214752197266
2026-08-04T05:09:52.108000-04:00,10.095832824707031,-0.5338271260261536,-10.629659652709961
2026-08-04T05:09:52.112000-04:00,10.10460090637207,-0.5292674899101257,-10.633868217468262
2026-08-04T05:09:52.116000-04:00,10.098053932189941,-0.5311381220817566,-10.629192352294922
2026-08-04T05:09:52.120000-04:00,10.089051246643066,-0.522837221622467,-10.611888885498047
2026-08-04T05:09:52.124000-04:00,10.092207908630371,-0.532541036605835,-10.624749183654785
2026-08-04T05:09:52.128000-04:00,10.102028846740723,-0.5236556529998779,-10.62568473815918
2026-08-04T05:09:52.132000-04:00,10.091039657592773,-0.5493766069412231,-10.640416145324707
2026-08-04T05:09:52.136000-04:00,10.095949172973633,-0.5477398037910461,-10.643689155578613
2026-08-04T05:09:52.140000-04:00,10.116409301757812,-0.49606403708457947,-10.612473487854004
2026-08-04T05:09:52.144000-04:00,10.125996589660645,-0.462159126996994,-10.588155746459961
2026-08-04T05:09:52.148000-04:00,10.126463890075684,-0.4680047929286957,-10.59446907043457
2026-08-04T05:09:52.152000-04:00,10.117578506469727,-0.47197985649108887,-10.589558601379395
2026-08-04T05:09:52.156000-04:00,10.097352981567383,-0.47361665964126587,-10.570969581604004
2026-08-04T05:09:52.160000-04:00,10.099574089050293,-0.448363333940506,-10.547937393188477
2026-08-04T05:09:52.164000-04:00,10.120617866516113,-0.43655505776405334,-10.557172775268555
2026-08-04T05:09:52.168000-04:00,10.120501518249512,-0.4003118574619293,-10.52081298828125
2026-08-04T05:09:52.172000-04:00,10.108810424804688,-0.38113805651664734,-10.489948272705078
2026-08-04T05:09:52.176000-04:00,10.07724380493164,-0.39844125509262085,-10.475685119628906
2026-08-04T05:09:52.180000-04:00,10.089519500732422,-0.3764615058898926,-10.465980529785156
2026-08-04T05:09:52.184000-04:00,10.095248222351074,-0.36465325951576233,-10.459901809692383
2026-08-04T05:09:52.188000-04:00,10.092792510986328,-0.37599384784698486,-10.468786239624023
2026-08-04T05:09:52.192000-04:00,10.119799613952637,-0.3950507640838623,-10.514850616455078
2026-08-04T05:09:52.196000-04:00,10.124242782592773,-0.4049884080886841,-10.529231071472168
2026-08-04T05:09:52.200000-04:00,10.111849784851074,-0.4367888867855072,-10.548638343811035
2026-08-04T05:09:52.204000-04:00,10.109277725219727,-0.49080294370651245,-10.600080490112305
2026-08-04T05:09:52.208000-04:00,10.114421844482422,-0.5016759037971497,-10.616097450256348
2026-08-04T05:09:52.212000-04:00,10.105536460876465,-0.5100936889648438,-10.615630149841309
2026-08-04T05:09:52.216000-04:00,10.10039234161377,-0.5284490585327148,-10.628841400146484
2026-08-04T05:09:52.220000-04:00,10.081803321838379,-0.5597819089889526,-10.641585350036621
2026-08-04T05:09:52.224000-04:00,10.07771110534668,-0.5805925130844116,-10.658303260803223
2026-08-04T05:09:52.228000-04:00,10.06309700012207,-0.5991817712783813,-10.66227912902832
2026-08-04T05:09:52.232000-04:00,10.061810493469238,-0.5950897932052612,-10.656900405883789
2026-08-04T05:09:52.236000-04:00,10.057835578918457,-0.5880749821662903,-10.645910263061523
2026-08-04T05:09:52.240000-04:00,10.05888843536377,-0.585269033908844,-10.644157409667969
2026-08-04T05:09:52.244000-04:00,10.063681602478027,-0.5802417993545532,-10.64392375946045
2026-08-04T05:09:52.248000-04:00,10.068708419799805,-0.5956743359565735,-10.664382934570312
2026-08-04T05:09:52.252000-04:00,10.068592071533203,-0.603390634059906,-10.671982765197754
2026-08-04T05:09:52.256000-04:00,10.057719230651855,-0.6031568050384521,-10.660876274108887
2026-08-04T05:09:52.260000-04:00,10.037141799926758,-0.6052612662315369,-10.642402648925781
2026-08-04T05:09:52.264000-04:00,10.045208930969238,-0.6016369462013245,-10.646845817565918
2026-08-04T05:09:52.268000-04:00,10.04696273803711,-0.6126267910003662,-10.659589767456055
2026-08-04T05:09:52.272000-04:00,10.04649543762207,-0.6012861728668213,-10.647781372070312
2026-08-04T05:09:52.276000-04:00,10.03819465637207,-0.6168357133865356,-10.655030250549316
2026-08-04T05:09:52.280000-04:00,10.001951217651367,-0.6025722622871399,-10.604523658752441
2026-08-04T05:09:52.284000-04:00,9.990727424621582,-0.5560406446456909,-10.546768188476562
2026-08-04T05:09:52.288000-04:00,10.002067565917969,-0.5378021597862244,-10.53986930847168
2026-08-04T05:09:52.292000-04:00,10.078763008117676,-0.5666797757148743,-10.645442962646484
2026-08-04T05:09:52.296000-04:00,10.200469970703125,-0.4668356478214264,-10.667305946350098
2026-08-04T05:09:52.300000-04:00,10.319955825805664,-0.315081924200058,-10.635037422180176
2026-08-04T05:09:52.304000-04:00,10.425294876098633,0.07377243041992188,-10.351522445678711
2026-08-04T05:09:52.308000-04:00,10.364032745361328,0.49512872099876404,-9.868904113769531
2026-08-04T05:09:52.312000-04:00,10.309783935546875,1.2744742631912231,-9.035309791564941
2026-08-04T05:09:52.316000-04:00,10.254484176635742,1.6750198602676392,-8.579463958740234
2026-08-04T05:09:52.320000-04:00,10.220111846923828,1.832619309425354,-8.387492179870605
2026-08-04T05:09:52.324000-04:00,10.1638765335083,1.758028507232666,-8.405847549438477
2026-08-04T05:09:52.328000-04:00,10.13558292388916,1.1388545036315918,-8.996728897094727
2026-08-04T05:09:52.332000-04:00,10.095481872558594,0.5368668437004089,-9.558614730834961
2026-08-04T05:09:52.336000-04:00,10.092909812927246,0.15245522558689117,-9.940454483032227
2026-08-04T05:09:52.340000-04:00,10.142130851745605,-0.1461418867111206,-10.288272857666016
2026-08-04T05:09:52.344000-04:00,10.193689346313477,-0.20565086603164673,-10.399340629577637
2026-08-04T05:09:52.348000-04:00,10.15803050994873,-0.2977787256240845,-10.455809593200684
2026-08-04T05:09:52.352000-04:00,10.120384216308594,-0.38113805651664734,-10.501522064208984
2026-08-04T05:09:52.356000-04:00,10.116409301757812,-0.4496493637561798,-10.566059112548828
2026-08-04T05:09:52.360000-04:00,10.12482738494873,-0.4604054093360901,-10.585232734680176
2026-08-04T05:09:52.364000-04:00,10.114304542541504,-0.4901014566421509,-10.604406356811523
2026-08-04T05:09:52.368000-04:00,10.127866744995117,-0.49325811862945557,-10.621125221252441
2026-08-04T05:09:52.372000-04:00,10.123190879821777,-0.49723318219184875,-10.620424270629883
2026-08-04T05:09:52.376000-04:00,10.124242782592773,-0.5005067586898804,-10.624749183654785
2026-08-04T05:09:52.380000-04:00,10.116642951965332,-0.5091583728790283,-10.625801086425781
2026-08-04T05:09:52.384000-04:00,10.134764671325684,-0.5065862536430359,-10.641350746154785
2026-08-04T05:09:52.388000-04:00,10.132192611694336,-0.5145363807678223,-10.646728515625
2026-08-04T05:09:52.392000-04:00,10.139908790588379,-0.5186283588409424,-10.658536911010742
2026-08-04T05:09:52.396000-04:00,10.124359130859375,-0.509041428565979,-10.633400917053223
2026-08-04T05:09:52.400000-04:00,10.138272285461426,-0.5042479634284973,-10.6425199508667
2026-08-04T05:09:52.404000-04:00,10.148209571838379,-0.48600947856903076,-10.6342191696167
2026-08-04T05:09:52.408000-04:00,10.150547981262207,-0.48472341895103455,-10.635271072387695
2026-08-04T05:09:52.412000-04:00,10.167617797851562,-0.45654726028442383,-10.624164581298828
2026-08-04T05:09:52.416000-04:00,10.165746688842773,-0.4643804728984833,-10.630126953125
2026-08-04T05:09:52.420000-04:00,10.161304473876953,-0.4720967710018158,-10.633400917053223
2026-08-04T05:09:52.424000-04:00,10.171475410461426,-0.4529229402542114,-10.624398231506348
2026-08-04T05:09:52.428000-04:00,10.173931121826172,-0.45526123046875,-10.629192352294922
2026-08-04T05:09:52.432000-04:00,10.17849063873291,-0.4376072883605957,-10.616098403930664
2026-08-04T05:09:52.436000-04:00,10.181180000305176,-0.42848801612854004,-10.609667778015137
2026-08-04T05:09:52.440000-04:00,10.185855865478516,-0.4003118574619293,-10.586167335510254
2026-08-04T05:09:52.444000-04:00,10.190065383911133,-0.3949338495731354,-10.584999084472656
2026-08-04T05:09:52.448000-04:00,10.201872825622559,-0.39481693506240845,-10.59669017791748
2026-08-04T05:09:52.452000-04:00,10.216604232788086,-0.367809921503067,-10.5844144821167
2026-08-04T05:09:52.456000-04:00,10.208069801330566,-0.37388941645622253,-10.581958770751953
2026-08-04T05:09:52.460000-04:00,10.221514701843262,-0.328877717256546,-10.550392150878906
2026-08-04T05:09:52.464000-04:00,10.228646278381348,-0.3284100592136383,-10.557056427001953
2026-08-04T05:09:52.468000-04:00,10.252029418945312,-0.31905698776245117,-10.571086883544922
2026-08-04T05:09:52.472000-04:00,10.262317657470703,-0.29684340953826904,-10.559161186218262
2026-08-04T05:09:52.476000-04:00,10.257758140563965,-0.28082627058029175,-10.53858470916748
2026-08-04T05:09:52.480000-04:00,10.27319049835205,-0.25756046175956726,-10.53075122833252
2026-08-04T05:09:52.484000-04:00,10.30241870880127,-0.2215511053800583,-10.523969650268555
2026-08-04T05:09:52.488000-04:00,10.31679916381836,-0.18998445570468903,-10.506783485412598
2026-08-04T05:09:52.492000-04:00,10.347664833068848,-0.15947003662586212,-10.507134437561035
2026-08-04T05:09:52.496000-04:00,10.366487503051758,-0.10042870789766312,-10.46691608428955
2026-08-04T05:09:52.500000-04:00,10.367656707763672,-0.08558069169521332,-10.453237533569336
2026-08-04T05:09:52.504000-04:00,10.404484748840332,-0.045830097049474716,-10.45031452178955
2026-08-04T05:09:52.508000-04:00,10.432426452636719,-0.0007014810689724982,-10.433128356933594
2026-08-04T05:09:52.512000-04:00,10.446806907653809,0.011457524262368679,-10.435349464416504
2026-08-04T05:09:52.516000-04:00,10.457328796386719,0.047349974513053894,-10.409978866577148
2026-08-04T05:09:52.520000-04:00,10.466682434082031,0.08826970309019089,-10.378413200378418
2026-08-04T05:09:52.524000-04:00,10.472177505493164,0.10884647816419601,-10.363330841064453
2026-08-04T05:09:52.528000-04:00,10.487960815429688,0.11387376487255096,-10.3740873336792
2026-08-04T05:09:52.532000-04:00,10.499300956726074,0.11819956451654434,-10.381101608276367
2026-08-04T05:09:52.536000-04:00,10.489246368408203,0.11901795864105225,-10.37022876739502
2026-08-04T05:09:52.540000-04:00,10.482816696166992,0.14403745532035828,-10.33877944946289
2026-08-04T05:09:52.544000-04:00,10.468085289001465,0.13281375169754028,-10.335271835327148
2026-08-04T05:09:52.548000-04:00,10.470190048217773,0.11176931858062744,-10.358420372009277
2026-08-04T05:09:52.552000-04:00,10.463408470153809,0.0951675996184349,-10.368241310119629
2026-08-04T05:09:52.556000-04:00,10.43371295928955,0.058106016367673874,-10.375606536865234
2026-08-04T05:09:52.560000-04:00,10.402613639831543,0.007833205163478851,-10.394780158996582
2026-08-04T05:09:52.564000-04:00,10.384024620056152,-0.01332814060151577,-10.397353172302246
2026-08-04T05:09:52.568000-04:00,10.361109733581543,-0.09762278199195862,-10.458732604980469
2026-08-04T05:09:52.572000-04:00,10.335739135742188,-0.13199535012245178,-10.467734336853027
2026-08-04T05:09:52.576000-04:00,10.29797649383545,-0.18074829876422882,-10.478724479675293
2026-08-04T05:09:52.580000-04:00,10.26921558380127,-0.2075214833021164,-10.476737022399902
2026-08-04T05:09:52.584000-04:00,10.247469902038574,-0.2456352859735489,-10.493104934692383
2026-08-04T05:09:52.588000-04:00,10.231802940368652,-0.2835152745246887,-10.515317916870117
2026-08-04T05:09:52.592000-04:00,10.1969633102417,-0.3348402976989746,-10.531803131103516
2026-08-04T05:09:52.596000-04:00,10.174398422241211,-0.3849962055683136,-10.559394836425781
2026-08-04T05:09:52.600000-04:00,10.160602569580078,-0.3922448456287384,-10.552847862243652
2026-08-04T05:09:52.604000-04:00,10.133479118347168,-0.4517538249492645,-10.585232734680176
2026-08-04T05:09:52.608000-04:00,10.138505935668945,-0.47034305334091187,-10.608848571777344
2026-08-04T05:09:52.612000-04:00,10.13359546661377,-0.46625110507011414,-10.599846839904785
2026-08-04T05:09:52.616000-04:00,10.114070892333984,-0.4785270094871521,-10.592597961425781
2026-08-04T05:09:52.620000-04:00,10.095014572143555,-0.509626030921936,-10.60464096069336
2026-08-04T05:09:52.624000-04:00,10.097702980041504,-0.5164070129394531,-10.614109992980957
2026-08-04T05:09:52.628000-04:00,10.099456787109375,-0.522837221622467,-10.622294425964355
2026-08-04T05:09:52.632000-04:00,10.096884727478027,-0.5140687227249146,-10.610953330993652
2026-08-04T05:09:52.636000-04:00,10.08191967010498,-0.5245909094810486,-10.606510162353516
2026-08-04T05:09:52.640000-04:00,10.07946491241455,-0.5175760984420776,-10.597041130065918
2026-08-04T05:09:52.644000-04:00,10.081101417541504,-0.5148870944976807,-10.595988273620605
2026-08-04T05:09:52.648000-04:00,10.078529357910156,-0.5303196907043457,-10.608848571777344
2026-08-04T05:09:52.652000-04:00,10.085193634033203,-0.5310211777687073,-10.616214752197266
2026-08-04T05:09:52.656000-04:00,10.07747745513916,-0.5155885815620422,-10.593066215515137
2026-08-04T05:09:52.660000-04:00,10.061576843261719,-0.5423617959022522,-10.603939056396484
2026-08-04T05:09:52.664000-04:00,10.056900024414062,-0.5402573347091675,-10.59715747833252
2026-08-04T05:09:52.668000-04:00,10.0779447555542,-0.528799831867218,-10.606744766235352
2026-08-04T05:09:52.672000-04:00,10.072917938232422,-0.528799831867218,-10.601717948913574
2026-08-04T05:09:52.676000-04:00,10.064148902893066,-0.5292674899101257,-10.593416213989258
2026-08-04T05:09:52.680000-04:00,10.067890167236328,-0.5299689769744873,-10.597859382629395
2026-08-04T05:09:52.684000-04:00,10.06309700012207,-0.5088075995445251,-10.571904182434082
2026-08-04T05:09:52.688000-04:00,10.078529357910156,-0.5194467306137085,-10.597975730895996
2026-08-04T05:09:52.692000-04:00,10.079113960266113,-0.5036634206771851,-10.58277702331543
2026-08-04T05:09:52.696000-04:00,10.075957298278809,-0.5185114145278931,-10.59446907043457
2026-08-04T05:09:52.700000-04:00,10.070462226867676,-0.4989868700504303,-10.569449424743652
2026-08-04T05:09:52.704000-04:00,10.076541900634766,-0.4821513295173645,-10.558692932128906
2026-08-04T05:09:52.708000-04:00,10.082972526550293,-0.4885815680027008,-10.571554183959961
2026-08-04T05:09:52.712000-04:00,10.086596488952637,-0.4910367727279663,-10.577632904052734
2026-08-04T05:09:52.716000-04:00,10.089753150939941,-0.4828528165817261,-10.572606086730957
2026-08-04T05:09:52.720000-04:00,10.082972526550293,-0.4657834470272064,-10.548755645751953
2026-08-04T05:09:52.724000-04:00,10.093377113342285,-0.4656665325164795,-10.559043884277344
2026-08-04T05:09:52.728000-04:00,10.108108520507812,-0.4599377512931824,-10.568046569824219
2026-08-04T05:09:52.732000-04:00,10.098755836486816,-0.4669525623321533,-10.56570816040039
2026-08-04T05:09:52.736000-04:00,10.089051246643066,-0.46543270349502563,-10.554484367370605
2026-08-04T05:09:52.740000-04:00,10.095014572143555,-0.45023393630981445,-10.545248031616211
2026-08-04T05:09:52.744000-04:00,10.093961715698242,-0.44579121470451355,-10.539752960205078
2026-08-04T05:09:52.748000-04:00,10.108575820922852,-0.45420899987220764,-10.562785148620605
2026-08-04T05:09:52.752000-04:00,10.09185791015625,-0.4464927017688751,-10.538351058959961
2026-08-04T05:09:52.756000-04:00,10.09630012512207,-0.4384256899356842,-10.5347261428833
2026-08-04T05:09:52.760000-04:00,10.10436725616455,-0.4226423501968384,-10.527009963989258
2026-08-04T05:09:52.764000-04:00,10.09630012512207,-0.4356197416782379,-10.531919479370117
2026-08-04T05:09:52.768000-04:00,10.097702980041504,-0.47197985649108887,-10.569683074951172
2026-08-04T05:09:52.772000-04:00,10.090922355651855,-0.4653157889842987,-10.556238174438477
2026-08-04T05:09:52.776000-04:00,10.09630012512207,-0.43503519892692566,-10.53133487701416
2026-08-04T05:09:52.780000-04:00,10.08554458618164,-0.45070159435272217,-10.536246299743652
2026-08-04T05:09:52.784000-04:00,10.090688705444336,-0.4351521134376526,-10.525840759277344
2026-08-04T05:09:52.788000-04:00,10.109160423278809,-0.449298620223999,-10.558459281921387
2026-08-04T05:09:52.792000-04:00,10.101210594177246,-0.4671863913536072,-10.56839656829834
2026-08-04T05:09:52.796000-04:00,10.092676162719727,-0.4588855504989624,-10.55156135559082
2026-08-04T05:09:52.800000-04:00,10.082504272460938,-0.4713952839374542,-10.553899765014648
2026-08-04T05:09:52.804000-04:00,10.088116645812988,-0.4666018486022949,-10.554718017578125
2026-08-04T05:09:52.808000-04:00,10.093377113342285,-0.4869447946548462,-10.580322265625
2026-08-04T05:09:52.812000-04:00,10.08823299407959,-0.4834373891353607,-10.571670532226562
2026-08-04T05:09:52.816000-04:00,10.084375381469727,-0.4848403334617615,-10.569215774536133
2026-08-04T05:09:52.820000-04:00,10.08355712890625,-0.48390504717826843,-10.567461967468262
2026-08-04T05:09:52.824000-04:00,10.085309982299805,-0.4933750331401825,-10.57868480682373
2026-08-04T05:09:52.828000-04:00,10.093961715698242,-0.48390504717826843,-10.577866554260254
2026-08-04T05:09:52.832000-04:00,10.091740608215332,-0.5121980905532837,-10.603939056396484
2026-08-04T05:09:52.836000-04:00,10.082504272460938,-0.5045987367630005,-10.587102890014648
2026-08-04T05:09:52.840000-04:00,10.084024429321289,-0.5013251304626465,-10.585350036621094
2026-08-04T05:09:52.844000-04:00,10.078763008117676,-0.5197975039482117,-10.598560333251953
2026-08-04T05:09:52.848000-04:00,10.088934898376465,-0.5036634206771851,-10.592597961425781
2026-08-04T05:09:52.852000-04:00,10.093377113342285,-0.5069369673728943,-10.600314140319824
2026-08-04T05:09:52.856000-04:00,10.073385238647461,-0.5222526788711548,-10.595638275146484
2026-08-04T05:09:52.860000-04:00,10.076308250427246,-0.5206158757209778,-10.596923828125
2026-08-04T05:09:52.864000-04:00,10.084375381469727,-0.5021435618400574,-10.586519241333008
2026-08-04T05:09:52.868000-04:00,10.087181091308594,-0.5099767446517944,-10.59715747833252
2026-08-04T05:09:52.872000-04:00,10.081218719482422,-0.5136010646820068,-10.594820022583008
2026-08-04T05:09:52.876000-04:00,10.077009201049805,-0.5270461440086365,-10.604055404663086
2026-08-04T05:09:52.880000-04:00,10.07771110534668,-0.5201482176780701,-10.597859382629395
2026-08-04T05:09:52.884000-04:00,10.074437141418457,-0.507404625415802,-10.581841468811035
2026-08-04T05:09:52.888000-04:00,10.075606346130371,-0.5283321738243103,-10.603938102722168
2026-08-04T05:09:52.892000-04:00,10.08156967163086,-0.5167577266693115,-10.59832763671875
2026-08-04T05:09:52.896000-04:00,10.065902709960938,-0.5250585675239563,-10.590961456298828
2026-08-04T05:09:52.900000-04:00,10.069059371948242,-0.5334763526916504,-10.602535247802734
2026-08-04T05:09:52.904000-04:00,10.07186508178711,-0.5313718914985657,-10.60323715209961
2026-08-04T05:09:52.908000-04:00,10.089519500732422,-0.5209665894508362,-10.610486030578613
2026-08-04T05:09:52.912000-04:00,10.085193634033203,-0.5206158757209778,-10.605809211730957
2026-08-04T05:09:52.916000-04:00,10.075606346130371,-0.5256431698799133,-10.601249694824219
2026-08-04T05:09:52.920000-04:00,10.060641288757324,-0.5390881896018982,-10.599729537963867
2026-08-04T05:09:52.924000-04:00,10.062395095825195,-0.5408419370651245,-10.60323715209961
2026-08-04T05:09:52.928000-04:00,10.070111274719238,-0.5371006727218628,-10.60721206665039
2026-08-04T05:09:52.932000-04:00,10.076190948486328,-0.534177839756012,-10.610368728637695
2026-08-04T05:09:52.936000-04:00,10.068007469177246,-0.5528839826583862,-10.620891571044922
2026-08-04T05:09:52.940000-04:00,10.062629699707031,-0.5479736328125,-10.610603332519531
2026-08-04T05:09:52.944000-04:00,10.065435409545898,-0.5423617959022522,-10.607797622680664
2026-08-04T05:09:52.948000-04:00,10.075606346130371,-0.5567421317100525,-10.63234806060791
2026-08-04T05:09:52.952000-04:00,10.077593803405762,-0.5627047419548035,-10.640298843383789
2026-08-04T05:09:52.956000-04:00,10.068007469177246,-0.558262050151825,-10.626269340515137
2026-08-04T05:09:52.960000-04:00,10.066136360168457,-0.546336829662323,-10.612473487854004
2026-08-04T05:09:52.964000-04:00,10.068708419799805,-0.5217850208282471,-10.590493202209473
2026-08-04T05:09:52.968000-04:00,10.07361888885498,-0.5479736328125,-10.62159252166748
2026-08-04T05:09:52.972000-04:00,10.07139778137207,-0.5438816547393799,-10.615279197692871
2026-08-04T05:09:52.976000-04:00,10.069877624511719,-0.5434139966964722,-10.61329174041748
2026-08-04T05:09:52.980000-04:00,10.063447952270508,-0.5465706586837769,-10.610018730163574
2026-08-04T05:09:52.984000-04:00,10.062278747558594,-0.554988443851471,-10.617267608642578
2026-08-04T05:09:52.988000-04:00,10.069526672363281,-0.5573267340660095,-10.626852989196777
2026-08-04T05:09:52.992000-04:00,10.074905395507812,-0.558262050151825,-10.633167266845703
2026-08-04T05:09:52.996000-04:00,10.096651077270508,-0.5251755118370056,-10.621826171875
2026-08-04T05:09:53-04:00,10.103431701660156,-0.5097429156303406,-10.613174438476562
2026-08-04T05:09:53.004000-04:00,10.09630012512207,-0.49407652020454407,-10.590376853942871
2026-08-04T05:09:53.008000-04:00,10.094663619995117,-0.5012082457542419,-10.595871925354004
2026-08-04T05:09:53.012000-04:00,10.091156005859375,-0.47186294198036194,-10.563018798828125
2026-08-04T05:09:53.016000-04:00,10.091740608215332,-0.4692908525466919,-10.561031341552734
2026-08-04T05:09:53.020000-04:00,10.100859642028809,-0.421590119600296,-10.522449493408203
2026-08-04T05:09:53.024000-04:00,10.09630012512207,-0.38791903853416443,-10.484219551086426
2026-08-04T05:09:53.028000-04:00,10.071748733520508,-0.3932970464229584,-10.465045928955078
2026-08-04T05:09:53.032000-04:00,10.072216033935547,-0.40568989515304565,-10.477906227111816
2026-08-04T05:09:53.036000-04:00,10.069059371948242,-0.4191349446773529,-10.488194465637207
2026-08-04T05:09:53.040000-04:00,10.062629699707031,-0.38639914989471436,-10.449028968811035
2026-08-04T05:09:53.044000-04:00,10.071280479431152,-0.3849962055683136,-10.456276893615723
2026-08-04T05:09:53.048000-04:00,10.11044692993164,-0.4042869210243225,-10.514734268188477
2026-08-04T05:09:53.052000-04:00,10.119565963745117,-0.4162121117115021,-10.535778045654297
2026-08-04T05:09:53.056000-04:00,10.106588363647461,-0.4339829683303833,-10.540571212768555
2026-08-04T05:09:53.060000-04:00,10.084726333618164,-0.502845048904419,-10.587571144104004
2026-08-04T05:09:53.064000-04:00,10.088350296020508,-0.4884646534919739,-10.576814651489258
2026-08-04T05:09:53.068000-04:00,10.086947441101074,-0.4946610629558563,-10.581608772277832
2026-08-04T05:09:53.072000-04:00,10.074788093566895,-0.5268123149871826,-10.601600646972656
2026-08-04T05:09:53.076000-04:00,10.068708419799805,-0.5441154837608337,-10.612823486328125
2026-08-04T05:09:53.080000-04:00,10.047664642333984,-0.5624709129333496,-10.610136032104492
2026-08-04T05:09:53.084000-04:00,10.0489501953125,-0.5766174793243408,-10.625567436218262
2026-08-04T05:09:53.088000-04:00,10.041467666625977,-0.5821123719215393,-10.623579978942871
2026-08-04T05:09:53.092000-04:00,10.056199073791504,-0.5740453600883484,-10.630244255065918
2026-08-04T05:09:53.096000-04:00,10.043923377990723,-0.5849183201789856,-10.628841400146484
2026-08-04T05:09:53.100000-04:00,10.041234016418457,-0.5973111391067505,-10.638545036315918
2026-08-04T05:09:53.104000-04:00,10.034687042236328,-0.5906471014022827,-10.625333786010742
2026-08-04T05:09:53.108000-04:00,10.043572425842285,-0.5981295108795166,-10.641701698303223
2026-08-04T05:09:53.112000-04:00,10.042285919189453,-0.6177710294723511,-10.660057067871094
2026-08-04T05:09:53.116000-04:00,10.029659271240234,-0.6226813793182373,-10.65234088897705
2026-08-04T05:09:53.120000-04:00,10.036089897155762,-0.6012861728668213,-10.637375831604004
2026-08-04T05:09:53.124000-04:00,10.025450706481934,-0.6234997510910034,-10.648950576782227
2026-08-04T05:09:53.128000-04:00,10.042285919189453,-0.6057289242744446,-10.648015022277832
2026-08-04T05:09:53.132000-04:00,10.019137382507324,-0.6061965823173523,-10.625333786010742
2026-08-04T05:09:53.136000-04:00,9.994351387023926,-0.6051443219184875,-10.599495887756348
2026-08-04T05:09:53.140000-04:00,9.970735549926758,-0.5484412908554077,-10.519176483154297
2026-08-04T05:09:53.144000-04:00,9.976113319396973,-0.5280983448028564,-10.50421142578125
2026-08-04T05:09:53.148000-04:00,10.073034286499023,-0.549610435962677,-10.622644424438477
2026-08-04T05:09:53.152000-04:00,10.167033195495605,-0.48507416248321533,-10.652107238769531
2026-08-04T05:09:53.156000-04:00,10.32872486114502,-0.2998831570148468,-10.628607749938965
2026-08-04T05:09:53.160000-04:00,10.372918128967285,0.09867500513792038,-10.274243354797363
2026-08-04T05:09:53.164000-04:00,10.315980911254883,0.511730432510376,-9.804250717163086
2026-08-04T05:09:53.168000-04:00,10.245832443237305,1.2989091873168945,-8.94692325592041
2026-08-04T05:09:53.172000-04:00,10.21192741394043,1.677241325378418,-8.534686088562012
2026-08-04T05:09:53.176000-04:00,10.174047470092773,1.838348150253296,-8.335699081420898
2026-08-04T05:09:53.180000-04:00,10.111616134643555,1.7319568395614624,-8.379659652709961
2026-08-04T05:09:53.184000-04:00,10.082504272460938,1.0806316137313843,-9.001873016357422
2026-08-04T05:09:53.188000-04:00,10.072566986083984,0.5335932970046997,-9.538973808288574
2026-08-04T05:09:53.192000-04:00,10.072216033935547,0.11270462721586227,-9.959511756896973
2026-08-04T05:09:53.196000-04:00,10.12096881866455,-0.18659396469593048,-10.307562828063965
2026-08-04T05:09:53.200000-04:00,10.157094955444336,-0.23137184977531433,-10.388466835021973
2026-08-04T05:09:53.204000-04:00,10.111732482910156,-0.31695252656936646,-10.428685188293457
2026-08-04T05:09:53.208000-04:00,10.103315353393555,-0.40159791707992554,-10.504913330078125
2026-08-04T05:09:53.212000-04:00,10.109511375427246,-0.4392440617084503,-10.548755645751953
2026-08-04T05:09:53.216000-04:00,10.109044075012207,-0.46543270349502563,-10.574477195739746
2026-08-04T05:09:53.220000-04:00,10.113486289978027,-0.47829318046569824,-10.591779708862305
2026-08-04T05:09:53.224000-04:00,10.100859642028809,-0.507989227771759,-10.608848571777344
2026-08-04T05:09:53.228000-04:00,10.106822967529297,-0.5058847665786743,-10.61270809173584
2026-08-04T05:09:53.232000-04:00,10.111031532287598,-0.5265784859657288,-10.63761043548584
2026-08-04T05:09:53.236000-04:00,10.109979629516602,-0.5169915556907654,-10.626971244812012
2026-08-04T05:09:53.240000-04:00,10.119332313537598,-0.504715621471405,-10.624048233032227
2026-08-04T05:09:53.244000-04:00,10.115591049194336,-0.5058847665786743,-10.621476173400879
2026-08-04T05:09:53.248000-04:00,10.122255325317383,-0.5015589594841003,-10.623814582824707
2026-08-04T05:09:53.252000-04:00,10.13114070892334,-0.4876462519168854,-10.618786811828613
2026-08-04T05:09:53.256000-04:00,10.130438804626465,-0.5008574724197388,-10.631296157836914
2026-08-04T05:09:53.260000-04:00,10.129504203796387,-0.48717862367630005,-10.616683006286621
2026-08-04T05:09:53.264000-04:00,10.140142440795898,-0.499454528093338,-10.639596939086914
2026-08-04T05:09:53.268000-04:00,10.161304473876953,-0.4607561528682709,-10.622060775756836
2026-08-04T05:09:53.272000-04:00,10.152301788330078,-0.4516369104385376,-10.603939056396484
2026-08-04T05:09:53.276000-04:00,10.157679557800293,-0.44696035981178284,-10.604640007019043
2026-08-04T05:09:53.280000-04:00,10.163992881774902,-0.4379580318927765,-10.601950645446777
2026-08-04T05:09:53.284000-04:00,10.153237342834473,-0.43222925066947937,-10.585466384887695
2026-08-04T05:09:53.288000-04:00,10.174164772033691,-0.4318785071372986,-10.606042861938477
2026-08-04T05:09:53.292000-04:00,10.179659843444824,-0.42650049924850464,-10.606160163879395
2026-08-04T05:09:53.296000-04:00,10.171592712402344,-0.4194856882095337,-10.591078758239746
2026-08-04T05:09:53.300000-04:00,10.173931121826172,-0.4058068096637726,-10.579737663269043
2026-08-04T05:09:53.304000-04:00,10.19754695892334,-0.3874513804912567,-10.58499813079834
2026-08-04T05:09:53.308000-04:00,10.203276634216309,-0.3914264440536499,-10.59470272064209
2026-08-04T05:09:53.312000-04:00,10.207134246826172,-0.3806703984737396,-10.587804794311523
2026-08-04T05:09:53.316000-04:00,10.21169376373291,-0.3610289394855499,-10.572722434997559
2026-08-04T05:09:53.320000-04:00,10.221163749694824,-0.3239673376083374,-10.545130729675293
2026-08-04T05:09:53.324000-04:00,10.231218338012695,-0.31379586458206177,-10.545014381408691
2026-08-04T05:09:53.328000-04:00,10.250509262084961,-0.30724871158599854,-10.557758331298828
2026-08-04T05:09:53.332000-04:00,10.26512336730957,-0.28234612941741943,-10.547469139099121
2026-08-04T05:09:53.336000-04:00,10.277399063110352,-0.2545207142829895,-10.531919479370117
2026-08-04T05:09:53.340000-04:00,10.295169830322266,-0.22307097911834717,-10.518240928649902
2026-08-04T05:09:53.344000-04:00,10.314109802246094,-0.19781766831874847,-10.511927604675293
2026-08-04T05:09:53.348000-04:00,10.350119590759277,-0.1662510186433792,-10.51637077331543
2026-08-04T05:09:53.352000-04:00,10.3616943359375,-0.15911929309368134,-10.520813941955566
2026-08-04T05:09:53.356000-04:00,10.383556365966797,-0.09621982276439667,-10.479776382446289
2026-08-04T05:09:53.360000-04:00,10.408226013183594,-0.04968824237585068,-10.457914352416992
2026-08-04T05:09:53.364000-04:00,10.417227745056152,-0.02677319385111332,-10.444001197814941
2026-08-04T05:09:53.368000-04:00,10.45276927947998,0.012392832897603512,-10.440376281738281
2026-08-04T05:09:53.372000-04:00,10.453588485717773,0.02268122136592865,-10.430907249450684
2026-08-04T05:09:53.376000-04:00,10.470540046691895,0.049922071397304535,-10.420618057250977
2026-08-04T05:09:53.380000-04:00,10.484335899353027,0.08359315991401672,-10.400742530822754
2026-08-04T05:09:53.384000-04:00,10.498716354370117,0.09809044003486633,-10.400626182556152
2026-08-04T05:09:53.388000-04:00,10.515435218811035,0.10756043344736099,-10.407875061035156
2026-08-04T05:09:53.392000-04:00,10.502574920654297,0.10650821030139923,-10.396066665649414
2026-08-04T05:09:53.396000-04:00,10.494741439819336,0.10989870131015778,-10.384842872619629
2026-08-04T05:09:53.400000-04:00,10.48562240600586,0.11106783896684647,-10.374554634094238
2026-08-04T05:09:53.404000-04:00,10.480478286743164,0.09563525766134262,-10.384842872619629
2026-08-04T05:09:53.408000-04:00,10.48176383972168,0.07248637825250626,-10.40927791595459
2026-08-04T05:09:53.412000-04:00,10.450197219848633,0.04395947977900505,-10.406237602233887
2026-08-04T05:09:53.416000-04:00,10.422605514526367,0.02139517292380333,-10.40121078491211
2026-08-04T05:09:53.420000-04:00,10.387999534606934,-0.014848016202449799,-10.402847290039062
2026-08-04T05:09:53.424000-04:00,10.363097190856934,-0.0730709433555603,-10.43616771697998
2026-08-04T05:09:53.428000-04:00,10.34731388092041,-0.11901795864105225,-10.466331481933594
2026-08-04T05:09:53.432000-04:00,10.304757118225098,-0.1626266986131668,-10.46738338470459
2026-08-04T05:09:53.436000-04:00,10.291545867919922,-0.2015589028596878,-10.493104934692383
2026-08-04T05:09:53.440000-04:00,10.252263069152832,-0.24937652051448822,-10.501639366149902
2026-08-04T05:09:53.444000-04:00,10.229464530944824,-0.2918161451816559,-10.521280288696289
2026-08-04T05:09:53.448000-04:00,10.203510284423828,-0.3452455997467041,-10.548755645751953
2026-08-04T05:09:53.452000-04:00,10.194507598876953,-0.368862122297287,-10.563369750976562
2026-08-04T05:09:53.456000-04:00,10.16656494140625,-0.3947000205516815,-10.561264991760254
2026-08-04T05:09:53.460000-04:00,10.145403861999512,-0.4211224913597107,-10.566526412963867
2026-08-04T05:09:53.464000-04:00,10.125762939453125,-0.4629775285720825,-10.588740348815918
2026-08-04T05:09:53.468000-04:00,10.120150566101074,-0.47361665964126587,-10.593767166137695
2026-08-04T05:09:53.472000-04:00,10.115473747253418,-0.5040141344070435,-10.619487762451172
2026-08-04T05:09:53.476000-04:00,10.10039234161377,-0.5089245438575745,-10.6093168258667
2026-08-04T05:09:53.480000-04:00,10.087532043457031,-0.5099767446517944,-10.597508430480957
2026-08-04T05:09:53.484000-04:00,10.093611717224121,-0.5152378678321838,-10.60884952545166
2026-08-04T05:09:53.488000-04:00,10.089402198791504,-0.5434139966964722,-10.632816314697266
2026-08-04T05:09:53.492000-04:00,10.085427284240723,-0.5443493127822876,-10.629776954650879
2026-08-04T05:09:53.496000-04:00,10.069877624511719,-0.5500780940055847,-10.619956016540527
2026-08-04T05:09:53.500000-04:00,10.064032554626465,-0.5504288077354431,-10.614460945129395
2026-08-04T05:09:53.504000-04:00,10.064266204833984,-0.5530009269714355,-10.617267608642578
2026-08-04T05:09:53.508000-04:00,10.082387924194336,-0.5442324280738831,-10.626620292663574
2026-08-04T05:09:53.512000-04:00,10.069877624511719,-0.5466876029968262,-10.616565704345703
2026-08-04T05:09:53.516000-04:00,10.06917667388916,-0.546336829662323,-10.615513801574707
2026-08-04T05:09:53.520000-04:00,10.069761276245117,-0.5410757660865784,-10.61083698272705
2026-08-04T05:09:53.524000-04:00,10.064967155456543,-0.5475059747695923,-10.612473487854004
2026-08-04T05:09:53.528000-04:00,10.07583999633789,-0.546336829662323,-10.622177124023438
2026-08-04T05:09:53.532000-04:00,10.0655517578125,-0.5538192987442017,-10.61937141418457
2026-08-04T05:09:53.536000-04:00,10.068007469177246,-0.5484412908554077,-10.616448402404785
2026-08-04T05:09:53.540000-04:00,10.063915252685547,-0.5361653566360474,-10.600080490112305
2026-08-04T05:09:53.544000-04:00,10.064032554626465,-0.5392051339149475,-10.603238105773926
2026-08-04T05:09:53.548000-04:00,10.082270622253418,-0.5273968577384949,-10.609667778015137
2026-08-04T05:09:53.552000-04:00,10.07139778137207,-0.534177839756012,-10.605575561523438
2026-08-04T05:09:53.556000-04:00,10.0738525390625,-0.5249416828155518,-10.598793983459473
2026-08-04T05:09:53.560000-04:00,10.061576843261719,-0.49325811862945557,-10.554835319519043
2026-08-04T05:09:53.564000-04:00,10.072449684143066,-0.48881539702415466,-10.561264991760254
2026-08-04T05:09:53.568000-04:00,10.087882995605469,-0.5075215697288513,-10.595404624938965
2026-08-04T05:09:53.572000-04:00,10.080516815185547,-0.5093922019004822,-10.589908599853516
2026-08-04T05:09:53.576000-04:00,10.085427284240723,-0.5033127069473267,-10.588740348815918
2026-08-04T05:09:53.580000-04:00,10.078178405761719,-0.4897507131099701,-10.5679292678833
2026-08-04T05:09:53.584000-04:00,10.080867767333984,-0.48788008093833923,-10.568747520446777
2026-08-04T05:09:53.588000-04:00,10.094663619995117,-0.49594712257385254,-10.59061050415039
2026-08-04T05:09:53.592000-04:00,10.08987045288086,-0.4725644290447235,-10.562435150146484
2026-08-04T05:09:53.596000-04:00,10.085427284240723,-0.4556119740009308,-10.54103946685791
2026-08-04T05:09:53.600000-04:00,10.090104103088379,-0.4608730673789978,-10.550976753234863
2026-08-04T05:09:53.604000-04:00,10.084024429321289,-0.4620422124862671,-10.546066284179688
2026-08-04T05:09:53.608000-04:00,10.098989486694336,-0.4697585105895996,-10.568748474121094
2026-08-04T05:09:53.612000-04:00,10.097586631774902,-0.4640297293663025,-10.561615943908691
2026-08-04T05:09:53.616000-04:00,10.096183776855469,-0.4559627175331116,-10.552146911621094
2026-08-04T05:09:53.620000-04:00,10.087063789367676,-0.45900246500968933,-10.546066284179688
2026-08-04T05:09:53.624000-04:00,10.0945463180542,-0.4508185088634491,-10.545364379882812
2026-08-04T05:09:53.628000-04:00,10.101094245910645,-0.4588855504989624,-10.559979438781738
2026-08-04T05:09:53.632000-04:00,10.100275039672852,-0.47186294198036194,-10.572137832641602
2026-08-04T05:09:53.636000-04:00,10.09793758392334,-0.46543270349502563,-10.563370704650879
2026-08-04T05:09:53.640000-04:00,10.089168548583984,-0.4644973874092102,-10.553666114807129
2026-08-04T05:09:53.644000-04:00,10.087181091308594,-0.47431811690330505,-10.56149959564209
2026-08-04T05:09:53.648000-04:00,10.096651077270508,-0.4788777530193329,-10.575529098510742
2026-08-04T05:09:53.652000-04:00,10.097469329833984,-0.48869848251342773,-10.58616828918457
2026-08-04T05:09:53.656000-04:00,10.08846664428711,-0.48273590207099915,-10.571202278137207
2026-08-04T05:09:53.660000-04:00,10.085894584655762,-0.502845048904419,-10.588739395141602
2026-08-04T05:09:53.664000-04:00,10.08601188659668,-0.5037803053855896,-10.589792251586914
2026-08-04T05:09:53.668000-04:00,10.092442512512207,-0.5097429156303406,-10.602185249328613
2026-08-04T05:09:53.672000-04:00,10.094663619995117,-0.5099767446517944,-10.604640007019043
2026-08-04T05:09:53.676000-04:00,10.093611717224121,-0.517693042755127,-10.611305236816406
2026-08-04T05:09:53.680000-04:00,10.086830139160156,-0.5125488638877869,-10.59937858581543
2026-08-04T05:09:53.684000-04:00,10.071280479431152,-0.5339440107345581,-10.605224609375
2026-08-04T05:09:53.688000-04:00,10.085309982299805,-0.5268123149871826,-10.612122535705566
2026-08-04T05:09:53.692000-04:00,10.086947441101074,-0.528215229511261,-10.61516284942627
2026-08-04T05:09:53.696000-04:00,10.0862455368042,-0.5138348937034607,-10.600080490112305
2026-08-04T05:09:53.700000-04:00,10.07163143157959,-0.5223695635795593,-10.594000816345215
2026-08-04T05:09:53.704000-04:00,10.077828407287598,-0.525526225566864,-10.603354454040527
2026-08-04T05:09:53.708000-04:00,10.086830139160156,-0.5376852750778198,-10.624515533447266
2026-08-04T05:09:53.712000-04:00,10.083322525024414,-0.5432971119880676,-10.626619338989258
2026-08-04T05:09:53.716000-04:00,10.069877624511719,-0.553351640701294,-10.623229026794434
2026-08-04T05:09:53.720000-04:00,10.073034286499023,-0.543647825717926,-10.616682052612305
2026-08-04T05:09:53.724000-04:00,10.067656517028809,-0.542595624923706,-10.610252380371094
2026-08-04T05:09:53.728000-04:00,10.0779447555542,-0.5538192987442017,-10.63176441192627
2026-08-04T05:09:53.732000-04:00,10.080400466918945,-0.5570929050445557,-10.637493133544922
2026-08-04T05:09:53.736000-04:00,10.072449684143066,-0.5435309410095215,-10.61598014831543
2026-08-04T05:09:53.740000-04:00,10.071748733520508,-0.540958821773529,-10.612707138061523
2026-08-04T05:09:53.744000-04:00,10.068474769592285,-0.5443493127822876,-10.612824440002441
2026-08-04T05:09:53.748000-04:00,10.08016586303711,-0.5586127638816833,-10.638778686523438
2026-08-04T05:09:53.752000-04:00,10.086479187011719,-0.5603664517402649,-10.646845817565918
2026-08-04T05:09:53.756000-04:00,10.07583999633789,-0.5655106902122498,-10.641350746154785
2026-08-04T05:09:53.760000-04:00,10.062746047973633,-0.5760328769683838,-10.638778686523438
2026-08-04T05:09:53.764000-04:00,10.066370010375977,-0.5651599168777466,-10.631529808044434
2026-08-04T05:09:53.768000-04:00,10.068592071533203,-0.5779035091400146,-10.646495819091797
2026-08-04T05:09:53.772000-04:00,10.076308250427246,-0.5754483342170715,-10.651756286621094
2026-08-04T05:09:53.776000-04:00,10.065669059753418,-0.5515979528427124,-10.617266654968262
2026-08-04T05:09:53.780000-04:00,10.067305564880371,-0.5567421317100525,-10.62404727935791
2026-08-04T05:09:53.784000-04:00,10.066487312316895,-0.5662121772766113,-10.632699966430664
2026-08-04T05:09:53.788000-04:00,10.068474769592285,-0.5726423859596252,-10.641117095947266
2026-08-04T05:09:53.792000-04:00,10.075139045715332,-0.5839830040931702,-10.659122467041016
2026-08-04T05:09:53.796000-04:00,10.068123817443848,-0.5724085569381714,-10.640532493591309
2026-08-04T05:09:53.800000-04:00,10.0655517578125,-0.5659783482551575,-10.631529808044434
2026-08-04T05:09:53.804000-04:00,10.070228576660156,-0.5679658651351929,-10.63819408416748
2026-08-04T05:09:53.808000-04:00,10.073502540588379,-0.5726423859596252,-10.64614486694336
2026-08-04T05:09:53.812000-04:00,10.081452369689941,-0.5740453600883484,-10.655497550964355
2026-08-04T05:09:53.816000-04:00,10.064617156982422,-0.5724085569381714,-10.637025833129883
2026-08-04T05:09:53.820000-04:00,10.060641288757324,-0.5766174793243408,-10.637258529663086
2026-08-04T05:09:53.824000-04:00,10.064266204833984,-0.5975449681282043,-10.661810874938965
2026-08-04T05:09:53.828000-04:00,10.07993221282959,-0.5797741413116455,-10.659706115722656
2026-08-04T05:09:53.832000-04:00,10.07186508178711,-0.5924007892608643,-10.664265632629395
2026-08-04T05:09:53.836000-04:00,10.069761276245117,-0.5883088111877441,-10.658069610595703
2026-08-04T05:09:53.840000-04:00,10.063213348388672,-0.5900624990463257,-10.653275489807129
2026-08-04T05:09:53.844000-04:00,10.066253662109375,-0.588542640209198,-10.654796600341797
2026-08-04T05:09:53.848000-04:00,10.087648391723633,-0.5664459466934204,-10.654094696044922
2026-08-04T05:09:53.852000-04:00,10.094897270202637,-0.519329845905304,-10.614227294921875
2026-08-04T05:09:53.856000-04:00,10.090337753295898,-0.4950118064880371,-10.585350036621094
2026-08-04T05:09:53.860000-04:00,10.074905395507812,-0.4920889735221863,-10.566994667053223
2026-08-04T05:09:53.864000-04:00,10.083322525024414,-0.502845048904419,-10.586167335510254
2026-08-04T05:09:53.868000-04:00,10.093377113342285,-0.5141856074333191,-10.607563018798828
2026-08-04T05:09:53.872000-04:00,10.092207908630371,-0.4986361265182495,-10.59084415435791
2026-08-04T05:09:53.876000-04:00,10.107757568359375,-0.42170703411102295,-10.529464721679688
2026-08-04T05:09:53.880000-04:00,10.082036972045898,-0.40089643001556396,-10.482933044433594
2026-08-04T05:09:53.884000-04:00,10.075957298278809,-0.3977397680282593,-10.4736967086792
2026-08-04T05:09:53.888000-04:00,10.078062057495117,-0.4380749464035034,-10.51613712310791
2026-08-04T05:09:53.892000-04:00,10.069526672363281,-0.4319954216480255,-10.501522064208984
2026-08-04T05:09:53.896000-04:00,10.079347610473633,-0.4130554497241974,-10.492403030395508
2026-08-04T05:09:53.900000-04:00,10.091389656066895,-0.4243960678577423,-10.515786170959473
2026-08-04T05:09:53.904000-04:00,10.100509643554688,-0.4531567692756653,-10.553666114807129
2026-08-04T05:09:53.908000-04:00,10.109979629516602,-0.47911158204078674,-10.589091300964355
2026-08-04T05:09:53.912000-04:00,10.089986801147461,-0.5262277126312256,-10.616214752197266
2026-08-04T05:09:53.916000-04:00,10.086129188537598,-0.5278645157814026,-10.613993644714355
2026-08-04T05:09:53.920000-04:00,10.079815864562988,-0.5321903228759766,-10.612006187438965
2026-08-04T05:09:53.924000-04:00,10.083907127380371,-0.5838660597801208,-10.667773246765137
2026-08-04T05:09:53.928000-04:00,10.061225891113281,-0.6156665682792664,-10.676892280578613
2026-08-04T05:09:53.932000-04:00,10.057368278503418,-0.6217460632324219,-10.67911434173584
2026-08-04T05:09:53.936000-04:00,10.050119400024414,-0.6236166954040527,-10.673736572265625
2026-08-04T05:09:53.940000-04:00,10.042520523071289,-0.6411536931991577,-10.683673858642578
2026-08-04T05:09:53.944000-04:00,10.041935920715332,-0.628527045249939,-10.670462608337402
2026-08-04T05:09:53.948000-04:00,10.048482894897461,-0.63963383436203,-10.688117027282715
2026-08-04T05:09:53.952000-04:00,10.051873207092285,-0.6271240711212158,-10.678997039794922
2026-08-04T05:09:53.956000-04:00,10.043688774108887,-0.6375293731689453,-10.681218147277832
2026-08-04T05:09:53.960000-04:00,10.043338775634766,-0.6478177905082703,-10.691156387329102
2026-08-04T05:09:53.964000-04:00,10.043105125427246,-0.6501560211181641,-10.69326114654541
2026-08-04T05:09:53.968000-04:00,10.042987823486328,-0.662081241607666,-10.705068588256836
2026-08-04T05:09:53.972000-04:00,10.042987823486328,-0.6547156572341919,-10.69770336151123
2026-08-04T05:09:53.976000-04:00,10.035622596740723,-0.6440765261650085,-10.679698944091797
2026-08-04T05:09:53.980000-04:00,10.025568008422852,-0.6602106094360352,-10.685778617858887
2026-08-04T05:09:53.984000-04:00,10.025568008422852,-0.6558848023414612,-10.681452751159668
2026-08-04T05:09:53.988000-04:00,10.012239456176758,-0.6424397826194763,-10.654679298400879
2026-08-04T05:09:53.992000-04:00,9.992013931274414,-0.6244350671768188,-10.616449356079102
2026-08-04T05:09:53.996000-04:00,10.01773452758789,-0.5935699343681335,-10.61130428314209
