created_at,lead_1,lead_2,lead_3
2026-08-04T04:56:42-04:00,12.353199005126953,0.7254483699798584,-11.627750396728516
2026-08-04T04:56:42.004000-04:00,12.345248222351074,0.7113018035888672,-11.633946418762207
2026-08-04T04:56:42.008000-04:00,12.35647201538086,0.7097819447517395,-11.646690368652344
2026-08-04T04:56:42.012000-04:00,12.363954544067383,0.7048715949058533,-11.659083366394043
2026-08-04T04:56:42.016000-04:00,12.347821235656738,0.7096650004386902,-11.638155937194824
2026-08-04T04:56:42.020000-04:00,12.35179615020752,0.6979736685752869,-11.653822898864746
2026-08-04T04:56:42.024000-04:00,12.344196319580078,0.6908419728279114,-11.65335464477539
2026-08-04T04:56:42.028000-04:00,12.349224090576172,0.6900235414505005,-11.659200668334961
2026-08-04T04:56:42.032000-04:00,12.358576774597168,0.691543459892273,-11.667033195495605
2026-08-04T04:56:42.036000-04:00,12.357992172241211,0.688269853591919,-11.669722557067871
2026-08-04T04:56:42.040000-04:00,12.348755836486816,0.6923618316650391,-11.656394004821777
2026-08-04T04:56:42.044000-04:00,12.346768379211426,0.6764615774154663,-11.670307159423828
2026-08-04T04:56:42.048000-04:00,12.341390609741211,0.6715512275695801,-11.669839859008789
2026-08-04T04:56:42.052000-04:00,12.35623836517334,0.6714342832565308,-11.68480396270752
2026-08-04T04:56:42.056000-04:00,12.350042343139648,0.658807635307312,-11.691234588623047
2026-08-04T04:56:42.060000-04:00,12.349457740783691,0.6630165576934814,-11.686441421508789
2026-08-04T04:56:42.064000-04:00,12.341156959533691,0.6636011004447937,-11.677556037902832
2026-08-04T04:56:42.068000-04:00,12.341273307800293,0.663133442401886,-11.678139686584473
2026-08-04T04:56:42.072000-04:00,12.358343124389648,0.6515589952468872,-11.70678424835205
2026-08-04T04:56:42.076000-04:00,12.353315353393555,0.6607951521873474,-11.692520141601562
2026-08-04T04:56:42.080000-04:00,12.340221405029297,0.6586907505989075,-11.681530952453613
2026-08-04T04:56:42.084000-04:00,12.332154273986816,0.649337649345398,-11.682816505432129
2026-08-04T04:56:42.088000-04:00,12.338351249694824,0.654481828212738,-11.683869361877441
2026-08-04T04:56:42.092000-04:00,12.347352981567383,0.6640687584877014,-11.683283805847168
2026-08-04T04:56:42.096000-04:00,12.34770393371582,0.6709666848182678,-11.676736831665039
2026-08-04T04:56:42.100000-04:00,12.33133602142334,0.6575216054916382,-11.67381477355957
2026-08-04T04:56:42.104000-04:00,12.3308687210083,0.6522604823112488,-11.678607940673828
2026-08-04T04:56:42.108000-04:00,12.343260765075684,0.6567032337188721,-11.68655776977539
2026-08-04T04:56:42.112000-04:00,12.360797882080078,0.693414032459259,-11.667384147644043
2026-08-04T04:56:42.116000-04:00,12.375880241394043,0.7275527715682983,-11.648327827453613
2026-08-04T04:56:42.120000-04:00,12.338934898376465,0.7279035449028015,-11.611031532287598
2026-08-04T04:56:42.124000-04:00,12.346183776855469,0.7421669960021973,-11.60401725769043
2026-08-04T04:56:42.128000-04:00,12.346885681152344,0.7229931950569153,-11.623892784118652
2026-08-04T04:56:42.132000-04:00,12.362785339355469,0.7466096878051758,-11.616175651550293
2026-08-04T04:56:42.136000-04:00,12.36231803894043,0.7846065759658813,-11.57771110534668
2026-08-04T04:56:42.140000-04:00,12.340104103088379,0.8166409134864807,-11.523463249206543
2026-08-04T04:56:42.144000-04:00,12.320463180541992,0.8376853466033936,-11.48277759552002
2026-08-04T04:56:42.148000-04:00,12.328530311584473,0.8127827644348145,-11.5157470703125
2026-08-04T04:56:42.152000-04:00,12.342793464660645,0.8238895535469055,-11.518903732299805
2026-08-04T04:56:42.156000-04:00,12.337532043457031,0.8351132273674011,-11.502418518066406
2026-08-04T04:56:42.160000-04:00,12.351678848266602,0.828332245349884,-11.523346900939941
2026-08-04T04:56:42.164000-04:00,12.368514060974121,0.8119643330574036,-11.556550025939941
2026-08-04T04:56:42.168000-04:00,12.372489929199219,0.815588653087616,-11.556900978088379
2026-08-04T04:56:42.172000-04:00,12.36430549621582,0.7419331669807434,-11.6223726272583
2026-08-04T04:56:42.176000-04:00,12.351912498474121,0.7330477237701416,-11.618865013122559
2026-08-04T04:56:42.180000-04:00,12.343962669372559,0.7184335589408875,-11.625529289245605
2026-08-04T04:56:42.184000-04:00,12.33133602142334,0.70042884349823,-11.63090705871582
2026-08-04T04:56:42.188000-04:00,12.33741569519043,0.6736556887626648,-11.6637601852417
2026-08-04T04:56:42.192000-04:00,12.338818550109863,0.6354249715805054,-11.703393936157227
2026-08-04T04:56:42.196000-04:00,12.321632385253906,0.6341388821601868,-11.687493324279785
2026-08-04T04:56:42.200000-04:00,12.305965423583984,0.6101716160774231,-11.695794105529785
2026-08-04T04:56:42.204000-04:00,12.299535751342773,0.6001170873641968,-11.699419021606445
2026-08-04T04:56:42.208000-04:00,12.31450080871582,0.6030399203300476,-11.711461067199707
2026-08-04T04:56:42.212000-04:00,12.316604614257812,0.5926346182823181,-11.723970413208008
2026-08-04T04:56:42.216000-04:00,12.317306518554688,0.5905301570892334,-11.726776123046875
2026-08-04T04:56:42.220000-04:00,12.306316375732422,0.5840998888015747,-11.722216606140137
2026-08-04T04:56:42.224000-04:00,12.303510665893555,0.5623540282249451,-11.741156578063965
2026-08-04T04:56:42.228000-04:00,12.305264472961426,0.5656275749206543,-11.73963737487793
2026-08-04T04:56:42.232000-04:00,12.309005737304688,0.5657445192337036,-11.743261337280273
2026-08-04T04:56:42.236000-04:00,12.307368278503418,0.5595480799674988,-11.747819900512695
2026-08-04T04:56:42.240000-04:00,12.296846389770508,0.5556899309158325,-11.741156578063965
2026-08-04T04:56:42.244000-04:00,12.301523208618164,0.5587297081947327,-11.742793083190918
2026-08-04T04:56:42.248000-04:00,12.300236701965332,0.5786049962043762,-11.72163200378418
2026-08-04T04:56:42.252000-04:00,12.299067497253418,0.5836322903633118,-11.715435028076172
2026-08-04T04:56:42.256000-04:00,12.256511688232422,0.6126267910003662,-11.643884658813477
2026-08-04T04:56:42.260000-04:00,12.245521545410156,0.6354249715805054,-11.61009693145752
2026-08-04T04:56:42.264000-04:00,12.295677185058594,0.6067811250686646,-11.688896179199219
2026-08-04T04:56:42.268000-04:00,12.352848052978516,0.6403353214263916,-11.712512969970703
2026-08-04T04:56:42.272000-04:00,12.50647258758545,0.8125489354133606,-11.693923950195312
2026-08-04T04:56:42.276000-04:00,12.614500045776367,1.041582465171814,-11.572917938232422
2026-08-04T04:56:42.280000-04:00,12.587843894958496,1.5344898700714111,-11.053354263305664
2026-08-04T04:56:42.284000-04:00,12.53336238861084,2.3033132553100586,-10.230049133300781
2026-08-04T04:56:42.288000-04:00,12.492325782775879,2.777280569076538,-9.715044975280762
2026-08-04T04:56:42.292000-04:00,12.430829048156738,2.9822299480438232,-9.448598861694336
2026-08-04T04:56:42.296000-04:00,12.38277816772461,2.9892446994781494,-9.393533706665039
2026-08-04T04:56:42.300000-04:00,12.332271575927734,2.448636531829834,-9.883634567260742
2026-08-04T04:56:42.304000-04:00,12.301756858825684,1.9888157844543457,-10.31294059753418
2026-08-04T04:56:42.308000-04:00,12.343260765075684,1.396064281463623,-10.947196960449219
2026-08-04T04:56:42.312000-04:00,12.386869430541992,0.9726034998893738,-11.414265632629395
2026-08-04T04:56:42.316000-04:00,12.447781562805176,0.9332036972045898,-11.514577865600586
2026-08-04T04:56:42.320000-04:00,12.41165542602539,0.8756822347640991,-11.53597354888916
2026-08-04T04:56:42.324000-04:00,12.359395027160645,0.7946611642837524,-11.564733505249023
2026-08-04T04:56:42.328000-04:00,12.381725311279297,0.7498832941055298,-11.631841659545898
2026-08-04T04:56:42.332000-04:00,12.38254451751709,0.7248637676239014,-11.65768051147461
2026-08-04T04:56:42.336000-04:00,12.378803253173828,0.6978567838668823,-11.680946350097656
2026-08-04T04:56:42.340000-04:00,12.376581192016602,0.6876853108406067,-11.688896179199219
2026-08-04T04:56:42.344000-04:00,12.366877555847168,0.6743571758270264,-11.692520141601562
2026-08-04T04:56:42.348000-04:00,12.379972457885742,0.6657055616378784,-11.714266777038574
2026-08-04T04:56:42.352000-04:00,12.379387855529785,0.6681607365608215,-11.711227416992188
2026-08-04T04:56:42.356000-04:00,12.383245468139648,0.6795013546943665,-11.703743934631348
2026-08-04T04:56:42.360000-04:00,12.375996589660645,0.6809043288230896,-11.69509220123291
2026-08-04T04:56:42.364000-04:00,12.377399444580078,0.6806704998016357,-11.696728706359863
2026-08-04T04:56:42.368000-04:00,12.387104034423828,0.6945831775665283,-11.692521095275879
2026-08-04T04:56:42.372000-04:00,12.400899887084961,0.6969214677810669,-11.703978538513184
2026-08-04T04:56:42.376000-04:00,12.401016235351562,0.709898829460144,-11.691117286682129
2026-08-04T04:56:42.380000-04:00,12.396690368652344,0.7030009627342224,-11.693689346313477
2026-08-04T04:56:42.384000-04:00,12.392715454101562,0.7082620859146118,-11.684453010559082
2026-08-04T04:56:42.388000-04:00,12.40768051147461,0.7111849188804626,-11.69649600982666
2026-08-04T04:56:42.392000-04:00,12.41574764251709,0.7226424217224121,-11.693105697631836
2026-08-04T04:56:42.396000-04:00,12.420658111572266,0.7448559999465942,-11.675802230834961
2026-08-04T04:56:42.400000-04:00,12.416916847229004,0.7573657631874084,-11.659550666809082
2026-08-04T04:56:42.404000-04:00,12.41796875,0.7586517930030823,-11.659317016601562
2026-08-04T04:56:42.408000-04:00,12.427438735961914,0.7622761130332947,-11.665163040161133
2026-08-04T04:56:42.412000-04:00,12.444391250610352,0.7896338701248169,-11.654757499694824
2026-08-04T04:56:42.416000-04:00,12.447314262390137,0.789400041103363,-11.657914161682129
2026-08-04T04:56:42.420000-04:00,12.44450855255127,0.8084569573402405,-11.636051177978516
2026-08-04T04:56:42.424000-04:00,12.435388565063477,0.8096261024475098,-11.625762939453125
2026-08-04T04:56:42.428000-04:00,12.4552640914917,0.8193299174308777,-11.635933876037598
2026-08-04T04:56:42.432000-04:00,12.4718656539917,0.8596650958061218,-11.612200736999512
2026-08-04T04:56:42.436000-04:00,12.485076904296875,0.8662122488021851,-11.618865013122559
2026-08-04T04:56:42.440000-04:00,12.491156578063965,0.8776697516441345,-11.613487243652344
2026-08-04T04:56:42.444000-04:00,12.49828815460205,0.8982465267181396,-11.600041389465332
2026-08-04T04:56:42.448000-04:00,12.522723197937012,0.9332036972045898,-11.589519500732422
2026-08-04T04:56:42.452000-04:00,12.53722095489502,0.9631335139274597,-11.574087142944336
2026-08-04T04:56:42.456000-04:00,12.553354263305664,0.9846456050872803,-11.568708419799805
2026-08-04T04:56:42.460000-04:00,12.561305046081543,1.0156277418136597,-11.545677185058594
2026-08-04T04:56:42.464000-04:00,12.574165344238281,1.0391273498535156,-11.535037994384766
2026-08-04T04:56:42.468000-04:00,12.596261978149414,1.071629285812378,-11.524632453918457
2026-08-04T04:56:42.472000-04:00,12.62385368347168,1.1130166053771973,-11.51083755493164
2026-08-04T04:56:42.476000-04:00,12.633674621582031,1.1320735216140747,-11.501601219177246
2026-08-04T04:56:42.480000-04:00,12.635311126708984,1.1522996425628662,-11.483011245727539
2026-08-04T04:56:42.484000-04:00,12.65261459350586,1.1784882545471191,-11.474126815795898
2026-08-04T04:56:42.488000-04:00,12.663838386535645,1.1927516460418701,-11.471086502075195
2026-08-04T04:56:42.492000-04:00,12.671554565429688,1.1924009323120117,-11.479153633117676
2026-08-04T04:56:42.496000-04:00,12.67950439453125,1.198129653930664,-11.481374740600586
2026-08-04T04:56:42.500000-04:00,12.666059494018555,1.1971943378448486,-11.468865394592285
2026-08-04T04:56:42.504000-04:00,12.659161567687988,1.1962590217590332,-11.462902069091797
2026-08-04T04:56:42.508000-04:00,12.665708541870117,1.1895949840545654,-11.476113319396973
2026-08-04T04:56:42.512000-04:00,12.655069351196289,1.1567423343658447,-11.498327255249023
2026-08-04T04:56:42.516000-04:00,12.64045524597168,1.1425957679748535,-11.497859954833984
2026-08-04T04:56:42.520000-04:00,12.60070514678955,1.1097431182861328,-11.490962028503418
2026-08-04T04:56:42.524000-04:00,12.601990699768066,1.0910369157791138,-11.510953903198242
2026-08-04T04:56:42.528000-04:00,12.570657730102539,1.0206550359725952,-11.550003051757812
2026-08-04T04:56:42.532000-04:00,12.559317588806152,1.0001951456069946,-11.559122085571289
2026-08-04T04:56:42.536000-04:00,12.53336238861084,0.9533128142356873,-11.580049514770508
2026-08-04T04:56:42.540000-04:00,12.510213851928711,0.9142636656761169,-11.59595012664795
2026-08-04T04:56:42.544000-04:00,12.470931053161621,0.8462200164794922,-11.624711036682129
2026-08-04T04:56:42.548000-04:00,12.451756477355957,0.8051833510398865,-11.646573066711426
2026-08-04T04:56:42.552000-04:00,12.443923950195312,0.7839050889015198,-11.660018920898438
2026-08-04T04:56:42.556000-04:00,12.422761917114258,0.7496494650840759,-11.673112869262695
2026-08-04T04:56:42.560000-04:00,12.395171165466309,0.7172644138336182,-11.67790699005127
2026-08-04T04:56:42.564000-04:00,12.38254451751709,0.6972721815109253,-11.685272216796875
2026-08-04T04:56:42.568000-04:00,12.3723726272583,0.6805535554885864,-11.691819190979004
2026-08-04T04:56:42.572000-04:00,12.37085247039795,0.658807635307312,-11.712044715881348
2026-08-04T04:56:42.576000-04:00,12.357874870300293,0.6349573135375977,-11.722917556762695
2026-08-04T04:56:42.580000-04:00,12.34209156036377,0.6315668225288391,-11.710524559020996
2026-08-04T04:56:42.584000-04:00,12.336362838745117,0.6146143674850464,-11.721748352050781
2026-08-04T04:56:42.588000-04:00,12.337532043457031,0.6134452223777771,-11.72408676147461
2026-08-04T04:56:42.592000-04:00,12.335428237915039,0.5916993021965027,-11.743728637695312
2026-08-04T04:56:42.596000-04:00,12.331453323364258,0.5855028629302979,-11.745950698852539
2026-08-04T04:56:42.600000-04:00,12.320696830749512,0.5745130181312561,-11.746183395385742
2026-08-04T04:56:42.604000-04:00,12.314850807189941,0.5821123719215393,-11.732738494873047
2026-08-04T04:56:42.608000-04:00,12.323853492736816,0.5941544771194458,-11.72969913482666
2026-08-04T04:56:42.612000-04:00,12.32326889038086,0.5741622447967529,-11.749106407165527
2026-08-04T04:56:42.616000-04:00,12.315435409545898,0.5733438730239868,-11.742091178894043
2026-08-04T04:56:42.620000-04:00,12.312162399291992,0.5956743359565735,-11.716487884521484
2026-08-04T04:56:42.624000-04:00,12.310057640075684,0.5871396660804749,-11.722917556762695
2026-08-04T04:56:42.628000-04:00,12.313916206359863,0.5897117853164673,-11.724204063415527
2026-08-04T04:56:42.632000-04:00,12.314266204833984,0.5840998888015747,-11.7301664352417
2026-08-04T04:56:42.636000-04:00,12.309590339660645,0.5966096520423889,-11.712980270385742
2026-08-04T04:56:42.640000-04:00,12.309590339660645,0.6026891469955444,-11.706901550292969
2026-08-04T04:56:42.644000-04:00,12.314149856567383,0.6156665682792664,-11.69848346710205
2026-08-04T04:56:42.648000-04:00,12.321748733520508,0.6267733573913574,-11.694974899291992
2026-08-04T04:56:42.652000-04:00,12.326425552368164,0.6237335801124573,-11.702692031860352
2026-08-04T04:56:42.656000-04:00,12.327361106872559,0.6293454170227051,-11.698015213012695
2026-08-04T04:56:42.660000-04:00,12.325840950012207,0.6287608742713928,-11.6970796585083
2026-08-04T04:56:42.664000-04:00,12.312045097351074,0.6289947032928467,-11.683050155639648
2026-08-04T04:56:42.668000-04:00,12.321866035461426,0.6469993591308594,-11.674866676330566
2026-08-04T04:56:42.672000-04:00,12.337532043457031,0.6553002595901489,-11.682231903076172
2026-08-04T04:56:42.676000-04:00,12.337532043457031,0.6554171442985535,-11.682114601135254
2026-08-04T04:56:42.680000-04:00,12.330751419067383,0.6708497405052185,-11.65990161895752
2026-08-04T04:56:42.684000-04:00,12.332856178283691,0.6764615774154663,-11.656394958496094
2026-08-04T04:56:42.688000-04:00,12.33110237121582,0.6687452793121338,-11.662357330322266
2026-08-04T04:56:42.692000-04:00,12.344196319580078,0.6816058158874512,-11.662590026855469
2026-08-04T04:56:42.696000-04:00,12.34384536743164,0.6936478614807129,-11.650197982788086
2026-08-04T04:56:42.700000-04:00,12.328880310058594,0.6790336966514587,-11.649847030639648
2026-08-04T04:56:42.704000-04:00,12.330634117126465,0.6671085357666016,-11.663525581359863
2026-08-04T04:56:42.708000-04:00,12.341975212097168,0.6880360245704651,-11.653939247131348
2026-08-04T04:56:42.712000-04:00,12.348639488220215,0.6791505813598633,-11.669488906860352
2026-08-04T04:56:42.716000-04:00,12.345014572143555,0.6777476668357849,-11.667266845703125
2026-08-04T04:56:42.720000-04:00,12.333206176757812,0.6826580166816711,-11.650547981262207
2026-08-04T04:56:42.724000-04:00,12.337766647338867,0.6715512275695801,-11.666215896606445
2026-08-04T04:56:42.728000-04:00,12.334375381469727,0.6768123507499695,-11.657563209533691
2026-08-04T04:56:42.732000-04:00,12.3557710647583,0.6846455335617065,-11.671125411987305
2026-08-04T04:56:42.736000-04:00,12.350743293762207,0.6702651977539062,-11.6804780960083
2026-08-04T04:56:42.740000-04:00,12.338701248168945,0.6557679176330566,-11.682933807373047
2026-08-04T04:56:42.744000-04:00,12.341741561889648,0.660444438457489,-11.681297302246094
2026-08-04T04:56:42.748000-04:00,12.33741569519043,0.6572877764701843,-11.68012809753418
2026-08-04T04:56:42.752000-04:00,12.348054885864258,0.6570539474487305,-11.691000938415527
2026-08-04T04:56:42.756000-04:00,12.343378067016602,0.6486361622810364,-11.694742202758789
2026-08-04T04:56:42.760000-04:00,12.332621574401855,0.6431412696838379,-11.68947982788086
2026-08-04T04:56:42.764000-04:00,12.32724380493164,0.6384646892547607,-11.6887788772583
2026-08-04T04:56:42.768000-04:00,12.330166816711426,0.6321513652801514,-11.698015213012695
2026-08-04T04:56:42.772000-04:00,12.347586631774902,0.6293454170227051,-11.718240737915039
2026-08-04T04:56:42.776000-04:00,12.332856178283691,0.6229152083396912,-11.709940910339355
2026-08-04T04:56:42.780000-04:00,12.333908081054688,0.6362433433532715,-11.697664260864258
2026-08-04T04:56:42.784000-04:00,12.328763961791992,0.6475839614868164,-11.681180000305176
2026-08-04T04:56:42.788000-04:00,12.331803321838379,0.6281763315200806,-11.70362663269043
2026-08-04T04:56:42.792000-04:00,12.33963680267334,0.6217460632324219,-11.717890739440918
2026-08-04T04:56:42.796000-04:00,12.337064743041992,0.6203430891036987,-11.716721534729004
2026-08-04T04:56:42.800000-04:00,12.326308250427246,0.6196416020393372,-11.706666946411133
2026-08-04T04:56:42.804000-04:00,12.31917667388916,0.6168357133865356,-11.702341079711914
2026-08-04T04:56:42.808000-04:00,12.332505226135254,0.628527045249939,-11.703978538513184
2026-08-04T04:56:42.812000-04:00,12.327127456665039,0.6150820255279541,-11.712045669555664
2026-08-04T04:56:42.816000-04:00,12.333440780639648,0.6150820255279541,-11.718358993530273
2026-08-04T04:56:42.820000-04:00,12.324087142944336,0.6002339720726013,-11.72385311126709
2026-08-04T04:56:42.824000-04:00,12.326308250427246,0.6026891469955444,-11.72361946105957
2026-08-04T04:56:42.828000-04:00,12.32280158996582,0.6090024709701538,-11.713799476623535
2026-08-04T04:56:42.832000-04:00,12.330284118652344,0.6047936081886292,-11.72549057006836
2026-08-04T04:56:42.836000-04:00,12.316488265991211,0.6042090654373169,-11.712279319763184
2026-08-04T04:56:42.840000-04:00,12.316370964050293,0.6092362999916077,-11.707134246826172
2026-08-04T04:56:42.844000-04:00,12.323853492736816,0.5946221351623535,-11.729230880737305
2026-08-04T04:56:42.848000-04:00,12.324204444885254,0.5970773100852966,-11.727127075195312
2026-08-04T04:56:42.852000-04:00,12.318007469177246,0.6028060913085938,-11.715201377868652
2026-08-04T04:56:42.856000-04:00,12.325840950012207,0.6133282780647278,-11.712512969970703
2026-08-04T04:56:42.860000-04:00,12.315670013427734,0.6042090654373169,-11.711461067199707
2026-08-04T04:56:42.864000-04:00,12.31672191619873,0.6000001430511475,-11.716721534729004
2026-08-04T04:56:42.868000-04:00,12.315552711486816,0.6081840991973877,-11.707368850708008
2026-08-04T04:56:42.872000-04:00,12.328646659851074,0.5940375924110413,-11.73460865020752
2026-08-04T04:56:42.876000-04:00,12.313916206359863,0.6037414073944092,-11.710174560546875
2026-08-04T04:56:42.880000-04:00,12.314617156982422,0.5920500159263611,-11.722567558288574
2026-08-04T04:56:42.884000-04:00,12.308070182800293,0.599064826965332,-11.709005355834961
2026-08-04T04:56:42.888000-04:00,12.311928749084473,0.5992986559867859,-11.712630271911621
2026-08-04T04:56:42.892000-04:00,12.316604614257812,0.602338433265686,-11.714265823364258
2026-08-04T04:56:42.896000-04:00,12.32116413116455,0.6011692881584167,-11.71999454498291
2026-08-04T04:56:42.900000-04:00,12.304679870605469,0.5916993021965027,-11.712980270385742
2026-08-04T04:56:42.904000-04:00,12.309473037719727,0.5898286700248718,-11.719644546508789
2026-08-04T04:56:42.908000-04:00,12.31695556640625,0.5838660597801208,-11.733089447021484
2026-08-04T04:56:42.912000-04:00,12.318358421325684,0.5845675468444824,-11.73379135131836
2026-08-04T04:56:42.916000-04:00,12.323736190795898,0.5957912802696228,-11.727945327758789
2026-08-04T04:56:42.920000-04:00,12.309706687927246,0.5922838449478149,-11.717422485351562
2026-08-04T04:56:42.924000-04:00,12.303744316101074,0.5766174793243408,-11.727127075195312
2026-08-04T04:56:42.928000-04:00,12.311226844787598,0.5914654731750488,-11.71976089477539
2026-08-04T04:56:42.932000-04:00,12.315435409545898,0.6080672144889832,-11.707367897033691
2026-08-04T04:56:42.936000-04:00,12.328880310058594,0.5973111391067505,-11.731569290161133
2026-08-04T04:56:42.940000-04:00,12.329699516296387,0.6462979316711426,-11.683401107788086
2026-08-04T04:56:42.944000-04:00,12.326542854309082,0.6496884226799011,-11.676854133605957
2026-08-04T04:56:42.948000-04:00,12.32934856414795,0.6541311144828796,-11.675217628479004
2026-08-04T04:56:42.952000-04:00,12.336129188537598,0.6717850565910339,-11.66434383392334
2026-08-04T04:56:42.956000-04:00,12.336947441101074,0.6723695993423462,-11.66457748413086
2026-08-04T04:56:42.960000-04:00,12.33741569519043,0.6844117045402527,-11.653003692626953
2026-08-04T04:56:42.964000-04:00,12.338818550109863,0.7365551590919495,-11.602263450622559
2026-08-04T04:56:42.968000-04:00,12.316137313842773,0.7526891827583313,-11.563447952270508
2026-08-04T04:56:42.972000-04:00,12.306783676147461,0.7498832941055298,-11.556900024414062
2026-08-04T04:56:42.976000-04:00,12.307602882385254,0.7365551590919495,-11.57104778289795
2026-08-04T04:56:42.980000-04:00,12.302224159240723,0.7459082007408142,-11.556316375732422
2026-08-04T04:56:42.984000-04:00,12.312045097351074,0.746960461139679,-11.565084457397461
2026-08-04T04:56:42.988000-04:00,12.336597442626953,0.7586517930030823,-11.577945709228516
2026-08-04T04:56:42.992000-04:00,12.354601860046387,0.7290726900100708,-11.625529289245605
2026-08-04T04:56:42.996000-04:00,12.341156959533691,0.6939986348152161,-11.6471586227417
2026-08-04T04:56:43-04:00,12.323970794677734,0.6543649435043335,-11.66960620880127
2026-08-04T04:56:43.004000-04:00,12.312980651855469,0.6457133293151855,-11.667266845703125
2026-08-04T04:56:43.008000-04:00,12.320345878601074,0.6305145621299744,-11.689831733703613
2026-08-04T04:56:43.012000-04:00,12.31064224243164,0.5931022763252258,-11.71753978729248
2026-08-04T04:56:43.016000-04:00,12.312396049499512,0.5794233679771423,-11.732973098754883
2026-08-04T04:56:43.020000-04:00,12.285388946533203,0.5404911637306213,-11.744897842407227
2026-08-04T04:56:43.024000-04:00,12.27790641784668,0.5376852750778198,-11.74022102355957
2026-08-04T04:56:43.028000-04:00,12.27790641784668,0.5421279668807983,-11.73577880859375
2026-08-04T04:56:43.032000-04:00,12.29181957244873,0.5519487261772156,-11.73987102508545
2026-08-04T04:56:43.036000-04:00,12.27790641784668,0.5434139966964722,-11.734492301940918
2026-08-04T04:56:43.040000-04:00,12.283167839050293,0.5181607007980347,-11.765007019042969
2026-08-04T04:56:43.044000-04:00,12.26937198638916,0.5186283588409424,-11.750743865966797
2026-08-04T04:56:43.048000-04:00,12.281414031982422,0.5178099274635315,-11.763604164123535
2026-08-04T04:56:43.052000-04:00,12.283635139465332,0.5279814004898071,-11.755653381347656
2026-08-04T04:56:43.056000-04:00,12.275918960571289,0.5215511918067932,-11.75436782836914
2026-08-04T04:56:43.060000-04:00,12.264928817749023,0.5064693689346313,-11.758459091186523
2026-08-04T04:56:43.064000-04:00,12.264928817749023,0.4930242896080017,-11.771904945373535
2026-08-04T04:56:43.068000-04:00,12.270423889160156,0.4978177547454834,-11.772605895996094
2026-08-04T04:56:43.072000-04:00,12.274867057800293,0.5086907148361206,-11.766176223754883
2026-08-04T04:56:43.076000-04:00,12.257680892944336,0.5078722834587097,-11.749808311462402
2026-08-04T04:56:43.080000-04:00,12.240962028503418,0.5293843746185303,-11.711577415466309
2026-08-04T04:56:43.084000-04:00,12.211265563964844,0.5793064832687378,-11.631958961486816
2026-08-04T04:56:43.088000-04:00,12.243650436401367,0.5939206480979919,-11.64972972869873
2026-08-04T04:56:43.092000-04:00,12.319878578186035,0.5765005350112915,-11.743377685546875
2026-08-04T04:56:43.096000-04:00,12.41188907623291,0.6586907505989075,-11.753198623657227
2026-08-04T04:56:43.100000-04:00,12.579543113708496,0.9184725880622864,-11.661070823669434
2026-08-04T04:56:43.104000-04:00,12.60947322845459,1.1968436241149902,-11.412630081176758
2026-08-04T04:56:43.108000-04:00,12.546924591064453,1.9068593978881836,-10.64006519317627
2026-08-04T04:56:43.112000-04:00,12.483323097229004,2.648324966430664,-9.83499813079834
2026-08-04T04:56:43.116000-04:00,12.426737785339355,2.8858931064605713,-9.540844917297363
2026-08-04T04:56:43.120000-04:00,12.361382484436035,2.900858163833618,-9.460524559020996
2026-08-04T04:56:43.124000-04:00,12.310524940490723,2.639439582824707,-9.671085357666016
2026-08-04T04:56:43.128000-04:00,12.275568008422852,1.9508188962936401,-10.324748992919922
2026-08-04T04:56:43.132000-04:00,12.274398803710938,1.5816060304641724,-10.692792892456055
2026-08-04T04:56:43.136000-04:00,12.304913520812988,0.9963369369506836,-11.308576583862305
2026-08-04T04:56:43.140000-04:00,12.34349536895752,0.8603665232658386,-11.483128547668457
2026-08-04T04:56:43.144000-04:00,12.396105766296387,0.8157055974006653,-11.580400466918945
2026-08-04T04:56:43.148000-04:00,12.345365524291992,0.7427515387535095,-11.602614402770996
2026-08-04T04:56:43.152000-04:00,12.350743293762207,0.6910758018493652,-11.65966796875
2026-08-04T04:56:43.156000-04:00,12.355186462402344,0.6741233468055725,-11.681062698364258
2026-08-04T04:56:43.160000-04:00,12.345832824707031,0.6514421105384827,-11.694390296936035
2026-08-04T04:56:43.164000-04:00,12.343962669372559,0.6185894012451172,-11.725373268127441
2026-08-04T04:56:43.168000-04:00,12.347352981567383,0.6153157949447632,-11.732037544250488
2026-08-04T04:56:43.172000-04:00,12.35425090789795,0.6061965823173523,-11.748054504394531
2026-08-04T04:56:43.176000-04:00,12.355302810668945,0.595557451248169,-11.759745597839355
2026-08-04T04:56:43.180000-04:00,12.340221405029297,0.585269033908844,-11.754952430725098
2026-08-04T04:56:43.184000-04:00,12.346067428588867,0.5982464551925659,-11.747820854187012
2026-08-04T04:56:43.188000-04:00,12.359745979309082,0.615549623966217,-11.744195938110352
2026-08-04T04:56:43.192000-04:00,12.3723726272583,0.6195247173309326,-11.752847671508789
2026-08-04T04:56:43.196000-04:00,12.367813110351562,0.6201092600822449,-11.747703552246094
2026-08-04T04:56:43.200000-04:00,12.360447883605957,0.6239674091339111,-11.736480712890625
2026-08-04T04:56:43.204000-04:00,12.363604545593262,0.6141467094421387,-11.749458312988281
2026-08-04T04:56:43.208000-04:00,12.377399444580078,0.6313329935073853,-11.746066093444824
2026-08-04T04:56:43.212000-04:00,12.380439758300781,0.6351911425590515,-11.745248794555664
2026-08-04T04:56:43.216000-04:00,12.38090705871582,0.6378801465034485,-11.743026733398438
2026-08-04T04:56:43.220000-04:00,12.382076263427734,0.6494545936584473,-11.732622146606445
2026-08-04T04:56:43.224000-04:00,12.385232925415039,0.6527281403541565,-11.732504844665527
2026-08-04T04:56:43.228000-04:00,12.409200668334961,0.6682776212692261,-11.740922927856445
2026-08-04T04:56:43.232000-04:00,12.410837173461914,0.6772800087928772,-11.733556747436523
2026-08-04T04:56:43.236000-04:00,12.41188907623291,0.6982074975967407,-11.7136812210083
2026-08-04T04:56:43.240000-04:00,12.408616065979004,0.6908419728279114,-11.717774391174316
2026-08-04T04:56:43.244000-04:00,12.416448593139648,0.7014811038970947,-11.714967727661133
2026-08-04T04:56:43.248000-04:00,12.441234588623047,0.7177320718765259,-11.723502159118652
2026-08-04T04:56:43.252000-04:00,12.441468238830566,0.7277866005897522,-11.7136812210083
2026-08-04T04:56:43.256000-04:00,12.441819190979004,0.7448559999465942,-11.6969633102417
2026-08-04T04:56:43.260000-04:00,12.443105697631836,0.7419331669807434,-11.701172828674316
2026-08-04T04:56:43.264000-04:00,12.471749305725098,0.7608731389045715,-11.71087646484375
2026-08-04T04:56:43.268000-04:00,12.478296279907227,0.7802807688713074,-11.698015213012695
2026-08-04T04:56:43.272000-04:00,12.509745597839355,0.8130165934562683,-11.696728706359863
2026-08-04T04:56:43.276000-04:00,12.51430606842041,0.8459861874580383,-11.668319702148438
2026-08-04T04:56:43.280000-04:00,12.521437644958496,0.8674982786178589,-11.653939247131348
2026-08-04T04:56:43.284000-04:00,12.536752700805664,0.8952067494392395,-11.641546249389648
2026-08-04T04:56:43.288000-04:00,12.554640769958496,0.9102886319160461,-11.644351959228516
2026-08-04T04:56:43.292000-04:00,12.583986282348633,0.9498053789138794,-11.634181022644043
2026-08-04T04:56:43.296000-04:00,12.596963882446289,0.9690961241722107,-11.627867698669434
2026-08-04T04:56:43.300000-04:00,12.609824180603027,0.9973891973495483,-11.612435340881348
2026-08-04T04:56:43.304000-04:00,12.614968299865723,1.0075606107711792,-11.607407569885254
2026-08-04T04:56:43.308000-04:00,12.63460922241211,1.0420501232147217,-11.592558860778809
2026-08-04T04:56:43.312000-04:00,12.663954734802246,1.075136661529541,-11.588817596435547
2026-08-04T04:56:43.316000-04:00,12.65097713470459,1.0890493392944336,-11.561927795410156
2026-08-04T04:56:43.320000-04:00,12.654484748840332,1.0881140232086182,-11.566370964050293
2026-08-04T04:56:43.324000-04:00,12.650860786437988,1.0855419635772705,-11.565319061279297
2026-08-04T04:56:43.328000-04:00,12.655420303344727,1.098402500152588,-11.557018280029297
2026-08-04T04:56:43.332000-04:00,12.65261459350586,1.0898678302764893,-11.56274700164795
2026-08-04T04:56:43.336000-04:00,12.63800048828125,1.0701093673706055,-11.567891120910645
2026-08-04T04:56:43.340000-04:00,12.625373840332031,1.063211441040039,-11.562162399291992
2026-08-04T04:56:43.344000-04:00,12.619410514831543,1.0478957891464233,-11.571515083312988
2026-08-04T04:56:43.348000-04:00,12.602808952331543,0.999961256980896,-11.602848052978516
2026-08-04T04:56:43.352000-04:00,12.593572616577148,0.997272253036499,-11.59630012512207
2026-08-04T04:56:43.356000-04:00,12.562005996704102,0.9484024047851562,-11.613603591918945
2026-08-04T04:56:43.360000-04:00,12.53359603881836,0.8988310694694519,-11.634764671325684
2026-08-04T04:56:43.364000-04:00,12.503198623657227,0.8540531992912292,-11.649145126342773
2026-08-04T04:56:43.368000-04:00,12.486597061157227,0.8262277841567993,-11.660368919372559
2026-08-04T04:56:43.372000-04:00,12.463915824890137,0.7763057351112366,-11.687609672546387
2026-08-04T04:56:43.376000-04:00,12.431764602661133,0.730475664138794,-11.701289176940918
2026-08-04T04:56:43.380000-04:00,12.414461135864258,0.6984413266181946,-11.716019630432129
2026-08-04T04:56:43.384000-04:00,12.39283275604248,0.6667577624320984,-11.726075172424316
2026-08-04T04:56:43.388000-04:00,12.390727996826172,0.6425566673278809,-11.748170852661133
2026-08-04T04:56:43.392000-04:00,12.377867698669434,0.6127437353134155,-11.765124320983887
2026-08-04T04:56:43.396000-04:00,12.369683265686035,0.6053781509399414,-11.764305114746094
2026-08-04T04:56:43.400000-04:00,12.343260765075684,0.5681996941566467,-11.775060653686523
2026-08-04T04:56:43.404000-04:00,12.337298393249512,0.5489089488983154,-11.788389205932617
2026-08-04T04:56:43.408000-04:00,12.336362838745117,0.5373345017433167,-11.799028396606445
2026-08-04T04:56:43.412000-04:00,12.324204444885254,0.5361653566360474,-11.788039207458496
2026-08-04T04:56:43.416000-04:00,12.31695556640625,0.5327748656272888,-11.784180641174316
2026-08-04T04:56:43.420000-04:00,12.31286334991455,0.5153547525405884,-11.797508239746094
2026-08-04T04:56:43.424000-04:00,12.305030822753906,0.492556631565094,-11.812474250793457
2026-08-04T04:56:43.428000-04:00,12.307018280029297,0.5017927885055542,-11.805225372314453
2026-08-04T04:56:43.432000-04:00,12.305498123168945,0.4926735460758209,-11.812824249267578
2026-08-04T04:56:43.436000-04:00,12.303627014160156,0.48507416248321533,-11.81855297088623
2026-08-04T04:56:43.440000-04:00,12.29614543914795,0.4989868700504303,-11.797158241271973
2026-08-04T04:56:43.444000-04:00,12.290650367736816,0.48589256405830383,-11.804758071899414
2026-08-04T04:56:43.448000-04:00,12.307134628295898,0.5088075995445251,-11.798327445983887
2026-08-04T04:56:43.452000-04:00,12.31110954284668,0.5159393548965454,-11.795169830322266
2026-08-04T04:56:43.456000-04:00,12.309005737304688,0.49758392572402954,-11.811421394348145
2026-08-04T04:56:43.460000-04:00,12.290182113647461,0.4889323115348816,-11.801249504089355
2026-08-04T04:56:43.464000-04:00,12.291702270507812,0.4893999695777893,-11.802302360534668
2026-08-04T04:56:43.468000-04:00,12.303861618041992,0.5081061124801636,-11.795755386352539
2026-08-04T04:56:43.472000-04:00,12.305147171020508,0.5120812058448792,-11.793066024780273
2026-08-04T04:56:43.476000-04:00,12.305030822753906,0.5113797187805176,-11.793651580810547
2026-08-04T04:56:43.480000-04:00,12.303277015686035,0.504715621471405,-11.798561096191406
2026-08-04T04:56:43.484000-04:00,12.305380821228027,0.4971162676811218,-11.80826473236084
2026-08-04T04:56:43.488000-04:00,12.303627014160156,0.5146532654762268,-11.788973808288574
2026-08-04T04:56:43.492000-04:00,12.315786361694336,0.5324241518974304,-11.78336238861084
2026-08-04T04:56:43.496000-04:00,12.311811447143555,0.5338271260261536,-11.777984619140625
2026-08-04T04:56:43.500000-04:00,12.303393363952637,0.548558235168457,-11.75483512878418
2026-08-04T04:56:43.504000-04:00,12.318475723266602,0.5375683307647705,-11.78090763092041
2026-08-04T04:56:43.508000-04:00,12.315903663635254,0.5372176170349121,-11.7786865234375
2026-08-04T04:56:43.512000-04:00,12.319644927978516,0.5451677441596985,-11.774477005004883
2026-08-04T04:56:43.516000-04:00,12.326659202575684,0.5447000861167908,-11.781959533691406
2026-08-04T04:56:43.520000-04:00,12.318242073059082,0.5621201992034912,-11.756121635437012
2026-08-04T04:56:43.524000-04:00,12.315201759338379,0.5621201992034912,-11.753081321716309
2026-08-04T04:56:43.528000-04:00,12.338584899902344,0.5694857239723206,-11.769099235534668
2026-08-04T04:56:43.532000-04:00,12.337766647338867,0.5657445192337036,-11.772022247314453
2026-08-04T04:56:43.536000-04:00,12.326425552368164,0.5359315276145935,-11.790493965148926
2026-08-04T04:56:43.540000-04:00,12.325723648071289,0.554988443851471,-11.770734786987305
2026-08-04T04:56:43.544000-04:00,12.328296661376953,0.560132622718811,-11.768163681030273
2026-08-04T04:56:43.548000-04:00,12.336947441101074,0.5655106902122498,-11.77143669128418
2026-08-04T04:56:43.552000-04:00,12.32911491394043,0.5649260878562927,-11.764188766479492
2026-08-04T04:56:43.556000-04:00,12.330517768859863,0.5728762149810791,-11.757641792297363
2026-08-04T04:56:43.560000-04:00,12.328997611999512,0.5576774477958679,-11.771320343017578
2026-08-04T04:56:43.564000-04:00,12.337766647338867,0.5573267340660095,-11.780440330505371
2026-08-04T04:56:43.568000-04:00,12.337064743041992,0.5560406446456909,-11.781023979187012
2026-08-04T04:56:43.572000-04:00,12.341156959533691,0.5652768611907959,-11.775879859924316
2026-08-04T04:56:43.576000-04:00,12.330400466918945,0.5435309410095215,-11.786869049072266
2026-08-04T04:56:43.580000-04:00,12.324671745300293,0.531488835811615,-11.793183326721191
2026-08-04T04:56:43.584000-04:00,12.31941032409668,0.5365161299705505,-11.782894134521484
2026-08-04T04:56:43.588000-04:00,12.332972526550293,0.5387374758720398,-11.794235229492188
2026-08-04T04:56:43.592000-04:00,12.33355712890625,0.5359315276145935,-11.797625541687012
2026-08-04T04:56:43.596000-04:00,12.33110237121582,0.5199143886566162,-11.811187744140625
2026-08-04T04:56:43.600000-04:00,12.318124771118164,0.506352424621582,-11.811772346496582
2026-08-04T04:56:43.604000-04:00,12.311811447143555,0.4913874864578247,-11.82042407989502
2026-08-04T04:56:43.608000-04:00,12.316838264465332,0.4973500967025757,-11.819488525390625
2026-08-04T04:56:43.612000-04:00,12.321398735046387,0.4937257766723633,-11.827672958374023
2026-08-04T04:56:43.616000-04:00,12.313681602478027,0.48682788014411926,-11.82685375213623
2026-08-04T04:56:43.620000-04:00,12.309706687927246,0.49232280254364014,-11.817383766174316
2026-08-04T04:56:43.624000-04:00,12.312396049499512,0.49325811862945557,-11.819137573242188
2026-08-04T04:56:43.628000-04:00,12.31496810913086,0.4969993531703949,-11.817968368530273
2026-08-04T04:56:43.632000-04:00,12.318007469177246,0.48600947856903076,-11.831997871398926
2026-08-04T04:56:43.636000-04:00,12.313447952270508,0.4661341905593872,-11.84731388092041
2026-08-04T04:56:43.640000-04:00,12.310524940490723,0.4692908525466919,-11.84123420715332
2026-08-04T04:56:43.644000-04:00,12.30456256866455,0.4623929560184479,-11.842169761657715
2026-08-04T04:56:43.648000-04:00,12.31473445892334,0.4689401090145111,-11.845794677734375
2026-08-04T04:56:43.652000-04:00,12.307719230651855,0.46870627999305725,-11.83901309967041
2026-08-04T04:56:43.656000-04:00,12.306900978088379,0.4681217074394226,-11.83877944946289
2026-08-04T04:56:43.660000-04:00,12.304913520812988,0.46063923835754395,-11.844274520874023
2026-08-04T04:56:43.664000-04:00,12.316488265991211,0.4517538249492645,-11.864734649658203
2026-08-04T04:56:43.668000-04:00,12.310057640075684,0.45584580302238464,-11.854211807250977
2026-08-04T04:56:43.672000-04:00,12.311460494995117,0.4753703474998474,-11.836090087890625
2026-08-04T04:56:43.676000-04:00,12.309239387512207,0.4580671489238739,-11.85117244720459
2026-08-04T04:56:43.680000-04:00,12.304679870605469,0.45070159435272217,-11.853978157043457
2026-08-04T04:56:43.684000-04:00,12.301523208618164,0.4475449323654175,-11.853978157043457
2026-08-04T04:56:43.688000-04:00,12.302692413330078,0.4517538249492645,-11.85093879699707
2026-08-04T04:56:43.692000-04:00,12.303627014160156,0.4544428288936615,-11.849184036254883
2026-08-04T04:56:43.696000-04:00,12.303159713745117,0.4445051848888397,-11.858654975891113
2026-08-04T04:56:43.700000-04:00,12.30257511138916,0.43889331817626953,-11.86368179321289
2026-08-04T04:56:43.704000-04:00,12.297898292541504,0.4359704852104187,-11.86192798614502
2026-08-04T04:56:43.708000-04:00,12.301405906677246,0.4439206123352051,-11.857484817504883
2026-08-04T04:56:43.712000-04:00,12.308187484741211,0.4489479064941406,-11.85923957824707
2026-08-04T04:56:43.716000-04:00,12.319994926452637,0.45666417479515076,-11.863330841064453
2026-08-04T04:56:43.720000-04:00,12.319293975830078,0.4893999695777893,-11.829894065856934
2026-08-04T04:56:43.724000-04:00,12.312629699707031,0.47957924008369446,-11.833050727844238
2026-08-04T04:56:43.728000-04:00,12.319878578186035,0.5146532654762268,-11.805225372314453
2026-08-04T04:56:43.732000-04:00,12.322917938232422,0.5201482176780701,-11.802769660949707
2026-08-04T04:56:43.736000-04:00,12.312396049499512,0.4969993531703949,-11.815396308898926
2026-08-04T04:56:43.740000-04:00,12.321398735046387,0.5280983448028564,-11.79330062866211
2026-08-04T04:56:43.744000-04:00,12.328296661376953,0.5761498212814331,-11.75214672088623
2026-08-04T04:56:43.748000-04:00,12.303510665893555,0.5962589383125305,-11.70725154876709
2026-08-04T04:56:43.752000-04:00,12.299184799194336,0.6012861728668213,-11.697898864746094
2026-08-04T04:56:43.756000-04:00,12.307602882385254,0.5853859782218933,-11.722216606140137
2026-08-04T04:56:43.760000-04:00,12.294976234436035,0.6015200018882751,-11.693456649780273
2026-08-04T04:56:43.764000-04:00,12.309356689453125,0.6101716160774231,-11.699185371398926
2026-08-04T04:56:43.768000-04:00,12.325840950012207,0.6004678010940552,-11.725373268127441
2026-08-04T04:56:43.772000-04:00,12.343729019165039,0.5824631452560425,-11.761265754699707
2026-08-04T04:56:43.776000-04:00,12.328646659851074,0.5297351479530334,-11.798911094665527
2026-08-04T04:56:43.780000-04:00,12.311226844787598,0.5037803053855896,-11.807446479797363
2026-08-04T04:56:43.784000-04:00,12.316838264465332,0.4912705719470978,-11.825567245483398
2026-08-04T04:56:43.788000-04:00,12.316137313842773,0.4909198582172394,-11.825217247009277
2026-08-04T04:56:43.792000-04:00,12.31718921661377,0.4692908525466919,-11.847898483276367
2026-08-04T04:56:43.796000-04:00,12.298600196838379,0.4335153102874756,-11.865084648132324
2026-08-04T04:56:43.800000-04:00,12.277088165283203,0.42591592669487,-11.85117244720459
2026-08-04T04:56:43.804000-04:00,12.273931503295898,0.398207426071167,-11.875723838806152
2026-08-04T04:56:43.808000-04:00,12.284921646118164,0.39879199862480164,-11.886129379272461
2026-08-04T04:56:43.812000-04:00,12.284687042236328,0.3969213664531708,-11.887765884399414
2026-08-04T04:56:43.816000-04:00,12.291468620300293,0.38523003458976746,-11.906238555908203
2026-08-04T04:56:43.820000-04:00,12.268903732299805,0.3750585615634918,-11.893845558166504
2026-08-04T04:56:43.824000-04:00,12.282583236694336,0.3761107623577118,-11.906472206115723
2026-08-04T04:56:43.828000-04:00,12.288545608520508,0.38674989342689514,-11.901795387268066
2026-08-04T04:56:43.832000-04:00,12.28796100616455,0.3851131200790405,-11.902848243713379
2026-08-04T04:56:43.836000-04:00,12.278491020202637,0.36184731125831604,-11.916644096374512
2026-08-04T04:56:43.840000-04:00,12.258615493774414,0.35869064927101135,-11.899925231933594
2026-08-04T04:56:43.844000-04:00,12.263876914978027,0.3600936233997345,-11.903782844543457
2026-08-04T04:56:43.848000-04:00,12.272411346435547,0.3576384484767914,-11.914772987365723
2026-08-04T04:56:43.852000-04:00,12.276386260986328,0.37353867292404175,-11.902847290039062
2026-08-04T04:56:43.856000-04:00,12.266098022460938,0.3874513804912567,-11.878646850585938
2026-08-04T04:56:43.860000-04:00,12.233830451965332,0.38639914989471436,-11.847431182861328
2026-08-04T04:56:43.864000-04:00,12.228802680969238,0.42053791880607605,-11.80826473236084
2026-08-04T04:56:43.868000-04:00,12.254524230957031,0.4234607517719269,-11.831063270568848
2026-08-04T04:56:43.872000-04:00,12.335077285766602,0.4318785071372986,-11.903199195861816
2026-08-04T04:56:43.876000-04:00,12.473152160644531,0.6028060913085938,-11.870346069335938
2026-08-04T04:56:43.880000-04:00,12.6240873336792,0.7868279218673706,-11.837259292602539
2026-08-04T04:56:43.884000-04:00,12.642326354980469,1.3329309225082397,-11.309395790100098
2026-08-04T04:56:43.888000-04:00,12.591702461242676,1.8437261581420898,-10.747976303100586
2026-08-04T04:56:43.892000-04:00,12.52284049987793,2.562276601791382,-9.960563659667969
2026-08-04T04:56:43.896000-04:00,12.430479049682617,2.760094165802002,-9.670385360717773
2026-08-04T04:56:43.900000-04:00,12.395989418029785,2.7043263912200928,-9.691662788391113
2026-08-04T04:56:43.904000-04:00,12.322684288024902,2.1976232528686523,-10.12506103515625
2026-08-04T04:56:43.908000-04:00,12.284102439880371,1.7233052253723145,-10.560796737670898
2026-08-04T04:56:43.912000-04:00,12.241429328918457,1.1553393602371216,-11.086090087890625
2026-08-04T04:56:43.916000-04:00,12.277205467224121,0.8685504794120789,-11.408655166625977
2026-08-04T04:56:43.920000-04:00,12.361499786376953,0.7359705567359924,-11.625529289245605
2026-08-04T04:56:43.924000-04:00,12.385817527770996,0.7046377658843994,-11.681180000305176
2026-08-04T04:56:43.928000-04:00,12.36009693145752,0.6263056993484497,-11.73379135131836
2026-08-04T04:56:43.932000-04:00,12.345832824707031,0.5686673521995544,-11.777165412902832
2026-08-04T04:56:43.936000-04:00,12.353666305541992,0.5422448515892029,-11.811421394348145
2026-08-04T04:56:43.940000-04:00,12.345832824707031,0.5215511918067932,-11.824281692504883
2026-08-04T04:56:43.944000-04:00,12.350393295288086,0.5118473768234253,-11.838545799255371
2026-08-04T04:56:43.948000-04:00,12.345832824707031,0.4986361265182495,-11.847196578979492
2026-08-04T04:56:43.952000-04:00,12.359161376953125,0.4958302080631256,-11.863330841064453
2026-08-04T04:56:43.956000-04:00,12.343962669372559,0.4946610629558563,-11.8493013381958
2026-08-04T04:56:43.960000-04:00,12.340688705444336,0.4853079915046692,-11.85538101196289
2026-08-04T04:56:43.964000-04:00,12.3557710647583,0.4954794645309448,-11.860291481018066
2026-08-04T04:56:43.968000-04:00,12.357173919677734,0.5060017108917236,-11.85117244720459
2026-08-04T04:56:43.972000-04:00,12.363838195800781,0.5041310787200928,-11.85970687866211
2026-08-04T04:56:43.976000-04:00,12.366059303283691,0.5128995776176453,-11.85315990447998
2026-08-04T04:56:43.980000-04:00,12.361031532287598,0.5168746709823608,-11.844157218933105
2026-08-04T04:56:43.984000-04:00,12.36617660522461,0.5213173627853394,-11.84485912322998
2026-08-04T04:56:43.988000-04:00,12.371670722961426,0.533125638961792,-11.838544845581055
2026-08-04T04:56:43.992000-04:00,12.388273239135742,0.5499611496925354,-11.838312149047852
2026-08-04T04:56:43.996000-04:00,12.389442443847656,0.5589635372161865,-11.83047866821289
2026-08-04T04:56:44-04:00,12.380088806152344,0.5683165788650513,-11.811772346496582
2026-08-04T04:56:44.004000-04:00,12.389325141906738,0.5710055828094482,-11.818319320678711
2026-08-04T04:56:44.008000-04:00,12.389558792114258,0.561769425868988,-11.827789306640625
2026-08-04T04:56:44.012000-04:00,12.403120994567871,0.576383650302887,-11.826737403869629
2026-08-04T04:56:44.016000-04:00,12.400665283203125,0.5870227813720703,-11.813642501831055
2026-08-04T04:56:44.020000-04:00,12.39750862121582,0.5957912802696228,-11.801717758178711
2026-08-04T04:56:44.024000-04:00,12.412473678588867,0.6224475502967834,-11.79002571105957
2026-08-04T04:56:44.028000-04:00,12.426620483398438,0.6302807331085205,-11.796339988708496
2026-08-04T04:56:44.032000-04:00,12.42626953125,0.6375293731689453,-11.788740158081055
2026-08-04T04:56:44.036000-04:00,12.433401107788086,0.6598598957061768,-11.773541450500488
2026-08-04T04:56:44.040000-04:00,12.440533638000488,0.6837102174758911,-11.756823539733887
2026-08-04T04:56:44.044000-04:00,12.445911407470703,0.7001950144767761,-11.745716094970703
2026-08-04T04:56:44.048000-04:00,12.474321365356445,0.7267343997955322,-11.747587203979492
2026-08-04T04:56:44.052000-04:00,12.48776626586914,0.739361047744751,-11.748405456542969
2026-08-04T04:56:44.056000-04:00,12.497703552246094,0.7764226198196411,-11.721281051635742
2026-08-04T04:56:44.060000-04:00,12.50261402130127,0.7895169854164124,-11.713096618652344
2026-08-04T04:56:44.064000-04:00,12.518865585327148,0.8192129731178284,-11.699652671813965
2026-08-04T04:56:44.068000-04:00,12.535116195678711,0.8609511256217957,-11.674164772033691
2026-08-04T04:56:44.072000-04:00,12.562240600585938,0.8994156718254089,-11.662824630737305
2026-08-04T04:56:44.076000-04:00,12.575100898742676,0.9242013096809387,-11.650899887084961
2026-08-04T04:56:44.080000-04:00,12.582115173339844,0.9469994902610779,-11.635115623474121
2026-08-04T04:56:44.084000-04:00,12.5950927734375,0.9784492254257202,-11.616643905639648
2026-08-04T04:56:44.088000-04:00,12.608771324157715,0.9921280741691589,-11.616642951965332
2026-08-04T04:56:44.092000-04:00,12.633323669433594,1.0247468948364258,-11.608576774597168
2026-08-04T04:56:44.096000-04:00,12.622217178344727,1.0283712148666382,-11.593846321105957
2026-08-04T04:56:44.100000-04:00,12.624438285827637,1.0363214015960693,-11.588116645812988
2026-08-04T04:56:44.104000-04:00,12.621281623840332,1.0491818189620972,-11.572099685668945
2026-08-04T04:56:44.108000-04:00,12.619645118713379,1.0385427474975586,-11.58110237121582
2026-08-04T04:56:44.112000-04:00,12.625373840332031,1.033281683921814,-11.592092514038086
2026-08-04T04:56:44.116000-04:00,12.606082916259766,1.0190181732177734,-11.587064743041992
2026-08-04T04:56:44.120000-04:00,12.594508171081543,1.0069761276245117,-11.587532043457031
2026-08-04T04:56:44.124000-04:00,12.583635330200195,0.9787999391555786,-11.604835510253906
2026-08-04T04:56:44.128000-04:00,12.565630912780762,0.9381140470504761,-11.627516746520996
2026-08-04T04:56:44.132000-04:00,12.553705215454102,0.9182387590408325,-11.635466575622559
2026-08-04T04:56:44.136000-04:00,12.52120304107666,0.8782542943954468,-11.642949104309082
2026-08-04T04:56:44.140000-04:00,12.472450256347656,0.8074047565460205,-11.665045738220215
2026-08-04T04:56:44.144000-04:00,12.466371536254883,0.7746689319610596,-11.691702842712402
2026-08-04T04:56:44.148000-04:00,12.446027755737305,0.720187246799469,-11.72584056854248
2026-08-04T04:56:44.152000-04:00,12.429543495178223,0.6886205673217773,-11.740922927856445
2026-08-04T04:56:44.156000-04:00,12.408031463623047,0.6550664305686951,-11.752964973449707
2026-08-04T04:56:44.160000-04:00,12.390610694885254,0.6257210969924927,-11.76488971710205
2026-08-04T04:56:44.164000-04:00,12.375762939453125,0.5934529900550842,-11.782309532165527
2026-08-04T04:56:44.168000-04:00,12.368982315063477,0.5645753741264343,-11.804407119750977
2026-08-04T04:56:44.172000-04:00,12.356589317321777,0.5494934916496277,-11.807095527648926
2026-08-04T04:56:44.176000-04:00,12.340572357177734,0.5206158757209778,-11.81995677947998
2026-08-04T04:56:44.180000-04:00,12.320112228393555,0.4998052716255188,-11.820306777954102
2026-08-04T04:56:44.184000-04:00,12.318826675415039,0.48472341895103455,-11.83410358428955
2026-08-04T04:56:44.188000-04:00,12.321632385253906,0.4793454110622406,-11.842287063598633
2026-08-04T04:56:44.192000-04:00,12.315670013427734,0.4692908525466919,-11.846379280090332
2026-08-04T04:56:44.196000-04:00,12.306550025939941,0.4512861669063568,-11.855263710021973
2026-08-04T04:56:44.200000-04:00,12.298951148986816,0.4537413418292999,-11.845210075378418
2026-08-04T04:56:44.204000-04:00,12.29626178741455,0.44660961627960205,-11.849652290344238
2026-08-04T04:56:44.208000-04:00,12.301523208618164,0.44508975744247437,-11.856433868408203
2026-08-04T04:56:44.212000-04:00,12.288662910461426,0.446726530790329,-11.841936111450195
2026-08-04T04:56:44.216000-04:00,12.285271644592285,0.4427514672279358,-11.842519760131836
2026-08-04T04:56:44.220000-04:00,12.28211498260498,0.44871407747268677,-11.83340072631836
2026-08-04T04:56:44.224000-04:00,12.278608322143555,0.44742801785469055,-11.831180572509766
2026-08-04T04:56:44.228000-04:00,12.287376403808594,0.4336322247982025,-11.853744506835938
2026-08-04T04:56:44.232000-04:00,12.293105125427246,0.4448559284210205,-11.848249435424805
2026-08-04T04:56:44.236000-04:00,12.280945777893066,0.44824641942977905,-11.8326997756958
2026-08-04T04:56:44.240000-04:00,12.27767276763916,0.45151999592781067,-11.826152801513672
2026-08-04T04:56:44.244000-04:00,12.284219741821289,0.457950234413147,-11.826269149780273
2026-08-04T04:56:44.248000-04:00,12.297313690185547,0.45947012305259705,-11.837843894958496
2026-08-04T04:56:44.252000-04:00,12.299769401550293,0.46554961800575256,-11.834219932556152
2026-08-04T04:56:44.256000-04:00,12.28351879119873,0.48390504717826843,-11.799613952636719
2026-08-04T04:56:44.260000-04:00,12.29205322265625,0.49033528566360474,-11.801717758178711
2026-08-04T04:56:44.264000-04:00,12.29614543914795,0.489867627620697,-11.806278228759766
2026-08-04T04:56:44.268000-04:00,12.30456256866455,0.49957144260406494,-11.804990768432617
2026-08-04T04:56:44.272000-04:00,12.314850807189941,0.5083399415016174,-11.806510925292969
2026-08-04T04:56:44.276000-04:00,12.308303833007812,0.5053002238273621,-11.803003311157227
2026-08-04T04:56:44.280000-04:00,12.302692413330078,0.513367235660553,-11.789324760437012
2026-08-04T04:56:44.284000-04:00,12.309823989868164,0.5187452435493469,-11.791078567504883
2026-08-04T04:56:44.288000-04:00,12.31110954284668,0.5164070129394531,-11.794702529907227
2026-08-04T04:56:44.292000-04:00,12.313214302062988,0.5389713048934937,-11.774243354797363
2026-08-04T04:56:44.296000-04:00,12.323386192321777,0.5444662570953369,-11.77892017364502
2026-08-04T04:56:44.300000-04:00,12.312629699707031,0.5381529331207275,-11.774477005004883
2026-08-04T04:56:44.304000-04:00,12.320345878601074,0.5427125096321106,-11.777633666992188
2026-08-04T04:56:44.308000-04:00,12.32326889038086,0.5480905771255493,-11.775177955627441
2026-08-04T04:56:44.312000-04:00,12.325723648071289,0.5538192987442017,-11.771903991699219
2026-08-04T04:56:44.316000-04:00,12.31917667388916,0.553936243057251,-11.765240669250488
2026-08-04T04:56:44.320000-04:00,12.324204444885254,0.5544039011001587,-11.769800186157227
2026-08-04T04:56:44.324000-04:00,12.315552711486816,0.548558235168457,-11.76699447631836
2026-08-04T04:56:44.328000-04:00,12.337298393249512,0.5607172250747681,-11.776580810546875
2026-08-04T04:56:44.332000-04:00,12.329582214355469,0.5542869567871094,-11.77529525756836
2026-08-04T04:56:44.336000-04:00,12.330400466918945,0.5520656108856201,-11.778334617614746
2026-08-04T04:56:44.340000-04:00,12.32326889038086,0.5422448515892029,-11.781023979187012
2026-08-04T04:56:44.344000-04:00,12.322917938232422,0.542011022567749,-11.780906677246094
2026-08-04T04:56:44.348000-04:00,12.331686973571777,0.553351640701294,-11.778335571289062
2026-08-04T04:56:44.352000-04:00,12.334025382995605,0.5422448515892029,-11.791780471801758
2026-08-04T04:56:44.356000-04:00,12.32724380493164,0.5383867025375366,-11.788857460021973
2026-08-04T04:56:44.360000-04:00,12.313798904418945,0.5415434241294861,-11.772255897521973
2026-08-04T04:56:44.364000-04:00,12.31672191619873,0.5230710506439209,-11.79365062713623
2026-08-04T04:56:44.368000-04:00,12.32303524017334,0.5307873487472534,-11.792247772216797
2026-08-04T04:56:44.372000-04:00,12.325840950012207,0.5351131558418274,-11.790727615356445
2026-08-04T04:56:44.376000-04:00,12.313681602478027,0.5307873487472534,-11.782894134521484
2026-08-04T04:56:44.380000-04:00,12.314149856567383,0.5245909094810486,-11.789559364318848
2026-08-04T04:56:44.384000-04:00,12.317773818969727,0.5210835337638855,-11.796689987182617
2026-08-04T04:56:44.388000-04:00,12.319527626037598,0.5270461440086365,-11.792481422424316
2026-08-04T04:56:44.392000-04:00,12.319527626037598,0.51500403881073,-11.804523468017578
2026-08-04T04:56:44.396000-04:00,12.317422866821289,0.5137180089950562,-11.803705215454102
2026-08-04T04:56:44.400000-04:00,12.307368278503418,0.5305535197257996,-11.776814460754395
2026-08-04T04:56:44.404000-04:00,12.305849075317383,0.5110289454460144,-11.794819831848145
2026-08-04T04:56:44.408000-04:00,12.316604614257812,0.5099767446517944,-11.806628227233887
2026-08-04T04:56:44.412000-04:00,12.31450080871582,0.5151209235191345,-11.7993803024292
2026-08-04T04:56:44.416000-04:00,12.313681602478027,0.5125488638877869,-11.801133155822754
2026-08-04T04:56:44.420000-04:00,12.297664642333984,0.49594712257385254,-11.801717758178711
2026-08-04T04:56:44.424000-04:00,12.303043365478516,0.4950118064880371,-11.80803108215332
2026-08-04T04:56:44.428000-04:00,12.317891120910645,0.5157055258750916,-11.802186012268066
2026-08-04T04:56:44.432000-04:00,12.309590339660645,0.5092752575874329,-11.800314903259277
2026-08-04T04:56:44.436000-04:00,12.309005737304688,0.5037803053855896,-11.805225372314453
2026-08-04T04:56:44.440000-04:00,12.30012035369873,0.5071707963943481,-11.792949676513672
2026-08-04T04:56:44.444000-04:00,12.297548294067383,0.5190960168838501,-11.778451919555664
2026-08-04T04:56:44.448000-04:00,12.314032554626465,0.5006236433982849,-11.813408851623535
2026-08-04T04:56:44.452000-04:00,12.315552711486816,0.5064693689346313,-11.809082984924316
2026-08-04T04:56:44.456000-04:00,12.325958251953125,0.51605623960495,-11.80990219116211
2026-08-04T04:56:44.460000-04:00,12.326542854309082,0.5264615416526794,-11.800081253051758
2026-08-04T04:56:44.464000-04:00,12.319644927978516,0.5656275749206543,-11.754016876220703
2026-08-04T04:56:44.468000-04:00,12.315319061279297,0.5781373381614685,-11.737181663513184
2026-08-04T04:56:44.472000-04:00,12.325139999389648,0.5884256958961487,-11.736714363098145
2026-08-04T04:56:44.476000-04:00,12.317657470703125,0.5811770558357239,-11.736480712890625
2026-08-04T04:56:44.480000-04:00,12.32104778289795,0.5943883061408997,-11.726659774780273
2026-08-04T04:56:44.484000-04:00,12.325607299804688,0.6334373950958252,-11.692170143127441
2026-08-04T04:56:44.488000-04:00,12.317657470703125,0.6625488996505737,-11.655108451843262
2026-08-04T04:56:44.492000-04:00,12.303393363952637,0.6922448873519897,-11.611148834228516
2026-08-04T04:56:44.496000-04:00,12.296963691711426,0.6623150706291199,-11.634648323059082
2026-08-04T04:56:44.500000-04:00,12.299652099609375,0.6768123507499695,-11.62283992767334
2026-08-04T04:56:44.504000-04:00,12.310408592224121,0.6921280026435852,-11.618280410766602
2026-08-04T04:56:44.508000-04:00,12.327828407287598,0.6883867979049683,-11.63944149017334
2026-08-04T04:56:44.512000-04:00,12.343144416809082,0.6764615774154663,-11.666683197021484
2026-08-04T04:56:44.516000-04:00,12.333440780639648,0.6440765261650085,-11.689364433288574
2026-08-04T04:56:44.520000-04:00,12.315319061279297,0.6029229760169983,-11.712395668029785
2026-08-04T04:56:44.524000-04:00,12.314149856567383,0.5863212943077087,-11.727828979492188
2026-08-04T04:56:44.528000-04:00,12.322099685668945,0.5749806761741638,-11.747118949890137
2026-08-04T04:56:44.532000-04:00,12.31251335144043,0.553936243057251,-11.758577346801758
2026-08-04T04:56:44.536000-04:00,12.308537483215332,0.5310211777687073,-11.77751636505127
2026-08-04T04:56:44.540000-04:00,12.290533065795898,0.482969731092453,-11.807563781738281
2026-08-04T04:56:44.544000-04:00,12.284337043762207,0.47759169340133667,-11.806745529174805
2026-08-04T04:56:44.548000-04:00,12.292988777160645,0.46192529797554016,-11.831063270568848
2026-08-04T04:56:44.552000-04:00,12.286558151245117,0.47361665964126587,-11.812941551208496
2026-08-04T04:56:44.556000-04:00,12.284921646118164,0.46473121643066406,-11.8201904296875
2026-08-04T04:56:44.560000-04:00,12.284570693969727,0.44742801785469055,-11.837142944335938
2026-08-04T04:56:44.564000-04:00,12.286558151245117,0.4504677653312683,-11.836090087890625
2026-08-04T04:56:44.568000-04:00,12.293105125427246,0.44742801785469055,-11.845677375793457
2026-08-04T04:56:44.572000-04:00,12.284921646118164,0.45187073945999146,-11.833050727844238
2026-08-04T04:56:44.576000-04:00,12.274398803710938,0.43620431423187256,-11.838194847106934
2026-08-04T04:56:44.580000-04:00,12.2657470703125,0.4343337118625641,-11.831413269042969
2026-08-04T04:56:44.584000-04:00,12.268202781677246,0.4351521134376526,-11.833050727844238
2026-08-04T04:56:44.588000-04:00,12.269254684448242,0.4276696443557739,-11.841585159301758
2026-08-04T04:56:44.592000-04:00,12.283401489257812,0.42498061060905457,-11.858421325683594
2026-08-04T04:56:44.596000-04:00,12.273113250732422,0.4318785071372986,-11.841235160827637
2026-08-04T04:56:44.600000-04:00,12.252185821533203,0.44333603978157043,-11.808849334716797
2026-08-04T04:56:44.604000-04:00,12.218631744384766,0.46952468156814575,-11.749107360839844
2026-08-04T04:56:44.608000-04:00,12.227517127990723,0.5165238976478577,-11.710992813110352
2026-08-04T04:56:44.612000-04:00,12.293689727783203,0.4950118064880371,-11.798677444458008
2026-08-04T04:56:44.616000-04:00,12.344547271728516,0.522837221622467,-11.821709632873535
2026-08-04T04:56:44.620000-04:00,12.492910385131836,0.7273189425468445,-11.765591621398926
2026-08-04T04:56:44.624000-04:00,12.605030059814453,0.9346066117286682,-11.67042350769043
2026-08-04T04:56:44.628000-04:00,12.575919151306152,1.5224478244781494,-11.053471565246582
2026-08-04T04:56:44.632000-04:00,12.557563781738281,2.3204994201660156,-10.237064361572266
2026-08-04T04:56:44.636000-04:00,12.470462799072266,2.738582134246826,-9.731880187988281
2026-08-04T04:56:44.640000-04:00,12.40382194519043,2.854560375213623,-9.549261093139648
2026-08-04T04:56:44.644000-04:00,12.355887413024902,2.822993755340576,-9.532894134521484
2026-08-04T04:56:44.648000-04:00,12.324320793151855,2.2357370853424072,-10.088583946228027
2026-08-04T04:56:44.652000-04:00,12.297313690185547,1.7713567018508911,-10.525957107543945
2026-08-04T04:56:44.656000-04:00,12.308070182800293,1.1802419424057007,-11.127828598022461
2026-08-04T04:56:44.660000-04:00,12.336713790893555,0.8869059085845947,-11.449808120727539
2026-08-04T04:56:44.664000-04:00,12.422294616699219,0.805884838104248,-11.616409301757812
2026-08-04T04:56:44.668000-04:00,12.400899887084961,0.7572488188743591,-11.643651008605957
2026-08-04T04:56:44.672000-04:00,12.352497100830078,0.6924787163734436,-11.660017967224121
2026-08-04T04:56:44.676000-04:00,12.354718208312988,0.6453626155853271,-11.709355354309082
2026-08-04T04:56:44.680000-04:00,12.349691390991211,0.6206938624382019,-11.728997230529785
2026-08-04T04:56:44.684000-04:00,12.354134559631348,0.5881918668746948,-11.765942573547363
2026-08-04T04:56:44.688000-04:00,12.357291221618652,0.585853636264801,-11.771437644958496
2026-08-04T04:56:44.692000-04:00,12.3557710647583,0.5748637318611145,-11.78090763092041
2026-08-04T04:56:44.696000-04:00,12.353315353393555,0.5686673521995544,-11.784647941589355
2026-08-04T04:56:44.700000-04:00,12.344898223876953,0.564458429813385,-11.780439376831055
2026-08-04T04:56:44.704000-04:00,12.355420112609863,0.5672643780708313,-11.788155555725098
2026-08-04T04:56:44.708000-04:00,12.36255168914795,0.5829308032989502,-11.779621124267578
2026-08-04T04:56:44.712000-04:00,12.364656448364258,0.570421040058136,-11.794235229492188
2026-08-04T04:56:44.716000-04:00,12.359979629516602,0.5773189067840576,-11.782660484313965
2026-08-04T04:56:44.720000-04:00,12.35986328125,0.57474684715271,-11.785116195678711
2026-08-04T04:56:44.724000-04:00,12.364422798156738,0.5908808708190918,-11.773542404174805
2026-08-04T04:56:44.728000-04:00,12.376932144165039,0.5891271829605103,-11.78780460357666
2026-08-04T04:56:44.732000-04:00,12.379621505737305,0.6123929619789124,-11.767228126525879
2026-08-04T04:56:44.736000-04:00,12.374711036682129,0.6159003973007202,-11.758810997009277
2026-08-04T04:56:44.740000-04:00,12.371437072753906,0.6129775643348694,-11.758459091186523
2026-08-04T04:56:44.744000-04:00,12.379972457885742,0.6389323472976685,-11.741040229797363
2026-08-04T04:56:44.748000-04:00,12.398210525512695,0.6418551802635193,-11.756355285644531
2026-08-04T04:56:44.752000-04:00,12.397743225097656,0.6408029794692993,-11.756939888000488
2026-08-04T04:56:44.756000-04:00,12.401249885559082,0.6693298816680908,-11.73192024230957
2026-08-04T04:56:44.760000-04:00,12.394586563110352,0.6722527146339417,-11.722333908081055
2026-08-04T04:56:44.764000-04:00,12.40943431854248,0.6883867979049683,-11.721047401428223
2026-08-04T04:56:44.768000-04:00,12.420891761779785,0.7097819447517395,-11.71111011505127
2026-08-04T04:56:44.772000-04:00,12.422645568847656,0.7117694616317749,-11.71087646484375
2026-08-04T04:56:44.776000-04:00,12.428958892822266,0.7229931950569153,-11.705965995788574
2026-08-04T04:56:44.780000-04:00,12.425451278686523,0.7345675826072693,-11.69088363647461
2026-08-04T04:56:44.784000-04:00,12.447781562805176,0.7626268267631531,-11.685154914855957
2026-08-04T04:56:44.788000-04:00,12.46508502960205,0.7833205461502075,-11.681764602661133
2026-08-04T04:56:44.792000-04:00,12.478529930114746,0.8093922734260559,-11.669137954711914
2026-08-04T04:56:44.796000-04:00,12.486830711364746,0.8365162014961243,-11.650314331054688
2026-08-04T04:56:44.800000-04:00,12.491390228271484,0.8651599884033203,-11.626230239868164
2026-08-04T04:56:44.804000-04:00,12.514071464538574,0.8926346898078918,-11.621437072753906
2026-08-04T04:56:44.808000-04:00,12.53944206237793,0.9390493631362915,-11.60039234161377
2026-08-04T04:56:44.812000-04:00,12.560135841369629,0.9668747782707214,-11.593260765075684
2026-08-04T04:56:44.816000-04:00,12.567618370056152,0.987802267074585,-11.579815864562988
2026-08-04T04:56:44.820000-04:00,12.580829620361328,1.0143415927886963,-11.566488265991211
2026-08-04T04:56:44.824000-04:00,12.595911026000977,1.0504679679870605,-11.545442581176758
2026-08-04T04:56:44.828000-04:00,12.61777400970459,1.0829699039459229,-11.534804344177246
2026-08-04T04:56:44.832000-04:00,12.629582405090332,1.0950119495391846,-11.534570693969727
2026-08-04T04:56:44.836000-04:00,12.630400657653809,1.1139519214630127,-11.516448974609375
2026-08-04T04:56:44.840000-04:00,12.62806224822998,1.1283323764801025,-11.499730110168457
2026-08-04T04:56:44.844000-04:00,12.64244270324707,1.1363993883132935,-11.506043434143066
2026-08-04T04:56:44.848000-04:00,12.65050983428955,1.128098487854004,-11.522411346435547
2026-08-04T04:56:44.852000-04:00,12.64220905303955,1.1275138854980469,-11.514695167541504
2026-08-04T04:56:44.856000-04:00,12.6240873336792,1.1352301836013794,-11.48885726928711
2026-08-04T04:56:44.860000-04:00,12.614266395568848,1.1143027544021606,-11.499963760375977
2026-08-04T04:56:44.864000-04:00,12.60362720489502,1.0944273471832275,-11.509200096130371
2026-08-04T04:56:44.868000-04:00,12.588428497314453,1.0618085861206055,-11.526619911193848
2026-08-04T04:56:44.872000-04:00,12.575451850891113,1.0339831113815308,-11.541468620300293
2026-08-04T04:56:44.876000-04:00,12.529621124267578,0.9811382293701172,-11.548482894897461
2026-08-04T04:56:44.880000-04:00,12.509511947631836,0.94243985414505,-11.567071914672852
2026-08-04T04:56:44.884000-04:00,12.490104675292969,0.8793065547943115,-11.610797882080078
2026-08-04T04:56:44.888000-04:00,12.478529930114746,0.8519487977027893,-11.626581192016602
2026-08-04T04:56:44.892000-04:00,12.450353622436523,0.8090415000915527,-11.641311645507812
2026-08-04T04:56:44.896000-04:00,12.431180000305176,0.776656448841095,-11.654523849487305
2026-08-04T04:56:44.900000-04:00,12.400665283203125,0.7337492108345032,-11.666915893554688
2026-08-04T04:56:44.904000-04:00,12.380206108093262,0.6833595037460327,-11.696846961975098
2026-08-04T04:56:44.908000-04:00,12.377984046936035,0.645011842250824,-11.732972145080566
2026-08-04T04:56:44.912000-04:00,12.359161376953125,0.6364771723747253,-11.722683906555176
2026-08-04T04:56:44.916000-04:00,12.35354995727539,0.6177710294723511,-11.73577880859375
2026-08-04T04:56:44.920000-04:00,12.32934856414795,0.5810601711273193,-11.74828815460205
2026-08-04T04:56:44.924000-04:00,12.325607299804688,0.5685504078865051,-11.757057189941406
2026-08-04T04:56:44.928000-04:00,12.324087142944336,0.5598987936973572,-11.764188766479492
2026-08-04T04:56:44.932000-04:00,12.31473445892334,0.5492596626281738,-11.765474319458008
2026-08-04T04:56:44.936000-04:00,12.315552711486816,0.5524163246154785,-11.76313591003418
2026-08-04T04:56:44.940000-04:00,12.304328918457031,0.5319564938545227,-11.772372245788574
2026-08-04T04:56:44.944000-04:00,12.300938606262207,0.5234218239784241,-11.77751636505127
2026-08-04T04:56:44.948000-04:00,12.306900978088379,0.5206158757209778,-11.786285400390625
2026-08-04T04:56:44.952000-04:00,12.303861618041992,0.5326579809188843,-11.771203994750977
2026-08-04T04:56:44.956000-04:00,12.2947416305542,0.5248247385025024,-11.769916534423828
2026-08-04T04:56:44.960000-04:00,12.289948463439941,0.5189790725708008,-11.77096939086914
2026-08-04T04:56:44.964000-04:00,12.287025451660156,0.5186283588409424,-11.768397331237793
2026-08-04T04:56:44.968000-04:00,12.299184799194336,0.534762442111969,-11.764422416687012
2026-08-04T04:56:44.972000-04:00,12.297664642333984,0.5222526788711548,-11.775411605834961
2026-08-04T04:56:44.976000-04:00,12.282816886901855,0.5293843746185303,-11.753432273864746
2026-08-04T04:56:44.980000-04:00,12.283635139465332,0.5361653566360474,-11.747469902038574
2026-08-04T04:56:44.984000-04:00,12.290182113647461,0.532541036605835,-11.757640838623047
2026-08-04T04:56:44.988000-04:00,12.292637825012207,0.5441154837608337,-11.748522758483887
2026-08-04T04:56:44.992000-04:00,12.295677185058594,0.5443493127822876,-11.751327514648438
2026-08-04T04:56:44.996000-04:00,12.290884017944336,0.5520656108856201,-11.738818168640137
2026-08-04T04:56:45-04:00,12.286324501037598,0.5541700720787048,-11.732154846191406
2026-08-04T04:56:45.004000-04:00,12.295677185058594,0.566095232963562,-11.729581832885742
2026-08-04T04:56:45.008000-04:00,12.303627014160156,0.5739284157752991,-11.729698181152344
2026-08-04T04:56:45.012000-04:00,12.305264472961426,0.5735777020454407,-11.73168659210205
2026-08-04T04:56:45.016000-04:00,12.298833847045898,0.5801248550415039,-11.718708992004395
2026-08-04T04:56:45.020000-04:00,12.2947416305542,0.584216833114624,-11.710524559020996
2026-08-04T04:56:45.024000-04:00,12.30234146118164,0.5949728488922119,-11.707368850708008
2026-08-04T04:56:45.028000-04:00,12.31309700012207,0.6047936081886292,-11.708303451538086
2026-08-04T04:56:45.032000-04:00,12.316137313842773,0.6163680553436279,-11.699769020080566
2026-08-04T04:56:45.036000-04:00,12.317657470703125,0.6149650812149048,-11.702692031860352
2026-08-04T04:56:45.040000-04:00,12.316253662109375,0.6232659220695496,-11.692987442016602
2026-08-04T04:56:45.044000-04:00,12.311577796936035,0.6151989102363586,-11.696378707885742
2026-08-04T04:56:45.048000-04:00,12.324789047241211,0.6206938624382019,-11.704094886779785
2026-08-04T04:56:45.052000-04:00,12.320229530334473,0.6253703832626343,-11.694859504699707
2026-08-04T04:56:45.056000-04:00,12.31450080871582,0.6350741982460022,-11.679426193237305
2026-08-04T04:56:45.060000-04:00,12.315670013427734,0.6320344805717468,-11.683635711669922
2026-08-04T04:56:45.064000-04:00,12.320229530334473,0.6326190233230591,-11.687610626220703
2026-08-04T04:56:45.068000-04:00,12.328997611999512,0.6416213512420654,-11.687376022338867
2026-08-04T04:56:45.072000-04:00,12.320345878601074,0.641270637512207,-11.679075241088867
2026-08-04T04:56:45.076000-04:00,12.323502540588379,0.6219798922538757,-11.701522827148438
2026-08-04T04:56:45.080000-04:00,12.31473445892334,0.6313329935073853,-11.683401107788086
2026-08-04T04:56:45.084000-04:00,12.32081413269043,0.619875431060791,-11.700939178466797
2026-08-04T04:56:45.088000-04:00,12.324087142944336,0.6159003973007202,-11.708187103271484
2026-08-04T04:56:45.092000-04:00,12.328296661376953,0.6321513652801514,-11.696145057678223
2026-08-04T04:56:45.096000-04:00,12.313331604003906,0.6095870733261108,-11.703744888305664
2026-08-04T04:56:45.100000-04:00,12.312980651855469,0.6100547313690186,-11.702925682067871
2026-08-04T04:56:45.104000-04:00,12.316838264465332,0.6019876599311829,-11.714850425720215
2026-08-04T04:56:45.108000-04:00,12.322216987609863,0.6063134670257568,-11.715903282165527
2026-08-04T04:56:45.112000-04:00,12.319527626037598,0.5907639861106873,-11.728763580322266
2026-08-04T04:56:45.116000-04:00,12.311577796936035,0.5988309979438782,-11.712746620178223
2026-08-04T04:56:45.120000-04:00,12.310291290283203,0.588542640209198,-11.721748352050781
2026-08-04T04:56:45.124000-04:00,12.309706687927246,0.5867889523506165,-11.722917556762695
2026-08-04T04:56:45.128000-04:00,12.319878578186035,0.5843337178230286,-11.73554515838623
2026-08-04T04:56:45.132000-04:00,12.31473445892334,0.5871396660804749,-11.727594375610352
2026-08-04T04:56:45.136000-04:00,12.315435409545898,0.5791895389556885,-11.736246109008789
2026-08-04T04:56:45.140000-04:00,12.303627014160156,0.5814108848571777,-11.72221565246582
2026-08-04T04:56:45.144000-04:00,12.311460494995117,0.5717070698738098,-11.739753723144531
2026-08-04T04:56:45.148000-04:00,12.316838264465332,0.5739284157752991,-11.74290943145752
2026-08-04T04:56:45.152000-04:00,12.312045097351074,0.5814108848571777,-11.730634689331055
2026-08-04T04:56:45.156000-04:00,12.301756858825684,0.5625878572463989,-11.739169120788574
2026-08-04T04:56:45.160000-04:00,12.30444622039795,0.5630554556846619,-11.7413911819458
2026-08-04T04:56:45.164000-04:00,12.309122085571289,0.5749806761741638,-11.73414134979248
2026-08-04T04:56:45.168000-04:00,12.312278747558594,0.567147433757782,-11.745131492614746
2026-08-04T04:56:45.172000-04:00,12.306783676147461,0.5615355968475342,-11.745247840881348
2026-08-04T04:56:45.176000-04:00,12.296846389770508,0.5657445192337036,-11.731101989746094
2026-08-04T04:56:45.180000-04:00,12.295910835266113,0.5649260878562927,-11.730984687805176
2026-08-04T04:56:45.184000-04:00,12.302224159240723,0.5521825551986694,-11.750041961669922
2026-08-04T04:56:45.188000-04:00,12.308537483215332,0.5546377301216125,-11.753899574279785
2026-08-04T04:56:45.192000-04:00,12.301639556884766,0.5622370839118958,-11.739402770996094
2026-08-04T04:56:45.196000-04:00,12.297664642333984,0.5607172250747681,-11.736947059631348
2026-08-04T04:56:45.200000-04:00,12.295209884643555,0.5548715591430664,-11.740338325500488
2026-08-04T04:56:45.204000-04:00,12.299067497253418,0.5521825551986694,-11.746885299682617
2026-08-04T04:56:45.208000-04:00,12.313447952270508,0.543647825717926,-11.769800186157227
2026-08-04T04:56:45.212000-04:00,12.299418449401855,0.5335932970046997,-11.765825271606445
2026-08-04T04:56:45.216000-04:00,12.292871475219727,0.5510134100914001,-11.74185848236084
2026-08-04T04:56:45.220000-04:00,12.29228687286377,0.5327748656272888,-11.759511947631836
2026-08-04T04:56:45.224000-04:00,12.294858932495117,0.5430632829666138,-11.751795768737793
2026-08-04T04:56:45.228000-04:00,12.30280876159668,0.5389713048934937,-11.763837814331055
2026-08-04T04:56:45.232000-04:00,12.298951148986816,0.5413095951080322,-11.757641792297363
2026-08-04T04:56:45.236000-04:00,12.296379089355469,0.5404911637306213,-11.755887985229492
2026-08-04T04:56:45.240000-04:00,12.291234970092773,0.534762442111969,-11.75647258758545
2026-08-04T04:56:45.244000-04:00,12.297080039978027,0.5476229190826416,-11.749457359313965
2026-08-04T04:56:45.248000-04:00,12.305965423583984,0.5442324280738831,-11.761733055114746
2026-08-04T04:56:45.252000-04:00,12.303977966308594,0.5519487261772156,-11.752029418945312
2026-08-04T04:56:45.256000-04:00,12.296612739562988,0.5430632829666138,-11.753549575805664
2026-08-04T04:56:45.260000-04:00,12.289597511291504,0.5340609550476074,-11.755537033081055
2026-08-04T04:56:45.264000-04:00,12.289363861083984,0.5264615416526794,-11.76290225982666
2026-08-04T04:56:45.268000-04:00,12.29228687286377,0.5411926507949829,-11.751093864440918
2026-08-04T04:56:45.272000-04:00,12.297664642333984,0.5385036468505859,-11.759160995483398
2026-08-04T04:56:45.276000-04:00,12.289130210876465,0.5404911637306213,-11.748639106750488
2026-08-04T04:56:45.280000-04:00,12.288311958312988,0.5299689769744873,-11.758342742919922
2026-08-04T04:56:45.284000-04:00,12.292404174804688,0.5392051339149475,-11.753198623657227
2026-08-04T04:56:45.288000-04:00,12.300821304321289,0.542011022567749,-11.758810043334961
2026-08-04T04:56:45.292000-04:00,12.295910835266113,0.5427125096321106,-11.753198623657227
2026-08-04T04:56:45.296000-04:00,12.285506248474121,0.5406081080436707,-11.744897842407227
2026-08-04T04:56:45.300000-04:00,12.29006576538086,0.5464537739753723,-11.743612289428711
2026-08-04T04:56:45.304000-04:00,12.30643367767334,0.5542869567871094,-11.75214672088623
2026-08-04T04:56:45.308000-04:00,12.340104103088379,0.5905301570892334,-11.749573707580566
2026-08-04T04:56:45.312000-04:00,12.323619842529297,0.6142635941505432,-11.709356307983398
2026-08-04T04:56:45.316000-04:00,12.315786361694336,0.6202262043952942,-11.695560455322266
2026-08-04T04:56:45.320000-04:00,12.30620002746582,0.6182386875152588,-11.68796157836914
2026-08-04T04:56:45.324000-04:00,12.303861618041992,0.6072487831115723,-11.696613311767578
2026-08-04T04:56:45.328000-04:00,12.33110237121582,0.6524943113327026,-11.678607940673828
2026-08-04T04:56:45.332000-04:00,12.323386192321777,0.7028840184211731,-11.620502471923828
2026-08-04T04:56:45.336000-04:00,12.291935920715332,0.7060407400131226,-11.585895538330078
2026-08-04T04:56:45.340000-04:00,12.288662910461426,0.7049884796142578,-11.583674430847168
2026-08-04T04:56:45.344000-04:00,12.29181957244873,0.6751755475997925,-11.616643905639648
2026-08-04T04:56:45.348000-04:00,12.30058765411377,0.7005457878112793,-11.600042343139648
2026-08-04T04:56:45.352000-04:00,12.305615425109863,0.7022994756698608,-11.603316307067871
2026-08-04T04:56:45.356000-04:00,12.320112228393555,0.6894389986991882,-11.6306734085083
2026-08-04T04:56:45.360000-04:00,12.330284118652344,0.6735387444496155,-11.656744956970215
2026-08-04T04:56:45.364000-04:00,12.327945709228516,0.6486361622810364,-11.679309844970703
2026-08-04T04:56:45.368000-04:00,12.326892852783203,0.6140297651290894,-11.712862968444824
2026-08-04T04:56:45.372000-04:00,12.318358421325684,0.5956743359565735,-11.722683906555176
2026-08-04T04:56:45.376000-04:00,12.301289558410645,0.585853636264801,-11.715435981750488
2026-08-04T04:56:45.380000-04:00,12.289012908935547,0.5699533820152283,-11.719059944152832
2026-08-04T04:56:45.384000-04:00,12.30058765411377,0.5517148971557617,-11.748872756958008
2026-08-04T04:56:45.388000-04:00,12.28620719909668,0.5236556529998779,-11.762551307678223
2026-08-04T04:56:45.392000-04:00,12.281414031982422,0.5139517784118652,-11.767461776733398
2026-08-04T04:56:45.396000-04:00,12.262825012207031,0.49115365743637085,-11.771671295166016
2026-08-04T04:56:45.400000-04:00,12.264461517333984,0.48308664560317993,-11.78137493133545
2026-08-04T04:56:45.404000-04:00,12.273580551147461,0.48507416248321533,-11.788506507873535
2026-08-04T04:56:45.408000-04:00,12.285856246948242,0.4816836714744568,-11.80417251586914
2026-08-04T04:56:45.412000-04:00,12.282349586486816,0.47466886043548584,-11.8076810836792
2026-08-04T04:56:45.416000-04:00,12.268903732299805,0.47361665964126587,-11.795287132263184
2026-08-04T04:56:45.420000-04:00,12.264695167541504,0.4716291129589081,-11.793066024780273
2026-08-04T04:56:45.424000-04:00,12.266916275024414,0.46742022037506104,-11.799495697021484
2026-08-04T04:56:45.428000-04:00,12.269488334655762,0.46227604150772095,-11.807211875915527
2026-08-04T04:56:45.432000-04:00,12.263643264770508,0.45151999592781067,-11.81212329864502
2026-08-04T04:56:45.436000-04:00,12.258499145507812,0.4680047929286957,-11.790493965148926
2026-08-04T04:56:45.440000-04:00,12.248444557189941,0.4512861669063568,-11.797158241271973
2026-08-04T04:56:45.444000-04:00,12.24470329284668,0.4742012023925781,-11.770502090454102
2026-08-04T04:56:45.448000-04:00,12.218981742858887,0.49115365743637085,-11.727828025817871
2026-08-04T04:56:45.452000-04:00,12.21009635925293,0.5367499589920044,-11.673346519470215
2026-08-04T04:56:45.456000-04:00,12.248210906982422,0.5362823009490967,-11.711928367614746
2026-08-04T04:56:45.460000-04:00,12.301054954528809,0.5361653566360474,-11.76488971710205
2026-08-04T04:56:45.464000-04:00,12.445794105529785,0.6777476668357849,-11.768046379089355
2026-08-04T04:56:45.468000-04:00,12.578023910522461,1.0110681056976318,-11.56695556640625
2026-08-04T04:56:45.472000-04:00,12.55195140838623,1.361925482749939,-11.19002628326416
2026-08-04T04:56:45.476000-04:00,12.492443084716797,2.112276554107666,-10.380167007446289
2026-08-04T04:56:45.480000-04:00,12.444273948669434,2.603196382522583,-9.84107780456543
2026-08-04T04:56:45.484000-04:00,12.384414672851562,2.8567817211151123,-9.527632713317871
2026-08-04T04:56:45.488000-04:00,12.340572357177734,2.8636796474456787,-9.476892471313477
2026-08-04T04:56:45.492000-04:00,12.294858932495117,2.430281162261963,-9.864578247070312
2026-08-04T04:56:45.496000-04:00,12.26937198638916,1.7563917636871338,-10.512980461120605
2026-08-04T04:56:45.500000-04:00,12.29427433013916,1.3648483753204346,-10.929426193237305
2026-08-04T04:56:45.504000-04:00,12.31718921661377,0.8831647038459778,-11.434024810791016
2026-08-04T04:56:45.508000-04:00,12.382076263427734,0.8465707302093506,-11.535505294799805
2026-08-04T04:56:45.512000-04:00,12.380790710449219,0.7890493273735046,-11.591741561889648
2026-08-04T04:56:45.516000-04:00,12.320112228393555,0.7215902209281921,-11.598522186279297
2026-08-04T04:56:45.520000-04:00,12.340338706970215,0.6592752933502197,-11.681063652038574
2026-08-04T04:56:45.524000-04:00,12.340104103088379,0.6409198641777039,-11.69918441772461
2026-08-04T04:56:45.528000-04:00,12.348989486694336,0.6176540851593018,-11.731335639953613
2026-08-04T04:56:45.532000-04:00,12.338116645812988,0.5956743359565735,-11.74244213104248
2026-08-04T04:56:45.536000-04:00,12.333089828491211,0.5887764692306519,-11.74431324005127
2026-08-04T04:56:45.540000-04:00,12.331920623779297,0.5745130181312561,-11.757407188415527
2026-08-04T04:56:45.544000-04:00,12.337532043457031,0.5802417993545532,-11.75728988647461
2026-08-04T04:56:45.548000-04:00,12.353081703186035,0.5819954872131348,-11.771085739135742
2026-08-04T04:56:45.552000-04:00,12.355186462402344,0.5918161869049072,-11.763370513916016
2026-08-04T04:56:45.556000-04:00,12.343962669372559,0.5899456143379211,-11.754016876220703
2026-08-04T04:56:45.560000-04:00,12.350860595703125,0.6019876599311829,-11.748872756958008
2026-08-04T04:56:45.564000-04:00,12.350509643554688,0.6008185744285583,-11.749691009521484
2026-08-04T04:56:45.568000-04:00,12.368631362915039,0.6146143674850464,-11.754016876220703
2026-08-04T04:56:45.572000-04:00,12.37447738647461,0.6153157949447632,-11.759161949157715
2026-08-04T04:56:45.576000-04:00,12.366292953491211,0.6170695424079895,-11.749223709106445
2026-08-04T04:56:45.580000-04:00,12.367228507995605,0.622564435005188,-11.744664192199707
2026-08-04T04:56:45.584000-04:00,12.38114070892334,0.6316837072372437,-11.749457359313965
2026-08-04T04:56:45.588000-04:00,12.390961647033691,0.6484023332595825,-11.742559432983398
2026-08-04T04:56:45.592000-04:00,12.390727996826172,0.6461809873580933,-11.744546890258789
2026-08-04T04:56:45.596000-04:00,12.386519432067871,0.6496884226799011,-11.736830711364746
2026-08-04T04:56:45.600000-04:00,12.39084529876709,0.6609120965003967,-11.72993278503418
2026-08-04T04:56:45.604000-04:00,12.408265113830566,0.6814888715744019,-11.726776123046875
2026-08-04T04:56:45.608000-04:00,12.40721321105957,0.6922448873519897,-11.71496868133545
2026-08-04T04:56:45.612000-04:00,12.420073509216309,0.7146922945976257,-11.705381393432617
2026-08-04T04:56:45.616000-04:00,12.415630340576172,0.7172644138336182,-11.698366165161133
2026-08-04T04:56:45.620000-04:00,12.418553352355957,0.7283712029457092,-11.690181732177734
2026-08-04T04:56:45.624000-04:00,12.430010795593262,0.7369058728218079,-11.69310474395752
2026-08-04T04:56:45.628000-04:00,12.451640129089355,0.7572488188743591,-11.694391250610352
2026-08-04T04:56:45.632000-04:00,12.461811065673828,0.7795792818069458,-11.682231903076172
2026-08-04T04:56:45.636000-04:00,12.46941089630127,0.795362651348114,-11.67404842376709
2026-08-04T04:56:45.640000-04:00,12.480283737182617,0.8053002953529358,-11.674983024597168
2026-08-04T04:56:45.644000-04:00,12.49162483215332,0.8192129731178284,-11.672411918640137
2026-08-04T04:56:45.648000-04:00,12.527984619140625,0.8705379962921143,-11.65744686126709
2026-08-04T04:56:45.652000-04:00,12.535934448242188,0.8991818428039551,-11.63675308227539
2026-08-04T04:56:45.656000-04:00,12.546339988708496,0.9392831921577454,-11.607056617736816
2026-08-04T04:56:45.660000-04:00,12.558148384094238,0.9688622951507568,-11.589285850524902
2026-08-04T04:56:45.664000-04:00,12.588545799255371,0.9920111894607544,-11.596534729003906
2026-08-04T04:56:45.668000-04:00,12.618825912475586,1.0435700416564941,-11.57525634765625
2026-08-04T04:56:45.672000-04:00,12.621748924255371,1.0495326519012451,-11.572216033935547
2026-08-04T04:56:45.676000-04:00,12.630634307861328,1.0676542520523071,-11.562979698181152
2026-08-04T04:56:45.680000-04:00,12.635662078857422,1.0807485580444336,-11.554913520812988
2026-08-04T04:56:45.684000-04:00,12.65296459197998,1.108690857887268,-11.544273376464844
2026-08-04T04:56:45.688000-04:00,12.663019180297852,1.114653468132019,-11.548365592956543
2026-08-04T04:56:45.692000-04:00,12.661733627319336,1.1266955137252808,-11.535037994384766
2026-08-04T04:56:45.696000-04:00,12.652146339416504,1.1362824440002441,-11.515863418579102
2026-08-04T04:56:45.700000-04:00,12.641741752624512,1.1309044361114502,-11.51083755493164
2026-08-04T04:56:45.704000-04:00,12.64220905303955,1.1089246273040771,-11.533284187316895
2026-08-04T04:56:45.708000-04:00,12.635778427124023,1.1002731323242188,-11.535505294799805
2026-08-04T04:56:45.712000-04:00,12.624204635620117,1.0709277391433716,-11.553277015686035
2026-08-04T04:56:45.716000-04:00,12.602108001708984,1.0613409280776978,-11.540766716003418
2026-08-04T04:56:45.720000-04:00,12.574983596801758,1.0024164915084839,-11.572566986083984
2026-08-04T04:56:45.724000-04:00,12.559083938598633,0.9761109352111816,-11.58297348022461
2026-08-04T04:56:45.728000-04:00,12.534882545471191,0.9229152798652649,-11.611967086791992
2026-08-04T04:56:45.732000-04:00,12.507641792297363,0.8788388967514038,-11.628803253173828
2026-08-04T04:56:45.736000-04:00,12.485194206237793,0.8463369011878967,-11.638856887817383
2026-08-04T04:56:45.740000-04:00,12.456199645996094,0.7985193133354187,-11.65768051147461
2026-08-04T04:56:45.744000-04:00,12.448249816894531,0.7666019201278687,-11.681648254394531
2026-08-04T04:56:45.748000-04:00,12.424866676330566,0.7254483699798584,-11.699418067932129
2026-08-04T04:56:45.752000-04:00,12.410719871520996,0.7070929408073425,-11.70362663269043
2026-08-04T04:56:45.756000-04:00,12.37623119354248,0.6623150706291199,-11.713915824890137
2026-08-04T04:56:45.760000-04:00,12.349574089050293,0.610405445098877,-11.739168167114258
2026-08-04T04:56:45.764000-04:00,12.353666305541992,0.5926346182823181,-11.761032104492188
2026-08-04T04:56:45.768000-04:00,12.346301078796387,0.5862043499946594,-11.760096549987793
2026-08-04T04:56:45.772000-04:00,12.330049514770508,0.565043032169342,-11.765006065368652
2026-08-04T04:56:45.776000-04:00,12.316253662109375,0.5480905771255493,-11.768162727355957
2026-08-04T04:56:45.780000-04:00,12.316253662109375,0.5422448515892029,-11.774008750915527
2026-08-04T04:56:45.784000-04:00,12.312396049499512,0.5330086946487427,-11.779387474060059
2026-08-04T04:56:45.788000-04:00,12.315435409545898,0.529852032661438,-11.78558349609375
2026-08-04T04:56:45.792000-04:00,12.307251930236816,0.5273968577384949,-11.779854774475098
2026-08-04T04:56:45.796000-04:00,12.299886703491211,0.5091583728790283,-11.790728569030762
2026-08-04T04:56:45.800000-04:00,12.295326232910156,0.5103275179862976,-11.784998893737793
2026-08-04T04:56:45.804000-04:00,12.305264472961426,0.5026112198829651,-11.802653312683105
2026-08-04T04:56:45.808000-04:00,12.303510665893555,0.5180437564849854,-11.785467147827148
2026-08-04T04:56:45.812000-04:00,12.300938606262207,0.499454528093338,-11.801484107971191
2026-08-04T04:56:45.816000-04:00,12.28597354888916,0.4989868700504303,-11.786986351013184
2026-08-04T04:56:45.820000-04:00,12.282934188842773,0.5007405877113342,-11.782193183898926
2026-08-04T04:56:45.824000-04:00,12.2864408493042,0.507989227771759,-11.778451919555664
2026-08-04T04:56:45.828000-04:00,12.30479621887207,0.5049494504928589,-11.799846649169922
2026-08-04T04:56:45.832000-04:00,12.293456077575684,0.507989227771759,-11.785467147827148
2026-08-04T04:56:45.836000-04:00,12.30035400390625,0.5016759037971497,-11.798678398132324
2026-08-04T04:56:45.840000-04:00,12.293105125427246,0.5102105736732483,-11.782894134521484
2026-08-04T04:56:45.844000-04:00,12.289714813232422,0.5157055258750916,-11.774009704589844
2026-08-04T04:56:45.848000-04:00,12.308070182800293,0.5111458897590637,-11.796924591064453
2026-08-04T04:56:45.852000-04:00,12.307602882385254,0.527163028717041,-11.780439376831055
2026-08-04T04:56:45.856000-04:00,12.294157028198242,0.5362823009490967,-11.757874488830566
2026-08-04T04:56:45.860000-04:00,12.295326232910156,0.5366330146789551,-11.75869369506836
2026-08-04T04:56:45.864000-04:00,12.299886703491211,0.534762442111969,-11.765124320983887
2026-08-04T04:56:45.868000-04:00,12.31251335144043,0.5669136047363281,-11.745599746704102
2026-08-04T04:56:45.872000-04:00,12.304328918457031,0.561769425868988,-11.742559432983398
2026-08-04T04:56:45.876000-04:00,12.30012035369873,0.5588465929031372,-11.741273880004883
2026-08-04T04:56:45.880000-04:00,12.305498123168945,0.5565083026885986,-11.748990058898926
2026-08-04T04:56:45.884000-04:00,12.307485580444336,0.5683165788650513,-11.739169120788574
2026-08-04T04:56:45.888000-04:00,12.321866035461426,0.5770850777626038,-11.744780540466309
2026-08-04T04:56:45.892000-04:00,12.318826675415039,0.5840998888015747,-11.734726905822754
2026-08-04T04:56:45.896000-04:00,12.319293975830078,0.5846844911575317,-11.734609603881836
2026-08-04T04:56:45.900000-04:00,12.318709373474121,0.5848013758659363,-11.733907699584961
2026-08-04T04:56:45.904000-04:00,12.32280158996582,0.589594841003418,-11.733206748962402
2026-08-04T04:56:45.908000-04:00,12.337532043457031,0.599064826965332,-11.7384672164917
2026-08-04T04:56:45.912000-04:00,12.324087142944336,0.601753830909729,-11.722332954406738
2026-08-04T04:56:45.916000-04:00,12.328179359436035,0.6042090654373169,-11.723970413208008
2026-08-04T04:56:45.920000-04:00,12.316488265991211,0.5784880518913269,-11.73799991607666
2026-08-04T04:56:45.924000-04:00,12.325723648071289,0.5726423859596252,-11.753081321716309
2026-08-04T04:56:45.928000-04:00,12.330284118652344,0.5832815170288086,-11.747002601623535
2026-08-04T04:56:45.932000-04:00,12.343260765075684,0.5819954872131348,-11.76126480102539
2026-08-04T04:56:45.936000-04:00,12.32502269744873,0.573110044002533,-11.751913070678711
2026-08-04T04:56:45.940000-04:00,12.321748733520508,0.565043032169342,-11.756705284118652
2026-08-04T04:56:45.944000-04:00,12.323736190795898,0.5697195529937744,-11.754016876220703
2026-08-04T04:56:45.948000-04:00,12.327127456665039,0.5572097897529602,-11.769917488098145
2026-08-04T04:56:45.952000-04:00,12.332154273986816,0.5505457520484924,-11.781608581542969
2026-08-04T04:56:45.956000-04:00,12.323386192321777,0.5576774477958679,-11.765708923339844
2026-08-04T04:56:45.960000-04:00,12.313916206359863,0.5447000861167908,-11.769216537475586
2026-08-04T04:56:45.964000-04:00,12.331453323364258,0.5580282211303711,-11.773425102233887
2026-08-04T04:56:45.968000-04:00,12.331920623779297,0.5349962115287781,-11.796924591064453
2026-08-04T04:56:45.972000-04:00,12.339754104614258,0.5320733785629272,-11.8076810836792
2026-08-04T04:56:45.976000-04:00,12.318826675415039,0.5222526788711548,-11.796573638916016
2026-08-04T04:56:45.980000-04:00,12.312162399291992,0.5272799730300903,-11.784882545471191
2026-08-04T04:56:45.984000-04:00,12.322684288024902,0.5321903228759766,-11.790493965148926
2026-08-04T04:56:45.988000-04:00,12.32548999786377,0.5223695635795593,-11.803120613098145
2026-08-04T04:56:45.992000-04:00,12.324671745300293,0.5189790725708008,-11.805692672729492
2026-08-04T04:56:45.996000-04:00,12.315201759338379,0.5128995776176453,-11.802302360534668
2026-08-04T04:56:46-04:00,12.309356689453125,0.5001559853553772,-11.809200286865234
2026-08-04T04:56:46.004000-04:00,12.318124771118164,0.4971162676811218,-11.821008682250977
2026-08-04T04:56:46.008000-04:00,12.328763961791992,0.5086907148361206,-11.820073127746582
2026-08-04T04:56:46.012000-04:00,12.319644927978516,0.4973500967025757,-11.822295188903809
2026-08-04T04:56:46.016000-04:00,12.307368278503418,0.4902183711528778,-11.817150115966797
2026-08-04T04:56:46.020000-04:00,12.307485580444336,0.48671096563339233,-11.820775032043457
2026-08-04T04:56:46.024000-04:00,12.314149856567383,0.48565873503685,-11.8284912109375
2026-08-04T04:56:46.028000-04:00,12.325840950012207,0.5053002238273621,-11.820540428161621
2026-08-04T04:56:46.032000-04:00,12.31251335144043,0.49770084023475647,-11.814812660217285
2026-08-04T04:56:46.036000-04:00,12.31718921661377,0.4837881326675415,-11.83340072631836
2026-08-04T04:56:46.040000-04:00,12.291117668151855,0.47548726201057434,-11.815629959106445
2026-08-04T04:56:46.044000-04:00,12.30444622039795,0.4745519459247589,-11.829894065856934
2026-08-04T04:56:46.048000-04:00,12.311928749084473,0.4785270094871521,-11.833401679992676
2026-08-04T04:56:46.052000-04:00,12.318124771118164,0.4820344150066376,-11.836090087890625
2026-08-04T04:56:46.056000-04:00,12.301172256469727,0.47513651847839355,-11.826035499572754
2026-08-04T04:56:46.060000-04:00,12.31110954284668,0.4793454110622406,-11.831764221191406
2026-08-04T04:56:46.064000-04:00,12.313565254211426,0.4713952839374542,-11.842169761657715
2026-08-04T04:56:46.068000-04:00,12.315670013427734,0.47104454040527344,-11.844625473022461
2026-08-04T04:56:46.072000-04:00,12.318358421325684,0.46987542510032654,-11.848483085632324
2026-08-04T04:56:46.076000-04:00,12.30643367767334,0.48273590207099915,-11.823698043823242
2026-08-04T04:56:46.080000-04:00,12.308187484741211,0.4777086079120636,-11.83047866821289
2026-08-04T04:56:46.084000-04:00,12.31110954284668,0.47548726201057434,-11.83562183380127
2026-08-04T04:56:46.088000-04:00,12.315786361694336,0.4653157889842987,-11.850470542907715
2026-08-04T04:56:46.092000-04:00,12.311460494995117,0.4730320870876312,-11.838428497314453
2026-08-04T04:56:46.096000-04:00,12.298249244689941,0.47548726201057434,-11.822761535644531
2026-08-04T04:56:46.100000-04:00,12.299418449401855,0.4701092541217804,-11.829309463500977
2026-08-04T04:56:46.104000-04:00,12.303977966308594,0.4628606140613556,-11.841116905212402
2026-08-04T04:56:46.108000-04:00,12.316137313842773,0.481332927942276,-11.83480453491211
2026-08-04T04:56:46.112000-04:00,12.315319061279297,0.46192529797554016,-11.8533935546875
2026-08-04T04:56:46.116000-04:00,12.303159713745117,0.4692908525466919,-11.833868980407715
2026-08-04T04:56:46.120000-04:00,12.303277015686035,0.457950234413147,-11.84532642364502
2026-08-04T04:56:46.124000-04:00,12.297898292541504,0.46063923835754395,-11.837259292602539
2026-08-04T04:56:46.128000-04:00,12.310993194580078,0.4651988744735718,-11.845794677734375
2026-08-04T04:56:46.132000-04:00,12.31251335144043,0.4740842878818512,-11.83842945098877
2026-08-04T04:56:46.136000-04:00,12.310408592224121,0.47385045886039734,-11.83655834197998
2026-08-04T04:56:46.140000-04:00,12.300704956054688,0.44789567589759827,-11.852808952331543
2026-08-04T04:56:46.144000-04:00,12.312629699707031,0.4592362940311432,-11.8533935546875
2026-08-04T04:56:46.148000-04:00,12.312278747558594,0.44988319277763367,-11.862395286560059
2026-08-04T04:56:46.152000-04:00,12.309590339660645,0.4452066719532013,-11.864383697509766
2026-08-04T04:56:46.156000-04:00,12.30035400390625,0.4521045684814453,-11.848249435424805
2026-08-04T04:56:46.160000-04:00,12.300003051757812,0.4489479064941406,-11.851055145263672
2026-08-04T04:56:46.164000-04:00,12.315201759338379,0.45105233788490295,-11.86414909362793
2026-08-04T04:56:46.168000-04:00,12.311577796936035,0.44263455271720886,-11.868943214416504
2026-08-04T04:56:46.172000-04:00,12.30842113494873,0.4524553120136261,-11.855965614318848
2026-08-04T04:56:46.176000-04:00,12.305965423583984,0.44146543741226196,-11.864500045776367
2026-08-04T04:56:46.180000-04:00,12.302692413330078,0.4448559284210205,-11.857836723327637
2026-08-04T04:56:46.184000-04:00,12.308303833007812,0.44859716296195984,-11.85970687866211
2026-08-04T04:56:46.188000-04:00,12.307251930236816,0.44696035981178284,-11.860291481018066
2026-08-04T04:56:46.192000-04:00,12.30865478515625,0.4504677653312683,-11.858186721801758
2026-08-04T04:56:46.196000-04:00,12.305030822753906,0.4380749464035034,-11.866955757141113
2026-08-04T04:56:46.200000-04:00,12.30035400390625,0.4324630796909332,-11.867891311645508
2026-08-04T04:56:46.204000-04:00,12.303043365478516,0.44579121470451355,-11.85725212097168
2026-08-04T04:56:46.208000-04:00,12.326776504516602,0.45736566185951233,-11.869410514831543
2026-08-04T04:56:46.212000-04:00,12.34384536743164,0.49770084023475647,-11.846144676208496
2026-08-04T04:56:46.216000-04:00,12.34384536743164,0.49770084023475647,-11.846144676208496
2026-08-04T04:56:46.220000-04:00,12.326425552368164,0.4917382299900055,-11.834687232971191
2026-08-04T04:56:46.224000-04:00,12.316020011901855,0.4986361265182495,-11.817383766174316
2026-08-04T04:56:46.228000-04:00,12.330049514770508,0.5165238976478577,-11.813525199890137
2026-08-04T04:56:46.232000-04:00,12.33554458618164,0.5330086946487427,-11.802536010742188
2026-08-04T04:56:46.236000-04:00,12.341507911682129,0.5411926507949829,-11.800314903259277
2026-08-04T04:56:46.240000-04:00,12.336012840270996,0.592868447303772,-11.743144035339355
2026-08-04T04:56:46.244000-04:00,12.309590339660645,0.6046767234802246,-11.704914093017578
2026-08-04T04:56:46.248000-04:00,12.307952880859375,0.5795403122901917,-11.728412628173828
2026-08-04T04:56:46.252000-04:00,12.312980651855469,0.5905301570892334,-11.722450256347656
2026-08-04T04:56:46.256000-04:00,12.312396049499512,0.6079502701759338,-11.704445838928223
2026-08-04T04:56:46.260000-04:00,12.328997611999512,0.6030399203300476,-11.725957870483398
2026-08-04T04:56:46.264000-04:00,12.347002029418945,0.5878411531448364,-11.759160995483398
2026-08-04T04:56:46.268000-04:00,12.349340438842773,0.5623540282249451,-11.786986351013184
2026-08-04T04:56:46.272000-04:00,12.343027114868164,0.5470383167266846,-11.795989036560059
2026-08-04T04:56:46.276000-04:00,12.321866035461426,0.5095090866088867,-11.812356948852539
2026-08-04T04:56:46.280000-04:00,12.32081413269043,0.4913874864578247,-11.829426765441895
2026-08-04T04:56:46.284000-04:00,12.325139999389648,0.4729151725769043,-11.852224349975586
2026-08-04T04:56:46.288000-04:00,12.33133602142334,0.4720967710018158,-11.85923957824707
2026-08-04T04:56:46.292000-04:00,12.30643367767334,0.42743581533432007,-11.878997802734375
2026-08-04T04:56:46.296000-04:00,12.290299415588379,0.4290725886821747,-11.861227035522461
2026-08-04T04:56:46.300000-04:00,12.282583236694336,0.4079112410545349,-11.874671936035156
2026-08-04T04:56:46.304000-04:00,12.29205322265625,0.4143414795398712,-11.877711296081543
2026-08-04T04:56:46.308000-04:00,12.303977966308594,0.4102495312690735,-11.893728256225586
2026-08-04T04:56:46.312000-04:00,12.29836654663086,0.4047545790672302,-11.893611907958984
2026-08-04T04:56:46.316000-04:00,12.29205322265625,0.39236176013946533,-11.899691581726074
2026-08-04T04:56:46.320000-04:00,12.293456077575684,0.3736555874347687,-11.919800758361816
2026-08-04T04:56:46.324000-04:00,12.29041576385498,0.37388941645622253,-11.916526794433594
2026-08-04T04:56:46.328000-04:00,12.290299415588379,0.38920509815216064,-11.901094436645508
2026-08-04T04:56:46.332000-04:00,12.28351879119873,0.3828917443752289,-11.900627136230469
2026-08-04T04:56:46.336000-04:00,12.281063079833984,0.3837101459503174,-11.897353172302246
2026-08-04T04:56:46.340000-04:00,12.284102439880371,0.38523003458976746,-11.898872375488281
2026-08-04T04:56:46.344000-04:00,12.281998634338379,0.3762276768684387,-11.905771255493164
2026-08-04T04:56:46.348000-04:00,12.280595779418945,0.3845285475254059,-11.89606761932373
2026-08-04T04:56:46.352000-04:00,12.259200096130371,0.3966875672340393,-11.862512588500977
2026-08-04T04:56:46.356000-04:00,12.235700607299805,0.42334383726119995,-11.812356948852539
2026-08-04T04:56:46.360000-04:00,12.277555465698242,0.4319954216480255,-11.845560073852539
2026-08-04T04:56:46.364000-04:00,12.313565254211426,0.41691359877586365,-11.896651268005371
2026-08-04T04:56:46.368000-04:00,12.449419021606445,0.5740453600883484,-11.875373840332031
2026-08-04T04:56:46.372000-04:00,12.591117858886719,0.7553781867027283,-11.835740089416504
2026-08-04T04:56:46.376000-04:00,12.655771255493164,1.224084496498108,-11.431686401367188
2026-08-04T04:56:46.380000-04:00,12.580011367797852,1.7193301916122437,-10.860681533813477
2026-08-04T04:56:46.384000-04:00,12.527517318725586,2.477748155593872,-10.049769401550293
2026-08-04T04:56:46.388000-04:00,12.465202331542969,2.7674598693847656,-9.697742462158203
2026-08-04T04:56:46.392000-04:00,12.437960624694824,2.7555346488952637,-9.682426452636719
2026-08-04T04:56:46.396000-04:00,12.343611717224121,2.356041193008423,-9.987570762634277
2026-08-04T04:56:46.400000-04:00,12.288896560668945,1.8689794540405273,-10.419917106628418
2026-08-04T04:56:46.404000-04:00,12.256043434143066,1.2780985832214355,-10.977945327758789
2026-08-04T04:56:46.408000-04:00,12.286675453186035,0.9184725880622864,-11.368203163146973
2026-08-04T04:56:46.412000-04:00,12.371554374694824,0.7385426759719849,-11.633011817932129
2026-08-04T04:56:46.416000-04:00,12.41188907623291,0.7106003165245056,-11.701289176940918
2026-08-04T04:56:46.420000-04:00,12.373775482177734,0.6181217432022095,-11.755653381347656
2026-08-04T04:56:46.424000-04:00,12.365942001342773,0.5681996941566467,-11.797741889953613
2026-08-04T04:56:46.428000-04:00,12.370969772338867,0.5548715591430664,-11.8160982131958
2026-08-04T04:56:46.432000-04:00,12.370969772338867,0.5235387086868286,-11.847431182861328
2026-08-04T04:56:46.436000-04:00,12.361616134643555,0.4998052716255188,-11.861810684204102
2026-08-04T04:56:46.440000-04:00,12.363253593444824,0.48682788014411926,-11.876425743103027
2026-08-04T04:56:46.444000-04:00,12.359628677368164,0.4798130691051483,-11.879816055297852
2026-08-04T04:56:46.448000-04:00,12.370969772338867,0.481332927942276,-11.889636993408203
2026-08-04T04:56:46.452000-04:00,12.369566917419434,0.47630566358566284,-11.893260955810547
2026-08-04T04:56:46.456000-04:00,12.36430549621582,0.47466886043548584,-11.889636993408203
2026-08-04T04:56:46.460000-04:00,12.371670722961426,0.487295538187027,-11.88437557220459
2026-08-04T04:56:46.464000-04:00,12.373308181762695,0.4979346692562103,-11.875373840332031
2026-08-04T04:56:46.468000-04:00,12.391312599182129,0.5086907148361206,-11.882621765136719
2026-08-04T04:56:46.472000-04:00,12.38453197479248,0.5152378678321838,-11.869294166564941
2026-08-04T04:56:46.476000-04:00,12.384297370910645,0.5146532654762268,-11.869644165039062
2026-08-04T04:56:46.480000-04:00,12.374360084533691,0.5258769989013672,-11.848483085632324
2026-08-04T04:56:46.484000-04:00,12.387922286987305,0.5335932970046997,-11.854329109191895
2026-08-04T04:56:46.488000-04:00,12.398795127868652,0.532541036605835,-11.866253852844238
2026-08-04T04:56:46.492000-04:00,12.396574020385742,0.5238894820213318,-11.872684478759766
2026-08-04T04:56:46.496000-04:00,12.395989418029785,0.5416603088378906,-11.854329109191895
2026-08-04T04:56:46.500000-04:00,12.40382194519043,0.5545207858085632,-11.8493013381958
2026-08-04T04:56:46.504000-04:00,12.423463821411133,0.5793064832687378,-11.844157218933105
2026-08-04T04:56:46.508000-04:00,12.421710014343262,0.5850352048873901,-11.836674690246582
2026-08-04T04:56:46.512000-04:00,12.4221773147583,0.5983633399009705,-11.823814392089844
2026-08-04T04:56:46.516000-04:00,12.421476364135742,0.6081840991973877,-11.813292503356934
2026-08-04T04:56:46.520000-04:00,12.432466506958008,0.6091194152832031,-11.823347091674805
2026-08-04T04:56:46.524000-04:00,12.443923950195312,0.6343727111816406,-11.809551239013672
2026-08-04T04:56:46.528000-04:00,12.456199645996094,0.6460641026496887,-11.810135841369629
2026-08-04T04:56:46.532000-04:00,12.46917724609375,0.6639518737792969,-11.805225372314453
2026-08-04T04:56:46.536000-04:00,12.466721534729004,0.6797351837158203,-11.786986351013184
2026-08-04T04:56:46.540000-04:00,12.482738494873047,0.703117847442627,-11.779621124267578
2026-08-04T04:56:46.544000-04:00,12.497002601623535,0.7243961095809937,-11.77260684967041
2026-08-04T04:56:46.548000-04:00,12.514071464538574,0.7466096878051758,-11.767461776733398
2026-08-04T04:56:46.552000-04:00,12.524009704589844,0.7746689319610596,-11.749341011047363
2026-08-04T04:56:46.556000-04:00,12.534414291381836,0.8009744882583618,-11.733439445495605
2026-08-04T04:56:46.560000-04:00,12.552653312683105,0.8311381936073303,-11.721514701843262
2026-08-04T04:56:46.564000-04:00,12.58094596862793,0.8589636087417603,-11.7219820022583
2026-08-04T04:56:46.568000-04:00,12.591585159301758,0.8968435525894165,-11.694741249084473
2026-08-04T04:56:46.572000-04:00,12.604680061340332,0.9230321645736694,-11.681648254394531
2026-08-04T04:56:46.576000-04:00,12.61800765991211,0.9529620409011841,-11.665045738220215
2026-08-04T04:56:46.580000-04:00,12.6240873336792,0.9717851281166077,-11.652301788330078
2026-08-04T04:56:46.584000-04:00,12.638818740844727,0.9874515533447266,-11.6513671875
2026-08-04T04:56:46.588000-04:00,12.658459663391113,1.0252145528793335,-11.633245468139648
2026-08-04T04:56:46.592000-04:00,12.651796340942383,1.024045467376709,-11.627750396728516
2026-08-04T04:56:46.596000-04:00,12.652263641357422,1.0214734077453613,-11.630790710449219
2026-08-04T04:56:46.600000-04:00,12.6489896774292,1.0233440399169922,-11.625645637512207
2026-08-04T04:56:46.604000-04:00,12.650158882141113,1.0401794910430908,-11.609979629516602
2026-08-04T04:56:46.608000-04:00,12.649457931518555,1.0263837575912476,-11.623074531555176
2026-08-04T04:56:46.612000-04:00,12.638585090637207,1.0228763818740845,-11.615708351135254
2026-08-04T04:56:46.616000-04:00,12.627945899963379,0.9975060820579529,-11.630439758300781
2026-08-04T04:56:46.620000-04:00,12.598834037780762,0.9554172158241272,-11.643416404724121
2026-08-04T04:56:46.624000-04:00,12.588428497314453,0.9347235560417175,-11.653704643249512
2026-08-04T04:56:46.628000-04:00,12.5784912109375,0.9060797095298767,-11.672411918640137
2026-08-04T04:56:46.632000-04:00,12.540493965148926,0.8659784197807312,-11.674515724182129
2026-08-04T04:56:46.636000-04:00,12.51477336883545,0.8252924680709839,-11.689480781555176
2026-08-04T04:56:46.640000-04:00,12.49162483215332,0.7671864628791809,-11.724438667297363
2026-08-04T04:56:46.644000-04:00,12.475841522216797,0.7475450038909912,-11.728296279907227
2026-08-04T04:56:46.648000-04:00,12.463915824890137,0.6928294897079468,-11.771086692810059
2026-08-04T04:56:46.652000-04:00,12.440767288208008,0.6645364165306091,-11.776230812072754
2026-08-04T04:56:46.656000-04:00,12.41352653503418,0.6137959361076355,-11.79973030090332
2026-08-04T04:56:46.660000-04:00,12.400080680847168,0.5822293162345886,-11.817851066589355
2026-08-04T04:56:46.664000-04:00,12.387337684631348,0.553936243057251,-11.833401679992676
2026-08-04T04:56:46.668000-04:00,12.384297370910645,0.5330086946487427,-11.851288795471191
2026-08-04T04:56:46.672000-04:00,12.37085247039795,0.513367235660553,-11.857484817504883
2026-08-04T04:56:46.676000-04:00,12.352029800415039,0.4957132935523987,-11.856316566467285
2026-08-04T04:56:46.680000-04:00,12.351678848266602,0.4857756495475769,-11.8659029006958
2026-08-04T04:56:46.684000-04:00,12.346652030944824,0.4540920853614807,-11.892560005187988
2026-08-04T04:56:46.688000-04:00,12.346417427062988,0.4749026894569397,-11.871514320373535
2026-08-04T04:56:46.692000-04:00,12.338000297546387,0.4557288885116577,-11.882271766662598
2026-08-04T04:56:46.696000-04:00,12.31695556640625,0.43421679735183716,-11.882739067077637
2026-08-04T04:56:46.700000-04:00,12.320696830749512,0.4311770498752594,-11.889519691467285
2026-08-04T04:56:46.704000-04:00,12.324905395507812,0.4218239486217499,-11.903081893920898
2026-08-04T04:56:46.708000-04:00,12.334141731262207,0.4359704852104187,-11.898171424865723
2026-08-04T04:56:46.712000-04:00,12.315552711486816,0.43655505776405334,-11.878997802734375
2026-08-04T04:56:46.716000-04:00,12.312162399291992,0.4218239486217499,-11.890338897705078
2026-08-04T04:56:46.720000-04:00,12.30888843536377,0.42860493063926697,-11.88028335571289
2026-08-04T04:56:46.724000-04:00,12.312396049499512,0.4240453243255615,-11.888350486755371
2026-08-04T04:56:46.728000-04:00,12.313447952270508,0.4296571612358093,-11.883790969848633
2026-08-04T04:56:46.732000-04:00,12.315552711486816,0.44216692447662354,-11.873385429382324
2026-08-04T04:56:46.736000-04:00,12.308303833007812,0.4364381432533264,-11.871865272521973
2026-08-04T04:56:46.740000-04:00,12.310408592224121,0.4456743001937866,-11.864734649658203
2026-08-04T04:56:46.744000-04:00,12.31917667388916,0.45303985476493835,-11.86613655090332
2026-08-04T04:56:46.748000-04:00,12.330985069274902,0.45701491832733154,-11.873970031738281
2026-08-04T04:56:46.752000-04:00,12.328646659851074,0.46788787841796875,-11.860758781433105
2026-08-04T04:56:46.756000-04:00,12.322684288024902,0.47548726201057434,-11.847196578979492
2026-08-04T04:56:46.760000-04:00,12.328062057495117,0.4713952839374542,-11.856666564941406
2026-08-04T04:56:46.764000-04:00,12.331686973571777,0.47946232557296753,-11.852224349975586
2026-08-04T04:56:46.768000-04:00,12.33718204498291,0.5044817924499512,-11.832700729370117
2026-08-04T04:56:46.772000-04:00,12.3391695022583,0.5051832795143127,-11.833986282348633
2026-08-04T04:56:46.776000-04:00,12.332154273986816,0.499454528093338,-11.8326997756958
2026-08-04T04:56:46.780000-04:00,12.334726333618164,0.5007405877113342,-11.833985328674316
2026-08-04T04:56:46.784000-04:00,12.34571647644043,0.5199143886566162,-11.825801849365234
2026-08-04T04:56:46.788000-04:00,12.357056617736816,0.5340609550476074,-11.822996139526367
2026-08-04T04:56:46.792000-04:00,12.350860595703125,0.5222526788711548,-11.828607559204102
2026-08-04T04:56:46.796000-04:00,12.341390609741211,0.5249416828155518,-11.816449165344238
2026-08-04T04:56:46.800000-04:00,12.345365524291992,0.5333594679832458,-11.812005996704102
2026-08-04T04:56:46.804000-04:00,12.361031532287598,0.5376852750778198,-11.823346138000488
2026-08-04T04:56:46.808000-04:00,12.363487243652344,0.5514810681343079,-11.812005996704102
2026-08-04T04:56:46.812000-04:00,12.359161376953125,0.5479736328125,-11.811187744140625
2026-08-04T04:56:46.816000-04:00,12.351094245910645,0.5511302947998047,-11.79996395111084
2026-08-04T04:56:46.820000-04:00,12.3474702835083,0.5445831418037415,-11.802886962890625
2026-08-04T04:56:46.824000-04:00,12.360797882080078,0.5530009269714355,-11.807796478271484
2026-08-04T04:56:46.828000-04:00,12.363369941711426,0.5538192987442017,-11.809550285339355
2026-08-04T04:56:46.832000-04:00,12.360564231872559,0.5441154837608337,-11.816449165344238
2026-08-04T04:56:46.836000-04:00,12.355653762817383,0.5546377301216125,-11.801015853881836
2026-08-04T04:56:46.840000-04:00,12.350042343139648,0.5478567481040955,-11.802186012268066
2026-08-04T04:56:46.844000-04:00,12.361616134643555,0.5456353425979614,-11.815980911254883
2026-08-04T04:56:46.848000-04:00,12.369683265686035,0.5413095951080322,-11.828373908996582
2026-08-04T04:56:46.852000-04:00,12.360330581665039,0.5396727919578552,-11.820657730102539
2026-08-04T04:56:46.856000-04:00,12.349574089050293,0.5217850208282471,-11.827789306640625
2026-08-04T04:56:46.860000-04:00,12.349457740783691,0.5182775855064392,-11.831180572509766
2026-08-04T04:56:46.864000-04:00,12.357291221618652,0.5235387086868286,-11.833752632141113
2026-08-04T04:56:46.868000-04:00,12.357291221618652,0.5296182036399841,-11.827672958374023
2026-08-04T04:56:46.872000-04:00,12.354134559631348,0.5247078537940979,-11.829426765441895
2026-08-04T04:56:46.876000-04:00,12.344780921936035,0.5007405877113342,-11.844039916992188
2026-08-04T04:56:46.880000-04:00,12.34571647644043,0.5029619336128235,-11.842754364013672
2026-08-04T04:56:46.884000-04:00,12.34992504119873,0.5185114145278931,-11.831413269042969
2026-08-04T04:56:46.888000-04:00,12.350977897644043,0.5048325657844543,-11.846145629882812
2026-08-04T04:56:46.892000-04:00,12.349224090576172,0.5095090866088867,-11.839715003967285
2026-08-04T04:56:46.896000-04:00,12.344898223876953,0.5006236433982849,-11.844274520874023
2026-08-04T04:56:46.900000-04:00,12.343260765075684,0.49840229749679565,-11.844858169555664
2026-08-04T04:56:46.904000-04:00,12.35401725769043,0.4929073750972748,-11.861109733581543
2026-08-04T04:56:46.908000-04:00,12.35401725769043,0.48869848251342773,-11.865318298339844
2026-08-04T04:56:46.912000-04:00,12.34992504119873,0.4981684684753418,-11.851757049560547
2026-08-04T04:56:46.916000-04:00,12.332387924194336,0.487295538187027,-11.8450927734375
2026-08-04T04:56:46.920000-04:00,12.338584899902344,0.4753703474998474,-11.863214492797852
2026-08-04T04:56:46.924000-04:00,12.351211547851562,0.4869447946548462,-11.864266395568848
2026-08-04T04:56:46.928000-04:00,12.34817123413086,0.4929073750972748,-11.855263710021973
2026-08-04T04:56:46.932000-04:00,12.3391695022583,0.48834773898124695,-11.850821495056152
2026-08-04T04:56:46.936000-04:00,12.333440780639648,0.48039764165878296,-11.853043556213379
2026-08-04T04:56:46.940000-04:00,12.340688705444336,0.4909198582172394,-11.84976863861084
2026-08-04T04:56:46.944000-04:00,12.340806007385254,0.4798130691051483,-11.860993385314941
2026-08-04T04:56:46.948000-04:00,12.352263450622559,0.4893999695777893,-11.862863540649414
2026-08-04T04:56:46.952000-04:00,12.34384536743164,0.48834773898124695,-11.855497360229492
2026-08-04T04:56:46.956000-04:00,12.33519458770752,0.48226824402809143,-11.852926254272461
2026-08-04T04:56:46.960000-04:00,12.330634117126465,0.48355430364608765,-11.84708023071289
2026-08-04T04:56:46.964000-04:00,12.337532043457031,0.48788008093833923,-11.849652290344238
2026-08-04T04:56:46.968000-04:00,12.338116645812988,0.47361665964126587,-11.864500045776367
2026-08-04T04:56:46.972000-04:00,12.333089828491211,0.48156675696372986,-11.851523399353027
2026-08-04T04:56:46.976000-04:00,12.327361106872559,0.4740842878818512,-11.853277206420898
2026-08-04T04:56:46.980000-04:00,12.330166816711426,0.46788787841796875,-11.862278938293457
2026-08-04T04:56:46.984000-04:00,12.344898223876953,0.4917382299900055,-11.85315990447998
2026-08-04T04:56:46.988000-04:00,12.352497100830078,0.4978177547454834,-11.854679107666016
2026-08-04T04:56:46.992000-04:00,12.352730751037598,0.5077553987503052,-11.844975471496582
2026-08-04T04:56:46.996000-04:00,12.35845947265625,0.5570929050445557,-11.801366806030273
2026-08-04T04:56:47-04:00,12.350042343139648,0.5402573347091675,-11.809784889221191
2026-08-04T04:56:47.004000-04:00,12.355069160461426,0.5461030006408691,-11.808965682983398
2026-08-04T04:56:47.008000-04:00,12.361499786376953,0.5560406446456909,-11.805459022521973
2026-08-04T04:56:47.012000-04:00,12.364656448364258,0.561769425868988,-11.802886962890625
2026-08-04T04:56:47.016000-04:00,12.373659133911133,0.5973111391067505,-11.776348114013672
2026-08-04T04:56:47.020000-04:00,12.35623836517334,0.6484023332595825,-11.707836151123047
2026-08-04T04:56:47.024000-04:00,12.344664573669434,0.6506236791610718,-11.69404125213623
2026-08-04T04:56:47.028000-04:00,12.328763961791992,0.6432581543922424,-11.685505867004395
2026-08-04T04:56:47.032000-04:00,12.340104103088379,0.6505067944526672,-11.689597129821777
2026-08-04T04:56:47.036000-04:00,12.3391695022583,0.6469993591308594,-11.692170143127441
2026-08-04T04:56:47.040000-04:00,12.35214614868164,0.6563524603843689,-11.695794105529785
2026-08-04T04:56:47.044000-04:00,12.378101348876953,0.636360228061676,-11.741741180419922
2026-08-04T04:56:47.048000-04:00,12.3723726272583,0.6105223894119263,-11.761850357055664
2026-08-04T04:56:47.052000-04:00,12.374711036682129,0.5741622447967529,-11.800548553466797
2026-08-04T04:56:47.056000-04:00,12.347002029418945,0.5475059747695923,-11.799495697021484
2026-08-04T04:56:47.060000-04:00,12.354368209838867,0.5430632829666138,-11.811305046081543
2026-08-04T04:56:47.064000-04:00,12.347002029418945,0.5388543605804443,-11.808147430419922
2026-08-04T04:56:47.068000-04:00,12.352380752563477,0.5174592137336731,-11.834921836853027
2026-08-04T04:56:47.072000-04:00,12.33741569519043,0.4909198582172394,-11.846495628356934
2026-08-04T04:56:47.076000-04:00,12.316253662109375,0.4651988744735718,-11.851055145263672
2026-08-04T04:56:47.080000-04:00,12.317773818969727,0.4445051848888397,-11.873269081115723
2026-08-04T04:56:47.084000-04:00,12.314617156982422,0.44660961627960205,-11.86800765991211
2026-08-04T04:56:47.088000-04:00,12.320579528808594,0.44462209939956665,-11.875957489013672
2026-08-04T04:56:47.092000-04:00,12.31941032409668,0.44660961627960205,-11.872800827026367
2026-08-04T04:56:47.096000-04:00,12.30666732788086,0.43702271580696106,-11.869644165039062
2026-08-04T04:56:47.100000-04:00,12.309823989868164,0.4376072883605957,-11.872217178344727
2026-08-04T04:56:47.104000-04:00,12.314617156982422,0.4198364317417145,-11.894781112670898
2026-08-04T04:56:47.108000-04:00,12.31672191619873,0.43690580129623413,-11.879816055297852
2026-08-04T04:56:47.112000-04:00,12.314383506774902,0.42334383726119995,-11.891039848327637
2026-08-04T04:56:47.116000-04:00,12.304679870605469,0.42369458079338074,-11.880985260009766
2026-08-04T04:56:47.120000-04:00,12.295910835266113,0.44251763820648193,-11.8533935546875
2026-08-04T04:56:47.124000-04:00,12.311694145202637,0.4544428288936615,-11.857251167297363
2026-08-04T04:56:47.128000-04:00,12.30444622039795,0.44614195823669434,-11.858304023742676
2026-08-04T04:56:47.132000-04:00,12.27966022491455,0.45900246500968933,-11.820657730102539
2026-08-04T04:56:47.136000-04:00,12.25499153137207,0.4752534329891205,-11.779738426208496
2026-08-04T04:56:47.140000-04:00,12.260369300842285,0.5195636749267578,-11.740805625915527
2026-08-04T04:56:47.144000-04:00,12.307602882385254,0.500389814376831,-11.807212829589844
2026-08-04T04:56:47.148000-04:00,12.401834487915039,0.5562744736671448,-11.845560073852539
2026-08-04T04:56:47.152000-04:00,12.512785911560059,0.7730321288108826,-11.739753723144531
2026-08-04T04:56:47.156000-04:00,12.664539337158203,1.0293065309524536,-11.635232925415039
2026-08-04T04:56:47.160000-04:00,12.60070514678955,1.6695250272750854,-10.931180000305176
2026-08-04T04:56:47.164000-04:00,12.582348823547363,2.2033519744873047,-10.378996849060059
2026-08-04T04:56:47.168000-04:00,12.487648963928223,2.81188702583313,-9.675762176513672
2026-08-04T04:56:47.172000-04:00,12.44918441772461,2.8590030670166016,-9.590181350708008
2026-08-04T04:56:47.176000-04:00,12.374360084533691,2.7651214599609375,-9.609238624572754
2026-08-04T04:56:47.180000-04:00,12.337532043457031,2.347038745880127,-9.990493774414062
2026-08-04T04:56:47.184000-04:00,12.318592071533203,1.6678881645202637,-10.650703430175781
2026-08-04T04:56:47.188000-04:00,12.346768379211426,1.0918552875518799,-11.254913330078125
2026-08-04T04:56:47.192000-04:00,12.384063720703125,0.8729932308197021,-11.511070251464844
2026-08-04T04:56:47.196000-04:00,12.443923950195312,0.81886225938797,-11.625061988830566
2026-08-04T04:56:47.200000-04:00,12.432700157165527,0.7785270810127258,-11.654172897338867
2026-08-04T04:56:47.204000-04:00,12.379504203796387,0.6923618316650391,-11.687142372131348
2026-08-04T04:56:47.208000-04:00,12.395872116088867,0.665822446346283,-11.730050086975098
2026-08-04T04:56:47.212000-04:00,12.396690368652344,0.6360095143318176,-11.76068115234375
2026-08-04T04:56:47.216000-04:00,12.386635780334473,0.6183555722236633,-11.768280029296875
2026-08-04T04:56:47.220000-04:00,12.376113891601562,0.5982464551925659,-11.777867317199707
2026-08-04T04:56:47.224000-04:00,12.389558792114258,0.585853636264801,-11.803705215454102
2026-08-04T04:56:47.228000-04:00,12.385934829711914,0.5732269883155823,-11.812707901000977
2026-08-04T04:56:47.232000-04:00,12.387337684631348,0.5805925130844116,-11.806745529174805
2026-08-04T04:56:47.236000-04:00,12.385701179504395,0.5669136047363281,-11.818787574768066
2026-08-04T04:56:47.240000-04:00,12.384414672851562,0.5826969742774963,-11.801717758178711
2026-08-04T04:56:47.244000-04:00,12.39330005645752,0.5911146998405457,-11.80218505859375
2026-08-04T04:56:47.248000-04:00,12.397976875305176,0.5883088111877441,-11.809667587280273
2026-08-04T04:56:47.252000-04:00,12.400080680847168,0.6083009839057922,-11.791779518127441
2026-08-04T04:56:47.256000-04:00,12.393533706665039,0.620460033416748,-11.773073196411133
2026-08-04T04:56:47.260000-04:00,12.403705596923828,0.6289947032928467,-11.774710655212402
2026-08-04T04:56:47.264000-04:00,12.412006378173828,0.6321513652801514,-11.779854774475098
2026-08-04T04:56:47.268000-04:00,12.414227485656738,0.656118631362915,-11.758109092712402
2026-08-04T04:56:47.272000-04:00,12.407914161682129,0.6524943113327026,-11.755419731140137
2026-08-04T04:56:47.276000-04:00,12.40990161895752,0.6610289812088013,-11.748872756958008
2026-08-04T04:56:47.280000-04:00,12.423463821411133,0.6686283946037292,-11.75483512878418
2026-08-04T04:56:47.284000-04:00,12.424866676330566,0.6729542016983032,-11.751912117004395
2026-08-04T04:56:47.288000-04:00,12.447080612182617,0.7125878930091858,-11.734492301940918
2026-08-04T04:56:47.292000-04:00,12.444040298461914,0.7130555510520935,-11.730984687805176
2026-08-04T04:56:47.296000-04:00,12.441000938415527,0.7286050319671631,-11.712395668029785
2026-08-04T04:56:47.300000-04:00,12.448834419250488,0.7364382147789001,-11.712396621704102
2026-08-04T04:56:47.304000-04:00,12.464033126831055,0.7345675826072693,-11.72946548461914
2026-08-04T04:56:47.308000-04:00,12.469995498657227,0.7446221709251404,-11.725373268127441
2026-08-04T04:56:47.312000-04:00,12.473503112792969,0.7889323830604553,-11.6845703125
2026-08-04T04:56:47.316000-04:00,12.480985641479492,0.7999222874641418,-11.681063652038574
2026-08-04T04:56:47.320000-04:00,12.493728637695312,0.8221358060836792,-11.671592712402344
2026-08-04T04:56:47.324000-04:00,12.513370513916016,0.8554561734199524,-11.657914161682129
2026-08-04T04:56:47.328000-04:00,12.521437644958496,0.8794234395027161,-11.642014503479004
2026-08-04T04:56:47.332000-04:00,12.541780471801758,0.9095871448516846,-11.632193565368652
2026-08-04T04:56:47.336000-04:00,12.540611267089844,0.9344897270202637,-11.606121063232422
2026-08-04T04:56:47.340000-04:00,12.569138526916504,0.9717851281166077,-11.597352981567383
2026-08-04T04:56:47.344000-04:00,12.587727546691895,0.9873346090316772,-11.600393295288086
2026-08-04T04:56:47.348000-04:00,12.612512588500977,1.0289558172225952,-11.58355712890625
2026-08-04T04:56:47.352000-04:00,12.619294166564941,1.05678129196167,-11.56251335144043
2026-08-04T04:56:47.356000-04:00,12.632972717285156,1.0867111682891846,-11.54626178741455
2026-08-04T04:56:47.360000-04:00,12.658927917480469,1.1215513944625854,-11.537376403808594
2026-08-04T04:56:47.364000-04:00,12.66489028930664,1.1292675733566284,-11.535622596740723
2026-08-04T04:56:47.368000-04:00,12.680673599243164,1.1762669086456299,-11.504406929016113
2026-08-04T04:56:47.372000-04:00,12.681258201599121,1.1720579862594604,-11.509200096130371
2026-08-04T04:56:47.376000-04:00,12.678802490234375,1.1762669086456299,-11.502535820007324
2026-08-04T04:56:47.380000-04:00,12.681024551391602,1.1749807596206665,-11.506043434143066
2026-08-04T04:56:47.384000-04:00,12.686519622802734,1.2074828147888184,-11.479036331176758
2026-08-04T04:56:47.388000-04:00,12.679855346679688,1.1846846342086792,-11.495170593261719
2026-08-04T04:56:47.392000-04:00,12.66489028930664,1.1718240976333618,-11.49306583404541
2026-08-04T04:56:47.396000-04:00,12.634960174560547,1.135697841644287,-11.499261856079102
2026-08-04T04:56:47.400000-04:00,12.627243995666504,1.1160564422607422,-11.511187553405762
2026-08-04T04:56:47.404000-04:00,12.615903854370117,1.0706939697265625,-11.545209884643555
2026-08-04T04:56:47.408000-04:00,12.593222618103027,1.050234079360962,-11.542988777160645
2026-08-04T04:56:47.412000-04:00,12.568436622619629,0.9980906844139099,-11.570345878601074
2026-08-04T04:56:47.416000-04:00,12.538740158081055,0.9555341601371765,-11.583206176757812
2026-08-04T04:56:47.420000-04:00,12.508109092712402,0.9060797095298767,-11.602029800415039
2026-08-04T04:56:47.424000-04:00,12.490338325500488,0.8610680103302002,-11.629270553588867
2026-08-04T04:56:47.428000-04:00,12.478998184204102,0.8290337324142456,-11.649964332580566
2026-08-04T04:56:47.432000-04:00,12.448015213012695,0.7833205461502075,-11.664694786071777
2026-08-04T04:56:47.436000-04:00,12.425918579101562,0.7495325207710266,-11.676385879516602
2026-08-04T04:56:47.440000-04:00,12.412006378173828,0.7100157737731934,-11.701990127563477
2026-08-04T04:56:47.444000-04:00,12.408031463623047,0.6922448873519897,-11.715786933898926
2026-08-04T04:56:47.448000-04:00,12.390260696411133,0.6625488996505737,-11.72771167755127
2026-08-04T04:56:47.452000-04:00,12.369683265686035,0.6342558264732361,-11.735427856445312
2026-08-04T04:56:47.456000-04:00,12.360447883605957,0.6294623613357544,-11.730985641479492
2026-08-04T04:56:47.460000-04:00,12.354952812194824,0.6125099062919617,-11.742443084716797
2026-08-04T04:56:47.464000-04:00,12.357056617736816,0.6011692881584167,-11.755887031555176
2026-08-04T04:56:47.468000-04:00,12.357758522033691,0.5933361053466797,-11.764422416687012
2026-08-04T04:56:47.472000-04:00,12.338818550109863,0.5902963280677795,-11.74852180480957
2026-08-04T04:56:47.476000-04:00,12.332154273986816,0.5722916722297668,-11.759862899780273
2026-08-04T04:56:47.480000-04:00,12.334609985351562,0.5706548690795898,-11.763955116271973
2026-08-04T04:56:47.484000-04:00,12.338116645812988,0.5823462009429932,-11.755770683288574
2026-08-04T04:56:47.488000-04:00,12.333908081054688,0.5795403122901917,-11.75436782836914
2026-08-04T04:56:47.492000-04:00,12.330985069274902,0.5669136047363281,-11.764071464538574
2026-08-04T04:56:47.496000-04:00,12.31450080871582,0.5532347559928894,-11.761265754699707
2026-08-04T04:56:47.500000-04:00,12.315085411071777,0.5608341097831726,-11.754251480102539
2026-08-04T04:56:47.504000-04:00,12.326425552368164,0.5561575889587402,-11.770267486572266
2026-08-04T04:56:47.508000-04:00,12.331218719482422,0.5674982070922852,-11.763720512390137
2026-08-04T04:56:47.512000-04:00,12.320463180541992,0.5685504078865051,-11.751913070678711
2026-08-04T04:56:47.516000-04:00,12.315319061279297,0.5694857239723206,-11.745833396911621
2026-08-04T04:56:47.520000-04:00,12.318242073059082,0.565043032169342,-11.753198623657227
2026-08-04T04:56:47.524000-04:00,12.33554458618164,0.5968434810638428,-11.738700866699219
2026-08-04T04:56:47.528000-04:00,12.330049514770508,0.5942713618278503,-11.735777854919434
2026-08-04T04:56:47.532000-04:00,12.328763961791992,0.5899456143379211,-11.738818168640137
2026-08-04T04:56:47.536000-04:00,12.328530311584473,0.6012861728668213,-11.72724437713623
2026-08-04T04:56:47.540000-04:00,12.336713790893555,0.612042248249054,-11.724671363830566
2026-08-04T04:56:47.544000-04:00,12.335310935974121,0.617186427116394,-11.718124389648438
2026-08-04T04:56:47.548000-04:00,12.34548282623291,0.622096836566925,-11.72338581085205
2026-08-04T04:56:47.552000-04:00,12.33940315246582,0.6287608742713928,-11.710641860961914
2026-08-04T04:56:47.556000-04:00,12.332271575927734,0.6306315064430237,-11.701640129089355
2026-08-04T04:56:47.560000-04:00,12.34595012664795,0.6326190233230591,-11.71333122253418
2026-08-04T04:56:47.564000-04:00,12.35354995727539,0.6346065402030945,-11.71894359588623
2026-08-04T04:56:47.568000-04:00,12.357173919677734,0.650974452495575,-11.706199645996094
2026-08-04T04:56:47.572000-04:00,12.352848052978516,0.6557679176330566,-11.697080612182617
2026-08-04T04:56:47.576000-04:00,12.343027114868164,0.6682776212692261,-11.674749374389648
2026-08-04T04:56:47.580000-04:00,12.348404884338379,0.6554171442985535,-11.692987442016602
2026-08-04T04:56:47.584000-04:00,12.357874870300293,0.6533127427101135,-11.704562187194824
2026-08-04T04:56:47.588000-04:00,12.361266136169434,0.6790336966514587,-11.682232856750488
2026-08-04T04:56:47.592000-04:00,12.368865013122559,0.6827749013900757,-11.686090469360352
2026-08-04T04:56:47.596000-04:00,12.353315353393555,0.6771630644798279,-11.676152229309082
2026-08-04T04:56:47.600000-04:00,12.36430549621582,0.6791505813598633,-11.685154914855957
2026-08-04T04:56:47.604000-04:00,12.366292953491211,0.6671085357666016,-11.69918441772461
2026-08-04T04:56:47.608000-04:00,12.371320724487305,0.6715512275695801,-11.699769973754883
2026-08-04T04:56:47.612000-04:00,12.356822967529297,0.6696805953979492,-11.687142372131348
2026-08-04T04:56:47.616000-04:00,12.353666305541992,0.6589245796203613,-11.694742202758789
2026-08-04T04:56:47.620000-04:00,12.354718208312988,0.6657055616378784,-11.68901252746582
2026-08-04T04:56:47.624000-04:00,12.361616134643555,0.6639518737792969,-11.697664260864258
2026-08-04T04:56:47.628000-04:00,12.358927726745605,0.6612628102302551,-11.697665214538574
2026-08-04T04:56:47.632000-04:00,12.350275993347168,0.6545987725257874,-11.695676803588867
2026-08-04T04:56:47.636000-04:00,12.350743293762207,0.6569370627403259,-11.693806648254395
2026-08-04T04:56:47.640000-04:00,12.35647201538086,0.6403353214263916,-11.716136932373047
2026-08-04T04:56:47.644000-04:00,12.355069160461426,0.6458302736282349,-11.70923900604248
2026-08-04T04:56:47.648000-04:00,12.363136291503906,0.643959641456604,-11.719176292419434
2026-08-04T04:56:47.652000-04:00,12.348873138427734,0.642322838306427,-11.706550598144531
2026-08-04T04:56:47.656000-04:00,12.343611717224121,0.6307483911514282,-11.712862968444824
2026-08-04T04:56:47.660000-04:00,12.342910766601562,0.6415044665336609,-11.701406478881836
2026-08-04T04:56:47.664000-04:00,12.351211547851562,0.6312160491943359,-11.719995498657227
2026-08-04T04:56:47.668000-04:00,12.35214614868164,0.6328528523445129,-11.719293594360352
2026-08-04T04:56:47.672000-04:00,12.348288536071777,0.6261887550354004,-11.722099304199219
2026-08-04T04:56:47.676000-04:00,12.34162425994873,0.6174202561378479,-11.724204063415527
2026-08-04T04:56:47.680000-04:00,12.342910766601562,0.6116915345191956,-11.731219291687012
2026-08-04T04:56:47.684000-04:00,12.348639488220215,0.6079502701759338,-11.740689277648926
2026-08-04T04:56:47.688000-04:00,12.35401725769043,0.6180048584938049,-11.73601245880127
2026-08-04T04:56:47.692000-04:00,12.346768379211426,0.617186427116394,-11.729581832885742
2026-08-04T04:56:47.696000-04:00,12.338233947753906,0.6100547313690186,-11.728178977966309
2026-08-04T04:56:47.700000-04:00,12.338000297546387,0.6090024709701538,-11.728998184204102
2026-08-04T04:56:47.704000-04:00,12.351094245910645,0.6063134670257568,-11.744780540466309
2026-08-04T04:56:47.708000-04:00,12.336713790893555,0.6009354591369629,-11.73577880859375
2026-08-04T04:56:47.712000-04:00,12.340455055236816,0.60771644115448,-11.732738494873047
2026-08-04T04:56:47.716000-04:00,12.33987045288086,0.5968434810638428,-11.743026733398438
2026-08-04T04:56:47.720000-04:00,12.333440780639648,0.6051443219184875,-11.728296279907227
2026-08-04T04:56:47.724000-04:00,12.340338706970215,0.6054950952529907,-11.734843254089355
2026-08-04T04:56:47.728000-04:00,12.337766647338867,0.6119253039360046,-11.725841522216797
2026-08-04T04:56:47.732000-04:00,12.339754104614258,0.6061965823173523,-11.73355770111084
2026-08-04T04:56:47.736000-04:00,12.330400466918945,0.6051443219184875,-11.725255966186523
2026-08-04T04:56:47.740000-04:00,12.338584899902344,0.6000001430511475,-11.738584518432617
2026-08-04T04:56:47.744000-04:00,12.343144416809082,0.6042090654373169,-11.738935470581055
2026-08-04T04:56:47.748000-04:00,12.34162425994873,0.6105223894119263,-11.731101989746094
2026-08-04T04:56:47.752000-04:00,12.330985069274902,0.6058458089828491,-11.725139617919922
2026-08-04T04:56:47.756000-04:00,12.327945709228516,0.6067811250686646,-11.72116470336914
2026-08-04T04:56:47.760000-04:00,12.336362838745117,0.6111069321632385,-11.725255966186523
2026-08-04T04:56:47.764000-04:00,12.340221405029297,0.6044428944587708,-11.73577880859375
2026-08-04T04:56:47.768000-04:00,12.336480140686035,0.5976619124412537,-11.738818168640137
2026-08-04T04:56:47.772000-04:00,12.335310935974121,0.6026891469955444,-11.732622146606445
2026-08-04T04:56:47.776000-04:00,12.332271575927734,0.5790726542472839,-11.753198623657227
2026-08-04T04:56:47.780000-04:00,12.330634117126465,0.5914654731750488,-11.739168167114258
2026-08-04T04:56:47.784000-04:00,12.335895538330078,0.5978956818580627,-11.73799991607666
2026-08-04T04:56:47.788000-04:00,12.344196319580078,0.5987141132354736,-11.745482444763184
2026-08-04T04:56:47.792000-04:00,12.3474702835083,0.6094701290130615,-11.73799991607666
2026-08-04T04:56:47.796000-04:00,12.357291221618652,0.6474670171737671,-11.709824562072754
2026-08-04T04:56:47.800000-04:00,12.358694076538086,0.6619642972946167,-11.69672966003418
2026-08-04T04:56:47.804000-04:00,12.359278678894043,0.6755262613296509,-11.683752059936523
2026-08-04T04:56:47.808000-04:00,12.352263450622559,0.6824241876602173,-11.669838905334473
2026-08-04T04:56:47.812000-04:00,12.34817123413086,0.6683945655822754,-11.679777145385742
2026-08-04T04:56:47.816000-04:00,12.358109474182129,0.7086127996444702,-11.649497032165527
2026-08-04T04:56:47.820000-04:00,12.363954544067383,0.7533906698226929,-11.610564231872559
2026-08-04T04:56:47.824000-04:00,12.335077285766602,0.7716292142868042,-11.563447952270508
2026-08-04T04:56:47.828000-04:00,12.334492683410645,0.7743182182312012,-11.560174942016602
2026-08-04T04:56:47.832000-04:00,12.331453323364258,0.7470773458480835,-11.584376335144043
2026-08-04T04:56:47.836000-04:00,12.326308250427246,0.757482647895813,-11.568825721740723
2026-08-04T04:56:47.840000-04:00,12.336129188537598,0.7666019201278687,-11.569527626037598
2026-08-04T04:56:47.844000-04:00,12.353899955749512,0.7726814150810242,-11.581218719482422
2026-08-04T04:56:47.848000-04:00,12.37283992767334,0.7473111748695374,-11.625528335571289
2026-08-04T04:56:47.852000-04:00,12.361616134643555,0.7215902209281921,-11.640026092529297
2026-08-04T04:56:47.856000-04:00,12.354134559631348,0.6847624778747559,-11.66937255859375
2026-08-04T04:56:47.860000-04:00,12.346885681152344,0.663718044757843,-11.683167457580566
2026-08-04T04:56:47.864000-04:00,12.359278678894043,0.6528450846672058,-11.706433296203613
2026-08-04T04:56:47.868000-04:00,12.339285850524902,0.6371786594390869,-11.702107429504395
2026-08-04T04:56:47.872000-04:00,12.33718204498291,0.6187062859535217,-11.718475341796875
2026-08-04T04:56:47.876000-04:00,12.317891120910645,0.5848013758659363,-11.733089447021484
2026-08-04T04:56:47.880000-04:00,12.306550025939941,0.5811770558357239,-11.725373268127441
2026-08-04T04:56:47.884000-04:00,12.314617156982422,0.5649260878562927,-11.749691009521484
2026-08-04T04:56:47.888000-04:00,12.317072868347168,0.5652768611907959,-11.751795768737793
2026-08-04T04:56:47.892000-04:00,12.327361106872559,0.5484412908554077,-11.77892017364502
2026-08-04T04:56:47.896000-04:00,12.30666732788086,0.5313718914985657,-11.77529525756836
2026-08-04T04:56:47.900000-04:00,12.311460494995117,0.5318395495414734,-11.779621124267578
2026-08-04T04:56:47.904000-04:00,12.316137313842773,0.534177839756012,-11.781959533691406
2026-08-04T04:56:47.908000-04:00,12.31917667388916,0.5352300405502319,-11.783946990966797
2026-08-04T04:56:47.912000-04:00,12.307602882385254,0.5345286130905151,-11.77307415008545
2026-08-04T04:56:47.916000-04:00,12.301990509033203,0.5194467306137085,-11.782544136047363
2026-08-04T04:56:47.920000-04:00,12.30444622039795,0.5182775855064392,-11.786169052124023
2026-08-04T04:56:47.924000-04:00,12.30234146118164,0.5309042930603027,-11.77143669128418
2026-08-04T04:56:47.928000-04:00,12.298482894897461,0.5275138020515442,-11.77096939086914
2026-08-04T04:56:47.932000-04:00,12.29041576385498,0.5498442649841309,-11.740571975708008
2026-08-04T04:56:47.936000-04:00,12.270774841308594,0.5515979528427124,-11.71917724609375
2026-08-04T04:56:47.940000-04:00,12.244352340698242,0.5964927673339844,-11.647859573364258
2026-08-04T04:56:47.944000-04:00,12.270307540893555,0.6143805384635925,-11.655926704406738
2026-08-04T04:56:47.948000-04:00,12.346183776855469,0.5952066779136658,-11.750977516174316
2026-08-04T04:56:47.952000-04:00,12.489286422729492,0.7400625348091125,-11.749223709106445
2026-08-04T04:56:47.956000-04:00,12.607134819030762,0.9306315779685974,-11.67650318145752
2026-08-04T04:56:47.960000-04:00,12.604562759399414,1.4077556133270264,-11.196806907653809
2026-08-04T04:56:47.964000-04:00,12.572762489318848,1.9080286026000977,-10.66473388671875
2026-08-04T04:56:47.968000-04:00,12.507758140563965,2.660834550857544,-9.846923828125
2026-08-04T04:56:47.972000-04:00,12.437259674072266,2.923539400100708,-9.513720512390137
2026-08-04T04:56:47.976000-04:00,12.37015151977539,2.9416608810424805,-9.42849063873291
2026-08-04T04:56:47.980000-04:00,12.331686973571777,2.7040927410125732,-9.627593994140625
2026-08-04T04:56:47.984000-04:00,12.314617156982422,2.021902322769165,-10.292715072631836
2026-08-04T04:56:47.988000-04:00,12.333674430847168,1.457911491394043,-10.875762939453125
2026-08-04T04:56:47.992000-04:00,12.334609985351562,1.0525723695755005,-11.282037734985352
2026-08-04T04:56:47.996000-04:00,12.410603523254395,0.9151989817619324,-11.495404243469238
2026-08-04T04:56:48-04:00,12.426971435546875,0.8881919384002686,-11.538779258728027
2026-08-04T04:56:48.004000-04:00,12.374593734741211,0.8014421463012695,-11.573151588439941
2026-08-04T04:56:48.008000-04:00,12.381258010864258,0.7509354948997498,-11.630322456359863
2026-08-04T04:56:48.012000-04:00,12.381842613220215,0.721239447593689,-11.660603523254395
2026-08-04T04:56:48.016000-04:00,12.37482738494873,0.6998443007469177,-11.674983024597168
2026-08-04T04:56:48.020000-04:00,12.371086120605469,0.66640704870224,-11.704679489135742
2026-08-04T04:56:48.024000-04:00,12.383596420288086,0.6662901043891907,-11.717306137084961
2026-08-04T04:56:48.028000-04:00,12.383129119873047,0.663718044757843,-11.71941089630127
2026-08-04T04:56:48.032000-04:00,12.372138977050781,0.6551833152770996,-11.716955184936523
2026-08-04T04:56:48.036000-04:00,12.381375312805176,0.6558848023414612,-11.72549057006836
2026-08-04T04:56:48.040000-04:00,12.375411987304688,0.660444438457489,-11.714967727661133
2026-08-04T04:56:48.044000-04:00,12.383830070495605,0.6585738062858582,-11.725255966186523
2026-08-04T04:56:48.048000-04:00,12.389909744262695,0.6675761938095093,-11.722333908081055
2026-08-04T04:56:48.052000-04:00,12.386869430541992,0.6809043288230896,-11.705965042114258
2026-08-04T04:56:48.056000-04:00,12.386869430541992,0.6751755475997925,-11.71169376373291
2026-08-04T04:56:48.060000-04:00,12.400548934936523,0.6930633187294006,-11.70748519897461
2026-08-04T04:56:48.064000-04:00,12.399964332580566,0.705339252948761,-11.694624900817871
2026-08-04T04:56:48.068000-04:00,12.414344787597656,0.7113018035888672,-11.703042984008789
2026-08-04T04:56:48.072000-04:00,12.404874801635742,0.7199534177780151,-11.684921264648438
2026-08-04T04:56:48.076000-04:00,12.422645568847656,0.7294234037399292,-11.693222045898438
2026-08-04T04:56:48.080000-04:00,12.425100326538086,0.716446042060852,-11.708654403686523
2026-08-04T04:56:48.084000-04:00,12.430244445800781,0.7190181016921997,-11.711226463317871
2026-08-04T04:56:48.088000-04:00,12.443339347839355,0.7556120157241821,-11.687726974487305
2026-08-04T04:56:48.092000-04:00,12.430010795593262,0.7565473318099976,-11.673463821411133
2026-08-04T04:56:48.096000-04:00,12.4345703125,0.7662511467933655,-11.668318748474121
2026-08-04T04:56:48.100000-04:00,12.442754745483398,0.7825021743774414,-11.660252571105957
2026-08-04T04:56:48.104000-04:00,12.453978538513184,0.7975839972496033,-11.656394958496094
2026-08-04T04:56:48.108000-04:00,12.464734077453613,0.8078723549842834,-11.656861305236816
2026-08-04T04:56:48.112000-04:00,12.464149475097656,0.8300859332084656,-11.634063720703125
2026-08-04T04:56:48.116000-04:00,12.481101989746094,0.8575606346130371,-11.623540878295898
2026-08-04T04:56:48.120000-04:00,12.49022102355957,0.8663291335105896,-11.623891830444336
2026-08-04T04:56:48.124000-04:00,12.50647258758545,0.8911148309707642,-11.615357398986816
2026-08-04T04:56:48.128000-04:00,12.52260684967041,0.9054951667785645,-11.617111206054688
2026-08-04T04:56:48.132000-04:00,12.534064292907715,0.9289947748184204,-11.605069160461426
2026-08-04T04:56:48.136000-04:00,12.537921905517578,0.9514421820640564,-11.586480140686035
2026-08-04T04:56:48.140000-04:00,12.562005996704102,0.9731881022453308,-11.588817596435547
2026-08-04T04:56:48.144000-04:00,12.580127716064453,1.0020657777786255,-11.578062057495117
2026-08-04T04:56:48.148000-04:00,12.600354194641113,1.0531569719314575,-11.547197341918945
2026-08-04T04:56:48.152000-04:00,12.619060516357422,1.0791116952896118,-11.539948463439941
2026-08-04T04:56:48.156000-04:00,12.626776695251465,1.099454641342163,-11.527321815490723
2026-08-04T04:56:48.160000-04:00,12.65483570098877,1.1349964141845703,-11.5198392868042
2026-08-04T04:56:48.164000-04:00,12.667695999145508,1.140257477760315,-11.527438163757324
2026-08-04T04:56:48.168000-04:00,12.689909934997559,1.1887766122817993,-11.50113296508789
2026-08-04T04:56:48.172000-04:00,12.68581771850586,1.2066643238067627,-11.479153633117676
2026-08-04T04:56:48.176000-04:00,12.689909934997559,1.2185895442962646,-11.471320152282715
2026-08-04T04:56:48.180000-04:00,12.696574211120605,1.2312161922454834,-11.465357780456543
2026-08-04T04:56:48.184000-04:00,12.706511497497559,1.2351912260055542,-11.471320152282715
2026-08-04T04:56:48.188000-04:00,12.70019817352295,1.2108732461929321,-11.489324569702148
2026-08-04T04:56:48.192000-04:00,12.686519622802734,1.198480486869812,-11.488039016723633
2026-08-04T04:56:48.196000-04:00,12.659512519836426,1.1677321195602417,-11.491780281066895
2026-08-04T04:56:48.200000-04:00,12.642560005187988,1.146220088005066,-11.496339797973633
2026-08-04T04:56:48.204000-04:00,12.640806198120117,1.1420111656188965,-11.498794555664062
2026-08-04T04:56:48.208000-04:00,12.629465103149414,1.1210837364196777,-11.508380889892578
2026-08-04T04:56:48.212000-04:00,12.596963882446289,1.0777087211608887,-11.519254684448242
2026-08-04T04:56:48.216000-04:00,12.561071395874023,1.016563057899475,-11.54450798034668
2026-08-04T04:56:48.220000-04:00,12.537454605102539,0.9747079610824585,-11.56274700164795
2026-08-04T04:56:48.224000-04:00,12.517930030822754,0.932969868183136,-11.584959983825684
2026-08-04T04:56:48.228000-04:00,12.501913070678711,0.8828139305114746,-11.619098663330078
2026-08-04T04:56:48.232000-04:00,12.459823608398438,0.8354639410972595,-11.624360084533691
2026-08-04T04:56:48.236000-04:00,12.447196960449219,0.8174592852592468,-11.629737854003906
2026-08-04T04:56:48.240000-04:00,12.425684928894043,0.772915244102478,-11.652770042419434
2026-08-04T04:56:48.244000-04:00,12.419488906860352,0.7514031529426575,-11.668086051940918
2026-08-04T04:56:48.248000-04:00,12.394351959228516,0.7146922945976257,-11.679659843444824
2026-08-04T04:56:48.252000-04:00,12.381375312805176,0.6906081438064575,-11.690767288208008
2026-08-04T04:56:48.256000-04:00,12.361031532287598,0.6563524603843689,-11.704679489135742
2026-08-04T04:56:48.260000-04:00,12.367228507995605,0.6531957983970642,-11.714033126831055
2026-08-04T04:56:48.264000-04:00,12.360213279724121,0.6364771723747253,-11.723735809326172
2026-08-04T04:56:48.268000-04:00,12.360681533813477,0.6163680553436279,-11.74431324005127
2026-08-04T04:56:48.272000-04:00,12.357641220092773,0.6059627532958984,-11.751678466796875
2026-08-04T04:56:48.276000-04:00,12.34185791015625,0.6095870733261108,-11.732271194458008
2026-08-04T04:56:48.280000-04:00,12.334492683410645,0.5978956818580627,-11.736597061157227
2026-08-04T04:56:48.284000-04:00,12.332271575927734,0.5786049962043762,-11.753666877746582
2026-08-04T04:56:48.288000-04:00,12.338000297546387,0.5945051908493042,-11.743494987487793
2026-08-04T04:56:48.292000-04:00,12.328296661376953,0.5914654731750488,-11.736831665039062
2026-08-04T04:56:48.296000-04:00,12.318475723266602,0.5948559641838074,-11.72361946105957
2026-08-04T04:56:48.300000-04:00,12.318124771118164,0.5867889523506165,-11.731335639953613
2026-08-04T04:56:48.304000-04:00,12.335310935974121,0.5784880518913269,-11.75682258605957
2026-08-04T04:56:48.308000-04:00,12.32724380493164,0.5878411531448364,-11.739402770996094
2026-08-04T04:56:48.312000-04:00,12.31917667388916,0.5843337178230286,-11.734843254089355
2026-08-04T04:56:48.316000-04:00,12.315201759338379,0.5793064832687378,-11.735895156860352
2026-08-04T04:56:48.320000-04:00,12.319527626037598,0.5814108848571777,-11.738117218017578
2026-08-04T04:56:48.324000-04:00,12.324087142944336,0.5963758230209351,-11.72771167755127
2026-08-04T04:56:48.328000-04:00,12.32911491394043,0.6001170873641968,-11.728998184204102
2026-08-04T04:56:48.332000-04:00,12.322216987609863,0.5794233679771423,-11.742794036865234
2026-08-04T04:56:48.336000-04:00,12.31941032409668,0.5795403122901917,-11.739870071411133
2026-08-04T04:56:48.340000-04:00,12.32303524017334,0.5914654731750488,-11.731569290161133
2026-08-04T04:56:48.344000-04:00,12.340338706970215,0.6090024709701538,-11.73133659362793
2026-08-04T04:56:48.348000-04:00,12.341273307800293,0.629111647605896,-11.712162017822266
2026-08-04T04:56:48.352000-04:00,12.343729019165039,0.6365940570831299,-11.707135200500488
2026-08-04T04:56:48.356000-04:00,12.336713790893555,0.6307483911514282,-11.705965042114258
2026-08-04T04:56:48.360000-04:00,12.339987754821777,0.6205769181251526,-11.71941089630127
2026-08-04T04:56:48.364000-04:00,12.345014572143555,0.6424397826194763,-11.702574729919434
2026-08-04T04:56:48.368000-04:00,12.347236633300781,0.648285448551178,-11.69895076751709
2026-08-04T04:56:48.372000-04:00,12.347002029418945,0.6440765261650085,-11.702925682067871
2026-08-04T04:56:48.376000-04:00,12.34770393371582,0.6516759395599365,-11.696027755737305
2026-08-04T04:56:48.380000-04:00,12.352380752563477,0.6541311144828796,-11.698249816894531
2026-08-04T04:56:48.384000-04:00,12.355302810668945,0.6560017466545105,-11.699300765991211
2026-08-04T04:56:48.388000-04:00,12.354134559631348,0.6542479991912842,-11.699886322021484
2026-08-04T04:56:48.392000-04:00,12.356355667114258,0.6537803411483765,-11.70257568359375
2026-08-04T04:56:48.396000-04:00,12.340688705444336,0.6503898501396179,-11.690299034118652
2026-08-04T04:56:48.400000-04:00,12.344313621520996,0.6507406234741211,-11.693572998046875
2026-08-04T04:56:48.404000-04:00,12.358927726745605,0.6621981263160706,-11.69672966003418
2026-08-04T04:56:48.408000-04:00,12.361967086791992,0.6638349294662476,-11.698132514953613
2026-08-04T04:56:48.412000-04:00,12.358694076538086,0.6531957983970642,-11.705498695373535
2026-08-04T04:56:48.416000-04:00,12.351211547851562,0.6260718703269958,-11.725139617919922
2026-08-04T04:56:48.420000-04:00,12.354835510253906,0.6397507190704346,-11.71508502960205
2026-08-04T04:56:48.424000-04:00,12.35600471496582,0.6523774266242981,-11.703627586364746
2026-08-04T04:56:48.428000-04:00,12.35214614868164,0.6523774266242981,-11.699769020080566
2026-08-04T04:56:48.432000-04:00,12.3474702835083,0.6350741982460022,-11.712395668029785
2026-08-04T04:56:48.436000-04:00,12.344429969787598,0.630163848400116,-11.714265823364258
2026-08-04T04:56:48.440000-04:00,12.35647201538086,0.6246688961982727,-11.731802940368652
2026-08-04T04:56:48.444000-04:00,12.362200736999512,0.624201238155365,-11.73799991607666
2026-08-04T04:56:48.448000-04:00,12.350042343139648,0.6284101605415344,-11.72163200378418
2026-08-04T04:56:48.452000-04:00,12.357407569885254,0.6278255581855774,-11.729581832885742
2026-08-04T04:56:48.456000-04:00,12.351678848266602,0.6168357133865356,-11.734843254089355
2026-08-04T04:56:48.460000-04:00,12.352380752563477,0.6057289242744446,-11.746651649475098
2026-08-04T04:56:48.464000-04:00,12.355537414550781,0.6005847454071045,-11.754952430725098
2026-08-04T04:56:48.468000-04:00,12.341975212097168,0.6074826121330261,-11.734492301940918
2026-08-04T04:56:48.472000-04:00,12.338934898376465,0.6097039580345154,-11.729230880737305
2026-08-04T04:56:48.476000-04:00,12.345248222351074,0.5943883061408997,-11.750860214233398
2026-08-04T04:56:48.480000-04:00,12.33963680267334,0.582580029964447,-11.757057189941406
2026-08-04T04:56:48.484000-04:00,12.345832824707031,0.5796571969985962,-11.766175270080566
2026-08-04T04:56:48.488000-04:00,12.342326164245605,0.5762667059898376,-11.766059875488281
2026-08-04T04:56:48.492000-04:00,12.337532043457031,0.5789557099342346,-11.758576393127441
2026-08-04T04:56:48.496000-04:00,12.339285850524902,0.5728762149810791,-11.766409873962402
2026-08-04T04:56:48.500000-04:00,12.345014572143555,0.5755652189254761,-11.769449234008789
2026-08-04T04:56:48.504000-04:00,12.342559814453125,0.5537024140357971,-11.788857460021973
2026-08-04T04:56:48.508000-04:00,12.340923309326172,0.5591973662376404,-11.781725883483887
2026-08-04T04:56:48.512000-04:00,12.334025382995605,0.5761498212814331,-11.757875442504883
2026-08-04T04:56:48.516000-04:00,12.328179359436035,0.5692518949508667,-11.758927345275879
2026-08-04T04:56:48.520000-04:00,12.33156967163086,0.5715901851654053,-11.759979248046875
2026-08-04T04:56:48.524000-04:00,12.343611717224121,0.568784236907959,-11.77482795715332
2026-08-04T04:56:48.528000-04:00,12.34162425994873,0.5732269883155823,-11.768397331237793
2026-08-04T04:56:48.532000-04:00,12.337532043457031,0.5665628910064697,-11.77096939086914
2026-08-04T04:56:48.536000-04:00,12.33379077911377,0.5631723999977112,-11.770618438720703
2026-08-04T04:56:48.540000-04:00,12.329699516296387,0.5568590760231018,-11.77284049987793
2026-08-04T04:56:48.544000-04:00,12.326892852783203,0.5445831418037415,-11.782309532165527
2026-08-04T04:56:48.548000-04:00,12.327010154724121,0.542011022567749,-11.784998893737793
2026-08-04T04:56:48.552000-04:00,12.33379077911377,0.5493766069412231,-11.784414291381836
2026-08-04T04:56:48.556000-04:00,12.330517768859863,0.5466876029968262,-11.783830642700195
2026-08-04T04:56:48.560000-04:00,12.326892852783203,0.5418941378593445,-11.784998893737793
2026-08-04T04:56:48.564000-04:00,12.345131874084473,0.5427125096321106,-11.802419662475586
2026-08-04T04:56:48.568000-04:00,12.333674430847168,0.5458691716194153,-11.787805557250977
2026-08-04T04:56:48.572000-04:00,12.340688705444336,0.530436635017395,-11.81025218963623
2026-08-04T04:56:48.576000-04:00,12.320579528808594,0.5250585675239563,-11.795520782470703
2026-08-04T04:56:48.580000-04:00,12.326892852783203,0.5326579809188843,-11.794235229492188
2026-08-04T04:56:48.584000-04:00,12.341975212097168,0.5381529331207275,-11.80382251739502
2026-08-04T04:56:48.588000-04:00,12.334609985351562,0.5461030006408691,-11.788507461547852
2026-08-04T04:56:48.592000-04:00,12.33110237121582,0.5220188498497009,-11.809083938598633
2026-08-04T04:56:48.596000-04:00,12.320345878601074,0.5179268717765808,-11.80241870880127
2026-08-04T04:56:48.600000-04:00,12.321632385253906,0.5242401957511902,-11.797391891479492
2026-08-04T04:56:48.604000-04:00,12.336129188537598,0.5319564938545227,-11.80417251586914
2026-08-04T04:56:48.608000-04:00,12.336129188537598,0.534762442111969,-11.801366806030273
2026-08-04T04:56:48.612000-04:00,12.342559814453125,0.551247239112854,-11.791312217712402
2026-08-04T04:56:48.616000-04:00,12.327712059020996,0.5291505455970764,-11.798561096191406
2026-08-04T04:56:48.620000-04:00,12.338584899902344,0.5174592137336731,-11.821125984191895
2026-08-04T04:56:48.624000-04:00,12.326191902160645,0.5148870944976807,-11.811305046081543
2026-08-04T04:56:48.628000-04:00,12.339987754821777,0.519329845905304,-11.820657730102539
2026-08-04T04:56:48.632000-04:00,12.319527626037598,0.516640841960907,-11.802886962890625
2026-08-04T04:56:48.636000-04:00,12.317306518554688,0.5024942755699158,-11.814812660217285
2026-08-04T04:56:48.640000-04:00,12.326191902160645,0.5126657485961914,-11.813526153564453
2026-08-04T04:56:48.644000-04:00,12.327127456665039,0.5195636749267578,-11.807563781738281
2026-08-04T04:56:48.648000-04:00,12.325840950012207,0.5078722834587097,-11.817968368530273
2026-08-04T04:56:48.652000-04:00,12.324320793151855,0.5132503509521484,-11.811070442199707
2026-08-04T04:56:48.656000-04:00,12.317773818969727,0.5061185956001282,-11.811655044555664
2026-08-04T04:56:48.660000-04:00,12.330985069274902,0.5151209235191345,-11.815864562988281
2026-08-04T04:56:48.664000-04:00,12.327010154724121,0.5064693689346313,-11.820540428161621
2026-08-04T04:56:48.668000-04:00,12.332621574401855,0.5165238976478577,-11.816097259521484
2026-08-04T04:56:48.672000-04:00,12.324438095092773,0.5180437564849854,-11.806394577026367
2026-08-04T04:56:48.676000-04:00,12.314266204833984,0.49606403708457947,-11.818202018737793
2026-08-04T04:56:48.680000-04:00,12.3308687210083,0.514419436454773,-11.816449165344238
2026-08-04T04:56:48.684000-04:00,12.333206176757812,0.5054171085357666,-11.827789306640625
2026-08-04T04:56:48.688000-04:00,12.328062057495117,0.5105612874031067,-11.817501068115234
2026-08-04T04:56:48.692000-04:00,12.329815864562988,0.5180437564849854,-11.811772346496582
2026-08-04T04:56:48.696000-04:00,12.33519458770752,0.5224865078926086,-11.812707901000977
2026-08-04T04:56:48.700000-04:00,12.34209156036377,0.5360484719276428,-11.806042671203613
2026-08-04T04:56:48.704000-04:00,12.365357398986816,0.5725255012512207,-11.792831420898438
2026-08-04T04:56:48.708000-04:00,12.346885681152344,0.5470383167266846,-11.799847602844238
2026-08-04T04:56:48.712000-04:00,12.328062057495117,0.5508964657783508,-11.777165412902832
2026-08-04T04:56:48.716000-04:00,12.325723648071289,0.5645753741264343,-11.761148452758789
2026-08-04T04:56:48.720000-04:00,12.350860595703125,0.5866720080375671,-11.764188766479492
2026-08-04T04:56:48.724000-04:00,12.363487243652344,0.64068603515625,-11.722801208496094
2026-08-04T04:56:48.728000-04:00,12.355537414550781,0.6633672714233398,-11.692170143127441
2026-08-04T04:56:48.732000-04:00,12.31941032409668,0.6744740605354309,-11.644936561584473
2026-08-04T04:56:48.736000-04:00,12.317540168762207,0.6616135835647583,-11.655926704406738
2026-08-04T04:56:48.740000-04:00,12.332856178283691,0.6811381578445435,-11.651718139648438
2026-08-04T04:56:48.744000-04:00,12.334843635559082,0.6666408777236938,-11.66820240020752
2026-08-04T04:56:48.748000-04:00,12.348054885864258,0.6708497405052185,-11.677205085754395
2026-08-04T04:56:48.752000-04:00,12.354952812194824,0.6445441842079163,-11.710408210754395
2026-08-04T04:56:48.756000-04:00,12.361266136169434,0.6264225840568542,-11.734843254089355
2026-08-04T04:56:48.760000-04:00,12.350275993347168,0.5749806761741638,-11.77529525756836
2026-08-04T04:56:48.764000-04:00,12.363369941711426,0.5732269883155823,-11.790143013000488
2026-08-04T04:56:48.768000-04:00,12.34817123413086,0.5722916722297668,-11.775879859924316
2026-08-04T04:56:48.772000-04:00,12.332271575927734,0.5483244061470032,-11.783946990966797
2026-08-04T04:56:48.776000-04:00,12.31695556640625,0.5113797187805176,-11.80557632446289
2026-08-04T04:56:48.780000-04:00,12.306550025939941,0.49512872099876404,-11.811421394348145
2026-08-04T04:56:48.784000-04:00,12.305731773376465,0.4954794645309448,-11.81025218963623
2026-08-04T04:56:48.788000-04:00,12.310524940490723,0.5009744167327881,-11.809550285339355
2026-08-04T04:56:48.792000-04:00,12.310057640075684,0.49080294370651245,-11.819254875183105
2026-08-04T04:56:48.796000-04:00,12.309239387512207,0.47478577494621277,-11.834453582763672
2026-08-04T04:56:48.800000-04:00,12.305849075317383,0.45701491832733154,-11.848834037780762
2026-08-04T04:56:48.804000-04:00,12.309706687927246,0.44777876138687134,-11.86192798614502
2026-08-04T04:56:48.808000-04:00,12.305498123168945,0.4544428288936615,-11.851055145263672
2026-08-04T04:56:48.812000-04:00,12.29813289642334,0.47841009497642517,-11.819723129272461
2026-08-04T04:56:48.816000-04:00,12.291935920715332,0.46145763993263245,-11.83047866821289
2026-08-04T04:56:48.820000-04:00,12.303393363952637,0.4480125904083252,-11.85538101196289
2026-08-04T04:56:48.824000-04:00,12.297664642333984,0.43526899814605713,-11.862395286560059
2026-08-04T04:56:48.828000-04:00,12.301874160766602,0.44263455271720886,-11.85923957824707
2026-08-04T04:56:48.832000-04:00,12.286791801452637,0.4351521134376526,-11.851639747619629
2026-08-04T04:56:48.836000-04:00,12.273346900939941,0.4431022107601166,-11.830245018005371
2026-08-04T04:56:48.840000-04:00,12.260252952575684,0.4567810893058777,-11.803471565246582
2026-08-04T04:56:48.844000-04:00,12.26329231262207,0.492556631565094,-11.770735740661621
2026-08-04T04:56:48.848000-04:00,12.286791801452637,0.509626030921936,-11.777165412902832
2026-08-04T04:56:48.852000-04:00,12.338934898376465,0.4874124526977539,-11.851522445678711
2026-08-04T04:56:48.856000-04:00,12.420540809631348,0.6002339720726013,-11.820306777954102
2026-08-04T04:56:48.860000-04:00,12.617656707763672,0.8731101155281067,-11.744546890258789
2026-08-04T04:56:48.864000-04:00,12.67728328704834,1.205261468887329,-11.47202205657959
2026-08-04T04:56:48.868000-04:00,12.602575302124023,1.9758384227752686,-10.626736640930176
2026-08-04T04:56:48.872000-04:00,12.565046310424805,2.4764621257781982,-10.088583946228027
2026-08-04T04:56:48.876000-04:00,12.450821876525879,2.859938383102417,-9.590883255004883
2026-08-04T04:56:48.880000-04:00,12.437142372131348,2.7674598693847656,-9.669682502746582
2026-08-04T04:56:48.884000-04:00,12.379972457885742,2.487919569015503,-9.89205265045166
2026-08-04T04:56:48.888000-04:00,12.318475723266602,1.829930305480957,-10.488545417785645
2026-08-04T04:56:48.892000-04:00,12.273931503295898,1.4223698377609253,-10.851561546325684
2026-08-04T04:56:48.896000-04:00,12.290766716003418,0.903507649898529,-11.387259483337402
2026-08-04T04:56:48.900000-04:00,12.352614402770996,0.8203821182250977,-11.532232284545898
2026-08-04T04:56:48.904000-04:00,12.434103012084961,0.7724475860595703,-11.66165542602539
2026-08-04T04:56:48.908000-04:00,12.418437004089355,0.735035240650177,-11.683402061462402
2026-08-04T04:56:48.912000-04:00,12.357173919677734,0.6239674091339111,-11.733206748962402
2026-08-04T04:56:48.916000-04:00,12.367344856262207,0.6049104928970337,-11.762434005737305
2026-08-04T04:56:48.920000-04:00,12.369800567626953,0.5920500159263611,-11.777750968933105
2026-08-04T04:56:48.924000-04:00,12.376347541809082,0.5873734951019287,-11.788973808288574
2026-08-04T04:56:48.928000-04:00,12.37891960144043,0.5914654731750488,-11.787454605102539
2026-08-04T04:56:48.932000-04:00,12.365592002868652,0.5624709129333496,-11.803121566772461
2026-08-04T04:56:48.936000-04:00,12.36208438873291,0.5383867025375366,-11.823698043823242
2026-08-04T04:56:48.940000-04:00,12.375762939453125,0.5508964657783508,-11.82486629486084
2026-08-04T04:56:48.944000-04:00,12.370969772338867,0.5593142509460449,-11.811655044555664
2026-08-04T04:56:48.948000-04:00,12.381375312805176,0.5641077160835266,-11.817267417907715
2026-08-04T04:56:48.952000-04:00,12.370034217834473,0.5649260878562927,-11.805108070373535
2026-08-04T04:56:48.956000-04:00,12.375996589660645,0.5632892847061157,-11.81270694732666
2026-08-04T04:56:48.960000-04:00,12.389325141906738,0.5673812627792358,-11.821944236755371
2026-08-04T04:56:48.964000-04:00,12.39505386352539,0.5838660597801208,-11.811187744140625
2026-08-04T04:56:48.968000-04:00,12.397625923156738,0.5969604253768921,-11.800665855407715
2026-08-04T04:56:48.972000-04:00,12.389676094055176,0.5833984613418579,-11.80627727508545
2026-08-04T04:56:48.976000-04:00,12.390143394470215,0.5873734951019287,-11.802769660949707
2026-08-04T04:56:48.980000-04:00,12.40943431854248,0.6092362999916077,-11.80019760131836
2026-08-04T04:56:48.984000-04:00,12.414111137390137,0.6107562184333801,-11.80335521697998
2026-08-04T04:56:48.988000-04:00,12.41574764251709,0.6139128804206848,-11.801835060119629
2026-08-04T04:56:48.992000-04:00,12.410135269165039,0.6260718703269958,-11.784063339233398
2026-08-04T04:56:48.996000-04:00,12.414578437805176,0.6376463174819946,-11.776931762695312
2026-08-04T04:56:49-04:00,12.431998252868652,0.6296961903572083,-11.802302360534668
2026-08-04T04:56:49.004000-04:00,12.449301719665527,0.6729542016983032,-11.776347160339355
2026-08-04T04:56:49.008000-04:00,12.439598083496094,0.6816058158874512,-11.757991790771484
2026-08-04T04:56:49.012000-04:00,12.44918441772461,0.6949339509010315,-11.754250526428223
2026-08-04T04:56:49.016000-04:00,12.451171875,0.7041701078414917,-11.747001647949219
2026-08-04T04:56:49.020000-04:00,12.466721534729004,0.7326970100402832,-11.734024047851562
2026-08-04T04:56:49.024000-04:00,12.483206748962402,0.7418162226676941,-11.741390228271484
2026-08-04T04:56:49.028000-04:00,12.489753723144531,0.778293251991272,-11.71146011352539
2026-08-04T04:56:49.032000-04:00,12.493962287902832,0.804248034954071,-11.689714431762695
2026-08-04T04:56:49.036000-04:00,12.505770683288574,0.8199144601821899,-11.685855865478516
2026-08-04T04:56:49.040000-04:00,12.527166366577148,0.8390882611274719,-11.688077926635742
2026-08-04T04:56:49.044000-04:00,12.551717758178711,0.8770852088928223,-11.674633026123047
2026-08-04T04:56:49.048000-04:00,12.561187744140625,0.9031568765640259,-11.65803050994873
2026-08-04T04:56:49.052000-04:00,12.574983596801758,0.9293455481529236,-11.645638465881348
2026-08-04T04:56:49.056000-04:00,12.586324691772461,0.9703821539878845,-11.61594295501709
2026-08-04T04:56:49.060000-04:00,12.612045288085938,1.0212395191192627,-11.590806007385254
2026-08-04T04:56:49.064000-04:00,12.628179550170898,1.046960473060608,-11.581218719482422
2026-08-04T04:56:49.068000-04:00,12.629582405090332,1.066485047340393,-11.56309700012207
2026-08-04T04:56:49.072000-04:00,12.638935089111328,1.0806316137313843,-11.558303833007812
2026-08-04T04:56:49.076000-04:00,12.641975402832031,1.0883479118347168,-11.553627014160156
2026-08-04T04:56:49.080000-04:00,12.65074348449707,1.1035466194152832,-11.547197341918945
2026-08-04T04:56:49.084000-04:00,12.663838386535645,1.125643253326416,-11.53819465637207
2026-08-04T04:56:49.088000-04:00,12.664656639099121,1.1404913663864136,-11.524165153503418
2026-08-04T04:56:49.092000-04:00,12.648873329162598,1.1324243545532227,-11.516448974609375
2026-08-04T04:56:49.096000-04:00,12.63601303100586,1.1359317302703857,-11.500081062316895
2026-08-04T04:56:49.100000-04:00,12.634024620056152,1.1226035356521606,-11.511421203613281
2026-08-04T04:56:49.104000-04:00,12.641507148742676,1.1020268201828003,-11.539480209350586
2026-08-04T04:56:49.108000-04:00,12.61192798614502,1.0613409280776978,-11.550586700439453
2026-08-04T04:56:49.112000-04:00,12.583868980407715,1.0286051034927368,-11.55526351928711
2026-08-04T04:56:49.116000-04:00,12.559433937072754,0.9868669509887695,-11.572566986083984
2026-08-04T04:56:49.120000-04:00,12.548444747924805,0.9631335139274597,-11.585310935974121
2026-08-04T04:56:49.124000-04:00,12.5245943069458,0.9084179997444153,-11.61617660522461
2026-08-04T04:56:49.128000-04:00,12.505069732666016,0.8768513798713684,-11.628218650817871
2026-08-04T04:56:49.132000-04:00,12.465202331542969,0.8340610265731812,-11.631141662597656
2026-08-04T04:56:49.136000-04:00,12.459940910339355,0.7978178262710571,-11.66212272644043
2026-08-04T04:56:49.140000-04:00,12.444157600402832,0.758534848690033,-11.685623168945312
2026-08-04T04:56:49.144000-04:00,12.431413650512695,0.7111849188804626,-11.720229148864746
2026-08-04T04:56:49.148000-04:00,12.4138765335083,0.6923618316650391,-11.721514701843262
2026-08-04T04:56:49.152000-04:00,12.385350227355957,0.6610289812088013,-11.724321365356445
2026-08-04T04:56:49.156000-04:00,12.373424530029297,0.6292285323143005,-11.744195938110352
2026-08-04T04:56:49.160000-04:00,12.373775482177734,0.6108731031417847,-11.76290225982666
2026-08-04T04:56:49.164000-04:00,12.369683265686035,0.5913485288619995,-11.778334617614746
2026-08-04T04:56:49.168000-04:00,12.359745979309082,0.5897117853164673,-11.770033836364746
2026-08-04T04:56:49.172000-04:00,12.35179615020752,0.568784236907959,-11.783012390136719
2026-08-04T04:56:49.176000-04:00,12.33379077911377,0.54692143201828,-11.786869049072266
2026-08-04T04:56:49.180000-04:00,12.346067428588867,0.5576774477958679,-11.788390159606934
2026-08-04T04:56:49.184000-04:00,12.341156959533691,0.5395558476448059,-11.80160140991211
2026-08-04T04:56:49.188000-04:00,12.321281433105469,0.5219019055366516,-11.799379348754883
2026-08-04T04:56:49.192000-04:00,12.319293975830078,0.5299689769744873,-11.789324760437012
2026-08-04T04:56:49.196000-04:00,12.316604614257812,0.5403742790222168,-11.776229858398438
2026-08-04T04:56:49.200000-04:00,12.317891120910645,0.5382698178291321,-11.779621124267578
2026-08-04T04:56:49.204000-04:00,12.330166816711426,0.5390881896018982,-11.791078567504883
2026-08-04T04:56:49.208000-04:00,12.327712059020996,0.5352300405502319,-11.792482376098633
2026-08-04T04:56:49.212000-04:00,12.318124771118164,0.531488835811615,-11.786636352539062
2026-08-04T04:56:49.216000-04:00,12.315903663635254,0.5324241518974304,-11.783479690551758
2026-08-04T04:56:49.220000-04:00,12.329582214355469,0.5489089488983154,-11.780673027038574
2026-08-04T04:56:49.224000-04:00,12.330985069274902,0.5558068156242371,-11.775177955627441
2026-08-04T04:56:49.228000-04:00,12.316370964050293,0.5468044877052307,-11.769566535949707
2026-08-04T04:56:49.232000-04:00,12.311811447143555,0.5356976985931396,-11.776113510131836
2026-08-04T04:56:49.236000-04:00,12.302692413330078,0.5372176170349121,-11.765474319458008
2026-08-04T04:56:49.240000-04:00,12.32747745513916,0.566095232963562,-11.761382102966309
2026-08-04T04:56:49.244000-04:00,12.337064743041992,0.5596649646759033,-11.777400016784668
2026-08-04T04:56:49.248000-04:00,12.336947441101074,0.586905837059021,-11.750041961669922
2026-08-04T04:56:49.252000-04:00,12.316253662109375,0.5789557099342346,-11.737298011779785
2026-08-04T04:56:49.256000-04:00,12.324438095092773,0.5943883061408997,-11.730050086975098
2026-08-04T04:56:49.260000-04:00,12.33718204498291,0.600701630115509,-11.736480712890625
2026-08-04T04:56:49.264000-04:00,12.351912498474121,0.6141467094421387,-11.73776626586914
2026-08-04T04:56:49.268000-04:00,12.345131874084473,0.6144974231719971,-11.730634689331055
2026-08-04T04:56:49.272000-04:00,12.34349536895752,0.6271240711212158,-11.716371536254883
2026-08-04T04:56:49.276000-04:00,12.336129188537598,0.6326190233230591,-11.703510284423828
2026-08-04T04:56:49.280000-04:00,12.356706619262695,0.6471163034439087,-11.709589958190918
2026-08-04T04:56:49.284000-04:00,12.357874870300293,0.6413875222206116,-11.716486930847168
2026-08-04T04:56:49.288000-04:00,12.362668991088867,0.649922251701355,-11.712746620178223
2026-08-04T04:56:49.292000-04:00,12.359278678894043,0.658807635307312,-11.700470924377441
2026-08-04T04:56:49.296000-04:00,12.355186462402344,0.6556509733200073,-11.699535369873047
2026-08-04T04:56:49.300000-04:00,12.356122016906738,0.6553002595901489,-11.700821876525879
2026-08-04T04:56:49.304000-04:00,12.36453914642334,0.6630165576934814,-11.701522827148438
2026-08-04T04:56:49.308000-04:00,12.365708351135254,0.6651209592819214,-11.700587272644043
2026-08-04T04:56:49.312000-04:00,12.354718208312988,0.6540141701698303,-11.700703620910645
2026-08-04T04:56:49.316000-04:00,12.348639488220215,0.6478177905082703,-11.700821876525879
2026-08-04T04:56:49.320000-04:00,12.354368209838867,0.6557679176330566,-11.698600769042969
2026-08-04T04:56:49.324000-04:00,12.359395027160645,0.6510913372039795,-11.708303451538086
2026-08-04T04:56:49.328000-04:00,12.363369941711426,0.6444272994995117,-11.718942642211914
2026-08-04T04:56:49.332000-04:00,12.348755836486816,0.6452456712722778,-11.703510284423828
2026-08-04T04:56:49.336000-04:00,12.350626945495605,0.635308027267456,-11.71531867980957
2026-08-04T04:56:49.340000-04:00,12.355302810668945,0.6382308602333069,-11.717071533203125
2026-08-04T04:56:49.344000-04:00,12.359044075012207,0.6411536931991577,-11.717890739440918
2026-08-04T04:56:49.348000-04:00,12.35354995727539,0.642907440662384,-11.71064281463623
2026-08-04T04:56:49.352000-04:00,12.351445198059082,0.6367110013961792,-11.714734077453613
2026-08-04T04:56:49.356000-04:00,12.35214614868164,0.6390492916107178,-11.713096618652344
2026-08-04T04:56:49.360000-04:00,12.349457740783691,0.619875431060791,-11.729581832885742
2026-08-04T04:56:49.364000-04:00,12.356589317321777,0.6249027252197266,-11.73168659210205
2026-08-04T04:56:49.368000-04:00,12.357173919677734,0.6226813793182373,-11.734492301940918
2026-08-04T04:56:49.372000-04:00,12.34992504119873,0.6273579001426697,-11.722567558288574
2026-08-04T04:56:49.376000-04:00,12.342442512512207,0.6189401149749756,-11.723502159118652
2026-08-04T04:56:49.380000-04:00,12.347586631774902,0.6143805384635925,-11.733205795288086
2026-08-04T04:56:49.384000-04:00,12.344780921936035,0.6112238764762878,-11.733556747436523
2026-08-04T04:56:49.388000-04:00,12.345248222351074,0.6029229760169983,-11.742324829101562
2026-08-04T04:56:49.392000-04:00,12.336480140686035,0.6119253039360046,-11.724555015563965
2026-08-04T04:56:49.396000-04:00,12.336480140686035,0.6056119799613953,-11.730868339538574
2026-08-04T04:56:49.400000-04:00,12.329933166503906,0.5899456143379211,-11.73998737335205
2026-08-04T04:56:49.404000-04:00,12.34571647644043,0.5909978151321411,-11.754718780517578
2026-08-04T04:56:49.408000-04:00,12.334726333618164,0.5818785429000854,-11.752847671508789
2026-08-04T04:56:49.412000-04:00,12.332972526550293,0.5816447138786316,-11.751327514648438
2026-08-04T04:56:49.416000-04:00,12.328062057495117,0.5894779562950134,-11.738584518432617
2026-08-04T04:56:49.420000-04:00,12.336947441101074,0.5853859782218933,-11.751561164855957
2026-08-04T04:56:49.424000-04:00,12.342442512512207,0.5836322903633118,-11.758810043334961
2026-08-04T04:56:49.428000-04:00,12.33133602142334,0.5811770558357239,-11.75015926361084
2026-08-04T04:56:49.432000-04:00,12.328062057495117,0.582580029964447,-11.745482444763184
2026-08-04T04:56:49.436000-04:00,12.31941032409668,0.5733438730239868,-11.746066093444824
2026-08-04T04:56:49.440000-04:00,12.338116645812988,0.5880749821662903,-11.750041961669922
2026-08-04T04:56:49.444000-04:00,12.337882995605469,0.5884256958961487,-11.749457359313965
2026-08-04T04:56:49.448000-04:00,12.339285850524902,0.5838660597801208,-11.755419731140137
2026-08-04T04:56:49.452000-04:00,12.328530311584473,0.5850352048873901,-11.743494987487793
2026-08-04T04:56:49.456000-04:00,12.324905395507812,0.5804755687713623,-11.744429588317871
2026-08-04T04:56:49.460000-04:00,12.330166816711426,0.5829308032989502,-11.747236251831055
2026-08-04T04:56:49.464000-04:00,12.33718204498291,0.5811770558357239,-11.75600528717041
2026-08-04T04:56:49.468000-04:00,12.330049514770508,0.5848013758659363,-11.745247840881348
2026-08-04T04:56:49.472000-04:00,12.324438095092773,0.5736945867538452,-11.750743865966797
2026-08-04T04:56:49.476000-04:00,12.329933166503906,0.5752145051956177,-11.754718780517578
2026-08-04T04:56:49.480000-04:00,12.330751419067383,0.5710055828094482,-11.759745597839355
2026-08-04T04:56:49.484000-04:00,12.325840950012207,0.569836437702179,-11.756004333496094
2026-08-04T04:56:49.488000-04:00,12.331686973571777,0.5734607577323914,-11.75822639465332
2026-08-04T04:56:49.492000-04:00,12.316370964050293,0.5743960738182068,-11.741974830627441
2026-08-04T04:56:49.496000-04:00,12.322216987609863,0.5683165788650513,-11.753900527954102
2026-08-04T04:56:49.500000-04:00,12.328413009643555,0.5803586840629578,-11.748054504394531
2026-08-04T04:56:49.504000-04:00,12.330049514770508,0.5658614039421082,-11.764187812805176
2026-08-04T04:56:49.508000-04:00,12.328413009643555,0.5620032548904419,-11.766409873962402
2026-08-04T04:56:49.512000-04:00,12.320579528808594,0.5618863701820374,-11.758692741394043
2026-08-04T04:56:49.516000-04:00,12.32502269744873,0.5639907717704773,-11.761032104492188
2026-08-04T04:56:49.520000-04:00,12.326892852783203,0.5597819089889526,-11.767110824584961
2026-08-04T04:56:49.524000-04:00,12.32911491394043,0.5581451058387756,-11.77096939086914
2026-08-04T04:56:49.528000-04:00,12.317540168762207,0.5482074618339539,-11.769332885742188
2026-08-04T04:56:49.532000-04:00,12.320696830749512,0.5548715591430664,-11.765825271606445
2026-08-04T04:56:49.536000-04:00,12.330517768859863,0.5691350102424622,-11.761383056640625
2026-08-04T04:56:49.540000-04:00,12.349224090576172,0.6086517572402954,-11.740571975708008
2026-08-04T04:56:49.544000-04:00,12.359044075012207,0.6358926296234131,-11.723151206970215
2026-08-04T04:56:49.548000-04:00,12.342676162719727,0.6361264586448669,-11.706549644470215
2026-08-04T04:56:49.552000-04:00,12.333908081054688,0.6413875222206116,-11.692520141601562
2026-08-04T04:56:49.556000-04:00,12.3308687210083,0.6295792460441589,-11.701289176940918
2026-08-04T04:56:49.560000-04:00,12.351561546325684,0.6596260666847229,-11.691935539245605
2026-08-04T04:56:49.564000-04:00,12.356822967529297,0.7026501893997192,-11.654172897338867
2026-08-04T04:56:49.568000-04:00,12.343962669372559,0.7510524392127991,-11.592909812927246
2026-08-04T04:56:49.572000-04:00,12.320579528808594,0.7288388609886169,-11.591740608215332
2026-08-04T04:56:49.576000-04:00,12.309473037719727,0.7025333046913147,-11.606939315795898
2026-08-04T04:56:49.580000-04:00,12.324438095092773,0.7282542586326599,-11.596183776855469
2026-08-04T04:56:49.584000-04:00,12.321398735046387,0.7259160280227661,-11.59548282623291
2026-08-04T04:56:49.588000-04:00,12.336713790893555,0.7242792248725891,-11.612434387207031
2026-08-04T04:56:49.592000-04:00,12.346652030944824,0.70042884349823,-11.646223068237305
2026-08-04T04:56:49.596000-04:00,12.344429969787598,0.6803197264671326,-11.66411018371582
2026-08-04T04:56:49.600000-04:00,12.342442512512207,0.6506236791610718,-11.691819190979004
2026-08-04T04:56:49.604000-04:00,12.346417427062988,0.6346065402030945,-11.711811065673828
2026-08-04T04:56:49.608000-04:00,12.340806007385254,0.6246688961982727,-11.716136932373047
2026-08-04T04:56:49.612000-04:00,12.322917938232422,0.605027437210083,-11.717890739440918
2026-08-04T04:56:49.616000-04:00,12.31917667388916,0.5819954872131348,-11.737180709838867
2026-08-04T04:56:49.620000-04:00,12.315435409545898,0.5532347559928894,-11.762200355529785
2026-08-04T04:56:49.624000-04:00,12.305030822753906,0.5505457520484924,-11.754485130310059
2026-08-04T04:56:49.628000-04:00,12.303043365478516,0.543647825717926,-11.759395599365234
2026-08-04T04:56:49.632000-04:00,12.291117668151855,0.5356976985931396,-11.755419731140137
2026-08-04T04:56:49.636000-04:00,12.294976234436035,0.5242401957511902,-11.770735740661621
2026-08-04T04:56:49.640000-04:00,12.303627014160156,0.5231879949569702,-11.780439376831055
2026-08-04T04:56:49.644000-04:00,12.310291290283203,0.5305535197257996,-11.77973747253418
2026-08-04T04:56:49.648000-04:00,12.302458763122559,0.5256431698799133,-11.776815414428711
2026-08-04T04:56:49.652000-04:00,12.297664642333984,0.5285660028457642,-11.769098281860352
2026-08-04T04:56:49.656000-04:00,12.291000366210938,0.5188621878623962,-11.772138595581055
2026-08-04T04:56:49.660000-04:00,12.289948463439941,0.5147702097892761,-11.775177955627441
2026-08-04T04:56:49.664000-04:00,12.297898292541504,0.5157055258750916,-11.782193183898926
2026-08-04T04:56:49.668000-04:00,12.301874160766602,0.5153547525405884,-11.786519050598145
2026-08-04T04:56:49.672000-04:00,12.279777526855469,0.5031957626342773,-11.776581764221191
2026-08-04T04:56:49.676000-04:00,12.274867057800293,0.5137180089950562,-11.761149406433105
2026-08-04T04:56:49.680000-04:00,12.260602951049805,0.5388543605804443,-11.721748352050781
2026-08-04T04:56:49.684000-04:00,12.239792823791504,0.5635231137275696,-11.67626953125
2026-08-04T04:56:49.688000-04:00,12.262123107910156,0.5748637318611145,-11.687259674072266
2026-08-04T04:56:49.692000-04:00,12.298600196838379,0.5700702667236328,-11.728529930114746
2026-08-04T04:56:49.696000-04:00,12.42018985748291,0.6741233468055725,-11.746066093444824
2026-08-04T04:56:49.700000-04:00,12.534882545471191,0.8335933685302734,-11.701289176940918
2026-08-04T04:56:49.704000-04:00,12.622099876403809,1.2704991102218628,-11.351600646972656
2026-08-04T04:56:49.708000-04:00,12.545872688293457,1.9861267805099487,-10.559745788574219
2026-08-04T04:56:49.712000-04:00,12.48987102508545,2.5053396224975586,-9.98453140258789
2026-08-04T04:56:49.716000-04:00,12.411304473876953,2.9527676105499268,-9.458537101745605
2026-08-04T04:56:49.720000-04:00,12.391546249389648,2.958028793334961,-9.433517456054688
2026-08-04T04:56:49.724000-04:00,12.328296661376953,2.7003514766693115,-9.627944946289062
2026-08-04T04:56:49.728000-04:00,12.321398735046387,2.2146925926208496,-10.106706619262695
2026-08-04T04:56:49.732000-04:00,12.316137313842773,1.5977400541305542,-10.71839714050293
2026-08-04T04:56:49.736000-04:00,12.323619842529297,1.1673814058303833,-11.156238555908203
2026-08-04T04:56:49.740000-04:00,12.386285781860352,0.9208108186721802,-11.465475082397461
2026-08-04T04:56:49.744000-04:00,12.424515724182129,0.8685504794120789,-11.555965423583984
2026-08-04T04:56:49.748000-04:00,12.382660865783691,0.8144195675849915,-11.568241119384766
2026-08-04T04:56:49.752000-04:00,12.365592002868652,0.716913640499115,-11.64867877960205
2026-08-04T04:56:49.756000-04:00,12.361382484436035,0.7015979886054993,-11.659784317016602
2026-08-04T04:56:49.760000-04:00,12.37038516998291,0.6876853108406067,-11.682700157165527
2026-08-04T04:56:49.764000-04:00,12.377049446105957,0.6701482534408569,-11.706901550292969
2026-08-04T04:56:49.768000-04:00,12.363604545593262,0.6443103551864624,-11.719294548034668
2026-08-04T04:56:49.772000-04:00,12.368865013122559,0.645011842250824,-11.72385311126709
2026-08-04T04:56:49.776000-04:00,12.365241050720215,0.6479346752166748,-11.717306137084961
2026-08-04T04:56:49.780000-04:00,12.368046760559082,0.6627827286720276,-11.7052640914917
2026-08-04T04:56:49.784000-04:00,12.374593734741211,0.6627827286720276,-11.711811065673828
2026-08-04T04:56:49.788000-04:00,12.364188194274902,0.6409198641777039,-11.723268508911133
2026-08-04T04:56:49.792000-04:00,12.357524871826172,0.6296961903572083,-11.727828979492188
2026-08-04T04:56:49.796000-04:00,12.362668991088867,0.6348403692245483,-11.727828979492188
2026-08-04T04:56:49.800000-04:00,12.375178337097168,0.6408029794692993,-11.734375
2026-08-04T04:56:49.804000-04:00,12.396223068237305,0.6557679176330566,-11.740455627441406
2026-08-04T04:56:49.808000-04:00,12.393417358398438,0.6699144244194031,-11.723503112792969
2026-08-04T04:56:49.812000-04:00,12.387688636779785,0.6756432056427002,-11.712045669555664
2026-08-04T04:56:49.816000-04:00,12.386869430541992,0.6867499947547913,-11.700119018554688
2026-08-04T04:56:49.820000-04:00,12.400431632995605,0.7087297439575195,-11.691701889038086
2026-08-04T04:56:49.824000-04:00,12.408616065979004,0.7097819447517395,-11.698834419250488
2026-08-04T04:56:49.828000-04:00,12.40113353729248,0.7084959149360657,-11.69263744354248
2026-08-04T04:56:49.832000-04:00,12.395989418029785,0.7095481157302856,-11.686441421508789
2026-08-04T04:56:49.836000-04:00,12.411070823669434,0.7319955229759216,-11.679075241088867
2026-08-04T04:56:49.840000-04:00,12.419488906860352,0.7460251450538635,-11.673463821411133
2026-08-04T04:56:49.844000-04:00,12.427087783813477,0.7573657631874084,-11.669721603393555
2026-08-04T04:56:49.848000-04:00,12.425100326538086,0.7683556079864502,-11.656744956970215
2026-08-04T04:56:49.852000-04:00,12.431998252868652,0.7902184128761292,-11.641779899597168
2026-08-04T04:56:49.856000-04:00,12.435038566589355,0.7973501682281494,-11.637688636779785
2026-08-04T04:56:49.860000-04:00,12.452224731445312,0.8146533370018005,-11.637571334838867
2026-08-04T04:56:49.864000-04:00,12.47549057006836,0.8237726092338562,-11.651718139648438
2026-08-04T04:56:49.868000-04:00,12.47361946105957,0.8392052054405212,-11.634414672851562
2026-08-04T04:56:49.872000-04:00,12.491040229797363,0.8741623163223267,-11.616877555847168
2026-08-04T04:56:49.876000-04:00,12.490922927856445,0.8712394833564758,-11.619683265686035
2026-08-04T04:56:49.880000-04:00,12.517111778259277,0.9232659935951233,-11.59384536743164
2026-08-04T04:56:49.884000-04:00,12.539091110229492,0.9503899812698364,-11.588701248168945
2026-08-04T04:56:49.888000-04:00,12.557212829589844,0.992946445941925,-11.564266204833984
2026-08-04T04:56:49.892000-04:00,12.556861877441406,1.0146924257278442,-11.542169570922852
2026-08-04T04:56:49.896000-04:00,12.590766906738281,1.0443884134292603,-11.546378135681152
2026-08-04T04:56:49.900000-04:00,12.604211807250977,1.0593533515930176,-11.544858932495117
2026-08-04T04:56:49.904000-04:00,12.633557319641113,1.097116470336914,-11.5364408493042
2026-08-04T04:56:49.908000-04:00,12.635428428649902,1.1238895654678345,-11.5115385055542
2026-08-04T04:56:49.912000-04:00,12.635544776916504,1.1510134935379028,-11.48453140258789
2026-08-04T04:56:49.916000-04:00,12.655069351196289,1.1601327657699585,-11.4949369430542
2026-08-04T04:56:49.920000-04:00,12.663603782653809,1.175916075706482,-11.487688064575195
2026-08-04T04:56:49.924000-04:00,12.677984237670898,1.1823463439941406,-11.495637893676758
2026-08-04T04:56:49.928000-04:00,12.675529479980469,1.1867890357971191,-11.488740921020508
2026-08-04T04:56:49.932000-04:00,12.65927791595459,1.195206880569458,-11.464071273803711
2026-08-04T04:56:49.936000-04:00,12.65658950805664,1.1798912286758423,-11.47669792175293
2026-08-04T04:56:49.940000-04:00,12.652848243713379,1.1725256443023682,-11.48032283782959
2026-08-04T04:56:49.944000-04:00,12.645014762878418,1.1320735216140747,-11.512941360473633
2026-08-04T04:56:49.948000-04:00,12.623970031738281,1.12061607837677,-11.5033540725708
2026-08-04T04:56:49.952000-04:00,12.584219932556152,1.0877633094787598,-11.496456146240234
2026-08-04T04:56:49.956000-04:00,12.57042407989502,1.0509356260299683,-11.519488334655762
2026-08-04T04:56:49.960000-04:00,12.543534278869629,0.9876853823661804,-11.555849075317383
2026-08-04T04:56:49.964000-04:00,12.525646209716797,0.9452457427978516,-11.580400466918945
2026-08-04T04:56:49.968000-04:00,12.500743865966797,0.9070150256156921,-11.593729019165039
2026-08-04T04:56:49.972000-04:00,12.460525512695312,0.8508965373039246,-11.609628677368164
2026-08-04T04:56:49.976000-04:00,12.451756477355957,0.8093922734260559,-11.642364501953125
2026-08-04T04:56:49.980000-04:00,12.433167457580566,0.7587686777114868,-11.674398422241211
2026-08-04T04:56:49.984000-04:00,12.421125411987305,0.7190181016921997,-11.702107429504395
2026-08-04T04:56:49.988000-04:00,12.390961647033691,0.6831256747245789,-11.707836151123047
2026-08-04T04:56:49.992000-04:00,12.371437072753906,0.6606782674789429,-11.710759162902832
2026-08-04T04:56:49.996000-04:00,12.369566917419434,0.6347234845161438,-11.734843254089355
2026-08-04T04:56:50-04:00,12.356706619262695,0.6189401149749756,-11.73776626586914
2026-08-04T04:56:50.004000-04:00,12.341507911682129,0.5863212943077087,-11.755187034606934
2026-08-04T04:56:50.008000-04:00,12.323151588439941,0.5638738870620728,-11.75927734375
2026-08-04T04:56:50.012000-04:00,12.322684288024902,0.5570929050445557,-11.765591621398926
2026-08-04T04:56:50.016000-04:00,12.314617156982422,0.5354638695716858,-11.779152870178223
2026-08-04T04:56:50.020000-04:00,12.320579528808594,0.5413095951080322,-11.77927017211914
2026-08-04T04:56:50.024000-04:00,12.318475723266602,0.5462199449539185,-11.772255897521973
2026-08-04T04:56:50.028000-04:00,12.304211616516113,0.532541036605835,-11.7716703414917
2026-08-04T04:56:50.032000-04:00,12.307368278503418,0.5145363807678223,-11.792831420898438
2026-08-04T04:56:50.036000-04:00,12.30620002746582,0.5121980905532837,-11.794001579284668
2026-08-04T04:56:50.040000-04:00,12.309706687927246,0.5116135478019714,-11.79809284210205
2026-08-04T04:56:50.044000-04:00,12.309823989868164,0.5335932970046997,-11.776230812072754
2026-08-04T04:56:50.048000-04:00,12.310759544372559,0.5300858616828918,-11.78067398071289
2026-08-04T04:56:50.052000-04:00,12.30012035369873,0.5185114145278931,-11.781608581542969
2026-08-04T04:56:50.056000-04:00,12.299302101135254,0.5113797187805176,-11.787921905517578
2026-08-04T04:56:50.060000-04:00,12.305380821228027,0.5119642615318298,-11.793416976928711
2026-08-04T04:56:50.064000-04:00,12.304679870605469,0.5131334066390991,-11.791546821594238
2026-08-04T04:56:50.068000-04:00,12.28983211517334,0.49723318219184875,-11.792598724365234
2026-08-04T04:56:50.072000-04:00,12.284337043762207,0.512315034866333,-11.772022247314453
2026-08-04T04:56:50.076000-04:00,12.29041576385498,0.5093922019004822,-11.781023979187012
2026-08-04T04:56:50.080000-04:00,12.300704956054688,0.5175760984420776,-11.78312873840332
2026-08-04T04:56:50.084000-04:00,12.307018280029297,0.5183945298194885,-11.788623809814453
2026-08-04T04:56:50.088000-04:00,12.309239387512207,0.5450507998466492,-11.764188766479492
2026-08-04T04:56:50.092000-04:00,12.29813289642334,0.5220188498497009,-11.776114463806152
2026-08-04T04:56:50.096000-04:00,12.302107810974121,0.5258769989013672,-11.776230812072754
2026-08-04T04:56:50.100000-04:00,12.310408592224121,0.5340609550476074,-11.776348114013672
2026-08-04T04:56:50.104000-04:00,12.315786361694336,0.5348793268203735,-11.780906677246094
2026-08-04T04:56:50.108000-04:00,12.311344146728516,0.5491427779197693,-11.762201309204102
2026-08-04T04:56:50.112000-04:00,12.316488265991211,0.5497273206710815,-11.76676082611084
2026-08-04T04:56:50.116000-04:00,12.312629699707031,0.5643415451049805,-11.74828815460205
2026-08-04T04:56:50.120000-04:00,12.318826675415039,0.5580282211303711,-11.760798454284668
2026-08-04T04:56:50.124000-04:00,12.328763961791992,0.5802417993545532,-11.74852180480957
2026-08-04T04:56:50.128000-04:00,12.335310935974121,0.5835153460502625,-11.751795768737793
2026-08-04T04:56:50.132000-04:00,12.31894302368164,0.5772020220756531,-11.741741180419922
2026-08-04T04:56:50.136000-04:00,12.321983337402344,0.5843337178230286,-11.737649917602539
2026-08-04T04:56:50.140000-04:00,12.326191902160645,0.5755652189254761,-11.750626564025879
2026-08-04T04:56:50.144000-04:00,12.335895538330078,0.5899456143379211,-11.745949745178223
2026-08-04T04:56:50.148000-04:00,12.33554458618164,0.5935699343681335,-11.741974830627441
2026-08-04T04:56:50.152000-04:00,12.315435409545898,0.5828138589859009,-11.732621192932129
2026-08-04T04:56:50.156000-04:00,12.323736190795898,0.5857366919517517,-11.73799991607666
2026-08-04T04:56:50.160000-04:00,12.336246490478516,0.5816447138786316,-11.75460147857666
2026-08-04T04:56:50.164000-04:00,12.337882995605469,0.5936868190765381,-11.744195938110352
2026-08-04T04:56:50.168000-04:00,12.327010154724121,0.586905837059021,-11.740104675292969
2026-08-04T04:56:50.172000-04:00,12.327712059020996,0.5739284157752991,-11.753783226013184
2026-08-04T04:56:50.176000-04:00,12.324320793151855,0.5938037633895874,-11.730517387390137
2026-08-04T04:56:50.180000-04:00,12.334259033203125,0.5767343640327454,-11.757524490356445
2026-08-04T04:56:50.184000-04:00,12.325840950012207,0.572057843208313,-11.753783226013184
2026-08-04T04:56:50.188000-04:00,12.32946491241455,0.5624709129333496,-11.76699447631836
2026-08-04T04:56:50.192000-04:00,12.321632385253906,0.5643415451049805,-11.757290840148926
2026-08-04T04:56:50.196000-04:00,12.328880310058594,0.5519487261772156,-11.776931762695312
2026-08-04T04:56:50.200000-04:00,12.323853492736816,0.5445831418037415,-11.77927017211914
2026-08-04T04:56:50.204000-04:00,12.328062057495117,0.54902583360672,-11.779036521911621
2026-08-04T04:56:50.208000-04:00,12.316137313842773,0.5396727919578552,-11.776464462280273
2026-08-04T04:56:50.212000-04:00,12.314617156982422,0.5411926507949829,-11.77342414855957
2026-08-04T04:56:50.216000-04:00,12.327361106872559,0.5332425236701965,-11.794118881225586
2026-08-04T04:56:50.220000-04:00,12.333674430847168,0.5332425236701965,-11.800432205200195
2026-08-04T04:56:50.224000-04:00,12.327594757080078,0.5227203369140625,-11.804874420166016
2026-08-04T04:56:50.228000-04:00,12.32502269744873,0.5203820466995239,-11.804640769958496
2026-08-04T04:56:50.232000-04:00,12.319527626037598,0.5273968577384949,-11.792130470275879
2026-08-04T04:56:50.236000-04:00,12.321983337402344,0.526110827922821,-11.795872688293457
2026-08-04T04:56:50.240000-04:00,12.330634117126465,0.5236556529998779,-11.806978225708008
2026-08-04T04:56:50.244000-04:00,12.33355712890625,0.510678231716156,-11.82287883758545
2026-08-04T04:56:50.248000-04:00,12.311811447143555,0.4989868700504303,-11.812824249267578
2026-08-04T04:56:50.252000-04:00,12.31064224243164,0.5034295916557312,-11.807212829589844
2026-08-04T04:56:50.256000-04:00,12.323970794677734,0.5179268717765808,-11.80604362487793
2026-08-04T04:56:50.260000-04:00,12.32303524017334,0.5137180089950562,-11.809317588806152
2026-08-04T04:56:50.264000-04:00,12.321748733520508,0.5084568858146667,-11.813291549682617
2026-08-04T04:56:50.268000-04:00,12.322450637817383,0.5058847665786743,-11.81656551361084
2026-08-04T04:56:50.272000-04:00,12.31309700012207,0.5005067586898804,-11.812590599060059
2026-08-04T04:56:50.276000-04:00,12.310291290283203,0.5035464763641357,-11.806744575500488
2026-08-04T04:56:50.280000-04:00,12.327010154724121,0.5112627744674683,-11.815747261047363
2026-08-04T04:56:50.284000-04:00,12.319644927978516,0.5104444026947021,-11.809200286865234
2026-08-04T04:56:50.288000-04:00,12.321398735046387,0.5044817924499512,-11.816917419433594
2026-08-04T04:56:50.292000-04:00,12.307368278503418,0.4981684684753418,-11.809200286865234
2026-08-04T04:56:50.296000-04:00,12.318007469177246,0.4902183711528778,-11.827789306640625
2026-08-04T04:56:50.300000-04:00,12.322450637817383,0.4912705719470978,-11.83117961883545
2026-08-04T04:56:50.304000-04:00,12.324204444885254,0.5057678818702698,-11.818436622619629
2026-08-04T04:56:50.308000-04:00,12.322566986083984,0.5014420747756958,-11.821125030517578
2026-08-04T04:56:50.312000-04:00,12.307719230651855,0.4912705719470978,-11.816448211669922
2026-08-04T04:56:50.316000-04:00,12.315201759338379,0.49512872099876404,-11.820073127746582
2026-08-04T04:56:50.320000-04:00,12.329815864562988,0.4905691146850586,-11.83924674987793
2026-08-04T04:56:50.324000-04:00,12.325840950012207,0.4979346692562103,-11.827906608581543
2026-08-04T04:56:50.328000-04:00,12.315319061279297,0.47992998361587524,-11.835389137268066
2026-08-04T04:56:50.332000-04:00,12.303159713745117,0.47829318046569824,-11.82486629486084
2026-08-04T04:56:50.336000-04:00,12.308537483215332,0.48144984245300293,-11.82708740234375
2026-08-04T04:56:50.340000-04:00,12.31286334991455,0.4809821844100952,-11.831881523132324
2026-08-04T04:56:50.344000-04:00,12.318709373474121,0.4864771366119385,-11.832232475280762
2026-08-04T04:56:50.348000-04:00,12.313447952270508,0.48963379859924316,-11.823814392089844
2026-08-04T04:56:50.352000-04:00,12.298482894897461,0.48144984245300293,-11.817032814025879
2026-08-04T04:56:50.356000-04:00,12.307018280029297,0.48951688408851624,-11.817501068115234
2026-08-04T04:56:50.360000-04:00,12.31110954284668,0.4849572479724884,-11.826151847839355
2026-08-04T04:56:50.364000-04:00,12.310759544372559,0.48425576090812683,-11.82650375366211
2026-08-04T04:56:50.368000-04:00,12.303393363952637,0.48109909892082214,-11.822294235229492
2026-08-04T04:56:50.372000-04:00,12.300003051757812,0.4801638126373291,-11.819839477539062
2026-08-04T04:56:50.376000-04:00,12.308187484741211,0.4865940511226654,-11.821593284606934
2026-08-04T04:56:50.380000-04:00,12.318358421325684,0.4874124526977539,-11.83094596862793
2026-08-04T04:56:50.384000-04:00,12.325723648071289,0.49524563550949097,-11.830477714538574
2026-08-04T04:56:50.388000-04:00,12.309005737304688,0.4857756495475769,-11.823229789733887
2026-08-04T04:56:50.392000-04:00,12.300470352172852,0.4826189875602722,-11.817851066589355
2026-08-04T04:56:50.396000-04:00,12.30865478515625,0.4798130691051483,-11.828842163085938
2026-08-04T04:56:50.400000-04:00,12.327712059020996,0.48554182052612305,-11.842170715332031
2026-08-04T04:56:50.404000-04:00,12.323736190795898,0.48869848251342773,-11.835037231445312
2026-08-04T04:56:50.408000-04:00,12.312162399291992,0.4912705719470978,-11.820891380310059
2026-08-04T04:56:50.412000-04:00,12.30257511138916,0.48881539702415466,-11.813759803771973
2026-08-04T04:56:50.416000-04:00,12.325840950012207,0.5069369673728943,-11.818903923034668
2026-08-04T04:56:50.420000-04:00,12.32116413116455,0.48799699544906616,-11.83316707611084
2026-08-04T04:56:50.424000-04:00,12.340806007385254,0.5498442649841309,-11.790962219238281
2026-08-04T04:56:50.428000-04:00,12.336246490478516,0.5404911637306213,-11.795755386352539
2026-08-04T04:56:50.432000-04:00,12.312629699707031,0.5556899309158325,-11.756939888000488
2026-08-04T04:56:50.436000-04:00,12.32911491394043,0.5807093977928162,-11.748405456542969
2026-08-04T04:56:50.440000-04:00,12.329231262207031,0.586905837059021,-11.742325782775879
2026-08-04T04:56:50.444000-04:00,12.367228507995605,0.6610289812088013,-11.706199645996094
2026-08-04T04:56:50.448000-04:00,12.335895538330078,0.6510913372039795,-11.68480396270752
2026-08-04T04:56:50.452000-04:00,12.289481163024902,0.6665239334106445,-11.622957229614258
2026-08-04T04:56:50.456000-04:00,12.294157028198242,0.6501560211181641,-11.644001007080078
2026-08-04T04:56:50.460000-04:00,12.327828407287598,0.6667577624320984,-11.661070823669434
2026-08-04T04:56:50.464000-04:00,12.341039657592773,0.6692129373550415,-11.671826362609863
2026-08-04T04:56:50.468000-04:00,12.338467597961426,0.6710835695266724,-11.667384147644043
2026-08-04T04:56:50.472000-04:00,12.341039657592773,0.6408029794692993,-11.700236320495605
2026-08-04T04:56:50.476000-04:00,12.349808692932129,0.6307483911514282,-11.719059944152832
2026-08-04T04:56:50.480000-04:00,12.352965354919434,0.5860874652862549,-11.766878128051758
2026-08-04T04:56:50.484000-04:00,12.34162425994873,0.5673812627792358,-11.774243354797363
2026-08-04T04:56:50.488000-04:00,12.3308687210083,0.5899456143379211,-11.740922927856445
2026-08-04T04:56:50.492000-04:00,12.304679870605469,0.5540531277656555,-11.750626564025879
2026-08-04T04:56:50.496000-04:00,12.302926063537598,0.5338271260261536,-11.769099235534668
2026-08-04T04:56:50.500000-04:00,12.294625282287598,0.5038972496986389,-11.790727615356445
2026-08-04T04:56:50.504000-04:00,12.29450798034668,0.5208497047424316,-11.773658752441406
2026-08-04T04:56:50.508000-04:00,12.272411346435547,0.500389814376831,-11.772021293640137
2026-08-04T04:56:50.512000-04:00,12.271242141723633,0.49407652020454407,-11.777165412902832
2026-08-04T04:56:50.516000-04:00,12.281998634338379,0.49524563550949097,-11.786752700805664
2026-08-04T04:56:50.520000-04:00,12.295910835266113,0.49080294370651245,-11.805108070373535
2026-08-04T04:56:50.524000-04:00,12.300470352172852,0.4973500967025757,-11.803120613098145
2026-08-04T04:56:50.528000-04:00,12.29404067993164,0.4788777530193329,-11.815162658691406
2026-08-04T04:56:50.532000-04:00,12.276386260986328,0.4676540493965149,-11.808732032775879
2026-08-04T04:56:50.536000-04:00,12.287493705749512,0.4781762659549713,-11.809317588806152
2026-08-04T04:56:50.540000-04:00,12.292520523071289,0.4653157889842987,-11.827204704284668
2026-08-04T04:56:50.544000-04:00,12.285856246948242,0.4729151725769043,-11.81294059753418
2026-08-04T04:56:50.548000-04:00,12.277205467224121,0.47069379687309265,-11.806511878967285
2026-08-04T04:56:50.552000-04:00,12.273697853088379,0.47957924008369446,-11.794118881225586
2026-08-04T04:56:50.556000-04:00,12.275217056274414,0.47197985649108887,-11.803236961364746
2026-08-04T04:56:50.560000-04:00,12.26305866241455,0.4993376135826111,-11.763721466064453
2026-08-04T04:56:50.564000-04:00,12.242715835571289,0.506352424621582,-11.736363410949707
2026-08-04T04:56:50.568000-04:00,12.228919982910156,0.5407249927520752,-11.68819522857666
2026-08-04T04:56:50.572000-04:00,12.29404067993164,0.5372176170349121,-11.75682258605957
2026-08-04T04:56:50.576000-04:00,12.357992172241211,0.5734607577323914,-11.784531593322754
2026-08-04T04:56:50.580000-04:00,12.52307415008545,0.8043649792671204,-11.718708992004395
2026-08-04T04:56:50.584000-04:00,12.626893043518066,1.0446223020553589,-11.582270622253418
2026-08-04T04:56:50.588000-04:00,12.540962219238281,1.6657837629318237,-10.875178337097168
2026-08-04T04:56:50.592000-04:00,12.502964973449707,2.208028554916382,-10.294936180114746
2026-08-04T04:56:50.596000-04:00,12.419839859008789,2.8342173099517822,-9.585622787475586
2026-08-04T04:56:50.600000-04:00,12.384181022644043,2.920032024383545,-9.464149475097656
2026-08-04T04:56:50.604000-04:00,12.339519500732422,2.8435704708099365,-9.495948791503906
2026-08-04T04:56:50.608000-04:00,12.299418449401855,2.21445894241333,-10.084959030151367
2026-08-04T04:56:50.612000-04:00,12.266331672668457,1.769953727722168,-10.496377944946289
2026-08-04T04:56:50.616000-04:00,12.282232284545898,1.1753315925598145,-11.106901168823242
2026-08-04T04:56:50.620000-04:00,12.32911491394043,0.9265395998954773,-11.402575492858887
2026-08-04T04:56:50.624000-04:00,12.408616065979004,0.8576775193214417,-11.550938606262207
2026-08-04T04:56:50.628000-04:00,12.411421775817871,0.8081061840057373,-11.603315353393555
2026-08-04T04:56:50.632000-04:00,12.336012840270996,0.7225255370140076,-11.613487243652344
2026-08-04T04:56:50.636000-04:00,12.355887413024902,0.6924787163734436,-11.663408279418945
2026-08-04T04:56:50.640000-04:00,12.359512329101562,0.6764615774154663,-11.683051109313965
2026-08-04T04:56:50.644000-04:00,12.360213279724121,0.6281763315200806,-11.732036590576172
2026-08-04T04:56:50.648000-04:00,12.34770393371582,0.6254873275756836,-11.722216606140137
2026-08-04T04:56:50.652000-04:00,12.341390609741211,0.6189401149749756,-11.722450256347656
2026-08-04T04:56:50.656000-04:00,12.346885681152344,0.6139128804206848,-11.732973098754883
2026-08-04T04:56:50.660000-04:00,12.357524871826172,0.6106392741203308,-11.746885299682617
2026-08-04T04:56:50.664000-04:00,12.361733436584473,0.6169525980949402,-11.744780540466309
2026-08-04T04:56:50.668000-04:00,12.36009693145752,0.6249027252197266,-11.735194206237793
2026-08-04T04:56:50.672000-04:00,12.354835510253906,0.633671224117279,-11.72116470336914
2026-08-04T04:56:50.676000-04:00,12.355069160461426,0.6339050531387329,-11.721163749694824
2026-08-04T04:56:50.680000-04:00,12.372489929199219,0.6348403692245483,-11.737649917602539
2026-08-04T04:56:50.684000-04:00,12.37915325164795,0.6478177905082703,-11.731335639953613
2026-08-04T04:56:50.688000-04:00,12.374009132385254,0.6397507190704346,-11.734258651733398
2026-08-04T04:56:50.692000-04:00,12.374242782592773,0.6521435976028442,-11.722099304199219
2026-08-04T04:56:50.696000-04:00,12.377049446105957,0.6650040745735168,-11.712045669555664
2026-08-04T04:56:50.700000-04:00,12.389325141906738,0.6624319553375244,-11.726893424987793
2026-08-04T04:56:50.704000-04:00,12.40113353729248,0.6697975397109985,-11.731335639953613
2026-08-04T04:56:50.708000-04:00,12.392949104309082,0.6867499947547913,-11.706198692321777
2026-08-04T04:56:50.712000-04:00,12.390143394470215,0.7054561376571655,-11.684687614440918
2026-08-04T04:56:50.716000-04:00,12.394118309020996,0.7041701078414917,-11.689948081970215
2026-08-04T04:56:50.720000-04:00,12.399028778076172,0.7125878930091858,-11.686440467834473
2026-08-04T04:56:50.724000-04:00,12.414344787597656,0.73234623670578,-11.681998252868652
2026-08-04T04:56:50.728000-04:00,12.412824630737305,0.7559627890586853,-11.656862258911133
2026-08-04T04:56:50.732000-04:00,12.414111137390137,0.7648482322692871,-11.649263381958008
2026-08-04T04:56:50.736000-04:00,12.42159366607666,0.7892831563949585,-11.63231086730957
2026-08-04T04:56:50.740000-04:00,12.435388565063477,0.7929074764251709,-11.642480850219727
2026-08-04T04:56:50.744000-04:00,12.445443153381348,0.81886225938797,-11.626581192016602
2026-08-04T04:56:50.748000-04:00,12.451522827148438,0.833710253238678,-11.617812156677246
2026-08-04T04:56:50.752000-04:00,12.45923900604248,0.859431266784668,-11.599807739257812
2026-08-04T04:56:50.756000-04:00,12.466020584106445,0.8850352764129639,-11.580985069274902
2026-08-04T04:56:50.760000-04:00,12.49209213256836,0.9030399918556213,-11.589052200317383
2026-08-04T04:56:50.764000-04:00,12.5079927444458,0.9348404407501221,-11.573152542114258
2026-08-04T04:56:50.768000-04:00,12.526348114013672,0.9655886888504028,-11.560759544372559
2026-08-04T04:56:50.772000-04:00,12.543767929077148,1.0087298154830933,-11.535037994384766
2026-08-04T04:56:50.776000-04:00,12.551484107971191,1.0401794910430908,-11.51130485534668
2026-08-04T04:56:50.780000-04:00,12.569605827331543,1.051637053489685,-11.517969131469727
2026-08-04T04:56:50.784000-04:00,12.585856437683105,1.0712785720825195,-11.514577865600586
2026-08-04T04:56:50.788000-04:00,12.625256538391113,1.1272801160812378,-11.497976303100586
2026-08-04T04:56:50.792000-04:00,12.607719421386719,1.1438817977905273,-11.463837623596191
2026-08-04T04:56:50.796000-04:00,12.616838455200195,1.163055658340454,-11.45378303527832
2026-08-04T04:56:50.800000-04:00,12.641624450683594,1.1795403957366943,-11.46208381652832
2026-08-04T04:56:50.804000-04:00,12.65074348449707,1.2036246061325073,-11.447118759155273
2026-08-04T04:56:50.808000-04:00,12.653081893920898,1.2209278345108032,-11.432153701782227
2026-08-04T04:56:50.812000-04:00,12.63390827178955,1.2225645780563354,-11.411343574523926
2026-08-04T04:56:50.816000-04:00,12.612980842590332,1.2136791944503784,-11.399301528930664
2026-08-04T04:56:50.820000-04:00,12.608654975891113,1.200000286102295,-11.408655166625977
2026-08-04T04:56:50.824000-04:00,12.619176864624023,1.1887766122817993,-11.430399894714355
2026-08-04T04:56:50.828000-04:00,12.60947322845459,1.171356439590454,-11.438117027282715
2026-08-04T04:56:50.832000-04:00,12.575685501098633,1.136983871459961,-11.438701629638672
2026-08-04T04:56:50.836000-04:00,12.558148384094238,1.0758382081985474,-11.48231029510498
2026-08-04T04:56:50.840000-04:00,12.53944206237793,1.0533907413482666,-11.486051559448242
2026-08-04T04:56:50.844000-04:00,12.510096549987793,1.0052224397659302,-11.504874229431152
2026-08-04T04:56:50.848000-04:00,12.481803894042969,0.9671086072921753,-11.514695167541504
2026-08-04T04:56:50.852000-04:00,12.45280933380127,0.9164850115776062,-11.536324501037598
2026-08-04T04:56:50.856000-04:00,12.434220314025879,0.886438250541687,-11.547781944274902
2026-08-04T04:56:50.860000-04:00,12.44626235961914,0.8263447284698486,-11.619917869567871
2026-08-04T04:56:50.864000-04:00,12.412707328796387,0.7770072221755981,-11.635700225830078
2026-08-04T04:56:50.868000-04:00,12.394586563110352,0.7310602068901062,-11.66352653503418
2026-08-04T04:56:50.872000-04:00,12.360915184020996,0.7074436545372009,-11.653471946716309
2026-08-04T04:56:50.876000-04:00,12.373308181762695,0.7061576247215271,-11.667150497436523
2026-08-04T04:56:50.880000-04:00,12.367462158203125,0.6782152652740479,-11.689247131347656
2026-08-04T04:56:50.884000-04:00,12.353432655334473,0.6772800087928772,-11.676152229309082
2026-08-04T04:56:50.888000-04:00,12.31894302368164,0.6342558264732361,-11.684687614440918
2026-08-04T04:56:50.892000-04:00,12.315670013427734,0.6362433433532715,-11.679426193237305
2026-08-04T04:56:50.896000-04:00,12.320930480957031,0.633671224117279,-11.687259674072266
2026-08-04T04:56:50.900000-04:00,12.314032554626465,0.623149037361145,-11.69088363647461
2026-08-04T04:56:50.904000-04:00,12.301990509033203,0.6203430891036987,-11.681647300720215
2026-08-04T04:56:50.908000-04:00,12.300821304321289,0.5978956818580627,-11.702925682067871
2026-08-04T04:56:50.912000-04:00,12.288779258728027,0.5856198072433472,-11.70315933227539
2026-08-04T04:56:50.916000-04:00,12.284921646118164,0.5826969742774963,-11.702224731445312
2026-08-04T04:56:50.920000-04:00,12.291935920715332,0.5757990479469299,-11.716136932373047
2026-08-04T04:56:50.924000-04:00,12.293105125427246,0.57989102602005,-11.713213920593262
2026-08-04T04:56:50.928000-04:00,12.289363861083984,0.5606002807617188,-11.728763580322266
2026-08-04T04:56:50.932000-04:00,12.273346900939941,0.5672643780708313,-11.706082344055176
2026-08-04T04:56:50.936000-04:00,12.281881332397461,0.5855028629302979,-11.696378707885742
2026-08-04T04:56:50.940000-04:00,12.289363861083984,0.5853859782218933,-11.703977584838867
2026-08-04T04:56:50.944000-04:00,12.306900978088379,0.5914654731750488,-11.715435028076172
2026-08-04T04:56:50.948000-04:00,12.29427433013916,0.5957912802696228,-11.69848346710205
2026-08-04T04:56:50.952000-04:00,12.273113250732422,0.585269033908844,-11.687844276428223
2026-08-04T04:56:50.956000-04:00,12.278608322143555,0.5964927673339844,-11.68211555480957
2026-08-04T04:56:50.960000-04:00,12.291584968566895,0.585853636264801,-11.705731391906738
2026-08-04T04:56:50.964000-04:00,12.297430992126465,0.6064304113388062,-11.691000938415527
2026-08-04T04:56:50.968000-04:00,12.290533065795898,0.6099377870559692,-11.680595397949219
2026-08-04T04:56:50.972000-04:00,12.291000366210938,0.6031568050384521,-11.687843322753906
2026-08-04T04:56:50.976000-04:00,12.289012908935547,0.6139128804206848,-11.675100326538086
2026-08-04T04:56:50.980000-04:00,12.300821304321289,0.6183555722236633,-11.682465553283691
2026-08-04T04:56:50.984000-04:00,12.305264472961426,0.622096836566925,-11.683167457580566
2026-08-04T04:56:50.988000-04:00,12.301874160766602,0.6216291785240173,-11.680245399475098
2026-08-04T04:56:50.992000-04:00,12.306082725524902,0.6246688961982727,-11.681413650512695
2026-08-04T04:56:50.996000-04:00,12.305965423583984,0.6418551802635193,-11.66411018371582
2026-08-04T04:56:51-04:00,12.312980651855469,0.6462979316711426,-11.666683197021484
2026-08-04T04:56:51.004000-04:00,12.322566986083984,0.669096052646637,-11.653470993041992
2026-08-04T04:56:51.008000-04:00,12.315201759338379,0.678566038608551,-11.636635780334473
2026-08-04T04:56:51.012000-04:00,12.317773818969727,0.6694467663764954,-11.648326873779297
2026-08-04T04:56:51.016000-04:00,12.318124771118164,0.6697975397109985,-11.648326873779297
2026-08-04T04:56:51.020000-04:00,12.321515083312988,0.6874514818191528,-11.634063720703125
2026-08-04T04:56:51.024000-04:00,12.330400466918945,0.679618239402771,-11.650782585144043
2026-08-04T04:56:51.028000-04:00,12.330400466918945,0.6861653923988342,-11.644234657287598
2026-08-04T04:56:51.032000-04:00,12.320229530334473,0.6854639053344727,-11.634765625
2026-08-04T04:56:51.036000-04:00,12.315435409545898,0.674240231513977,-11.641195297241211
2026-08-04T04:56:51.040000-04:00,12.31941032409668,0.6748247742652893,-11.644585609436035
2026-08-04T04:56:51.044000-04:00,12.323970794677734,0.6776307225227356,-11.646340370178223
2026-08-04T04:56:51.048000-04:00,12.318242073059082,0.6651209592819214,-11.653120994567871
2026-08-04T04:56:51.052000-04:00,12.314850807189941,0.6625488996505737,-11.652301788330078
2026-08-04T04:56:51.056000-04:00,12.323619842529297,0.6330866813659668,-11.690532684326172
2026-08-04T04:56:51.060000-04:00,12.32724380493164,0.63963383436203,-11.687609672546387
2026-08-04T04:56:51.064000-04:00,12.335077285766602,0.6671085357666016,-11.66796875
2026-08-04T04:56:51.068000-04:00,12.317422866821289,0.6800858974456787,-11.637336730957031
2026-08-04T04:56:51.072000-04:00,12.314032554626465,0.6695637106895447,-11.644469261169434
2026-08-04T04:56:51.076000-04:00,12.314266204833984,0.6806704998016357,-11.63359546661377
2026-08-04T04:56:51.080000-04:00,12.345599174499512,0.648285448551178,-11.69731330871582
2026-08-04T04:56:51.084000-04:00,12.328296661376953,0.6542479991912842,-11.67404842376709
2026-08-04T04:56:51.088000-04:00,12.309122085571289,0.642322838306427,-11.666799545288086
2026-08-04T04:56:51.092000-04:00,12.312980651855469,0.642322838306427,-11.670658111572266
2026-08-04T04:56:51.096000-04:00,12.321748733520508,0.6392831206321716,-11.682465553283691
2026-08-04T04:56:51.100000-04:00,12.313214302062988,0.6480516195297241,-11.665163040161133
2026-08-04T04:56:51.104000-04:00,12.317891120910645,0.6597429513931274,-11.658147811889648
2026-08-04T04:56:51.108000-04:00,12.30666732788086,0.6461809873580933,-11.660486221313477
2026-08-04T04:56:51.112000-04:00,12.299769401550293,0.631800651550293,-11.66796875
2026-08-04T04:56:51.116000-04:00,12.318592071533203,0.6441934704780579,-11.674398422241211
2026-08-04T04:56:51.120000-04:00,12.316838264465332,0.6411536931991577,-11.675684928894043
2026-08-04T04:56:51.124000-04:00,12.305965423583984,0.6521435976028442,-11.65382194519043
2026-08-04T04:56:51.128000-04:00,12.308187484741211,0.6508575081825256,-11.657329559326172
2026-08-04T04:56:51.132000-04:00,12.292871475219727,0.6267733573913574,-11.666097640991211
2026-08-04T04:56:51.136000-04:00,12.292520523071289,0.6281763315200806,-11.66434383392334
2026-08-04T04:56:51.140000-04:00,12.304211616516113,0.6195247173309326,-11.684686660766602
2026-08-04T04:56:51.144000-04:00,12.312629699707031,0.6201092600822449,-11.692520141601562
2026-08-04T04:56:51.148000-04:00,12.295794486999512,0.6068980693817139,-11.688896179199219
2026-08-04T04:56:51.152000-04:00,12.29228687286377,0.6059627532958984,-11.686324119567871
2026-08-04T04:56:51.156000-04:00,12.29626178741455,0.5943883061408997,-11.701873779296875
2026-08-04T04:56:51.160000-04:00,12.302692413330078,0.6079502701759338,-11.694742202758789
2026-08-04T04:56:51.164000-04:00,12.303510665893555,0.6121591329574585,-11.691351890563965
2026-08-04T04:56:51.168000-04:00,12.29626178741455,0.622096836566925,-11.674164772033691
2026-08-04T04:56:51.172000-04:00,12.287843704223633,0.5894779562950134,-11.698366165161133
2026-08-04T04:56:51.176000-04:00,12.293105125427246,0.5970773100852966,-11.696027755737305
2026-08-04T04:56:51.180000-04:00,12.31064224243164,0.5877242088317871,-11.722917556762695
2026-08-04T04:56:51.184000-04:00,12.305030822753906,0.5940375924110413,-11.710992813110352
2026-08-04T04:56:51.188000-04:00,12.291117668151855,0.5805925130844116,-11.710525512695312
2026-08-04T04:56:51.192000-04:00,12.301405906677246,0.5781373381614685,-11.723268508911133
2026-08-04T04:56:51.196000-04:00,12.285856246948242,0.5652768611907959,-11.720579147338867
2026-08-04T04:56:51.200000-04:00,12.300821304321289,0.5738115310668945,-11.727009773254395
2026-08-04T04:56:51.204000-04:00,12.290650367736816,0.5721747279167175,-11.718475341796875
2026-08-04T04:56:51.208000-04:00,12.294625282287598,0.5770850777626038,-11.71753978729248
2026-08-04T04:56:51.212000-04:00,12.289130210876465,0.5712394118309021,-11.717890739440918
2026-08-04T04:56:51.216000-04:00,12.282583236694336,0.5756821632385254,-11.706901550292969
2026-08-04T04:56:51.220000-04:00,12.287610054016113,0.5700702667236328,-11.71753978729248
2026-08-04T04:56:51.224000-04:00,12.29041576385498,0.5700702667236328,-11.720345497131348
2026-08-04T04:56:51.228000-04:00,12.282232284545898,0.5685504078865051,-11.713682174682617
2026-08-04T04:56:51.232000-04:00,12.287142753601074,0.567147433757782,-11.719995498657227
2026-08-04T04:56:51.236000-04:00,12.287727355957031,0.5470383167266846,-11.740689277648926
2026-08-04T04:56:51.240000-04:00,12.286324501037598,0.5515979528427124,-11.734726905822754
2026-08-04T04:56:51.244000-04:00,12.289247512817383,0.5942713618278503,-11.694975852966309
2026-08-04T04:56:51.248000-04:00,12.287142753601074,0.5899456143379211,-11.697196960449219
2026-08-04T04:56:51.252000-04:00,12.274048805236816,0.5653937458992004,-11.70865535736084
2026-08-04T04:56:51.256000-04:00,12.280244827270508,0.5699533820152283,-11.710291862487793
2026-08-04T04:56:51.260000-04:00,12.286675453186035,0.5759159922599792,-11.710759162902832
2026-08-04T04:56:51.264000-04:00,12.290766716003418,0.5821123719215393,-11.708654403686523
2026-08-04T04:56:51.268000-04:00,12.286558151245117,0.5797741413116455,-11.70678424835205
2026-08-04T04:56:51.272000-04:00,12.291000366210938,0.5775527358055115,-11.713447570800781
2026-08-04T04:56:51.276000-04:00,12.288896560668945,0.5672643780708313,-11.72163200378418
2026-08-04T04:56:51.280000-04:00,12.297664642333984,0.5741622447967529,-11.723502159118652
2026-08-04T04:56:51.284000-04:00,12.303627014160156,0.5696026682853699,-11.734024047851562
2026-08-04T04:56:51.288000-04:00,12.291468620300293,0.5686673521995544,-11.722801208496094
2026-08-04T04:56:51.292000-04:00,12.28597354888916,0.5597819089889526,-11.726191520690918
2026-08-04T04:56:51.296000-04:00,12.288078308105469,0.5554561018943787,-11.732622146606445
2026-08-04T04:56:51.300000-04:00,12.299302101135254,0.5636400580406189,-11.735662460327148
2026-08-04T04:56:51.304000-04:00,12.297080039978027,0.5666797757148743,-11.730400085449219
2026-08-04T04:56:51.308000-04:00,12.279309272766113,0.5545207858085632,-11.724788665771484
2026-08-04T04:56:51.312000-04:00,12.28012752532959,0.5719408988952637,-11.708187103271484
2026-08-04T04:56:51.316000-04:00,12.280945777893066,0.5734607577323914,-11.70748519897461
2026-08-04T04:56:51.320000-04:00,12.292169570922852,0.5673812627792358,-11.724788665771484
2026-08-04T04:56:51.324000-04:00,12.282232284545898,0.5708886981010437,-11.711343765258789
2026-08-04T04:56:51.328000-04:00,12.282816886901855,0.5635231137275696,-11.719293594360352
2026-08-04T04:56:51.332000-04:00,12.280595779418945,0.5766174793243408,-11.703978538513184
2026-08-04T04:56:51.336000-04:00,12.301990509033203,0.5765005350112915,-11.725489616394043
2026-08-04T04:56:51.340000-04:00,12.307251930236816,0.566095232963562,-11.741156578063965
2026-08-04T04:56:51.344000-04:00,12.293105125427246,0.5613017678260803,-11.731802940368652
2026-08-04T04:56:51.348000-04:00,12.289012908935547,0.5638738870620728,-11.725138664245605
2026-08-04T04:56:51.352000-04:00,12.283868789672852,0.5614187121391296,-11.722450256347656
2026-08-04T04:56:51.356000-04:00,12.280595779418945,0.5594311356544495,-11.72116470336914
2026-08-04T04:56:51.360000-04:00,12.302458763122559,0.583164632320404,-11.719294548034668
2026-08-04T04:56:51.364000-04:00,12.292169570922852,0.5808263421058655,-11.711342811584473
2026-08-04T04:56:51.368000-04:00,12.29041576385498,0.5762667059898376,-11.714149475097656
2026-08-04T04:56:51.372000-04:00,12.298482894897461,0.589594841003418,-11.708888053894043
2026-08-04T04:56:51.376000-04:00,12.31718921661377,0.6085348129272461,-11.708654403686523
2026-08-04T04:56:51.380000-04:00,12.341273307800293,0.6512082815170288,-11.690065383911133
2026-08-04T04:56:51.384000-04:00,12.318592071533203,0.6462979316711426,-11.672294616699219
2026-08-04T04:56:51.388000-04:00,12.300236701965332,0.6529619693756104,-11.6472749710083
2026-08-04T04:56:51.392000-04:00,12.302458763122559,0.6522604823112488,-11.650197982788086
2026-08-04T04:56:51.396000-04:00,12.325373649597168,0.6660562753677368,-11.659317016601562
2026-08-04T04:56:51.400000-04:00,12.350275993347168,0.7160952687263489,-11.634181022644043
2026-08-04T04:56:51.404000-04:00,12.330166816711426,0.7400625348091125,-11.590104103088379
2026-08-04T04:56:51.408000-04:00,12.290650367736816,0.7247468829154968,-11.565903663635254
2026-08-04T04:56:51.412000-04:00,12.276269912719727,0.7073267698287964,-11.56894302368164
2026-08-04T04:56:51.416000-04:00,12.299418449401855,0.6984413266181946,-11.600976943969727
2026-08-04T04:56:51.420000-04:00,12.297898292541504,0.7028840184211731,-11.595014572143555
2026-08-04T04:56:51.424000-04:00,12.32502269744873,0.7109510898590088,-11.6140718460083
2026-08-04T04:56:51.428000-04:00,12.327127456665039,0.7005457878112793,-11.626581192016602
2026-08-04T04:56:51.432000-04:00,12.323970794677734,0.6729542016983032,-11.651016235351562
2026-08-04T04:56:51.436000-04:00,12.315435409545898,0.6551833152770996,-11.66025161743164
2026-08-04T04:56:51.440000-04:00,12.313214302062988,0.6384646892547607,-11.674749374389648
2026-08-04T04:56:51.444000-04:00,12.298951148986816,0.6224475502967834,-11.67650318145752
2026-08-04T04:56:51.448000-04:00,12.307602882385254,0.6184725165367126,-11.689130783081055
2026-08-04T04:56:51.452000-04:00,12.30444622039795,0.5891271829605103,-11.71531867980957
2026-08-04T04:56:51.456000-04:00,12.291234970092773,0.5817616581916809,-11.709473609924316
2026-08-04T04:56:51.460000-04:00,12.280244827270508,0.54692143201828,-11.733323097229004
2026-08-04T04:56:51.464000-04:00,12.2657470703125,0.5333594679832458,-11.73238754272461
2026-08-04T04:56:51.468000-04:00,12.267735481262207,0.5317226648330688,-11.73601245880127
2026-08-04T04:56:51.472000-04:00,12.278491020202637,0.5272799730300903,-11.751211166381836
2026-08-04T04:56:51.476000-04:00,12.285856246948242,0.527747631072998,-11.758108139038086
2026-08-04T04:56:51.480000-04:00,12.27767276763916,0.5054171085357666,-11.772255897521973
2026-08-04T04:56:51.484000-04:00,12.26738452911377,0.5130165219306946,-11.75436782836914
2026-08-04T04:56:51.488000-04:00,12.292520523071289,0.5410757660865784,-11.751444816589355
2026-08-04T04:56:51.492000-04:00,12.241195678710938,0.49770084023475647,-11.743494987487793
2026-08-04T04:56:51.496000-04:00,12.259317398071289,0.5012082457542419,-11.758109092712402
2026-08-04T04:56:51.500000-04:00,12.251483917236328,0.5207328200340271,-11.730751037597656
2026-08-04T04:56:51.504000-04:00,12.269722938537598,0.5480905771255493,-11.72163200378418
2026-08-04T04:56:51.508000-04:00,12.258499145507812,0.5323072075843811,-11.726191520690918
2026-08-04T04:56:51.512000-04:00,12.25545883178711,0.5299689769744873,-11.725489616394043
2026-08-04T04:56:51.516000-04:00,12.227048873901367,0.543647825717926,-11.683401107788086
2026-08-04T04:56:51.520000-04:00,12.209746360778809,0.5797741413116455,-11.629972457885742
2026-08-04T04:56:51.524000-04:00,12.242481231689453,0.6028060913085938,-11.63967514038086
2026-08-04T04:56:51.528000-04:00,12.289247512817383,0.5743960738182068,-11.714851379394531
2026-08-04T04:56:51.532000-04:00,12.399964332580566,0.6650040745735168,-11.734960556030273
2026-08-04T04:56:51.536000-04:00,12.55627727508545,0.9619643688201904,-11.59431266784668
2026-08-04T04:56:51.540000-04:00,12.566449165344238,1.2812552452087402,-11.285194396972656
2026-08-04T04:56:51.544000-04:00,12.500510215759277,2.005300521850586,-10.495209693908691
2026-08-04T04:56:51.548000-04:00,12.43620777130127,2.504521369934082,-9.931686401367188
2026-08-04T04:56:51.552000-04:00,12.354484558105469,2.9178106784820557,-9.436674118041992
2026-08-04T04:56:51.556000-04:00,12.333908081054688,2.9373350143432617,-9.396573066711426
2026-08-04T04:56:51.560000-04:00,12.29041576385498,2.6598994731903076,-9.630516052246094
2026-08-04T04:56:51.564000-04:00,12.271008491516113,1.934801697731018,-10.336206436157227
2026-08-04T04:56:51.568000-04:00,12.272879600524902,1.5667580366134644,-10.706121444702148
2026-08-04T04:56:51.572000-04:00,12.281998634338379,0.9838272333145142,-11.298171043395996
2026-08-04T04:56:51.576000-04:00,12.337298393249512,0.9003509879112244,-11.4369478225708
2026-08-04T04:56:51.580000-04:00,12.388740539550781,0.8680828213691711,-11.520657539367676
2026-08-04T04:56:51.584000-04:00,12.34595012664795,0.8041311502456665,-11.541818618774414
2026-08-04T04:56:51.588000-04:00,12.332505226135254,0.7487141489982605,-11.58379077911377
2026-08-04T04:56:51.592000-04:00,12.324555397033691,0.7124709486961365,-11.61208438873291
2026-08-04T04:56:51.596000-04:00,12.342559814453125,0.6598598957061768,-11.682700157165527
2026-08-04T04:56:51.600000-04:00,12.337298393249512,0.658807635307312,-11.67849063873291
2026-08-04T04:56:51.604000-04:00,12.342676162719727,0.6537803411483765,-11.688896179199219
2026-08-04T04:56:51.608000-04:00,12.32326889038086,0.6434919834136963,-11.679777145385742
2026-08-04T04:56:51.612000-04:00,12.341975212097168,0.636360228061676,-11.705615043640137
2026-08-04T04:56:51.616000-04:00,12.350626945495605,0.6480516195297241,-11.70257568359375
2026-08-04T04:56:51.620000-04:00,12.347002029418945,0.628527045249939,-11.718475341796875
2026-08-04T04:56:51.624000-04:00,12.334609985351562,0.6253703832626343,-11.709239959716797
2026-08-04T04:56:51.628000-04:00,12.345365524291992,0.6325021386146545,-11.712862968444824
2026-08-04T04:56:51.632000-04:00,12.34992504119873,0.6603275537490845,-11.689597129821777
2026-08-04T04:56:51.636000-04:00,12.357992172241211,0.6613797545433044,-11.696612358093262
2026-08-04T04:56:51.640000-04:00,12.374593734741211,0.6651209592819214,-11.70947265625
2026-08-04T04:56:51.644000-04:00,12.363019943237305,0.6494545936584473,-11.713565826416016
2026-08-04T04:56:51.648000-04:00,12.35822582244873,0.6703820824623108,-11.687843322753906
2026-08-04T04:56:51.652000-04:00,12.369566917419434,0.6975060105323792,-11.6720609664917
2026-08-04T04:56:51.656000-04:00,12.379036903381348,0.7034686207771301,-11.675568580627441
2026-08-04T04:56:51.660000-04:00,12.400548934936523,0.6909588575363159,-11.709589958190918
2026-08-04T04:56:51.664000-04:00,12.393767356872559,0.7014811038970947,-11.692286491394043
2026-08-04T04:56:51.668000-04:00,12.393884658813477,0.7190181016921997,-11.674866676330566
2026-08-04T04:56:51.672000-04:00,12.396807670593262,0.721239447593689,-11.675568580627441
2026-08-04T04:56:51.676000-04:00,12.395989418029785,0.7275527715682983,-11.668437004089355
2026-08-04T04:56:51.680000-04:00,12.415630340576172,0.7632114291191101,-11.652419090270996
2026-08-04T04:56:51.684000-04:00,12.413409233093262,0.7730321288108826,-11.640377044677734
2026-08-04T04:56:51.688000-04:00,12.424983978271484,0.7939596772193909,-11.631024360656738
2026-08-04T04:56:51.692000-04:00,12.432816505432129,0.8002730011940002,-11.632543563842773
2026-08-04T04:56:51.696000-04:00,12.450821876525879,0.8190960884094238,-11.631725311279297
2026-08-04T04:56:51.700000-04:00,12.449068069458008,0.8521826267242432,-11.596885681152344
2026-08-04T04:56:51.704000-04:00,12.465202331542969,0.8530009984970093,-11.612201690673828
2026-08-04T04:56:51.708000-04:00,12.471515655517578,0.8669136762619019,-11.604601860046387
2026-08-04T04:56:51.712000-04:00,12.490922927856445,0.8798910975456238,-11.611031532287598
2026-08-04T04:56:51.716000-04:00,12.505303382873535,0.903507649898529,-11.60179615020752
2026-08-04T04:56:51.720000-04:00,12.525178909301758,0.9460641741752625,-11.57911491394043
2026-08-04T04:56:51.724000-04:00,12.546339988708496,0.9838272333145142,-11.562512397766113
2026-08-04T04:56:51.728000-04:00,12.54973030090332,1.0286051034927368,-11.521124839782715
2026-08-04T04:56:51.732000-04:00,12.563643455505371,1.0391273498535156,-11.524516105651855
2026-08-04T04:56:51.736000-04:00,12.597782135009766,1.0674203634262085,-11.530362129211426
2026-08-04T04:56:51.740000-04:00,12.608771324157715,1.0906862020492554,-11.518085479736328
2026-08-04T04:56:51.744000-04:00,12.640806198120117,1.1284492015838623,-11.512356758117676
2026-08-04T04:56:51.748000-04:00,12.634726524353027,1.128683090209961,-11.506043434143066
2026-08-04T04:56:51.752000-04:00,12.660330772399902,1.159197449684143,-11.50113296508789
2026-08-04T04:56:51.756000-04:00,12.661266326904297,1.1448171138763428,-11.516448974609375
2026-08-04T04:56:51.760000-04:00,12.67927074432373,1.2136791944503784,-11.465591430664062
2026-08-04T04:56:51.764000-04:00,12.659395217895508,1.2037415504455566,-11.45565414428711
2026-08-04T04:56:51.768000-04:00,12.663253784179688,1.1985973119735718,-11.464656829833984
2026-08-04T04:56:51.772000-04:00,12.64852237701416,1.1844508647918701,-11.464071273803711
2026-08-04T04:56:51.776000-04:00,12.646417617797852,1.1970775127410889,-11.449339866638184
2026-08-04T04:56:51.780000-04:00,12.64022159576416,1.170538067817688,-11.469683647155762
2026-08-04T04:56:51.784000-04:00,12.63215446472168,1.1726425886154175,-11.459511756896973
2026-08-04T04:56:51.788000-04:00,12.593572616577148,1.1576776504516602,-11.435894966125488
2026-08-04T04:56:51.792000-04:00,12.583868980407715,1.1345287561416626,-11.449339866638184
2026-08-04T04:56:51.796000-04:00,12.566916465759277,1.073032259941101,-11.493884086608887
2026-08-04T04:56:51.800000-04:00,12.538506507873535,1.0156277418136597,-11.522878646850586
2026-08-04T04:56:51.804000-04:00,12.518397331237793,1.0006628036499023,-11.51773452758789
2026-08-04T04:56:51.808000-04:00,12.469995498657227,0.9224476218223572,-11.547548294067383
2026-08-04T04:56:51.812000-04:00,12.452925682067871,0.8841000199317932,-11.568825721740723
2026-08-04T04:56:51.816000-04:00,12.432816505432129,0.8138349652290344,-11.61898136138916
2026-08-04T04:56:51.820000-04:00,12.424515724182129,0.8048326373100281,-11.619683265686035
2026-08-04T04:56:51.824000-04:00,12.409083366394043,0.8070539832115173,-11.602029800415039
2026-08-04T04:56:51.828000-04:00,12.392248153686523,0.7353860139846802,-11.656862258911133
2026-08-04T04:56:51.832000-04:00,12.344547271728516,0.7045208215713501,-11.640026092529297
2026-08-04T04:56:51.836000-04:00,12.343729019165039,0.6666408777236938,-11.677087783813477
2026-08-04T04:56:51.840000-04:00,12.33940315246582,0.664185643196106,-11.675217628479004
2026-08-04T04:56:51.844000-04:00,12.326425552368164,0.663718044757843,-11.662707328796387
2026-08-04T04:56:51.848000-04:00,12.306900978088379,0.6293454170227051,-11.677555084228516
2026-08-04T04:56:51.852000-04:00,12.309122085571289,0.6128606200218201,-11.696261405944824
2026-08-04T04:56:51.856000-04:00,12.304328918457031,0.6130944490432739,-11.691234588623047
2026-08-04T04:56:51.860000-04:00,12.288896560668945,0.5835153460502625,-11.705381393432617
2026-08-04T04:56:51.864000-04:00,12.303627014160156,0.5964927673339844,-11.707134246826172
2026-08-04T04:56:51.868000-04:00,12.266098022460938,0.5881918668746948,-11.677906036376953
2026-08-04T04:56:51.872000-04:00,12.28211498260498,0.5915823578834534,-11.690532684326172
2026-08-04T04:56:51.876000-04:00,12.279075622558594,0.5816447138786316,-11.697430610656738
2026-08-04T04:56:51.880000-04:00,12.276970863342285,0.5819954872131348,-11.694974899291992
2026-08-04T04:56:51.884000-04:00,12.276620864868164,0.5761498212814331,-11.700470924377441
2026-08-04T04:56:51.888000-04:00,12.275217056274414,0.5739284157752991,-11.701288223266602
2026-08-04T04:56:51.892000-04:00,12.26738452911377,0.5805925130844116,-11.686792373657227
2026-08-04T04:56:51.896000-04:00,12.268787384033203,0.5567421317100525,-11.712045669555664
2026-08-04T04:56:51.900000-04:00,12.276386260986328,0.5356976985931396,-11.74068832397461
2026-08-04T04:56:51.904000-04:00,12.266799926757812,0.5293843746185303,-11.737415313720703
2026-08-04T04:56:51.908000-04:00,12.263994216918945,0.5649260878562927,-11.699068069458008
2026-08-04T04:56:51.912000-04:00,12.264928817749023,0.583164632320404,-11.681764602661133
2026-08-04T04:56:51.916000-04:00,12.291468620300293,0.6151989102363586,-11.67626953125
2026-08-04T04:56:51.920000-04:00,12.288662910461426,0.6025722622871399,-11.686090469360352
2026-08-04T04:56:51.924000-04:00,12.287259101867676,0.6368278861045837,-11.650431632995605
2026-08-04T04:56:51.928000-04:00,12.284453392028809,0.6354249715805054,-11.649028778076172
2026-08-04T04:56:51.932000-04:00,12.285856246948242,0.6022214889526367,-11.683634757995605
2026-08-04T04:56:51.936000-04:00,12.284570693969727,0.6226813793182373,-11.66188907623291
2026-08-04T04:56:51.940000-04:00,12.310759544372559,0.6596260666847229,-11.65113353729248
2026-08-04T04:56:51.944000-04:00,12.28351879119873,0.6267733573913574,-11.656745910644531
2026-08-04T04:56:51.948000-04:00,12.285037994384766,0.623149037361145,-11.66188907623291
2026-08-04T04:56:51.952000-04:00,12.299652099609375,0.6420890092849731,-11.657563209533691
2026-08-04T04:56:51.956000-04:00,12.30035400390625,0.6560017466545105,-11.644351959228516
2026-08-04T04:56:51.960000-04:00,12.306783676147461,0.652611255645752,-11.654172897338867
2026-08-04T04:56:51.964000-04:00,12.303744316101074,0.6598598957061768,-11.643884658813477
2026-08-04T04:56:51.968000-04:00,12.295910835266113,0.6764615774154663,-11.619449615478516
2026-08-04T04:56:51.972000-04:00,12.30280876159668,0.6766954064369202,-11.626112937927246
2026-08-04T04:56:51.976000-04:00,12.30666732788086,0.6589245796203613,-11.647743225097656
2026-08-04T04:56:51.980000-04:00,12.303510665893555,0.6576384902000427,-11.645872116088867
2026-08-04T04:56:51.984000-04:00,12.295443534851074,0.670732855796814,-11.624711036682129
2026-08-04T04:56:51.988000-04:00,12.298249244689941,0.6984413266181946,-11.599807739257812
2026-08-04T04:56:51.992000-04:00,12.28351879119873,0.6840609908103943,-11.599457740783691
2026-08-04T04:56:51.996000-04:00,12.309005737304688,0.6869838237762451,-11.622021675109863
