created_at,lead_1,lead_2,lead_3
2026-08-04T05:11:58-04:00,9.848326683044434,-1.1561577320098877,-11.004484176635742
2026-08-04T05:11:58.004000-04:00,9.852652549743652,-1.1199145317077637,-10.972566604614258
2026-08-04T05:11:58.008000-04:00,9.838155746459961,-1.0829699039459229,-10.921125411987305
2026-08-04T05:11:58.012000-04:00,9.841312408447266,-1.0799301862716675,-10.921242713928223
2026-08-04T05:11:58.016000-04:00,9.846923828125,-1.0881140232086182,-10.935037612915039
2026-08-04T05:11:58.020000-04:00,9.864343643188477,-1.097116470336914,-10.96146011352539
2026-08-04T05:11:58.024000-04:00,9.879776954650879,-1.0800470113754272,-10.959823608398438
2026-08-04T05:11:58.028000-04:00,9.875100135803223,-1.0606393814086914,-10.935739517211914
2026-08-04T05:11:58.032000-04:00,9.886323928833008,-1.0717462301254272,-10.958069801330566
2026-08-04T05:11:58.036000-04:00,9.895442962646484,-1.0518709421157837,-10.947314262390137
2026-08-04T05:11:58.040000-04:00,9.90011978149414,-1.0301250219345093,-10.930244445800781
2026-08-04T05:11:58.044000-04:00,9.905731201171875,-1.0370228290557861,-10.942753791809082
2026-08-04T05:11:58.048000-04:00,9.927827835083008,-1.0274360179901123,-10.9552640914917
2026-08-04T05:11:58.052000-04:00,9.917656898498535,-1.0187844038009644,-10.936441421508789
2026-08-04T05:11:58.056000-04:00,9.895209312438965,-0.9619643688201904,-10.857173919677734
2026-08-04T05:11:58.060000-04:00,9.834179878234863,-0.9433751702308655,-10.777555465698242
2026-08-04T05:11:58.064000-04:00,9.893922805786133,-0.9284102320671082,-10.822333335876465
2026-08-04T05:11:58.068000-04:00,9.96231746673584,-0.8960251808166504,-10.858343124389648
2026-08-04T05:11:58.072000-04:00,10.097118377685547,-0.8573268055915833,-10.954444885253906
2026-08-04T05:11:58.076000-04:00,10.10015869140625,-0.8230711221694946,-10.923230171203613
2026-08-04T05:11:58.080000-04:00,10.08577823638916,-0.8517149686813354,-10.937493324279785
2026-08-04T05:11:58.084000-04:00,10.065201759338379,-0.8071709275245667,-10.8723726272583
2026-08-04T05:11:58.088000-04:00,10.111616134643555,-0.7706938982009888,-10.882309913635254
2026-08-04T05:11:58.092000-04:00,10.127399444580078,-0.73234623670578,-10.859745979309082
2026-08-04T05:11:58.096000-04:00,10.150781631469727,-0.7122371196746826,-10.863018989562988
2026-08-04T05:11:58.100000-04:00,10.171008110046387,-0.6697975397109985,-10.840806007385254
2026-08-04T05:11:58.104000-04:00,10.169137001037598,-0.6723695993423462,-10.841506958007812
2026-08-04T05:11:58.108000-04:00,10.186089515686035,-0.6342558264732361,-10.820344924926758
2026-08-04T05:11:58.112000-04:00,10.187843322753906,-0.5860874652862549,-10.773930549621582
2026-08-04T05:11:58.116000-04:00,10.194741249084473,-0.6099377870559692,-10.804678916931152
2026-08-04T05:11:58.120000-04:00,10.185154914855957,-0.603390634059906,-10.788545608520508
2026-08-04T05:11:58.124000-04:00,10.193572044372559,-0.5776696801185608,-10.771242141723633
2026-08-04T05:11:58.128000-04:00,10.183868408203125,-0.6310991644859314,-10.814967155456543
2026-08-04T05:11:58.132000-04:00,10.185973167419434,-0.649337649345398,-10.835310935974121
2026-08-04T05:11:58.136000-04:00,10.183167457580566,-0.6245520114898682,-10.807719230651855
2026-08-04T05:11:58.140000-04:00,10.158498764038086,-0.633671224117279,-10.792169570922852
2026-08-04T05:11:58.144000-04:00,10.130205154418945,-0.6438426971435547,-10.7740478515625
2026-08-04T05:11:58.148000-04:00,10.107172966003418,-0.6416213512420654,-10.748794555664062
2026-08-04T05:11:58.152000-04:00,10.077126502990723,-0.6929463744163513,-10.770072937011719
2026-08-04T05:11:58.156000-04:00,10.050470352172852,-0.7639129161834717,-10.814383506774902
2026-08-04T05:11:58.160000-04:00,10.0281400680542,-0.8110290169715881,-10.8391695022583
2026-08-04T05:11:58.164000-04:00,10.002886772155762,-0.8623540997505188,-10.865241050720215
2026-08-04T05:11:58.168000-04:00,9.971904754638672,-0.8757991194725037,-10.84770393371582
2026-08-04T05:11:58.172000-04:00,9.94384479522705,-0.9309822916984558,-10.87482738494873
2026-08-04T05:11:58.176000-04:00,9.900002479553223,-0.9787999391555786,-10.878802299499512
2026-08-04T05:11:58.180000-04:00,9.860602378845215,-1.0428684949874878,-10.903470993041992
2026-08-04T05:11:58.184000-04:00,9.852185249328613,-1.0523384809494019,-10.904523849487305
2026-08-04T05:11:58.188000-04:00,9.810213088989258,-1.0814499855041504,-10.89166259765625
2026-08-04T05:11:58.192000-04:00,9.755614280700684,-1.111379861831665,-10.86699390411377
2026-08-04T05:11:58.196000-04:00,9.803666114807129,-1.131372094154358,-10.935038566589355
2026-08-04T05:11:58.200000-04:00,9.872294425964355,-1.1397898197174072,-11.012084007263184
2026-08-04T05:11:58.204000-04:00,9.899417877197266,-1.1471554040908813,-11.046573638916016
2026-08-04T05:11:58.208000-04:00,9.86738395690918,-1.1575607061386108,-11.024944305419922
2026-08-04T05:11:58.212000-04:00,9.841896057128906,-1.1701873540878296,-11.012083053588867
2026-08-04T05:11:58.216000-04:00,9.809511184692383,-1.188425898551941,-10.997937202453613
2026-08-04T05:11:58.220000-04:00,9.790688514709473,-1.192167043685913,-10.982855796813965
2026-08-04T05:11:58.224000-04:00,9.766019821166992,-1.1948561668395996,-10.96087646484375
2026-08-04T05:11:58.228000-04:00,9.765551567077637,-1.2142637968063354,-10.979815483093262
2026-08-04T05:11:58.232000-04:00,9.769643783569336,-1.177903652191162,-10.947547912597656
2026-08-04T05:11:58.236000-04:00,9.766838073730469,-1.179774284362793,-10.946612358093262
2026-08-04T05:11:58.240000-04:00,9.776308059692383,-1.179774284362793,-10.956082344055176
2026-08-04T05:11:58.244000-04:00,9.771982192993164,-1.1957913637161255,-10.9677734375
2026-08-04T05:11:58.248000-04:00,9.772449493408203,-1.1936869621276855,-10.966136932373047
2026-08-04T05:11:58.252000-04:00,9.778178215026855,-1.2104055881500244,-10.9885835647583
2026-08-04T05:11:58.256000-04:00,9.77081298828125,-1.1941546201705933,-10.964967727661133
2026-08-04T05:11:58.260000-04:00,9.761576652526855,-1.1879582405090332,-10.949535369873047
2026-08-04T05:11:58.264000-04:00,9.774086952209473,-1.2058459520339966,-10.97993278503418
2026-08-04T05:11:58.268000-04:00,9.787765502929688,-1.1959083080291748,-10.983674049377441
2026-08-04T05:11:58.272000-04:00,9.789986610412598,-1.1966098546981812,-10.98659610748291
2026-08-04T05:11:58.276000-04:00,9.78133487701416,-1.1741623878479004,-10.955497741699219
2026-08-04T05:11:58.280000-04:00,9.794429779052734,-1.2024555206298828,-10.996885299682617
2026-08-04T05:11:58.284000-04:00,9.798053741455078,-1.189244270324707,-10.987298011779785
2026-08-04T05:11:58.288000-04:00,9.79150676727295,-1.1549886465072632,-10.946495056152344
2026-08-04T05:11:58.292000-04:00,9.795130729675293,-1.1458693742752075,-10.940999984741211
2026-08-04T05:11:58.296000-04:00,9.787999153137207,-1.1569761037826538,-10.944974899291992
2026-08-04T05:11:58.300000-04:00,9.802379608154297,-1.1450510025024414,-10.947430610656738
2026-08-04T05:11:58.304000-04:00,9.802379608154297,-1.1483244895935059,-10.950704574584961
2026-08-04T05:11:58.308000-04:00,9.798989295959473,-1.1609511375427246,-10.959939956665039
2026-08-04T05:11:58.312000-04:00,9.80156135559082,-1.1652770042419434,-10.966838836669922
2026-08-04T05:11:58.316000-04:00,9.809744834899902,-1.12482488155365,-10.934569358825684
2026-08-04T05:11:58.320000-04:00,9.802730560302734,-1.1434141397476196,-10.946145057678223
2026-08-04T05:11:58.324000-04:00,9.790571212768555,-1.1471554040908813,-10.937726974487305
2026-08-04T05:11:58.328000-04:00,9.799456596374512,-1.1214344501495361,-10.920890808105469
2026-08-04T05:11:58.332000-04:00,9.79372787475586,-1.1471554040908813,-10.94088363647461
2026-08-04T05:11:58.336000-04:00,9.79103946685791,-1.1648093461990356,-10.955848693847656
2026-08-04T05:11:58.340000-04:00,9.814655303955078,-1.1710057258605957,-10.985660552978516
2026-08-04T05:11:58.344000-04:00,9.818864822387695,-1.16188645362854,-10.980751037597656
2026-08-04T05:11:58.348000-04:00,9.822606086730957,-1.1587297916412354,-10.981335639953613
2026-08-04T05:11:58.352000-04:00,9.817695617675781,-1.1597820520401,-10.97747802734375
2026-08-04T05:11:58.356000-04:00,9.809277534484863,-1.205962896347046,-11.015240669250488
2026-08-04T05:11:58.360000-04:00,9.807056427001953,-1.2112239599227905,-11.018280029296875
2026-08-04T05:11:58.364000-04:00,9.805068969726562,-1.1742793321609497,-10.979348182678223
2026-08-04T05:11:58.368000-04:00,9.79770278930664,-1.192167043685913,-10.989870071411133
2026-08-04T05:11:58.372000-04:00,9.796884536743164,-1.1650431156158447,-10.96192741394043
2026-08-04T05:11:58.376000-04:00,9.789168357849121,-1.185386061668396,-10.974554061889648
2026-08-04T05:11:58.380000-04:00,9.79372787475586,-1.1700704097747803,-10.963798522949219
2026-08-04T05:11:58.384000-04:00,9.784491539001465,-1.1665630340576172,-10.951054573059082
2026-08-04T05:11:58.388000-04:00,9.795365333557129,-1.1712396144866943,-10.966605186462402
2026-08-04T05:11:58.392000-04:00,9.780984878540039,-1.1816449165344238,-10.962629318237305
2026-08-04T05:11:58.396000-04:00,9.786128997802734,-1.2070151567459106,-10.993144035339355
2026-08-04T05:11:58.400000-04:00,9.780516624450684,-1.1900626420974731,-10.970579147338867
2026-08-04T05:11:58.404000-04:00,9.811031341552734,-1.1685506105422974,-10.979581832885742
2026-08-04T05:11:58.408000-04:00,9.809277534484863,-1.136983871459961,-10.946261405944824
2026-08-04T05:11:58.412000-04:00,9.790688514709473,-1.1683167219161987,-10.959005355834961
2026-08-04T05:11:58.416000-04:00,9.79548168182373,-1.1540533304214478,-10.949535369873047
2026-08-04T05:11:58.420000-04:00,9.815590858459473,-1.1335934400558472,-10.94918441772461
2026-08-04T05:11:58.424000-04:00,9.825762748718262,-1.1310213804244995,-10.95678424835205
2026-08-04T05:11:58.428000-04:00,9.82225513458252,-1.078410267829895,-10.900665283203125
2026-08-04T05:11:58.432000-04:00,9.779231071472168,-1.0477789640426636,-10.827010154724121
2026-08-04T05:11:58.436000-04:00,9.785660743713379,-0.9896728992462158,-10.775333404541016
2026-08-04T05:11:58.440000-04:00,9.792091369628906,-0.9869838953018188,-10.779075622558594
2026-08-04T05:11:58.444000-04:00,9.795248031616211,-1.0307095050811768,-10.825957298278809
2026-08-04T05:11:58.448000-04:00,9.797001838684082,-1.0322294235229492,-10.829231262207031
2026-08-04T05:11:58.452000-04:00,9.805302619934082,-1.021356463432312,-10.826659202575684
2026-08-04T05:11:58.456000-04:00,9.815474510192871,-1.047545075416565,-10.863019943237305
2026-08-04T05:11:58.460000-04:00,9.81032943725586,-1.0793455839157104,-10.88967514038086
2026-08-04T05:11:58.464000-04:00,9.7847261428833,-1.1425957679748535,-10.927322387695312
2026-08-04T05:11:58.468000-04:00,9.781218528747559,-1.1781374216079712,-10.959356307983398
2026-08-04T05:11:58.472000-04:00,9.774787902832031,-1.2155498266220093,-10.990337371826172
2026-08-04T05:11:58.476000-04:00,9.767773628234863,-1.2439597845077515,-11.011733055114746
2026-08-04T05:11:58.480000-04:00,9.765084266662598,-1.257054090499878,-11.022138595581055
2026-08-04T05:11:58.484000-04:00,9.750821113586426,-1.2744742631912231,-11.02529525756836
2026-08-04T05:11:58.488000-04:00,9.741233825683594,-1.293297290802002,-11.034530639648438
2026-08-04T05:11:58.492000-04:00,9.742520332336426,-1.2799690961837769,-11.022489547729492
2026-08-04T05:11:58.496000-04:00,9.747313499450684,-1.3013643026351929,-11.048677444458008
2026-08-04T05:11:58.500000-04:00,9.77303409576416,-1.2713176012039185,-11.044351577758789
2026-08-04T05:11:58.504000-04:00,9.774554252624512,-1.2586908340454102,-11.033245086669922
2026-08-04T05:11:58.508000-04:00,9.775372505187988,-1.263016700744629,-11.038389205932617
2026-08-04T05:11:58.512000-04:00,9.771864891052246,-1.2499223947525024,-11.021787643432617
2026-08-04T05:11:58.516000-04:00,9.753744125366211,-1.3022996187210083,-11.05604362487793
2026-08-04T05:11:58.520000-04:00,9.729191780090332,-1.3157446384429932,-11.044936180114746
2026-08-04T05:11:58.524000-04:00,9.736323356628418,-1.335503101348877,-11.071826934814453
2026-08-04T05:11:58.528000-04:00,9.732114791870117,-1.3664851188659668,-11.098600387573242
2026-08-04T05:11:58.532000-04:00,9.736089706420898,-1.3558460474014282,-11.091936111450195
2026-08-04T05:11:58.536000-04:00,9.716214179992676,-1.3549107313156128,-11.071125030517578
2026-08-04T05:11:58.540000-04:00,9.73375129699707,-1.3302419185638428,-11.063993453979492
2026-08-04T05:11:58.544000-04:00,9.715513229370117,-1.3240455389022827,-11.039558410644531
2026-08-04T05:11:58.548000-04:00,9.695520401000977,-1.3051055669784546,-11.000625610351562
2026-08-04T05:11:58.552000-04:00,9.72521686553955,-1.2934142351150513,-11.018630981445312
2026-08-04T05:11:58.556000-04:00,9.800158500671387,-1.2588077783584595,-11.058966636657715
2026-08-04T05:11:58.560000-04:00,9.89205265045166,-1.1998833417892456,-11.091936111450195
2026-08-04T05:11:58.564000-04:00,10.120034217834473,-0.9973891973495483,-11.117423057556152
2026-08-04T05:11:58.568000-04:00,10.268630981445312,-0.7303587198257446,-10.998990058898926
2026-08-04T05:11:58.572000-04:00,10.161771774291992,-0.02385035715997219,-10.185622215270996
2026-08-04T05:11:58.576000-04:00,10.11699390411377,0.5385036468505859,-9.578490257263184
2026-08-04T05:11:58.580000-04:00,9.988739967346191,1.0680049657821655,-8.920735359191895
2026-08-04T05:11:58.584000-04:00,9.978334426879883,1.044271469116211,-8.934062957763672
2026-08-04T05:11:58.588000-04:00,9.919644355773926,0.8238895535469055,-9.095754623413086
2026-08-04T05:11:58.592000-04:00,9.826931953430176,0.20167581737041473,-9.625256538391113
2026-08-04T05:11:58.596000-04:00,9.720540046691895,-0.2292674034833908,-9.949807167053223
2026-08-04T05:11:58.600000-04:00,9.713759422302246,-0.7862433791160583,-10.50000286102295
2026-08-04T05:11:58.604000-04:00,9.797235488891602,-0.9320345520973206,-10.729269981384277
2026-08-04T05:11:58.608000-04:00,9.887024879455566,-1.0058069229125977,-10.892831802368164
2026-08-04T05:11:58.612000-04:00,9.89041519165039,-1.0328140258789062,-10.923229217529297
2026-08-04T05:11:58.616000-04:00,9.829854011535645,-1.1189792156219482,-10.948833465576172
2026-08-04T05:11:58.620000-04:00,9.834063529968262,-1.1613019704818726,-10.995365142822266
2026-08-04T05:11:58.624000-04:00,9.835817337036133,-1.1664460897445679,-11.002263069152832
2026-08-04T05:11:58.628000-04:00,9.844118118286133,-1.1706550121307373,-11.01477336883545
2026-08-04T05:11:58.632000-04:00,9.828802108764648,-1.192517876625061,-11.021320343017578
2026-08-04T05:11:58.636000-04:00,9.845637321472168,-1.2078335285186768,-11.053470611572266
2026-08-04T05:11:58.640000-04:00,9.839792251586914,-1.2520267963409424,-11.091818809509277
2026-08-04T05:11:58.644000-04:00,9.848677635192871,-1.258457064628601,-11.107134819030762
2026-08-04T05:11:58.648000-04:00,9.852886199951172,-1.2592754364013672,-11.112161636352539
2026-08-04T05:11:58.652000-04:00,9.851249694824219,-1.2521437406539917,-11.1033935546875
2026-08-04T05:11:58.656000-04:00,9.854873657226562,-1.2334375381469727,-11.088311195373535
2026-08-04T05:11:58.660000-04:00,9.862940788269043,-1.2174204587936401,-11.080361366271973
2026-08-04T05:11:58.664000-04:00,9.860135078430176,-1.1948561668395996,-11.054990768432617
2026-08-04T05:11:58.668000-04:00,9.869487762451172,-1.1685506105422974,-11.03803825378418
2026-08-04T05:11:58.672000-04:00,9.871007919311523,-1.1392053365707397,-11.010212898254395
2026-08-04T05:11:58.676000-04:00,9.881296157836914,-1.1513643264770508,-11.032660484313965
2026-08-04T05:11:58.680000-04:00,9.883868217468262,-1.1353471279144287,-11.01921558380127
2026-08-04T05:11:58.684000-04:00,9.883049964904785,-1.156274676322937,-11.039324760437012
2026-08-04T05:11:58.688000-04:00,9.895793914794922,-1.1261109113693237,-11.021904945373535
2026-08-04T05:11:58.692000-04:00,9.901873588562012,-1.1210837364196777,-11.022956848144531
2026-08-04T05:11:58.696000-04:00,9.892753601074219,-1.1265785694122314,-11.019331932067871
2026-08-04T05:11:58.700000-04:00,9.907251358032227,-1.0991039276123047,-11.006355285644531
2026-08-04T05:11:58.704000-04:00,9.903861045837402,-1.1097431182861328,-11.013604164123535
2026-08-04T05:11:58.708000-04:00,9.917890548706055,-1.0981686115264893,-11.016058921813965
2026-08-04T05:11:58.712000-04:00,9.919059753417969,-1.0923229455947876,-11.011383056640625
2026-08-04T05:11:58.716000-04:00,9.92525577545166,-1.1238895654678345,-11.049145698547363
2026-08-04T05:11:58.720000-04:00,9.95214557647705,-1.0681219100952148,-11.020267486572266
2026-08-04T05:11:58.724000-04:00,9.942559242248535,-1.0600547790527344,-11.00261402130127
2026-08-04T05:11:58.728000-04:00,9.96044635772705,-1.0060408115386963,-10.966486930847168
2026-08-04T05:11:58.732000-04:00,9.979970932006836,-0.9961031675338745,-10.97607421875
2026-08-04T05:11:58.736000-04:00,9.9950532913208,-0.9790337681770325,-10.97408676147461
2026-08-04T05:11:58.740000-04:00,10.012473106384277,-0.9748249053955078,-10.987298011779785
2026-08-04T05:11:58.744000-04:00,10.01843547821045,-0.9514421820640564,-10.969877243041992
2026-08-04T05:11:58.748000-04:00,10.03433609008789,-0.8988310694694519,-10.933167457580566
2026-08-04T05:11:58.752000-04:00,10.046144485473633,-0.8741623163223267,-10.920307159423828
2026-08-04T05:11:58.756000-04:00,10.074788093566895,-0.8319565653800964,-10.906744956970215
2026-08-04T05:11:58.760000-04:00,10.099690437316895,-0.8146533370018005,-10.91434383392334
2026-08-04T05:11:58.764000-04:00,10.11699390411377,-0.7849573493003845,-10.90195083618164
2026-08-04T05:11:58.768000-04:00,10.119332313537598,-0.7678879499435425,-10.88722038269043
2026-08-04T05:11:58.772000-04:00,10.131841659545898,-0.7605224251747131,-10.892364501953125
2026-08-04T05:11:58.776000-04:00,10.137921333312988,-0.7683556079864502,-10.90627670288086
2026-08-04T05:11:58.780000-04:00,10.150314331054688,-0.70042884349823,-10.850743293762207
2026-08-04T05:11:58.784000-04:00,10.157445907592773,-0.6549494862556458,-10.812395095825195
2026-08-04T05:11:58.788000-04:00,10.161420822143555,-0.6542479991912842,-10.815669059753418
2026-08-04T05:11:58.792000-04:00,10.153353691101074,-0.6681607365608215,-10.821514129638672
2026-08-04T05:11:58.796000-04:00,10.16820240020752,-0.6624319553375244,-10.830634117126465
2026-08-04T05:11:58.800000-04:00,10.158498764038086,-0.6676930785179138,-10.826191902160645
2026-08-04T05:11:58.804000-04:00,10.146690368652344,-0.6883867979049683,-10.835077285766602
2026-08-04T05:11:58.808000-04:00,10.126463890075684,-0.7305925488471985,-10.857056617736816
2026-08-04T05:11:58.812000-04:00,10.121553421020508,-0.7683556079864502,-10.889908790588379
2026-08-04T05:11:58.816000-04:00,10.103549003601074,-0.8016759753227234,-10.905224800109863
2026-08-04T05:11:58.820000-04:00,10.082737922668457,-0.8173424005508423,-10.900080680847168
2026-08-04T05:11:58.824000-04:00,10.05456256866455,-0.856157660484314,-10.910719871520996
2026-08-04T05:11:58.828000-04:00,10.030712127685547,-0.8873735666275024,-10.918086051940918
2026-08-04T05:11:58.832000-04:00,10.001249313354492,-0.9452457427978516,-10.946495056152344
2026-08-04T05:11:58.836000-04:00,9.97307300567627,-1.0028841495513916,-10.975956916809082
2026-08-04T05:11:58.840000-04:00,9.954483985900879,-1.0495326519012451,-11.004016876220703
2026-08-04T05:11:58.844000-04:00,9.939518928527832,-1.040062665939331,-10.979581832885742
2026-08-04T05:11:58.848000-04:00,9.917773246765137,-1.0452067852020264,-10.962980270385742
2026-08-04T05:11:58.852000-04:00,9.894624710083008,-1.097116470336914,-10.991741180419922
2026-08-04T05:11:58.856000-04:00,9.849963188171387,-1.1704212427139282,-11.020384788513184
2026-08-04T05:11:58.860000-04:00,9.846456527709961,-1.1843339204788208,-11.030790328979492
2026-08-04T05:11:58.864000-04:00,9.837336540222168,-1.1801249980926514,-11.017461776733398
2026-08-04T05:11:58.868000-04:00,9.850547790527344,-1.2175372838974,-11.068084716796875
2026-08-04T05:11:58.872000-04:00,9.837220191955566,-1.2478179931640625,-11.085038185119629
2026-08-04T05:11:58.876000-04:00,9.83277702331543,-1.2540143728256226,-11.086791038513184
2026-08-04T05:11:58.880000-04:00,9.819214820861816,-1.267693281173706,-11.086908340454102
2026-08-04T05:11:58.884000-04:00,9.813720703125,-1.2530790567398071,-11.066800117492676
2026-08-04T05:11:58.888000-04:00,9.80986213684082,-1.2586908340454102,-11.06855297088623
2026-08-04T05:11:58.892000-04:00,9.80378246307373,-1.260912299156189,-11.06469440460205
2026-08-04T05:11:58.896000-04:00,9.798287391662598,-1.2538974285125732,-11.05218505859375
2026-08-04T05:11:58.900000-04:00,9.801444053649902,-1.269797682762146,-11.07124137878418
2026-08-04T05:11:58.904000-04:00,9.804250717163086,-1.236243486404419,-11.040493965148926
2026-08-04T05:11:58.908000-04:00,9.791974067687988,-1.2830089330673218,-11.074982643127441
2026-08-04T05:11:58.912000-04:00,9.788701057434082,-1.2653549909591675,-11.054056167602539
2026-08-04T05:11:58.916000-04:00,9.780633926391602,-1.253780484199524,-11.034414291381836
2026-08-04T05:11:58.920000-04:00,9.788817405700684,-1.2708499431610107,-11.059667587280273
2026-08-04T05:11:58.924000-04:00,9.786713600158691,-1.2944663763046265,-11.08117961883545
2026-08-04T05:11:58.928000-04:00,9.793845176696777,-1.2690961360931396,-11.062941551208496
2026-08-04T05:11:58.932000-04:00,9.796066284179688,-1.2712006568908691,-11.067266464233398
2026-08-04T05:11:58.936000-04:00,9.806354522705078,-1.2455965280532837,-11.05195140838623
2026-08-04T05:11:58.940000-04:00,9.800625801086426,-1.2423230409622192,-11.042948722839355
2026-08-04T05:11:58.944000-04:00,9.815123558044434,-1.2517930269241333,-11.066916465759277
2026-08-04T05:11:58.948000-04:00,9.82038402557373,-1.2500393390655518,-11.070423126220703
2026-08-04T05:11:58.952000-04:00,9.811849594116211,-1.2655887603759766,-11.077438354492188
2026-08-04T05:11:58.956000-04:00,9.810446739196777,-1.240920066833496,-11.051366806030273
2026-08-04T05:11:58.960000-04:00,9.812434196472168,-1.2239675521850586,-11.036401748657227
2026-08-04T05:11:58.964000-04:00,9.805068969726562,-1.2108732461929321,-11.015942573547363
2026-08-04T05:11:58.968000-04:00,9.812317848205566,-1.2097041606903076,-11.022022247314453
2026-08-04T05:11:58.972000-04:00,9.813018798828125,-1.2266565561294556,-11.03967571258545
2026-08-04T05:11:58.976000-04:00,9.814772605895996,-1.1966098546981812,-11.011382102966309
2026-08-04T05:11:58.980000-04:00,9.823307037353516,-1.1933362483978271,-11.016643524169922
2026-08-04T05:11:58.984000-04:00,9.822839736938477,-1.2383478879928589,-11.061187744140625
2026-08-04T05:11:58.988000-04:00,9.819098472595215,-1.2188234329223633,-11.037921905517578
2026-08-04T05:11:58.992000-04:00,9.814538955688477,-1.1815279722213745,-10.99606704711914
2026-08-04T05:11:58.996000-04:00,9.80764102935791,-1.200818657875061,-11.00846004486084
2026-08-04T05:11:59-04:00,9.813369750976562,-1.2099379301071167,-11.023307800292969
2026-08-04T05:11:59.004000-04:00,9.828685760498047,-1.2190572023391724,-11.04774284362793
2026-08-04T05:11:59.008000-04:00,9.822606086730957,-1.2301640510559082,-11.052770614624023
2026-08-04T05:11:59.012000-04:00,9.819683074951172,-1.2404524087905884,-11.060135841369629
2026-08-04T05:11:59.016000-04:00,9.813136100769043,-1.2301640510559082,-11.04330062866211
2026-08-04T05:11:59.020000-04:00,9.818513870239258,-1.2197587490081787,-11.038272857666016
2026-08-04T05:11:59.024000-04:00,9.814188003540039,-1.231450080871582,-11.045638084411621
2026-08-04T05:11:59.028000-04:00,9.810680389404297,-1.2439597845077515,-11.05463981628418
2026-08-04T05:11:59.032000-04:00,9.81208324432373,-1.2579894065856934,-11.070072174072266
2026-08-04T05:11:59.036000-04:00,9.800859451293945,-1.2406861782073975,-11.041545867919922
2026-08-04T05:11:59.040000-04:00,9.796884536743164,-1.2604446411132812,-11.057329177856445
2026-08-04T05:11:59.044000-04:00,9.812901496887207,-1.2896729707717896,-11.102574348449707
2026-08-04T05:11:59.048000-04:00,9.816292762756348,-1.2420891523361206,-11.058382034301758
2026-08-04T05:11:59.052000-04:00,9.822606086730957,-1.2136791944503784,-11.036285400390625
2026-08-04T05:11:59.056000-04:00,9.796768188476562,-1.2051445245742798,-11.001913070678711
2026-08-04T05:11:59.060000-04:00,9.798871994018555,-1.1908810138702393,-10.989752769470215
2026-08-04T05:11:59.064000-04:00,9.81032943725586,-1.1745131015777588,-10.984842300415039
2026-08-04T05:11:59.068000-04:00,9.839090347290039,-1.1485583782196045,-10.987648963928223
2026-08-04T05:11:59.072000-04:00,9.826814651489258,-1.1302028894424438,-10.95701789855957
2026-08-04T05:11:59.076000-04:00,9.817811965942383,-1.0939598083496094,-10.911771774291992
2026-08-04T05:11:59.080000-04:00,9.774436950683594,-1.1255264282226562,-10.89996337890625
2026-08-04T05:11:59.084000-04:00,9.791740417480469,-1.0651990175247192,-10.856939315795898
2026-08-04T05:11:59.088000-04:00,9.791974067687988,-1.0692909955978394,-10.861265182495117
2026-08-04T05:11:59.092000-04:00,9.796066284179688,-1.071629285812378,-10.867695808410645
2026-08-04T05:11:59.096000-04:00,9.805068969726562,-1.083788275718689,-10.888856887817383
2026-08-04T05:11:59.100000-04:00,9.836167335510254,-1.1012083292007446,-10.937376022338867
2026-08-04T05:11:59.104000-04:00,9.83008861541748,-1.1293845176696777,-10.95947265625
2026-08-04T05:11:59.108000-04:00,9.822956085205078,-1.152182698249817,-10.975138664245605
2026-08-04T05:11:59.112000-04:00,9.807523727416992,-1.2033908367156982,-11.01091480255127
2026-08-04T05:11:59.116000-04:00,9.78764820098877,-1.241621494293213,-11.02927017211914
2026-08-04T05:11:59.120000-04:00,9.784141540527344,-1.2465318441390991,-11.030673027038574
2026-08-04T05:11:59.124000-04:00,9.776074409484863,-1.2515591382980347,-11.027633666992188
2026-08-04T05:11:59.128000-04:00,9.769410133361816,-1.2854640483856201,-11.054874420166016
2026-08-04T05:11:59.132000-04:00,9.762161254882812,-1.3212395906448364,-11.08340072631836
2026-08-04T05:11:59.136000-04:00,9.750937461853027,-1.3398288488388062,-11.090765953063965
2026-08-04T05:11:59.140000-04:00,9.760173797607422,-1.3136402368545532,-11.073814392089844
2026-08-04T05:11:59.144000-04:00,9.775489807128906,-1.3044040203094482,-11.079894065856934
2026-08-04T05:11:59.148000-04:00,9.772566795349121,-1.341699481010437,-11.114266395568848
2026-08-04T05:11:59.152000-04:00,9.760642051696777,-1.3287221193313599,-11.089364051818848
2026-08-04T05:11:59.156000-04:00,9.75806999206543,-1.3496495485305786,-11.107719421386719
2026-08-04T05:11:59.160000-04:00,9.768007278442383,-1.3335155248641968,-11.101522445678711
2026-08-04T05:11:59.164000-04:00,9.751054763793945,-1.3561967611312866,-11.107251167297363
2026-08-04T05:11:59.168000-04:00,9.75011920928955,-1.3341001272201538,-11.084218978881836
2026-08-04T05:11:59.172000-04:00,9.745442390441895,-1.353624701499939,-11.099066734313965
2026-08-04T05:11:59.176000-04:00,9.757719039916992,-1.3257992267608643,-11.083518028259277
2026-08-04T05:11:59.180000-04:00,9.751522064208984,-1.3358538150787354,-11.08737564086914
2026-08-04T05:11:59.184000-04:00,9.749067306518555,-1.3653160333633423,-11.114383697509766
2026-08-04T05:11:59.188000-04:00,9.744624137878418,-1.380397915840149,-11.125021934509277
2026-08-04T05:11:59.192000-04:00,9.708264350891113,-1.3234609365463257,-11.03172492980957
2026-08-04T05:11:59.196000-04:00,9.697742462158203,-1.3001952171325684,-10.99793815612793
2026-08-04T05:11:59.200000-04:00,9.763564109802246,-1.3197197914123535,-11.083284378051758
2026-08-04T05:11:59.204000-04:00,9.832192420959473,-1.3111850023269653,-11.143377304077148
2026-08-04T05:11:59.208000-04:00,9.995404243469238,-1.12681245803833,-11.122217178344727
2026-08-04T05:11:59.212000-04:00,10.15405559539795,-0.9639519453048706,-11.11800765991211
2026-08-04T05:11:59.216000-04:00,10.185388565063477,-0.44298529624938965,-10.628374099731445
2026-08-04T05:11:59.220000-04:00,10.113954544067383,0.35062363743782043,-9.763330459594727
2026-08-04T05:11:59.224000-04:00,10.051405906677246,0.8510134816169739,-9.200392723083496
2026-08-04T05:11:59.228000-04:00,9.971904754638672,1.1089246273040771,-8.862979888916016
2026-08-04T05:11:59.232000-04:00,9.927945137023926,1.0801639556884766,-8.84778118133545
2026-08-04T05:11:59.236000-04:00,9.818747520446777,0.5750975608825684,-9.243650436401367
2026-08-04T05:11:59.240000-04:00,9.775957107543945,0.11597820371389389,-9.659978866577148
2026-08-04T05:11:59.244000-04:00,9.759004592895508,-0.4456743001937866,-10.204678535461426
2026-08-04T05:11:59.248000-04:00,9.810213088989258,-0.799688458442688,-10.609901428222656
2026-08-04T05:11:59.252000-04:00,9.881647109985352,-0.9298131465911865,-10.811460494995117
2026-08-04T05:11:59.256000-04:00,9.897664070129395,-1.0137571096420288,-10.911420822143555
2026-08-04T05:11:59.260000-04:00,9.836167335510254,-1.0746690034866333,-10.910836219787598
2026-08-04T05:11:59.264000-04:00,9.838155746459961,-1.1517150402069092,-10.98987102508545
2026-08-04T05:11:59.268000-04:00,9.846105575561523,-1.1318397521972656,-10.977945327758789
2026-08-04T05:11:59.272000-04:00,9.853588104248047,-1.1823463439941406,-11.035934448242188
2026-08-04T05:11:59.276000-04:00,9.847975730895996,-1.1920502185821533,-11.04002571105957
2026-08-04T05:11:59.280000-04:00,9.83301067352295,-1.2285271883010864,-11.061537742614746
2026-08-04T05:11:59.284000-04:00,9.840493202209473,-1.2777477502822876,-11.118241310119629
2026-08-04T05:11:59.288000-04:00,9.847041130065918,-1.281722903251648,-11.128764152526855
2026-08-04T05:11:59.292000-04:00,9.848093032836914,-1.2142637968063354,-11.062356948852539
2026-08-04T05:11:59.296000-04:00,9.841428756713867,-1.2118085622787476,-11.053236961364746
2026-08-04T05:11:59.300000-04:00,9.854873657226562,-1.2274749279022217,-11.082348823547363
2026-08-04T05:11:59.304000-04:00,9.859901428222656,-1.2120424509048462,-11.071944236755371
2026-08-04T05:11:59.308000-04:00,9.863876342773438,-1.1817617416381836,-11.045638084411621
2026-08-04T05:11:59.312000-04:00,9.855341911315918,-1.1793066263198853,-11.034648895263672
2026-08-04T05:11:59.316000-04:00,9.858498573303223,-1.1852692365646362,-11.043767929077148
2026-08-04T05:11:59.320000-04:00,9.876269340515137,-1.1458693742752075,-11.022138595581055
2026-08-04T05:11:59.324000-04:00,9.872177124023438,-1.1436480283737183,-11.015825271606445
2026-08-04T05:11:59.328000-04:00,9.860017776489258,-1.1413097381591797,-11.001327514648438
2026-08-04T05:11:59.332000-04:00,9.874866485595703,-1.1466877460479736,-11.021553993225098
2026-08-04T05:11:59.336000-04:00,9.88597297668457,-1.1193299293518066,-11.005302429199219
2026-08-04T05:11:59.340000-04:00,9.88573932647705,-1.1400237083435059,-11.025762557983398
2026-08-04T05:11:59.344000-04:00,9.89427375793457,-1.1061187982559204,-11.00039291381836
2026-08-04T05:11:59.348000-04:00,9.90234088897705,-1.081099271774292,-10.983440399169922
2026-08-04T05:11:59.352000-04:00,9.908771514892578,-1.072213888168335,-10.980985641479492
2026-08-04T05:11:59.356000-04:00,9.909706115722656,-1.087880253791809,-10.997586250305176
2026-08-04T05:11:59.360000-04:00,9.908186912536621,-1.0684726238250732,-10.976659774780273
2026-08-04T05:11:59.364000-04:00,9.934725761413574,-1.0531569719314575,-10.987882614135742
2026-08-04T05:11:59.368000-04:00,9.946651458740234,-1.0269683599472046,-10.97361946105957
2026-08-04T05:11:59.372000-04:00,9.938817977905273,-1.003468632698059,-10.942286491394043
2026-08-04T05:11:59.376000-04:00,9.935076713562012,-0.9906082153320312,-10.925684928894043
2026-08-04T05:11:59.380000-04:00,9.964422225952148,-0.9630166292190552,-10.927438735961914
2026-08-04T05:11:59.384000-04:00,9.975646018981934,-0.9350742697715759,-10.910719871520996
2026-08-04T05:11:59.388000-04:00,9.990376472473145,-0.9289947748184204,-10.919371604919434
2026-08-04T05:11:59.392000-04:00,10.014577865600586,-0.9011693596839905,-10.91574764251709
2026-08-04T05:11:59.396000-04:00,10.032699584960938,-0.8641077876091003,-10.896807670593262
2026-08-04T05:11:59.400000-04:00,10.057719230651855,-0.810210645198822,-10.867929458618164
2026-08-04T05:11:59.404000-04:00,10.063681602478027,-0.7973501682281494,-10.861031532287598
2026-08-04T05:11:59.408000-04:00,10.092325210571289,-0.7661342620849609,-10.85845947265625
2026-08-04T05:11:59.412000-04:00,10.096183776855469,-0.76017165184021,-10.856355667114258
2026-08-04T05:11:59.416000-04:00,10.14142894744873,-0.7012472748756409,-10.842676162719727
2026-08-04T05:11:59.420000-04:00,10.150547981262207,-0.635308027267456,-10.785856246948242
2026-08-04T05:11:59.424000-04:00,10.160135269165039,-0.6444272994995117,-10.80456256866455
2026-08-04T05:11:59.428000-04:00,10.151834487915039,-0.6560017466545105,-10.807836532592773
2026-08-04T05:11:59.432000-04:00,10.14750862121582,-0.6424397826194763,-10.789948463439941
2026-08-04T05:11:59.436000-04:00,10.118163108825684,-0.6922448873519897,-10.810407638549805
2026-08-04T05:11:59.440000-04:00,10.10261344909668,-0.6347234845161438,-10.737337112426758
2026-08-04T05:11:59.444000-04:00,10.099690437316895,-0.6102885603904724,-10.709979057312012
2026-08-04T05:11:59.448000-04:00,10.097469329833984,-0.6008185744285583,-10.698287963867188
2026-08-04T05:11:59.452000-04:00,10.069526672363281,-0.6122760772705078,-10.681802749633789
2026-08-04T05:11:59.456000-04:00,10.079581260681152,-0.6584569215774536,-10.738038063049316
2026-08-04T05:11:59.460000-04:00,10.07525634765625,-0.6945831775665283,-10.7698392868042
2026-08-04T05:11:59.464000-04:00,10.080049514770508,-0.7514031529426575,-10.831452369689941
2026-08-04T05:11:59.468000-04:00,10.096768379211426,-0.7896338701248169,-10.886402130126953
2026-08-04T05:11:59.472000-04:00,10.078529357910156,-0.8151209950447083,-10.89365005493164
2026-08-04T05:11:59.476000-04:00,10.039597511291504,-0.8538193702697754,-10.893417358398438
2026-08-04T05:11:59.480000-04:00,9.994117736816406,-0.913211464881897,-10.907329559326172
2026-08-04T05:11:59.484000-04:00,9.93940258026123,-0.9482855200767517,-10.887687683105469
2026-08-04T05:11:59.488000-04:00,9.925373077392578,-0.9750587344169617,-10.900431632995605
2026-08-04T05:11:59.492000-04:00,9.917656898498535,-1.0176151990890503,-10.935272216796875
2026-08-04T05:11:59.496000-04:00,9.888077735900879,-1.0630946159362793,-10.951171875
2026-08-04T05:11:59.500000-04:00,9.846339225769043,-1.111964464187622,-10.958303451538086
2026-08-04T05:11:59.504000-04:00,9.829854011535645,-1.1144195795059204,-10.944273948669434
2026-08-04T05:11:59.508000-04:00,9.816642761230469,-1.1311382055282593,-10.94778060913086
2026-08-04T05:11:59.512000-04:00,9.813252449035645,-1.143531084060669,-10.956783294677734
2026-08-04T05:11:59.516000-04:00,9.809277534484863,-1.1712396144866943,-10.980517387390137
2026-08-04T05:11:59.520000-04:00,9.805419921875,-1.1932193040847778,-10.998639106750488
2026-08-04T05:11:59.524000-04:00,9.78495979309082,-1.203507661819458,-10.9884672164917
2026-08-04T05:11:59.528000-04:00,9.761927604675293,-1.235658884048462,-10.997586250305176
2026-08-04T05:11:59.532000-04:00,9.732114791870117,-1.2340221405029297,-10.966136932373047
2026-08-04T05:11:59.536000-04:00,9.705574989318848,-1.2664071321487427,-10.9719820022583
2026-08-04T05:11:59.540000-04:00,9.730828285217285,-1.239517092704773,-10.970345497131348
2026-08-04T05:11:59.544000-04:00,9.782855033874512,-1.2033908367156982,-10.986246109008789
2026-08-04T05:11:59.548000-04:00,9.765084266662598,-1.2023385763168335,-10.967422485351562
2026-08-04T05:11:59.552000-04:00,9.745208740234375,-1.2239675521850586,-10.969176292419434
2026-08-04T05:11:59.556000-04:00,9.713642120361328,-1.2151991128921509,-10.928841590881348
2026-08-04T05:11:59.560000-04:00,9.718786239624023,-1.2234998941421509,-10.942286491394043
2026-08-04T05:11:59.564000-04:00,9.745793342590332,-1.242439866065979,-10.98823356628418
2026-08-04T05:11:59.568000-04:00,9.76835823059082,-1.2285271883010864,-10.996885299682617
2026-08-04T05:11:59.572000-04:00,9.761576652526855,-1.1936869621276855,-10.955263137817383
2026-08-04T05:11:59.576000-04:00,9.77280044555664,-1.206196665763855,-10.978997230529785
2026-08-04T05:11:59.580000-04:00,9.771748542785645,-1.2105225324630737,-10.982271194458008
2026-08-04T05:11:59.584000-04:00,9.763564109802246,-1.197895884513855,-10.96146011352539
2026-08-04T05:11:59.588000-04:00,9.761927604675293,-1.21543288230896,-10.977360725402832
2026-08-04T05:11:59.592000-04:00,9.783088684082031,-1.2097041606903076,-10.992793083190918
2026-08-04T05:11:59.596000-04:00,9.770228385925293,-1.2112239599227905,-10.981451988220215
2026-08-04T05:11:59.600000-04:00,9.774436950683594,-1.183281660079956,-10.957718849182129
2026-08-04T05:11:59.604000-04:00,9.776308059692383,-1.196726679801941,-10.973034858703613
2026-08-04T05:11:59.608000-04:00,9.794196128845215,-1.165744662284851,-10.959940910339355
2026-08-04T05:11:59.612000-04:00,9.778646469116211,-1.1783713102340698,-10.95701789855957
2026-08-04T05:11:59.616000-04:00,9.775840759277344,-1.1413097381591797,-10.917150497436523
2026-08-04T05:11:59.620000-04:00,9.781218528747559,-1.167849063873291,-10.949068069458008
2026-08-04T05:11:59.624000-04:00,9.772099494934082,-1.169018268585205,-10.941118240356445
2026-08-04T05:11:59.628000-04:00,9.753626823425293,-1.1900626420974731,-10.943689346313477
2026-08-04T05:11:59.632000-04:00,9.75619888305664,-1.198129653930664,-10.954328536987305
2026-08-04T05:11:59.636000-04:00,9.734686851501465,-1.18246328830719,-10.917150497436523
2026-08-04T05:11:59.640000-04:00,9.733166694641113,-1.1977789402008057,-10.93094539642334
2026-08-04T05:11:59.644000-04:00,9.750821113586426,-1.1949729919433594,-10.945794105529785
2026-08-04T05:11:59.648000-04:00,9.76227855682373,-1.1926347017288208,-10.954913139343262
2026-08-04T05:11:59.652000-04:00,9.759706497192383,-1.1836323738098145,-10.943338394165039
2026-08-04T05:11:59.656000-04:00,9.755965232849121,-1.1852692365646362,-10.941234588623047
2026-08-04T05:11:59.660000-04:00,9.753042221069336,-1.1662123203277588,-10.919254302978516
2026-08-04T05:11:59.664000-04:00,9.743338584899902,-1.1845676898956299,-10.927906036376953
2026-08-04T05:11:59.668000-04:00,9.74170207977295,-1.1821125745773315,-10.92381477355957
2026-08-04T05:11:59.672000-04:00,9.73129653930664,-1.204092264175415,-10.935388565063477
2026-08-04T05:11:59.676000-04:00,9.732232093811035,-1.185970664024353,-10.91820240020752
2026-08-04T05:11:59.680000-04:00,9.721358299255371,-1.202689290046692,-10.924047470092773
2026-08-04T05:11:59.684000-04:00,9.758186340332031,-1.2095872163772583,-10.9677734375
2026-08-04T05:11:59.688000-04:00,9.771280288696289,-1.2218631505966187,-10.993143081665039
2026-08-04T05:11:59.692000-04:00,9.766955375671387,-1.2141468524932861,-10.981101989746094
2026-08-04T05:11:59.696000-04:00,9.766487121582031,-1.2327361106872559,-10.999223709106445
2026-08-04T05:11:59.700000-04:00,9.753744125366211,-1.254949688911438,-11.00869369506836
2026-08-04T05:11:59.704000-04:00,9.745793342590332,-1.2618476152420044,-11.007640838623047
2026-08-04T05:11:59.708000-04:00,9.751639366149902,-1.2602107524871826,-11.011850357055664
2026-08-04T05:11:59.712000-04:00,9.749067306518555,-1.2319177389144897,-10.980984687805176
2026-08-04T05:11:59.716000-04:00,9.748833656311035,-1.189828872680664,-10.9386625289917
2026-08-04T05:11:59.720000-04:00,9.74170207977295,-1.2090026140213013,-10.950704574584961
2026-08-04T05:11:59.724000-04:00,9.762629508972168,-1.2471164464950562,-11.009745597839355
2026-08-04T05:11:59.728000-04:00,9.762394905090332,-1.1969605684280396,-10.959355354309082
2026-08-04T05:11:59.732000-04:00,9.751522064208984,-1.1547547578811646,-10.90627670288086
2026-08-04T05:11:59.736000-04:00,9.732465744018555,-1.1915825605392456,-10.92404842376709
2026-08-04T05:11:59.740000-04:00,9.736674308776855,-1.1955575942993164,-10.932231903076172
2026-08-04T05:11:59.744000-04:00,9.770112037658691,-1.1600159406661987,-10.93012809753418
2026-08-04T05:11:59.748000-04:00,9.770228385925293,-1.1569761037826538,-10.927204132080078
2026-08-04T05:11:59.752000-04:00,9.746846199035645,-1.1079894304275513,-10.854835510253906
2026-08-04T05:11:59.756000-04:00,9.7153959274292,-1.0834375619888306,-10.798833847045898
2026-08-04T05:11:59.760000-04:00,9.725801467895508,-1.0760719776153564,-10.801873207092285
2026-08-04T05:11:59.764000-04:00,9.73398494720459,-1.056196689605713,-10.790182113647461
2026-08-04T05:11:59.768000-04:00,9.73129653930664,-1.0377243757247925,-10.769021034240723
2026-08-04T05:11:59.772000-04:00,9.732699394226074,-1.0725646018981934,-10.80526351928711
2026-08-04T05:11:59.776000-04:00,9.747430801391602,-1.0796962976455688,-10.827127456665039
2026-08-04T05:11:59.780000-04:00,9.740766525268555,-1.182697057723999,-10.923463821411133
2026-08-04T05:11:59.784000-04:00,9.734453201293945,-1.1811772584915161,-10.915630340576172
2026-08-04T05:11:59.788000-04:00,9.73597240447998,-1.161652684211731,-10.897624969482422
2026-08-04T05:11:59.792000-04:00,9.712823867797852,-1.1906472444534302,-10.903470993041992
2026-08-04T05:11:59.796000-04:00,9.70276927947998,-1.205261468887329,-10.90803050994873
2026-08-04T05:11:59.800000-04:00,9.68418025970459,-1.284061074256897,-10.968241691589355
2026-08-04T05:11:59.804000-04:00,9.66594123840332,-1.2987922430038452,-10.964733123779297
2026-08-04T05:11:59.808000-04:00,9.652029037475586,-1.293297290802002,-10.94532585144043
2026-08-04T05:11:59.812000-04:00,9.679503440856934,-1.2820736169815063,-10.961577415466309
2026-08-04T05:11:59.816000-04:00,9.691429138183594,-1.3510525226593018,-11.042481422424316
2026-08-04T05:11:59.820000-04:00,9.676230430603027,-1.3227595090866089,-10.998990058898926
2026-08-04T05:11:59.824000-04:00,9.689675331115723,-1.3151601552963257,-11.00483512878418
2026-08-04T05:11:59.828000-04:00,9.684531211853027,-1.3649653196334839,-11.0494966506958
2026-08-04T05:11:59.832000-04:00,9.68394660949707,-1.3763059377670288,-11.06025218963623
2026-08-04T05:11:59.836000-04:00,9.668045997619629,-1.3553783893585205,-11.02342414855957
2026-08-04T05:11:59.840000-04:00,9.676931381225586,-1.365199089050293,-11.042130470275879
2026-08-04T05:11:59.844000-04:00,9.671319961547852,-1.3345677852630615,-11.005887985229492
2026-08-04T05:11:59.848000-04:00,9.66781234741211,-1.3232271671295166,-10.991039276123047
2026-08-04T05:11:59.852000-04:00,9.656471252441406,-1.3088468313217163,-10.965317726135254
2026-08-04T05:11:59.856000-04:00,9.663135528564453,-1.317615270614624,-10.980751037597656
2026-08-04T05:11:59.860000-04:00,9.656588554382324,-1.3392442464828491,-10.995832443237305
2026-08-04T05:11:59.864000-04:00,9.639986991882324,-1.3861266374588013,-11.026113510131836
2026-08-04T05:11:59.868000-04:00,9.609589576721191,-1.3491820096969604,-10.958771705627441
2026-08-04T05:11:59.872000-04:00,9.59567642211914,-1.331644892692566,-10.927321434020996
2026-08-04T05:11:59.876000-04:00,9.642792701721191,-1.3463760614395142,-10.989169120788574
2026-08-04T05:11:59.880000-04:00,9.747430801391602,-1.3172645568847656,-11.064695358276367
2026-08-04T05:11:59.884000-04:00,9.948287963867188,-1.128098487854004,-11.076386451721191
2026-08-04T05:11:59.888000-04:00,10.100275039672852,-0.8745130896568298,-10.974787712097168
2026-08-04T05:11:59.892000-04:00,10.041701316833496,-0.3284100592136383,-10.370111465454102
2026-08-04T05:11:59.896000-04:00,9.963837623596191,0.1794622391462326,-9.784375190734863
2026-08-04T05:11:59.900000-04:00,9.843884468078613,0.9251366257667542,-8.918747901916504
2026-08-04T05:11:59.904000-04:00,9.804133415222168,1.0542091131210327,-8.749924659729004
2026-08-04T05:11:59.908000-04:00,9.735037803649902,0.950506865978241,-8.784530639648438
2026-08-04T05:11:59.912000-04:00,9.668981552124023,0.5859705209732056,-9.08301067352295
2026-08-04T05:11:59.916000-04:00,9.590883255004883,-0.11527672410011292,-9.706159591674805
2026-08-04T05:11:59.920000-04:00,9.609472274780273,-0.6461809873580933,-10.255653381347656
2026-08-04T05:11:59.924000-04:00,9.66126537322998,-0.9423229098320007,-10.603588104248047
2026-08-04T05:11:59.928000-04:00,9.772333145141602,-1.0370228290557861,-10.809355735778809
2026-08-04T05:11:59.932000-04:00,9.788116455078125,-1.03000807762146,-10.818124771118164
2026-08-04T05:11:59.936000-04:00,9.728139877319336,-1.0985193252563477,-10.826659202575684
2026-08-04T05:11:59.940000-04:00,9.738194465637207,-1.1700704097747803,-10.908265113830566
2026-08-04T05:11:59.944000-04:00,9.75643253326416,-1.2075996398925781,-10.964032173156738
2026-08-04T05:11:59.948000-04:00,9.744039535522461,-1.2396340370178223,-10.983673095703125
2026-08-04T05:11:59.952000-04:00,9.732465744018555,-1.304871678352356,-11.037337303161621
2026-08-04T05:11:59.956000-04:00,9.73129653930664,-1.2770463228225708,-11.008342742919922
2026-08-04T05:11:59.960000-04:00,9.720306396484375,-1.270031452178955,-10.990337371826172
2026-08-04T05:11:59.964000-04:00,9.735505104064941,-1.3269684314727783,-11.06247329711914
2026-08-04T05:11:59.968000-04:00,9.755965232849121,-1.2748249769210815,-11.030790328979492
2026-08-04T05:11:59.972000-04:00,9.758186340332031,-1.2596261501312256,-11.017812728881836
2026-08-04T05:11:59.976000-04:00,9.764850616455078,-1.258457064628601,-11.023307800292969
2026-08-04T05:11:59.980000-04:00,9.770228385925293,-1.2323853969573975,-11.00261402130127
2026-08-04T05:11:59.984000-04:00,9.772099494934082,-1.2347235679626465,-11.00682258605957
2026-08-04T05:11:59.988000-04:00,9.775840759277344,-1.2325022220611572,-11.008342742919922
2026-08-04T05:11:59.992000-04:00,9.78940200805664,-1.228176474571228,-11.017578125
2026-08-04T05:11:59.996000-04:00,9.779464721679688,-1.2295794486999512,-11.009044647216797
2026-08-04T05:12:00-04:00,9.793143272399902,-1.231099247932434,-11.024242401123047
2026-08-04T05:12:00.004000-04:00,9.78495979309082,-1.2197587490081787,-11.004718780517578
2026-08-04T05:12:00.008000-04:00,9.807757377624512,-1.1996495723724365,-11.007407188415527
2026-08-04T05:12:00.012000-04:00,9.803197860717773,-1.183866262435913,-10.987064361572266
2026-08-04T05:12:00.016000-04:00,9.789870262145996,-1.183047890663147,-10.972918510437012
2026-08-04T05:12:00.020000-04:00,9.811382293701172,-1.1628217697143555,-10.974204063415527
2026-08-04T05:12:00.024000-04:00,9.817111015319824,-1.144934058189392,-10.962044715881348
2026-08-04T05:12:00.028000-04:00,9.831491470336914,-1.1279815435409546,-10.95947265625
2026-08-04T05:12:00.032000-04:00,9.835115432739258,-1.1285661458969116,-10.9636812210083
2026-08-04T05:12:00.036000-04:00,9.855224609375,-1.1190961599349976,-10.974320411682129
2026-08-04T05:12:00.040000-04:00,9.848209381103516,-1.0886986255645752,-10.936907768249512
2026-08-04T05:12:00.044000-04:00,9.864928245544434,-1.0785272121429443,-10.943455696105957
2026-08-04T05:12:00.048000-04:00,9.883517265319824,-1.0758382081985474,-10.959355354309082
2026-08-04T05:12:00.052000-04:00,9.893571853637695,-1.0798132419586182,-10.973384857177734
2026-08-04T05:12:00.056000-04:00,9.894156455993652,-1.0544430017471313,-10.948599815368652
2026-08-04T05:12:00.060000-04:00,9.910408020019531,-1.0269683599472046,-10.937376022338867
2026-08-04T05:12:00.064000-04:00,9.930517196655273,-1.0008965730667114,-10.931413650512695
2026-08-04T05:12:00.068000-04:00,9.942208290100098,-0.9816058874130249,-10.923813819885254
2026-08-04T05:12:00.072000-04:00,9.9701509475708,-0.9399846792221069,-10.910135269165039
2026-08-04T05:12:00.076000-04:00,9.996456146240234,-0.9448950290679932,-10.941350936889648
2026-08-04T05:12:00.080000-04:00,9.996923446655273,-0.9173034429550171,-10.914226531982422
2026-08-04T05:12:00.084000-04:00,10.02206039428711,-0.8307874202728271,-10.852848052978516
2026-08-04T05:12:00.088000-04:00,10.0406494140625,-0.7818006873130798,-10.822449684143066
2026-08-04T05:12:00.092000-04:00,10.050119400024414,-0.7561966180801392,-10.806316375732422
2026-08-04T05:12:00.096000-04:00,10.068825721740723,-0.7298910617828369,-10.79871654510498
2026-08-04T05:12:00.100000-04:00,10.071515083312988,-0.7159783840179443,-10.787493705749512
2026-08-04T05:12:00.104000-04:00,10.090104103088379,-0.722876250743866,-10.812980651855469
2026-08-04T05:12:00.108000-04:00,10.100509643554688,-0.7222917079925537,-10.82280158996582
2026-08-04T05:12:00.112000-04:00,10.099574089050293,-0.7103664875030518,-10.809940338134766
2026-08-04T05:12:00.116000-04:00,10.095599174499512,-0.7048715949058533,-10.800470352172852
2026-08-04T05:12:00.120000-04:00,10.106003761291504,-0.7200703024864197,-10.82607364654541
2026-08-04T05:12:00.124000-04:00,10.105185508728027,-0.7137569785118103,-10.818942070007324
2026-08-04T05:12:00.128000-04:00,10.082855224609375,-0.716913640499115,-10.799768447875977
2026-08-04T05:12:00.132000-04:00,10.060641288757324,-0.7260329127311707,-10.786674499511719
2026-08-04T05:12:00.136000-04:00,10.036791801452637,-0.7718630433082581,-10.80865478515625
2026-08-04T05:12:00.140000-04:00,10.019604682922363,-0.8195637464523315,-10.839168548583984
2026-08-04T05:12:00.144000-04:00,10.006393432617188,-0.8499612212181091,-10.856354713439941
2026-08-04T05:12:00.148000-04:00,9.969098091125488,-0.8763837218284607,-10.845481872558594
2026-08-04T05:12:00.152000-04:00,9.942559242248535,-0.9271241426467896,-10.869683265686035
2026-08-04T05:12:00.156000-04:00,9.916136741638184,-0.9590415358543396,-10.875178337097168
2026-08-04T05:12:00.160000-04:00,9.901054382324219,-0.9903743863105774,-10.89142894744873
2026-08-04T05:12:00.164000-04:00,9.864577293395996,-1.0531569719314575,-10.917734146118164
2026-08-04T05:12:00.168000-04:00,9.857913970947266,-1.068355679512024,-10.92626953125
2026-08-04T05:12:00.172000-04:00,9.831023216247559,-1.09384286403656,-10.92486572265625
2026-08-04T05:12:00.176000-04:00,9.813369750976562,-1.1083401441574097,-10.921710014343262
2026-08-04T05:12:00.180000-04:00,9.789870262145996,-1.169018268585205,-10.95888900756836
2026-08-04T05:12:00.184000-04:00,9.783906936645508,-1.194037675857544,-10.977944374084473
2026-08-04T05:12:00.188000-04:00,9.767189025878906,-1.2049106359481812,-10.972099304199219
2026-08-04T05:12:00.192000-04:00,9.743805885314941,-1.2233830690383911,-10.967188835144043
2026-08-04T05:12:00.196000-04:00,9.75035285949707,-1.2560018301010132,-11.006354331970215
2026-08-04T05:12:00.200000-04:00,9.739129066467285,-1.2465318441390991,-10.985660552978516
2026-08-04T05:12:00.204000-04:00,9.73129653930664,-1.2560018301010132,-10.987298011779785
2026-08-04T05:12:00.208000-04:00,9.72767162322998,-1.2496885061264038,-10.977359771728516
2026-08-04T05:12:00.212000-04:00,9.71761703491211,-1.2517930269241333,-10.969409942626953
2026-08-04T05:12:00.216000-04:00,9.710953712463379,-1.2326191663742065,-10.943572998046875
2026-08-04T05:12:00.220000-04:00,9.713525772094727,-1.260561466217041,-10.97408676147461
2026-08-04T05:12:00.224000-04:00,9.712356567382812,-1.2679270505905151,-10.980283737182617
2026-08-04T05:12:00.228000-04:00,9.711771965026855,-1.2585740089416504,-10.970346450805664
2026-08-04T05:12:00.232000-04:00,9.709900856018066,-1.2775139808654785,-10.987415313720703
2026-08-04T05:12:00.236000-04:00,9.70908260345459,-1.2591584920883179,-10.968240737915039
2026-08-04T05:12:00.240000-04:00,9.716214179992676,-1.2337883710861206,-10.950002670288086
2026-08-04T05:12:00.244000-04:00,9.707797050476074,-1.2109901905059814,-10.918787002563477
2026-08-04T05:12:00.248000-04:00,9.700430870056152,-1.2447781562805176,-10.945209503173828
2026-08-04T05:12:00.252000-04:00,9.712122917175293,-1.2464150190353394,-10.958538055419922
2026-08-04T05:12:00.256000-04:00,9.71469497680664,-1.2360097169876099,-10.950704574584961
2026-08-04T05:12:00.260000-04:00,9.72100830078125,-1.2190572023391724,-10.940065383911133
2026-08-04T05:12:00.264000-04:00,9.712590217590332,-1.2123931646347046,-10.924983024597168
2026-08-04T05:12:00.268000-04:00,9.724514961242676,-1.182697057723999,-10.907212257385254
2026-08-04T05:12:00.272000-04:00,9.726386070251465,-1.1742793321609497,-10.900665283203125
2026-08-04T05:12:00.276000-04:00,9.721826553344727,-1.171707272529602,-10.893533706665039
2026-08-04T05:12:00.280000-04:00,9.734219551086426,-1.1596651077270508,-10.893884658813477
2026-08-04T05:12:00.284000-04:00,9.740181922912598,-1.2185895442962646,-10.958771705627441
2026-08-04T05:12:00.288000-04:00,9.735738754272461,-1.1948561668395996,-10.930595397949219
2026-08-04T05:12:00.292000-04:00,9.73784351348877,-1.2033908367156982,-10.941234588623047
2026-08-04T05:12:00.296000-04:00,9.740181922912598,-1.2007018327713013,-10.94088363647461
2026-08-04T05:12:00.300000-04:00,9.737025260925293,-1.1725256443023682,-10.909550666809082
2026-08-04T05:12:00.304000-04:00,9.749183654785156,-1.1344118118286133,-10.88359546661377
2026-08-04T05:12:00.308000-04:00,9.752808570861816,-1.1358147859573364,-10.888623237609863
2026-08-04T05:12:00.312000-04:00,9.75222396850586,-1.1333595514297485,-10.885583877563477
2026-08-04T05:12:00.316000-04:00,9.748015403747559,-1.148207664489746,-10.896223068237305
2026-08-04T05:12:00.320000-04:00,9.741000175476074,-1.1471554040908813,-10.888155937194824
2026-08-04T05:12:00.324000-04:00,9.744507789611816,-1.180592656135559,-10.925100326538086
2026-08-04T05:12:00.328000-04:00,9.746846199035645,-1.1456354856491089,-10.892481803894043
2026-08-04T05:12:00.332000-04:00,9.739246368408203,-1.1299691200256348,-10.86921501159668
2026-08-04T05:12:00.336000-04:00,9.747547149658203,-1.1769683361053467,-10.924515724182129
2026-08-04T05:12:00.340000-04:00,9.761576652526855,-1.1677321195602417,-10.929308891296387
2026-08-04T05:12:00.344000-04:00,9.761576652526855,-1.1677321195602417,-10.929308891296387
2026-08-04T05:12:00.348000-04:00,9.73760986328125,-1.1992988586425781,-10.936908721923828
2026-08-04T05:12:00.352000-04:00,9.748833656311035,-1.176500678062439,-10.925333976745605
2026-08-04T05:12:00.356000-04:00,9.742753982543945,-1.1862045526504517,-10.928958892822266
2026-08-04T05:12:00.360000-04:00,9.740415573120117,-1.1841000318527222,-10.924515724182129
2026-08-04T05:12:00.364000-04:00,9.746495246887207,-1.1681997776031494,-10.914694786071777
2026-08-04T05:12:00.368000-04:00,9.748249053955078,-1.1844508647918701,-10.932700157165527
2026-08-04T05:12:00.372000-04:00,9.749183654785156,-1.1953238248825073,-10.944507598876953
2026-08-04T05:12:00.376000-04:00,9.747196197509766,-1.2031569480895996,-10.950353622436523
2026-08-04T05:12:00.380000-04:00,9.737141609191895,-1.2134453058242798,-10.950587272644043
2026-08-04T05:12:00.384000-04:00,9.742987632751465,-1.2322684526443481,-10.975255966186523
2026-08-04T05:12:00.388000-04:00,9.744039535522461,-1.2212785482406616,-10.965317726135254
2026-08-04T05:12:00.392000-04:00,9.728958129882812,-1.2298132181167603,-10.958771705627441
2026-08-04T05:12:00.396000-04:00,9.728373527526855,-1.2126269340515137,-10.940999984741211
2026-08-04T05:12:00.400000-04:00,9.734102249145508,-1.1928685903549194,-10.926970481872559
2026-08-04T05:12:00.404000-04:00,9.749300956726074,-1.1918163299560547,-10.941117286682129
2026-08-04T05:12:00.408000-04:00,9.75000286102295,-1.1870229244232178,-10.937026023864746
2026-08-04T05:12:00.412000-04:00,9.746261596679688,-1.1863213777542114,-10.93258285522461
2026-08-04T05:12:00.416000-04:00,9.724749565124512,-1.1687843799591064,-10.893533706665039
2026-08-04T05:12:00.420000-04:00,9.751405715942383,-1.134294867515564,-10.885700225830078
2026-08-04T05:12:00.424000-04:00,9.75666618347168,-1.1496106386184692,-10.90627670288086
2026-08-04T05:12:00.428000-04:00,9.769643783569336,-1.1538194417953491,-10.923462867736816
2026-08-04T05:12:00.432000-04:00,9.753275871276855,-1.1666799783706665,-10.91995620727539
2026-08-04T05:12:00.436000-04:00,9.716565132141113,-1.0939598083496094,-10.810524940490723
2026-08-04T05:12:00.440000-04:00,9.718669891357422,-1.0655497312545776,-10.784219741821289
2026-08-04T05:12:00.444000-04:00,9.74181842803955,-1.053741455078125,-10.795559883117676
2026-08-04T05:12:00.448000-04:00,9.746261596679688,-1.0286051034927368,-10.774867057800293
2026-08-04T05:12:00.452000-04:00,9.735271453857422,-1.0387765169143677,-10.7740478515625
2026-08-04T05:12:00.456000-04:00,9.749768257141113,-1.0439207553863525,-10.793688774108887
2026-08-04T05:12:00.460000-04:00,9.76473331451416,-1.0648483037948608,-10.829581260681152
2026-08-04T05:12:00.464000-04:00,9.765902519226074,-1.0729153156280518,-10.838817596435547
2026-08-04T05:12:00.468000-04:00,9.753860473632812,-1.1415435075759888,-10.895403861999512
2026-08-04T05:12:00.472000-04:00,9.735037803649902,-1.1795403957366943,-10.914578437805176
2026-08-04T05:12:00.476000-04:00,9.727906227111816,-1.2239675521850586,-10.951873779296875
2026-08-04T05:12:00.480000-04:00,9.73597240447998,-1.2330868244171143,-10.969058990478516
2026-08-04T05:12:00.484000-04:00,9.725334167480469,-1.2517930269241333,-10.977127075195312
2026-08-04T05:12:00.488000-04:00,9.734453201293945,-1.252260684967041,-10.986713409423828
2026-08-04T05:12:00.492000-04:00,9.703704833984375,-1.2708499431610107,-10.974555015563965
2026-08-04T05:12:00.496000-04:00,9.702301979064941,-1.3035856485366821,-11.005887985229492
2026-08-04T05:12:00.500000-04:00,9.719721794128418,-1.2643027305603027,-10.984024047851562
2026-08-04T05:12:00.504000-04:00,9.710953712463379,-1.2896729707717896,-11.000626564025879
2026-08-04T05:12:00.508000-04:00,9.7030029296875,-1.295401692390442,-10.998404502868652
2026-08-04T05:12:00.512000-04:00,9.70908260345459,-1.2939987182617188,-11.003081321716309
2026-08-04T05:12:00.516000-04:00,9.718318939208984,-1.3022996187210083,-11.020618438720703
2026-08-04T05:12:00.520000-04:00,9.716682434082031,-1.3399457931518555,-11.056628227233887
2026-08-04T05:12:00.524000-04:00,9.719137191772461,-1.335503101348877,-11.05463981628418
2026-08-04T05:12:00.528000-04:00,9.709667205810547,-1.3366721868515015,-11.04633903503418
2026-08-04T05:12:00.532000-04:00,9.69002628326416,-1.3474282026290894,-11.037454605102539
2026-08-04T05:12:00.536000-04:00,9.695170402526855,-1.3163292407989502,-11.011499404907227
2026-08-04T05:12:00.540000-04:00,9.69633960723877,-1.3558460474014282,-11.052186012268066
2026-08-04T05:12:00.544000-04:00,9.700899124145508,-1.3284882307052612,-11.029387474060059
2026-08-04T05:12:00.548000-04:00,9.692363739013672,-1.3011305332183838,-10.993494033813477
2026-08-04T05:12:00.552000-04:00,9.671904563903809,-1.2655887603759766,-10.937493324279785
2026-08-04T05:12:00.556000-04:00,9.682426452636719,-1.2600938081741333,-10.942520141601562
2026-08-04T05:12:00.560000-04:00,9.72545051574707,-1.291426658630371,-11.016877174377441
2026-08-04T05:12:00.564000-04:00,9.840259552001953,-1.2353081703186035,-11.075567245483398
2026-08-04T05:12:00.568000-04:00,9.983244895935059,-1.1009745597839355,-11.084218978881836
2026-08-04T05:12:00.572000-04:00,10.18433666229248,-0.708028256893158,-10.892364501953125
2026-08-04T05:12:00.576000-04:00,10.117461204528809,-0.0035074055194854736,-10.12096881866455
2026-08-04T05:12:00.580000-04:00,10.035738945007324,0.5439985990524292,-9.491740226745605
2026-08-04T05:12:00.584000-04:00,9.921865463256836,1.0529230833053589,-8.868942260742188
2026-08-04T05:12:00.588000-04:00,9.909238815307617,1.072213888168335,-8.837024688720703
2026-08-04T05:12:00.592000-04:00,9.830204963684082,0.843180239200592,-8.987024307250977
2026-08-04T05:12:00.596000-04:00,9.771397590637207,0.4358535706996918,-9.335543632507324
2026-08-04T05:12:00.600000-04:00,9.696573257446289,-0.21219803392887115,-9.908771514892578
2026-08-04T05:12:00.604000-04:00,9.678802490234375,-0.5964927673339844,-10.27529525756836
2026-08-04T05:12:00.608000-04:00,9.756549835205078,-0.9168357849121094,-10.673385620117188
2026-08-04T05:12:00.612000-04:00,9.838739395141602,-1.0115357637405396,-10.850275039672852
2026-08-04T05:12:00.616000-04:00,9.837571144104004,-1.0443884134292603,-10.881959915161133
2026-08-04T05:12:00.620000-04:00,9.773151397705078,-1.1084569692611694,-10.881608009338379
2026-08-04T05:12:00.624000-04:00,9.776541709899902,-1.18865966796875,-10.965201377868652
2026-08-04T05:12:00.628000-04:00,9.789519309997559,-1.2328530550003052,-11.022372245788574
2026-08-04T05:12:00.632000-04:00,9.783088684082031,-1.2438428401947021,-11.026931762695312
2026-08-04T05:12:00.636000-04:00,9.790688514709473,-1.1908810138702393,-10.981569290161133
2026-08-04T05:12:00.640000-04:00,9.791155815124512,-1.171122670173645,-10.962278366088867
2026-08-04T05:12:00.644000-04:00,9.792325019836426,-1.1812942028045654,-10.97361946105957
2026-08-04T05:12:00.648000-04:00,9.795949935913086,-1.2286441326141357,-11.0245943069458
2026-08-04T05:12:00.652000-04:00,9.800392150878906,-1.2351912260055542,-11.03558349609375
2026-08-04T05:12:00.656000-04:00,9.814538955688477,-1.2083011865615845,-11.02284049987793
2026-08-04T05:12:00.660000-04:00,9.820150375366211,-1.1902965307235718,-11.010446548461914
2026-08-04T05:12:00.664000-04:00,9.820968627929688,-1.2091195583343506,-11.030088424682617
2026-08-04T05:12:00.668000-04:00,9.81816291809082,-1.2171865701675415,-11.03534984588623
2026-08-04T05:12:00.672000-04:00,9.819683074951172,-1.2012863159179688,-11.02096939086914
2026-08-04T05:12:00.676000-04:00,9.856042861938477,-1.1985973119735718,-11.05463981628418
2026-08-04T05:12:00.680000-04:00,9.800859451293945,-1.1581453084945679,-10.959004402160645
2026-08-04T05:12:00.684000-04:00,9.79910659790039,-1.203858494758606,-11.002964973449707
2026-08-04T05:12:00.688000-04:00,9.81594181060791,-1.231450080871582,-11.047391891479492
2026-08-04T05:12:00.692000-04:00,9.82003402709961,-1.2585740089416504,-11.078607559204102
2026-08-04T05:12:00.696000-04:00,9.827866554260254,-1.1638740301132202,-10.991740226745605
2026-08-04T05:12:00.700000-04:00,9.830906867980957,-1.158379077911377,-10.989286422729492
2026-08-04T05:12:00.704000-04:00,9.846572875976562,-1.1325411796569824,-10.979114532470703
2026-08-04T05:12:00.708000-04:00,9.856627464294434,-1.1189792156219482,-10.975606918334961
2026-08-04T05:12:00.712000-04:00,9.860017776489258,-1.1306705474853516,-10.99068832397461
2026-08-04T05:12:00.716000-04:00,9.861771583557129,-1.0955965518951416,-10.957367897033691
2026-08-04T05:12:00.720000-04:00,9.876736640930176,-1.0823853015899658,-10.959121704101562
2026-08-04T05:12:00.724000-04:00,9.886557579040527,-1.080514669418335,-10.967072486877441
2026-08-04T05:12:00.728000-04:00,9.889714241027832,-1.0586519241333008,-10.948366165161133
2026-08-04T05:12:00.732000-04:00,9.909472465515137,-1.020538091659546,-10.930010795593262
2026-08-04T05:12:00.736000-04:00,9.917072296142578,-1.008028268814087,-10.925100326538086
2026-08-04T05:12:00.740000-04:00,9.91917610168457,-1.021356463432312,-10.940532684326172
2026-08-04T05:12:00.744000-04:00,9.951560974121094,-0.9769293069839478,-10.92849063873291
2026-08-04T05:12:00.748000-04:00,9.961966514587402,-0.9266564846038818,-10.888623237609863
2026-08-04T05:12:00.752000-04:00,9.973657608032227,-0.922681450843811,-10.896339416503906
2026-08-04T05:12:00.756000-04:00,9.99715805053711,-0.876968264579773,-10.874126434326172
2026-08-04T05:12:00.760000-04:00,10.002652168273926,-0.8669136762619019,-10.869565963745117
2026-08-04T05:12:00.764000-04:00,10.039363861083984,-0.7951288223266602,-10.834492683410645
2026-08-04T05:12:00.768000-04:00,10.055147171020508,-0.7792285680770874,-10.834375381469727
2026-08-04T05:12:00.772000-04:00,10.067071914672852,-0.7691739797592163,-10.8362455368042
2026-08-04T05:12:00.776000-04:00,10.08191967010498,-0.715861439704895,-10.797780990600586
2026-08-04T05:12:00.780000-04:00,10.088583946228027,-0.7059237957000732,-10.79450798034668
2026-08-04T05:12:00.784000-04:00,10.102964401245117,-0.6868668794631958,-10.789831161499023
2026-08-04T05:12:00.788000-04:00,10.122371673583984,-0.675292432308197,-10.797663688659668
2026-08-04T05:12:00.792000-04:00,10.100041389465332,-0.6589245796203613,-10.758966445922852
2026-08-04T05:12:00.796000-04:00,10.097469329833984,-0.6584569215774536,-10.755926132202148
2026-08-04T05:12:00.800000-04:00,10.093027114868164,-0.6550664305686951,-10.748093605041504
2026-08-04T05:12:00.804000-04:00,10.075372695922852,-0.679618239402771,-10.754990577697754
2026-08-04T05:12:00.808000-04:00,10.078646659851074,-0.6938816905021667,-10.772528648376465
2026-08-04T05:12:00.812000-04:00,10.079581260681152,-0.7034686207771301,-10.783049583435059
2026-08-04T05:12:00.816000-04:00,10.053860664367676,-0.7265005707740784,-10.78036117553711
2026-08-04T05:12:00.820000-04:00,10.03211498260498,-0.7538583278656006,-10.78597354888916
2026-08-04T05:12:00.824000-04:00,10.036674499511719,-0.7554951310157776,-10.792169570922852
2026-08-04T05:12:00.828000-04:00,9.99283218383789,-0.7936089038848877,-10.7864408493042
2026-08-04T05:12:00.832000-04:00,9.931802749633789,-0.8747469186782837,-10.806550025939941
2026-08-04T05:12:00.836000-04:00,9.905964851379395,-0.8963758945465088,-10.802340507507324
2026-08-04T05:12:00.840000-04:00,9.890766143798828,-0.9402185082435608,-10.830985069274902
2026-08-04T05:12:00.844000-04:00,9.860602378845215,-0.9862824082374573,-10.846884727478027
2026-08-04T05:12:00.848000-04:00,9.856627464294434,-1.024863839149475,-10.881491661071777
2026-08-04T05:12:00.852000-04:00,9.853821754455566,-1.0681219100952148,-10.921943664550781
2026-08-04T05:12:00.856000-04:00,9.863174438476562,-1.0951288938522339,-10.958303451538086
2026-08-04T05:12:00.860000-04:00,9.8510160446167,-1.1252925395965576,-10.976308822631836
2026-08-04T05:12:00.864000-04:00,9.833595275878906,-1.1511304378509521,-10.984725952148438
2026-08-04T05:12:00.868000-04:00,9.81839656829834,-1.1168748140335083,-10.935271263122559
2026-08-04T05:12:00.872000-04:00,9.794312477111816,-1.1532349586486816,-10.947547912597656
2026-08-04T05:12:00.876000-04:00,9.769059181213379,-1.1606004238128662,-10.929659843444824
2026-08-04T05:12:00.880000-04:00,9.766487121582031,-1.2047938108444214,-10.971281051635742
2026-08-04T05:12:00.884000-04:00,9.61637020111084,-1.2173035144805908,-10.833673477172852
2026-08-04T05:12:00.888000-04:00,9.650157928466797,-1.2084181308746338,-10.858575820922852
2026-08-04T05:12:00.892000-04:00,9.664538383483887,-1.231099247932434,-10.895637512207031
2026-08-04T05:12:00.896000-04:00,9.720890998840332,-1.2161344289779663,-10.93702507019043
2026-08-04T05:12:00.900000-04:00,9.746026992797852,-1.244895100593567,-10.990921974182129
2026-08-04T05:12:00.904000-04:00,9.73983097076416,-1.2418553829193115,-10.98168659210205
2026-08-04T05:12:00.908000-04:00,9.742870330810547,-1.2257212400436401,-10.968591690063477
2026-08-04T05:12:00.912000-04:00,9.739713668823242,-1.2296963930130005,-10.969409942626953
2026-08-04T05:12:00.916000-04:00,9.753626823425293,-1.2218631505966187,-10.975489616394043
2026-08-04T05:12:00.920000-04:00,9.754678726196289,-1.2178881168365479,-10.972566604614258
2026-08-04T05:12:00.924000-04:00,9.765786170959473,-1.1959083080291748,-10.961694717407227
2026-08-04T05:12:00.928000-04:00,9.768123626708984,-1.1839832067489624,-10.952106475830078
2026-08-04T05:12:00.932000-04:00,9.747664451599121,-1.1707719564437866,-10.918436050415039
2026-08-04T05:12:00.936000-04:00,9.73538875579834,-1.1733440160751343,-10.908732414245605
2026-08-04T05:12:00.940000-04:00,9.740882873535156,-1.205261468887329,-10.946144104003906
2026-08-04T05:12:00.944000-04:00,9.749418258666992,-1.1844508647918701,-10.933869361877441
2026-08-04T05:12:00.948000-04:00,9.74392318725586,-1.1772022247314453,-10.921125411987305
2026-08-04T05:12:00.952000-04:00,9.73129653930664,-1.1677321195602417,-10.899028778076172
2026-08-04T05:12:00.956000-04:00,9.714811325073242,-1.1748639345169067,-10.88967514038086
2026-08-04T05:12:00.960000-04:00,9.728373527526855,-1.1584960222244263,-10.886869430541992
2026-08-04T05:12:00.964000-04:00,9.747196197509766,-1.1334764957427979,-10.880672454833984
2026-08-04T05:12:00.968000-04:00,9.752924919128418,-1.1603666543960571,-10.913291931152344
2026-08-04T05:12:00.972000-04:00,9.710836410522461,-1.1172255277633667,-10.828062057495117
2026-08-04T05:12:00.976000-04:00,9.645013809204102,-1.1697196960449219,-10.814733505249023
2026-08-04T05:12:00.980000-04:00,9.645949363708496,-1.1558070182800293,-10.801755905151367
2026-08-04T05:12:00.984000-04:00,9.719254493713379,-1.1349964141845703,-10.85425090789795
2026-08-04T05:12:00.988000-04:00,9.720890998840332,-1.1071709394454956,-10.828062057495117
2026-08-04T05:12:00.992000-04:00,9.731412887573242,-1.1012083292007446,-10.832621574401855
2026-08-04T05:12:00.996000-04:00,9.757485389709473,-1.128098487854004,-10.885583877563477
2026-08-04T05:12:01-04:00,9.800976753234863,-1.1332427263259888,-10.934219360351562
2026-08-04T05:12:01.004000-04:00,9.79326057434082,-1.1160564422607422,-10.909317016601562
2026-08-04T05:12:01.008000-04:00,9.821553230285645,-1.086477279663086,-10.90803050994873
2026-08-04T05:12:01.012000-04:00,9.783088684082031,-1.109275460243225,-10.892364501953125
2026-08-04T05:12:01.016000-04:00,9.773853302001953,-1.1084569692611694,-10.882309913635254
2026-08-04T05:12:01.020000-04:00,9.760173797607422,-1.1365162134170532,-10.896690368652344
2026-08-04T05:12:01.024000-04:00,9.752691268920898,-1.131605863571167,-10.884297370910645
2026-08-04T05:12:01.028000-04:00,9.757017135620117,-1.139672875404358,-10.896690368652344
2026-08-04T05:12:01.032000-04:00,9.75643253326416,-1.1341780424118042,-10.890610694885254
2026-08-04T05:12:01.036000-04:00,9.753626823425293,-1.155105471611023,-10.908732414245605
2026-08-04T05:12:01.040000-04:00,9.744274139404297,-1.1580283641815186,-10.902302742004395
2026-08-04T05:12:01.044000-04:00,9.73176383972168,-1.1486753225326538,-10.880438804626465
2026-08-04T05:12:01.048000-04:00,9.747079849243164,-1.1580283641815186,-10.905108451843262
2026-08-04T05:12:01.052000-04:00,9.764383316040039,-1.1125489473342896,-10.876932144165039
2026-08-04T05:12:01.056000-04:00,9.764616966247559,-1.1147704124450684,-10.879386901855469
2026-08-04T05:12:01.060000-04:00,9.746026992797852,-1.104832649230957,-10.850859642028809
2026-08-04T05:12:01.064000-04:00,9.749067306518555,-1.113250494003296,-10.86231803894043
2026-08-04T05:12:01.068000-04:00,9.741584777832031,-1.0966488122940063,-10.838233947753906
2026-08-04T05:12:01.072000-04:00,9.75035285949707,-1.0754873752593994,-10.82583999633789
2026-08-04T05:12:01.076000-04:00,9.740882873535156,-1.0601717233657837,-10.801054954528809
2026-08-04T05:12:01.080000-04:00,9.726035118103027,-1.0111849308013916,-10.73721981048584
2026-08-04T05:12:01.084000-04:00,9.713759422302246,-0.9672254920005798,-10.680984497070312
2026-08-04T05:12:01.088000-04:00,9.7113037109375,-0.9793844819068909,-10.690688133239746
2026-08-04T05:12:01.092000-04:00,9.704172134399414,-0.965939462184906,-10.670111656188965
2026-08-04T05:12:01.096000-04:00,9.677048683166504,-0.9752925038337708,-10.65234088897705
2026-08-04T05:12:01.100000-04:00,9.690376281738281,-0.9820735454559326,-10.672450065612793
2026-08-04T05:12:01.104000-04:00,9.744624137878418,-0.9990260004997253,-10.743650436401367
2026-08-04T05:12:01.108000-04:00,9.811148643493652,-1.0135232210159302,-10.824671745300293
2026-08-04T05:12:01.112000-04:00,9.809511184692383,-1.0436869859695435,-10.853198051452637
2026-08-04T05:12:01.116000-04:00,9.784375190734863,-1.0688233375549316,-10.853199005126953
2026-08-04T05:12:01.120000-04:00,9.75806999206543,-1.1141858100891113,-10.872255325317383
2026-08-04T05:12:01.124000-04:00,9.751405715942383,-1.134879469871521,-10.886284828186035
2026-08-04T05:12:01.128000-04:00,9.729659080505371,-1.1602497100830078,-10.889908790588379
2026-08-04T05:12:01.132000-04:00,9.711187362670898,-1.200818657875061,-10.912006378173828
2026-08-04T05:12:01.136000-04:00,9.701951026916504,-1.218121886253357,-10.920072555541992
2026-08-04T05:12:01.140000-04:00,9.70031452178955,-1.2151991128921509,-10.91551399230957
2026-08-04T05:12:01.144000-04:00,9.701600074768066,-1.2115747928619385,-10.913174629211426
2026-08-04T05:12:01.148000-04:00,9.702535629272461,-1.2132115364074707,-10.915746688842773
2026-08-04T05:12:01.152000-04:00,9.685465812683105,-1.2374125719070435,-10.92287826538086
2026-08-04T05:12:01.156000-04:00,9.654483795166016,-1.2365942001342773,-10.891077995300293
2026-08-04T05:12:01.160000-04:00,9.670267105102539,-1.22162926197052,-10.89189624786377
2026-08-04T05:12:01.164000-04:00,9.699145317077637,-1.209470272064209,-10.908615112304688
2026-08-04T05:12:01.168000-04:00,9.71270751953125,-1.216017484664917,-10.928725242614746
2026-08-04T05:12:01.172000-04:00,9.717267036437988,-1.1988312005996704,-10.916098594665527
2026-08-04T05:12:01.176000-04:00,9.707212448120117,-1.212743878364563,-10.91995620727539
2026-08-04T05:12:01.180000-04:00,9.681374549865723,-1.2350744009017944,-10.916448593139648
2026-08-04T05:12:01.184000-04:00,9.66956615447998,-1.2548327445983887,-10.924398422241211
2026-08-04T05:12:01.188000-04:00,9.668981552124023,-1.2268904447555542,-10.895872116088867
2026-08-04T05:12:01.192000-04:00,9.664422035217285,-1.207950472831726,-10.8723726272583
2026-08-04T05:12:01.196000-04:00,9.62630844116211,-1.206781268119812,-10.833089828491211
2026-08-04T05:12:01.200000-04:00,9.592988014221191,-1.1761499643325806,-10.76913833618164
2026-08-04T05:12:01.204000-04:00,9.654367446899414,-1.1801249980926514,-10.834492683410645
2026-08-04T05:12:01.208000-04:00,9.790804862976074,-1.1514811515808105,-10.942285537719727
2026-08-04T05:12:01.212000-04:00,9.96231746673584,-0.9846456050872803,-10.9469633102417
2026-08-04T05:12:01.216000-04:00,10.113252639770508,-0.7724475860595703,-10.885700225830078
2026-08-04T05:12:01.220000-04:00,10.067422866821289,-0.16473114490509033,-10.23215389251709
2026-08-04T05:12:01.224000-04:00,10.02650260925293,0.3452455997467041,-9.681257247924805
2026-08-04T05:12:01.228000-04:00,9.930750846862793,1.0073268413543701,-8.923423767089844
2026-08-04T05:12:01.232000-04:00,9.865981101989746,1.2185895442962646,-8.647391319274902
2026-08-04T05:12:01.236000-04:00,9.805536270141602,1.1602497100830078,-8.645286560058594
2026-08-04T05:12:01.240000-04:00,9.714811325073242,0.5980126261711121,-9.116798400878906
2026-08-04T05:12:01.244000-04:00,9.656121253967285,0.07716292142868042,-9.578958511352539
2026-08-04T05:12:01.248000-04:00,9.611693382263184,-0.4556119740009308,-10.067305564880371
2026-08-04T05:12:01.252000-04:00,9.65951156616211,-0.7787609100341797,-10.438272476196289
2026-08-04T05:12:01.256000-04:00,9.768708229064941,-0.8791896104812622,-10.647897720336914
2026-08-04T05:12:01.260000-04:00,9.786596298217773,-0.9174203276634216,-10.70401668548584
2026-08-04T05:12:01.264000-04:00,9.721709251403809,-0.9971553683280945,-10.718864440917969
2026-08-04T05:12:01.268000-04:00,9.708731651306152,-1.0496494770050049,-10.758380889892578
2026-08-04T05:12:01.272000-04:00,9.761810302734375,-1.0627437829971313,-10.824554443359375
2026-08-04T05:12:01.276000-04:00,9.782621383666992,-1.0666019916534424,-10.849223136901855
2026-08-04T05:12:01.280000-04:00,9.784375190734863,-1.1055341958999634,-10.889909744262695
2026-08-04T05:12:01.284000-04:00,9.812317848205566,-1.0892832279205322,-10.90160083770752
2026-08-04T05:12:01.288000-04:00,9.824827194213867,-1.051403284072876,-10.876230239868164
2026-08-04T05:12:01.292000-04:00,9.800625801086426,-1.111379861831665,-10.912005424499512
2026-08-04T05:12:01.296000-04:00,9.78718090057373,-1.0996885299682617,-10.886869430541992
2026-08-04T05:12:01.300000-04:00,9.79349422454834,-1.1089246273040771,-10.902419090270996
2026-08-04T05:12:01.304000-04:00,9.787531852722168,-1.1263447999954224,-10.9138765335083
2026-08-04T05:12:01.308000-04:00,9.797235488891602,-1.1143027544021606,-10.911538124084473
2026-08-04T05:12:01.312000-04:00,9.777009963989258,-1.1266955137252808,-10.903705596923828
2026-08-04T05:12:01.316000-04:00,9.785895347595215,-1.1238895654678345,-10.909785270690918
2026-08-04T05:12:01.320000-04:00,9.78940200805664,-1.1120812892913818,-10.901483535766602
2026-08-04T05:12:01.324000-04:00,9.792442321777344,-1.0934921503067017,-10.885934829711914
2026-08-04T05:12:01.328000-04:00,9.795248031616211,-1.063796043395996,-10.859044075012207
2026-08-04T05:12:01.332000-04:00,9.806939125061035,-1.060288667678833,-10.867227554321289
2026-08-04T05:12:01.336000-04:00,9.806822776794434,-1.059470295906067,-10.866292953491211
2026-08-04T05:12:01.340000-04:00,9.805185317993164,-1.0634453296661377,-10.868630409240723
2026-08-04T05:12:01.344000-04:00,9.80810832977295,-1.0583010911941528,-10.866409301757812
2026-08-04T05:12:01.348000-04:00,9.819214820861816,-1.047545075416565,-10.86676025390625
2026-08-04T05:12:01.352000-04:00,9.821670532226562,-1.0260330438613892,-10.84770393371582
2026-08-04T05:12:01.356000-04:00,9.815239906311035,-0.9885037541389465,-10.803743362426758
2026-08-04T05:12:01.360000-04:00,9.813603401184082,-0.9741234183311462,-10.787726402282715
2026-08-04T05:12:01.364000-04:00,9.831842422485352,-1.0144585371017456,-10.846301078796387
2026-08-04T05:12:01.368000-04:00,9.836518287658691,-0.9803197979927063,-10.816838264465332
2026-08-04T05:12:01.372000-04:00,9.863058090209961,-0.9644196033477783,-10.82747745513916
2026-08-04T05:12:01.376000-04:00,9.860368728637695,-0.9440765976905823,-10.804445266723633
2026-08-04T05:12:01.380000-04:00,9.855107307434082,-0.9295793771743774,-10.784687042236328
2026-08-04T05:12:01.384000-04:00,9.879075050354004,-0.8762667775154114,-10.755341529846191
2026-08-04T05:12:01.388000-04:00,9.886908531188965,-0.8738116025924683,-10.760720252990723
2026-08-04T05:12:01.392000-04:00,9.915785789489746,-0.8311381936073303,-10.74692440032959
2026-08-04T05:12:01.396000-04:00,9.919293403625488,-0.7794623970985413,-10.698756217956543
2026-08-04T05:12:01.400000-04:00,9.940571784973145,-0.7633283138275146,-10.703900337219238
2026-08-04T05:12:01.404000-04:00,9.958927154541016,-0.7494156360626221,-10.708342552185059
2026-08-04T05:12:01.408000-04:00,9.985934257507324,-0.7106003165245056,-10.696534156799316
2026-08-04T05:12:01.412000-04:00,9.995871543884277,-0.682891845703125,-10.678763389587402
2026-08-04T05:12:01.416000-04:00,9.995871543884277,-0.6579892635345459,-10.653861045837402
2026-08-04T05:12:01.420000-04:00,10.020657539367676,-0.6521435976028442,-10.67280101776123
2026-08-04T05:12:01.424000-04:00,10.039480209350586,-0.6181217432022095,-10.657602310180664
2026-08-04T05:12:01.428000-04:00,10.048131942749023,-0.5501949787139893,-10.598326683044434
2026-08-04T05:12:01.432000-04:00,10.057601928710938,-0.5300858616828918,-10.587687492370605
2026-08-04T05:12:01.436000-04:00,10.053509712219238,-0.5368668437004089,-10.590376853942871
2026-08-04T05:12:01.440000-04:00,10.040182113647461,-0.539322018623352,-10.579504013061523
2026-08-04T05:12:01.444000-04:00,10.04918384552002,-0.543647825717926,-10.5928316116333
2026-08-04T05:12:01.448000-04:00,10.058303833007812,-0.5534685850143433,-10.611772537231445
2026-08-04T05:12:01.452000-04:00,10.036674499511719,-0.5493766069412231,-10.586050987243652
2026-08-04T05:12:01.456000-04:00,10.025450706481934,-0.5477398037910461,-10.573190689086914
2026-08-04T05:12:01.460000-04:00,10.013057708740234,-0.5631723999977112,-10.5762300491333
2026-08-04T05:12:01.464000-04:00,9.996222496032715,-0.6320344805717468,-10.628256797790527
2026-08-04T05:12:01.468000-04:00,9.975646018981934,-0.6529619693756104,-10.628607749938965
2026-08-04T05:12:01.472000-04:00,9.955536842346191,-0.7284880876541138,-10.684024810791016
2026-08-04T05:12:01.476000-04:00,9.932971954345703,-0.7457913160324097,-10.678763389587402
2026-08-04T05:12:01.480000-04:00,9.912044525146484,-0.8279815316200256,-10.740026473999023
2026-08-04T05:12:01.484000-04:00,9.891584396362305,-0.8503119945526123,-10.741896629333496
2026-08-04T05:12:01.488000-04:00,9.868669509887695,-0.8780204653739929,-10.746689796447754
2026-08-04T05:12:01.492000-04:00,9.847625732421875,-0.9417383670806885,-10.789363861083984
2026-08-04T05:12:01.496000-04:00,9.833829879760742,-0.9638350009918213,-10.797664642333984
2026-08-04T05:12:01.500000-04:00,9.805068969726562,-1.008028268814087,-10.81309700012207
2026-08-04T05:12:01.504000-04:00,9.79103946685791,-1.0557290315628052,-10.846768379211426
2026-08-04T05:12:01.508000-04:00,9.768007278442383,-1.06087327003479,-10.828880310058594
2026-08-04T05:12:01.512000-04:00,9.753626823425293,-1.1100938320159912,-10.863720893859863
2026-08-04T05:12:01.516000-04:00,9.752106666564941,-1.1290338039398193,-10.88114070892334
2026-08-04T05:12:01.520000-04:00,9.744039535522461,-1.1203821897506714,-10.864421844482422
2026-08-04T05:12:01.524000-04:00,9.734804153442383,-1.126227855682373,-10.861032485961914
2026-08-04T05:12:01.528000-04:00,9.72767162322998,-1.1124321222305298,-10.840104103088379
2026-08-04T05:12:01.532000-04:00,9.713759422302246,-1.1341780424118042,-10.84793758392334
2026-08-04T05:12:01.536000-04:00,9.704874038696289,-1.1613019704818726,-10.866175651550293
2026-08-04T05:12:01.540000-04:00,9.699963569641113,-1.1775529384613037,-10.877516746520996
2026-08-04T05:12:01.544000-04:00,9.704405784606934,-1.1710057258605957,-10.875411987304688
2026-08-04T05:12:01.548000-04:00,9.709550857543945,-1.1539363861083984,-10.863487243652344
2026-08-04T05:12:01.552000-04:00,9.708147048950195,-1.1555731296539307,-10.863719940185547
2026-08-04T05:12:01.556000-04:00,9.700080871582031,-1.1687843799591064,-10.868865013122559
2026-08-04T05:12:01.560000-04:00,9.690376281738281,-1.1810603141784668,-10.871437072753906
2026-08-04T05:12:01.564000-04:00,9.698677062988281,-1.1749807596206665,-10.873658180236816
2026-08-04T05:12:01.568000-04:00,9.706510543823242,-1.185152292251587,-10.89166259765625
2026-08-04T05:12:01.572000-04:00,9.702068328857422,-1.2024555206298828,-10.904523849487305
2026-08-04T05:12:01.576000-04:00,9.691779136657715,-1.155105471611023,-10.846884727478027
2026-08-04T05:12:01.580000-04:00,9.704874038696289,-1.144934058189392,-10.849807739257812
2026-08-04T05:12:01.584000-04:00,9.699261665344238,-1.1368670463562012,-10.836128234863281
2026-08-04T05:12:01.588000-04:00,9.708147048950195,-1.124123454093933,-10.832270622253418
2026-08-04T05:12:01.592000-04:00,9.712005615234375,-1.1038974523544312,-10.815902709960938
2026-08-04T05:12:01.596000-04:00,9.709667205810547,-1.1193299293518066,-10.828996658325195
2026-08-04T05:12:01.600000-04:00,9.727555274963379,-1.128683090209961,-10.85623836517334
2026-08-04T05:12:01.604000-04:00,9.706510543823242,-1.1214344501495361,-10.8279447555542
2026-08-04T05:12:01.608000-04:00,9.714460372924805,-1.120849847793579,-10.835309982299805
2026-08-04T05:12:01.612000-04:00,9.719137191772461,-1.1152379512786865,-10.834375381469727
2026-08-04T05:12:01.616000-04:00,9.720657348632812,-1.12061607837677,-10.841273307800293
2026-08-04T05:12:01.620000-04:00,9.720540046691895,-1.1155887842178345,-10.836129188537598
2026-08-04T05:12:01.624000-04:00,9.729659080505371,-1.0842559337615967,-10.813915252685547
2026-08-04T05:12:01.628000-04:00,9.724749565124512,-1.0780595541000366,-10.80280876159668
2026-08-04T05:12:01.632000-04:00,9.72322940826416,-1.083203673362732,-10.806432723999023
2026-08-04T05:12:01.636000-04:00,9.73959732055664,-1.0441546440124512,-10.78375244140625
2026-08-04T05:12:01.640000-04:00,9.746377944946289,-1.0460251569747925,-10.792403221130371
2026-08-04T05:12:01.644000-04:00,9.754796028137207,-1.0433361530303955,-10.798131942749023
2026-08-04T05:12:01.648000-04:00,9.735154151916504,-1.0586519241333008,-10.793806076049805
2026-08-04T05:12:01.652000-04:00,9.723814010620117,-1.0849573612213135,-10.808771133422852
2026-08-04T05:12:01.656000-04:00,9.724865913391113,-1.0885816812515259,-10.813447952270508
2026-08-04T05:12:01.660000-04:00,9.729659080505371,-1.0818006992340088,-10.8114595413208
2026-08-04T05:12:01.664000-04:00,9.726970672607422,-1.107872486114502,-10.834842681884766
2026-08-04T05:12:01.668000-04:00,9.717500686645508,-1.1197975873947144,-10.837298393249512
2026-08-04T05:12:01.672000-04:00,9.725099563598633,-1.1075217723846436,-10.832621574401855
2026-08-04T05:12:01.676000-04:00,9.728840827941895,-1.1031959056854248,-10.832036972045898
2026-08-04T05:12:01.680000-04:00,9.71270751953125,-1.1155887842178345,-10.828296661376953
2026-08-04T05:12:01.684000-04:00,9.71738338470459,-1.1063525676727295,-10.823736190795898
2026-08-04T05:12:01.688000-04:00,9.731881141662598,-1.107287883758545,-10.839168548583984
2026-08-04T05:12:01.692000-04:00,9.745559692382812,-1.0888155698776245,-10.834375381469727
2026-08-04T05:12:01.696000-04:00,9.744741439819336,-1.0988701581954956,-10.843611717224121
2026-08-04T05:12:01.700000-04:00,9.739012718200684,-1.1096261739730835,-10.848638534545898
2026-08-04T05:12:01.704000-04:00,9.75421142578125,-1.078410267829895,-10.832621574401855
2026-08-04T05:12:01.708000-04:00,9.766253471374512,-1.0428684949874878,-10.809122085571289
2026-08-04T05:12:01.712000-04:00,9.749418258666992,-1.0579503774642944,-10.807368278503418
2026-08-04T05:12:01.716000-04:00,9.738310813903809,-1.0738506317138672,-10.812161445617676
2026-08-04T05:12:01.720000-04:00,9.74567699432373,-1.0227594375610352,-10.768436431884766
2026-08-04T05:12:01.724000-04:00,9.750703811645508,-1.0413486957550049,-10.792052268981934
2026-08-04T05:12:01.728000-04:00,9.75666618347168,-1.0526893138885498,-10.809355735778809
2026-08-04T05:12:01.732000-04:00,9.749768257141113,-1.0404133796691895,-10.790182113647461
2026-08-04T05:12:01.736000-04:00,9.72299575805664,-0.9776307940483093,-10.700626373291016
2026-08-04T05:12:01.740000-04:00,9.705574989318848,-0.9425567388534546,-10.648131370544434
2026-08-04T05:12:01.744000-04:00,9.730828285217285,-0.9482855200767517,-10.679113388061523
2026-08-04T05:12:01.748000-04:00,9.735738754272461,-0.9215123057365417,-10.657251358032227
2026-08-04T05:12:01.752000-04:00,9.726268768310547,-0.9535466432571411,-10.679815292358398
2026-08-04T05:12:01.756000-04:00,9.738661766052246,-0.9376463890075684,-10.676307678222656
2026-08-04T05:12:01.760000-04:00,9.757835388183594,-0.9515590667724609,-10.709394454956055
2026-08-04T05:12:01.764000-04:00,9.754328727722168,-0.965354859828949,-10.719683647155762
2026-08-04T05:12:01.768000-04:00,9.743221282958984,-1.0095481872558594,-10.752769470214844
2026-08-04T05:12:01.772000-04:00,9.746495246887207,-1.071044683456421,-10.817540168762207
2026-08-04T05:12:01.776000-04:00,9.738077163696289,-1.098402500152588,-10.836479187011719
2026-08-04T05:12:01.780000-04:00,9.733634948730469,-1.1158225536346436,-10.849457740783691
2026-08-04T05:12:01.784000-04:00,9.730594635009766,-1.1499613523483276,-10.880556106567383
2026-08-04T05:12:01.788000-04:00,9.735856056213379,-1.1586129665374756,-10.894469261169434
2026-08-04T05:12:01.792000-04:00,9.719955444335938,-1.1747469902038574,-10.894702911376953
2026-08-04T05:12:01.796000-04:00,9.704172134399414,-1.1912318468093872,-10.895403861999512
2026-08-04T05:12:01.800000-04:00,9.708498001098633,-1.2098209857940674,-10.918318748474121
2026-08-04T05:12:01.804000-04:00,9.699261665344238,-1.2175372838974,-10.91679859161377
2026-08-04T05:12:01.808000-04:00,9.697157859802246,-1.2237337827682495,-10.920891761779785
2026-08-04T05:12:01.812000-04:00,9.679620742797852,-1.2592754364013672,-10.938896179199219
2026-08-04T05:12:01.816000-04:00,9.686752319335938,-1.255768060684204,-10.942520141601562
2026-08-04T05:12:01.820000-04:00,9.693767547607422,-1.226072072982788,-10.919839859008789
2026-08-04T05:12:01.824000-04:00,9.70031452178955,-1.2379971742630005,-10.938311576843262
2026-08-04T05:12:01.828000-04:00,9.689441680908203,-1.2517930269241333,-10.941234588623047
2026-08-04T05:12:01.832000-04:00,9.701951026916504,-1.2548327445983887,-10.956783294677734
2026-08-04T05:12:01.836000-04:00,9.685465812683105,-1.239750862121582,-10.925216674804688
2026-08-04T05:12:01.840000-04:00,9.680556297302246,-1.2412707805633545,-10.92182731628418
2026-08-04T05:12:01.844000-04:00,9.710836410522461,-1.2280595302581787,-10.938896179199219
2026-08-04T05:12:01.848000-04:00,9.6823091506958,-1.207365870475769,-10.88967514038086
2026-08-04T05:12:01.852000-04:00,9.667695045471191,-1.1969605684280396,-10.864655494689941
2026-08-04T05:12:01.856000-04:00,9.669448852539062,-1.1660953760147095,-10.83554458618164
2026-08-04T05:12:01.860000-04:00,9.726152420043945,-1.1777867078781128,-10.903939247131348
2026-08-04T05:12:01.864000-04:00,9.823775291442871,-1.1096261739730835,-10.933401107788086
2026-08-04T05:12:01.868000-04:00,9.93940258026123,-0.9812551140785217,-10.920658111572266
2026-08-04T05:12:01.872000-04:00,10.119332313537598,-0.5977787971496582,-10.717111587524414
2026-08-04T05:12:01.876000-04:00,10.013642311096191,0.06769292801618576,-9.94594955444336
2026-08-04T05:12:01.880000-04:00,9.960680961608887,0.5791895389556885,-9.381491661071777
2026-08-04T05:12:01.884000-04:00,9.845170021057129,1.1736947298049927,-8.671475410461426
2026-08-04T05:12:01.888000-04:00,9.831023216247559,1.2339051961898804,-8.597118377685547
2026-08-04T05:12:01.892000-04:00,9.764148712158203,1.0221748352050781,-8.741973876953125
2026-08-04T05:12:01.896000-04:00,9.72545051574707,0.6256042122840881,-9.099845886230469
2026-08-04T05:12:01.900000-04:00,9.666643142700195,-0.051441945135593414,-9.718085289001465
2026-08-04T05:12:01.904000-04:00,9.692598342895508,-0.6263056993484497,-10.318903923034668
2026-08-04T05:12:01.908000-04:00,9.76227855682373,-0.8395559191703796,-10.601834297180176
2026-08-04T05:12:01.912000-04:00,9.8344144821167,-0.8636401295661926,-10.698054313659668
2026-08-04T05:12:01.916000-04:00,9.821319580078125,-0.9054951667785645,-10.726814270019531
2026-08-04T05:12:01.920000-04:00,9.75444507598877,-1.0279035568237305,-10.7823486328125
2026-08-04T05:12:01.924000-04:00,9.777009963989258,-1.0405303239822388,-10.817540168762207
2026-08-04T05:12:01.928000-04:00,9.78905200958252,-1.0927906036376953,-10.881842613220215
2026-08-04T05:12:01.932000-04:00,9.784375190734863,-1.0927906036376953,-10.877165794372559
2026-08-04T05:12:01.936000-04:00,9.798404693603516,-1.1139519214630127,-10.91235637664795
2026-08-04T05:12:01.940000-04:00,9.780282974243164,-1.116173267364502,-10.896455764770508
2026-08-04T05:12:01.944000-04:00,9.789752960205078,-1.0765396356582642,-10.866292953491211
2026-08-04T05:12:01.948000-04:00,9.785544395446777,-1.1236557960510254,-10.909200668334961
2026-08-04T05:12:01.952000-04:00,9.778178215026855,-1.1442325115203857,-10.92241096496582
2026-08-04T05:12:01.956000-04:00,9.791740417480469,-1.1055341958999634,-10.8972749710083
2026-08-04T05:12:01.960000-04:00,9.797001838684082,-1.093024492263794,-10.890026092529297
2026-08-04T05:12:01.964000-04:00,9.794078826904297,-1.1189792156219482,-10.913058280944824
2026-08-04T05:12:01.968000-04:00,9.796183586120605,-1.0902185440063477,-10.886402130126953
2026-08-04T05:12:01.972000-04:00,9.782855033874512,-1.0618085861206055,-10.844663619995117
2026-08-04T05:12:01.976000-04:00,9.789285659790039,-1.0768903493881226,-10.866175651550293
2026-08-04T05:12:01.980000-04:00,9.795598983764648,-1.072213888168335,-10.867813110351562
2026-08-04T05:12:01.984000-04:00,9.812551498413086,-1.0746690034866333,-10.88722038269043
2026-08-04T05:12:01.988000-04:00,9.819214820861816,-1.0584180355072021,-10.877633094787598
2026-08-04T05:12:01.992000-04:00,9.823190689086914,-1.0682387351989746,-10.891429901123047
2026-08-04T05:12:01.996000-04:00,9.819916725158691,-1.056196689605713,-10.876113891601562
2026-08-04T05:12:02-04:00,9.824359893798828,-1.041582465171814,-10.865942001342773
2026-08-04T05:12:02.004000-04:00,9.844351768493652,-1.0096651315689087,-10.85401725769043
2026-08-04T05:12:02.008000-04:00,9.84084415435791,-0.9917773604393005,-10.832621574401855
2026-08-04T05:12:02.012000-04:00,9.84669017791748,-0.9895559549331665,-10.836246490478516
2026-08-04T05:12:02.016000-04:00,9.85545825958252,-0.9968045949935913,-10.852262496948242
2026-08-04T05:12:02.020000-04:00,9.860486030578613,-0.9872177243232727,-10.84770393371582
2026-08-04T05:12:02.024000-04:00,9.857095718383789,-1.0077944993972778,-10.864890098571777
2026-08-04T05:12:02.028000-04:00,9.866915702819824,-0.983476459980011,-10.85039234161377
2026-08-04T05:12:02.032000-04:00,9.882349014282227,-0.9386985898017883,-10.82104778289795
2026-08-04T05:12:02.036000-04:00,9.899417877197266,-0.8901795148849487,-10.789597511291504
2026-08-04T05:12:02.040000-04:00,9.905030250549316,-0.8738116025924683,-10.778841972351074
2026-08-04T05:12:02.044000-04:00,9.926074028015137,-0.8454016447067261,-10.771475791931152
2026-08-04T05:12:02.048000-04:00,9.930399894714355,-0.8106783032417297,-10.74107837677002
2026-08-04T05:12:02.052000-04:00,9.944663047790527,-0.7903353571891785,-10.73499870300293
2026-08-04T05:12:02.056000-04:00,9.962668418884277,-0.7699924111366272,-10.732661247253418
2026-08-04T05:12:02.060000-04:00,9.975646018981934,-0.7641467452049255,-10.739792823791504
2026-08-04T05:12:02.064000-04:00,10.00136661529541,-0.7184335589408875,-10.719799995422363
2026-08-04T05:12:02.068000-04:00,10.01212215423584,-0.6761108636856079,-10.688233375549316
2026-08-04T05:12:02.072000-04:00,10.013408660888672,-0.6486361622810364,-10.662044525146484
2026-08-04T05:12:02.076000-04:00,10.037610054016113,-0.6288778185844421,-10.666487693786621
2026-08-04T05:12:02.080000-04:00,10.054211616516113,-0.5919331312179565,-10.64614486694336
2026-08-04T05:12:02.084000-04:00,10.078529357910156,-0.5683165788650513,-10.646845817565918
2026-08-04T05:12:02.088000-04:00,10.060758590698242,-0.5722916722297668,-10.633049964904785
2026-08-04T05:12:02.092000-04:00,10.048482894897461,-0.592868447303772,-10.641351699829102
2026-08-04T05:12:02.096000-04:00,10.056432723999023,-0.5728762149810791,-10.629308700561523
2026-08-04T05:12:02.100000-04:00,10.045559883117676,-0.5479736328125,-10.593533515930176
2026-08-04T05:12:02.104000-04:00,10.052457809448242,-0.5333594679832458,-10.585817337036133
2026-08-04T05:12:02.108000-04:00,10.043455123901367,-0.5475059747695923,-10.590961456298828
2026-08-04T05:12:02.112000-04:00,10.036674499511719,-0.5914654731750488,-10.62813949584961
2026-08-04T05:12:02.116000-04:00,10.017617225646973,-0.5933361053466797,-10.610953330993652
2026-08-04T05:12:02.120000-04:00,9.982075691223145,-0.63963383436203,-10.621709823608398
2026-08-04T05:12:02.124000-04:00,9.976580619812012,-0.6751755475997925,-10.651756286621094
2026-08-04T05:12:02.128000-04:00,9.964071273803711,-0.735035240650177,-10.699106216430664
2026-08-04T05:12:02.132000-04:00,9.943026542663574,-0.808573842048645,-10.75160026550293
2026-08-04T05:12:02.136000-04:00,9.922099113464355,-0.8399066925048828,-10.762005805969238
2026-08-04T05:12:02.140000-04:00,9.900469779968262,-0.8793065547943115,-10.779776573181152
2026-08-04T05:12:02.144000-04:00,9.896027565002441,-0.8566253185272217,-10.752653121948242
2026-08-04T05:12:02.148000-04:00,9.881062507629395,-0.889127254486084,-10.77018928527832
2026-08-04T05:12:02.152000-04:00,9.8510160446167,-0.9275918006896973,-10.778608322143555
2026-08-04T05:12:02.156000-04:00,9.817695617675781,-1.0149261951446533,-10.832621574401855
2026-08-04T05:12:02.160000-04:00,9.806004524230957,-1.0395950078964233,-10.845599174499512
2026-08-04T05:12:02.164000-04:00,9.792675971984863,-1.0406471490859985,-10.83332347869873
2026-08-04T05:12:02.168000-04:00,9.785310745239258,-1.060522437095642,-10.845832824707031
2026-08-04T05:12:02.172000-04:00,9.773502349853516,-1.05678129196167,-10.830284118652344
2026-08-04T05:12:02.176000-04:00,9.77689266204834,-1.1077555418014526,-10.884648323059082
2026-08-04T05:12:02.180000-04:00,9.773618698120117,-1.1304367780685425,-10.90405559539795
2026-08-04T05:12:02.184000-04:00,9.770930290222168,-1.135697841644287,-10.906627655029297
2026-08-04T05:12:02.188000-04:00,9.756549835205078,-1.1507797241210938,-10.907329559326172
2026-08-04T05:12:02.192000-04:00,9.752924919128418,-1.1666799783706665,-10.919605255126953
2026-08-04T05:12:02.196000-04:00,9.759472846984863,-1.1700704097747803,-10.929543495178223
2026-08-04T05:12:02.200000-04:00,9.753042221069336,-1.1190961599349976,-10.872138023376465
2026-08-04T05:12:02.204000-04:00,9.751172065734863,-1.153001070022583,-10.904172897338867
2026-08-04T05:12:02.208000-04:00,9.744274139404297,-1.155456304550171,-10.899730682373047
2026-08-04T05:12:02.212000-04:00,9.756081581115723,-1.163757085800171,-10.919838905334473
2026-08-04T05:12:02.216000-04:00,9.753159523010254,-1.1500781774520874,-10.903237342834473
2026-08-04T05:12:02.220000-04:00,9.759706497192383,-1.1504290103912354,-10.910135269165039
2026-08-04T05:12:02.224000-04:00,9.761693954467773,-1.1335934400558472,-10.89528751373291
2026-08-04T05:12:02.228000-04:00,9.753509521484375,-1.1613019704818726,-10.914811134338379
2026-08-04T05:12:02.232000-04:00,9.74567699432373,-1.1340610980987549,-10.879737854003906
2026-08-04T05:12:02.236000-04:00,9.740415573120117,-1.1282154321670532,-10.868631362915039
2026-08-04T05:12:02.240000-04:00,9.755380630493164,-1.1263447999954224,-10.881725311279297
2026-08-04T05:12:02.244000-04:00,9.75421142578125,-1.1399067640304565,-10.894118309020996
2026-08-04T05:12:02.248000-04:00,9.753275871276855,-1.1320735216140747,-10.88534927368164
2026-08-04T05:12:02.252000-04:00,9.763330459594727,-1.1331257820129395,-10.896455764770508
2026-08-04T05:12:02.256000-04:00,9.752808570861816,-1.1064695119857788,-10.859277725219727
2026-08-04T05:12:02.260000-04:00,9.757250785827637,-1.0876463651657104,-10.844897270202637
2026-08-04T05:12:02.264000-04:00,9.771514892578125,-1.0979348421096802,-10.869449615478516
2026-08-04T05:12:02.268000-04:00,9.756783485412598,-1.116173267364502,-10.872957229614258
2026-08-04T05:12:02.272000-04:00,9.778997421264648,-1.0923229455947876,-10.871320724487305
2026-08-04T05:12:02.276000-04:00,9.775957107543945,-1.0919722318649292,-10.867929458618164
2026-08-04T05:12:02.280000-04:00,9.777593612670898,-1.0791116952896118,-10.856705665588379
2026-08-04T05:12:02.284000-04:00,9.781803131103516,-1.0675373077392578,-10.849340438842773
2026-08-04T05:12:02.288000-04:00,9.781919479370117,-1.0613409280776978,-10.843260765075684
2026-08-04T05:12:02.292000-04:00,9.778178215026855,-1.05678129196167,-10.834959030151367
2026-08-04T05:12:02.296000-04:00,9.783673286437988,-1.0574827194213867,-10.841156005859375
2026-08-04T05:12:02.300000-04:00,9.777828216552734,-1.0857758522033691,-10.863603591918945
2026-08-04T05:12:02.304000-04:00,9.767305374145508,-1.0842559337615967,-10.851561546325684
2026-08-04T05:12:02.308000-04:00,9.772917747497559,-1.0828529596328735,-10.8557710647583
2026-08-04T05:12:02.312000-04:00,9.77712631225586,-1.1000392436981201,-10.877165794372559
2026-08-04T05:12:02.316000-04:00,9.773853302001953,-1.1214344501495361,-10.89528751373291
2026-08-04T05:12:02.320000-04:00,9.788467407226562,-1.1031959056854248,-10.891663551330566
2026-08-04T05:12:02.324000-04:00,9.777710914611816,-1.1022605895996094,-10.879971504211426
2026-08-04T05:12:02.328000-04:00,9.769877433776855,-1.110795259475708,-10.880672454833984
2026-08-04T05:12:02.332000-04:00,9.774086952209473,-1.104598879814148,-10.87868595123291
2026-08-04T05:12:02.336000-04:00,9.765668869018555,-1.1062356233596802,-10.871904373168945
2026-08-04T05:12:02.340000-04:00,9.784141540527344,-1.0988701581954956,-10.883011817932129
2026-08-04T05:12:02.344000-04:00,9.799691200256348,-1.054326057434082,-10.85401725769043
2026-08-04T05:12:02.348000-04:00,9.784608840942383,-1.0768903493881226,-10.861498832702637
2026-08-04T05:12:02.352000-04:00,9.77490520477295,-1.0599379539489746,-10.834842681884766
2026-08-04T05:12:02.356000-04:00,9.763330459594727,-1.0646144151687622,-10.8279447555542
2026-08-04T05:12:02.360000-04:00,9.77490520477295,-1.0653159618377686,-10.840221405029297
2026-08-04T05:12:02.364000-04:00,9.780867576599121,-1.0680049657821655,-10.848872184753418
2026-08-04T05:12:02.368000-04:00,9.771748542785645,-1.0135232210159302,-10.785271644592285
2026-08-04T05:12:02.372000-04:00,9.744975090026855,-0.9934141039848328,-10.738389015197754
2026-08-04T05:12:02.376000-04:00,9.744390487670898,-0.9533128142356873,-10.69770336151123
2026-08-04T05:12:02.380000-04:00,9.754913330078125,-0.9535466432571411,-10.708459854125977
2026-08-04T05:12:02.384000-04:00,9.754678726196289,-0.9485193490982056,-10.703198432922363
2026-08-04T05:12:02.388000-04:00,9.749418258666992,-0.9370617866516113,-10.686479568481445
2026-08-04T05:12:02.392000-04:00,9.760642051696777,-0.9437258839607239,-10.704367637634277
2026-08-04T05:12:02.396000-04:00,9.777243614196777,-0.9551833868026733,-10.732426643371582
2026-08-04T05:12:02.400000-04:00,9.777477264404297,-1.0031179189682007,-10.780594825744629
2026-08-04T05:12:02.404000-04:00,9.762044906616211,-1.0719799995422363,-10.834024429321289
2026-08-04T05:12:02.408000-04:00,9.773736000061035,-1.0712785720825195,-10.845014572143555
2026-08-04T05:12:02.412000-04:00,9.749300956726074,-1.0925568342208862,-10.84185791015625
2026-08-04T05:12:02.416000-04:00,9.747780799865723,-1.1251757144927979,-10.872956275939941
2026-08-04T05:12:02.420000-04:00,9.723930358886719,-1.171122670173645,-10.895052909851074
2026-08-04T05:12:02.424000-04:00,9.724632263183594,-1.1883089542388916,-10.912940979003906
2026-08-04T05:12:02.428000-04:00,9.70662784576416,-1.1766176223754883,-10.883245468139648
2026-08-04T05:12:02.432000-04:00,9.702301979064941,-1.2036246061325073,-10.905926704406738
2026-08-04T05:12:02.436000-04:00,9.721942901611328,-1.2203432321548462,-10.942286491394043
2026-08-04T05:12:02.440000-04:00,9.690376281738281,-1.2132115364074707,-10.903587341308594
2026-08-04T05:12:02.444000-04:00,9.6740083694458,-1.2101718187332153,-10.884180068969727
2026-08-04T05:12:02.448000-04:00,9.704289436340332,-1.2056121826171875,-10.90990161895752
2026-08-04T05:12:02.452000-04:00,9.73597240447998,-1.2232661247253418,-10.959238052368164
2026-08-04T05:12:02.456000-04:00,9.693065643310547,-1.2229154109954834,-10.91598129272461
2026-08-04T05:12:02.460000-04:00,9.632153511047363,-1.2340221405029297,-10.866175651550293
2026-08-04T05:12:02.464000-04:00,9.623501777648926,-1.2502731084823608,-10.873774528503418
2026-08-04T05:12:02.468000-04:00,9.691662788391113,-1.234139084815979,-10.925802230834961
2026-08-04T05:12:02.472000-04:00,9.732232093811035,-1.2332037687301636,-10.965435981750488
2026-08-04T05:12:02.476000-04:00,9.772684097290039,-1.2499223947525024,-11.02260684967041
2026-08-04T05:12:02.480000-04:00,9.771631240844727,-1.2764617204666138,-11.04809284210205
2026-08-04T05:12:02.484000-04:00,9.738895416259766,-1.2234998941421509,-10.962395668029785
2026-08-04T05:12:02.488000-04:00,9.693532943725586,-1.2045599222183228,-10.898093223571777
2026-08-04T05:12:02.492000-04:00,9.65951156616211,-1.1844508647918701,-10.843962669372559
2026-08-04T05:12:02.496000-04:00,9.689441680908203,-1.210054874420166,-10.899496078491211
2026-08-04T05:12:02.500000-04:00,9.789752960205078,-1.0869449377059937,-10.876697540283203
2026-08-04T05:12:02.504000-04:00,10.02989387512207,-0.85077965259552,-10.8806734085083
2026-08-04T05:12:02.508000-04:00,10.11290168762207,-0.5124319195747375,-10.625333786010742
2026-08-04T05:12:02.512000-04:00,10.019254684448242,0.20565086603164673,-9.813603401184082
2026-08-04T05:12:02.516000-04:00,9.979503631591797,0.7791116833686829,-9.20039176940918
2026-08-04T05:12:02.520000-04:00,9.854172706604004,1.3243962526321411,-8.529776573181152
2026-08-04T05:12:02.524000-04:00,9.811615943908691,1.3280205726623535,-8.48359489440918
2026-08-04T05:12:02.528000-04:00,9.724047660827637,1.0325801372528076,-8.69146728515625
2026-08-04T05:12:02.532000-04:00,9.701132774353027,0.3243180811405182,-9.376814842224121
2026-08-04T05:12:02.536000-04:00,9.683829307556152,-0.07400625199079514,-9.757835388183594
2026-08-04T05:12:02.540000-04:00,9.690960884094238,-0.6452456712722778,-10.336206436157227
2026-08-04T05:12:02.544000-04:00,9.760758399963379,-0.75806725025177,-10.51882553100586
2026-08-04T05:12:02.548000-04:00,9.753626823425293,-0.8814109563827515,-10.635037422180176
2026-08-04T05:12:02.552000-04:00,9.70908260345459,-0.9613798260688782,-10.670462608337402
2026-08-04T05:12:02.556000-04:00,9.702301979064941,-1.0173814296722412,-10.719683647155762
2026-08-04T05:12:02.560000-04:00,9.75643253326416,-1.0526893138885498,-10.809122085571289
2026-08-04T05:12:02.564000-04:00,9.793845176696777,-1.0746690034866333,-10.868514060974121
2026-08-04T05:12:02.568000-04:00,9.780166625976562,-1.0720969438552856,-10.852263450622559
2026-08-04T05:12:02.572000-04:00,9.812317848205566,-1.0785272121429443,-10.89084529876709
2026-08-04T05:12:02.576000-04:00,9.841195106506348,-1.0606393814086914,-10.901834487915039
2026-08-04T05:12:02.580000-04:00,9.842130661010742,-1.0466097593307495,-10.888740539550781
2026-08-04T05:12:02.584000-04:00,9.81032943725586,-1.1012083292007446,-10.911538124084473
2026-08-04T05:12:02.588000-04:00,9.810914039611816,-1.0767734050750732,-10.887687683105469
2026-08-04T05:12:02.592000-04:00,9.821319580078125,-1.03410005569458,-10.855419158935547
2026-08-04T05:12:02.596000-04:00,9.805419921875,-1.0713953971862793,-10.876815795898438
2026-08-04T05:12:02.600000-04:00,9.775606155395508,-1.1145365238189697,-10.890142440795898
2026-08-04T05:12:02.604000-04:00,9.777477264404297,-1.0950119495391846,-10.872488975524902
2026-08-04T05:12:02.608000-04:00,9.785076141357422,-1.0702263116836548,-10.855302810668945
2026-08-04T05:12:02.612000-04:00,9.786829948425293,-1.0563136339187622,-10.843143463134766
2026-08-04T05:12:02.616000-04:00,9.792442321777344,-1.0657836198806763,-10.85822582244873
2026-08-04T05:12:02.620000-04:00,9.783556938171387,-1.0681219100952148,-10.851678848266602
2026-08-04T05:12:02.624000-04:00,9.781569480895996,-1.0494157075881958,-10.830985069274902
2026-08-04T05:12:02.628000-04:00,9.763096809387207,-1.0055731534957886,-10.768670082092285
2026-08-04T05:12:02.632000-04:00,9.762394905090332,-1.0218241214752197,-10.784218788146973
2026-08-04T05:12:02.636000-04:00,9.780984878540039,-1.014575481414795,-10.795560836791992
2026-08-04T05:12:02.640000-04:00,9.773853302001953,-0.9961031675338745,-10.769956588745117
2026-08-04T05:12:02.644000-04:00,9.80378246307373,-0.9921280741691589,-10.795910835266113
2026-08-04T05:12:02.648000-04:00,9.858030319213867,-0.9570540189743042,-10.815084457397461
2026-08-04T05:12:02.652000-04:00,9.858614921569824,-0.928644061088562,-10.787259101867676
2026-08-04T05:12:02.656000-04:00,9.847742080688477,-0.9321514368057251,-10.77989387512207
2026-08-04T05:12:02.660000-04:00,9.874631881713867,-0.9087687730789185,-10.783400535583496
2026-08-04T05:12:02.664000-04:00,9.896845817565918,-0.9256042838096619,-10.822449684143066
2026-08-04T05:12:02.668000-04:00,9.899066925048828,-0.9047936797142029,-10.803860664367676
2026-08-04T05:12:02.672000-04:00,9.902691841125488,-0.8437648415565491,-10.74645709991455
2026-08-04T05:12:02.676000-04:00,9.91672134399414,-0.8351132273674011,-10.751834869384766
2026-08-04T05:12:02.680000-04:00,9.916837692260742,-0.8136011362075806,-10.730439186096191
2026-08-04T05:12:02.684000-04:00,9.931920051574707,-0.7792285680770874,-10.711148262023926
2026-08-04T05:12:02.688000-04:00,9.941390037536621,-0.7111849188804626,-10.65257453918457
2026-08-04T05:12:02.692000-04:00,9.947819709777832,-0.7283712029457092,-10.676191329956055
2026-08-04T05:12:02.696000-04:00,9.975879669189453,-0.6927125453948975,-10.66859245300293
2026-08-04T05:12:02.700000-04:00,9.995871543884277,-0.6651209592819214,-10.660992622375488
2026-08-04T05:12:02.704000-04:00,9.965707778930664,-0.6099377870559692,-10.575645446777344
2026-08-04T05:12:02.708000-04:00,9.949457168579102,-0.628527045249939,-10.577983856201172
2026-08-04T05:12:02.712000-04:00,9.977749824523926,-0.6070149540901184,-10.58476448059082
2026-08-04T05:12:02.716000-04:00,9.992247581481934,-0.5800079703330994,-10.57225513458252
2026-08-04T05:12:02.720000-04:00,9.994585990905762,-0.542011022567749,-10.53659725189209
2026-08-04T05:12:02.724000-04:00,10.043806076049805,-0.5266953706741333,-10.570501327514648
2026-08-04T05:12:02.728000-04:00,10.07548999786377,-0.5049494504928589,-10.580439567565918
2026-08-04T05:12:02.732000-04:00,10.084609031677246,-0.4910367727279663,-10.575645446777344
2026-08-04T05:12:02.736000-04:00,10.075372695922852,-0.5134841799736023,-10.58885669708252
2026-08-04T05:12:02.740000-04:00,10.095599174499512,-0.5017927885055542,-10.597392082214355
2026-08-04T05:12:02.744000-04:00,10.066370010375977,-0.5250585675239563,-10.591428756713867
2026-08-04T05:12:02.748000-04:00,10.04263687133789,-0.5462199449539185,-10.58885669708252
2026-08-04T05:12:02.752000-04:00,10.020072937011719,-0.548558235168457,-10.568631172180176
2026-08-04T05:12:02.756000-04:00,9.997859001159668,-0.6260718703269958,-10.623930931091309
2026-08-04T05:12:02.760000-04:00,9.967227935791016,-0.6522604823112488,-10.619488716125488
2026-08-04T05:12:02.764000-04:00,9.93379020690918,-0.6956353783607483,-10.629426002502441
2026-08-04T05:12:02.768000-04:00,9.901756286621094,-0.7321124076843262,-10.633869171142578
2026-08-04T05:12:02.772000-04:00,9.892753601074219,-0.7733829021453857,-10.666136741638184
2026-08-04T05:12:02.776000-04:00,9.860602378845215,-0.8089246153831482,-10.669527053833008
2026-08-04T05:12:02.780000-04:00,9.844000816345215,-0.8512473106384277,-10.695247650146484
2026-08-04T05:12:02.784000-04:00,9.827750205993652,-0.8987141847610474,-10.72646427154541
2026-08-04T05:12:02.788000-04:00,9.81208324432373,-0.9288778901100159,-10.740961074829102
2026-08-04T05:12:02.792000-04:00,9.797235488891602,-0.9517928957939148,-10.749028205871582
2026-08-04T05:12:02.796000-04:00,9.783323287963867,-0.9900236129760742,-10.773346900939941
2026-08-04T05:12:02.800000-04:00,9.771514892578125,-1.0006628036499023,-10.772177696228027
2026-08-04T05:12:02.804000-04:00,9.755847930908203,-1.0247468948364258,-10.780594825744629
2026-08-04T05:12:02.808000-04:00,9.748015403747559,-1.0414656400680542,-10.789481163024902
2026-08-04T05:12:02.812000-04:00,9.756081581115723,-1.0433361530303955,-10.799417495727539
2026-08-04T05:12:02.816000-04:00,9.731179237365723,-1.0773580074310303,-10.808537483215332
2026-08-04T05:12:02.820000-04:00,9.702535629272461,-1.072213888168335,-10.774749755859375
2026-08-04T05:12:02.824000-04:00,9.717267036437988,-1.0739675760269165,-10.791234970092773
2026-08-04T05:12:02.828000-04:00,9.70908260345459,-1.0627437829971313,-10.77182674407959
2026-08-04T05:12:02.832000-04:00,9.716214179992676,-1.0253314971923828,-10.741545677185059
2026-08-04T05:12:02.836000-04:00,9.714110374450684,-1.0982855558395386,-10.812396049499512
2026-08-04T05:12:02.840000-04:00,9.70908260345459,-1.1360485553741455,-10.845130920410156
2026-08-04T05:12:02.844000-04:00,9.703587532043457,-1.1147704124450684,-10.818357467651367
2026-08-04T05:12:02.848000-04:00,9.701600074768066,-1.069758653640747,-10.771358489990234
2026-08-04T05:12:02.852000-04:00,9.715513229370117,-1.0752536058425903,-10.790766716003418
2026-08-04T05:12:02.856000-04:00,9.735738754272461,-1.0688233375549316,-10.804561614990234
2026-08-04T05:12:02.860000-04:00,9.725567817687988,-1.1058849096298218,-10.831452369689941
2026-08-04T05:12:02.864000-04:00,9.717734336853027,-1.111964464187622,-10.82969856262207
2026-08-04T05:12:02.868000-04:00,9.726386070251465,-1.0820345878601074,-10.808420181274414
2026-08-04T05:12:02.872000-04:00,9.720657348632812,-1.0568981170654297,-10.777555465698242
2026-08-04T05:12:02.876000-04:00,9.72346305847168,-1.0392441749572754,-10.762706756591797
2026-08-04T05:12:02.880000-04:00,9.7236967086792,-1.0559628009796143,-10.779659271240234
2026-08-04T05:12:02.884000-04:00,9.719955444335938,-1.071629285812378,-10.791584968566895
2026-08-04T05:12:02.888000-04:00,9.723112106323242,-1.0491818189620972,-10.772294044494629
2026-08-04T05:12:02.892000-04:00,9.729191780090332,-1.032930850982666,-10.762123107910156
2026-08-04T05:12:02.896000-04:00,9.721826553344727,-1.0477789640426636,-10.76960563659668
2026-08-04T05:12:02.900000-04:00,9.724749565124512,-1.041582465171814,-10.766331672668457
2026-08-04T05:12:02.904000-04:00,9.725567817687988,-1.063211441040039,-10.788779258728027
2026-08-04T05:12:02.908000-04:00,9.737258911132812,-1.0529230833053589,-10.790182113647461
2026-08-04T05:12:02.912000-04:00,9.735856056213379,-1.0482466220855713,-10.784102439880371
2026-08-04T05:12:02.916000-04:00,9.741935729980469,-1.0572489500045776,-10.799184799194336
2026-08-04T05:12:02.920000-04:00,9.730478286743164,-1.0524554252624512,-10.782934188842773
2026-08-04T05:12:02.924000-04:00,9.73983097076416,-1.0671865940093994,-10.80701732635498
2026-08-04T05:12:02.928000-04:00,9.680906295776367,-1.0647313594818115,-10.745637893676758
2026-08-04T05:12:02.932000-04:00,9.66734504699707,-1.090335488319397,-10.757680892944336
2026-08-04T05:12:02.936000-04:00,9.677399635314941,-1.0684726238250732,-10.745872497558594
2026-08-04T05:12:02.940000-04:00,9.729191780090332,-1.0655497312545776,-10.7947416305542
2026-08-04T05:12:02.944000-04:00,9.762629508972168,-1.054910659790039,-10.817540168762207
2026-08-04T05:12:02.948000-04:00,9.754328727722168,-1.0673034191131592,-10.821632385253906
2026-08-04T05:12:02.952000-04:00,9.757017135620117,-1.075721263885498,-10.832738876342773
2026-08-04T05:12:02.956000-04:00,9.759355545043945,-1.0782933235168457,-10.837648391723633
2026-08-04T05:12:02.960000-04:00,9.760407447814941,-1.0727983713150024,-10.833206176757812
2026-08-04T05:12:02.964000-04:00,9.75011920928955,-1.0511693954467773,-10.801288604736328
2026-08-04T05:12:02.968000-04:00,9.753626823425293,-1.0531569719314575,-10.806783676147461
2026-08-04T05:12:02.972000-04:00,9.751522064208984,-1.0546767711639404,-10.806199073791504
2026-08-04T05:12:02.976000-04:00,9.73153018951416,-1.0857758522033691,-10.817306518554688
2026-08-04T05:12:02.980000-04:00,9.728840827941895,-1.0802809000015259,-10.809122085571289
2026-08-04T05:12:02.984000-04:00,9.722060203552246,-1.054092288017273,-10.776152610778809
2026-08-04T05:12:02.988000-04:00,9.726268768310547,-1.092439889907837,-10.818708419799805
2026-08-04T05:12:02.992000-04:00,9.724164962768555,-1.1047158241271973,-10.828880310058594
2026-08-04T05:12:02.996000-04:00,9.71714973449707,-1.0674203634262085,-10.78456974029541
2026-08-04T05:12:03-04:00,9.717734336853027,-1.0802809000015259,-10.798015594482422
2026-08-04T05:12:03.004000-04:00,9.736323356628418,-1.0850743055343628,-10.82139778137207
2026-08-04T05:12:03.008000-04:00,9.744507789611816,-1.0222917795181274,-10.766799926757812
2026-08-04T05:12:03.012000-04:00,9.728022575378418,-1.0363214015960693,-10.764344215393066
2026-08-04T05:12:03.016000-04:00,9.727204322814941,-1.0422840118408203,-10.769488334655762
2026-08-04T05:12:03.020000-04:00,9.7153959274292,-1.053507685661316,-10.768903732299805
2026-08-04T05:12:03.024000-04:00,9.724865913391113,-1.0463759899139404,-10.771242141723633
2026-08-04T05:12:03.028000-04:00,9.73562240600586,-1.0077944993972778,-10.743416786193848
2026-08-04T05:12:03.032000-04:00,9.702535629272461,-0.9520267248153687,-10.654561996459961
2026-08-04T05:12:03.036000-04:00,9.668747901916504,-0.930748462677002,-10.599496841430664
2026-08-04T05:12:03.040000-04:00,9.633440017700195,-0.9217461347579956,-10.55518627166748
2026-08-04T05:12:03.044000-04:00,9.645364761352539,-0.9438427686691284,-10.589207649230957
2026-08-04T05:12:03.048000-04:00,9.65927791595459,-0.9279425740242004,-10.587220191955566
2026-08-04T05:12:03.052000-04:00,9.697625160217285,-0.8963758945465088,-10.594000816345215
2026-08-04T05:12:03.056000-04:00,9.723814010620117,-0.9086518287658691,-10.632465362548828
2026-08-04T05:12:03.060000-04:00,9.745208740234375,-0.9258381128311157,-10.67104721069336
2026-08-04T05:12:03.064000-04:00,9.750587463378906,-0.9727204442024231,-10.723307609558105
2026-08-04T05:12:03.068000-04:00,9.74813175201416,-1.0409979820251465,-10.789129257202148
2026-08-04T05:12:03.072000-04:00,9.745559692382812,-1.042751669883728,-10.788311004638672
2026-08-04T05:12:03.076000-04:00,9.734219551086426,-1.0553783178329468,-10.789597511291504
2026-08-04T05:12:03.080000-04:00,9.72545051574707,-1.0809823274612427,-10.806432723999023
2026-08-04T05:12:03.084000-04:00,9.702068328857422,-1.131372094154358,-10.833440780639648
2026-08-04T05:12:03.088000-04:00,9.704874038696289,-1.1296184062957764,-10.834492683410645
2026-08-04T05:12:03.092000-04:00,9.695755004882812,-1.123538851737976,-10.819293975830078
2026-08-04T05:12:03.096000-04:00,9.683829307556152,-1.1373347043991089,-10.82116413116455
2026-08-04T05:12:03.100000-04:00,9.680672645568848,-1.1513643264770508,-10.832036972045898
2026-08-04T05:12:03.104000-04:00,9.659043312072754,-1.1673814058303833,-10.826424598693848
2026-08-04T05:12:03.108000-04:00,9.651327133178711,-1.1866722106933594,-10.83799934387207
2026-08-04T05:12:03.112000-04:00,9.650157928466797,-1.177669882774353,-10.827827453613281
2026-08-04T05:12:03.116000-04:00,9.653899192810059,-1.1767345666885376,-10.830634117126465
2026-08-04T05:12:03.120000-04:00,9.673190116882324,-1.1603666543960571,-10.83355712890625
2026-08-04T05:12:03.124000-04:00,9.674359321594238,-1.189244270324707,-10.863603591918945
2026-08-04T05:12:03.128000-04:00,9.678685188293457,-1.1680829524993896,-10.846768379211426
2026-08-04T05:12:03.132000-04:00,9.67178726196289,-1.1731102466583252,-10.844897270202637
2026-08-04T05:12:03.136000-04:00,9.633907318115234,-1.1769683361053467,-10.81087589263916
2026-08-04T05:12:03.140000-04:00,9.55639362335205,-1.2159005403518677,-10.772294044494629
2026-08-04T05:12:03.144000-04:00,9.588077545166016,-1.2037415504455566,-10.791818618774414
2026-08-04T05:12:03.148000-04:00,9.631101608276367,-1.170538067817688,-10.801639556884766
2026-08-04T05:12:03.152000-04:00,9.641623497009277,-1.1127828359603882,-10.754405975341797
2026-08-04T05:12:03.156000-04:00,9.719955444335938,-1.0812162160873413,-10.80117130279541
2026-08-04T05:12:03.160000-04:00,9.750821113586426,-1.1030789613723755,-10.853899955749512
2026-08-04T05:12:03.164000-04:00,9.887609481811523,-0.9934141039848328,-10.881023406982422
2026-08-04T05:12:03.168000-04:00,10.06087589263916,-0.691543459892273,-10.752419471740723
2026-08-04T05:12:03.172000-04:00,10.076424598693848,-0.3762276768684387,-10.452651977539062
2026-08-04T05:12:03.176000-04:00,9.969449043273926,0.3467654883861542,-9.62268352508545
2026-08-04T05:12:03.180000-04:00,9.904211044311523,0.8611849546432495,-9.043025970458984
2026-08-04T05:12:03.184000-04:00,9.799691200256348,1.290842056274414,-8.508849143981934
2026-08-04T05:12:03.188000-04:00,9.780166625976562,1.320070505142212,-8.46009635925293
2026-08-04T05:12:03.192000-04:00,9.694351196289062,0.9341389536857605,-8.760211944580078
2026-08-04T05:12:03.196000-04:00,9.667695045471191,0.22248642146587372,-9.445208549499512
2026-08-04T05:12:03.200000-04:00,9.661381721496582,-0.1542089283466339,-9.815590858459473
2026-08-04T05:12:03.204000-04:00,9.703587532043457,-0.7087297439575195,-10.412317276000977
2026-08-04T05:12:03.208000-04:00,9.76473331451416,-0.7879970669746399,-10.552730560302734
2026-08-04T05:12:03.212000-04:00,9.795365333557129,-0.8338271975517273,-10.629192352294922
2026-08-04T05:12:03.216000-04:00,9.742403030395508,-0.9077165126800537,-10.65011978149414
2026-08-04T05:12:03.220000-04:00,9.75199031829834,-0.9506238102912903,-10.702613830566406
2026-08-04T05:12:03.224000-04:00,9.745092391967773,-0.9932972192764282,-10.73838996887207
2026-08-04T05:12:03.228000-04:00,9.75666618347168,-1.005690097808838,-10.76235580444336
2026-08-04T05:12:03.232000-04:00,9.752457618713379,-1.0131725072860718,-10.765629768371582
2026-08-04T05:12:03.236000-04:00,9.749418258666992,-1.0138739347457886,-10.76329231262207
2026-08-04T05:12:03.240000-04:00,9.753626823425293,-1.0233440399169922,-10.776970863342285
2026-08-04T05:12:03.244000-04:00,9.747196197509766,-1.0422840118408203,-10.789480209350586
2026-08-04T05:12:03.248000-04:00,9.768240928649902,-1.037373661994934,-10.805614471435547
2026-08-04T05:12:03.252000-04:00,9.765317916870117,-1.035970687866211,-10.801288604736328
2026-08-04T05:12:03.256000-04:00,9.763330459594727,-1.003819465637207,-10.767149925231934
2026-08-04T05:12:03.260000-04:00,9.772333145141602,-1.0128217935562134,-10.785155296325684
2026-08-04T05:12:03.264000-04:00,9.789519309997559,-1.006508469581604,-10.796028137207031
2026-08-04T05:12:03.268000-04:00,9.781803131103516,-1.0006628036499023,-10.782465934753418
2026-08-04T05:12:03.272000-04:00,9.786713600158691,-0.998909056186676,-10.785622596740723
2026-08-04T05:12:03.276000-04:00,9.792091369628906,-0.9930633902549744,-10.785154342651367
2026-08-04T05:12:03.280000-04:00,9.791155815124512,-0.9992598295211792,-10.79041576385498
2026-08-04T05:12:03.284000-04:00,9.806705474853516,-0.9816058874130249,-10.788311004638672
2026-08-04T05:12:03.288000-04:00,9.798871994018555,-0.9777477383613586,-10.776619911193848
2026-08-04T05:12:03.292000-04:00,9.803666114807129,-0.9954016804695129,-10.799067497253418
2026-08-04T05:12:03.296000-04:00,9.816526412963867,-0.9947001934051514,-10.811226844787598
2026-08-04T05:12:03.300000-04:00,9.819332122802734,-1.009197473526001,-10.828529357910156
2026-08-04T05:12:03.304000-04:00,9.829504013061523,-0.924318253993988,-10.753822326660156
2026-08-04T05:12:03.308000-04:00,9.829620361328125,-0.9263057708740234,-10.755926132202148
2026-08-04T05:12:03.312000-04:00,9.831607818603516,-0.9093533158302307,-10.740961074829102
2026-08-04T05:12:03.316000-04:00,9.841546058654785,-0.8984803557395935,-10.740026473999023
2026-08-04T05:12:03.320000-04:00,9.860486030578613,-0.9038583636283875,-10.764344215393066
2026-08-04T05:12:03.324000-04:00,9.863525390625,-0.9330867528915405,-10.796611785888672
2026-08-04T05:12:03.328000-04:00,9.886090278625488,-0.8714733123779297,-10.757563591003418
2026-08-04T05:12:03.332000-04:00,9.892168998718262,-0.8169916272163391,-10.709160804748535
2026-08-04T05:12:03.336000-04:00,9.89404010772705,-0.809158444404602,-10.703198432922363
2026-08-04T05:12:03.340000-04:00,9.924788475036621,-0.7984023690223694,-10.723191261291504
2026-08-04T05:12:03.344000-04:00,9.933673858642578,-0.7922059893608093,-10.725879669189453
2026-08-04T05:12:03.348000-04:00,9.955770492553711,-0.7496494650840759,-10.705419540405273
2026-08-04T05:12:03.352000-04:00,9.970500946044922,-0.6982074975967407,-10.668708801269531
2026-08-04T05:12:03.356000-04:00,9.97283935546875,-0.6708497405052185,-10.643689155578613
2026-08-04T05:12:03.360000-04:00,9.991662979125977,-0.665822446346283,-10.657485008239746
2026-08-04T05:12:03.364000-04:00,10.012473106384277,-0.663718044757843,-10.676191329956055
2026-08-04T05:12:03.368000-04:00,10.031296730041504,-0.6108731031417847,-10.642169952392578
2026-08-04T05:12:03.372000-04:00,10.044624328613281,-0.5911146998405457,-10.63573932647705
2026-08-04T05:12:03.376000-04:00,10.064733505249023,-0.5796571969985962,-10.644391059875488
2026-08-04T05:12:03.380000-04:00,10.070579528808594,-0.5631723999977112,-10.63375186920166
2026-08-04T05:12:03.384000-04:00,10.089402198791504,-0.5517148971557617,-10.641117095947266
2026-08-04T05:12:03.388000-04:00,10.086362838745117,-0.5511302947998047,-10.637493133544922
2026-08-04T05:12:03.392000-04:00,10.097118377685547,-0.5197975039482117,-10.616915702819824
2026-08-04T05:12:03.396000-04:00,10.101444244384766,-0.5124319195747375,-10.613876342773438
2026-08-04T05:12:03.400000-04:00,10.084141731262207,-0.5264615416526794,-10.610603332519531
2026-08-04T05:12:03.404000-04:00,10.09209156036377,-0.5258769989013672,-10.617968559265137
2026-08-04T05:12:03.408000-04:00,10.078295707702637,-0.5237725377082825,-10.602067947387695
2026-08-04T05:12:03.412000-04:00,10.066604614257812,-0.576383650302887,-10.642988204956055
2026-08-04T05:12:03.416000-04:00,10.053977966308594,-0.5921669602394104,-10.64614486694336
2026-08-04T05:12:03.420000-04:00,10.015863418579102,-0.625838041305542,-10.641701698303223
2026-08-04T05:12:03.424000-04:00,9.999261856079102,-0.6501560211181641,-10.649417877197266
2026-08-04T05:12:03.428000-04:00,9.96617603302002,-0.7097819447517395,-10.675957679748535
2026-08-04T05:12:03.432000-04:00,9.954133033752441,-0.7162122130393982,-10.670345306396484
2026-08-04T05:12:03.436000-04:00,9.930517196655273,-0.7636790871620178,-10.694196701049805
2026-08-04T05:12:03.440000-04:00,9.900469779968262,-0.8417773246765137,-10.742246627807617
2026-08-04T05:12:03.444000-04:00,9.889246940612793,-0.8602496385574341,-10.749496459960938
2026-08-04T05:12:03.448000-04:00,9.849963188171387,-0.9063135385513306,-10.756277084350586
2026-08-04T05:12:03.452000-04:00,9.837687492370605,-0.953780472278595,-10.791467666625977
2026-08-04T05:12:03.456000-04:00,9.825294494628906,-0.9873346090316772,-10.812628746032715
2026-08-04T05:12:03.460000-04:00,9.80764102935791,-0.9173034429550171,-10.724944114685059
2026-08-04T05:12:03.464000-04:00,9.812667846679688,-1.0170307159423828,-10.82969856262207
2026-08-04T05:12:03.468000-04:00,9.783323287963867,-1.050234079360962,-10.83355712890625
2026-08-04T05:12:03.472000-04:00,9.784375190734863,-1.0822683572769165,-10.866643905639648
2026-08-04T05:12:03.476000-04:00,9.76672077178955,-1.075721263885498,-10.84244155883789
2026-08-04T05:12:03.480000-04:00,9.759940147399902,-1.1010915040969849,-10.861031532287598
2026-08-04T05:12:03.484000-04:00,9.751405715942383,-1.0951288938522339,-10.846534729003906
2026-08-04T05:12:03.488000-04:00,9.750937461853027,-1.12482488155365,-10.875761985778809
2026-08-04T05:12:03.492000-04:00,9.748716354370117,-1.117342472076416,-10.866058349609375
2026-08-04T05:12:03.496000-04:00,9.754328727722168,-1.1042481660842896,-10.858576774597168
2026-08-04T05:12:03.500000-04:00,9.749534606933594,-1.1244741678237915,-10.874009132385254
2026-08-04T05:12:03.504000-04:00,9.751639366149902,-1.1373347043991089,-10.8889741897583
2026-08-04T05:12:03.508000-04:00,9.749418258666992,-1.1223697662353516,-10.871788024902344
2026-08-04T05:12:03.512000-04:00,9.757134437561035,-1.114653468132019,-10.871788024902344
2026-08-04T05:12:03.516000-04:00,9.73597240447998,-1.12272047996521,-10.85869312286377
2026-08-04T05:12:03.520000-04:00,9.747079849243164,-1.1182777881622314,-10.865357398986816
2026-08-04T05:12:03.524000-04:00,9.747664451599121,-1.092439889907837,-10.840104103088379
2026-08-04T05:12:03.528000-04:00,9.739480018615723,-1.1157056093215942,-10.855185508728027
2026-08-04T05:12:03.532000-04:00,9.748249053955078,-1.12681245803833,-10.87506103515625
2026-08-04T05:12:03.536000-04:00,9.743338584899902,-1.1126658916473389,-10.85600471496582
2026-08-04T05:12:03.540000-04:00,9.754562377929688,-1.1125489473342896,-10.867111206054688
2026-08-04T05:12:03.544000-04:00,9.745326042175293,-1.140842080116272,-10.886168479919434
2026-08-04T05:12:03.548000-04:00,9.757250785827637,-1.1152379512786865,-10.872488975524902
2026-08-04T05:12:03.552000-04:00,9.759940147399902,-1.1036635637283325,-10.863603591918945
2026-08-04T05:12:03.556000-04:00,9.752924919128418,-1.107872486114502,-10.860797882080078
2026-08-04T05:12:03.560000-04:00,9.74836540222168,-1.0978178977966309,-10.846183776855469
2026-08-04T05:12:03.564000-04:00,9.763681411743164,-1.1002731323242188,-10.863954544067383
2026-08-04T05:12:03.568000-04:00,9.773385047912598,-1.076305866241455,-10.849691390991211
2026-08-04T05:12:03.572000-04:00,9.775723457336426,-1.0565474033355713,-10.832270622253418
2026-08-04T05:12:03.576000-04:00,9.77490520477295,-1.071044683456421,-10.84595012664795
2026-08-04T05:12:03.580000-04:00,9.767773628234863,-1.06508207321167,-10.832855224609375
2026-08-04T05:12:03.584000-04:00,9.779231071472168,-1.0765396356582642,-10.8557710647583
2026-08-04T05:12:03.588000-04:00,9.770696640014648,-1.0696417093276978,-10.840338706970215
2026-08-04T05:12:03.592000-04:00,9.779698371887207,-1.0753705501556396,-10.855069160461426
2026-08-04T05:12:03.596000-04:00,9.780984878540039,-1.0977009534835815,-10.87868595123291
2026-08-04T05:12:03.600000-04:00,9.764383316040039,-1.095713496208191,-10.86009693145752
2026-08-04T05:12:03.604000-04:00,9.765084266662598,-1.1159394979476929,-10.881023406982422
2026-08-04T05:12:03.608000-04:00,9.769176483154297,-1.099454641342163,-10.868631362915039
2026-08-04T05:12:03.612000-04:00,9.769994735717773,-1.1298521757125854,-10.899847030639648
2026-08-04T05:12:03.616000-04:00,9.768474578857422,-1.1090415716171265,-10.87751579284668
2026-08-04T05:12:03.620000-04:00,9.769410133361816,-1.1124321222305298,-10.881842613220215
2026-08-04T05:12:03.624000-04:00,9.758770942687988,-1.1297352313995361,-10.888505935668945
2026-08-04T05:12:03.628000-04:00,9.771631240844727,-1.1106784343719482,-10.882309913635254
2026-08-04T05:12:03.632000-04:00,9.772684097290039,-1.109275460243225,-10.881959915161133
2026-08-04T05:12:03.636000-04:00,9.765084266662598,-1.12891685962677,-10.894001007080078
2026-08-04T05:12:03.640000-04:00,9.764616966247559,-1.1299691200256348,-10.894586563110352
2026-08-04T05:12:03.644000-04:00,9.76859188079834,-1.1299691200256348,-10.898561477661133
2026-08-04T05:12:03.648000-04:00,9.769643783569336,-1.1311382055282593,-10.900781631469727
2026-08-04T05:12:03.652000-04:00,9.773385047912598,-1.1401405334472656,-10.913525581359863
2026-08-04T05:12:03.656000-04:00,9.788232803344727,-1.1185115575790405,-10.906744003295898
2026-08-04T05:12:03.660000-04:00,9.78718090057373,-1.0962979793548584,-10.883479118347168
2026-08-04T05:12:03.664000-04:00,9.761576652526855,-1.0892832279205322,-10.850859642028809
2026-08-04T05:12:03.668000-04:00,9.773151397705078,-1.0806316137313843,-10.853782653808594
2026-08-04T05:12:03.672000-04:00,9.794780731201172,-1.0653159618377686,-10.86009693145752
2026-08-04T05:12:03.676000-04:00,9.803666114807129,-1.0503510236740112,-10.85401725769043
2026-08-04T05:12:03.680000-04:00,9.803197860717773,-0.9890883564949036,-10.792285919189453
2026-08-04T05:12:03.684000-04:00,9.764032363891602,-0.9708498120307922,-10.734882354736328
2026-08-04T05:12:03.688000-04:00,9.748716354370117,-0.9648872017860413,-10.713603973388672
2026-08-04T05:12:03.692000-04:00,9.77490520477295,-0.9782153964042664,-10.753120422363281
2026-08-04T05:12:03.696000-04:00,9.769527435302734,-0.9641857743263245,-10.733713150024414
2026-08-04T05:12:03.700000-04:00,9.773151397705078,-0.9654718041419983,-10.73862361907959
2026-08-04T05:12:03.704000-04:00,9.785310745239258,-0.9690961241722107,-10.754406929016113
2026-08-04T05:12:03.708000-04:00,9.795248031616211,-0.9761109352111816,-10.771358489990234
2026-08-04T05:12:03.712000-04:00,9.782855033874512,-1.0293065309524536,-10.812161445617676
2026-08-04T05:12:03.716000-04:00,9.774787902832031,-1.0830868482589722,-10.857874870300293
2026-08-04T05:12:03.720000-04:00,9.768240928649902,-1.1159394979476929,-10.884180068969727
2026-08-04T05:12:03.724000-04:00,9.76274585723877,-1.1263447999954224,-10.889090538024902
2026-08-04T05:12:03.728000-04:00,9.750470161437988,-1.1422450542449951,-10.892715454101562
2026-08-04T05:12:03.732000-04:00,9.745092391967773,-1.1576776504516602,-10.902770042419434
2026-08-04T05:12:03.736000-04:00,9.732815742492676,-1.2123931646347046,-10.945208549499512
2026-08-04T05:12:03.740000-04:00,9.73351764678955,-1.267108678817749,-11.000626564025879
2026-08-04T05:12:03.744000-04:00,9.730828285217285,-1.2599769830703735,-10.990805625915527
2026-08-04T05:12:03.748000-04:00,9.738779067993164,-1.218706488609314,-10.95748519897461
2026-08-04T05:12:03.752000-04:00,9.744858741760254,-1.1939208507537842,-10.938779830932617
2026-08-04T05:12:03.756000-04:00,9.735856056213379,-1.194622278213501,-10.9304780960083
2026-08-04T05:12:03.760000-04:00,9.728490829467773,-1.2444274425506592,-10.972918510437012
2026-08-04T05:12:03.764000-04:00,9.72732162475586,-1.269213080406189,-10.99653434753418
2026-08-04T05:12:03.768000-04:00,9.722177505493164,-1.2588077783584595,-10.980985641479492
2026-08-04T05:12:03.772000-04:00,9.724983215332031,-1.2301640510559082,-10.955146789550781
2026-08-04T05:12:03.776000-04:00,9.72299575805664,-1.2651211023330688,-10.988117218017578
2026-08-04T05:12:03.780000-04:00,9.724281311035156,-1.2600938081741333,-10.984375
2026-08-04T05:12:03.784000-04:00,9.724047660827637,-1.2653549909591675,-10.989402770996094
2026-08-04T05:12:03.788000-04:00,9.729893684387207,-1.2535467147827148,-10.983440399169922
2026-08-04T05:12:03.792000-04:00,9.712239265441895,-1.2648873329162598,-10.977127075195312
2026-08-04T05:12:03.796000-04:00,9.69224739074707,-1.2347235679626465,-10.926971435546875
2026-08-04T05:12:03.800000-04:00,9.6821928024292,-1.219291090965271,-10.901483535766602
2026-08-04T05:12:03.804000-04:00,9.711654663085938,-1.222213864326477,-10.933868408203125
2026-08-04T05:12:03.808000-04:00,9.751873016357422,-1.2420891523361206,-10.993962287902832
2026-08-04T05:12:03.812000-04:00,9.86913776397705,-1.1344118118286133,-11.003549575805664
2026-08-04T05:12:03.816000-04:00,9.99937915802002,-0.9697976112365723,-10.96917724609375
2026-08-04T05:12:03.820000-04:00,10.200353622436523,-0.5828138589859009,-10.783167839050293
2026-08-04T05:12:03.824000-04:00,10.13359546661377,-0.11796573549509048,-10.251561164855957
2026-08-04T05:12:03.828000-04:00,10.036674499511719,0.6676930785179138,-9.36898136138916
2026-08-04T05:12:03.832000-04:00,9.89836597442627,1.1906472444534302,-8.707718849182129
2026-08-04T05:12:03.836000-04:00,9.881647109985352,1.1600159406661987,-8.721631050109863
2026-08-04T05:12:03.840000-04:00,9.829035758972168,0.8790727257728577,-8.949962615966797
2026-08-04T05:12:03.844000-04:00,9.75619888305664,0.46870627999305725,-9.287492752075195
2026-08-04T05:12:03.848000-04:00,9.654483795166016,-0.1713952124118805,-9.825879096984863
2026-08-04T05:12:03.852000-04:00,9.63905143737793,-0.5603664517402649,-10.199418067932129
2026-08-04T05:12:03.856000-04:00,9.757601737976074,-0.8788388967514038,-10.63644027709961
2026-08-04T05:12:03.860000-04:00,9.838739395141602,-0.926422655582428,-10.765162467956543
2026-08-04T05:12:03.864000-04:00,9.839674949645996,-0.9595091938972473,-10.79918384552002
2026-08-04T05:12:03.868000-04:00,9.782036781311035,-1.0199534893035889,-10.801990509033203
2026-08-04T05:12:03.872000-04:00,9.806120872497559,-1.0585349798202515,-10.864655494689941
2026-08-04T05:12:03.876000-04:00,9.811031341552734,-1.0791116952896118,-10.890143394470215
2026-08-04T05:12:03.880000-04:00,9.808576583862305,-1.0868279933929443,-10.895404815673828
2026-08-04T05:12:03.884000-04:00,9.807290077209473,-1.083788275718689,-10.891077995300293
2026-08-04T05:12:03.888000-04:00,9.792208671569824,-1.1124321222305298,-10.904641151428223
2026-08-04T05:12:03.892000-04:00,9.79934024810791,-1.1324243545532227,-10.931764602661133
2026-08-04T05:12:03.896000-04:00,9.794780731201172,-1.1427127122879028,-10.937493324279785
2026-08-04T05:12:03.900000-04:00,9.798287391662598,-1.1302028894424438,-10.92849063873291
2026-08-04T05:12:03.904000-04:00,9.809043884277344,-1.0958303213119507,-10.904873847961426
2026-08-04T05:12:03.908000-04:00,9.80764102935791,-1.102728247642517,-10.910368919372559
2026-08-04T05:12:03.912000-04:00,9.807172775268555,-1.1098599433898926,-10.917032241821289
2026-08-04T05:12:03.916000-04:00,9.820968627929688,-1.0945442914962769,-10.915513038635254
2026-08-04T05:12:03.920000-04:00,9.813486099243164,-1.106703281402588,-10.920188903808594
2026-08-04T05:12:03.924000-04:00,9.812200546264648,-1.0947781801223755,-10.906978607177734
2026-08-04T05:12:03.928000-04:00,9.82810115814209,-1.0849573612213135,-10.913058280944824
2026-08-04T05:12:03.932000-04:00,9.843649864196777,-1.0530400276184082,-10.896690368652344
2026-08-04T05:12:03.936000-04:00,9.836050987243652,-1.0802809000015259,-10.916332244873047
2026-08-04T05:12:03.940000-04:00,9.832076072692871,-1.063562273979187,-10.895638465881348
2026-08-04T05:12:03.944000-04:00,9.841546058654785,-1.0518709421157837,-10.893417358398438
2026-08-04T05:12:03.948000-04:00,9.854172706604004,-1.0263837575912476,-10.880556106567383
2026-08-04T05:12:03.952000-04:00,9.851834297180176,-1.0245131254196167,-10.876347541809082
2026-08-04T05:12:03.956000-04:00,9.850547790527344,-1.0200704336166382,-10.870617866516113
2026-08-04T05:12:03.960000-04:00,9.874515533447266,-0.9819566011428833,-10.85647201538086
2026-08-04T05:12:03.964000-04:00,9.865279197692871,-0.9866331219673157,-10.851912498474121
2026-08-04T05:12:03.968000-04:00,9.879776954650879,-0.9737726449966431,-10.85354995727539
2026-08-04T05:12:03.972000-04:00,9.883517265319824,-0.9738895893096924,-10.857406616210938
2026-08-04T05:12:03.976000-04:00,9.872879028320312,-0.9880360960960388,-10.860915184020996
2026-08-04T05:12:03.980000-04:00,9.880244255065918,-0.9744741320610046,-10.854718208312988
2026-08-04T05:12:03.984000-04:00,9.890999794006348,-0.9037414789199829,-10.7947416305542
2026-08-04T05:12:03.988000-04:00,9.917773246765137,-0.8677321076393127,-10.785505294799805
2026-08-04T05:12:03.992000-04:00,9.938817977905273,-0.8401405215263367,-10.778958320617676
2026-08-04T05:12:03.996000-04:00,9.95845890045166,-0.8162901401519775,-10.774748802185059
2026-08-04T05:12:04-04:00,9.965240478515625,-0.8083400130271912,-10.773580551147461
2026-08-04T05:12:04.004000-04:00,9.977048873901367,-0.7846065759658813,-10.761655807495117
2026-08-04T05:12:04.008000-04:00,10.00183391571045,-0.756430447101593,-10.758264541625977
2026-08-04T05:12:04.012000-04:00,10.012356758117676,-0.7662511467933655,-10.778608322143555
2026-08-04T05:12:04.016000-04:00,10.029542922973633,-0.7546767592430115,-10.784219741821289
2026-08-04T05:12:04.020000-04:00,10.025450706481934,-0.7068591117858887,-10.732309341430664
2026-08-04T05:12:04.024000-04:00,10.04041576385498,-0.6390492916107178,-10.679465293884277
2026-08-04T05:12:04.028000-04:00,10.062161445617676,-0.6492207646369934,-10.711381912231445
2026-08-04T05:12:04.032000-04:00,10.059473037719727,-0.6213953495025635,-10.680868148803711
2026-08-04T05:12:04.036000-04:00,10.071515083312988,-0.5802417993545532,-10.65175724029541
2026-08-04T05:12:04.040000-04:00,10.066487312316895,-0.573110044002533,-10.639596939086914
2026-08-04T05:12:04.044000-04:00,10.067773818969727,-0.5821123719215393,-10.649886131286621
2026-08-04T05:12:04.048000-04:00,10.054445266723633,-0.599064826965332,-10.653510093688965
2026-08-04T05:12:04.052000-04:00,10.053860664367676,-0.6099377870559692,-10.663798332214355
2026-08-04T05:12:04.056000-04:00,10.038544654846191,-0.6565862894058228,-10.695131301879883
2026-08-04T05:12:04.060000-04:00,10.025333404541016,-0.6653547883033752,-10.690688133239746
2026-08-04T05:12:04.064000-04:00,10.01843547821045,-0.682891845703125,-10.701327323913574
2026-08-04T05:12:04.068000-04:00,10.007797241210938,-0.6943493485450745,-10.702146530151367
2026-08-04T05:12:04.072000-04:00,9.98453140258789,-0.746960461139679,-10.731492042541504
2026-08-04T05:12:04.076000-04:00,9.970735549926758,-0.7613407969474792,-10.732076644897461
2026-08-04T05:12:04.080000-04:00,9.941156387329102,-0.8262277841567993,-10.76738452911377
2026-08-04T05:12:04.084000-04:00,9.916370391845703,-0.8839830756187439,-10.800353050231934
2026-08-04T05:12:04.088000-04:00,9.896261215209961,-0.9176541566848755,-10.813915252685547
2026-08-04T05:12:04.092000-04:00,9.873930931091309,-0.987802267074585,-10.861733436584473
2026-08-04T05:12:04.096000-04:00,9.852886199951172,-1.0074437856674194,-10.860329627990723
2026-08-04T05:12:04.100000-04:00,9.843649864196777,-1.027552843093872,-10.87120246887207
2026-08-04T05:12:04.104000-04:00,9.82424259185791,-1.0604056119918823,-10.884648323059082
2026-08-04T05:12:04.108000-04:00,9.816993713378906,-1.087061882019043,-10.90405559539795
2026-08-04T05:12:04.112000-04:00,9.798989295959473,-1.1114968061447144,-10.910486221313477
2026-08-04T05:12:04.116000-04:00,9.78741455078125,-1.132190465927124,-10.919605255126953
2026-08-04T05:12:04.120000-04:00,9.773969650268555,-1.1883089542388916,-10.962278366088867
2026-08-04T05:12:04.124000-04:00,9.772449493408203,-1.1623541116714478,-10.93480396270752
2026-08-04T05:12:04.128000-04:00,9.76251220703125,-1.1724086999893188,-10.934921264648438
2026-08-04T05:12:04.132000-04:00,9.76052474975586,-1.1763837337493896,-10.936908721923828
2026-08-04T05:12:04.136000-04:00,9.761343002319336,-1.1506627798080444,-10.912005424499512
2026-08-04T05:12:04.140000-04:00,9.745326042175293,-1.1727594137191772,-10.918085098266602
2026-08-04T05:12:04.144000-04:00,9.757017135620117,-1.2128608226776123,-10.969878196716309
2026-08-04T05:12:04.148000-04:00,9.741117477416992,-1.222798466682434,-10.963915824890137
2026-08-04T05:12:04.152000-04:00,9.746495246887207,-1.2088857889175415,-10.955381393432617
2026-08-04T05:12:04.156000-04:00,9.743805885314941,-1.2024555206298828,-10.946261405944824
2026-08-04T05:12:04.160000-04:00,9.729191780090332,-1.1995326280593872,-10.92872428894043
2026-08-04T05:12:04.164000-04:00,9.75222396850586,-1.1767345666885376,-10.928958892822266
2026-08-04T05:12:04.168000-04:00,9.753626823425293,-1.1811772584915161,-10.93480396270752
2026-08-04T05:12:04.172000-04:00,9.76005744934082,-1.1674983501434326,-10.927556037902832
2026-08-04T05:12:04.176000-04:00,9.763214111328125,-1.1755653619766235,-10.938779830932617
2026-08-04T05:12:04.180000-04:00,9.750587463378906,-1.1761499643325806,-10.926737785339355
2026-08-04T05:12:04.184000-04:00,9.744741439819336,-1.1567423343658447,-10.901483535766602
2026-08-04T05:12:04.188000-04:00,9.72907543182373,-1.195440649986267,-10.924515724182129
2026-08-04T05:12:04.192000-04:00,9.760875701904297,-1.1406081914901733,-10.901483535766602
2026-08-04T05:12:04.196000-04:00,9.758888244628906,-1.1569761037826538,-10.915863990783691
2026-08-04T05:12:04.200000-04:00,9.759004592895508,-1.1635233163833618,-10.922528266906738
2026-08-04T05:12:04.204000-04:00,9.771748542785645,-1.1479737758636475,-10.919722557067871
2026-08-04T05:12:04.208000-04:00,9.762161254882812,-1.1671476364135742,-10.929308891296387
2026-08-04T05:12:04.212000-04:00,9.780516624450684,-1.1498444080352783,-10.930360794067383
2026-08-04T05:12:04.216000-04:00,9.767189025878906,-1.1226035356521606,-10.889792442321777
2026-08-04T05:12:04.220000-04:00,9.767422676086426,-1.1450510025024414,-10.912473678588867
2026-08-04T05:12:04.224000-04:00,9.775372505187988,-1.1715903282165527,-10.946962356567383
2026-08-04T05:12:04.228000-04:00,9.763447761535645,-1.1596651077270508,-10.923112869262695
2026-08-04T05:12:04.232000-04:00,9.776308059692383,-1.1145365238189697,-10.890844345092773
2026-08-04T05:12:04.236000-04:00,9.77280044555664,-1.1374515295028687,-10.91025161743164
2026-08-04T05:12:04.240000-04:00,9.771631240844727,-1.1549886465072632,-10.926619529724121
2026-08-04T05:12:04.244000-04:00,9.767889976501465,-1.1318397521972656,-10.89972972869873
2026-08-04T05:12:04.248000-04:00,9.78133487701416,-1.156859278678894,-10.938194274902344
2026-08-04T05:12:04.252000-04:00,9.76029109954834,-1.1538194417953491,-10.91411018371582
2026-08-04T05:12:04.256000-04:00,9.780750274658203,-1.1378023624420166,-10.91855239868164
2026-08-04T05:12:04.260000-04:00,9.774086952209473,-1.1603666543960571,-10.934453964233398
2026-08-04T05:12:04.264000-04:00,9.761927604675293,-1.1833986043930054,-10.94532585144043
2026-08-04T05:12:04.268000-04:00,9.774203300476074,-1.1669137477874756,-10.941117286682129
2026-08-04T05:12:04.272000-04:00,9.773151397705078,-1.1804757118225098,-10.95362663269043
2026-08-04T05:12:04.276000-04:00,9.779815673828125,-1.1922839879989624,-10.972099304199219
2026-08-04T05:12:04.280000-04:00,9.768123626708984,-1.1929855346679688,-10.961109161376953
2026-08-04T05:12:04.284000-04:00,9.767305374145508,-1.174396276473999,-10.941701889038086
2026-08-04T05:12:04.288000-04:00,9.789870262145996,-1.1106784343719482,-10.900548934936523
2026-08-04T05:12:04.292000-04:00,9.769176483154297,-1.1203821897506714,-10.889558792114258
2026-08-04T05:12:04.296000-04:00,9.780400276184082,-1.1070541143417358,-10.88745403289795
2026-08-04T05:12:04.300000-04:00,9.773385047912598,-1.1141858100891113,-10.887571334838867
2026-08-04T05:12:04.304000-04:00,9.786479949951172,-1.1047158241271973,-10.891195297241211
2026-08-04T05:12:04.308000-04:00,9.79103946685791,-1.099454641342163,-10.890494346618652
2026-08-04T05:12:04.312000-04:00,9.79548168182373,-1.0107172727584839,-10.806199073791504
2026-08-04T05:12:04.316000-04:00,9.753509521484375,-1.0046378374099731,-10.758147239685059
2026-08-04T05:12:04.320000-04:00,9.757485389709473,-1.0001951456069946,-10.757680892944336
2026-08-04T05:12:04.324000-04:00,9.765551567077637,-1.0022995471954346,-10.767850875854492
2026-08-04T05:12:04.328000-04:00,9.76496696472168,-0.9920111894607544,-10.756978034973145
2026-08-04T05:12:04.332000-04:00,9.771748542785645,-0.9676931500434875,-10.739441871643066
2026-08-04T05:12:04.336000-04:00,9.7764253616333,-1.0418163537979126,-10.818242073059082
2026-08-04T05:12:04.340000-04:00,9.794078826904297,-0.9977399110794067,-10.791818618774414
2026-08-04T05:12:04.344000-04:00,9.793845176696777,-1.0574827194213867,-10.851327896118164
2026-08-04T05:12:04.348000-04:00,9.790454864501953,-1.0886986255645752,-10.87915325164795
2026-08-04T05:12:04.352000-04:00,9.775723457336426,-1.1247080564498901,-10.900431632995605
2026-08-04T05:12:04.356000-04:00,9.762044906616211,-1.1515980958938599,-10.913642883300781
2026-08-04T05:12:04.360000-04:00,9.744507789611816,-1.2526113986968994,-10.997118949890137
2026-08-04T05:12:04.364000-04:00,9.753626823425293,-1.210639476776123,-10.964265823364258
2026-08-04T05:12:04.368000-04:00,9.739948272705078,-1.248987078666687,-10.988935470581055
2026-08-04T05:12:04.372000-04:00,9.741467475891113,-1.2600938081741333,-11.001561164855957
2026-08-04T05:12:04.376000-04:00,9.734102249145508,-1.248987078666687,-10.983089447021484
2026-08-04T05:12:04.380000-04:00,9.734920501708984,-1.2558850049972534,-10.990805625915527
2026-08-04T05:12:04.384000-04:00,9.74170207977295,-1.2577556371688843,-10.999457359313965
2026-08-04T05:12:04.388000-04:00,9.737726211547852,-1.2592754364013672,-10.997001647949219
2026-08-04T05:12:04.392000-04:00,9.740181922912598,-1.2775139808654785,-11.017696380615234
2026-08-04T05:12:04.396000-04:00,9.746728897094727,-1.2915436029434204,-11.038272857666016
2026-08-04T05:12:04.400000-04:00,9.744858741760254,-1.300662875175476,-11.04552173614502
2026-08-04T05:12:04.404000-04:00,9.729191780090332,-1.2983245849609375,-11.02751636505127
2026-08-04T05:12:04.408000-04:00,9.727788925170898,-1.2875685691833496,-11.015357971191406
2026-08-04T05:12:04.412000-04:00,9.734569549560547,-1.297389268875122,-11.03195858001709
2026-08-04T05:12:04.416000-04:00,9.73351764678955,-1.2904913425445557,-11.024008750915527
2026-08-04T05:12:04.420000-04:00,9.728840827941895,-1.2735389471054077,-11.002379417419434
2026-08-04T05:12:04.424000-04:00,9.734686851501465,-1.2707329988479614,-11.005419731140137
2026-08-04T05:12:04.428000-04:00,9.712823867797852,-1.2841780185699463,-10.997001647949219
2026-08-04T05:12:04.432000-04:00,9.677399635314941,-1.2374125719070435,-10.914812088012695
2026-08-04T05:12:04.436000-04:00,9.704055786132812,-1.2188234329223633,-10.922879219055176
2026-08-04T05:12:04.440000-04:00,9.794429779052734,-1.183866262435913,-10.978296279907227
2026-08-04T05:12:04.444000-04:00,9.89006519317627,-1.063562273979187,-10.953627586364746
2026-08-04T05:12:04.448000-04:00,10.091623306274414,-0.8242402672767639,-10.915863990783691
2026-08-04T05:12:04.452000-04:00,10.151132583618164,-0.4920889735221863,-10.643221855163574
2026-08-04T05:12:04.456000-04:00,10.053860664367676,0.2533515989780426,-9.800509452819824
2026-08-04T05:12:04.460000-04:00,9.953081130981445,1.0328140258789062,-8.920267105102539
2026-08-04T05:12:04.464000-04:00,9.872410774230957,1.2658226490020752,-8.606588363647461
2026-08-04T05:12:04.468000-04:00,9.86153793334961,1.2107563018798828,-8.650781631469727
2026-08-04T05:12:04.472000-04:00,9.789986610412598,0.9401015639305115,-8.849884986877441
2026-08-04T05:12:04.476000-04:00,9.743221282958984,0.19816841185092926,-9.545052528381348
2026-08-04T05:12:04.480000-04:00,9.715980529785156,-0.18238508701324463,-9.89836597442627
2026-08-04T05:12:04.484000-04:00,9.77057933807373,-0.7523384690284729,-10.522917747497559
2026-08-04T05:12:04.488000-04:00,9.816526412963867,-0.8520656824111938,-10.66859245300293
2026-08-04T05:12:04.492000-04:00,9.864577293395996,-0.9014031887054443,-10.76598072052002
2026-08-04T05:12:04.496000-04:00,9.817111015319824,-0.9350742697715759,-10.752184867858887
2026-08-04T05:12:04.500000-04:00,9.812434196472168,-0.9763447642326355,-10.788779258728027
2026-08-04T05:12:04.504000-04:00,9.811849594116211,-1.0471943616867065,-10.859044075012207
2026-08-04T05:12:04.508000-04:00,9.800743103027344,-1.075721263885498,-10.87646484375
2026-08-04T05:12:04.512000-04:00,9.803899765014648,-1.1168748140335083,-10.920774459838867
2026-08-04T05:12:04.516000-04:00,9.808576583862305,-1.1154718399047852,-10.92404842376709
2026-08-04T05:12:04.520000-04:00,9.800392150878906,-1.1417773962020874,-10.942169189453125
2026-08-04T05:12:04.524000-04:00,9.797469139099121,-1.1456354856491089,-10.94310474395752
2026-08-04T05:12:04.528000-04:00,9.80179500579834,-1.1005069017410278,-10.902301788330078
2026-08-04T05:12:04.532000-04:00,9.808341979980469,-1.1143027544021606,-10.92264461517334
2026-08-04T05:12:04.536000-04:00,9.801444053649902,-1.1339441537857056,-10.935388565063477
2026-08-04T05:12:04.540000-04:00,9.816292762756348,-1.1098599433898926,-10.926153182983398
2026-08-04T05:12:04.544000-04:00,9.812667846679688,-1.1228374242782593,-10.935504913330078
2026-08-04T05:12:04.548000-04:00,9.803548812866211,-1.1083401441574097,-10.91188907623291
2026-08-04T05:12:04.552000-04:00,9.819565773010254,-1.12272047996521,-10.942286491394043
2026-08-04T05:12:04.556000-04:00,9.831257820129395,-1.106001853942871,-10.937259674072266
2026-08-04T05:12:04.560000-04:00,9.828802108764648,-1.0974671840667725,-10.92626953125
2026-08-04T05:12:04.564000-04:00,9.822606086730957,-1.0774749517440796,-10.900080680847168
2026-08-04T05:12:04.568000-04:00,9.825294494628906,-1.0657836198806763,-10.891077995300293
2026-08-04T05:12:04.572000-04:00,9.834999084472656,-1.0380750894546509,-10.873074531555176
2026-08-04T05:12:04.576000-04:00,9.83055591583252,-1.0495326519012451,-10.880088806152344
2026-08-04T05:12:04.580000-04:00,9.85136604309082,-1.0496494770050049,-10.901015281677246
2026-08-04T05:12:04.584000-04:00,9.862005233764648,-1.030241847038269,-10.892247200012207
2026-08-04T05:12:04.588000-04:00,9.862122535705566,-1.0249807834625244,-10.887103080749512
2026-08-04T05:12:04.592000-04:00,9.861771583557129,-1.0111849308013916,-10.872956275939941
2026-08-04T05:12:04.596000-04:00,9.869487762451172,-1.0074437856674194,-10.876931190490723
2026-08-04T05:12:04.600000-04:00,9.873697280883789,-0.996220052242279,-10.869916915893555
2026-08-04T05:12:04.604000-04:00,9.883517265319824,-0.9574047923088074,-10.840922355651855
2026-08-04T05:12:04.608000-04:00,9.88620662689209,-0.9595091938972473,-10.845715522766113
2026-08-04T05:12:04.612000-04:00,9.895910263061523,-0.9339051246643066,-10.829814910888672
2026-08-04T05:12:04.616000-04:00,9.915318489074707,-0.9022215604782104,-10.817540168762207
2026-08-04T05:12:04.620000-04:00,9.922683715820312,-0.8856198787689209,-10.808303833007812
2026-08-04T05:12:04.624000-04:00,9.926775932312012,-0.8437648415565491,-10.770541191101074
2026-08-04T05:12:04.628000-04:00,9.946300506591797,-0.8236557245254517,-10.769956588745117
2026-08-04T05:12:04.632000-04:00,9.958576202392578,-0.782619059085846,-10.741195678710938
2026-08-04T05:12:04.636000-04:00,9.988973617553711,-0.7543259859085083,-10.74329948425293
2026-08-04T05:12:04.640000-04:00,9.98698616027832,-0.7291895747184753,-10.71617603302002
2026-08-04T05:12:04.644000-04:00,9.990025520324707,-0.693414032459259,-10.683439254760742
2026-08-04T05:12:04.648000-04:00,10.015396118164062,-0.6599767804145813,-10.675373077392578
2026-08-04T05:12:04.652000-04:00,10.035622596740723,-0.6415044665336609,-10.67712688446045
2026-08-04T05:12:04.656000-04:00,10.05280876159668,-0.6044428944587708,-10.657251358032227
2026-08-04T05:12:04.660000-04:00,10.048365592956543,-0.6026891469955444,-10.651054382324219
2026-08-04T05:12:04.664000-04:00,10.055848121643066,-0.6064304113388062,-10.662278175354004
2026-08-04T05:12:04.668000-04:00,10.059823036193848,-0.57474684715271,-10.634570121765137
2026-08-04T05:12:04.672000-04:00,10.069059371948242,-0.5719408988952637,-10.641000747680664
2026-08-04T05:12:04.676000-04:00,10.064967155456543,-0.5753313899040222,-10.640298843383789
2026-08-04T05:12:04.680000-04:00,10.05093765258789,-0.5649260878562927,-10.615863800048828
2026-08-04T05:12:04.684000-04:00,10.052925109863281,-0.5642246007919312,-10.617149353027344
2026-08-04T05:12:04.688000-04:00,10.0447416305542,-0.5995324850082397,-10.64427375793457
2026-08-04T05:12:04.692000-04:00,10.024165153503418,-0.6054950952529907,-10.629660606384277
2026-08-04T05:12:04.696000-04:00,10.002652168273926,-0.6418551802635193,-10.64450740814209
2026-08-04T05:12:04.700000-04:00,10.00160026550293,-0.6636011004447937,-10.665201187133789
2026-08-04T05:12:04.704000-04:00,9.959278106689453,-0.7255652546882629,-10.684843063354492
2026-08-04T05:12:04.708000-04:00,9.948404312133789,-0.7757211923599243,-10.724125862121582
2026-08-04T05:12:04.712000-04:00,9.921398162841797,-0.8347625136375427,-10.756160736083984
2026-08-04T05:12:04.716000-04:00,9.909238815307617,-0.8555731177330017,-10.764811515808105
2026-08-04T05:12:04.720000-04:00,9.888077735900879,-0.8731101155281067,-10.761187553405762
2026-08-04T05:12:04.724000-04:00,9.876269340515137,-0.922681450843811,-10.798951148986816
2026-08-04T05:12:04.728000-04:00,9.841195106506348,-1.011886477470398,-10.853081703186035
2026-08-04T05:12:04.732000-04:00,9.827399253845215,-1.017498254776001,-10.844897270202637
2026-08-04T05:12:04.736000-04:00,9.819098472595215,-1.0287220478057861,-10.847820281982422
2026-08-04T05:12:04.740000-04:00,9.815590858459473,-1.0369060039520264,-10.852497100830078
2026-08-04T05:12:04.744000-04:00,9.793845176696777,-1.0573657751083374,-10.851210594177246
2026-08-04T05:12:04.748000-04:00,9.783673286437988,-1.0580673217773438,-10.841740608215332
2026-08-04T05:12:04.752000-04:00,9.792325019836426,-1.0659005641937256,-10.85822582244873
2026-08-04T05:12:04.756000-04:00,9.773385047912598,-1.1091585159301758,-10.882543563842773
2026-08-04T05:12:04.760000-04:00,9.757250785827637,-1.1305537223815918,-10.88780403137207
2026-08-04T05:12:04.764000-04:00,9.747313499450684,-1.1312551498413086,-10.878568649291992
2026-08-04T05:12:04.768000-04:00,9.727087020874023,-1.1282154321670532,-10.855302810668945
2026-08-04T05:12:04.772000-04:00,9.731062889099121,-1.1279815435409546,-10.859044075012207
2026-08-04T05:12:04.776000-04:00,9.73153018951416,-1.1312551498413086,-10.862785339355469
2026-08-04T05:12:04.780000-04:00,9.73129653930664,-1.1548717021942139,-10.886168479919434
2026-08-04T05:12:04.784000-04:00,9.736557006835938,-1.1442325115203857,-10.880789756774902
2026-08-04T05:12:04.788000-04:00,9.765668869018555,-1.1192131042480469,-10.884881973266602
2026-08-04T05:12:04.792000-04:00,9.744624137878418,-1.1180438995361328,-10.86266803741455
2026-08-04T05:12:04.796000-04:00,9.75830364227295,-1.109976887702942,-10.868280410766602
2026-08-04T05:12:04.800000-04:00,9.751522064208984,-1.12681245803833,-10.878334045410156
2026-08-04T05:12:04.804000-04:00,9.76227855682373,-1.099454641342163,-10.861733436584473
2026-08-04T05:12:04.808000-04:00,9.782036781311035,-1.093258261680603,-10.87529468536377
2026-08-04T05:12:04.812000-04:00,9.773268699645996,-1.0774749517440796,-10.850743293762207
2026-08-04T05:12:04.816000-04:00,9.777359962463379,-1.0641467571258545,-10.841506958007812
2026-08-04T05:12:04.820000-04:00,9.772684097290039,-1.0977009534835815,-10.87038516998291
2026-08-04T05:12:04.824000-04:00,9.769176483154297,-1.0800470113754272,-10.849223136901855
2026-08-04T05:12:04.828000-04:00,9.77303409576416,-1.0756043195724487,-10.848638534545898
2026-08-04T05:12:04.832000-04:00,9.781569480895996,-1.0539753437042236,-10.83554458618164
2026-08-04T05:12:04.836000-04:00,9.772449493408203,-1.091153860092163,-10.863603591918945
2026-08-04T05:12:04.840000-04:00,9.775957107543945,-1.0565474033355713,-10.832504272460938
2026-08-04T05:12:04.844000-04:00,9.765902519226074,-1.0660173892974854,-10.83191967010498
2026-08-04T05:12:04.848000-04:00,9.768123626708984,-1.0476620197296143,-10.81578540802002
2026-08-04T05:12:04.852000-04:00,9.77280044555664,-1.0441546440124512,-10.81695556640625
2026-08-04T05:12:04.856000-04:00,9.777477264404297,-1.0692909955978394,-10.846768379211426
2026-08-04T05:12:04.860000-04:00,9.767773628234863,-1.0618085861206055,-10.829582214355469
2026-08-04T05:12:04.864000-04:00,9.73351764678955,-1.0654329061508179,-10.7989501953125
2026-08-04T05:12:04.868000-04:00,9.734453201293945,-1.0599379539489746,-10.794391632080078
2026-08-04T05:12:04.872000-04:00,9.701717376708984,-1.0500003099441528,-10.751717567443848
2026-08-04T05:12:04.876000-04:00,9.738661766052246,-1.0376074314117432,-10.77626895904541
2026-08-04T05:12:04.880000-04:00,9.738428115844727,-1.0364383459091187,-10.774866104125977
2026-08-04T05:12:04.884000-04:00,9.801094055175781,-1.039711833000183,-10.840806007385254
2026-08-04T05:12:04.888000-04:00,9.805302619934082,-1.0501171350479126,-10.855420112609863
2026-08-04T05:12:04.892000-04:00,9.831842422485352,-1.0669527053833008,-10.898795127868652
2026-08-04T05:12:04.896000-04:00,9.84084415435791,-1.0849573612213135,-10.925801277160645
2026-08-04T05:12:04.900000-04:00,9.832894325256348,-1.0771242380142212,-10.910018920898438
2026-08-04T05:12:04.904000-04:00,9.801912307739258,-1.0726815462112427,-10.874593734741211
2026-08-04T05:12:04.908000-04:00,9.795832633972168,-1.0591195821762085,-10.854951858520508
2026-08-04T05:12:04.912000-04:00,9.794780731201172,-1.0678880214691162,-10.862668991088867
2026-08-04T05:12:04.916000-04:00,9.783906936645508,-1.0668357610702515,-10.85074234008789
2026-08-04T05:12:04.920000-04:00,9.783323287963867,-1.0823853015899658,-10.865708351135254
2026-08-04T05:12:04.924000-04:00,9.768007278442383,-1.077825665473938,-10.845832824707031
2026-08-04T05:12:04.928000-04:00,9.780750274658203,-1.0848405361175537,-10.865591049194336
2026-08-04T05:12:04.932000-04:00,9.78940200805664,-1.1103276014328003,-10.89972972869873
2026-08-04T05:12:04.936000-04:00,9.800041198730469,-1.0470774173736572,-10.847118377685547
2026-08-04T05:12:04.940000-04:00,9.786128997802734,-1.039478063583374,-10.825607299804688
2026-08-04T05:12:04.944000-04:00,9.772566795349121,-1.0526893138885498,-10.82525634765625
2026-08-04T05:12:04.948000-04:00,9.75199031829834,-1.0224087238311768,-10.774398803710938
2026-08-04T05:12:04.952000-04:00,9.772215843200684,-1.0338661670684814,-10.806081771850586
2026-08-04T05:12:04.956000-04:00,9.78519344329834,-1.0075606107711792,-10.792754173278809
2026-08-04T05:12:04.960000-04:00,9.769292831420898,-0.9623151421546936,-10.731608390808105
2026-08-04T05:12:04.964000-04:00,9.746611595153809,-0.9411537647247314,-10.687765121459961
2026-08-04T05:12:04.968000-04:00,9.737726211547852,-0.932385265827179,-10.670111656188965
2026-08-04T05:12:04.972000-04:00,9.747196197509766,-0.9368279576301575,-10.6840238571167
2026-08-04T05:12:04.976000-04:00,9.740181922912598,-0.9234998226165771,-10.663681983947754
2026-08-04T05:12:04.980000-04:00,9.72954273223877,-0.9369449019432068,-10.666487693786621
2026-08-04T05:12:04.984000-04:00,9.75011920928955,-0.9134452939033508,-10.663564682006836
2026-08-04T05:12:04.988000-04:00,9.773853302001953,-0.9492208361625671,-10.723073959350586
2026-08-04T05:12:04.992000-04:00,9.788701057434082,-0.9571709632873535,-10.745872497558594
2026-08-04T05:12:04.996000-04:00,9.776190757751465,-1.011886477470398,-10.788077354431152
2026-08-04T05:12:05-04:00,9.760173797607422,-1.0287220478057861,-10.788895606994629
2026-08-04T05:12:05.004000-04:00,9.759589195251465,-1.0622762441635132,-10.82186508178711
2026-08-04T05:12:05.008000-04:00,9.747430801391602,-1.067771077156067,-10.815201759338379
2026-08-04T05:12:05.012000-04:00,9.744156837463379,-1.1057679653167725,-10.84992504119873
2026-08-04T05:12:05.016000-04:00,9.741117477416992,-1.1114968061447144,-10.852614402770996
2026-08-04T05:12:05.020000-04:00,9.726268768310547,-1.1553393602371216,-10.881608009338379
2026-08-04T05:12:05.024000-04:00,9.734102249145508,-1.1652770042419434,-10.89937973022461
2026-08-04T05:12:05.028000-04:00,9.721826553344727,-1.1365162134170532,-10.858343124389648
2026-08-04T05:12:05.032000-04:00,9.718786239624023,-1.198480486869812,-10.917266845703125
2026-08-04T05:12:05.036000-04:00,9.70276927947998,-1.2001172304153442,-10.902886390686035
2026-08-04T05:12:05.040000-04:00,9.695871353149414,-1.216017484664917,-10.91188907623291
2026-08-04T05:12:05.044000-04:00,9.697625160217285,-1.2265397310256958,-10.924164772033691
2026-08-04T05:12:05.048000-04:00,9.72930908203125,-1.224669098854065,-10.953978538513184
2026-08-04T05:12:05.052000-04:00,9.736907958984375,-1.206781268119812,-10.943689346313477
2026-08-04T05:12:05.056000-04:00,9.727906227111816,-1.2267735004425049,-10.954679489135742
2026-08-04T05:12:05.060000-04:00,9.713875770568848,-1.240335464477539,-10.954211235046387
2026-08-04T05:12:05.064000-04:00,9.715746879577637,-1.2264227867126465,-10.942169189453125
2026-08-04T05:12:05.068000-04:00,9.709199905395508,-1.224318265914917,-10.933518409729004
2026-08-04T05:12:05.072000-04:00,9.711538314819336,-1.1977789402008057,-10.909317016601562
2026-08-04T05:12:05.076000-04:00,9.6947021484375,-1.174630045890808,-10.869332313537598
2026-08-04T05:12:05.080000-04:00,9.675762176513672,-1.141426682472229,-10.81718921661377
2026-08-04T05:12:05.084000-04:00,9.681140899658203,-1.106703281402588,-10.787843704223633
2026-08-04T05:12:05.088000-04:00,9.752808570861816,-1.1430634260177612,-10.895872116088867
2026-08-04T05:12:05.092000-04:00,9.846339225769043,-1.0663681030273438,-10.912707328796387
2026-08-04T05:12:05.096000-04:00,10.004640579223633,-0.7836712598800659,-10.788311958312988
2026-08-04T05:12:05.100000-04:00,10.026386260986328,-0.4971162676811218,-10.523502349853516
2026-08-04T05:12:05.104000-04:00,9.955419540405273,0.22622765600681305,-9.729191780090332
2026-08-04T05:12:05.108000-04:00,9.884336471557617,0.8251755833625793,-9.059161186218262
2026-08-04T05:12:05.112000-04:00,9.810914039611816,1.4015592336654663,-8.409355163574219
2026-08-04T05:12:05.116000-04:00,9.758770942687988,1.5153160095214844,-8.243454933166504
2026-08-04T05:12:05.120000-04:00,9.681608200073242,1.2903743982315063,-8.391233444213867
2026-08-04T05:12:05.124000-04:00,9.710485458374023,0.5727593302726746,-9.137725830078125
2026-08-04T05:12:05.128000-04:00,9.76637077331543,0.13070930540561676,-9.635661125183105
2026-08-04T05:12:05.132000-04:00,9.78542709350586,-0.6134452223777771,-10.398872375488281
2026-08-04T05:12:05.136000-04:00,9.825178146362305,-0.6972721815109253,-10.52245044708252
2026-08-04T05:12:05.140000-04:00,9.846456527709961,-0.8596650958061218,-10.706121444702148
2026-08-04T05:12:05.144000-04:00,9.777593612670898,-0.9231491088867188,-10.700742721557617
2026-08-04T05:12:05.148000-04:00,9.789168357849121,-0.9938817620277405,-10.783050537109375
2026-08-04T05:12:05.152000-04:00,9.797469139099121,-1.0146924257278442,-10.812161445617676
2026-08-04T05:12:05.156000-04:00,9.792325019836426,-1.0497664213180542,-10.84209156036377
2026-08-04T05:12:05.160000-04:00,9.788817405700684,-1.0830868482589722,-10.871904373168945
2026-08-04T05:12:05.164000-04:00,9.786128997802734,-1.0981686115264893,-10.884297370910645
2026-08-04T05:12:05.168000-04:00,9.785895347595215,-1.104832649230957,-10.890727996826172
2026-08-04T05:12:05.172000-04:00,9.800976753234863,-1.0972332954406738,-10.898210525512695
2026-08-04T05:12:05.176000-04:00,9.78741455078125,-1.102728247642517,-10.890142440795898
2026-08-04T05:12:05.180000-04:00,9.787064552307129,-1.1047158241271973,-10.891780853271484
2026-08-04T05:12:05.184000-04:00,9.800041198730469,-1.097116470336914,-10.897157669067383
2026-08-04T05:12:05.188000-04:00,9.805068969726562,-1.1009745597839355,-10.906044006347656
2026-08-04T05:12:05.192000-04:00,9.794312477111816,-1.1217851638793945,-10.916097640991211
2026-08-04T05:12:05.196000-04:00,9.809277534484863,-1.0774749517440796,-10.886752128601074
2026-08-04T05:12:05.200000-04:00,9.815006256103516,-1.0399457216262817,-10.854951858520508
2026-08-04T05:12:05.204000-04:00,9.825996398925781,-1.0764226913452148,-10.902419090270996
2026-08-04T05:12:05.208000-04:00,9.83885669708252,-1.0764226913452148,-10.915279388427734
2026-08-04T05:12:05.212000-04:00,9.848793983459473,-1.102494478225708,-10.951288223266602
2026-08-04T05:12:05.216000-04:00,9.858147621154785,-1.1005069017410278,-10.958654403686523
2026-08-04T05:12:05.220000-04:00,9.841195106506348,-1.1096261739730835,-10.950820922851562
2026-08-04T05:12:05.224000-04:00,9.843649864196777,-1.0861265659332275,-10.929776191711426
2026-08-04T05:12:05.228000-04:00,9.843533515930176,-1.0673034191131592,-10.910837173461914
2026-08-04T05:12:05.232000-04:00,9.856627464294434,-0.9710836410522461,-10.82771110534668
2026-08-04T05:12:05.236000-04:00,9.856393814086914,-0.9676931500434875,-10.824087142944336
2026-08-04T05:12:05.240000-04:00,9.863876342773438,-0.9741234183311462,-10.83799934387207
2026-08-04T05:12:05.244000-04:00,9.856393814086914,-0.9865162372589111,-10.842909812927246
2026-08-04T05:12:05.248000-04:00,9.881413459777832,-0.9330867528915405,-10.814499855041504
2026-08-04T05:12:05.252000-04:00,9.884452819824219,-0.926422655582428,-10.81087589263916
2026-08-04T05:12:05.256000-04:00,9.884803771972656,-0.9015201330184937,-10.786323547363281
2026-08-04T05:12:05.260000-04:00,9.89474105834961,-0.8791896104812622,-10.773930549621582
2026-08-04T05:12:05.264000-04:00,9.907134056091309,-0.8276307582855225,-10.73476505279541
2026-08-04T05:12:05.268000-04:00,9.926424980163574,-0.8487921357154846,-10.775217056274414
2026-08-04T05:12:05.272000-04:00,9.935193061828613,-0.8175762295722961,-10.752769470214844
2026-08-04T05:12:05.276000-04:00,9.946534156799316,-0.7682387232780457,-10.714773178100586
2026-08-04T05:12:05.280000-04:00,9.956822395324707,-0.7464928030967712,-10.703314781188965
2026-08-04T05:12:05.284000-04:00,9.978100776672363,-0.7611069679260254,-10.739208221435547
2026-08-04T05:12:05.288000-04:00,9.982192993164062,-0.7324631810188293,-10.714655876159668
2026-08-04T05:12:05.292000-04:00,10.001951217651367,-0.6973891258239746,-10.6993408203125
2026-08-04T05:12:05.296000-04:00,10.024866104125977,-0.7012472748756409,-10.726113319396973
2026-08-04T05:12:05.300000-04:00,10.028373718261719,-0.6738895177841187,-10.702262878417969
2026-08-04T05:12:05.304000-04:00,10.02989387512207,-0.5843337178230286,-10.614227294921875
2026-08-04T05:12:05.308000-04:00,10.050470352172852,-0.6098209023475647,-10.66029167175293
2026-08-04T05:12:05.312000-04:00,10.060407638549805,-0.6150820255279541,-10.67548942565918
2026-08-04T05:12:05.316000-04:00,10.069293022155762,-0.6065472960472107,-10.675840377807617
2026-08-04T05:12:05.320000-04:00,10.079581260681152,-0.5511302947998047,-10.630711555480957
2026-08-04T05:12:05.324000-04:00,10.072099685668945,-0.54692143201828,-10.61902141571045
2026-08-04T05:12:05.328000-04:00,10.087181091308594,-0.527747631072998,-10.61492919921875
2026-08-04T05:12:05.332000-04:00,10.065902709960938,-0.5618863701820374,-10.627789497375488
2026-08-04T05:12:05.336000-04:00,10.058653831481934,-0.5563914179801941,-10.615045547485352
2026-08-04T05:12:05.340000-04:00,10.031296730041504,-0.600701630115509,-10.631998062133789
2026-08-04T05:12:05.344000-04:00,10.017267227172852,-0.6326190233230591,-10.649886131286621
2026-08-04T05:12:05.348000-04:00,9.996105194091797,-0.6487531065940857,-10.644858360290527
2026-08-04T05:12:05.352000-04:00,9.965240478515625,-0.6522604823112488,-10.617501258850098
2026-08-04T05:12:05.356000-04:00,9.958342552185059,-0.7768902778625488,-10.735233306884766
2026-08-04T05:12:05.360000-04:00,9.924904823303223,-0.8095091581344604,-10.734414100646973
2026-08-04T05:12:05.364000-04:00,9.910992622375488,-0.7988700270652771,-10.70986270904541
2026-08-04T05:12:05.368000-04:00,9.897313117980957,-0.8655107617378235,-10.762824058532715
2026-08-04T05:12:05.372000-04:00,9.879659652709961,-0.874279260635376,-10.753938674926758
2026-08-04T05:12:05.376000-04:00,9.851950645446777,-0.8942714929580688,-10.746222496032715
2026-08-04T05:12:05.380000-04:00,9.830204963684082,-0.9771631360054016,-10.807368278503418
2026-08-04T05:12:05.384000-04:00,9.817111015319824,-1.0918552875518799,-10.908966064453125
2026-08-04T05:12:05.388000-04:00,9.793377876281738,-1.0399457216262817,-10.83332347869873
2026-08-04T05:12:05.392000-04:00,9.788583755493164,-1.0384258031845093,-10.827009201049805
2026-08-04T05:12:05.396000-04:00,9.79103946685791,-1.0572489500045776,-10.848288536071777
2026-08-04T05:12:05.400000-04:00,9.780282974243164,-1.0853081941604614,-10.865591049194336
2026-08-04T05:12:05.404000-04:00,9.765084266662598,-1.0909199714660645,-10.85600471496582
2026-08-04T05:12:05.408000-04:00,9.763798713684082,-1.0978178977966309,-10.861616134643555
2026-08-04T05:12:05.412000-04:00,9.762044906616211,-1.0814499855041504,-10.843494415283203
2026-08-04T05:12:05.416000-04:00,9.757368087768555,-1.1144195795059204,-10.871788024902344
2026-08-04T05:12:05.420000-04:00,9.753275871276855,-1.1118475198745728,-10.865123748779297
2026-08-04T05:12:05.424000-04:00,9.740181922912598,-1.1302028894424438,-10.87038516998291
2026-08-04T05:12:05.428000-04:00,9.748015403747559,-1.1116136312484741,-10.859628677368164
2026-08-04T05:12:05.432000-04:00,9.752457618713379,-1.0759550333023071,-10.828413009643555
2026-08-04T05:12:05.436000-04:00,9.755496978759766,-1.0802809000015259,-10.83577823638916
2026-08-04T05:12:05.440000-04:00,9.755263328552246,-1.1036635637283325,-10.858926773071289
2026-08-04T05:12:05.444000-04:00,9.74789810180664,-1.1070541143417358,-10.854951858520508
2026-08-04T05:12:05.448000-04:00,9.747547149658203,-1.1083401441574097,-10.855887413024902
2026-08-04T05:12:05.452000-04:00,9.752574920654297,-1.0952458381652832,-10.847820281982422
2026-08-04T05:12:05.456000-04:00,9.755731582641602,-1.093258261680603,-10.848989486694336
2026-08-04T05:12:05.460000-04:00,9.761576652526855,-1.1015591621398926,-10.863136291503906
2026-08-04T05:12:05.464000-04:00,9.748482704162598,-1.095362663269043,-10.84384536743164
2026-08-04T05:12:05.468000-04:00,9.760758399963379,-1.0901015996932983,-10.850859642028809
2026-08-04T05:12:05.472000-04:00,9.759121894836426,-1.0826191902160645,-10.841741561889648
2026-08-04T05:12:05.476000-04:00,9.768708229064941,-1.0592364072799683,-10.8279447555542
2026-08-04T05:12:05.480000-04:00,9.759706497192383,-1.0574827194213867,-10.81718921661377
2026-08-04T05:12:05.484000-04:00,9.769176483154297,-1.0482466220855713,-10.817422866821289
2026-08-04T05:12:05.488000-04:00,9.769994735717773,-1.0466097593307495,-10.816604614257812
2026-08-04T05:12:05.492000-04:00,9.769176483154297,-1.0381920337677002,-10.807368278503418
2026-08-04T05:12:05.496000-04:00,9.767773628234863,-1.0439207553863525,-10.811694145202637
2026-08-04T05:12:05.500000-04:00,9.761927604675293,-1.0521047115325928,-10.814032554626465
2026-08-04T05:12:05.504000-04:00,9.75397777557373,-1.0461421012878418,-10.800119400024414
2026-08-04T05:12:05.508000-04:00,9.76859188079834,-1.0304757356643677,-10.799067497253418
2026-08-04T05:12:05.512000-04:00,9.761460304260254,-1.0544430017471313,-10.815903663635254
2026-08-04T05:12:05.516000-04:00,9.772684097290039,-1.045674443244934,-10.818358421325684
2026-08-04T05:12:05.520000-04:00,9.775489807128906,-1.0517539978027344,-10.82724380493164
2026-08-04T05:12:05.524000-04:00,9.781803131103516,-1.050818681716919,-10.832621574401855
2026-08-04T05:12:05.528000-04:00,9.77934741973877,-1.06297767162323,-10.842325210571289
2026-08-04T05:12:05.532000-04:00,9.77057933807373,-1.0618085861206055,-10.832387924194336
2026-08-04T05:12:05.536000-04:00,9.77467155456543,-1.0485973358154297,-10.82326889038086
2026-08-04T05:12:05.540000-04:00,9.770112037658691,-1.0495326519012451,-10.819644927978516
2026-08-04T05:12:05.544000-04:00,9.762629508972168,-1.0708109140396118,-10.833440780639648
2026-08-04T05:12:05.548000-04:00,9.772566795349121,-1.0929075479507446,-10.865474700927734
2026-08-04T05:12:05.552000-04:00,9.777359962463379,-1.0701093673706055,-10.847469329833984
2026-08-04T05:12:05.556000-04:00,9.783790588378906,-1.0463759899139404,-10.830166816711426
2026-08-04T05:12:05.560000-04:00,9.75444507598877,-1.0618085861206055,-10.816253662109375
2026-08-04T05:12:05.564000-04:00,9.757017135620117,-1.0800470113754272,-10.837063789367676
2026-08-04T05:12:05.568000-04:00,9.771280288696289,-1.1151211261749268,-10.886401176452637
2026-08-04T05:12:05.572000-04:00,9.756783485412598,-1.1136012077331543,-10.870384216308594
2026-08-04T05:12:05.576000-04:00,9.752457618713379,-1.091153860092163,-10.843611717224121
2026-08-04T05:12:05.580000-04:00,9.742753982543945,-1.114068865776062,-10.856822967529297
2026-08-04T05:12:05.584000-04:00,9.745559692382812,-1.0841389894485474,-10.82969856262207
2026-08-04T05:12:05.588000-04:00,9.767305374145508,-1.0943105220794678,-10.861616134643555
2026-08-04T05:12:05.592000-04:00,9.782621383666992,-1.0828529596328735,-10.865474700927734
2026-08-04T05:12:05.596000-04:00,9.75830364227295,-1.118862271308899,-10.877165794372559
2026-08-04T05:12:05.600000-04:00,9.752574920654297,-1.163757085800171,-10.916332244873047
2026-08-04T05:12:05.604000-04:00,9.747196197509766,-1.1621203422546387,-10.909317016601562
2026-08-04T05:12:05.608000-04:00,9.736440658569336,-1.143764853477478,-10.880205154418945
2026-08-04T05:12:05.612000-04:00,9.759004592895508,-1.119446873664856,-10.878451347351074
2026-08-04T05:12:05.616000-04:00,9.757719039916992,-1.1213175058364868,-10.879036903381348
2026-08-04T05:12:05.620000-04:00,9.752808570861816,-1.1082231998443604,-10.861031532287598
2026-08-04T05:12:05.624000-04:00,9.744039535522461,-1.0913876295089722,-10.835427284240723
2026-08-04T05:12:05.628000-04:00,9.746962547302246,-1.1017929315567017,-10.848755836486816
2026-08-04T05:12:05.632000-04:00,9.770112037658691,-1.0781763792037964,-10.848288536071777
2026-08-04T05:12:05.636000-04:00,9.773969650268555,-1.0764226913452148,-10.85039234161377
2026-08-04T05:12:05.640000-04:00,9.741117477416992,-1.0759550333023071,-10.817072868347168
2026-08-04T05:12:05.644000-04:00,9.730594635009766,-1.0794625282287598,-10.810056686401367
2026-08-04T05:12:05.648000-04:00,9.728958129882812,-1.0156277418136597,-10.744585990905762
2026-08-04T05:12:05.652000-04:00,9.744274139404297,-1.0301250219345093,-10.774398803710938
2026-08-04T05:12:05.656000-04:00,9.764266014099121,-1.0061577558517456,-10.770423889160156
2026-08-04T05:12:05.660000-04:00,9.757134437561035,-0.9549495577812195,-10.71208381652832
2026-08-04T05:12:05.664000-04:00,9.744039535522461,-0.934022068977356,-10.678061485290527
2026-08-04T05:12:05.668000-04:00,9.737726211547852,-0.9436089992523193,-10.68133544921875
2026-08-04T05:12:05.672000-04:00,9.740766525268555,-0.9545988440513611,-10.695364952087402
2026-08-04T05:12:05.676000-04:00,9.725334167480469,-0.9695637822151184,-10.694897651672363
2026-08-04T05:12:05.680000-04:00,9.746962547302246,-0.9426736831665039,-10.68963623046875
2026-08-04T05:12:05.684000-04:00,9.769994735717773,-0.9397508502006531,-10.709745407104492
2026-08-04T05:12:05.688000-04:00,9.777359962463379,-0.945128858089447,-10.722488403320312
2026-08-04T05:12:05.692000-04:00,9.763214111328125,-0.9798521399497986,-10.74306583404541
2026-08-04T05:12:05.696000-04:00,9.743572235107422,-1.0160953998565674,-10.75966739654541
2026-08-04T05:12:05.700000-04:00,9.743572235107422,-1.0533907413482666,-10.79696273803711
2026-08-04T05:12:05.704000-04:00,9.739713668823242,-1.0477789640426636,-10.787492752075195
2026-08-04T05:12:05.708000-04:00,9.748600006103516,-1.090569257736206,-10.8391695022583
2026-08-04T05:12:05.712000-04:00,9.721475601196289,-1.138153076171875,-10.859628677368164
2026-08-04T05:12:05.716000-04:00,9.723345756530762,-1.1420111656188965,-10.8653564453125
2026-08-04T05:12:05.720000-04:00,9.707679748535156,-1.1669137477874756,-10.874593734741211
2026-08-04T05:12:05.724000-04:00,9.71492862701416,-1.1755653619766235,-10.890494346618652
2026-08-04T05:12:05.728000-04:00,9.717734336853027,-1.1809433698654175,-10.898677825927734
2026-08-04T05:12:05.732000-04:00,9.711654663085938,-1.1788389682769775,-10.890493392944336
2026-08-04T05:12:05.736000-04:00,9.711538314819336,-1.1860876083374023,-10.897625923156738
2026-08-04T05:12:05.740000-04:00,9.708731651306152,-1.1762669086456299,-10.884998321533203
2026-08-04T05:12:05.744000-04:00,9.709199905395508,-1.1774359941482544,-10.886635780334473
2026-08-04T05:12:05.748000-04:00,9.697274208068848,-1.2036246061325073,-10.900898933410645
2026-08-04T05:12:05.752000-04:00,9.713525772094727,-1.1848015785217285,-10.898326873779297
2026-08-04T05:12:05.756000-04:00,9.718201637268066,-1.1812942028045654,-10.899496078491211
2026-08-04T05:12:05.760000-04:00,9.695404052734375,-1.218706488609314,-10.91411018371582
2026-08-04T05:12:05.764000-04:00,9.696924209594727,-1.218706488609314,-10.915630340576172
2026-08-04T05:12:05.768000-04:00,9.691779136657715,-1.2176542282104492,-10.909433364868164
2026-08-04T05:12:05.772000-04:00,9.683362007141113,-1.216017484664917,-10.89937973022461
2026-08-04T05:12:05.776000-04:00,9.647001266479492,-1.1693689823150635,-10.816370010375977
2026-08-04T05:12:05.780000-04:00,9.6408052444458,-1.146220088005066,-10.787025451660156
2026-08-04T05:12:05.784000-04:00,9.695170402526855,-1.1559239625930786,-10.851094245910645
2026-08-04T05:12:05.788000-04:00,9.794663429260254,-1.1245911121368408,-10.919254302978516
2026-08-04T05:12:05.792000-04:00,9.913331031799316,-0.9792675971984863,-10.892599105834961
2026-08-04T05:12:05.796000-04:00,10.05093765258789,-0.6347234845161438,-10.685661315917969
2026-08-04T05:12:05.800000-04:00,10.005692481994629,-0.28409984707832336,-10.28979206085205
2026-08-04T05:12:05.804000-04:00,9.925957679748535,0.5247078537940979,-9.401249885559082
2026-08-04T05:12:05.808000-04:00,9.868669509887695,1.0068591833114624,-8.861810684204102
2026-08-04T05:12:05.812000-04:00,9.773502349853516,1.3490650653839111,-8.424437522888184
2026-08-04T05:12:05.816000-04:00,9.680789947509766,1.2934142351150513,-8.387375831604004
2026-08-04T05:12:05.820000-04:00,9.685115814208984,0.9164850115776062,-8.768630981445312
2026-08-04T05:12:05.824000-04:00,9.679152488708496,0.259664922952652,-9.419487953186035
2026-08-04T05:12:05.828000-04:00,9.725801467895508,-0.1578332483768463,-9.883634567260742
2026-08-04T05:12:05.832000-04:00,9.755380630493164,-0.6751755475997925,-10.430556297302246
2026-08-04T05:12:05.836000-04:00,9.83055591583252,-0.7301248908042908,-10.560680389404297
2026-08-04T05:12:05.840000-04:00,9.788817405700684,-0.8606003522872925,-10.649417877197266
2026-08-04T05:12:05.844000-04:00,9.753509521484375,-0.9841779470443726,-10.737687110900879
2026-08-04T05:12:05.848000-04:00,9.777009963989258,-1.116757869720459,-10.893768310546875
2026-08-04T05:12:05.852000-04:00,9.788467407226562,-1.0640299320220947,-10.852497100830078
2026-08-04T05:12:05.856000-04:00,9.78905200958252,-1.0431023836135864,-10.832154273986816
2026-08-04T05:12:05.860000-04:00,9.773736000061035,-1.0723307132720947,-10.84606647491455
2026-08-04T05:12:05.864000-04:00,9.768708229064941,-1.05678129196167,-10.825489044189453
2026-08-04T05:12:05.868000-04:00,9.781685829162598,-1.0474281311035156,-10.829113960266113
2026-08-04T05:12:05.872000-04:00,9.793143272399902,-1.038659691810608,-10.831803321838379
2026-08-04T05:12:05.876000-04:00,9.789752960205078,-1.0627437829971313,-10.852497100830078
2026-08-04T05:12:05.880000-04:00,9.785895347595215,-1.0585349798202515,-10.844429969787598
2026-08-04T05:12:05.884000-04:00,9.797469139099121,-1.0777087211608887,-10.875177383422852
2026-08-04T05:12:05.888000-04:00,9.80202865600586,-1.0785272121429443,-10.880556106567383
2026-08-04T05:12:05.892000-04:00,9.805536270141602,-1.1104445457458496,-10.91598129272461
2026-08-04T05:12:05.896000-04:00,9.813369750976562,-1.0754873752593994,-10.888856887817383
2026-08-04T05:12:05.900000-04:00,9.80401611328125,-1.0630946159362793,-10.867111206054688
2026-08-04T05:12:05.904000-04:00,9.818280220031738,-1.0681219100952148,-10.886402130126953
2026-08-04T05:12:05.908000-04:00,9.817344665527344,-1.060522437095642,-10.877866744995117
2026-08-04T05:12:05.912000-04:00,9.82225513458252,-1.024863839149475,-10.847119331359863
2026-08-04T05:12:05.916000-04:00,9.829854011535645,-1.0625100135803223,-10.892364501953125
2026-08-04T05:12:05.920000-04:00,9.823775291442871,-1.0572489500045776,-10.881024360656738
2026-08-04T05:12:05.924000-04:00,9.809394836425781,-1.0462590456008911,-10.855653762817383
2026-08-04T05:12:05.928000-04:00,9.8262300491333,-1.030241847038269,-10.85647201538086
2026-08-04T05:12:05.932000-04:00,9.857329368591309,-1.0096651315689087,-10.866994857788086
2026-08-04T05:12:05.936000-04:00,9.866448402404785,-0.9717851281166077,-10.838233947753906
2026-08-04T05:12:05.940000-04:00,9.859901428222656,-0.9242013096809387,-10.784102439880371
2026-08-04T05:12:05.944000-04:00,9.864811897277832,-0.9376463890075684,-10.802457809448242
2026-08-04T05:12:05.948000-04:00,9.88398551940918,-0.8881919384002686,-10.772177696228027
2026-08-04T05:12:05.952000-04:00,9.891234397888184,-0.8981296420097351,-10.789363861083984
2026-08-04T05:12:05.956000-04:00,9.897781372070312,-0.8919332027435303,-10.789714813232422
2026-08-04T05:12:05.960000-04:00,9.902925491333008,-0.8787219524383545,-10.781647682189941
2026-08-04T05:12:05.964000-04:00,9.91274642944336,-0.8765006065368652,-10.789247512817383
2026-08-04T05:12:05.968000-04:00,9.936245918273926,-0.8428295254707336,-10.779075622558594
2026-08-04T05:12:05.972000-04:00,9.949457168579102,-0.8008575439453125,-10.750314712524414
2026-08-04T05:12:05.976000-04:00,9.977048873901367,-0.7839050889015198,-10.760953903198242
2026-08-04T05:12:05.980000-04:00,9.99353313446045,-0.7483633756637573,-10.741896629333496
2026-08-04T05:12:05.984000-04:00,10.00545883178711,-0.73234623670578,-10.737805366516113
2026-08-04T05:12:05.988000-04:00,10.030010223388672,-0.6944662928581238,-10.72447681427002
2026-08-04T05:12:05.992000-04:00,10.054094314575195,-0.662081241607666,-10.716175079345703
2026-08-04T05:12:05.996000-04:00,10.0655517578125,-0.6523774266242981,-10.717928886413574
2026-08-04T05:12:06-04:00,10.080283164978027,-0.6507406234741211,-10.731023788452148
2026-08-04T05:12:06.004000-04:00,10.089051246643066,-0.6282932162284851,-10.717344284057617
2026-08-04T05:12:06.008000-04:00,10.096183776855469,-0.6084179282188416,-10.704601287841797
2026-08-04T05:12:06.012000-04:00,10.124242782592773,-0.5722916722297668,-10.696534156799316
2026-08-04T05:12:06.016000-04:00,10.109979629516602,-0.5538192987442017,-10.663799285888672
2026-08-04T05:12:06.020000-04:00,10.115240097045898,-0.5241233110427856,-10.639363288879395
2026-08-04T05:12:06.024000-04:00,10.110797882080078,-0.5394389629364014,-10.650237083435059
2026-08-04T05:12:06.028000-04:00,10.113136291503906,-0.5429463386535645,-10.656082153320312
2026-08-04T05:12:06.032000-04:00,10.126463890075684,-0.5386205315589905,-10.665084838867188
2026-08-04T05:12:06.036000-04:00,10.118514060974121,-0.556625247001648,-10.675139427185059
2026-08-04T05:12:06.040000-04:00,10.096768379211426,-0.5696026682853699,-10.66637134552002
2026-08-04T05:12:06.044000-04:00,10.080867767333984,-0.5939206480979919,-10.674788475036621
2026-08-04T05:12:06.048000-04:00,10.053393363952637,-0.6357756853103638,-10.689168930053711
2026-08-04T05:12:06.052000-04:00,10.034102439880371,-0.665822446346283,-10.69992446899414
2026-08-04T05:12:06.056000-04:00,10.016331672668457,-0.705339252948761,-10.721671104431152
2026-08-04T05:12:06.060000-04:00,9.975996017456055,-0.7703431248664856,-10.746338844299316
2026-08-04T05:12:06.064000-04:00,9.956939697265625,-0.7719799280166626,-10.728919982910156
2026-08-04T05:12:06.068000-04:00,9.926542282104492,-0.8092753291130066,-10.735817909240723
2026-08-04T05:12:06.072000-04:00,9.91110897064209,-0.8427125811576843,-10.75382137298584
2026-08-04T05:12:06.076000-04:00,9.90058708190918,-0.8779035806655884,-10.778491020202637
2026-08-04T05:12:06.080000-04:00,9.875801086425781,-0.9427905678749084,-10.818592071533203
2026-08-04T05:12:06.084000-04:00,9.84914493560791,-0.9889714121818542,-10.838116645812988
2026-08-04T05:12:06.088000-04:00,9.81570816040039,-1.0107172727584839,-10.826425552368164
2026-08-04T05:12:06.092000-04:00,9.817811965942383,-0.9717851281166077,-10.789597511291504
2026-08-04T05:12:06.096000-04:00,9.807991981506348,-1.0055731534957886,-10.813565254211426
2026-08-04T05:12:06.100000-04:00,9.795832633972168,-1.0156277418136597,-10.811460494995117
2026-08-04T05:12:06.104000-04:00,9.781452178955078,-1.0717462301254272,-10.853198051452637
2026-08-04T05:12:06.108000-04:00,9.777828216552734,-1.0641467571258545,-10.841975212097168
2026-08-04T05:12:06.112000-04:00,9.776775360107422,-1.0152769088745117,-10.792052268981934
2026-08-04T05:12:06.116000-04:00,9.761810302734375,-1.0260330438613892,-10.787843704223633
2026-08-04T05:12:06.120000-04:00,9.75841999053955,-1.0411148071289062,-10.799534797668457
2026-08-04T05:12:06.124000-04:00,9.760642051696777,-1.0815669298171997,-10.842208862304688
2026-08-04T05:12:06.128000-04:00,9.761226654052734,-1.0857758522033691,-10.847002029418945
2026-08-04T05:12:06.132000-04:00,9.76251220703125,-1.092673659324646,-10.855185508728027
2026-08-04T05:12:06.136000-04:00,9.755496978759766,-1.0796962976455688,-10.835193634033203
2026-08-04T05:12:06.140000-04:00,9.743572235107422,-1.0655497312545776,-10.809122085571289
2026-08-04T05:12:06.144000-04:00,9.754796028137207,-1.066251277923584,-10.821046829223633
2026-08-04T05:12:06.148000-04:00,9.75222396850586,-1.018667459487915,-10.770891189575195
2026-08-04T05:12:06.152000-04:00,9.773151397705078,-1.0189012289047241,-10.792052268981934
2026-08-04T05:12:06.156000-04:00,9.778762817382812,-1.0150431394577026,-10.793806076049805
2026-08-04T05:12:06.160000-04:00,9.777944564819336,-1.0490649938583374,-10.827009201049805
2026-08-04T05:12:06.164000-04:00,9.768123626708984,-1.0447391271591187,-10.812862396240234
2026-08-04T05:12:06.168000-04:00,9.777359962463379,-1.0572489500045776,-10.834609031677246
2026-08-04T05:12:06.172000-04:00,9.775957107543945,-1.009197473526001,-10.785154342651367
2026-08-04T05:12:06.176000-04:00,9.772449493408203,-0.985697865486145,-10.758147239685059
2026-08-04T05:12:06.180000-04:00,9.775606155395508,-1.0123541355133057,-10.787960052490234
2026-08-04T05:12:06.184000-04:00,9.768708229064941,-1.027319073677063,-10.796027183532715
2026-08-04T05:12:06.188000-04:00,9.77911376953125,-1.0073268413543701,-10.7864408493042
2026-08-04T05:12:06.192000-04:00,9.78110122680664,-1.038659691810608,-10.819761276245117
2026-08-04T05:12:06.196000-04:00,9.787882804870605,-0.9893221259117126,-10.777204513549805
2026-08-04T05:12:06.200000-04:00,9.770696640014648,-0.9920111894607544,-10.762707710266113
2026-08-04T05:12:06.204000-04:00,9.77888011932373,-0.9678100943565369,-10.746689796447754
2026-08-04T05:12:06.208000-04:00,9.76859188079834,-0.9605614542961121,-10.729153633117676
2026-08-04T05:12:06.212000-04:00,9.77057933807373,-0.9605614542961121,-10.731141090393066
2026-08-04T05:12:06.216000-04:00,9.765551567077637,-0.9907251000404358,-10.756277084350586
2026-08-04T05:12:06.220000-04:00,9.773618698120117,-0.9661732912063599,-10.739791870117188
2026-08-04T05:12:06.224000-04:00,9.764032363891602,-0.9882699251174927,-10.752302169799805
2026-08-04T05:12:06.228000-04:00,9.770696640014648,-1.013990879058838,-10.784687042236328
2026-08-04T05:12:06.232000-04:00,9.775840759277344,-0.9901405572891235,-10.765981674194336
2026-08-04T05:12:06.236000-04:00,9.773502349853516,-1.0031179189682007,-10.776619911193848
2026-08-04T05:12:06.240000-04:00,9.783790588378906,-1.0611070394515991,-10.844897270202637
2026-08-04T05:12:06.244000-04:00,9.766019821166992,-1.0592364072799683,-10.82525634765625
2026-08-04T05:12:06.248000-04:00,9.777009963989258,-1.0120034217834473,-10.789012908935547
2026-08-04T05:12:06.252000-04:00,9.777009963989258,-0.9923619031906128,-10.76937198638916
2026-08-04T05:12:06.256000-04:00,9.780867576599121,-0.9914265871047974,-10.772294044494629
2026-08-04T05:12:06.260000-04:00,9.762044906616211,-1.000545859336853,-10.762590408325195
2026-08-04T05:12:06.264000-04:00,9.76637077331543,-0.9984413981437683,-10.764812469482422
2026-08-04T05:12:06.268000-04:00,9.75011920928955,-1.0183167457580566,-10.768436431884766
2026-08-04T05:12:06.272000-04:00,9.77934741973877,-1.053507685661316,-10.832855224609375
2026-08-04T05:12:06.276000-04:00,9.746846199035645,-1.0982855558395386,-10.845131874084473
2026-08-04T05:12:06.280000-04:00,9.739713668823242,-1.0639129877090454,-10.803627014160156
2026-08-04T05:12:06.284000-04:00,9.734453201293945,-1.0573657751083374,-10.791818618774414
2026-08-04T05:12:06.288000-04:00,9.739480018615723,-1.0521047115325928,-10.791584968566895
2026-08-04T05:12:06.292000-04:00,9.74614429473877,-1.00533926486969,-10.751483917236328
2026-08-04T05:12:06.296000-04:00,9.744858741760254,-1.0012472867965698,-10.746106147766113
2026-08-04T05:12:06.300000-04:00,9.740649223327637,-1.065666675567627,-10.806316375732422
2026-08-04T05:12:06.304000-04:00,9.730828285217285,-1.0532737970352173,-10.784102439880371
2026-08-04T05:12:06.308000-04:00,9.727437973022461,-1.055495262145996,-10.782933235168457
2026-08-04T05:12:06.312000-04:00,9.748600006103516,-1.0856589078903198,-10.834259033203125
2026-08-04T05:12:06.316000-04:00,9.746611595153809,-1.054326057434082,-10.80093765258789
2026-08-04T05:12:06.320000-04:00,9.740766525268555,-1.0706939697265625,-10.811460494995117
2026-08-04T05:12:06.324000-04:00,9.739713668823242,-1.0398287773132324,-10.779542922973633
2026-08-04T05:12:06.328000-04:00,9.72907543182373,-1.0702263116836548,-10.799302101135254
2026-08-04T05:12:06.332000-04:00,9.729893684387207,-1.0654329061508179,-10.795326232910156
2026-08-04T05:12:06.336000-04:00,9.745442390441895,-1.0521047115325928,-10.797547340393066
2026-08-04T05:12:06.340000-04:00,9.730243682861328,-1.068940281867981,-10.79918384552002
2026-08-04T05:12:06.344000-04:00,9.745793342590332,-1.0647313594818115,-10.810524940490723
2026-08-04T05:12:06.348000-04:00,9.748950004577637,-1.06087327003479,-10.809823036193848
2026-08-04T05:12:06.352000-04:00,9.749651908874512,-1.0490649938583374,-10.79871654510498
2026-08-04T05:12:06.356000-04:00,9.731412887573242,-1.0538583993911743,-10.785271644592285
2026-08-04T05:12:06.360000-04:00,9.73597240447998,-0.9768124222755432,-10.712784767150879
2026-08-04T05:12:06.364000-04:00,9.754796028137207,-1.0072098970413208,-10.762005805969238
2026-08-04T05:12:06.368000-04:00,9.756549835205078,-0.9215123057365417,-10.678062438964844
2026-08-04T05:12:06.372000-04:00,9.75619888305664,-0.8816447854042053,-10.63784408569336
2026-08-04T05:12:06.376000-04:00,9.705107688903809,-0.8652769327163696,-10.570384979248047
2026-08-04T05:12:06.380000-04:00,9.705574989318848,-0.9189402461051941,-10.624515533447266
2026-08-04T05:12:06.384000-04:00,9.724749565124512,-0.9326190948486328,-10.657368659973145
2026-08-04T05:12:06.388000-04:00,9.711538314819336,-0.950506865978241,-10.6620454788208
2026-08-04T05:12:06.392000-04:00,9.734102249145508,-0.917537271976471,-10.651639938354492
2026-08-04T05:12:06.396000-04:00,9.780166625976562,-0.8530009984970093,-10.633167266845703
2026-08-04T05:12:06.400000-04:00,9.787765502929688,-0.8597819805145264,-10.647547721862793
2026-08-04T05:12:06.404000-04:00,9.753860473632812,-0.9727204442024231,-10.726580619812012
2026-08-04T05:12:06.408000-04:00,9.756316184997559,-1.053507685661316,-10.809823989868164
2026-08-04T05:12:06.412000-04:00,9.745793342590332,-0.9811382293701172,-10.72693157196045
2026-08-04T05:12:06.416000-04:00,9.73398494720459,-1.0371397733688354,-10.771124839782715
2026-08-04T05:12:06.420000-04:00,9.728022575378418,-1.0315278768539429,-10.759550094604492
2026-08-04T05:12:06.424000-04:00,9.690960884094238,-1.1057679653167725,-10.79672908782959
2026-08-04T05:12:06.428000-04:00,9.69002628326416,-1.075721263885498,-10.7657470703125
2026-08-04T05:12:06.432000-04:00,9.699028015136719,-1.0972332954406738,-10.796260833740234
2026-08-04T05:12:06.436000-04:00,9.701366424560547,-1.0955965518951416,-10.79696273803711
2026-08-04T05:12:06.440000-04:00,9.697742462158203,-1.1334764957427979,-10.831218719482422
2026-08-04T05:12:06.444000-04:00,9.69633960723877,-1.1153548955917358,-10.811694145202637
2026-08-04T05:12:06.448000-04:00,9.702301979064941,-1.0742013454437256,-10.776503562927246
2026-08-04T05:12:06.452000-04:00,9.697858810424805,-1.0973502397537231,-10.795208930969238
2026-08-04T05:12:06.456000-04:00,9.688272476196289,-1.1126658916473389,-10.800938606262207
2026-08-04T05:12:06.460000-04:00,9.68616771697998,-1.1141858100891113,-10.80035400390625
2026-08-04T05:12:06.464000-04:00,9.684062957763672,-1.1014422178268433,-10.785505294799805
2026-08-04T05:12:06.468000-04:00,9.678451538085938,-1.1338272094726562,-10.812278747558594
2026-08-04T05:12:06.472000-04:00,9.677515983581543,-1.1217851638793945,-10.799301147460938
2026-08-04T05:12:06.476000-04:00,9.697507858276367,-1.1436480283737183,-10.841156005859375
2026-08-04T05:12:06.480000-04:00,9.685465812683105,-1.1215513944625854,-10.80701732635498
2026-08-04T05:12:06.484000-04:00,9.679269790649414,-1.1655107736587524,-10.844780921936035
2026-08-04T05:12:06.488000-04:00,9.646416664123535,-1.1257601976394653,-10.772176742553711
2026-08-04T05:12:06.492000-04:00,9.638700485229492,-1.1002731323242188,-10.738973617553711
2026-08-04T05:12:06.496000-04:00,9.707446098327637,-1.0964149236679077,-10.803860664367676
2026-08-04T05:12:06.500000-04:00,9.784375190734863,-1.0917383432388306,-10.876113891601562
2026-08-04T05:12:06.504000-04:00,9.956939697265625,-0.9184725880622864,-10.875411987304688
2026-08-04T05:12:06.508000-04:00,10.131841659545898,-0.7283712029457092,-10.860213279724121
2026-08-04T05:12:06.512000-04:00,10.14189624786377,-0.23745134472846985,-10.379347801208496
2026-08-04T05:12:06.516000-04:00,10.007797241210938,0.5195636749267578,-9.48823356628418
2026-08-04T05:12:06.520000-04:00,9.935310363769531,0.9786830544471741,-8.956626892089844
2026-08-04T05:12:06.524000-04:00,9.843182563781738,1.2738896608352661,-8.569293022155762
2026-08-04T05:12:06.528000-04:00,9.80787467956543,1.272720456123352,-8.535154342651367
2026-08-04T05:12:06.532000-04:00,9.722411155700684,0.7656666040420532,-8.956744194030762
2026-08-04T05:12:06.536000-04:00,9.671904563903809,0.2781372368335724,-9.393767356872559
2026-08-04T05:12:06.540000-04:00,9.682075500488281,-0.31005463004112244,-9.992130279541016
2026-08-04T05:12:06.544000-04:00,9.71902084350586,-0.6197585463523865,-10.33877944946289
2026-08-04T05:12:06.548000-04:00,9.815824508666992,-0.7770072221755981,-10.5928316116333
2026-08-04T05:12:06.552000-04:00,9.809394836425781,-0.832658052444458,-10.64205265045166
2026-08-04T05:12:06.556000-04:00,9.773853302001953,-0.8704211115837097,-10.644274711608887
2026-08-04T05:12:06.560000-04:00,9.783088684082031,-0.8666799068450928,-10.649768829345703
2026-08-04T05:12:06.564000-04:00,9.77665901184082,-0.9266564846038818,-10.703315734863281
2026-08-04T05:12:06.568000-04:00,9.775489807128906,-0.9510914087295532,-10.726581573486328
2026-08-04T05:12:06.572000-04:00,9.78273868560791,-0.9682776927947998,-10.751016616821289
2026-08-04T05:12:06.576000-04:00,9.792091369628906,-0.9827749729156494,-10.774866104125977
2026-08-04T05:12:06.580000-04:00,9.767422676086426,-1.00533926486969,-10.772762298583984
2026-08-04T05:12:06.584000-04:00,9.769292831420898,-1.0337493419647217,-10.8030424118042
2026-08-04T05:12:06.588000-04:00,9.775489807128906,-0.9810212850570679,-10.756510734558105
2026-08-04T05:12:06.592000-04:00,9.786479949951172,-0.9563525319099426,-10.74283218383789
2026-08-04T05:12:06.596000-04:00,9.79548168182373,-0.9715512990951538,-10.767032623291016
2026-08-04T05:12:06.600000-04:00,9.805302619934082,-0.9353080987930298,-10.74061107635498
2026-08-04T05:12:06.604000-04:00,9.791155815124512,-0.9431413412094116,-10.734296798706055
2026-08-04T05:12:06.608000-04:00,9.801444053649902,-0.9213954210281372,-10.72283935546875
2026-08-04T05:12:06.612000-04:00,9.805769920349121,-0.9754094481468201,-10.781179428100586
2026-08-04T05:12:06.616000-04:00,9.813018798828125,-0.9503899812698364,-10.763408660888672
2026-08-04T05:12:06.620000-04:00,9.817461967468262,-0.9187064170837402,-10.736167907714844
2026-08-04T05:12:06.624000-04:00,9.818513870239258,-0.9383478760719299,-10.756861686706543
2026-08-04T05:12:06.628000-04:00,9.8179292678833,-0.9567033052444458,-10.774632453918457
2026-08-04T05:12:06.632000-04:00,9.822956085205078,-0.8780204653739929,-10.700976371765137
2026-08-04T05:12:06.636000-04:00,9.84446907043457,-0.87860506772995,-10.723073959350586
2026-08-04T05:12:06.640000-04:00,9.844585418701172,-0.9111070036888123,-10.755692481994629
2026-08-04T05:12:06.644000-04:00,9.842130661010742,-0.9334374666213989,-10.775568008422852
2026-08-04T05:12:06.648000-04:00,9.867968559265137,-0.8766175508499146,-10.744585990905762
2026-08-04T05:12:06.652000-04:00,9.882699012756348,-0.778877854347229,-10.661577224731445
2026-08-04T05:12:06.656000-04:00,9.900938034057617,-0.7713953852653503,-10.672333717346191
2026-08-04T05:12:06.660000-04:00,9.892403602600098,-0.7642636299133301,-10.656667709350586
2026-08-04T05:12:06.664000-04:00,9.90257453918457,-0.7764226198196411,-10.678997039794922
2026-08-04T05:12:06.668000-04:00,9.918825149536133,-0.7820345163345337,-10.700860023498535
2026-08-04T05:12:06.672000-04:00,9.905731201171875,-0.7608731389045715,-10.666604042053223
2026-08-04T05:12:06.676000-04:00,9.928763389587402,-0.7331646680831909,-10.661928176879883
2026-08-04T05:12:06.680000-04:00,9.951093673706055,-0.7787609100341797,-10.729854583740234
2026-08-04T05:12:06.684000-04:00,9.963253021240234,-0.755845844745636,-10.719099044799805
2026-08-04T05:12:06.688000-04:00,9.9867525100708,-0.6722527146339417,-10.659005165100098
2026-08-04T05:12:06.692000-04:00,10.009784698486328,-0.5736945867538452,-10.583478927612305
2026-08-04T05:12:06.696000-04:00,10.018552780151367,-0.587958037853241,-10.606511116027832
2026-08-04T05:12:06.700000-04:00,10.035271644592285,-0.5788388252258301,-10.614110946655273
2026-08-04T05:12:06.704000-04:00,10.050002098083496,-0.5448169708251953,-10.594819068908691
2026-08-04T05:12:06.708000-04:00,10.051639556884766,-0.5371006727218628,-10.588740348815918
2026-08-04T05:12:06.712000-04:00,10.08191967010498,-0.49442726373672485,-10.576347351074219
2026-08-04T05:12:06.716000-04:00,10.090805053710938,-0.5130165219306946,-10.603821754455566
2026-08-04T05:12:06.720000-04:00,10.108810424804688,-0.4934919476509094,-10.602302551269531
2026-08-04T05:12:06.724000-04:00,10.111849784851074,-0.48144984245300293,-10.593299865722656
2026-08-04T05:12:06.728000-04:00,10.118630409240723,-0.44777876138687134,-10.56640911102295
2026-08-04T05:12:06.732000-04:00,10.125178337097168,-0.4082619845867157,-10.533440589904785
2026-08-04T05:12:06.736000-04:00,10.133829116821289,-0.3722526431083679,-10.506081581115723
2026-08-04T05:12:06.740000-04:00,10.107757568359375,-0.43936097621917725,-10.547118186950684
2026-08-04T05:12:06.744000-04:00,10.103081703186035,-0.48355430364608765,-10.58663558959961
2026-08-04T05:12:06.748000-04:00,10.086830139160156,-0.48074835538864136,-10.567578315734863
2026-08-04T05:12:06.752000-04:00,10.07583999633789,-0.46379590034484863,-10.53963565826416
2026-08-04T05:12:06.756000-04:00,10.069293022155762,-0.4142245650291443,-10.48351764678955
2026-08-04T05:12:06.760000-04:00,10.043688774108887,-0.476071834564209,-10.519760131835938
2026-08-04T05:12:06.764000-04:00,10.0240478515625,-0.4901014566421509,-10.51414966583252
2026-08-04T05:12:06.768000-04:00,9.999612808227539,-0.5620032548904419,-10.561615943908691
2026-08-04T05:12:06.772000-04:00,9.969449043273926,-0.6162511110305786,-10.585700035095215
2026-08-04T05:12:06.776000-04:00,9.949457168579102,-0.6520266532897949,-10.601484298706055
2026-08-04T05:12:06.780000-04:00,9.925840377807617,-0.6992596983909607,-10.625100135803223
2026-08-04T05:12:06.784000-04:00,9.904679298400879,-0.7428684830665588,-10.647547721862793
2026-08-04T05:12:06.788000-04:00,9.881296157836914,-0.7343337535858154,-10.615630149841309
2026-08-04T05:12:06.792000-04:00,9.860602378845215,-0.7581841349601746,-10.618786811828613
2026-08-04T05:12:06.796000-04:00,9.843884468078613,-0.8429464101791382,-10.686830520629883
2026-08-04T05:12:06.800000-04:00,9.824359893798828,-0.8236557245254517,-10.648015975952148
2026-08-04T05:12:06.804000-04:00,9.808341979980469,-0.8905302286148071,-10.698872566223145
2026-08-04T05:12:06.808000-04:00,9.794196128845215,-0.9074826836585999,-10.701679229736328
2026-08-04T05:12:06.812000-04:00,9.779582023620605,-0.9389324188232422,-10.718514442443848
2026-08-04T05:12:06.816000-04:00,9.77081298828125,-0.9143806099891663,-10.68519401550293
2026-08-04T05:12:06.820000-04:00,9.766955375671387,-0.9010524749755859,-10.668007850646973
2026-08-04T05:12:06.824000-04:00,9.752340316772461,-0.8908810019493103,-10.643220901489258
2026-08-04T05:12:06.828000-04:00,9.75830364227295,-0.9322683811187744,-10.690571784973145
2026-08-04T05:12:06.832000-04:00,9.743805885314941,-0.9545988440513611,-10.698404312133789
2026-08-04T05:12:06.836000-04:00,9.746611595153809,-0.9429075121879578,-10.689518928527832
2026-08-04T05:12:06.840000-04:00,9.73538875579834,-0.9464148879051208,-10.681803703308105
2026-08-04T05:12:06.844000-04:00,9.737141609191895,-0.9707329273223877,-10.707874298095703
2026-08-04T05:12:06.848000-04:00,9.73375129699707,-0.9624320268630981,-10.696183204650879
2026-08-04T05:12:06.852000-04:00,9.75444507598877,-0.9162511825561523,-10.670696258544922
2026-08-04T05:12:06.856000-04:00,9.746728897094727,-0.9100548028945923,-10.656784057617188
2026-08-04T05:12:06.860000-04:00,9.759472846984863,-0.9149651527404785,-10.6744384765625
2026-08-04T05:12:06.864000-04:00,9.754796028137207,-0.9208108186721802,-10.675606727600098
2026-08-04T05:12:06.868000-04:00,9.755029678344727,-0.9485193490982056,-10.7035493850708
2026-08-04T05:12:06.872000-04:00,9.768942832946777,-0.9098209738731384,-10.678763389587402
2026-08-04T05:12:06.876000-04:00,9.773385047912598,-0.9000002145767212,-10.673385620117188
2026-08-04T05:12:06.880000-04:00,9.772566795349121,-0.9022215604782104,-10.674788475036621
2026-08-04T05:12:06.884000-04:00,9.770462036132812,-0.8890103697776794,-10.659472465515137
2026-08-04T05:12:06.888000-04:00,9.767422676086426,-0.9308654069900513,-10.698287963867188
2026-08-04T05:12:06.892000-04:00,9.761810302734375,-0.928644061088562,-10.690454483032227
2026-08-04T05:12:06.896000-04:00,9.778412818908691,-0.8750976324081421,-10.653510093688965
2026-08-04T05:12:06.900000-04:00,9.774554252624512,-0.9012863039970398,-10.675840377807617
2026-08-04T05:12:06.904000-04:00,9.771280288696289,-0.8982465267181396,-10.669527053833008
2026-08-04T05:12:06.908000-04:00,9.765084266662598,-0.9037414789199829,-10.66882610321045
2026-08-04T05:12:06.912000-04:00,9.788467407226562,-0.8954405784606934,-10.683908462524414
2026-08-04T05:12:06.916000-04:00,9.785310745239258,-0.9147313237190247,-10.700041770935059
2026-08-04T05:12:06.920000-04:00,9.768240928649902,-0.9107562899589539,-10.678997039794922
2026-08-04T05:12:06.924000-04:00,9.771163940429688,-0.9234998226165771,-10.694664001464844
2026-08-04T05:12:06.928000-04:00,9.773502349853516,-0.9271241426467896,-10.700626373291016
2026-08-04T05:12:06.932000-04:00,9.764032363891602,-0.9047936797142029,-10.66882610321045
2026-08-04T05:12:06.936000-04:00,9.770228385925293,-0.9129776358604431,-10.683205604553223
2026-08-04T05:12:06.940000-04:00,9.772566795349121,-0.8836323618888855,-10.65619945526123
2026-08-04T05:12:06.944000-04:00,9.761810302734375,-0.9042091369628906,-10.666019439697266
2026-08-04T05:12:06.948000-04:00,9.770345687866211,-0.8997663855552673,-10.670111656188965
2026-08-04T05:12:06.952000-04:00,9.771631240844727,-0.8731101155281067,-10.64474105834961
2026-08-04T05:12:06.956000-04:00,9.768240928649902,-0.8773190379142761,-10.645560264587402
2026-08-04T05:12:06.960000-04:00,9.766136169433594,-0.9143806099891663,-10.680517196655273
2026-08-04T05:12:06.964000-04:00,9.751172065734863,-0.950506865978241,-10.701679229736328
2026-08-04T05:12:06.968000-04:00,9.75806999206543,-0.9538973569869995,-10.711967468261719
2026-08-04T05:12:06.972000-04:00,9.763214111328125,-0.9432582259178162,-10.706472396850586
2026-08-04T05:12:06.976000-04:00,9.763564109802246,-0.9429075121879578,-10.70647144317627
2026-08-04T05:12:06.980000-04:00,9.757250785827637,-0.9568201899528503,-10.714071273803711
2026-08-04T05:12:06.984000-04:00,9.75643253326416,-0.9438427686691284,-10.700275421142578
2026-08-04T05:12:06.988000-04:00,9.75011920928955,-0.9310992360115051,-10.681218147277832
2026-08-04T05:12:06.992000-04:00,9.752106666564941,-0.9413875937461853,-10.693493843078613
2026-08-04T05:12:06.996000-04:00,9.75199031829834,-0.9372956156730652,-10.689286231994629
2026-08-04T05:12:07-04:00,9.750236511230469,-0.9489870071411133,-10.699223518371582
2026-08-04T05:12:07.004000-04:00,9.747313499450684,-0.9541311860084534,-10.701444625854492
2026-08-04T05:12:07.008000-04:00,9.741935729980469,-0.9645364880561829,-10.706472396850586
2026-08-04T05:12:07.012000-04:00,9.746728897094727,-0.9310992360115051,-10.677827835083008
2026-08-04T05:12:07.016000-04:00,9.74591064453125,-0.9431413412094116,-10.689051628112793
2026-08-04T05:12:07.020000-04:00,9.754796028137207,-0.9634842872619629,-10.718280792236328
2026-08-04T05:12:07.024000-04:00,9.735154151916504,-0.9540143013000488,-10.689168930053711
2026-08-04T05:12:07.028000-04:00,9.740532875061035,-0.9721358418464661,-10.712668418884277
2026-08-04T05:12:07.032000-04:00,9.74567699432373,-0.9802029132843018,-10.725879669189453
2026-08-04T05:12:07.036000-04:00,9.75666618347168,-1.0010135173797607,-10.75767993927002
2026-08-04T05:12:07.040000-04:00,9.758888244628906,-1.005690097808838,-10.764577865600586
2026-08-04T05:12:07.044000-04:00,9.759589195251465,-0.8866720795631409,-10.646261215209961
2026-08-04T05:12:07.048000-04:00,9.746261596679688,-0.8784881234169006,-10.624750137329102
2026-08-04T05:12:07.052000-04:00,9.759355545043945,-0.8361654281616211,-10.595520973205566
2026-08-04T05:12:07.056000-04:00,9.761810302734375,-0.8442324995994568,-10.606042861938477
2026-08-04T05:12:07.060000-04:00,9.775256156921387,-0.869953453540802,-10.645209312438965
2026-08-04T05:12:07.064000-04:00,9.786011695861816,-0.8439986705780029,-10.630010604858398
2026-08-04T05:12:07.068000-04:00,9.763096809387207,-0.7905691862106323,-10.553666114807129
2026-08-04T05:12:07.072000-04:00,9.745442390441895,-0.7908030152320862,-10.536245346069336
2026-08-04T05:12:07.076000-04:00,9.741233825683594,-0.7998053431510925,-10.54103946685791
2026-08-04T05:12:07.080000-04:00,9.73983097076416,-0.7939596772193909,-10.533790588378906
2026-08-04T05:12:07.084000-04:00,9.736440658569336,-0.7770072221755981,-10.513447761535645
2026-08-04T05:12:07.088000-04:00,9.770930290222168,-0.7835543751716614,-10.554484367370605
2026-08-04T05:12:07.092000-04:00,9.794663429260254,-0.7905691862106323,-10.585232734680176
2026-08-04T05:12:07.096000-04:00,9.79103946685791,-0.7995715141296387,-10.59061050415039
2026-08-04T05:12:07.100000-04:00,9.781803131103516,-0.832073450088501,-10.613876342773438
2026-08-04T05:12:07.104000-04:00,9.76859188079834,-0.8976619839668274,-10.666254043579102
2026-08-04T05:12:07.108000-04:00,9.768474578857422,-0.9281764030456543,-10.696651458740234
2026-08-04T05:12:07.112000-04:00,9.752340316772461,-0.9419721961021423,-10.69431209564209
2026-08-04T05:12:07.116000-04:00,9.721942901611328,-0.9755263328552246,-10.697469711303711
2026-08-04T05:12:07.120000-04:00,9.714460372924805,-0.9761109352111816,-10.690570831298828
2026-08-04T05:12:07.124000-04:00,9.71761703491211,-1.009197473526001,-10.726814270019531
2026-08-04T05:12:07.128000-04:00,9.70054817199707,-1.027552843093872,-10.728100776672363
2026-08-04T05:12:07.132000-04:00,9.718201637268066,-1.014809250831604,-10.733011245727539
2026-08-04T05:12:07.136000-04:00,9.713408470153809,-1.0238116979599,-10.73721981048584
2026-08-04T05:12:07.140000-04:00,9.7030029296875,-1.0504679679870605,-10.753471374511719
2026-08-04T05:12:07.144000-04:00,9.706977844238281,-1.0496494770050049,-10.756627082824707
2026-08-04T05:12:07.148000-04:00,9.702535629272461,-1.06706964969635,-10.76960563659668
2026-08-04T05:12:07.152000-04:00,9.70908260345459,-1.0455574989318848,-10.754640579223633
2026-08-04T05:12:07.156000-04:00,9.714460372924805,-1.0511693954467773,-10.765629768371582
2026-08-04T05:12:07.160000-04:00,9.710719108581543,-1.041582465171814,-10.752301216125488
2026-08-04T05:12:07.164000-04:00,9.690376281738281,-1.0406471490859985,-10.731023788452148
2026-08-04T05:12:07.168000-04:00,9.699963569641113,-1.063562273979187,-10.76352596282959
2026-08-04T05:12:07.172000-04:00,9.693065643310547,-1.0422840118408203,-10.735349655151367
2026-08-04T05:12:07.176000-04:00,9.70499038696289,-1.0433361530303955,-10.748326301574707
2026-08-04T05:12:07.180000-04:00,9.670501708984375,-1.0210057497024536,-10.691507339477539
2026-08-04T05:12:07.184000-04:00,9.647001266479492,-1.013289451599121,-10.660290718078613
2026-08-04T05:12:07.188000-04:00,9.673307418823242,-0.9831257462501526,-10.65643310546875
2026-08-04T05:12:07.192000-04:00,9.73597240447998,-1.012471079826355,-10.748443603515625
2026-08-04T05:12:07.196000-04:00,9.878607749938965,-0.9425567388534546,-10.82116413116455
2026-08-04T05:12:07.200000-04:00,10.045793533325195,-0.8200314044952393,-10.865824699401855
2026-08-04T05:12:07.204000-04:00,10.233674049377441,-0.46590036153793335,-10.69957447052002
2026-08-04T05:12:07.208000-04:00,10.121787071228027,0.20646926760673523,-9.91531753540039
2026-08-04T05:12:07.212000-04:00,10.016448020935059,0.7149261236190796,-9.301522254943848
2026-08-04T05:12:07.216000-04:00,9.89450740814209,1.2957525253295898,-8.5987548828125
2026-08-04T05:12:07.220000-04:00,9.884921073913574,1.2886207103729248,-8.59630012512207
2026-08-04T05:12:07.224000-04:00,9.76882553100586,1.048363447189331,-8.72046184539795
2026-08-04T05:12:07.228000-04:00,9.716798782348633,0.6348403692245483,-9.081958770751953
2026-08-04T05:12:07.232000-04:00,9.636245727539062,0.01730320043861866,-9.618942260742188
2026-08-04T05:12:07.236000-04:00,9.666760444641113,-0.35261115431785583,-10.01937198638916
2026-08-04T05:12:07.240000-04:00,9.758770942687988,-0.6805535554885864,-10.439324378967285
2026-08-04T05:12:07.244000-04:00,9.830673217773438,-0.7318785786628723,-10.562551498413086
2026-08-04T05:12:07.248000-04:00,9.823307037353516,-0.7844896912574768,-10.607796669006348
2026-08-04T05:12:07.252000-04:00,9.782855033874512,-0.8458693027496338,-10.628724098205566
2026-08-04T05:12:07.256000-04:00,9.80565357208252,-0.8615356683731079,-10.667189598083496
2026-08-04T05:12:07.260000-04:00,9.806822776794434,-0.8809432983398438,-10.687766075134277
2026-08-04T05:12:07.264000-04:00,9.800392150878906,-0.8971943259239197,-10.697586059570312
2026-08-04T05:12:07.268000-04:00,9.796768188476562,-0.9275918006896973,-10.724359512329102
2026-08-04T05:12:07.272000-04:00,9.804718017578125,-0.9325022101402283,-10.73721981048584
2026-08-04T05:12:07.276000-04:00,9.811498641967773,-0.9541311860084534,-10.765629768371582
2026-08-04T05:12:07.280000-04:00,9.8013277053833,-0.9825411438941956,-10.783868789672852
2026-08-04T05:12:07.284000-04:00,9.81173324584961,-0.9398677349090576,-10.751601219177246
2026-08-04T05:12:07.288000-04:00,9.822722434997559,-0.9164850115776062,-10.73920726776123
2026-08-04T05:12:07.292000-04:00,9.828451156616211,-0.9063135385513306,-10.73476505279541
2026-08-04T05:12:07.296000-04:00,9.823073387145996,-0.9252535700798035,-10.748327255249023
2026-08-04T05:12:07.300000-04:00,9.820150375366211,-0.9247859120368958,-10.744935989379883
2026-08-04T05:12:07.304000-04:00,9.827399253845215,-0.9242013096809387,-10.75160026550293
2026-08-04T05:12:07.308000-04:00,9.829386711120605,-0.8995325565338135,-10.72891902923584
2026-08-04T05:12:07.312000-04:00,9.842948913574219,-0.9003509879112244,-10.74329948425293
2026-08-04T05:12:07.316000-04:00,9.853354454040527,-0.889711856842041,-10.743066787719727
2026-08-04T05:12:07.320000-04:00,9.856744766235352,-0.8931023478507996,-10.749847412109375
2026-08-04T05:12:07.324000-04:00,9.858732223510742,-0.8755652904510498,-10.734297752380371
2026-08-04T05:12:07.328000-04:00,9.868202209472656,-0.8881919384002686,-10.756394386291504
2026-08-04T05:12:07.332000-04:00,9.879542350769043,-0.8479737043380737,-10.727516174316406
2026-08-04T05:12:07.336000-04:00,9.885037422180176,-0.8428295254707336,-10.727867126464844
2026-08-04T05:12:07.340000-04:00,9.877321243286133,-0.8573268055915833,-10.734647750854492
2026-08-04T05:12:07.344000-04:00,9.890181541442871,-0.8452847003936768,-10.735466003417969
2026-08-04T05:12:07.348000-04:00,9.90011978149414,-0.8531178832054138,-10.7532377243042
2026-08-04T05:12:07.352000-04:00,9.909589767456055,-0.8098599314689636,-10.719449996948242
2026-08-04T05:12:07.356000-04:00,9.92712688446045,-0.7632114291191101,-10.690338134765625
2026-08-04T05:12:07.360000-04:00,9.944195747375488,-0.7545598149299622,-10.698755264282227
2026-08-04T05:12:07.364000-04:00,9.944546699523926,-0.7688232660293579,-10.713370323181152
2026-08-04T05:12:07.368000-04:00,9.95378303527832,-0.7316447496414185,-10.68542766571045
2026-08-04T05:12:07.372000-04:00,9.976580619812012,-0.7171474695205688,-10.69372844696045
2026-08-04T05:12:07.376000-04:00,10.000548362731934,-0.7135231494903564,-10.714071273803711
2026-08-04T05:12:07.380000-04:00,10.0116548538208,-0.6838271617889404,-10.69548225402832
2026-08-04T05:12:07.384000-04:00,10.022761344909668,-0.6583399772644043,-10.681100845336914
2026-08-04T05:12:07.388000-04:00,10.045208930969238,-0.6025722622871399,-10.647781372070312
2026-08-04T05:12:07.392000-04:00,10.062395095825195,-0.5828138589859009,-10.645209312438965
2026-08-04T05:12:07.396000-04:00,10.090805053710938,-0.533125638961792,-10.623930931091309
2026-08-04T05:12:07.400000-04:00,10.095014572143555,-0.5320733785629272,-10.627087593078613
2026-08-04T05:12:07.404000-04:00,10.109979629516602,-0.5222526788711548,-10.632232666015625
2026-08-04T05:12:07.408000-04:00,10.139324188232422,-0.5054171085357666,-10.64474105834961
2026-08-04T05:12:07.412000-04:00,10.154406547546387,-0.48998454213142395,-10.644391059875488
2026-08-04T05:12:07.416000-04:00,10.166214942932129,-0.48565873503685,-10.651873588562012
2026-08-04T05:12:07.420000-04:00,10.166799545288086,-0.49197205901145935,-10.658771514892578
2026-08-04T05:12:07.424000-04:00,10.167851448059082,-0.4732659161090851,-10.641117095947266
2026-08-04T05:12:07.428000-04:00,10.164812088012695,-0.466484934091568,-10.63129711151123
2026-08-04T05:12:07.432000-04:00,10.170306205749512,-0.4564303457736969,-10.626736640930176
2026-08-04T05:12:07.436000-04:00,10.163408279418945,-0.44579121470451355,-10.609199523925781
2026-08-04T05:12:07.440000-04:00,10.160953521728516,-0.4439206123352051,-10.604873657226562
2026-08-04T05:12:07.444000-04:00,10.13757038116455,-0.4716291129589081,-10.609199523925781
2026-08-04T05:12:07.448000-04:00,10.122956275939941,-0.4770071506500244,-10.599963188171387
2026-08-04T05:12:07.452000-04:00,10.100041389465332,-0.5030788779258728,-10.603119850158691
2026-08-04T05:12:07.456000-04:00,10.09431266784668,-0.5280983448028564,-10.622410774230957
2026-08-04T05:12:07.460000-04:00,10.050119400024414,-0.5946221351623535,-10.64474105834961
2026-08-04T05:12:07.464000-04:00,10.020540237426758,-0.6181217432022095,-10.638662338256836
2026-08-04T05:12:07.468000-04:00,9.993766784667969,-0.6418551802635193,-10.635622024536133
2026-08-04T05:12:07.472000-04:00,9.998327255249023,-0.6346065402030945,-10.632933616638184
2026-08-04T05:12:07.476000-04:00,9.95214557647705,-0.6871007084846497,-10.639245986938477
2026-08-04T05:12:07.480000-04:00,9.91695499420166,-0.7342168688774109,-10.651171684265137
2026-08-04T05:12:07.484000-04:00,9.901873588562012,-0.7899845838546753,-10.691858291625977
2026-08-04T05:12:07.488000-04:00,9.86983871459961,-0.8179269433021545,-10.687766075134277
2026-08-04T05:12:07.492000-04:00,9.855107307434082,-0.8275138735771179,-10.682621002197266
2026-08-04T05:12:07.496000-04:00,9.838623046875,-0.8540531992912292,-10.692676544189453
2026-08-04T05:12:07.500000-04:00,9.829269409179688,-0.8768513798713684,-10.706120491027832
2026-08-04T05:12:07.504000-04:00,9.81173324584961,-0.9098209738731384,-10.721553802490234
2026-08-04T05:12:07.508000-04:00,9.794078826904297,-0.8929854035377502,-10.687064170837402
2026-08-04T05:12:07.512000-04:00,9.795248031616211,-0.906196653842926,-10.701444625854492
2026-08-04T05:12:07.516000-04:00,9.795598983764648,-0.9075996279716492,-10.703198432922363
2026-08-04T05:12:07.520000-04:00,9.784141540527344,-0.9401015639305115,-10.7242431640625
2026-08-04T05:12:07.524000-04:00,9.774320602416992,-0.9458303451538086,-10.7201509475708
2026-08-04T05:12:07.528000-04:00,9.769643783569336,-0.9401015639305115,-10.709745407104492
2026-08-04T05:12:07.532000-04:00,9.775840759277344,-0.9411537647247314,-10.716994285583496
2026-08-04T05:12:07.536000-04:00,9.790571212768555,-0.9341389536857605,-10.724710464477539
2026-08-04T05:12:07.540000-04:00,9.773502349853516,-0.9349573850631714,-10.708459854125977
2026-08-04T05:12:07.544000-04:00,9.77280044555664,-0.930748462677002,-10.703548431396484
2026-08-04T05:12:07.548000-04:00,9.771631240844727,-0.9162511825561523,-10.687882423400879
2026-08-04T05:12:07.552000-04:00,9.791155815124512,-0.929696261882782,-10.72085189819336
2026-08-04T05:12:07.556000-04:00,9.789752960205078,-0.913211464881897,-10.702964782714844
2026-08-04T05:12:07.560000-04:00,9.781919479370117,-0.9275918006896973,-10.709510803222656
2026-08-04T05:12:07.564000-04:00,9.785076141357422,-0.9281764030456543,-10.713253021240234
2026-08-04T05:12:07.568000-04:00,9.796417236328125,-0.9268903136253357,-10.723307609558105
2026-08-04T05:12:07.572000-04:00,9.797001838684082,-0.9009355306625366,-10.69793701171875
2026-08-04T05:12:07.576000-04:00,9.799924850463867,-0.905612051486969,-10.705536842346191
2026-08-04T05:12:07.580000-04:00,9.801094055175781,-0.9197586178779602,-10.720852851867676
2026-08-04T05:12:07.584000-04:00,9.798871994018555,-0.9142636656761169,-10.713135719299316
2026-08-04T05:12:07.588000-04:00,9.805185317993164,-0.9439597129821777,-10.7491455078125
2026-08-04T05:12:07.592000-04:00,9.79957389831543,-0.9318007230758667,-10.731374740600586
2026-08-04T05:12:07.596000-04:00,9.79957389831543,-0.922681450843811,-10.72225570678711
2026-08-04T05:12:07.600000-04:00,9.802379608154297,-0.9042091369628906,-10.706588745117188
2026-08-04T05:12:07.604000-04:00,9.798404693603516,-0.925955057144165,-10.724359512329102
2026-08-04T05:12:07.608000-04:00,9.798989295959473,-0.9043260216712952,-10.703315734863281
2026-08-04T05:12:07.612000-04:00,9.811031341552734,-0.9003509879112244,-10.711381912231445
2026-08-04T05:12:07.616000-04:00,9.810797691345215,-0.8920500874519348,-10.702847480773926
2026-08-04T05:12:07.620000-04:00,9.806238174438477,-0.8920500874519348,-10.698287963867188
2026-08-04T05:12:07.624000-04:00,9.79910659790039,-0.9308654069900513,-10.729971885681152
2026-08-04T05:12:07.628000-04:00,9.800509452819824,-0.9160173535346985,-10.716526985168457
2026-08-04T05:12:07.632000-04:00,9.816526412963867,-0.9208108186721802,-10.737337112426758
2026-08-04T05:12:07.636000-04:00,9.808459281921387,-0.9250197410583496,-10.733478546142578
2026-08-04T05:12:07.640000-04:00,9.794663429260254,-0.9363603591918945,-10.731023788452148
2026-08-04T05:12:07.644000-04:00,9.791740417480469,-0.9385817050933838,-10.730321884155273
2026-08-04T05:12:07.648000-04:00,9.7847261428833,-0.9534296989440918,-10.738155364990234
2026-08-04T05:12:07.652000-04:00,9.793961524963379,-0.9405692219734192,-10.734530448913574
2026-08-04T05:12:07.656000-04:00,9.791740417480469,-0.9458303451538086,-10.737570762634277
2026-08-04T05:12:07.660000-04:00,9.792793273925781,-0.9455965161323547,-10.73838996887207
2026-08-04T05:12:07.664000-04:00,9.779582023620605,-0.9507406949996948,-10.73032283782959
2026-08-04T05:12:07.668000-04:00,9.781685829162598,-0.9570540189743042,-10.738739967346191
2026-08-04T05:12:07.672000-04:00,9.79980754852295,-0.9528451561927795,-10.752653121948242
2026-08-04T05:12:07.676000-04:00,9.795598983764648,-0.9512083530426025,-10.746807098388672
2026-08-04T05:12:07.680000-04:00,9.78718090057373,-0.9904912710189819,-10.777671813964844
2026-08-04T05:12:07.684000-04:00,9.77712631225586,-1.0208888053894043,-10.798015594482422
2026-08-04T05:12:07.688000-04:00,9.772449493408203,-1.009782075881958,-10.782231330871582
2026-08-04T05:12:07.692000-04:00,9.78741455078125,-0.964302659034729,-10.751717567443848
2026-08-04T05:12:07.696000-04:00,9.78133487701416,-0.9545988440513611,-10.735933303833008
2026-08-04T05:12:07.700000-04:00,9.786128997802734,-0.9549495577812195,-10.74107837677002
2026-08-04T05:12:07.704000-04:00,9.779815673828125,-0.9685115218162537,-10.748327255249023
2026-08-04T05:12:07.708000-04:00,9.793377876281738,-0.9582231640815735,-10.751601219177246
2026-08-04T05:12:07.712000-04:00,9.813018798828125,-0.9197586178779602,-10.73277759552002
2026-08-04T05:12:07.716000-04:00,9.788350105285645,-0.903507649898529,-10.69185733795166
2026-08-04T05:12:07.720000-04:00,9.791155815124512,-0.8978958129882812,-10.689051628112793
2026-08-04T05:12:07.724000-04:00,9.786947250366211,-0.9111070036888123,-10.698054313659668
2026-08-04T05:12:07.728000-04:00,9.797001838684082,-0.9046767950057983,-10.701678276062012
2026-08-04T05:12:07.732000-04:00,9.821436882019043,-0.8899456858634949,-10.711382865905762
2026-08-04T05:12:07.736000-04:00,9.824827194213867,-0.8340610265731812,-10.65888786315918
2026-08-04T05:12:07.740000-04:00,9.773853302001953,-0.8430633544921875,-10.61691665649414
2026-08-04T05:12:07.744000-04:00,9.782036781311035,-0.7911537289619446,-10.573190689086914
2026-08-04T05:12:07.748000-04:00,9.78133487701416,-0.7973501682281494,-10.57868480682373
2026-08-04T05:12:07.752000-04:00,9.775723457336426,-0.8062356114387512,-10.581958770751953
2026-08-04T05:12:07.756000-04:00,9.798871994018555,-0.8088076710700989,-10.60767936706543
2026-08-04T05:12:07.760000-04:00,9.80986213684082,-0.8258770704269409,-10.63573932647705
2026-08-04T05:12:07.764000-04:00,9.825178146362305,-0.836399257183075,-10.661577224731445
2026-08-04T05:12:07.768000-04:00,9.809511184692383,-0.8852691054344177,-10.694780349731445
2026-08-04T05:12:07.772000-04:00,9.815590858459473,-0.9328529238700867,-10.748443603515625
2026-08-04T05:12:07.776000-04:00,9.80401611328125,-0.928059458732605,-10.732075691223145
2026-08-04T05:12:07.780000-04:00,9.777710914611816,-0.9837102890014648,-10.761421203613281
2026-08-04T05:12:07.784000-04:00,9.773736000061035,-1.0224087238311768,-10.796144485473633
2026-08-04T05:12:07.788000-04:00,9.757485389709473,-1.0675373077392578,-10.82502269744873
2026-08-04T05:12:07.792000-04:00,9.760992050170898,-1.06087327003479,-10.82186508178711
2026-08-04T05:12:07.796000-04:00,9.757952690124512,-1.0369060039520264,-10.794858932495117
2026-08-04T05:12:07.800000-04:00,9.751172065734863,-1.033281683921814,-10.784453392028809
2026-08-04T05:12:07.804000-04:00,9.744624137878418,-1.0787609815597534,-10.823385238647461
2026-08-04T05:12:07.808000-04:00,9.749885559082031,-1.092439889907837,-10.842325210571289
2026-08-04T05:12:07.812000-04:00,9.73562240600586,-1.1117305755615234,-10.847352981567383
2026-08-04T05:12:07.816000-04:00,9.757952690124512,-1.06917405128479,-10.827126502990723
2026-08-04T05:12:07.820000-04:00,9.74836540222168,-1.0551444292068481,-10.803509712219238
2026-08-04T05:12:07.824000-04:00,9.73538875579834,-1.0487141609191895,-10.784103393554688
2026-08-04T05:12:07.828000-04:00,9.745208740234375,-1.0696417093276978,-10.814850807189941
2026-08-04T05:12:07.832000-04:00,9.74836540222168,-1.0839052200317383,-10.832270622253418
2026-08-04T05:12:07.836000-04:00,9.746846199035645,-1.0795793533325195,-10.826425552368164
2026-08-04T05:12:07.840000-04:00,9.734804153442383,-1.0796962976455688,-10.81450080871582
2026-08-04T05:12:07.844000-04:00,9.733868598937988,-1.0995715856552124,-10.833439826965332
2026-08-04T05:12:07.848000-04:00,9.71691608428955,-1.109976887702942,-10.826892852783203
2026-08-04T05:12:07.852000-04:00,9.703120231628418,-1.0857758522033691,-10.788896560668945
2026-08-04T05:12:07.856000-04:00,9.695286750793457,-1.0654329061508179,-10.760719299316406
2026-08-04T05:12:07.860000-04:00,9.759121894836426,-1.097116470336914,-10.85623836517334
2026-08-04T05:12:07.864000-04:00,9.825294494628906,-1.0871787071228027,-10.912473678588867
2026-08-04T05:12:07.868000-04:00,10.028841018676758,-0.894037663936615,-10.92287826538086
2026-08-04T05:12:07.872000-04:00,10.2716703414917,-0.5781373381614685,-10.849807739257812
2026-08-04T05:12:07.876000-04:00,10.239636421203613,-0.16566644608974457,-10.405303001403809
2026-08-04T05:12:07.880000-04:00,10.132192611694336,0.6181217432022095,-9.514070510864258
2026-08-04T05:12:07.884000-04:00,10.0613431930542,1.0500003099441528,-9.011343002319336
2026-08-04T05:12:07.888000-04:00,9.982075691223145,1.2574048042297363,-8.72467041015625
2026-08-04T05:12:07.892000-04:00,9.934608459472656,1.2157835960388184,-8.71882438659668
2026-08-04T05:12:07.896000-04:00,9.804484367370605,0.7123540639877319,-9.092130661010742
2026-08-04T05:12:07.900000-04:00,9.73597240447998,0.24996109306812286,-9.486011505126953
2026-08-04T05:12:07.904000-04:00,9.691779136657715,-0.33939993381500244,-10.031179428100586
2026-08-04T05:12:07.908000-04:00,9.785660743713379,-0.6535465717315674,-10.439207077026367
2026-08-04T05:12:07.912000-04:00,9.864343643188477,-0.7429853677749634,-10.607329368591309
2026-08-04T05:12:07.916000-04:00,9.887726783752441,-0.7829698324203491,-10.670696258544922
2026-08-04T05:12:07.920000-04:00,9.840493202209473,-0.8298521041870117,-10.670345306396484
2026-08-04T05:12:07.924000-04:00,9.846806526184082,-0.8988310694694519,-10.745637893676758
2026-08-04T05:12:07.928000-04:00,9.847625732421875,-0.9275918006896973,-10.775217056274414
2026-08-04T05:12:07.932000-04:00,9.843533515930176,-0.9506238102912903,-10.794157028198242
2026-08-04T05:12:07.936000-04:00,9.830673217773438,-0.9548326730728149,-10.785506248474121
2026-08-04T05:12:07.940000-04:00,9.829035758972168,-0.9756432771682739,-10.804678916931152
2026-08-04T05:12:07.944000-04:00,9.83055591583252,-0.9831257462501526,-10.813681602478027
2026-08-04T05:12:07.948000-04:00,9.830906867980957,-0.9979737401008606,-10.828880310058594
2026-08-04T05:12:07.952000-04:00,9.847391128540039,-0.9678100943565369,-10.815200805664062
2026-08-04T05:12:07.956000-04:00,9.8427152633667,-0.9748249053955078,-10.817540168762207
2026-08-04T05:12:07.960000-04:00,9.84084415435791,-0.9723696708679199,-10.813213348388672
2026-08-04T05:12:07.964000-04:00,9.840961456298828,-0.997272253036499,-10.838233947753906
2026-08-04T05:12:07.968000-04:00,9.848677635192871,-1.00113046169281,-10.849807739257812
2026-08-04T05:12:07.972000-04:00,9.853939056396484,-0.9489870071411133,-10.802926063537598
2026-08-04T05:12:07.976000-04:00,9.870774269104004,-0.9167188405990601,-10.787492752075195
2026-08-04T05:12:07.980000-04:00,9.8593168258667,-0.9383478760719299,-10.797664642333984
2026-08-04T05:12:07.984000-04:00,9.866915702819824,-0.9541311860084534,-10.821046829223633
2026-08-04T05:12:07.988000-04:00,9.86960506439209,-0.9582231640815735,-10.827828407287598
2026-08-04T05:12:07.992000-04:00,9.88573932647705,-0.9496884942054749,-10.835428237915039
2026-08-04T05:12:07.996000-04:00,9.890298843383789,-0.9299300909042358,-10.820228576660156
