created_at,lead_1,lead_2,lead_3
2026-08-04T04:57:53-04:00,12.099496841430664,0.101948581635952,-11.99754810333252
2026-08-04T04:57:53.004000-04:00,12.093768119812012,0.08943884074687958,-12.004329681396484
2026-08-04T04:57:53.008000-04:00,12.09248161315918,0.09364772588014603,-11.998833656311035
2026-08-04T04:57:53.012000-04:00,12.08663558959961,0.08160563558340073,-12.005029678344727
2026-08-04T04:57:53.016000-04:00,12.090376853942871,0.0859314352273941,-12.00444507598877
2026-08-04T04:57:53.020000-04:00,12.086986541748047,0.0915432795882225,-11.995443344116211
2026-08-04T04:57:53.024000-04:00,12.087571144104004,0.08745130896568298,-12.000120162963867
2026-08-04T04:57:53.028000-04:00,12.078569412231445,0.07283712178468704,-12.005732536315918
2026-08-04T04:57:53.032000-04:00,12.083011627197266,0.07657834887504578,-12.006433486938477
2026-08-04T04:57:53.036000-04:00,12.08172607421875,0.07330477237701416,-12.008420944213867
2026-08-04T04:57:53.040000-04:00,12.092364311218262,0.08102106302976608,-12.011343002319336
2026-08-04T04:57:53.044000-04:00,12.07763385772705,0.07891662418842316,-11.998717308044434
2026-08-04T04:57:53.048000-04:00,12.084531784057617,0.07646144181489944,-12.00806999206543
2026-08-04T04:57:53.052000-04:00,12.086050987243652,0.07692909240722656,-12.009121894836426
2026-08-04T04:57:53.056000-04:00,12.093417167663574,0.08031958341598511,-12.013097763061523
2026-08-04T04:57:53.060000-04:00,12.088623046875,0.08674982935190201,-12.001873016357422
2026-08-04T04:57:53.064000-04:00,12.086870193481445,0.07155106961727142,-12.015318870544434
2026-08-04T04:57:53.068000-04:00,12.0844144821167,0.06091194227337837,-12.023502349853516
2026-08-04T04:57:53.072000-04:00,12.082660675048828,0.06243181601166725,-12.020228385925293
2026-08-04T04:57:53.076000-04:00,12.090494155883789,0.05623539909720421,-12.034258842468262
2026-08-04T04:57:53.080000-04:00,12.098443984985352,0.07482464611530304,-12.023619651794434
2026-08-04T04:57:53.084000-04:00,12.07833480834961,0.07727983593940735,-12.001054763793945
2026-08-04T04:57:53.088000-04:00,12.083128929138184,0.07061576098203659,-12.012513160705566
2026-08-04T04:57:53.092000-04:00,12.082660675048828,0.06266564130783081,-12.019994735717773
2026-08-04T04:57:53.096000-04:00,12.078452110290527,0.06091194227337837,-12.017539978027344
2026-08-04T04:57:53.100000-04:00,12.086519241333008,0.06628996133804321,-12.02022933959961
2026-08-04T04:57:53.104000-04:00,12.08172607421875,0.059275150299072266,-12.022451400756836
2026-08-04T04:57:53.108000-04:00,12.073424339294434,0.06839440762996674,-12.005029678344727
2026-08-04T04:57:53.112000-04:00,12.070151329040527,0.06816057860851288,-12.00199031829834
2026-08-04T04:57:53.116000-04:00,12.080790519714355,0.06137959659099579,-12.019411087036133
2026-08-04T04:57:53.120000-04:00,12.094001770019531,0.07692909240722656,-12.017072677612305
2026-08-04T04:57:53.124000-04:00,12.106160163879395,0.10206549614667892,-12.004095077514648
2026-08-04T04:57:53.128000-04:00,12.097041130065918,0.13784103095531464,-11.959199905395508
2026-08-04T04:57:53.132000-04:00,12.086519241333008,0.13468436896800995,-11.951834678649902
2026-08-04T04:57:53.136000-04:00,12.095755577087402,0.1416991800069809,-11.954056739807129
2026-08-04T04:57:53.140000-04:00,12.100666046142578,0.1392439901828766,-11.961421966552734
2026-08-04T04:57:53.144000-04:00,12.10861587524414,0.1542089283466339,-11.95440673828125
2026-08-04T04:57:53.148000-04:00,12.10253620147705,0.20763839781284332,-11.8948974609375
2026-08-04T04:57:53.152000-04:00,12.074944496154785,0.2212003618478775,-11.853744506835938
2026-08-04T04:57:53.156000-04:00,12.082894325256348,0.23920504748821259,-11.84368896484375
2026-08-04T04:57:53.160000-04:00,12.083596229553223,0.2228371500968933,-11.860758781433105
2026-08-04T04:57:53.164000-04:00,12.082777976989746,0.2212003618478775,-11.861577987670898
2026-08-04T04:57:53.168000-04:00,12.076464653015137,0.21687456965446472,-11.859590530395508
2026-08-04T04:57:53.172000-04:00,12.103238105773926,0.22739678621292114,-11.87584114074707
2026-08-04T04:57:53.176000-04:00,12.123814582824707,0.21465320885181427,-11.909161567687988
2026-08-04T04:57:53.180000-04:00,12.120306968688965,0.19536247849464417,-11.924944877624512
2026-08-04T04:57:53.184000-04:00,12.099964141845703,0.1517537385225296,-11.948210716247559
2026-08-04T04:57:53.188000-04:00,12.094352722167969,0.14240066707134247,-11.95195198059082
2026-08-04T04:57:53.192000-04:00,12.096807479858398,0.1304754763841629,-11.96633243560791
2026-08-04T04:57:53.196000-04:00,12.088506698608398,0.12813721597194672,-11.960369110107422
2026-08-04T04:57:53.200000-04:00,12.097041130065918,0.09657055884599686,-12.000470161437988
2026-08-04T04:57:53.204000-04:00,12.074828147888184,0.07716292142868042,-11.997665405273438
2026-08-04T04:57:53.208000-04:00,12.058576583862305,0.05109120532870293,-12.007485389709473
2026-08-04T04:57:53.212000-04:00,12.043377876281738,0.028409983962774277,-12.014967918395996
2026-08-04T04:57:53.216000-04:00,12.057875633239746,0.033904917538166046,-12.023970603942871
2026-08-04T04:57:53.220000-04:00,12.065474510192871,0.032501958310604095,-12.03297233581543
2026-08-04T04:57:53.224000-04:00,12.051562309265137,0.022213567048311234,-12.029348373413086
2026-08-04T04:57:53.228000-04:00,12.047586441040039,0.01975838467478752,-12.027828216552734
2026-08-04T04:57:53.232000-04:00,12.045949935913086,0.02127826027572155,-12.02467155456543
2026-08-04T04:57:53.236000-04:00,12.060914993286133,0.02022603712975979,-12.040688514709473
2026-08-04T04:57:53.240000-04:00,12.060797691345215,0.02537023276090622,-12.03542709350586
2026-08-04T04:57:53.244000-04:00,12.04489803314209,0.01882307603955269,-12.02607536315918
2026-08-04T04:57:53.248000-04:00,12.043144226074219,0.01601715199649334,-12.027127265930176
2026-08-04T04:57:53.252000-04:00,12.040221214294434,0.00806703232228756,-12.032154083251953
2026-08-04T04:57:53.256000-04:00,12.048288345336914,0.014029622077941895,-12.034258842468262
2026-08-04T04:57:53.260000-04:00,12.047236442565918,0.016250979155302048,-12.030985832214355
2026-08-04T04:57:53.264000-04:00,12.031453132629395,0.010756043717265129,-12.020696640014648
2026-08-04T04:57:53.268000-04:00,12.010525703430176,0.03448948636651039,-11.976036071777344
2026-08-04T04:57:53.272000-04:00,11.98959732055664,0.08522994816303253,-11.904367446899414
2026-08-04T04:57:53.276000-04:00,12.05565357208252,0.0758768692612648,-11.979776382446289
2026-08-04T04:57:53.280000-04:00,12.119839668273926,0.11235388368368149,-12.007485389709473
2026-08-04T04:57:53.284000-04:00,12.281296730041504,0.2922837734222412,-11.989012718200684
2026-08-04T04:57:53.288000-04:00,12.383947372436523,0.5083399415016174,-11.87560749053955
2026-08-04T04:57:53.292000-04:00,12.348522186279297,1.0236947536468506,-11.324827194213867
2026-08-04T04:57:53.296000-04:00,12.329231262207031,1.5377634763717651,-10.791467666625977
2026-08-04T04:57:53.300000-04:00,12.259317398071289,2.252572774887085,-10.006744384765625
2026-08-04T04:57:53.304000-04:00,12.206005096435547,2.4268906116485596,-9.779114723205566
2026-08-04T04:57:53.308000-04:00,12.123697280883789,2.4086523056030273,-9.715044975280762
2026-08-04T04:57:53.312000-04:00,12.074944496154785,1.8401018381118774,-10.234842300415039
2026-08-04T04:57:53.316000-04:00,12.052847862243652,1.386594295501709,-10.666254043579102
2026-08-04T04:57:53.320000-04:00,12.065240859985352,0.8226034641265869,-11.242637634277344
2026-08-04T04:57:53.324000-04:00,12.08640193939209,0.48355430364608765,-11.602848052978516
2026-08-04T04:57:53.328000-04:00,12.15666675567627,0.3962199091911316,-11.760446548461914
2026-08-04T04:57:53.332000-04:00,12.163681983947754,0.3537802994251251,-11.809901237487793
2026-08-04T04:57:53.336000-04:00,12.109785079956055,0.27486366033554077,-11.834921836853027
2026-08-04T04:57:53.340000-04:00,12.126152992248535,0.22973506152629852,-11.896417617797852
2026-08-04T04:57:53.344000-04:00,12.127789497375488,0.199922114610672,-11.92786693572998
2026-08-04T04:57:53.348000-04:00,12.118904113769531,0.16508188843727112,-11.953822135925293
2026-08-04T04:57:53.352000-04:00,12.126971244812012,0.15140299499034882,-11.975567817687988
2026-08-04T04:57:53.356000-04:00,12.133284568786621,0.15607954561710358,-11.977205276489258
2026-08-04T04:57:53.360000-04:00,12.126737594604492,0.14146535098552704,-11.985272407531738
2026-08-04T04:57:53.364000-04:00,12.127789497375488,0.14017930626869202,-11.98760986328125
2026-08-04T04:57:53.368000-04:00,12.133284568786621,0.133281409740448,-12.00000286102295
2026-08-04T04:57:53.372000-04:00,12.133050918579102,0.1421668380498886,-11.990883827209473
2026-08-04T04:57:53.376000-04:00,12.14392375946045,0.13713955879211426,-12.006784439086914
2026-08-04T04:57:53.380000-04:00,12.15444564819336,0.15713176131248474,-11.997313499450684
2026-08-04T04:57:53.384000-04:00,12.148716926574707,0.1722135990858078,-11.976503372192383
2026-08-04T04:57:53.388000-04:00,12.144274711608887,0.14941547811031342,-11.99485969543457
2026-08-04T04:57:53.392000-04:00,12.14813232421875,0.18355421721935272,-11.964577674865723
2026-08-04T04:57:53.396000-04:00,12.164149284362793,0.1834373027086258,-11.980711936950684
2026-08-04T04:57:53.400000-04:00,12.167774200439453,0.19489482045173645,-11.972879409790039
2026-08-04T04:57:53.404000-04:00,12.159940719604492,0.20097433030605316,-11.958966255187988
2026-08-04T04:57:53.408000-04:00,12.155848503112793,0.2027280330657959,-11.953120231628418
2026-08-04T04:57:53.412000-04:00,12.171281814575195,0.22260333597660065,-11.948678016662598
2026-08-04T04:57:53.416000-04:00,12.181803703308105,0.22143419086933136,-11.960369110107422
2026-08-04T04:57:53.420000-04:00,12.189753532409668,0.2456352859735489,-11.94411849975586
2026-08-04T04:57:53.424000-04:00,12.186480522155762,0.24376468360424042,-11.942715644836426
2026-08-04T04:57:53.428000-04:00,12.181920051574707,0.25229936838150024,-11.929620742797852
2026-08-04T04:57:53.432000-04:00,12.193378448486328,0.27965712547302246,-11.913721084594727
2026-08-04T04:57:53.436000-04:00,12.208108901977539,0.28643810749053955,-11.921670913696289
2026-08-04T04:57:53.440000-04:00,12.2118501663208,0.30572885274887085,-11.906121253967285
2026-08-04T04:57:53.444000-04:00,12.210564613342285,0.29801255464553833,-11.912551879882812
2026-08-04T04:57:53.448000-04:00,12.226932525634766,0.33320352435112,-11.893729209899902
2026-08-04T04:57:53.452000-04:00,12.23277759552002,0.3254872262477875,-11.9072904586792
2026-08-04T04:57:53.456000-04:00,12.259317398071289,0.36512091755867004,-11.894196510314941
2026-08-04T04:57:53.460000-04:00,12.25908374786377,0.38406088948249817,-11.875022888183594
2026-08-04T04:57:53.464000-04:00,12.270774841308594,0.40849581360816956,-11.862278938293457
2026-08-04T04:57:53.468000-04:00,12.279192924499512,0.42895567417144775,-11.850236892700195
2026-08-04T04:57:53.472000-04:00,12.30479621887207,0.4501170217990875,-11.854679107666016
2026-08-04T04:57:53.476000-04:00,12.334609985351562,0.5019097328186035,-11.832700729370117
2026-08-04T04:57:53.480000-04:00,12.347119331359863,0.5326579809188843,-11.814461708068848
2026-08-04T04:57:53.484000-04:00,12.361967086791992,0.5821123719215393,-11.779854774475098
2026-08-04T04:57:53.488000-04:00,12.371437072753906,0.5952066779136658,-11.776230812072754
2026-08-04T04:57:53.492000-04:00,12.400899887084961,0.6325021386146545,-11.768397331237793
2026-08-04T04:57:53.496000-04:00,12.417150497436523,0.6644194722175598,-11.752731323242188
2026-08-04T04:57:53.500000-04:00,12.438311576843262,0.7028840184211731,-11.735427856445312
2026-08-04T04:57:53.504000-04:00,12.445093154907227,0.7208887338638306,-11.724204063415527
2026-08-04T04:57:53.508000-04:00,12.453861236572266,0.7517538666725159,-11.702107429504395
2026-08-04T04:57:53.512000-04:00,12.463798522949219,0.7642636299133301,-11.699535369873047
2026-08-04T04:57:53.516000-04:00,12.467423439025879,0.7903353571891785,-11.677087783813477
2026-08-04T04:57:53.520000-04:00,12.471281051635742,0.8047156929969788,-11.66656494140625
2026-08-04T04:57:53.524000-04:00,12.462395668029785,0.8123151063919067,-11.650080680847168
2026-08-04T04:57:53.528000-04:00,12.456082344055176,0.7889323830604553,-11.667149543762207
2026-08-04T04:57:53.532000-04:00,12.445093154907227,0.7787609100341797,-11.666332244873047
2026-08-04T04:57:53.536000-04:00,12.44263744354248,0.7578334212303162,-11.68480396270752
2026-08-04T04:57:53.540000-04:00,12.419722557067871,0.7262667417526245,-11.693455696105957
2026-08-04T04:57:53.544000-04:00,12.39750862121582,0.6985582709312439,-11.69895076751709
2026-08-04T04:57:53.548000-04:00,12.363954544067383,0.6501560211181641,-11.713798522949219
2026-08-04T04:57:53.552000-04:00,12.348639488220215,0.6189401149749756,-11.72969913482666
2026-08-04T04:57:53.556000-04:00,12.325840950012207,0.5603664517402649,-11.765474319458008
2026-08-04T04:57:53.560000-04:00,12.299769401550293,0.5120812058448792,-11.787688255310059
2026-08-04T04:57:53.564000-04:00,12.268319129943848,0.4455574154853821,-11.822761535644531
2026-08-04T04:57:53.568000-04:00,12.248093605041504,0.39890891313552856,-11.8491849899292
2026-08-04T04:57:53.572000-04:00,12.213370323181152,0.34384265542030334,-11.869527816772461
2026-08-04T04:57:53.576000-04:00,12.20401668548584,0.31648486852645874,-11.887532234191895
2026-08-04T04:57:53.580000-04:00,12.183673858642578,0.2891271114349365,-11.894546508789062
2026-08-04T04:57:53.584000-04:00,12.15619945526123,0.266562819480896,-11.889636993408203
2026-08-04T04:57:53.588000-04:00,12.135856628417969,0.23511306941509247,-11.90074348449707
2026-08-04T04:57:53.592000-04:00,12.13538932800293,0.2284490019083023,-11.906940460205078
2026-08-04T04:57:53.596000-04:00,12.118319511413574,0.19045211374759674,-11.92786693572998
2026-08-04T04:57:53.600000-04:00,12.10686206817627,0.16718631982803345,-11.939675331115723
2026-08-04T04:57:53.604000-04:00,12.108264923095703,0.1481294184923172,-11.960135459899902
2026-08-04T04:57:53.608000-04:00,12.088155746459961,0.11866721510887146,-11.969488143920898
2026-08-04T04:57:53.612000-04:00,12.086519241333008,0.10253315418958664,-11.983985900878906
2026-08-04T04:57:53.616000-04:00,12.096573829650879,0.09107562899589539,-12.005497932434082
2026-08-04T04:57:53.620000-04:00,12.081491470336914,0.10136401653289795,-11.980127334594727
2026-08-04T04:57:53.624000-04:00,12.076464653015137,0.09224475920200348,-11.984219551086426
2026-08-04T04:57:53.628000-04:00,12.06980037689209,0.0786827951669693,-11.991117477416992
2026-08-04T04:57:53.632000-04:00,12.076581001281738,0.06418552249670029,-12.012395858764648
2026-08-04T04:57:53.636000-04:00,12.087454795837402,0.07377243041992188,-12.01368236541748
2026-08-04T04:57:53.640000-04:00,12.07833480834961,0.0758768692612648,-12.002457618713379
2026-08-04T04:57:53.644000-04:00,12.072256088256836,0.07599378377199173,-11.996262550354004
2026-08-04T04:57:53.648000-04:00,12.066761016845703,0.07494156062602997,-11.991819381713867
2026-08-04T04:57:53.652000-04:00,12.06395435333252,0.08289168030023575,-11.981062889099121
2026-08-04T04:57:53.656000-04:00,12.078803062438965,0.07692909240722656,-12.001873970031738
2026-08-04T04:57:53.660000-04:00,12.06734561920166,0.0814887210726738,-11.985857009887695
2026-08-04T04:57:53.664000-04:00,12.050509452819824,0.07447391003370285,-11.976035118103027
2026-08-04T04:57:53.668000-04:00,12.055068969726562,0.07365551590919495,-11.981413841247559
2026-08-04T04:57:53.672000-04:00,12.070502281188965,0.0842946469783783,-11.986207962036133
2026-08-04T04:57:53.676000-04:00,12.074359893798828,0.08604834973812103,-11.988311767578125
2026-08-04T04:57:53.680000-04:00,12.077516555786133,0.10171476006507874,-11.975801467895508
2026-08-04T04:57:53.684000-04:00,12.069449424743652,0.09189402312040329,-11.977555274963379
2026-08-04T04:57:53.688000-04:00,12.070735931396484,0.09972722828388214,-11.97100830078125
2026-08-04T04:57:53.692000-04:00,12.079153060913086,0.10826191306114197,-11.970890998840332
2026-08-04T04:57:53.696000-04:00,12.075295448303223,0.1044037714600563,-11.970891952514648
2026-08-04T04:57:53.700000-04:00,12.083245277404785,0.11574438214302063,-11.967500686645508
2026-08-04T04:57:53.704000-04:00,12.07541275024414,0.10674203932285309,-11.968670845031738
2026-08-04T04:57:53.708000-04:00,12.080673217773438,0.11504289507865906,-11.965630531311035
2026-08-04T04:57:53.712000-04:00,12.084531784057617,0.11176931858062744,-11.972762107849121
2026-08-04T04:57:53.716000-04:00,12.09224796295166,0.12790338695049286,-11.96434497833252
2026-08-04T04:57:53.720000-04:00,12.092364311218262,0.13749028742313385,-11.954874038696289
2026-08-04T04:57:53.724000-04:00,12.08195972442627,0.12614968419075012,-11.955809593200684
2026-08-04T04:57:53.728000-04:00,12.08640193939209,0.1284879446029663,-11.957914352416992
2026-08-04T04:57:53.732000-04:00,12.084648132324219,0.1192517876625061,-11.9653959274292
2026-08-04T04:57:53.736000-04:00,12.100081443786621,0.11048327386379242,-11.989598274230957
2026-08-04T04:57:53.740000-04:00,12.094586372375488,0.11153548955917358,-11.983051300048828
2026-08-04T04:57:53.744000-04:00,12.102418899536133,0.11621203273534775,-11.986207008361816
2026-08-04T04:57:53.748000-04:00,12.090727806091309,0.1232268437743187,-11.967500686645508
2026-08-04T04:57:53.752000-04:00,12.093650817871094,0.12977400422096252,-11.963876724243164
2026-08-04T04:57:53.756000-04:00,12.098443984985352,0.11352302134037018,-11.984920501708984
2026-08-04T04:57:53.760000-04:00,12.10300350189209,0.12474671751260757,-11.978257179260254
2026-08-04T04:57:53.764000-04:00,12.087922096252441,0.10265006870031357,-11.985272407531738
2026-08-04T04:57:53.768000-04:00,12.093650817871094,0.09773969650268555,-11.99591064453125
2026-08-04T04:57:53.772000-04:00,12.089442253112793,0.10101327300071716,-11.988429069519043
2026-08-04T04:57:53.776000-04:00,12.107797622680664,0.10849574208259583,-11.99930191040039
2026-08-04T04:57:53.780000-04:00,12.1010160446167,0.10405302792787552,-11.996962547302246
2026-08-04T04:57:53.784000-04:00,12.09423542022705,0.0983242616057396,-11.995911598205566
2026-08-04T04:57:53.788000-04:00,12.083829879760742,0.08219020068645477,-12.001639366149902
2026-08-04T04:57:53.792000-04:00,12.094820022583008,0.09399846196174622,-12.000821113586426
2026-08-04T04:57:53.796000-04:00,12.09856128692627,0.08359315991401672,-12.014967918395996
2026-08-04T04:57:53.800000-04:00,12.097392082214355,0.07003119587898254,-12.027360916137695
2026-08-04T04:57:53.804000-04:00,12.095520973205566,0.07412316650152206,-12.021397590637207
2026-08-04T04:57:53.808000-04:00,12.091196060180664,0.07517538964748383,-12.016020774841309
2026-08-04T04:57:53.812000-04:00,12.099964141845703,0.07540921866893768,-12.024555206298828
2026-08-04T04:57:53.816000-04:00,12.097274780273438,0.07517538964748383,-12.022099494934082
2026-08-04T04:57:53.820000-04:00,12.091312408447266,0.05681996792554855,-12.034492492675781
2026-08-04T04:57:53.824000-04:00,12.087804794311523,0.04957133159041405,-12.038233757019043
2026-08-04T04:57:53.828000-04:00,12.078218460083008,0.05237725377082825,-12.025840759277344
2026-08-04T04:57:53.832000-04:00,12.080906867980957,0.05424787104129791,-12.02665901184082
2026-08-04T04:57:53.836000-04:00,12.099846839904785,0.049922071397304535,-12.049924850463867
2026-08-04T04:57:53.840000-04:00,12.088740348815918,0.04910367727279663,-12.039636611938477
2026-08-04T04:57:53.844000-04:00,12.070384979248047,0.042205777019262314,-12.028179168701172
2026-08-04T04:57:53.848000-04:00,12.068631172180176,0.04711614549160004,-12.021514892578125
2026-08-04T04:57:53.852000-04:00,12.091078758239746,0.039282940328121185,-12.051795959472656
2026-08-04T04:57:53.856000-04:00,12.079387664794922,0.0198752973228693,-12.0595121383667
2026-08-04T04:57:53.860000-04:00,12.079387664794922,0.023382702842354774,-12.056004524230957
2026-08-04T04:57:53.864000-04:00,12.08230972290039,0.050974290817976,-12.031335830688477
2026-08-04T04:57:53.868000-04:00,12.074828147888184,0.07061576098203659,-12.004212379455566
2026-08-04T04:57:53.872000-04:00,12.077400207519531,0.060561198741197586,-12.016839027404785
2026-08-04T04:57:53.876000-04:00,12.086752891540527,0.06114576756954193,-12.025607109069824
2026-08-04T04:57:53.880000-04:00,12.087688446044922,0.06991428136825562,-12.01777458190918
2026-08-04T04:57:53.884000-04:00,12.0844144821167,0.05576774477958679,-12.028646469116211
2026-08-04T04:57:53.888000-04:00,12.07178783416748,0.043024174869060516,-12.028763771057129
2026-08-04T04:57:53.892000-04:00,12.082894325256348,0.0369446687400341,-12.045949935913086
2026-08-04T04:57:53.896000-04:00,12.091546058654785,0.03308652341365814,-12.058459281921387
2026-08-04T04:57:53.900000-04:00,12.08663558959961,0.0481683686375618,-12.038467407226562
2026-08-04T04:57:53.904000-04:00,12.084063529968262,0.03554170951247215,-12.048521995544434
2026-08-04T04:57:53.908000-04:00,12.067111015319824,0.02642245404422283,-12.040688514709473
2026-08-04T04:57:53.912000-04:00,12.079504013061523,0.027007021009922028,-12.052496910095215
2026-08-04T04:57:53.916000-04:00,12.09423542022705,0.05202651396393776,-12.042208671569824
2026-08-04T04:57:53.920000-04:00,12.082894325256348,0.0417381227016449,-12.041155815124512
2026-08-04T04:57:53.924000-04:00,12.087688446044922,0.027474675327539444,-12.060214042663574
2026-08-04T04:57:53.928000-04:00,12.064773559570312,0.012392832897603512,-12.052380561828613
2026-08-04T04:57:53.932000-04:00,12.07810115814209,0.022096654400229454,-12.056004524230957
2026-08-04T04:57:53.936000-04:00,12.077984809875488,0.05296182259917259,-12.025023460388184
2026-08-04T04:57:53.940000-04:00,12.079737663269043,0.02653936855494976,-12.053197860717773
2026-08-04T04:57:53.944000-04:00,12.076815605163574,0.03624318912625313,-12.040572166442871
2026-08-04T04:57:53.948000-04:00,12.090611457824707,0.0574045367538929,-12.033206939697266
2026-08-04T04:57:53.952000-04:00,12.085466384887695,0.04150429740548134,-12.043962478637695
2026-08-04T04:57:53.956000-04:00,12.086519241333008,0.05763836205005646,-12.028881072998047
2026-08-04T04:57:53.960000-04:00,12.078685760498047,0.058106016367673874,-12.02057933807373
2026-08-04T04:57:53.964000-04:00,12.070502281188965,0.0517926849424839,-12.018709182739258
2026-08-04T04:57:53.968000-04:00,12.063720703125,0.041855037212371826,-12.021865844726562
2026-08-04T04:57:53.972000-04:00,12.074710845947266,0.045830097049474716,-12.028881072998047
2026-08-04T04:57:53.976000-04:00,12.070267677307129,0.05307873710989952,-12.017189025878906
2026-08-04T04:57:53.980000-04:00,12.074828147888184,0.07131724059581757,-12.003510475158691
2026-08-04T04:57:53.984000-04:00,12.061382293701172,0.062081076204776764,-11.999300956726074
2026-08-04T04:57:53.988000-04:00,12.070502281188965,0.042205777019262314,-12.02829647064209
2026-08-04T04:57:53.992000-04:00,12.074593544006348,0.04793453961610794,-12.02665901184082
2026-08-04T04:57:53.996000-04:00,12.077400207519531,0.07003119587898254,-12.007369041442871
2026-08-04T04:57:54-04:00,12.075529098510742,0.06360094994306564,-12.01192855834961
2026-08-04T04:57:54.004000-04:00,12.066526412963867,0.07120033353567123,-11.995326042175293
2026-08-04T04:57:54.008000-04:00,12.070502281188965,0.05717070773243904,-12.013331413269043
2026-08-04T04:57:54.012000-04:00,12.067930221557617,0.0630163848400116,-12.004914283752441
2026-08-04T04:57:54.016000-04:00,12.089675903320312,0.06862822920084,-12.021047592163086
2026-08-04T04:57:54.020000-04:00,12.094352722167969,0.07540921866893768,-12.018943786621094
2026-08-04T04:57:54.024000-04:00,12.071554183959961,0.05062355101108551,-12.020930290222168
2026-08-04T04:57:54.028000-04:00,12.065123558044434,0.045830097049474716,-12.019293785095215
2026-08-04T04:57:54.032000-04:00,12.067695617675781,0.04641466587781906,-12.021281242370605
2026-08-04T04:57:54.036000-04:00,12.07786750793457,0.052611082792282104,-12.025256156921387
2026-08-04T04:57:54.040000-04:00,12.065240859985352,0.04150429740548134,-12.023736953735352
2026-08-04T04:57:54.044000-04:00,12.064656257629395,0.052494168281555176,-12.012162208557129
2026-08-04T04:57:54.048000-04:00,12.066410064697266,0.03226812928915024,-12.034141540527344
2026-08-04T04:57:54.052000-04:00,12.068280220031738,0.04162121191620827,-12.02665901184082
2026-08-04T04:57:54.056000-04:00,12.06980037689209,0.035307880491018295,-12.034492492675781
2026-08-04T04:57:54.060000-04:00,12.077282905578613,0.05833984166383743,-12.018942832946777
2026-08-04T04:57:54.064000-04:00,12.073074340820312,0.05974280461668968,-12.013331413269043
2026-08-04T04:57:54.068000-04:00,12.084531784057617,0.066640704870224,-12.017890930175781
2026-08-04T04:57:54.072000-04:00,12.106511116027832,0.11410758644342422,-11.992403984069824
2026-08-04T04:57:54.076000-04:00,12.100899696350098,0.10849574208259583,-11.992403984069824
2026-08-04T04:57:54.080000-04:00,12.090494155883789,0.10510525107383728,-11.98538875579834
2026-08-04T04:57:54.084000-04:00,12.08394718170166,0.12872177362442017,-11.955224990844727
2026-08-04T04:57:54.088000-04:00,12.08640193939209,0.1240452378988266,-11.962356567382812
2026-08-04T04:57:54.092000-04:00,12.114578247070312,0.17934532463550568,-11.935233116149902
2026-08-04T04:57:54.096000-04:00,12.118786811828613,0.2103274166584015,-11.908459663391113
2026-08-04T04:57:54.100000-04:00,12.08195972442627,0.22587691247463226,-11.856082916259766
2026-08-04T04:57:54.104000-04:00,12.064538955688477,0.2055339515209198,-11.859004974365234
2026-08-04T04:57:54.108000-04:00,12.070502281188965,0.19851914048194885,-11.871983528137207
2026-08-04T04:57:54.112000-04:00,12.079387664794922,0.1979345828294754,-11.881453514099121
2026-08-04T04:57:54.116000-04:00,12.090611457824707,0.2075214833021164,-11.883090019226074
2026-08-04T04:57:54.120000-04:00,12.111772537231445,0.19407643377780914,-11.917695999145508
2026-08-04T04:57:54.124000-04:00,12.106744766235352,0.17291508615016937,-11.933829307556152
2026-08-04T04:57:54.128000-04:00,12.093884468078613,0.14158226549625397,-11.952301979064941
2026-08-04T04:57:54.132000-04:00,12.10031509399414,0.13234609365463257,-11.967968940734863
2026-08-04T04:57:54.136000-04:00,12.09832763671875,0.1240452378988266,-11.974282264709473
2026-08-04T04:57:54.140000-04:00,12.08640193939209,0.10931413620710373,-11.97708797454834
2026-08-04T04:57:54.144000-04:00,12.081491470336914,0.09563525766134262,-11.985856056213379
2026-08-04T04:57:54.148000-04:00,12.070618629455566,0.056469228118658066,-12.01414966583252
2026-08-04T04:57:54.152000-04:00,12.058109283447266,0.055417004972696304,-12.002692222595215
2026-08-04T04:57:54.156000-04:00,12.055419921875,0.04910367727279663,-12.006316184997559
2026-08-04T04:57:54.160000-04:00,12.047821044921875,0.03074825368821621,-12.017072677612305
2026-08-04T04:57:54.164000-04:00,12.047119140625,0.024902578443288803,-12.022216796875
2026-08-04T04:57:54.168000-04:00,12.04910659790039,0.015432584099471569,-12.033674240112305
2026-08-04T04:57:54.172000-04:00,12.054601669311523,0.017069373279809952,-12.037531852722168
2026-08-04T04:57:54.176000-04:00,12.067111015319824,0.026890108361840248,-12.040221214294434
2026-08-04T04:57:54.180000-04:00,12.058576583862305,0.01391270849853754,-12.044663429260254
2026-08-04T04:57:54.184000-04:00,12.046651840209961,0.006196416448801756,-12.04045581817627
2026-08-04T04:57:54.188000-04:00,12.035778999328613,0.009703821502625942,-12.02607536315918
2026-08-04T04:57:54.192000-04:00,12.037415504455566,-0.0021044432651251554,-12.039520263671875
2026-08-04T04:57:54.196000-04:00,12.045833587646484,-0.004091972950845957,-12.049925804138184
2026-08-04T04:57:54.200000-04:00,12.041156768798828,0.015198756940662861,-12.025958061218262
2026-08-04T04:57:54.204000-04:00,12.020462989807129,0.023382702842354774,-11.997079849243164
2026-08-04T04:57:54.208000-04:00,12.006549835205078,0.030982080847024918,-11.975567817687988
2026-08-04T04:57:54.212000-04:00,11.98959732055664,0.06523773819208145,-11.924359321594238
2026-08-04T04:57:54.216000-04:00,12.007485389709473,0.0823071151971817,-11.925178527832031
2026-08-04T04:57:54.220000-04:00,12.072606086730957,0.06640687584877014,-12.00619888305664
2026-08-04T04:57:54.224000-04:00,12.152575492858887,0.14438818395137787,-12.008187294006348
2026-08-04T04:57:54.228000-04:00,12.318592071533203,0.3934139609336853,-11.925178527832031
2026-08-04T04:57:54.232000-04:00,12.365825653076172,0.6766954064369202,-11.689129829406738
2026-08-04T04:57:54.236000-04:00,12.302926063537598,1.3463760614395142,-10.956549644470215
2026-08-04T04:57:54.240000-04:00,12.243300437927246,2.124201536178589,-10.119098663330078
2026-08-04T04:57:54.244000-04:00,12.188117027282715,2.434490203857422,-9.753626823425293
2026-08-04T04:57:54.248000-04:00,12.139715194702148,2.4648876190185547,-9.674827575683594
2026-08-04T04:57:54.252000-04:00,12.091546058654785,2.297701358795166,-9.793844223022461
2026-08-04T04:57:54.256000-04:00,12.064422607421875,1.604988694190979,-10.459433555603027
2026-08-04T04:57:54.260000-04:00,12.04910659790039,1.2203432321548462,-10.828763008117676
2026-08-04T04:57:54.264000-04:00,12.063019752502441,0.5938037633895874,-11.469216346740723
2026-08-04T04:57:54.268000-04:00,12.094352722167969,0.40685904026031494,-11.687493324279785
2026-08-04T04:57:54.272000-04:00,12.165903091430664,0.3726033568382263,-11.793299674987793
2026-08-04T04:57:54.276000-04:00,12.121125221252441,0.28877636790275574,-11.832348823547363
2026-08-04T04:57:54.280000-04:00,12.11270809173584,0.24902579188346863,-11.863682746887207
2026-08-04T04:57:54.284000-04:00,12.111655235290527,0.20261111855506897,-11.90904426574707
2026-08-04T04:57:54.288000-04:00,12.115396499633789,0.1839049607515335,-11.93149185180664
2026-08-04T04:57:54.292000-04:00,12.108498573303223,0.16028842329978943,-11.948209762573242
2026-08-04T04:57:54.296000-04:00,12.117734909057617,0.14941547811031342,-11.9683198928833
2026-08-04T04:57:54.300000-04:00,12.124632835388184,0.14906473457813263,-11.975567817687988
2026-08-04T04:57:54.304000-04:00,12.113175392150879,0.12673424184322357,-11.986441612243652
2026-08-04T04:57:54.308000-04:00,12.108147621154785,0.11784882098436356,-11.990299224853516
2026-08-04T04:57:54.312000-04:00,12.12124252319336,0.1321122646331787,-11.989130020141602
2026-08-04T04:57:54.316000-04:00,12.134570121765137,0.13912707567214966,-11.995443344116211
2026-08-04T04:57:54.320000-04:00,12.139364242553711,0.14602497220039368,-11.993339538574219
2026-08-04T04:57:54.324000-04:00,12.140298843383789,0.1581839770078659,-11.982114791870117
2026-08-04T04:57:54.328000-04:00,12.134804725646973,0.1590023785829544,-11.975802421569824
2026-08-04T04:57:54.332000-04:00,12.142637252807617,0.1649649739265442,-11.977672576904297
2026-08-04T04:57:54.336000-04:00,12.157135009765625,0.17759162187576294,-11.979543685913086
2026-08-04T04:57:54.340000-04:00,12.140298843383789,0.17314891517162323,-11.96714973449707
2026-08-04T04:57:54.344000-04:00,12.14181900024414,0.17969606816768646,-11.962122917175293
2026-08-04T04:57:54.348000-04:00,12.142637252807617,0.1782931089401245,-11.964344024658203
2026-08-04T04:57:54.352000-04:00,12.155030250549316,0.19173815846443176,-11.963292121887207
2026-08-04T04:57:54.356000-04:00,12.161460876464844,0.20845679938793182,-11.953003883361816
2026-08-04T04:57:54.360000-04:00,12.161811828613281,0.20775531232357025,-11.954056739807129
2026-08-04T04:57:54.364000-04:00,12.16882610321045,0.2183944433927536,-11.950431823730469
2026-08-04T04:57:54.368000-04:00,12.1620454788208,0.23113802075386047,-11.930907249450684
2026-08-04T04:57:54.372000-04:00,12.177010536193848,0.25113022327423096,-11.925880432128906
2026-08-04T04:57:54.376000-04:00,12.192676544189453,0.2678488492965698,-11.924827575683594
2026-08-04T04:57:54.380000-04:00,12.196417808532715,0.285736620426178,-11.910680770874023
2026-08-04T04:57:54.384000-04:00,12.19957447052002,0.30245524644851685,-11.897119522094727
2026-08-04T04:57:54.388000-04:00,12.205185890197754,0.3023383617401123,-11.902847290039062
2026-08-04T04:57:54.392000-04:00,12.219917297363281,0.32735782861709595,-11.892559051513672
2026-08-04T04:57:54.396000-04:00,12.23453140258789,0.3379969596862793,-11.896533966064453
2026-08-04T04:57:54.400000-04:00,12.243183135986328,0.3713173270225525,-11.871866226196289
2026-08-04T04:57:54.404000-04:00,12.246573448181152,0.38593152165412903,-11.860641479492188
2026-08-04T04:57:54.408000-04:00,12.254289627075195,0.4070928692817688,-11.847196578979492
2026-08-04T04:57:54.412000-04:00,12.284687042236328,0.4431022107601166,-11.841585159301758
2026-08-04T04:57:54.416000-04:00,12.303277015686035,0.4750196039676666,-11.82825756072998
2026-08-04T04:57:54.420000-04:00,12.318592071533203,0.5044817924499512,-11.814109802246094
2026-08-04T04:57:54.424000-04:00,12.325723648071289,0.5215511918067932,-11.80417251586914
2026-08-04T04:57:54.428000-04:00,12.348873138427734,0.5663290619850159,-11.782544136047363
2026-08-04T04:57:54.432000-04:00,12.370969772338867,0.5833984613418579,-11.78757095336914
2026-08-04T04:57:54.436000-04:00,12.399613380432129,0.6239674091339111,-11.775646209716797
2026-08-04T04:57:54.440000-04:00,12.412590980529785,0.6709666848182678,-11.741623878479004
2026-08-04T04:57:54.444000-04:00,12.417384147644043,0.6866330504417419,-11.730751037597656
2026-08-04T04:57:54.448000-04:00,12.431647300720215,0.7042869925498962,-11.727360725402832
2026-08-04T04:57:54.452000-04:00,12.439129829406738,0.7197195887565613,-11.719409942626953
2026-08-04T04:57:54.456000-04:00,12.453861236572266,0.7575995922088623,-11.696261405944824
2026-08-04T04:57:54.460000-04:00,12.45257568359375,0.7737336158752441,-11.678842544555664
2026-08-04T04:57:54.464000-04:00,12.45280933380127,0.772915244102478,-11.67989444732666
2026-08-04T04:57:54.468000-04:00,12.451640129089355,0.7765395641326904,-11.675100326538086
2026-08-04T04:57:54.472000-04:00,12.445209503173828,0.7734997868537903,-11.671710014343262
2026-08-04T04:57:54.476000-04:00,12.445911407470703,0.7674202919006348,-11.678491592407227
2026-08-04T04:57:54.480000-04:00,12.426854133605957,0.7561966180801392,-11.67065715789795
2026-08-04T04:57:54.484000-04:00,12.397625923156738,0.7088466286659241,-11.6887788772583
2026-08-04T04:57:54.488000-04:00,12.386168479919434,0.6949339509010315,-11.691234588623047
2026-08-04T04:57:54.492000-04:00,12.366994857788086,0.6560017466545105,-11.710992813110352
2026-08-04T04:57:54.496000-04:00,12.354952812194824,0.6337881684303284,-11.72116470336914
2026-08-04T04:57:54.500000-04:00,12.313916206359863,0.5826969742774963,-11.731219291687012
2026-08-04T04:57:54.504000-04:00,12.280829429626465,0.5116135478019714,-11.76921558380127
2026-08-04T04:57:54.508000-04:00,12.257797241210938,0.4653157889842987,-11.792481422424316
2026-08-04T04:57:54.512000-04:00,12.232661247253418,0.4038192629814148,-11.828842163085938
2026-08-04T04:57:54.516000-04:00,12.211149215698242,0.3696805238723755,-11.841468811035156
2026-08-04T04:57:54.520000-04:00,12.184609413146973,0.3355417847633362,-11.849067687988281
2026-08-04T04:57:54.524000-04:00,12.15842056274414,0.2983632981777191,-11.86005687713623
2026-08-04T04:57:54.528000-04:00,12.1454439163208,0.25919726490974426,-11.886246681213379
2026-08-04T04:57:54.532000-04:00,12.132466316223145,0.23031961917877197,-11.902146339416504
2026-08-04T04:57:54.536000-04:00,12.122528076171875,0.20331260561943054,-11.919215202331543
2026-08-04T04:57:54.540000-04:00,12.117267608642578,0.1682385504245758,-11.949028968811035
2026-08-04T04:57:54.544000-04:00,12.09832763671875,0.16250978410243988,-11.93581771850586
2026-08-04T04:57:54.548000-04:00,12.090143203735352,0.1397116482257843,-11.950431823730469
2026-08-04T04:57:54.552000-04:00,12.09423542022705,0.1405300498008728,-11.953705787658691
2026-08-04T04:57:54.556000-04:00,12.088623046875,0.1436867117881775,-11.944936752319336
2026-08-04T04:57:54.560000-04:00,12.085232734680176,0.13982856273651123,-11.945404052734375
2026-08-04T04:57:54.564000-04:00,12.068280220031738,0.12451289594173431,-11.943767547607422
2026-08-04T04:57:54.568000-04:00,12.06535816192627,0.12591585516929626,-11.93944263458252
2026-08-04T04:57:54.572000-04:00,12.07833480834961,0.13094313442707062,-11.947391510009766
2026-08-04T04:57:54.576000-04:00,12.073892593383789,0.12334375828504562,-11.950549125671387
2026-08-04T04:57:54.580000-04:00,12.072839736938477,0.12895560264587402,-11.943883895874023
2026-08-04T04:57:54.584000-04:00,12.058927536010742,0.1240452378988266,-11.934882164001465
2026-08-04T04:57:54.588000-04:00,12.059394836425781,0.11375685036182404,-11.945637702941895
2026-08-04T04:57:54.592000-04:00,12.064538955688477,0.1083788275718689,-11.956160545349121
2026-08-04T04:57:54.596000-04:00,12.06933307647705,0.12275919318199158,-11.946574211120605
2026-08-04T04:57:54.600000-04:00,12.062317848205566,0.1260327696800232,-11.936285018920898
2026-08-04T04:57:54.604000-04:00,12.051562309265137,0.13386596739292145,-11.917695999145508
2026-08-04T04:57:54.608000-04:00,12.062084197998047,0.11855030059814453,-11.943533897399902
2026-08-04T04:57:54.612000-04:00,12.05740737915039,0.10802808403968811,-11.949378967285156
2026-08-04T04:57:54.616000-04:00,12.072957038879395,0.12357758730649948,-11.949379920959473
2026-08-04T04:57:54.620000-04:00,12.066059112548828,0.15140299499034882,-11.914655685424805
2026-08-04T04:57:54.624000-04:00,12.058225631713867,0.15035077929496765,-11.907875061035156
2026-08-04T04:57:54.628000-04:00,12.057291030883789,0.15689793229103088,-11.90039348602295
2026-08-04T04:57:54.632000-04:00,12.064656257629395,0.14824633300304413,-11.916409492492676
2026-08-04T04:57:54.636000-04:00,12.074477195739746,0.15035077929496765,-11.924126625061035
2026-08-04T04:57:54.640000-04:00,12.079854965209961,0.16847237944602966,-11.911382675170898
2026-08-04T04:57:54.644000-04:00,12.062084197998047,0.15350744128227234,-11.908576965332031
2026-08-04T04:57:54.648000-04:00,12.063838005065918,0.17794236540794373,-11.885895729064941
2026-08-04T04:57:54.652000-04:00,12.078803062438965,0.17841002345085144,-11.90039348602295
2026-08-04T04:57:54.656000-04:00,12.083829879760742,0.18565866351127625,-11.898171424865723
2026-08-04T04:57:54.660000-04:00,12.073541641235352,0.18098211288452148,-11.892559051513672
2026-08-04T04:57:54.664000-04:00,12.066410064697266,0.19021828472614288,-11.876192092895508
2026-08-04T04:57:54.668000-04:00,12.073775291442871,0.1898675411939621,-11.883907318115234
2026-08-04T04:57:54.672000-04:00,12.077400207519531,0.19583013653755188,-11.881569862365723
2026-08-04T04:57:54.676000-04:00,12.086519241333008,0.19583013653755188,-11.8906888961792
2026-08-04T04:57:54.680000-04:00,12.080205917358398,0.19501173496246338,-11.885193824768066
2026-08-04T04:57:54.684000-04:00,12.081024169921875,0.2043648213148117,-11.876659393310547
2026-08-04T04:57:54.688000-04:00,12.076581001281738,0.1962977945804596,-11.88028335571289
2026-08-04T04:57:54.692000-04:00,12.091663360595703,0.19816841185092926,-11.893494606018066
2026-08-04T04:57:54.696000-04:00,12.097509384155273,0.20401407778263092,-11.893495559692383
2026-08-04T04:57:54.700000-04:00,12.091663360595703,0.1991037130355835,-11.892560005187988
2026-08-04T04:57:54.704000-04:00,12.081024169921875,0.19922062754631042,-11.881803512573242
2026-08-04T04:57:54.708000-04:00,12.081375122070312,0.18355421721935272,-11.897820472717285
2026-08-04T04:57:54.712000-04:00,12.094001770019531,0.20284494757652283,-11.891157150268555
2026-08-04T04:57:54.716000-04:00,12.100431442260742,0.21465320885181427,-11.885778427124023
2026-08-04T04:57:54.720000-04:00,12.089909553527832,0.20658618211746216,-11.883323669433594
2026-08-04T04:57:54.724000-04:00,12.0927152633667,0.19968828558921814,-11.893027305603027
2026-08-04T04:57:54.728000-04:00,12.085350036621094,0.17817619442939758,-11.907174110412598
2026-08-04T04:57:54.732000-04:00,12.083596229553223,0.17677323520183563,-11.90682315826416
2026-08-04T04:57:54.736000-04:00,12.09224796295166,0.17116138339042664,-11.921086311340332
2026-08-04T04:57:54.740000-04:00,12.092364311218262,0.17724089324474335,-11.915122985839844
2026-08-04T04:57:54.744000-04:00,12.077516555786133,0.17396730184555054,-11.903549194335938
2026-08-04T04:57:54.748000-04:00,12.077400207519531,0.1677708923816681,-11.909628868103027
2026-08-04T04:57:54.752000-04:00,12.080439567565918,0.16894002258777618,-11.911499977111816
2026-08-04T04:57:54.756000-04:00,12.085116386413574,0.17151212692260742,-11.913604736328125
2026-08-04T04:57:54.760000-04:00,12.083362579345703,0.17174595594406128,-11.911616325378418
2026-08-04T04:57:54.764000-04:00,12.068864822387695,0.16648484766483307,-11.902379989624023
2026-08-04T04:57:54.768000-04:00,12.073424339294434,0.1492985635995865,-11.924125671386719
2026-08-04T04:57:54.772000-04:00,12.074126243591309,0.15350744128227234,-11.920619010925293
2026-08-04T04:57:54.776000-04:00,12.07786750793457,0.16426348686218262,-11.913603782653809
2026-08-04T04:57:54.780000-04:00,12.066176414489746,0.1601715087890625,-11.906004905700684
2026-08-04T04:57:54.784000-04:00,12.062435150146484,0.1593531221151352,-11.903081893920898
2026-08-04T04:57:54.788000-04:00,12.063838005065918,0.14742794632911682,-11.916410446166992
2026-08-04T04:57:54.792000-04:00,12.060681343078613,0.1517537385225296,-11.908927917480469
2026-08-04T04:57:54.796000-04:00,12.069215774536133,0.16286052763462067,-11.906354904174805
2026-08-04T04:57:54.800000-04:00,12.067930221557617,0.15198756754398346,-11.915942192077637
2026-08-04T04:57:54.804000-04:00,12.057173728942871,0.13632115721702576,-11.920852661132812
2026-08-04T04:57:54.808000-04:00,12.060564041137695,0.12743572890758514,-11.933128356933594
2026-08-04T04:57:54.812000-04:00,12.07003402709961,0.13515202701091766,-11.934882164001465
2026-08-04T04:57:54.816000-04:00,12.066059112548828,0.14181609451770782,-11.924242973327637
2026-08-04T04:57:54.820000-04:00,12.066292762756348,0.138893261551857,-11.927399635314941
2026-08-04T04:57:54.824000-04:00,12.05740737915039,0.13106004893779755,-11.926347732543945
2026-08-04T04:57:54.828000-04:00,12.056121826171875,0.13421671092510223,-11.921905517578125
2026-08-04T04:57:54.832000-04:00,12.063604354858398,0.12977400422096252,-11.933830261230469
2026-08-04T04:57:54.836000-04:00,12.070618629455566,0.1477786749601364,-11.922840118408203
2026-08-04T04:57:54.840000-04:00,12.063720703125,0.13959473371505737,-11.924125671386719
2026-08-04T04:57:54.844000-04:00,12.056589126586914,0.13561967015266418,-11.920969009399414
2026-08-04T04:57:54.848000-04:00,12.061382293701172,0.13468436896800995,-11.926697731018066
2026-08-04T04:57:54.852000-04:00,12.066292762756348,0.13257992267608643,-11.93371295928955
2026-08-04T04:57:54.856000-04:00,12.062786102294922,0.12813721597194672,-11.934648513793945
2026-08-04T04:57:54.860000-04:00,12.061966896057129,0.11901795864105225,-11.942949295043945
2026-08-04T04:57:54.864000-04:00,12.052847862243652,0.1212393119931221,-11.931608200073242
2026-08-04T04:57:54.868000-04:00,12.048054695129395,0.11457524448633194,-11.933479309082031
2026-08-04T04:57:54.872000-04:00,12.051445007324219,0.12030400335788727,-11.931140899658203
2026-08-04T04:57:54.876000-04:00,12.060096740722656,0.1324630081653595,-11.927633285522461
2026-08-04T04:57:54.880000-04:00,12.056121826171875,0.12696807086467743,-11.929153442382812
2026-08-04T04:57:54.884000-04:00,12.049457550048828,0.1284879446029663,-11.92096996307373
2026-08-04T04:57:54.888000-04:00,12.051912307739258,0.11539363861083984,-11.936518669128418
2026-08-04T04:57:54.892000-04:00,12.05565357208252,0.11983635276556015,-11.935816764831543
2026-08-04T04:57:54.896000-04:00,12.065474510192871,0.12392832338809967,-11.941546440124512
2026-08-04T04:57:54.900000-04:00,12.051912307739258,0.12825413048267365,-11.92365837097168
2026-08-04T04:57:54.904000-04:00,12.049223899841309,0.13070930540561676,-11.918514251708984
2026-08-04T04:57:54.908000-04:00,12.043728828430176,0.11212006211280823,-11.931609153747559
2026-08-04T04:57:54.912000-04:00,12.054718971252441,0.12018708884716034,-11.934532165527344
2026-08-04T04:57:54.916000-04:00,12.058576583862305,0.12346067279577255,-11.935115814208984
2026-08-04T04:57:54.920000-04:00,12.0513277053833,0.1148090735077858,-11.936518669128418
2026-08-04T04:57:54.924000-04:00,12.047470092773438,0.1167965978384018,-11.930673599243164
2026-08-04T04:57:54.928000-04:00,12.043728828430176,0.11223697662353516,-11.93149185180664
2026-08-04T04:57:54.932000-04:00,12.054835319519043,0.11784882098436356,-11.936986923217773
2026-08-04T04:57:54.936000-04:00,12.058927536010742,0.12439598143100739,-11.934531211853027
2026-08-04T04:57:54.940000-04:00,12.05904483795166,0.1304754763841629,-11.928569793701172
2026-08-04T04:57:54.944000-04:00,12.042559623718262,0.1167965978384018,-11.925763130187988
2026-08-04T04:57:54.948000-04:00,12.048171043395996,0.1256820261478424,-11.922489166259766
2026-08-04T04:57:54.952000-04:00,12.056004524230957,0.13070930540561676,-11.925294876098633
2026-08-04T04:57:54.956000-04:00,12.0596284866333,0.1349181979894638,-11.924710273742676
2026-08-04T04:57:54.960000-04:00,12.060213088989258,0.13713955879211426,-11.923073768615723
2026-08-04T04:57:54.964000-04:00,12.052380561828613,0.11995326727628708,-11.932427406311035
2026-08-04T04:57:54.968000-04:00,12.047586441040039,0.13117696344852448,-11.916409492492676
2026-08-04T04:57:54.972000-04:00,12.044429779052734,0.12954017519950867,-11.914889335632324
2026-08-04T04:57:54.976000-04:00,12.052847862243652,0.12392832338809967,-11.928919792175293
2026-08-04T04:57:54.980000-04:00,12.046651840209961,0.13035856187343597,-11.916293144226074
2026-08-04T04:57:54.984000-04:00,12.040338516235352,0.11971943825483322,-11.920619010925293
2026-08-04T04:57:54.988000-04:00,12.041156768798828,0.12217462062835693,-11.91898250579834
2026-08-04T04:57:54.992000-04:00,12.050042152404785,0.12533128261566162,-11.924711227416992
2026-08-04T04:57:54.996000-04:00,12.055770874023438,0.1453235000371933,-11.910447120666504
2026-08-04T04:57:55-04:00,12.045716285705566,0.13222917914390564,-11.913487434387207
2026-08-04T04:57:55.004000-04:00,12.045014381408691,0.13024164736270905,-11.914772987365723
2026-08-04T04:57:55.008000-04:00,12.063838005065918,0.13538585603237152,-11.928452491760254
2026-08-04T04:57:55.012000-04:00,12.087922096252441,0.16660176217556,-11.921319961547852
2026-08-04T04:57:55.016000-04:00,12.091196060180664,0.18916606903076172,-11.902029991149902
2026-08-04T04:57:55.020000-04:00,12.066526412963867,0.17969606816768646,-11.88683032989502
2026-08-04T04:57:55.024000-04:00,12.062084197998047,0.20600160956382751,-11.856082916259766
2026-08-04T04:57:55.028000-04:00,12.074243545532227,0.20845679938793182,-11.8657865524292
2026-08-04T04:57:55.032000-04:00,12.11738395690918,0.2625877559185028,-11.854796409606934
2026-08-04T04:57:55.036000-04:00,12.114227294921875,0.2833983600139618,-11.830828666687012
2026-08-04T04:57:55.040000-04:00,12.071320533752441,0.3083009421825409,-11.763019561767578
2026-08-04T04:57:55.044000-04:00,12.049924850463867,0.2753313183784485,-11.774593353271484
2026-08-04T04:57:55.048000-04:00,12.057291030883789,0.25592368841171265,-11.80136775970459
2026-08-04T04:57:55.052000-04:00,12.065942764282227,0.2565082609653473,-11.80943489074707
2026-08-04T04:57:55.056000-04:00,12.072021484375,0.2669135630130768,-11.805108070373535
2026-08-04T04:57:55.060000-04:00,12.0761137008667,0.2625877559185028,-11.813526153564453
2026-08-04T04:57:55.064000-04:00,12.086050987243652,0.24785664677619934,-11.838193893432617
2026-08-04T04:57:55.068000-04:00,12.08640193939209,0.21512086689472198,-11.871280670166016
2026-08-04T04:57:55.072000-04:00,12.087688446044922,0.18764619529247284,-11.900042533874512
2026-08-04T04:57:55.076000-04:00,12.080205917358398,0.18320347368717194,-11.897002220153809
2026-08-04T04:57:55.080000-04:00,12.066526412963867,0.1713952124118805,-11.89513111114502
2026-08-04T04:57:55.084000-04:00,12.055537223815918,0.1646142303943634,-11.890922546386719
2026-08-04T04:57:55.088000-04:00,12.044780731201172,0.13597041368484497,-11.90881061553955
2026-08-04T04:57:55.092000-04:00,12.039285659790039,0.1139906793832779,-11.925294876098633
2026-08-04T04:57:55.096000-04:00,12.039285659790039,0.11235388368368149,-11.926931381225586
2026-08-04T04:57:55.100000-04:00,12.022801399230957,0.0935308113694191,-11.92927074432373
2026-08-04T04:57:55.104000-04:00,12.014500617980957,0.08908809721469879,-11.92541217803955
2026-08-04T04:57:55.108000-04:00,12.019060134887695,0.07856588065624237,-11.940494537353516
2026-08-04T04:57:55.112000-04:00,12.020696640014648,0.07529230415821075,-11.945404052734375
2026-08-04T04:57:55.116000-04:00,12.032271385192871,0.08908809721469879,-11.943182945251465
2026-08-04T04:57:55.120000-04:00,12.015786170959473,0.07155106961727142,-11.944234848022461
2026-08-04T04:57:55.124000-04:00,12.011811256408691,0.06956353783607483,-11.94224739074707
2026-08-04T04:57:55.128000-04:00,12.016488075256348,0.050038982182741165,-11.966448783874512
2026-08-04T04:57:55.132000-04:00,12.011110305786133,0.06126268208026886,-11.949847221374512
2026-08-04T04:57:55.136000-04:00,12.017890930175781,0.06968045234680176,-11.948210716247559
2026-08-04T04:57:55.140000-04:00,12.005615234375,0.0710834190249443,-11.934532165527344
2026-08-04T04:57:55.144000-04:00,11.996027946472168,0.05845675617456436,-11.93757152557373
2026-08-04T04:57:55.148000-04:00,11.99123477935791,0.06441934406757355,-11.926815032958984
2026-08-04T04:57:55.152000-04:00,11.978959083557129,0.07844896614551544,-11.90050983428955
2026-08-04T04:57:55.156000-04:00,11.961071014404297,0.12556511163711548,-11.835505485534668
2026-08-04T04:57:55.160000-04:00,11.989714622497559,0.13187845051288605,-11.85783576965332
2026-08-04T04:57:55.164000-04:00,12.073190689086914,0.1293063461780548,-11.943883895874023
2026-08-04T04:57:55.168000-04:00,12.234415054321289,0.3033905625343323,-11.931024551391602
2026-08-04T04:57:55.172000-04:00,12.372957229614258,0.5050663948059082,-11.867891311645508
2026-08-04T04:57:55.176000-04:00,12.360564231872559,1.0149261951446533,-11.345638275146484
2026-08-04T04:57:55.180000-04:00,12.303043365478516,1.519057273864746,-10.78398609161377
2026-08-04T04:57:55.184000-04:00,12.2034330368042,2.2372570037841797,-9.96617603302002
2026-08-04T04:57:55.188000-04:00,12.160992622375488,2.443843126296997,-9.71714973449707
2026-08-04T04:57:55.192000-04:00,12.11937141418457,2.4418556690216064,-9.677515983581543
2026-08-04T04:57:55.196000-04:00,12.063253402709961,2.156703472137451,-9.906549453735352
2026-08-04T04:57:55.200000-04:00,11.989480972290039,1.451715111732483,-10.537765502929688
2026-08-04T04:57:55.204000-04:00,11.97264575958252,0.8953236937522888,-11.077322006225586
2026-08-04T04:57:55.208000-04:00,12.004679679870605,0.5402573347091675,-11.464422225952148
2026-08-04T04:57:55.212000-04:00,12.093533515930176,0.419018030166626,-11.674515724182129
2026-08-04T04:57:55.216000-04:00,12.136557579040527,0.38406088948249817,-11.752496719360352
2026-08-04T04:57:55.220000-04:00,12.073892593383789,0.3160172402858734,-11.757875442504883
2026-08-04T04:57:55.224000-04:00,12.081375122070312,0.277786523103714,-11.8035888671875
2026-08-04T04:57:55.228000-04:00,12.09423542022705,0.2678488492965698,-11.826386451721191
2026-08-04T04:57:55.232000-04:00,12.097625732421875,0.23172257840633392,-11.8659029006958
2026-08-04T04:57:55.236000-04:00,12.099496841430664,0.2272798717021942,-11.872217178344727
2026-08-04T04:57:55.240000-04:00,12.089909553527832,0.19641470909118652,-11.893494606018066
2026-08-04T04:57:55.244000-04:00,12.099496841430664,0.1718628704547882,-11.927634239196777
2026-08-04T04:57:55.248000-04:00,12.099846839904785,0.17197978496551514,-11.92786693572998
2026-08-04T04:57:55.252000-04:00,12.098093032836914,0.18448951840400696,-11.913603782653809
2026-08-04T04:57:55.256000-04:00,12.106160163879395,0.1911536008119583,-11.915006637573242
2026-08-04T04:57:55.260000-04:00,12.112006187438965,0.1906859427690506,-11.921319961547852
2026-08-04T04:57:55.264000-04:00,12.115747451782227,0.18448951840400696,-11.931258201599121
2026-08-04T04:57:55.268000-04:00,12.115045547485352,0.19851914048194885,-11.916526794433594
2026-08-04T04:57:55.272000-04:00,12.128140449523926,0.20775531232357025,-11.920385360717773
2026-08-04T04:57:55.276000-04:00,12.130828857421875,0.22166801989078522,-11.909160614013672
2026-08-04T04:57:55.280000-04:00,12.13176441192627,0.22985196113586426,-11.901912689208984
2026-08-04T04:57:55.284000-04:00,12.133869171142578,0.2200312316417694,-11.913838386535645
2026-08-04T04:57:55.288000-04:00,12.133635520935059,0.22821517288684845,-11.905420303344727
2026-08-04T04:57:55.292000-04:00,12.158304214477539,0.24189406633377075,-11.916410446166992
2026-08-04T04:57:55.296000-04:00,12.158304214477539,0.2492596060037613,-11.90904426574707
2026-08-04T04:57:55.300000-04:00,12.140533447265625,0.23756825923919678,-11.902965545654297
2026-08-04T04:57:55.304000-04:00,12.156082153320312,0.2540530562400818,-11.902029037475586
2026-08-04T04:57:55.308000-04:00,12.159707069396973,0.2508963942527771,-11.90881061553955
2026-08-04T04:57:55.312000-04:00,12.175841331481934,0.2713562548160553,-11.904484748840332
2026-08-04T04:57:55.316000-04:00,12.181336402893066,0.2835152745246887,-11.897821426391602
2026-08-04T04:57:55.320000-04:00,12.178413391113281,0.2894778549671173,-11.888935089111328
2026-08-04T04:57:55.324000-04:00,12.192091941833496,0.30724871158599854,-11.884842872619629
2026-08-04T04:57:55.328000-04:00,12.202613830566406,0.32770857214927673,-11.874905586242676
2026-08-04T04:57:55.332000-04:00,12.223541259765625,0.34583017230033875,-11.877711296081543
2026-08-04T04:57:55.336000-04:00,12.2200345993042,0.35588473081588745,-11.864150047302246
2026-08-04T04:57:55.340000-04:00,12.237688064575195,0.3826579451560974,-11.855030059814453
2026-08-04T04:57:55.344000-04:00,12.243300437927246,0.38990655541419983,-11.8533935546875
2026-08-04T04:57:55.348000-04:00,12.255927085876465,0.41808271408081055,-11.837844848632812
2026-08-04T04:57:55.352000-04:00,12.272879600524902,0.43772420287132263,-11.835155487060547
2026-08-04T04:57:55.356000-04:00,12.298951148986816,0.47279825806617737,-11.826152801513672
2026-08-04T04:57:55.360000-04:00,12.30620002746582,0.49197205901145935,-11.814228057861328
2026-08-04T04:57:55.364000-04:00,12.330985069274902,0.5410757660865784,-11.789909362792969
2026-08-04T04:57:55.368000-04:00,12.348522186279297,0.5749806761741638,-11.773541450500488
2026-08-04T04:57:55.372000-04:00,12.373659133911133,0.5941544771194458,-11.779504776000977
2026-08-04T04:57:55.376000-04:00,12.39891242980957,0.6405691504478455,-11.758343696594238
2026-08-04T04:57:55.380000-04:00,12.40721321105957,0.6475839614868164,-11.759629249572754
2026-08-04T04:57:55.384000-04:00,12.416448593139648,0.6923618316650391,-11.72408676147461
2026-08-04T04:57:55.388000-04:00,12.441351890563965,0.7224085927009583,-11.71894359588623
2026-08-04T04:57:55.392000-04:00,12.458420753479004,0.743686854839325,-11.714734077453613
2026-08-04T04:57:55.396000-04:00,12.467657089233398,0.7727982997894287,-11.69485855102539
2026-08-04T04:57:55.400000-04:00,12.478880882263184,0.7899845838546753,-11.688896179199219
2026-08-04T04:57:55.404000-04:00,12.476191520690918,0.8127827644348145,-11.663408279418945
2026-08-04T04:57:55.408000-04:00,12.472801208496094,0.804248034954071,-11.668553352355957
2026-08-04T04:57:55.412000-04:00,12.479581832885742,0.7982854843139648,-11.681296348571777
2026-08-04T04:57:55.416000-04:00,12.479231834411621,0.8028451204299927,-11.676386833190918
2026-08-04T04:57:55.420000-04:00,12.458420753479004,0.7846065759658813,-11.673813819885254
2026-08-04T04:57:55.424000-04:00,12.432700157165527,0.7549105882644653,-11.677789688110352
2026-08-04T04:57:55.428000-04:00,12.418437004089355,0.7386595606803894,-11.679777145385742
2026-08-04T04:57:55.432000-04:00,12.390494346618652,0.716446042060852,-11.67404842376709
2026-08-04T04:57:55.436000-04:00,12.37915325164795,0.6906081438064575,-11.688545227050781
2026-08-04T04:57:55.440000-04:00,12.340338706970215,0.6321513652801514,-11.708187103271484
2026-08-04T04:57:55.444000-04:00,12.314032554626465,0.5801248550415039,-11.733907699584961
2026-08-04T04:57:55.448000-04:00,12.283284187316895,0.5199143886566162,-11.7633695602417
2026-08-04T04:57:55.452000-04:00,12.262707710266113,0.4864771366119385,-11.776230812072754
2026-08-04T04:57:55.456000-04:00,12.241312980651855,0.4471941888332367,-11.794118881225586
2026-08-04T04:57:55.460000-04:00,12.21617603302002,0.4047545790672302,-11.811421394348145
2026-08-04T04:57:55.464000-04:00,12.177711486816406,0.3556509017944336,-11.822060585021973
2026-08-04T04:57:55.468000-04:00,12.163448333740234,0.30900242924690247,-11.854445457458496
2026-08-04T04:57:55.472000-04:00,12.160758972167969,0.2821123003959656,-11.878646850585938
2026-08-04T04:57:55.476000-04:00,12.143105506896973,0.24703826010227203,-11.89606761932373
2026-08-04T04:57:55.480000-04:00,12.124165534973145,0.22739678621292114,-11.896768569946289
2026-08-04T04:57:55.484000-04:00,12.097625732421875,0.18741236627101898,-11.910213470458984
2026-08-04T04:57:55.488000-04:00,12.101366996765137,0.18004681169986725,-11.921319961547852
2026-08-04T04:57:55.492000-04:00,12.097392082214355,0.1621590405702591,-11.935233116149902
2026-08-04T04:57:55.496000-04:00,12.091429710388184,0.14625880122184753,-11.945171356201172
2026-08-04T04:57:55.500000-04:00,12.075762748718262,0.12790338695049286,-11.947859764099121
2026-08-04T04:57:55.504000-04:00,12.07178783416748,0.11457524448633194,-11.957212448120117
2026-08-04T04:57:55.508000-04:00,12.068514823913574,0.1136399358510971,-11.954874992370605
2026-08-04T04:57:55.512000-04:00,12.0761137008667,0.11270462721586227,-11.963409423828125
2026-08-04T04:57:55.516000-04:00,12.067111015319824,0.1176149919629097,-11.949496269226074
2026-08-04T04:57:55.520000-04:00,12.060681343078613,0.10510525107383728,-11.955575942993164
2026-08-04T04:57:55.524000-04:00,12.054835319519043,0.10101327300071716,-11.953822135925293
2026-08-04T04:57:55.528000-04:00,12.055303573608398,0.10732660442590714,-11.947977066040039
2026-08-04T04:57:55.532000-04:00,12.066410064697266,0.10662512481212616,-11.959784507751465
2026-08-04T04:57:55.536000-04:00,12.062201499938965,0.09692130237817764,-11.965280532836914
2026-08-04T04:57:55.540000-04:00,12.063604354858398,0.09247858822345734,-11.971125602722168
2026-08-04T04:57:55.544000-04:00,12.05296516418457,0.0971551313996315,-11.955809593200684
2026-08-04T04:57:55.548000-04:00,12.068748474121094,0.08780205249786377,-11.98094654083252
2026-08-04T04:57:55.552000-04:00,12.06757926940918,0.10300080478191376,-11.964578628540039
2026-08-04T04:57:55.556000-04:00,12.072489738464355,0.14076386392116547,-11.93172550201416
2026-08-04T04:57:55.560000-04:00,12.065240859985352,0.1176149919629097,-11.947626113891602
2026-08-04T04:57:55.564000-04:00,12.061148643493652,0.12229153513908386,-11.938857078552246
2026-08-04T04:57:55.568000-04:00,12.069683074951172,0.13456745445728302,-11.935115814208984
2026-08-04T04:57:55.572000-04:00,12.082427024841309,0.14684337377548218,-11.93558406829834
2026-08-04T04:57:55.576000-04:00,12.079153060913086,0.14883090555667877,-11.93032169342041
2026-08-04T04:57:55.580000-04:00,12.074944496154785,0.1561964601278305,-11.918747901916504
2026-08-04T04:57:55.584000-04:00,12.08195972442627,0.15444275736808777,-11.92751693725586
2026-08-04T04:57:55.588000-04:00,12.081375122070312,0.15140299499034882,-11.929971694946289
2026-08-04T04:57:55.592000-04:00,12.088273048400879,0.1585347205400467,-11.92973804473877
2026-08-04T04:57:55.596000-04:00,12.101250648498535,0.17162904143333435,-11.929621696472168
2026-08-04T04:57:55.600000-04:00,12.08371353149414,0.1733827441930771,-11.910330772399902
2026-08-04T04:57:55.604000-04:00,12.080790519714355,0.1629774421453476,-11.917813301086426
2026-08-04T04:57:55.608000-04:00,12.087454795837402,0.16531570255756378,-11.922139167785645
2026-08-04T04:57:55.612000-04:00,12.095170974731445,0.1682385504245758,-11.926932334899902
2026-08-04T04:57:55.616000-04:00,12.101600646972656,0.18238508701324463,-11.919215202331543
2026-08-04T04:57:55.620000-04:00,12.088506698608398,0.18039755523204803,-11.908108711242676
2026-08-04T04:57:55.624000-04:00,12.090143203735352,0.17162904143333435,-11.918514251708984
2026-08-04T04:57:55.628000-04:00,12.095287322998047,0.17934532463550568,-11.915942192077637
2026-08-04T04:57:55.632000-04:00,12.102185249328613,0.16929076611995697,-11.932894706726074
2026-08-04T04:57:55.636000-04:00,12.107329368591309,0.17525336146354675,-11.932076454162598
2026-08-04T04:57:55.640000-04:00,12.100197792053223,0.17443495988845825,-11.925763130187988
2026-08-04T04:57:55.644000-04:00,12.090961456298828,0.1685892939567566,-11.922371864318848
2026-08-04T04:57:55.648000-04:00,12.092832565307617,0.16005459427833557,-11.932778358459473
2026-08-04T04:57:55.652000-04:00,12.096573829650879,0.14742794632911682,-11.949146270751953
2026-08-04T04:57:55.656000-04:00,12.094001770019531,0.15678101778030396,-11.937220573425293
2026-08-04T04:57:55.660000-04:00,12.091546058654785,0.160989910364151,-11.930556297302246
2026-08-04T04:57:55.664000-04:00,12.080673217773438,0.1542089283466339,-11.926464080810547
2026-08-04T04:57:55.668000-04:00,12.0844144821167,0.15222139656543732,-11.9321928024292
2026-08-04T04:57:55.672000-04:00,12.099379539489746,0.14625880122184753,-11.953121185302734
2026-08-04T04:57:55.676000-04:00,12.093299865722656,0.14988312125205994,-11.943416595458984
2026-08-04T04:57:55.680000-04:00,12.080556869506836,0.14193300902843475,-11.938623428344727
2026-08-04T04:57:55.684000-04:00,12.08394718170166,0.14228375256061554,-11.94166374206543
2026-08-04T04:57:55.688000-04:00,12.083011627197266,0.14158226549625397,-11.941429138183594
2026-08-04T04:57:55.692000-04:00,12.09026050567627,0.1397116482257843,-11.950549125671387
2026-08-04T04:57:55.696000-04:00,12.082544326782227,0.13141079246997833,-11.951133728027344
2026-08-04T04:57:55.700000-04:00,12.082427024841309,0.13737337291240692,-11.945054054260254
2026-08-04T04:57:55.704000-04:00,12.078803062438965,0.11855030059814453,-11.96025276184082
2026-08-04T04:57:55.708000-04:00,12.069099426269531,0.10872957110404968,-11.960370063781738
2026-08-04T04:57:55.712000-04:00,12.083362579345703,0.11574438214302063,-11.967617988586426
2026-08-04T04:57:55.716000-04:00,12.092130661010742,0.12007018178701401,-11.972060203552246
2026-08-04T04:57:55.720000-04:00,12.083362579345703,0.11188623309135437,-11.971476554870605
2026-08-04T04:57:55.724000-04:00,12.072138786315918,0.11083400994539261,-11.961304664611816
2026-08-04T04:57:55.728000-04:00,12.076931953430176,0.11212006211280823,-11.964812278747559
2026-08-04T04:57:55.732000-04:00,12.085700988769531,0.10978178679943085,-11.975918769836426
2026-08-04T04:57:55.736000-04:00,12.083011627197266,0.1212393119931221,-11.961771965026855
2026-08-04T04:57:55.740000-04:00,12.080906867980957,0.10896339267492294,-11.971943855285645
2026-08-04T04:57:55.744000-04:00,12.07178783416748,0.10370228439569473,-11.968085289001465
2026-08-04T04:57:55.748000-04:00,12.068397521972656,0.08943884074687958,-11.978959083557129
2026-08-04T04:57:55.752000-04:00,12.078803062438965,0.09481685608625412,-11.983985900878906
2026-08-04T04:57:55.756000-04:00,12.081257820129395,0.12088857591152191,-11.960369110107422
2026-08-04T04:57:55.760000-04:00,12.076231002807617,0.10229932516813278,-11.973931312561035
2026-08-04T04:57:55.764000-04:00,12.065240859985352,0.0899064913392067,-11.975334167480469
2026-08-04T04:57:55.768000-04:00,12.070618629455566,0.09294624626636505,-11.977672576904297
2026-08-04T04:57:55.772000-04:00,12.074710845947266,0.08838661760091782,-11.986324310302734
2026-08-04T04:57:55.776000-04:00,12.075061798095703,0.10229932516813278,-11.972762107849121
2026-08-04T04:57:55.780000-04:00,12.070735931396484,0.08359315991401672,-11.987142562866211
2026-08-04T04:57:55.784000-04:00,12.06173324584961,0.07973501831293106,-11.981998443603516
2026-08-04T04:57:55.788000-04:00,12.070502281188965,0.09084179997444153,-11.979660034179688
2026-08-04T04:57:55.792000-04:00,12.073775291442871,0.07915044575929642,-11.994625091552734
2026-08-04T04:57:55.796000-04:00,12.070151329040527,0.0879189595580101,-11.982232093811035
2026-08-04T04:57:55.800000-04:00,12.071671485900879,0.08733439445495605,-11.984336853027344
2026-08-04T04:57:55.804000-04:00,12.060914993286133,0.08815278857946396,-11.972762107849121
2026-08-04T04:57:55.808000-04:00,12.067930221557617,0.09399846196174622,-11.973931312561035
2026-08-04T04:57:55.812000-04:00,12.078569412231445,0.09388155490159988,-11.984687805175781
2026-08-04T04:57:55.816000-04:00,12.076581001281738,0.10206549614667892,-11.974515914916992
2026-08-04T04:57:55.820000-04:00,12.067111015319824,0.088737353682518,-11.978373527526855
2026-08-04T04:57:55.824000-04:00,12.064773559570312,0.088737353682518,-11.976036071777344
2026-08-04T04:57:55.828000-04:00,12.066410064697266,0.09446612000465393,-11.971943855285645
2026-08-04T04:57:55.832000-04:00,12.068514823913574,0.0899064913392067,-11.978608131408691
2026-08-04T04:57:55.836000-04:00,12.072021484375,0.09341389685869217,-11.978607177734375
2026-08-04T04:57:55.840000-04:00,12.068748474121094,0.09166019409894943,-11.97708797454834
2026-08-04T04:57:55.844000-04:00,12.064773559570312,0.09423229098320007,-11.970541000366211
2026-08-04T04:57:55.848000-04:00,12.088506698608398,0.10171476006507874,-11.986791610717773
2026-08-04T04:57:55.852000-04:00,12.096105575561523,0.12942326068878174,-11.966682434082031
2026-08-04T04:57:55.856000-04:00,12.101133346557617,0.15327361226081848,-11.947859764099121
2026-08-04T04:57:55.860000-04:00,12.081024169921875,0.1585347205400467,-11.922489166259766
2026-08-04T04:57:55.864000-04:00,12.082193374633789,0.16321127116680145,-11.91898250579834
2026-08-04T04:57:55.868000-04:00,12.093884468078613,0.1694076806306839,-11.924476623535156
2026-08-04T04:57:55.872000-04:00,12.113877296447754,0.19279038906097412,-11.921087265014648
2026-08-04T04:57:55.876000-04:00,12.11294174194336,0.24867504835128784,-11.864266395568848
2026-08-04T04:57:55.880000-04:00,12.090845108032227,0.2632892429828644,-11.827555656433105
2026-08-04T04:57:55.884000-04:00,12.05904483795166,0.24318011105060577,-11.815864562988281
2026-08-04T04:57:55.888000-04:00,12.065825462341309,0.22938431799411774,-11.836441040039062
2026-08-04T04:57:55.892000-04:00,12.086519241333008,0.2513640522956848,-11.835155487060547
2026-08-04T04:57:55.896000-04:00,12.09026050567627,0.25393614172935486,-11.836324691772461
2026-08-04T04:57:55.900000-04:00,12.09493637084961,0.24715517461299896,-11.84778118133545
2026-08-04T04:57:55.904000-04:00,12.093768119812012,0.2043648213148117,-11.889403343200684
2026-08-04T04:57:55.908000-04:00,12.099613189697266,0.1951286494731903,-11.904484748840332
2026-08-04T04:57:55.912000-04:00,12.093066215515137,0.17034299671649933,-11.922722816467285
2026-08-04T04:57:55.916000-04:00,12.103354454040527,0.1718628704547882,-11.93149185180664
2026-08-04T04:57:55.920000-04:00,12.088740348815918,0.15830089151859283,-11.930438995361328
2026-08-04T04:57:55.924000-04:00,12.072723388671875,0.12591585516929626,-11.946807861328125
2026-08-04T04:57:55.928000-04:00,12.066643714904785,0.088737353682518,-11.977906227111816
2026-08-04T04:57:55.932000-04:00,12.058225631713867,0.08359315991401672,-11.974632263183594
2026-08-04T04:57:55.936000-04:00,12.051445007324219,0.07809823006391525,-11.973346710205078
2026-08-04T04:57:55.940000-04:00,12.041624069213867,0.06126268208026886,-11.980360984802246
2026-08-04T04:57:55.944000-04:00,12.044196128845215,0.04968824237585068,-11.994507789611816
2026-08-04T04:57:55.948000-04:00,12.04080581665039,0.04758379980921745,-11.9932222366333
2026-08-04T04:57:55.952000-04:00,12.055537223815918,0.048636022955179214,-12.006900787353516
2026-08-04T04:57:55.956000-04:00,12.045598983764648,0.050155896693468094,-11.995443344116211
2026-08-04T04:57:55.960000-04:00,12.054484367370605,0.03495714068412781,-12.019527435302734
2026-08-04T04:57:55.964000-04:00,12.03858470916748,0.0389322005212307,-11.999652862548828
2026-08-04T04:57:55.968000-04:00,12.042559623718262,0.04314108565449715,-11.999418258666992
2026-08-04T04:57:55.972000-04:00,12.042092323303223,0.03986750915646553,-12.002224922180176
2026-08-04T04:57:55.976000-04:00,12.037531852722168,0.047233060002326965,-11.990299224853516
2026-08-04T04:57:55.980000-04:00,12.045014381408691,0.04407639428973198,-12.000938415527344
2026-08-04T04:57:55.984000-04:00,12.033791542053223,0.03367109224200249,-12.000120162963867
2026-08-04T04:57:55.988000-04:00,12.027828216552734,0.04653158038854599,-11.98129653930664
2026-08-04T04:57:55.992000-04:00,11.997314453125,0.07120033353567123,-11.926114082336426
2026-08-04T04:57:55.996000-04:00,12.000704765319824,0.11539363861083984,-11.885311126708984
2026-08-04T04:57:56-04:00,12.035661697387695,0.10054562240839005,-11.935115814208984
2026-08-04T04:57:56.004000-04:00,12.124165534973145,0.11176931858062744,-12.012395858764648
2026-08-04T04:57:56.008000-04:00,12.231374740600586,0.2360483855009079,-11.995326042175293
2026-08-04T04:57:56.012000-04:00,12.444391250610352,0.5520656108856201,-11.892325401306152
2026-08-04T04:57:56.016000-04:00,12.44649600982666,0.926422655582428,-11.520072937011719
2026-08-04T04:57:56.020000-04:00,12.341390609741211,1.6916216611862183,-10.649768829345703
2026-08-04T04:57:56.024000-04:00,12.283401489257812,2.154482126235962,-10.12891960144043
2026-08-04T04:57:56.028000-04:00,12.198638916015625,2.4342563152313232,-9.764382362365723
2026-08-04T04:57:56.032000-04:00,12.15222454071045,2.385620355606079,-9.76660442352295
2026-08-04T04:57:56.036000-04:00,12.091546058654785,2.0179271697998047,-10.07361888885498
2026-08-04T04:57:56.040000-04:00,12.017072677612305,1.3194859027862549,-10.697587013244629
2026-08-04T04:57:56.044000-04:00,11.991819381713867,0.9390493631362915,-11.052769660949707
2026-08-04T04:57:56.048000-04:00,12.058109283447266,0.4841388463973999,-11.573970794677734
2026-08-04T04:57:56.052000-04:00,12.120891571044922,0.4158613681793213,-11.70503044128418
2026-08-04T04:57:56.056000-04:00,12.154913902282715,0.3544817864894867,-11.800432205200195
2026-08-04T04:57:56.060000-04:00,12.098093032836914,0.2738114595413208,-11.824281692504883
2026-08-04T04:57:56.064000-04:00,12.106160163879395,0.2368667721748352,-11.869293212890625
2026-08-04T04:57:56.068000-04:00,12.11937141418457,0.2179267853498459,-11.901444435119629
2026-08-04T04:57:56.072000-04:00,12.127906799316406,0.1926734745502472,-11.935233116149902
2026-08-04T04:57:56.076000-04:00,12.120073318481445,0.20062358677387238,-11.919449806213379
2026-08-04T04:57:56.080000-04:00,12.113526344299316,0.16847237944602966,-11.945054054260254
2026-08-04T04:57:56.084000-04:00,12.110603332519531,0.15643027424812317,-11.95417308807373
2026-08-04T04:57:56.088000-04:00,12.118319511413574,0.15689793229103088,-11.961421966552734
2026-08-04T04:57:56.092000-04:00,12.12322998046875,0.16356199979782104,-11.959668159484863
2026-08-04T04:57:56.096000-04:00,12.12907600402832,0.177474707365036,-11.951601028442383
2026-08-04T04:57:56.100000-04:00,12.12100887298584,0.1646142303943634,-11.95639419555664
2026-08-04T04:57:56.104000-04:00,12.126620292663574,0.18039755523204803,-11.946222305297852
2026-08-04T04:57:56.108000-04:00,12.133400917053223,0.19372569024562836,-11.939675331115723
2026-08-04T04:57:56.112000-04:00,12.146612167358398,0.20506630837917328,-11.941545486450195
2026-08-04T04:57:56.116000-04:00,12.151406288146973,0.2192128449678421,-11.932193756103516
2026-08-04T04:57:56.120000-04:00,12.141118049621582,0.21932975947856903,-11.921788215637207
2026-08-04T04:57:56.124000-04:00,12.140416145324707,0.21547161042690277,-11.924944877624512
2026-08-04T04:57:56.128000-04:00,12.147431373596191,0.22213567793369293,-11.92529582977295
2026-08-04T04:57:56.132000-04:00,12.16835880279541,0.2432970255613327,-11.92506217956543
2026-08-04T04:57:56.136000-04:00,12.167540550231934,0.25346848368644714,-11.914072036743164
2026-08-04T04:57:56.140000-04:00,12.16029167175293,0.25381922721862793,-11.906472206115723
2026-08-04T04:57:56.144000-04:00,12.162395477294922,0.26153552532196045,-11.900859832763672
2026-08-04T04:57:56.148000-04:00,12.175724029541016,0.28164464235305786,-11.894079208374023
2026-08-04T04:57:56.152000-04:00,12.181570053100586,0.277786523103714,-11.903783798217773
2026-08-04T04:57:56.156000-04:00,12.187883377075195,0.29041317105293274,-11.897470474243164
2026-08-04T04:57:56.160000-04:00,12.182037353515625,0.31625106930732727,-11.8657865524292
2026-08-04T04:57:56.164000-04:00,12.191624641418457,0.31823858618736267,-11.87338638305664
2026-08-04T04:57:56.168000-04:00,12.196651458740234,0.3515589237213135,-11.8450927734375
2026-08-04T04:57:56.172000-04:00,12.2117338180542,0.352377325296402,-11.859356880187988
2026-08-04T04:57:56.176000-04:00,12.22447681427002,0.37634459137916565,-11.848132133483887
2026-08-04T04:57:56.180000-04:00,12.23055648803711,0.39364778995513916,-11.836908340454102
2026-08-04T04:57:56.184000-04:00,12.241312980651855,0.41691359877586365,-11.8243989944458
2026-08-04T04:57:56.188000-04:00,12.250432014465332,0.43573665618896484,-11.814695358276367
2026-08-04T04:57:56.192000-04:00,12.280244827270508,0.460522323846817,-11.819722175598145
2026-08-04T04:57:56.196000-04:00,12.289363861083984,0.4989868700504303,-11.790376663208008
2026-08-04T04:57:56.200000-04:00,12.296846389770508,0.5268123149871826,-11.770033836364746
2026-08-04T04:57:56.204000-04:00,12.315552711486816,0.5520656108856201,-11.763486862182617
2026-08-04T04:57:56.208000-04:00,12.33379077911377,0.5767343640327454,-11.75705623626709
2026-08-04T04:57:56.212000-04:00,12.372489929199219,0.6190570592880249,-11.753433227539062
2026-08-04T04:57:56.216000-04:00,12.375411987304688,0.658807635307312,-11.716604232788086
2026-08-04T04:57:56.220000-04:00,12.390610694885254,0.7006626725196838,-11.689948081970215
2026-08-04T04:57:56.224000-04:00,12.392599105834961,0.7026501893997192,-11.689949035644531
2026-08-04T04:57:56.228000-04:00,12.420540809631348,0.740997850894928,-11.679542541503906
2026-08-04T04:57:56.232000-04:00,12.436675071716309,0.776656448841095,-11.660018920898438
2026-08-04T04:57:56.236000-04:00,12.448015213012695,0.7884647250175476,-11.659550666809082
2026-08-04T04:57:56.240000-04:00,12.443339347839355,0.8131334781646729,-11.630206108093262
2026-08-04T04:57:56.244000-04:00,12.441819190979004,0.8164070844650269,-11.625411987304688
2026-08-04T04:57:56.248000-04:00,12.44672966003418,0.8261108994483948,-11.62061882019043
2026-08-04T04:57:56.252000-04:00,12.450704574584961,0.8224865794181824,-11.628217697143555
2026-08-04T04:57:56.256000-04:00,12.437259674072266,0.8286829590797424,-11.608576774597168
2026-08-04T04:57:56.260000-04:00,12.417267799377441,0.8001561164855957,-11.617111206054688
2026-08-04T04:57:56.264000-04:00,12.394820213317871,0.7666019201278687,-11.628218650817871
2026-08-04T04:57:56.268000-04:00,12.382894515991211,0.7456743717193604,-11.63722038269043
2026-08-04T04:57:56.272000-04:00,12.373074531555176,0.7134062647819519,-11.65966796875
2026-08-04T04:57:56.276000-04:00,12.33577823638916,0.6545987725257874,-11.68117904663086
2026-08-04T04:57:56.280000-04:00,12.300236701965332,0.6114577054977417,-11.6887788772583
2026-08-04T04:57:56.284000-04:00,12.281647682189941,0.5427125096321106,-11.738935470581055
2026-08-04T04:57:56.288000-04:00,12.258381843566895,0.5020266175270081,-11.756355285644531
2026-08-04T04:57:56.292000-04:00,12.238740921020508,0.45070159435272217,-11.788039207458496
2026-08-04T04:57:56.296000-04:00,12.208577156066895,0.39972731471061707,-11.808850288391113
2026-08-04T04:57:56.300000-04:00,12.181920051574707,0.36582237482070923,-11.816097259521484
2026-08-04T04:57:56.304000-04:00,12.153276443481445,0.3115745186805725,-11.84170150756836
2026-08-04T04:57:56.308000-04:00,12.143572807312012,0.2907639145851135,-11.852808952331543
2026-08-04T04:57:56.312000-04:00,12.141118049621582,0.2573266327381134,-11.883790969848633
2026-08-04T04:57:56.316000-04:00,12.128607749938965,0.24107566475868225,-11.887532234191895
2026-08-04T04:57:56.320000-04:00,12.106511116027832,0.18893224000930786,-11.91757869720459
2026-08-04T04:57:56.324000-04:00,12.092948913574219,0.17197978496551514,-11.920969009399414
2026-08-04T04:57:56.328000-04:00,12.077282905578613,0.15502731502056122,-11.922255516052246
2026-08-04T04:57:56.332000-04:00,12.08371353149414,0.14228375256061554,-11.94143009185791
2026-08-04T04:57:56.336000-04:00,12.081491470336914,0.1469602882862091,-11.934531211853027
2026-08-04T04:57:56.340000-04:00,12.062435150146484,0.1293063461780548,-11.933128356933594
2026-08-04T04:57:56.344000-04:00,12.053081512451172,0.13456745445728302,-11.918514251708984
2026-08-04T04:57:56.348000-04:00,12.053081512451172,0.1268511563539505,-11.926230430603027
2026-08-04T04:57:56.352000-04:00,12.060213088989258,0.12112239748239517,-11.939090728759766
2026-08-04T04:57:56.356000-04:00,12.058693885803223,0.1272018998861313,-11.93149185180664
2026-08-04T04:57:56.360000-04:00,12.045833587646484,0.11515980958938599,-11.930673599243164
2026-08-04T04:57:56.364000-04:00,12.047119140625,0.11071709543466568,-11.936402320861816
2026-08-04T04:57:56.368000-04:00,12.046534538269043,0.10896339267492294,-11.93757152557373
2026-08-04T04:57:56.372000-04:00,12.055303573608398,0.11515980958938599,-11.940143585205078
2026-08-04T04:57:56.376000-04:00,12.048521995544434,0.11574438214302063,-11.932777404785156
2026-08-04T04:57:56.380000-04:00,12.043962478637695,0.11995326727628708,-11.924009323120117
2026-08-04T04:57:56.384000-04:00,12.042208671569824,0.12509745359420776,-11.91711139678955
2026-08-04T04:57:56.388000-04:00,12.04466438293457,0.12264227867126465,-11.922021865844727
2026-08-04T04:57:56.392000-04:00,12.065942764282227,0.13515202701091766,-11.930790901184082
2026-08-04T04:57:56.396000-04:00,12.055537223815918,0.13515202701091766,-11.920385360717773
2026-08-04T04:57:56.400000-04:00,12.054017066955566,0.14240066707134247,-11.911616325378418
2026-08-04T04:57:56.404000-04:00,12.050626754760742,0.13760720193386078,-11.913019180297852
2026-08-04T04:57:56.408000-04:00,12.058225631713867,0.14076386392116547,-11.917461395263672
2026-08-04T04:57:56.412000-04:00,12.071554183959961,0.16484805941581726,-11.906705856323242
2026-08-04T04:57:56.416000-04:00,12.07365894317627,0.17314891517162323,-11.90050983428955
2026-08-04T04:57:56.420000-04:00,12.073074340820312,0.17279817163944244,-11.900276184082031
2026-08-04T04:57:56.424000-04:00,12.065474510192871,0.16800472140312195,-11.897469520568848
2026-08-04T04:57:56.428000-04:00,12.06395435333252,0.17992989718914032,-11.884024620056152
2026-08-04T04:57:56.432000-04:00,12.06933307647705,0.1718628704547882,-11.897470474243164
2026-08-04T04:57:56.436000-04:00,12.076347351074219,0.19091977179050446,-11.885427474975586
2026-08-04T04:57:56.440000-04:00,12.070502281188965,0.18928298354148865,-11.881218910217285
2026-08-04T04:57:56.444000-04:00,12.073074340820312,0.19571322202682495,-11.877361297607422
2026-08-04T04:57:56.448000-04:00,12.074944496154785,0.19103668630123138,-11.88390827178955
2026-08-04T04:57:56.452000-04:00,12.090727806091309,0.18682779371738434,-11.903900146484375
2026-08-04T04:57:56.456000-04:00,12.08593463897705,0.194310262799263,-11.891624450683594
2026-08-04T04:57:56.460000-04:00,12.081491470336914,0.2010912448167801,-11.880400657653809
2026-08-04T04:57:56.464000-04:00,12.08195972442627,0.20003902912139893,-11.88192081451416
2026-08-04T04:57:56.468000-04:00,12.08418083190918,0.20331260561943054,-11.880867958068848
2026-08-04T04:57:56.472000-04:00,12.090376853942871,0.20120815932750702,-11.889168739318848
2026-08-04T04:57:56.476000-04:00,12.089091300964355,0.20307877659797668,-11.886012077331543
2026-08-04T04:57:56.480000-04:00,12.083011627197266,0.19571322202682495,-11.887298583984375
2026-08-04T04:57:56.484000-04:00,12.080556869506836,0.1903351992368698,-11.89022159576416
2026-08-04T04:57:56.488000-04:00,12.079036712646484,0.18659396469593048,-11.89244270324707
2026-08-04T04:57:56.492000-04:00,12.084531784057617,0.1931411176919937,-11.891390800476074
2026-08-04T04:57:56.496000-04:00,12.083011627197266,0.18121594190597534,-11.901795387268066
2026-08-04T04:57:56.500000-04:00,12.07564640045166,0.16274361312389374,-11.91290283203125
2026-08-04T04:57:56.504000-04:00,12.069917678833008,0.15479348599910736,-11.91512393951416
2026-08-04T04:57:56.508000-04:00,12.073424339294434,0.1674201488494873,-11.906003952026367
2026-08-04T04:57:56.512000-04:00,12.07833480834961,0.16964150965213776,-11.908693313598633
2026-08-04T04:57:56.516000-04:00,12.077400207519531,0.16274361312389374,-11.914656639099121
2026-08-04T04:57:56.520000-04:00,12.070267677307129,0.15724867582321167,-11.913019180297852
2026-08-04T04:57:56.524000-04:00,12.059863090515137,0.14660954475402832,-11.913253784179688
2026-08-04T04:57:56.528000-04:00,12.062317848205566,0.15748250484466553,-11.90483570098877
2026-08-04T04:57:56.532000-04:00,12.072372436523438,0.1521044820547104,-11.920268058776855
2026-08-04T04:57:56.536000-04:00,12.07003402709961,0.15303978323936462,-11.916994094848633
2026-08-04T04:57:56.540000-04:00,12.072372436523438,0.13865943253040314,-11.93371295928955
2026-08-04T04:57:56.544000-04:00,12.073892593383789,0.13620424270629883,-11.937688827514648
2026-08-04T04:57:56.548000-04:00,12.078569412231445,0.1280203014612198,-11.950549125671387
2026-08-04T04:57:56.552000-04:00,12.083362579345703,0.13865943253040314,-11.944703102111816
2026-08-04T04:57:56.556000-04:00,12.070267677307129,0.14240066707134247,-11.92786693572998
2026-08-04T04:57:56.560000-04:00,12.062551498413086,0.13035856187343597,-11.9321928024292
2026-08-04T04:57:56.564000-04:00,12.065942764282227,0.1400623917579651,-11.925880432128906
2026-08-04T04:57:56.568000-04:00,12.072957038879395,0.14403745532035828,-11.928919792175293
2026-08-04T04:57:56.572000-04:00,12.06933307647705,0.13632115721702576,-11.933012008666992
2026-08-04T04:57:56.576000-04:00,12.055419921875,0.127669557929039,-11.927750587463379
2026-08-04T04:57:56.580000-04:00,12.057875633239746,0.1284879446029663,-11.929388046264648
2026-08-04T04:57:56.584000-04:00,12.063253402709961,0.1405300498008728,-11.922723770141602
2026-08-04T04:57:56.588000-04:00,12.074126243591309,0.14240066707134247,-11.93172550201416
2026-08-04T04:57:56.592000-04:00,12.068748474121094,0.1433359682559967,-11.92541217803955
2026-08-04T04:57:56.596000-04:00,12.062902450561523,0.13667190074920654,-11.926230430603027
2026-08-04T04:57:56.600000-04:00,12.05319881439209,0.13222917914390564,-11.92096996307373
2026-08-04T04:57:56.604000-04:00,12.046418190002441,0.11878412961959839,-11.927634239196777
2026-08-04T04:57:56.608000-04:00,12.041741371154785,0.10931413620710373,-11.932427406311035
2026-08-04T04:57:56.612000-04:00,12.054952621459961,0.12439598143100739,-11.930556297302246
2026-08-04T04:57:56.616000-04:00,12.053899765014648,0.12287610024213791,-11.931023597717285
2026-08-04T04:57:56.620000-04:00,12.056940078735352,0.1240452378988266,-11.932894706726074
2026-08-04T04:57:56.624000-04:00,12.054250717163086,0.10966487973928452,-11.944585800170898
2026-08-04T04:57:56.628000-04:00,12.058576583862305,0.11621203273534775,-11.942364692687988
2026-08-04T04:57:56.632000-04:00,12.057991981506348,0.1139906793832779,-11.944001197814941
2026-08-04T04:57:56.636000-04:00,12.06173324584961,0.12112239748239517,-11.940610885620117
2026-08-04T04:57:56.640000-04:00,12.050509452819824,0.11866721510887146,-11.931841850280762
2026-08-04T04:57:56.644000-04:00,12.051562309265137,0.11539363861083984,-11.936168670654297
2026-08-04T04:57:56.648000-04:00,12.056355476379395,0.10627438127994537,-11.950080871582031
2026-08-04T04:57:56.652000-04:00,12.063019752502441,0.11819956451654434,-11.944820404052734
2026-08-04T04:57:56.656000-04:00,12.066994667053223,0.1164458617568016,-11.950549125671387
2026-08-04T04:57:56.660000-04:00,12.058693885803223,0.11445832997560501,-11.944235801696777
2026-08-04T04:57:56.664000-04:00,12.054134368896484,0.11071709543466568,-11.9434175491333
2026-08-04T04:57:56.668000-04:00,12.054250717163086,0.09809044003486633,-11.956160545349121
2026-08-04T04:57:56.672000-04:00,12.066643714904785,0.09961031377315521,-11.967033386230469
2026-08-04T04:57:56.676000-04:00,12.063253402709961,0.11621203273534775,-11.947041511535645
2026-08-04T04:57:56.680000-04:00,12.067111015319824,0.12147314101457596,-11.945637702941895
2026-08-04T04:57:56.684000-04:00,12.07786750793457,0.14111460745334625,-11.936753273010254
2026-08-04T04:57:56.688000-04:00,12.08230972290039,0.17478570342063904,-11.907524108886719
2026-08-04T04:57:56.692000-04:00,12.079036712646484,0.17010916769504547,-11.908927917480469
2026-08-04T04:57:56.696000-04:00,12.065240859985352,0.17876076698303223,-11.886480331420898
2026-08-04T04:57:56.700000-04:00,12.061148643493652,0.18799692392349243,-11.873151779174805
2026-08-04T04:57:56.704000-04:00,12.086870193481445,0.2215511053800583,-11.86531925201416
2026-08-04T04:57:56.708000-04:00,12.09026050567627,0.2528839409351349,-11.837376594543457
2026-08-04T04:57:56.712000-04:00,12.072372436523438,0.2774357795715332,-11.794937133789062
2026-08-04T04:57:56.716000-04:00,12.060681343078613,0.276149719953537,-11.784531593322754
2026-08-04T04:57:56.720000-04:00,12.05518627166748,0.26106786727905273,-11.794118881225586
2026-08-04T04:57:56.724000-04:00,12.060681343078613,0.2729930579662323,-11.787688255310059
2026-08-04T04:57:56.728000-04:00,12.063253402709961,0.2653936743736267,-11.797860145568848
2026-08-04T04:57:56.732000-04:00,12.094586372375488,0.2726423144340515,-11.821944236755371
2026-08-04T04:57:56.736000-04:00,12.09832763671875,0.24844121932983398,-11.849885940551758
2026-08-04T04:57:56.740000-04:00,12.090845108032227,0.22424012422561646,-11.866604804992676
2026-08-04T04:57:56.744000-04:00,12.081141471862793,0.19501173496246338,-11.886129379272461
2026-08-04T04:57:56.748000-04:00,12.079036712646484,0.18682779371738434,-11.89220905303955
2026-08-04T04:57:56.752000-04:00,12.087571144104004,0.18916606903076172,-11.898405075073242
2026-08-04T04:57:56.756000-04:00,12.067930221557617,0.16157448291778564,-11.906355857849121
2026-08-04T04:57:56.760000-04:00,12.063838005065918,0.13269683718681335,-11.931140899658203
2026-08-04T04:57:56.764000-04:00,12.04466438293457,0.10405302792787552,-11.940610885620117
2026-08-04T04:57:56.768000-04:00,12.041857719421387,0.10335154831409454,-11.938506126403809
2026-08-04T04:57:56.772000-04:00,12.0347261428833,0.09411537647247314,-11.940610885620117
2026-08-04T04:57:56.776000-04:00,12.037766456604004,0.09364772588014603,-11.94411849975586
2026-08-04T04:57:56.780000-04:00,12.034258842468262,0.08943884074687958,-11.944820404052734
2026-08-04T04:57:56.784000-04:00,12.029114723205566,0.06780983507633209,-11.961304664611816
2026-08-04T04:57:56.788000-04:00,12.033674240112305,0.0766952633857727,-11.956978797912598
2026-08-04T04:57:56.792000-04:00,12.039520263671875,0.06687452644109726,-11.97264575958252
2026-08-04T04:57:56.796000-04:00,12.040338516235352,0.06991428136825562,-11.97042465209961
2026-08-04T04:57:56.800000-04:00,12.034141540527344,0.05717070773243904,-11.976970672607422
2026-08-04T04:57:56.804000-04:00,12.029699325561523,0.04968824237585068,-11.980010986328125
2026-08-04T04:57:56.808000-04:00,12.031920433044434,0.055300090461969376,-11.9766206741333
2026-08-04T04:57:56.812000-04:00,12.036246299743652,0.06827749311923981,-11.967968940734863
2026-08-04T04:57:56.816000-04:00,12.034375190734863,0.06827749311923981,-11.966097831726074
2026-08-04T04:57:56.820000-04:00,12.021748542785645,0.07529230415821075,-11.946455955505371
2026-08-04T04:57:56.824000-04:00,11.98737621307373,0.07447391003370285,-11.912901878356934
2026-08-04T04:57:56.828000-04:00,11.976386070251465,0.10943105071783066,-11.866954803466797
2026-08-04T04:57:56.832000-04:00,12.022099494934082,0.13433362543582916,-11.887765884399414
2026-08-04T04:57:56.836000-04:00,12.059979438781738,0.11527672410011292,-11.944703102111816
2026-08-04T04:57:56.840000-04:00,12.181803703308105,0.21909593045711517,-11.96270751953125
2026-08-04T04:57:56.844000-04:00,12.31941032409668,0.38686680793762207,-11.932543754577637
2026-08-04T04:57:56.848000-04:00,12.414344787597656,0.8192129731178284,-11.595131874084473
2026-08-04T04:57:56.852000-04:00,12.363019943237305,1.2743573188781738,-11.088663101196289
2026-08-04T04:57:56.856000-04:00,12.286675453186035,2.0429468154907227,-10.243728637695312
2026-08-04T04:57:56.860000-04:00,12.180167198181152,2.4597434997558594,-9.720423698425293
2026-08-04T04:57:56.864000-04:00,12.159940719604492,2.4876856803894043,-9.67225456237793
2026-08-04T04:57:56.868000-04:00,12.074243545532227,2.190725326538086,-9.88351821899414
2026-08-04T04:57:56.872000-04:00,12.072489738464355,1.7109123468399048,-10.361577033996582
2026-08-04T04:57:56.876000-04:00,12.031920433044434,1.1189792156219482,-10.912940979003906
2026-08-04T04:57:56.880000-04:00,12.029932975769043,0.7114187479019165,-11.318513870239258
2026-08-04T04:57:56.884000-04:00,12.106277465820312,0.4508185088634491,-11.6554594039917
2026-08-04T04:57:56.888000-04:00,12.157602310180664,0.41738125681877136,-11.74022102355957
2026-08-04T04:57:56.892000-04:00,12.127087593078613,0.3686283230781555,-11.758459091186523
2026-08-04T04:57:56.896000-04:00,12.104757308959961,0.2890101969242096,-11.815747261047363
2026-08-04T04:57:56.900000-04:00,12.10639476776123,0.27194082736968994,-11.834453582763672
2026-08-04T04:57:56.904000-04:00,12.11469554901123,0.23476234078407288,-11.87993335723877
2026-08-04T04:57:56.908000-04:00,12.116449356079102,0.23838666081428528,-11.87806224822998
2026-08-04T04:57:56.912000-04:00,12.1093168258667,0.2035464346408844,-11.905770301818848
2026-08-04T04:57:56.916000-04:00,12.109667778015137,0.19781766831874847,-11.911849975585938
2026-08-04T04:57:56.920000-04:00,12.120540618896484,0.20682001113891602,-11.913721084594727
2026-08-04T04:57:56.924000-04:00,12.124165534973145,0.203897163271904,-11.920268058776855
2026-08-04T04:57:56.928000-04:00,12.126152992248535,0.1962977945804596,-11.929855346679688
2026-08-04T04:57:56.932000-04:00,12.126620292663574,0.19442717730998993,-11.9321928024292
2026-08-04T04:57:56.936000-04:00,12.122411727905273,0.20576778054237366,-11.916644096374512
2026-08-04T04:57:56.940000-04:00,12.11937141418457,0.20857371389865875,-11.910798072814941
2026-08-04T04:57:56.944000-04:00,12.125568389892578,0.2075214833021164,-11.918046951293945
2026-08-04T04:57:56.948000-04:00,12.13737678527832,0.21102888882160187,-11.926347732543945
2026-08-04T04:57:56.952000-04:00,12.151639938354492,0.23908813297748566,-11.912551879882812
2026-08-04T04:57:56.956000-04:00,12.161811828613281,0.2604832947254181,-11.901328086853027
2026-08-04T04:57:56.960000-04:00,12.148950576782227,0.2588465213775635,-11.890104293823242
2026-08-04T04:57:56.964000-04:00,12.142754554748535,0.25756046175956726,-11.885193824768066
2026-08-04T04:57:56.968000-04:00,12.163915634155273,0.27965712547302246,-11.884258270263672
2026-08-04T04:57:56.972000-04:00,12.167540550231934,0.27720195055007935,-11.890338897705078
2026-08-04T04:57:56.976000-04:00,12.167890548706055,0.27872180938720703,-11.889168739318848
2026-08-04T04:57:56.980000-04:00,12.169995307922363,0.2669135630130768,-11.903081893920898
2026-08-04T04:57:56.984000-04:00,12.169293403625488,0.29041317105293274,-11.878880500793457
2026-08-04T04:57:56.988000-04:00,12.185311317443848,0.31414660811424255,-11.871164321899414
2026-08-04T04:57:56.992000-04:00,12.188584327697754,0.32864388823509216,-11.859940528869629
2026-08-04T04:57:56.996000-04:00,12.202263832092285,0.3533126413822174,-11.84895133972168
2026-08-04T04:57:57-04:00,12.20740795135498,0.3692128658294678,-11.838194847106934
2026-08-04T04:57:57.004000-04:00,12.219449996948242,0.3672253489494324,-11.852224349975586
2026-08-04T04:57:57.008000-04:00,12.223541259765625,0.38604843616485596,-11.837492942810059
2026-08-04T04:57:57.012000-04:00,12.23862361907959,0.40077951550483704,-11.837843894958496
2026-08-04T04:57:57.016000-04:00,12.241662979125977,0.42170703411102295,-11.819955825805664
2026-08-04T04:57:57.020000-04:00,12.249496459960938,0.43059247732162476,-11.818903923034668
2026-08-04T04:57:57.024000-04:00,12.26715087890625,0.44579121470451355,-11.821359634399414
2026-08-04T04:57:57.028000-04:00,12.285037994384766,0.4680047929286957,-11.817032814025879
2026-08-04T04:57:57.032000-04:00,12.304328918457031,0.49840229749679565,-11.805926322937012
2026-08-04T04:57:57.036000-04:00,12.334025382995605,0.5389713048934937,-11.79505443572998
2026-08-04T04:57:57.040000-04:00,12.33963680267334,0.5595480799674988,-11.780088424682617
2026-08-04T04:57:57.044000-04:00,12.353432655334473,0.5918161869049072,-11.761616706848145
2026-08-04T04:57:57.048000-04:00,12.393417358398438,0.6731880307197571,-11.720229148864746
2026-08-04T04:57:57.052000-04:00,12.408382415771484,0.7132893204689026,-11.695093154907227
2026-08-04T04:57:57.056000-04:00,12.427672386169434,0.7165629267692566,-11.711109161376953
2026-08-04T04:57:57.060000-04:00,12.435739517211914,0.7482464909553528,-11.687493324279785
2026-08-04T04:57:57.064000-04:00,12.439129829406738,0.7428684830665588,-11.696261405944824
2026-08-04T04:57:57.068000-04:00,12.466371536254883,0.7649651169776917,-11.701406478881836
2026-08-04T04:57:57.072000-04:00,12.489402770996094,0.7725644707679749,-11.716837882995605
2026-08-04T04:57:57.076000-04:00,12.485076904296875,0.8056510090827942,-11.679426193237305
2026-08-04T04:57:57.080000-04:00,12.479816436767578,0.8275138735771179,-11.652302742004395
2026-08-04T04:57:57.084000-04:00,12.472450256347656,0.8216681480407715,-11.650781631469727
2026-08-04T04:57:57.088000-04:00,12.474788665771484,0.8399066925048828,-11.634881973266602
2026-08-04T04:57:57.092000-04:00,12.466136932373047,0.8306705355644226,-11.635466575622559
2026-08-04T04:57:57.096000-04:00,12.443690299987793,0.8021436333656311,-11.641546249389648
2026-08-04T04:57:57.100000-04:00,12.419255256652832,0.7661342620849609,-11.653120994567871
2026-08-04T04:57:57.104000-04:00,12.380790710449219,0.7125878930091858,-11.66820240020752
2026-08-04T04:57:57.108000-04:00,12.3723726272583,0.6923618316650391,-11.680010795593262
2026-08-04T04:57:57.112000-04:00,12.343378067016602,0.6263056993484497,-11.717072486877441
2026-08-04T04:57:57.116000-04:00,12.315786361694336,0.5892441272735596,-11.726542472839355
2026-08-04T04:57:57.120000-04:00,12.29228687286377,0.5367499589920044,-11.755537033081055
2026-08-04T04:57:57.124000-04:00,12.250899314880371,0.4694077670574188,-11.78149127960205
2026-08-04T04:57:57.128000-04:00,12.237103462219238,0.4432191252708435,-11.79388427734375
2026-08-04T04:57:57.132000-04:00,12.21792984008789,0.3957522511482239,-11.82217788696289
2026-08-04T04:57:57.136000-04:00,12.187883377075195,0.3588075637817383,-11.829075813293457
2026-08-04T04:57:57.140000-04:00,12.155848503112793,0.3130943775177002,-11.842754364013672
2026-08-04T04:57:57.144000-04:00,12.14404010772705,0.2829307019710541,-11.861109733581543
2026-08-04T04:57:57.148000-04:00,12.130244255065918,0.23791900277137756,-11.892325401306152
2026-08-04T04:57:57.152000-04:00,12.131648063659668,0.23558072745800018,-11.89606761932373
2026-08-04T04:57:57.156000-04:00,12.121476173400879,0.20062358677387238,-11.920852661132812
2026-08-04T04:57:57.160000-04:00,12.093299865722656,0.17969606816768646,-11.913603782653809
2026-08-04T04:57:57.164000-04:00,12.081491470336914,0.17794236540794373,-11.903549194335938
2026-08-04T04:57:57.168000-04:00,12.08371353149414,0.15958695113658905,-11.924126625061035
2026-08-04T04:57:57.172000-04:00,12.086986541748047,0.1561964601278305,-11.930789947509766
2026-08-04T04:57:57.176000-04:00,12.076815605163574,0.13480128347873688,-11.942014694213867
2026-08-04T04:57:57.180000-04:00,12.064422607421875,0.12626659870147705,-11.938156127929688
2026-08-04T04:57:57.184000-04:00,12.072138786315918,0.11703042685985565,-11.955108642578125
2026-08-04T04:57:57.188000-04:00,12.065474510192871,0.1204209178686142,-11.945054054260254
2026-08-04T04:57:57.192000-04:00,12.070969581604004,0.11796573549509048,-11.953003883361816
2026-08-04T04:57:57.196000-04:00,12.056822776794434,0.12147314101457596,-11.935349464416504
2026-08-04T04:57:57.200000-04:00,12.048405647277832,0.10861265659332275,-11.93979263305664
2026-08-04T04:57:57.204000-04:00,12.043261528015137,0.10709277540445328,-11.936168670654297
2026-08-04T04:57:57.208000-04:00,12.048990249633789,0.11270462721586227,-11.936285972595215
2026-08-04T04:57:57.212000-04:00,12.055770874023438,0.10031179338693619,-11.955458641052246
2026-08-04T04:57:57.216000-04:00,12.046300888061523,0.11457524448633194,-11.93172550201416
2026-08-04T04:57:57.220000-04:00,12.052614212036133,0.14076386392116547,-11.911849975585938
2026-08-04T04:57:57.224000-04:00,12.041156768798828,0.12100549042224884,-11.920151710510254
2026-08-04T04:57:57.228000-04:00,12.051562309265137,0.10966487973928452,-11.94189739227295
2026-08-04T04:57:57.232000-04:00,12.049808502197266,0.10031179338693619,-11.949496269226074
2026-08-04T04:57:57.236000-04:00,12.063720703125,0.13199535012245178,-11.93172550201416
2026-08-04T04:57:57.240000-04:00,12.060447692871094,0.13351523876190186,-11.926932334899902
2026-08-04T04:57:57.244000-04:00,12.068864822387695,0.13795794546604156,-11.930907249450684
2026-08-04T04:57:57.248000-04:00,12.071905136108398,0.1453235000371933,-11.926581382751465
2026-08-04T04:57:57.252000-04:00,12.069917678833008,0.15385818481445312,-11.916059494018555
2026-08-04T04:57:57.256000-04:00,12.0761137008667,0.15385818481445312,-11.922255516052246
2026-08-04T04:57:57.260000-04:00,12.080790519714355,0.13725645840168,-11.943533897399902
2026-08-04T04:57:57.264000-04:00,12.07833480834961,0.14672645926475525,-11.931608200073242
2026-08-04T04:57:57.268000-04:00,12.092832565307617,0.1529228836297989,-11.939909934997559
2026-08-04T04:57:57.272000-04:00,12.09493637084961,0.1621590405702591,-11.932777404785156
2026-08-04T04:57:57.276000-04:00,12.06757926940918,0.16999225318431854,-11.897586822509766
2026-08-04T04:57:57.280000-04:00,12.064071655273438,0.1786438524723053,-11.885427474975586
2026-08-04T04:57:57.284000-04:00,12.066410064697266,0.15888546407222748,-11.907525062561035
2026-08-04T04:57:57.288000-04:00,12.074477195739746,0.16274361312389374,-11.911733627319336
2026-08-04T04:57:57.292000-04:00,12.091196060180664,0.17759162187576294,-11.913604736328125
2026-08-04T04:57:57.296000-04:00,12.097274780273438,0.17969606816768646,-11.91757869720459
2026-08-04T04:57:57.300000-04:00,12.079972267150879,0.15245522558689117,-11.92751693725586
2026-08-04T04:57:57.304000-04:00,12.07786750793457,0.15596263110637665,-11.921904563903809
2026-08-04T04:57:57.308000-04:00,12.081257820129395,0.15689793229103088,-11.924360275268555
2026-08-04T04:57:57.312000-04:00,12.09248161315918,0.17794236540794373,-11.914539337158203
2026-08-04T04:57:57.316000-04:00,12.085817337036133,0.18180051445960999,-11.904016494750977
2026-08-04T04:57:57.320000-04:00,12.072372436523438,0.16847237944602966,-11.903900146484375
2026-08-04T04:57:57.324000-04:00,12.076464653015137,0.14801250398159027,-11.928452491760254
2026-08-04T04:57:57.328000-04:00,12.082076072692871,0.15046769380569458,-11.931608200073242
2026-08-04T04:57:57.332000-04:00,12.097158432006836,0.1621590405702591,-11.934999465942383
2026-08-04T04:57:57.336000-04:00,12.08230972290039,0.14240066707134247,-11.939908981323242
2026-08-04T04:57:57.340000-04:00,12.068046569824219,0.14041313529014587,-11.927633285522461
2026-08-04T04:57:57.344000-04:00,12.075529098510742,0.1360873281955719,-11.939441680908203
2026-08-04T04:57:57.348000-04:00,12.083011627197266,0.13176153600215912,-11.951250076293945
2026-08-04T04:57:57.352000-04:00,12.084765434265137,0.13538585603237152,-11.949379920959473
2026-08-04T04:57:57.356000-04:00,12.077400207519531,0.12977400422096252,-11.947626113891602
2026-08-04T04:57:57.360000-04:00,12.065007209777832,0.12369449436664581,-11.941312789916992
2026-08-04T04:57:57.364000-04:00,12.06956672668457,0.1252143681049347,-11.944352149963379
2026-08-04T04:57:57.368000-04:00,12.073307991027832,0.11691351234912872,-11.95639419555664
2026-08-04T04:57:57.372000-04:00,12.079036712646484,0.1268511563539505,-11.95218563079834
2026-08-04T04:57:57.376000-04:00,12.074593544006348,0.12077166140079498,-11.953822135925293
2026-08-04T04:57:57.380000-04:00,12.063136100769043,0.10300080478191376,-11.960135459899902
2026-08-04T04:57:57.384000-04:00,12.059979438781738,0.10908030718564987,-11.950899124145508
2026-08-04T04:57:57.388000-04:00,12.07400894165039,0.11293845623731613,-11.96107006072998
2026-08-04T04:57:57.392000-04:00,12.074710845947266,0.11305537074804306,-11.961655616760254
2026-08-04T04:57:57.396000-04:00,12.062435150146484,0.10545598715543747,-11.956978797912598
2026-08-04T04:57:57.400000-04:00,12.057173728942871,0.10931413620710373,-11.947859764099121
2026-08-04T04:57:57.404000-04:00,12.060330390930176,0.0899064913392067,-11.970423698425293
2026-08-04T04:57:57.408000-04:00,12.069917678833008,0.08534686267375946,-11.984570503234863
2026-08-04T04:57:57.412000-04:00,12.054368019104004,0.08464538305997849,-11.969722747802734
2026-08-04T04:57:57.416000-04:00,12.053315162658691,0.08850353211164474,-11.964811325073242
2026-08-04T04:57:57.420000-04:00,12.054835319519043,0.0935308113694191,-11.961304664611816
2026-08-04T04:57:57.424000-04:00,12.054134368896484,0.08031958341598511,-11.973814964294434
2026-08-04T04:57:57.428000-04:00,12.060564041137695,0.0834762454032898,-11.97708797454834
2026-08-04T04:57:57.432000-04:00,12.071554183959961,0.09306316077709198,-11.978490829467773
2026-08-04T04:57:57.436000-04:00,12.070151329040527,0.09680438786745071,-11.973346710205078
2026-08-04T04:57:57.440000-04:00,12.051562309265137,0.0834762454032898,-11.968086242675781
2026-08-04T04:57:57.444000-04:00,12.059979438781738,0.0795011892914772,-11.980478286743164
2026-08-04T04:57:57.448000-04:00,12.063253402709961,0.06137959659099579,-12.001873970031738
2026-08-04T04:57:57.452000-04:00,12.068514823913574,0.07798131555318832,-11.990533828735352
2026-08-04T04:57:57.456000-04:00,12.063369750976562,0.06816057860851288,-11.995208740234375
2026-08-04T04:57:57.460000-04:00,12.047586441040039,0.0658223107457161,-11.98176383972168
2026-08-04T04:57:57.464000-04:00,12.048639297485352,0.05506626516580582,-11.993573188781738
2026-08-04T04:57:57.468000-04:00,12.050393104553223,0.05155885964632034,-11.998834609985352
2026-08-04T04:57:57.472000-04:00,12.054017066955566,0.06757601350545883,-11.986440658569336
2026-08-04T04:57:57.476000-04:00,12.068748474121094,0.0859314352273941,-11.982816696166992
2026-08-04T04:57:57.480000-04:00,12.0595121383667,0.08803587406873703,-11.971476554870605
2026-08-04T04:57:57.484000-04:00,12.066292762756348,0.08663291484117508,-11.979660034179688
2026-08-04T04:57:57.488000-04:00,12.063604354858398,0.07739674299955368,-11.986207962036133
2026-08-04T04:57:57.492000-04:00,12.071554183959961,0.07739674299955368,-11.994157791137695
2026-08-04T04:57:57.496000-04:00,12.060914993286133,0.07634452730417252,-11.984570503234863
2026-08-04T04:57:57.500000-04:00,12.056238174438477,0.09014032036066055,-11.966097831726074
2026-08-04T04:57:57.504000-04:00,12.060213088989258,0.0851130411028862,-11.97510051727295
2026-08-04T04:57:57.508000-04:00,12.066526412963867,0.08102106302976608,-11.985505104064941
2026-08-04T04:57:57.512000-04:00,12.061850547790527,0.08452846854925156,-11.97732162475586
2026-08-04T04:57:57.516000-04:00,12.051094055175781,0.0730709433555603,-11.978023529052734
2026-08-04T04:57:57.520000-04:00,12.046067237854004,0.07003119587898254,-11.976036071777344
2026-08-04T04:57:57.524000-04:00,12.053666114807129,0.05997663363814354,-11.99368953704834
2026-08-04T04:57:57.528000-04:00,12.056822776794434,0.05962589383125305,-11.997197151184082
2026-08-04T04:57:57.532000-04:00,12.061382293701172,0.08043649792671204,-11.980945587158203
2026-08-04T04:57:57.536000-04:00,12.056121826171875,0.07798131555318832,-11.978140830993652
2026-08-04T04:57:57.540000-04:00,12.052496910095215,0.06968045234680176,-11.982816696166992
2026-08-04T04:57:57.544000-04:00,12.052380561828613,0.07646144181489944,-11.975918769836426
2026-08-04T04:57:57.548000-04:00,12.062786102294922,0.07096650451421738,-11.991819381713867
2026-08-04T04:57:57.552000-04:00,12.06395435333252,0.09189402312040329,-11.972060203552246
2026-08-04T04:57:57.556000-04:00,12.064538955688477,0.07856588065624237,-11.985973358154297
2026-08-04T04:57:57.560000-04:00,12.050860404968262,0.07494156062602997,-11.975918769836426
2026-08-04T04:57:57.564000-04:00,12.055303573608398,0.07084959000349045,-11.984454154968262
2026-08-04T04:57:57.568000-04:00,12.058460235595703,0.06453625857830048,-11.993924140930176
2026-08-04T04:57:57.572000-04:00,12.058810234069824,0.05869058519601822,-12.00011920928955
2026-08-04T04:57:57.576000-04:00,12.049574851989746,0.05038972571492195,-11.999185562133789
2026-08-04T04:57:57.580000-04:00,12.045598983764648,0.03998441994190216,-12.005614280700684
2026-08-04T04:57:57.584000-04:00,12.057524681091309,0.06441934406757355,-11.993104934692383
2026-08-04T04:57:57.588000-04:00,12.077750205993652,0.09645365178585052,-11.98129653930664
2026-08-04T04:57:57.592000-04:00,12.078569412231445,0.10697586834430695,-11.971593856811523
2026-08-04T04:57:57.596000-04:00,12.068864822387695,0.10826191306114197,-11.960602760314941
2026-08-04T04:57:57.600000-04:00,12.058927536010742,0.11539363861083984,-11.943533897399902
2026-08-04T04:57:57.604000-04:00,12.071671485900879,0.12381140887737274,-11.947859764099121
2026-08-04T04:57:57.608000-04:00,12.101600646972656,0.1561964601278305,-11.945404052734375
2026-08-04T04:57:57.612000-04:00,12.105459213256836,0.19384260475635529,-11.911616325378418
2026-08-04T04:57:57.616000-04:00,12.091897010803223,0.21091197431087494,-11.880985260009766
2026-08-04T04:57:57.620000-04:00,12.065591812133789,0.23710060119628906,-11.8284912109375
2026-08-04T04:57:57.624000-04:00,12.059394836425781,0.2208496332168579,-11.838544845581055
2026-08-04T04:57:57.628000-04:00,12.069215774536133,0.23067036271095276,-11.838545799255371
2026-08-04T04:57:57.632000-04:00,12.075762748718262,0.22891665995121002,-11.846845626831055
2026-08-04T04:57:57.636000-04:00,12.079036712646484,0.22529233992099762,-11.853744506835938
2026-08-04T04:57:57.640000-04:00,12.09224796295166,0.20962592959403992,-11.882621765136719
2026-08-04T04:57:57.644000-04:00,12.093884468078613,0.18764619529247284,-11.906238555908203
2026-08-04T04:57:57.648000-04:00,12.095755577087402,0.15409201383590698,-11.94166374206543
2026-08-04T04:57:57.652000-04:00,12.094001770019531,0.1385425180196762,-11.955459594726562
2026-08-04T04:57:57.656000-04:00,12.078685760498047,0.10346846282482147,-11.97521686553955
2026-08-04T04:57:57.660000-04:00,12.06103229522705,0.08897118270397186,-11.972061157226562
2026-08-04T04:57:57.664000-04:00,12.06173324584961,0.047349974513053894,-12.014383316040039
2026-08-04T04:57:57.668000-04:00,12.037531852722168,0.03203430399298668,-12.005497932434082
2026-08-04T04:57:57.672000-04:00,12.044429779052734,0.034138746559619904,-12.01029109954834
2026-08-04T04:57:57.676000-04:00,12.024086952209473,0.021044433116912842,-12.003042221069336
2026-08-04T04:57:57.680000-04:00,12.01999568939209,0.00935308076441288,-12.010643005371094
2026-08-04T04:57:57.684000-04:00,12.031803131103516,0.006780983880162239,-12.025022506713867
2026-08-04T04:57:57.688000-04:00,12.04127311706543,0.018121594563126564,-12.023151397705078
2026-08-04T04:57:57.692000-04:00,12.049808502197266,0.01590023748576641,-12.033907890319824
2026-08-04T04:57:57.696000-04:00,12.036246299743652,0.01858924888074398,-12.017657279968262
2026-08-04T04:57:57.700000-04:00,12.024086952209473,0.01122369710355997,-12.012863159179688
2026-08-04T04:57:57.704000-04:00,12.032271385192871,0.00806703232228756,-12.02420425415039
2026-08-04T04:57:57.708000-04:00,12.041741371154785,0.01718628592789173,-12.024555206298828
2026-08-04T04:57:57.712000-04:00,12.04103946685791,0.014964929781854153,-12.026074409484863
2026-08-04T04:57:57.716000-04:00,12.031803131103516,0.007482464890927076,-12.024320602416992
2026-08-04T04:57:57.720000-04:00,12.012513160705566,0.010522216558456421,-12.001991271972656
2026-08-04T04:57:57.724000-04:00,12.007018089294434,0.006547156721353531,-12.000471115112305
2026-08-04T04:57:57.728000-04:00,12.006199836730957,0.02653936855494976,-11.979660034179688
2026-08-04T04:57:57.732000-04:00,11.994157791137695,0.06909588724374771,-11.92506217956543
2026-08-04T04:57:57.736000-04:00,12.019176483154297,0.06430242955684662,-11.954874038696289
2026-08-04T04:57:57.740000-04:00,12.08418083190918,0.062081076204776764,-12.022099494934082
2026-08-04T04:57:57.744000-04:00,12.184142112731934,0.1626266986131668,-12.021515846252441
2026-08-04T04:57:57.748000-04:00,12.393884658813477,0.44345295429229736,-11.950431823730469
2026-08-04T04:57:57.752000-04:00,12.40943431854248,1.0160953998565674,-11.393339157104492
2026-08-04T04:57:57.756000-04:00,12.358109474182129,1.5194079875946045,-10.838701248168945
2026-08-04T04:57:57.760000-04:00,12.268436431884766,2.231762170791626,-10.036674499511719
2026-08-04T04:57:57.764000-04:00,12.199457168579102,2.4429078102111816,-9.756549835205078
2026-08-04T04:57:57.768000-04:00,12.184609413146973,2.372058391571045,-9.812551498413086
2026-08-04T04:57:57.772000-04:00,12.113175392150879,2.07661771774292,-10.036558151245117
2026-08-04T04:57:57.776000-04:00,12.024788856506348,1.3611071109771729,-10.663681983947754
2026-08-04T04:57:57.780000-04:00,11.981413841247559,0.9951678514480591,-10.986246109008789
2026-08-04T04:57:57.784000-04:00,12.034141540527344,0.5024942755699158,-11.531647682189941
2026-08-04T04:57:57.788000-04:00,12.127789497375488,0.38955584168434143,-11.73823356628418
2026-08-04T04:57:57.792000-04:00,12.161343574523926,0.35506632924079895,-11.80627727508545
2026-08-04T04:57:57.796000-04:00,12.115630149841309,0.26644590497016907,-11.849184036254883
2026-08-04T04:57:57.800000-04:00,12.096573829650879,0.21816061437129974,-11.878413200378418
2026-08-04T04:57:57.804000-04:00,12.113058090209961,0.1842557042837143,-11.928802490234375
2026-08-04T04:57:57.808000-04:00,12.118553161621094,0.16718631982803345,-11.951366424560547
2026-08-04T04:57:57.812000-04:00,12.108498573303223,0.14660954475402832,-11.961889266967773
2026-08-04T04:57:57.816000-04:00,12.115981101989746,0.1280203014612198,-11.987960815429688
2026-08-04T04:57:57.820000-04:00,12.110018730163574,0.1324630081653595,-11.977555274963379
2026-08-04T04:57:57.824000-04:00,12.115045547485352,0.12100549042224884,-11.994040489196777
2026-08-04T04:57:57.828000-04:00,12.123580932617188,0.13936090469360352,-11.984220504760742
2026-08-04T04:57:57.832000-04:00,12.124632835388184,0.14602497220039368,-11.978608131408691
2026-08-04T04:57:57.836000-04:00,12.123112678527832,0.13702264428138733,-11.986089706420898
2026-08-04T04:57:57.840000-04:00,12.108264923095703,0.1265004277229309,-11.981764793395996
2026-08-04T04:57:57.844000-04:00,12.113292694091797,0.12860485911369324,-11.984687805175781
2026-08-04T04:57:57.848000-04:00,12.126152992248535,0.1509353518486023,-11.975217819213867
2026-08-04T04:57:57.852000-04:00,12.127087593078613,0.15245522558689117,-11.974632263183594
2026-08-04T04:57:57.856000-04:00,12.1176176071167,0.14766177535057068,-11.969955444335938
2026-08-04T04:57:57.860000-04:00,12.126503944396973,0.16169138252735138,-11.964812278747559
2026-08-04T04:57:57.864000-04:00,12.136792182922363,0.17513644695281982,-11.961655616760254
2026-08-04T04:57:57.868000-04:00,12.149067878723145,0.1810990273952484,-11.967968940734863
2026-08-04T04:57:57.872000-04:00,12.161577224731445,0.19770075380802155,-11.963876724243164
2026-08-04T04:57:57.876000-04:00,12.149301528930664,0.21886210143566132,-11.930438995361328
2026-08-04T04:57:57.880000-04:00,12.152691841125488,0.20448173582553864,-11.948209762573242
2026-08-04T04:57:57.884000-04:00,12.157135009765625,0.21780987083911896,-11.939325332641602
2026-08-04T04:57:57.888000-04:00,12.165435791015625,0.2400234490633011,-11.92541217803955
2026-08-04T04:57:57.892000-04:00,12.171515464782715,0.25101330876350403,-11.920501708984375
2026-08-04T04:57:57.896000-04:00,12.176074981689453,0.2586126923561096,-11.917462348937988
2026-08-04T04:57:57.900000-04:00,12.180283546447754,0.263873815536499,-11.916409492492676
2026-08-04T04:57:57.904000-04:00,12.188117027282715,0.28807491064071655,-11.900042533874512
2026-08-04T04:57:57.908000-04:00,12.206472396850586,0.29649266600608826,-11.909979820251465
2026-08-04T04:57:57.912000-04:00,12.214305877685547,0.3188231587409973,-11.895483016967773
2026-08-04T04:57:57.916000-04:00,12.216643333435059,0.3336711823940277,-11.88297176361084
2026-08-04T04:57:57.920000-04:00,12.23055648803711,0.3485191762447357,-11.882037162780762
2026-08-04T04:57:57.924000-04:00,12.248093605041504,0.3837101459503174,-11.864383697509766
2026-08-04T04:57:57.928000-04:00,12.255576133728027,0.39551842212677,-11.860057830810547
2026-08-04T04:57:57.932000-04:00,12.284687042236328,0.44660961627960205,-11.838077545166016
2026-08-04T04:57:57.936000-04:00,12.29006576538086,0.4685893654823303,-11.821475982666016
2026-08-04T04:57:57.940000-04:00,12.299418449401855,0.47794243693351746,-11.821475982666016
2026-08-04T04:57:57.944000-04:00,12.318358421325684,0.5075215697288513,-11.810836791992188
2026-08-04T04:57:57.948000-04:00,12.341390609741211,0.5447000861167908,-11.796690940856934
2026-08-04T04:57:57.952000-04:00,12.369333267211914,0.5870227813720703,-11.782310485839844
2026-08-04T04:57:57.956000-04:00,12.379621505737305,0.6250196695327759,-11.75460147857666
2026-08-04T04:57:57.960000-04:00,12.395404815673828,0.6487531065940857,-11.746651649475098
2026-08-04T04:57:57.964000-04:00,12.400548934936523,0.6761108636856079,-11.724437713623047
2026-08-04T04:57:57.968000-04:00,12.418553352355957,0.7123540639877319,-11.706199645996094
2026-08-04T04:57:57.972000-04:00,12.425684928894043,0.7252145409584045,-11.700469970703125
2026-08-04T04:57:57.976000-04:00,12.428958892822266,0.7446221709251404,-11.68433666229248
2026-08-04T04:57:57.980000-04:00,12.434921264648438,0.75911945104599,-11.675802230834961
2026-08-04T04:57:57.984000-04:00,12.431063652038574,0.7656666040420532,-11.665396690368652
2026-08-04T04:57:57.988000-04:00,12.436792373657227,0.7639129161834717,-11.672879219055176
2026-08-04T04:57:57.992000-04:00,12.42849063873291,0.7664849758148193,-11.662005424499512
2026-08-04T04:57:57.996000-04:00,12.40358829498291,0.7407640218734741,-11.662824630737305
2026-08-04T04:57:58-04:00,12.394820213317871,0.7210056185722351,-11.67381477355957
2026-08-04T04:57:58.004000-04:00,12.37669849395752,0.7110679745674133,-11.665630340576172
2026-08-04T04:57:58.008000-04:00,12.375178337097168,0.6881529688835144,-11.68702507019043
2026-08-04T04:57:58.012000-04:00,12.336480140686035,0.6392831206321716,-11.697196960449219
2026-08-04T04:57:58.016000-04:00,12.308537483215332,0.5796571969985962,-11.728879928588867
2026-08-04T04:57:58.020000-04:00,12.280712127685547,0.5457522869110107,-11.734959602355957
2026-08-04T04:57:58.024000-04:00,12.253471374511719,0.4826189875602722,-11.770852088928223
2026-08-04T04:57:58.028000-04:00,12.221671104431152,0.43573665618896484,-11.785934448242188
2026-08-04T04:57:58.032000-04:00,12.202613830566406,0.3934139609336853,-11.809200286865234
2026-08-04T04:57:58.036000-04:00,12.18940258026123,0.3610289394855499,-11.828373908996582
2026-08-04T04:57:58.040000-04:00,12.158888816833496,0.31367895007133484,-11.845210075378418
2026-08-04T04:57:58.044000-04:00,12.15842056274414,0.2825799584388733,-11.875840187072754
2026-08-04T04:57:58.048000-04:00,12.13784408569336,0.24551838636398315,-11.892325401306152
2026-08-04T04:57:58.052000-04:00,12.120774269104004,0.20600160956382751,-11.914772987365723
2026-08-04T04:57:58.056000-04:00,12.099496841430664,0.1738504022359848,-11.925646781921387
2026-08-04T04:57:58.060000-04:00,12.083245277404785,0.15759941935539246,-11.92564582824707
2026-08-04T04:57:58.064000-04:00,12.092832565307617,0.15116918087005615,-11.94166374206543
2026-08-04T04:57:58.068000-04:00,12.086285591125488,0.12240844964981079,-11.963876724243164
2026-08-04T04:57:58.072000-04:00,12.084063529968262,0.12872177362442017,-11.955341339111328
2026-08-04T04:57:58.076000-04:00,12.0678129196167,0.10732660442590714,-11.96048641204834
2026-08-04T04:57:58.080000-04:00,12.056589126586914,0.08803587406873703,-11.96855354309082
2026-08-04T04:57:58.084000-04:00,12.051912307739258,0.08359315991401672,-11.968318939208984
2026-08-04T04:57:58.088000-04:00,12.054017066955566,0.09329698234796524,-11.96072006225586
2026-08-04T04:57:58.092000-04:00,12.046534538269043,0.08943884074687958,-11.957096099853516
2026-08-04T04:57:58.096000-04:00,12.038233757019043,0.07424008101224899,-11.963994026184082
2026-08-04T04:57:58.100000-04:00,12.042325973510742,0.08160563558340073,-11.96072006225586
2026-08-04T04:57:58.104000-04:00,12.050860404968262,0.08885426819324493,-11.962006568908691
2026-08-04T04:57:58.108000-04:00,12.046534538269043,0.09060797095298767,-11.955926895141602
2026-08-04T04:57:58.112000-04:00,12.042442321777344,0.0851130411028862,-11.957329750061035
2026-08-04T04:57:58.116000-04:00,12.032387733459473,0.07704600691795349,-11.955341339111328
2026-08-04T04:57:58.120000-04:00,12.0264253616333,0.06699144095182419,-11.959433555603027
2026-08-04T04:57:58.124000-04:00,12.043144226074219,0.09738896042108536,-11.945755004882812
2026-08-04T04:57:58.128000-04:00,12.056004524230957,0.1091972216963768,-11.946806907653809
2026-08-04T04:57:58.132000-04:00,12.056471824645996,0.11901795864105225,-11.937454223632812
2026-08-04T04:57:58.136000-04:00,12.048405647277832,0.11095092445611954,-11.937455177307129
2026-08-04T04:57:58.140000-04:00,12.045949935913086,0.10697586834430695,-11.938974380493164
2026-08-04T04:57:58.144000-04:00,12.052847862243652,0.11773190647363663,-11.935115814208984
2026-08-04T04:57:58.148000-04:00,12.055303573608398,0.11352302134037018,-11.941780090332031
2026-08-04T04:57:58.152000-04:00,12.055770874023438,0.13749028742313385,-11.918280601501465
2026-08-04T04:57:58.156000-04:00,12.054484367370605,0.13725645840168,-11.917227745056152
2026-08-04T04:57:58.160000-04:00,12.050393104553223,0.12942326068878174,-11.92096996307373
2026-08-04T04:57:58.164000-04:00,12.05565357208252,0.13994547724723816,-11.915708541870117
2026-08-04T04:57:58.168000-04:00,12.070618629455566,0.1505846083164215,-11.920034408569336
2026-08-04T04:57:58.172000-04:00,12.070852279663086,0.15116918087005615,-11.919683456420898
2026-08-04T04:57:58.176000-04:00,12.071554183959961,0.15280596911907196,-11.918747901916504
2026-08-04T04:57:58.180000-04:00,12.068163871765137,0.15467657148838043,-11.913487434387207
2026-08-04T04:57:58.184000-04:00,12.066994667053223,0.13725645840168,-11.92973804473877
2026-08-04T04:57:58.188000-04:00,12.081257820129395,0.15000003576278687,-11.931258201599121
2026-08-04T04:57:58.192000-04:00,12.081375122070312,0.16145756840705872,-11.919917106628418
2026-08-04T04:57:58.196000-04:00,12.079972267150879,0.14941547811031342,-11.930557250976562
2026-08-04T04:57:58.200000-04:00,12.069099426269531,0.15713176131248474,-11.911967277526855
2026-08-04T04:57:58.204000-04:00,12.07400894165039,0.15385818481445312,-11.920150756835938
2026-08-04T04:57:58.208000-04:00,12.080322265625,0.1525721400976181,-11.927750587463379
2026-08-04T04:57:58.212000-04:00,12.085466384887695,0.16110682487487793,-11.924359321594238
2026-08-04T04:57:58.216000-04:00,12.070151329040527,0.16075608134269714,-11.909395217895508
2026-08-04T04:57:58.220000-04:00,12.068280220031738,0.14964929223060608,-11.918630599975586
2026-08-04T04:57:58.224000-04:00,12.07400894165039,0.1380748599767685,-11.935934066772461
2026-08-04T04:57:58.228000-04:00,12.080673217773438,0.14766177535057068,-11.933011054992676
2026-08-04T04:57:58.232000-04:00,12.082777976989746,0.15280596911907196,-11.929971694946289
2026-08-04T04:57:58.236000-04:00,12.080322265625,0.1542089283466339,-11.92611312866211
2026-08-04T04:57:58.240000-04:00,12.05764102935791,0.13480128347873688,-11.922840118408203
2026-08-04T04:57:58.244000-04:00,12.06126594543457,0.1167965978384018,-11.944469451904297
2026-08-04T04:57:58.248000-04:00,12.0761137008667,0.12509745359420776,-11.951016426086426
2026-08-04T04:57:58.252000-04:00,12.078803062438965,0.11901795864105225,-11.959785461425781
2026-08-04T04:57:58.256000-04:00,12.070151329040527,0.10709277540445328,-11.963058471679688
2026-08-04T04:57:58.260000-04:00,12.061616897583008,0.10498833656311035,-11.956628799438477
2026-08-04T04:57:58.264000-04:00,12.06149959564209,0.11071709543466568,-11.950782775878906
2026-08-04T04:57:58.268000-04:00,12.073307991027832,0.11013253033161163,-11.963175773620605
2026-08-04T04:57:58.272000-04:00,12.072489738464355,0.11095092445611954,-11.961539268493652
2026-08-04T04:57:58.276000-04:00,12.061616897583008,0.10405302792787552,-11.957563400268555
2026-08-04T04:57:58.280000-04:00,12.058693885803223,0.10756043344736099,-11.951133728027344
2026-08-04T04:57:58.284000-04:00,12.060564041137695,0.09844117611646652,-11.962122917175293
2026-08-04T04:57:58.288000-04:00,12.063136100769043,0.09972722828388214,-11.963408470153809
2026-08-04T04:57:58.292000-04:00,12.072372436523438,0.1027669757604599,-11.969605445861816
2026-08-04T04:57:58.296000-04:00,12.054250717163086,0.09399846196174622,-11.960251808166504
2026-08-04T04:57:58.300000-04:00,12.051445007324219,0.09049105644226074,-11.960953712463379
2026-08-04T04:57:58.304000-04:00,12.056471824645996,0.08195637166500092,-11.974515914916992
2026-08-04T04:57:58.308000-04:00,12.057875633239746,0.08125489205121994,-11.9766206741333
2026-08-04T04:57:58.312000-04:00,12.061850547790527,0.09130945801734924,-11.970541000366211
2026-08-04T04:57:58.316000-04:00,12.057173728942871,0.07879970967769623,-11.978374481201172
2026-08-04T04:57:58.320000-04:00,12.048639297485352,0.07318785786628723,-11.975451469421387
2026-08-04T04:57:58.324000-04:00,12.052496910095215,0.0722525492310524,-11.980244636535645
2026-08-04T04:57:58.328000-04:00,12.05296516418457,0.0758768692612648,-11.97708797454834
2026-08-04T04:57:58.332000-04:00,12.050393104553223,0.07879970967769623,-11.971593856811523
2026-08-04T04:57:58.336000-04:00,12.053081512451172,0.07073267549276352,-11.982348442077637
2026-08-04T04:57:58.340000-04:00,12.044547080993652,0.0722525492310524,-11.972294807434082
2026-08-04T04:57:58.344000-04:00,12.048872947692871,0.07003119587898254,-11.978841781616211
2026-08-04T04:57:58.348000-04:00,12.05764102935791,0.0795011892914772,-11.978139877319336
2026-08-04T04:57:58.352000-04:00,12.0512113571167,0.06979736685752869,-11.981413841247559
2026-08-04T04:57:58.356000-04:00,12.044429779052734,0.06535465270280838,-11.97907543182373
2026-08-04T04:57:58.360000-04:00,12.041857719421387,0.057989101856946945,-11.983868598937988
2026-08-04T04:57:58.364000-04:00,12.044547080993652,0.059158239513635635,-11.98538875579834
2026-08-04T04:57:58.368000-04:00,12.050042152404785,0.05342947691679001,-11.996612548828125
2026-08-04T04:57:58.372000-04:00,12.04489803314209,0.04571318253874779,-11.999184608459473
2026-08-04T04:57:58.376000-04:00,12.0429105758667,0.03717849776148796,-12.005732536315918
2026-08-04T04:57:58.380000-04:00,12.033907890319824,0.031449735164642334,-12.002458572387695
2026-08-04T04:57:58.384000-04:00,12.037649154663086,0.04629775136709213,-11.991351127624512
2026-08-04T04:57:58.388000-04:00,12.045716285705566,0.04968824237585068,-11.996027946472168
2026-08-04T04:57:58.392000-04:00,12.046651840209961,0.05763836205005646,-11.989013671875
2026-08-04T04:57:58.396000-04:00,12.032037734985352,0.051208119839429855,-11.980829238891602
2026-08-04T04:57:58.400000-04:00,12.033674240112305,0.055183179676532745,-11.978490829467773
2026-08-04T04:57:58.404000-04:00,12.036128997802734,0.05693688243627548,-11.979191780090332
2026-08-04T04:57:58.408000-04:00,12.045014381408691,0.06593922525644302,-11.97907543182373
2026-08-04T04:57:58.412000-04:00,12.047470092773438,0.0602104589343071,-11.987259864807129
2026-08-04T04:57:58.416000-04:00,12.063136100769043,0.08616525679826736,-11.976970672607422
2026-08-04T04:57:58.420000-04:00,12.065942764282227,0.10989870131015778,-11.95604419708252
2026-08-04T04:57:58.424000-04:00,12.054017066955566,0.09575216472148895,-11.95826530456543
2026-08-04T04:57:58.428000-04:00,12.055888175964355,0.10113018751144409,-11.954757690429688
2026-08-04T04:57:58.432000-04:00,12.062668800354004,0.13117696344852448,-11.93149185180664
2026-08-04T04:57:58.436000-04:00,12.068397521972656,0.13713955879211426,-11.931258201599121
2026-08-04T04:57:58.440000-04:00,12.076231002807617,0.19583013653755188,-11.880400657653809
2026-08-04T04:57:58.444000-04:00,12.060213088989258,0.2299688756465912,-11.830244064331055
2026-08-04T04:57:58.448000-04:00,12.042325973510742,0.21710839867591858,-11.825217247009277
2026-08-04T04:57:58.452000-04:00,12.034492492675781,0.19103668630123138,-11.843456268310547
2026-08-04T04:57:58.456000-04:00,12.039636611938477,0.20366333425045013,-11.835973739624023
2026-08-04T04:57:58.460000-04:00,12.03495979309082,0.18893224000930786,-11.846027374267578
2026-08-04T04:57:58.464000-04:00,12.052847862243652,0.20120815932750702,-11.851639747619629
2026-08-04T04:57:58.468000-04:00,12.073190689086914,0.1810990273952484,-11.892091751098633
2026-08-04T04:57:58.472000-04:00,12.079737663269043,0.16975842416286469,-11.909978866577148
2026-08-04T04:57:58.476000-04:00,12.058810234069824,0.1312938779592514,-11.927515983581543
2026-08-04T04:57:58.480000-04:00,12.05740737915039,0.09668747335672379,-11.96072006225586
2026-08-04T04:57:58.484000-04:00,12.058693885803223,0.08908809721469879,-11.969605445861816
2026-08-04T04:57:58.488000-04:00,12.048054695129395,0.08078724145889282,-11.967267036437988
2026-08-04T04:57:58.492000-04:00,12.040221214294434,0.06231490150094032,-11.977906227111816
2026-08-04T04:57:58.496000-04:00,12.026191711425781,0.026890108361840248,-11.99930191040039
2026-08-04T04:57:58.500000-04:00,12.006316184997559,0.018121594563126564,-11.988194465637207
2026-08-04T04:57:58.504000-04:00,12.00783634185791,0.0007014810689724982,-12.007134437561035
2026-08-04T04:57:58.508000-04:00,12.010642051696777,0.006897897459566593,-12.003744125366211
2026-08-04T04:57:58.512000-04:00,12.011811256408691,0.012860486283898354,-11.998950958251953
2026-08-04T04:57:58.516000-04:00,12.002925872802734,-0.000584567547775805,-12.003510475158691
2026-08-04T04:57:58.520000-04:00,12.002341270446777,-0.004442713689059019,-12.006784439086914
2026-08-04T04:57:58.524000-04:00,12.003043174743652,-0.02934529259800911,-12.032388687133789
2026-08-04T04:57:58.528000-04:00,12.014850616455078,-0.019407643005251884,-12.034257888793945
2026-08-04T04:57:58.532000-04:00,12.001172065734863,-0.018238509073853493,-12.019410133361816
2026-08-04T04:57:58.536000-04:00,11.998015403747559,-0.016601718962192535,-12.014616966247559
2026-08-04T04:57:58.540000-04:00,11.984804153442383,-0.02677319385111332,-12.011577606201172
2026-08-04T04:57:58.544000-04:00,11.994391441345215,-0.01578332483768463,-12.010174751281738
2026-08-04T04:57:58.548000-04:00,12.00000286102295,-0.007248637732118368,-12.007251739501953
2026-08-04T04:57:58.552000-04:00,11.996145248413086,-0.003741232445463538,-11.999886512756348
2026-08-04T04:57:58.556000-04:00,11.974749565124512,0.0009353081113658845,-11.973814010620117
2026-08-04T04:57:58.560000-04:00,11.934764862060547,0.028877638280391693,-11.905887603759766
2026-08-04T04:57:58.564000-04:00,11.941780090332031,0.05074046552181244,-11.891039848327637
2026-08-04T04:57:58.568000-04:00,12.0264253616333,0.03565862029790878,-11.990766525268555
2026-08-04T04:57:58.572000-04:00,12.09493637084961,0.08359315991401672,-12.011343002319336
2026-08-04T04:57:58.576000-04:00,12.274749755859375,0.2853858768939972,-11.989363670349121
2026-08-04T04:57:58.580000-04:00,12.38745403289795,0.6810212135314941,-11.706432342529297
2026-08-04T04:57:58.584000-04:00,12.317306518554688,1.1236557960510254,-11.19365119934082
2026-08-04T04:57:58.588000-04:00,12.248210906982422,1.9141080379486084,-10.334102630615234
2026-08-04T04:57:58.592000-04:00,12.18110179901123,2.2932586669921875,-9.887843132019043
2026-08-04T04:57:58.596000-04:00,12.122294425964355,2.4018712043762207,-9.720422744750977
2026-08-04T04:57:58.600000-04:00,12.056238174438477,2.304131507873535,-9.752106666564941
2026-08-04T04:57:58.604000-04:00,12.020345687866211,1.647428274154663,-10.372917175292969
2026-08-04T04:57:58.608000-04:00,11.984103202819824,1.2217462062835693,-10.762356758117676
2026-08-04T04:57:58.612000-04:00,11.982816696166992,0.6537803411483765,-11.329036712646484
2026-08-04T04:57:58.616000-04:00,12.045014381408691,0.37470781803131104,-11.670306205749512
2026-08-04T04:57:58.620000-04:00,12.095989227294922,0.3399845063686371,-11.756004333496094
2026-08-04T04:57:58.624000-04:00,12.086285591125488,0.27392837405204773,-11.812356948852539
2026-08-04T04:57:58.628000-04:00,12.064071655273438,0.21430246531963348,-11.849769592285156
2026-08-04T04:57:58.632000-04:00,12.086752891540527,0.1839049607515335,-11.902848243713379
2026-08-04T04:57:58.636000-04:00,12.079504013061523,0.1637958288192749,-11.915708541870117
2026-08-04T04:57:58.640000-04:00,12.079621315002441,0.13281375169754028,-11.946807861328125
2026-08-04T04:57:58.644000-04:00,12.068864822387695,0.11223697662353516,-11.95662784576416
2026-08-04T04:57:58.648000-04:00,12.085350036621094,0.09820735454559326,-11.987142562866211
2026-08-04T04:57:58.652000-04:00,12.086519241333008,0.10206549614667892,-11.984454154968262
2026-08-04T04:57:58.656000-04:00,12.079270362854004,0.0991426631808281,-11.980127334594727
2026-08-04T04:57:58.660000-04:00,12.066643714904785,0.08359315991401672,-11.983050346374512
2026-08-04T04:57:58.664000-04:00,12.087454795837402,0.0871005654335022,-12.000353813171387
2026-08-04T04:57:58.668000-04:00,12.10464096069336,0.09469994902610779,-12.009941101074219
2026-08-04T04:57:58.672000-04:00,12.090845108032227,0.09984414279460907,-11.99100112915039
2026-08-04T04:57:58.676000-04:00,12.083829879760742,0.10183166712522507,-11.981998443603516
2026-08-04T04:57:58.680000-04:00,12.095170974731445,0.09399846196174622,-12.001172065734863
2026-08-04T04:57:58.684000-04:00,12.103939056396484,0.1063912957906723,-11.99754810333252
2026-08-04T04:57:58.688000-04:00,12.110018730163574,0.10428685694932938,-12.005731582641602
2026-08-04T04:57:58.692000-04:00,12.113292694091797,0.12614968419075012,-11.987142562866211
2026-08-04T04:57:58.696000-04:00,12.11072063446045,0.1308262199163437,-11.979894638061523
2026-08-04T04:57:58.700000-04:00,12.12346363067627,0.15023386478424072,-11.97322940826416
2026-08-04T04:57:58.704000-04:00,12.121827125549316,0.15315669775009155,-11.968670845031738
2026-08-04T04:57:58.708000-04:00,12.135856628417969,0.1698753386735916,-11.965981483459473
2026-08-04T04:57:58.712000-04:00,12.13959789276123,0.17162904143333435,-11.967968940734863
2026-08-04T04:57:58.716000-04:00,12.140416145324707,0.17724089324474335,-11.963174819946289
2026-08-04T04:57:58.720000-04:00,12.145560264587402,0.18799692392349243,-11.957563400268555
2026-08-04T04:57:58.724000-04:00,12.145560264587402,0.20740456879138947,-11.938156127929688
2026-08-04T04:57:58.728000-04:00,12.160992622375488,0.210795059800148,-11.950197219848633
2026-08-04T04:57:58.732000-04:00,12.16812515258789,0.21699148416519165,-11.951133728027344
2026-08-04T04:57:58.736000-04:00,12.18472671508789,0.2292674034833908,-11.955459594726562
2026-08-04T04:57:58.740000-04:00,12.185895919799805,0.2404910922050476,-11.945405006408691
2026-08-04T04:57:58.744000-04:00,12.19711971282959,0.2500779926776886,-11.947041511535645
2026-08-04T04:57:58.748000-04:00,12.206939697265625,0.2634061574935913,-11.943533897399902
2026-08-04T04:57:58.752000-04:00,12.22038459777832,0.2983632981777191,-11.92202091217041
2026-08-04T04:57:58.756000-04:00,12.242481231689453,0.32946228981018066,-11.913019180297852
2026-08-04T04:57:58.760000-04:00,12.254289627075195,0.34220585227012634,-11.912083625793457
2026-08-04T04:57:58.764000-04:00,12.272294998168945,0.3693297803401947,-11.902965545654297
2026-08-04T04:57:58.768000-04:00,12.30444622039795,0.40077951550483704,-11.903666496276855
2026-08-04T04:57:58.772000-04:00,12.317540168762207,0.4391271471977234,-11.878413200378418
2026-08-04T04:57:58.776000-04:00,12.341741561889648,0.4712783694267273,-11.870463371276855
2026-08-04T04:57:58.780000-04:00,12.354601860046387,0.5109120607376099,-11.843689918518066
2026-08-04T04:57:58.784000-04:00,12.383947372436523,0.5342947840690613,-11.849652290344238
2026-08-04T04:57:58.788000-04:00,12.405693054199219,0.5711225271224976,-11.83457088470459
2026-08-04T04:57:58.792000-04:00,12.403237342834473,0.6080672144889832,-11.795169830322266
2026-08-04T04:57:58.796000-04:00,12.41995620727539,0.6237335801124573,-11.796222686767578
2026-08-04T04:57:58.800000-04:00,12.43211555480957,0.652611255645752,-11.779504776000977
2026-08-04T04:57:58.804000-04:00,12.435856819152832,0.6723695993423462,-11.763486862182617
2026-08-04T04:57:58.808000-04:00,12.450821876525879,0.6833595037460327,-11.767462730407715
2026-08-04T04:57:58.812000-04:00,12.46531867980957,0.6931802034378052,-11.772138595581055
2026-08-04T04:57:58.816000-04:00,12.435154914855957,0.683944046497345,-11.751211166381836
2026-08-04T04:57:58.820000-04:00,12.42603588104248,0.682891845703125,-11.743144035339355
2026-08-04T04:57:58.824000-04:00,12.424515724182129,0.6834763884544373,-11.741039276123047
2026-08-04T04:57:58.828000-04:00,12.428841590881348,0.6782152652740479,-11.750626564025879
2026-08-04T04:57:58.832000-04:00,12.40522575378418,0.6581061482429504,-11.747119903564453
2026-08-04T04:57:58.836000-04:00,12.37915325164795,0.6395169496536255,-11.739636421203613
2026-08-04T04:57:58.840000-04:00,12.354484558105469,0.5606002807617188,-11.79388427734375
2026-08-04T04:57:58.844000-04:00,12.33156967163086,0.4869447946548462,-11.844624519348145
2026-08-04T04:57:58.848000-04:00,12.310759544372559,0.4615745544433594,-11.8491849899292
2026-08-04T04:57:58.852000-04:00,12.266566276550293,0.41282162070274353,-11.853744506835938
2026-08-04T04:57:58.856000-04:00,12.241546630859375,0.358223021030426,-11.883323669433594
2026-08-04T04:57:58.860000-04:00,12.1993408203125,0.3030398190021515,-11.89630126953125
2026-08-04T04:57:58.864000-04:00,12.180049896240234,0.2807093560695648,-11.899340629577637
2026-08-04T04:57:58.868000-04:00,12.16812515258789,0.24399849772453308,-11.924126625061035
2026-08-04T04:57:58.872000-04:00,12.151522636413574,0.20939210057258606,-11.942130088806152
2026-08-04T04:57:58.876000-04:00,12.120540618896484,0.1537412703037262,-11.96679973602295
2026-08-04T04:57:58.880000-04:00,12.095053672790527,0.10346846282482147,-11.991584777832031
2026-08-04T04:57:58.884000-04:00,12.097274780273438,0.08932192623615265,-12.007952690124512
2026-08-04T04:57:58.888000-04:00,12.079504013061523,0.07447391003370285,-12.005029678344727
2026-08-04T04:57:58.892000-04:00,12.069449424743652,0.06605613231658936,-12.003393173217773
2026-08-04T04:57:58.896000-04:00,12.05904483795166,0.03764615207910538,-12.021398544311523
2026-08-04T04:57:58.900000-04:00,12.045482635498047,0.024551838636398315,-12.020931243896484
2026-08-04T04:57:58.904000-04:00,12.057991981506348,0.015198756940662861,-12.042793273925781
2026-08-04T04:57:58.908000-04:00,12.056589126586914,0.01730320043861866,-12.039285659790039
2026-08-04T04:57:58.912000-04:00,12.044429779052734,-0.0017537027597427368,-12.046183586120605
2026-08-04T04:57:58.916000-04:00,12.03250503540039,-0.014964929781854153,-12.047470092773438
2026-08-04T04:57:58.920000-04:00,12.036128997802734,-0.03367109224200249,-12.06980037689209
2026-08-04T04:57:58.924000-04:00,12.035310745239258,-0.012392832897603512,-12.047703742980957
2026-08-04T04:57:58.928000-04:00,12.041507720947266,0.002572097349911928,-12.038935661315918
2026-08-04T04:57:58.932000-04:00,12.037181854248047,-0.020927518606185913,-12.058109283447266
2026-08-04T04:57:58.936000-04:00,12.030050277709961,-0.01718628592789173,-12.047236442565918
2026-08-04T04:57:58.940000-04:00,12.028646469116211,-0.02139517292380333,-12.050041198730469
2026-08-04T04:57:58.944000-04:00,12.033556938171387,-0.01601715199649334,-12.04957389831543
2026-08-04T04:57:58.948000-04:00,12.043962478637695,-0.006897897459566593,-12.050860404968262
2026-08-04T04:57:58.952000-04:00,12.033323287963867,-0.0031566647812724113,-12.036479949951172
2026-08-04T04:57:58.956000-04:00,12.034375190734863,-0.006780983880162239,-12.041155815124512
2026-08-04T04:57:58.960000-04:00,12.028881072998047,-0.014380361884832382,-12.043261528015137
2026-08-04T04:57:58.964000-04:00,12.038000106811523,-0.010405302979052067,-12.048405647277832
2026-08-04T04:57:58.968000-04:00,12.038116455078125,0.005494934972375631,-12.032621383666992
2026-08-04T04:57:58.972000-04:00,12.042208671569824,0.016952458769083023,-12.025256156921387
2026-08-04T04:57:58.976000-04:00,12.038233757019043,0.020459864288568497,-12.017773628234863
2026-08-04T04:57:58.980000-04:00,12.035194396972656,0.022915048524737358,-12.012279510498047
2026-08-04T04:57:58.984000-04:00,12.038935661315918,0.019173815846443176,-12.01976203918457
2026-08-04T04:57:58.988000-04:00,12.04934024810791,0.018004681915044785,-12.031335830688477
2026-08-04T04:57:58.992000-04:00,12.052146911621094,0.024551838636398315,-12.027595520019531
2026-08-04T04:57:58.996000-04:00,12.045365333557129,0.0389322005212307,-12.006433486938477
2026-08-04T04:57:59-04:00,12.056706428527832,0.0425565205514431,-12.01414966583252
2026-08-04T04:57:59.004000-04:00,12.057524681091309,0.04407639428973198,-12.013448715209961
2026-08-04T04:57:59.008000-04:00,12.059745788574219,0.053780216723680496,-12.005965232849121
2026-08-04T04:57:59.012000-04:00,12.0595121383667,0.04477787762880325,-12.014734268188477
2026-08-04T04:57:59.016000-04:00,12.05296516418457,0.047466885298490524,-12.005497932434082
2026-08-04T04:57:59.020000-04:00,12.057524681091309,0.03986750915646553,-12.017657279968262
2026-08-04T04:57:59.024000-04:00,12.061966896057129,0.02922837808728218,-12.03273868560791
2026-08-04T04:57:59.028000-04:00,12.069449424743652,0.03752923756837845,-12.031920433044434
2026-08-04T04:57:59.032000-04:00,12.06757926940918,0.03823072090744972,-12.029348373413086
2026-08-04T04:57:59.036000-04:00,12.058342933654785,0.036593928933143616,-12.021748542785645
2026-08-04T04:57:59.040000-04:00,12.054250717163086,0.04431022331118584,-12.009940147399902
2026-08-04T04:57:59.044000-04:00,12.06570816040039,0.036593928933143616,-12.02911376953125
2026-08-04T04:57:59.048000-04:00,12.066176414489746,0.03226812928915024,-12.033907890319824
2026-08-04T04:57:59.052000-04:00,12.063838005065918,0.03484022617340088,-12.028997421264648
2026-08-04T04:57:59.056000-04:00,12.064422607421875,0.028760723769664764,-12.035661697387695
2026-08-04T04:57:59.060000-04:00,12.059161186218262,0.016952458769083023,-12.042208671569824
2026-08-04T04:57:59.064000-04:00,12.064889907836914,0.017069373279809952,-12.047820091247559
2026-08-04T04:57:59.068000-04:00,12.070618629455566,0.011106783524155617,-12.0595121383667
2026-08-04T04:57:59.072000-04:00,12.065591812133789,-0.0021044432651251554,-12.067696571350098
2026-08-04T04:57:59.076000-04:00,12.054017066955566,0.0031566647812724113,-12.050860404968262
2026-08-04T04:57:59.080000-04:00,12.052263259887695,-0.010872956365346909,-12.063136100769043
2026-08-04T04:57:59.084000-04:00,12.047586441040039,-0.0015198757173493505,-12.04910659790039
2026-08-04T04:57:59.088000-04:00,12.063369750976562,-0.001870616222731769,-12.065239906311035
2026-08-04T04:57:59.092000-04:00,12.058927536010742,-0.008534686639904976,-12.067461967468262
2026-08-04T04:57:59.096000-04:00,12.04688549041748,-0.015198756940662861,-12.062084197998047
2026-08-04T04:57:59.100000-04:00,12.04735279083252,-0.0198752973228693,-12.067228317260742
2026-08-04T04:57:59.104000-04:00,12.045482635498047,-0.02116134576499462,-12.066643714904785
2026-08-04T04:57:59.108000-04:00,12.057524681091309,-0.024551838636398315,-12.082076072692871
2026-08-04T04:57:59.112000-04:00,12.040338516235352,-0.024668751284480095,-12.065007209777832
2026-08-04T04:57:59.116000-04:00,12.042092323303223,-0.036593928933143616,-12.078686714172363
2026-08-04T04:57:59.120000-04:00,12.029348373413086,-0.029696032404899597,-12.05904483795166
2026-08-04T04:57:59.124000-04:00,12.04735279083252,-0.021979739889502525,-12.069332122802734
2026-08-04T04:57:59.128000-04:00,12.055068969726562,-0.011925178579986095,-12.066993713378906
2026-08-04T04:57:59.132000-04:00,12.050042152404785,-0.024902578443288803,-12.074944496154785
2026-08-04T04:57:59.136000-04:00,12.039169311523438,-0.035307880491018295,-12.074477195739746
2026-08-04T04:57:59.140000-04:00,12.040338516235352,-0.037996891885995865,-12.078335762023926
2026-08-04T04:57:59.144000-04:00,12.04267692565918,-0.02385035715997219,-12.066527366638184
2026-08-04T04:57:59.148000-04:00,12.048405647277832,-0.02396726980805397,-12.072373390197754
2026-08-04T04:57:59.152000-04:00,12.051562309265137,-0.017537027597427368,-12.069099426269531
2026-08-04T04:57:59.156000-04:00,12.034258842468262,-0.025720972567796707,-12.059979438781738
2026-08-04T04:57:59.160000-04:00,12.037415504455566,-0.039399854838848114,-12.076815605163574
2026-08-04T04:57:59.164000-04:00,12.042208671569824,-0.021862827241420746,-12.064071655273438
2026-08-04T04:57:59.168000-04:00,12.047470092773438,-0.0010522216325625777,-12.048521995544434
2026-08-04T04:57:59.172000-04:00,12.048755645751953,-0.01461418904364109,-12.063369750976562
2026-08-04T04:57:59.176000-04:00,12.043261528015137,-0.020927518606185913,-12.064188957214355
2026-08-04T04:57:59.180000-04:00,12.042793273925781,-0.03519096598029137,-12.077983856201172
2026-08-04T04:57:59.184000-04:00,12.045248985290527,-0.033788006752729416,-12.079036712646484
2026-08-04T04:57:59.188000-04:00,12.054835319519043,-0.033320352435112,-12.088155746459961
2026-08-04T04:57:59.192000-04:00,12.042442321777344,-0.050038982182741165,-12.09248161315918
2026-08-04T04:57:59.196000-04:00,12.030517578125,-0.04419330880045891,-12.074710845947266
2026-08-04T04:57:59.200000-04:00,12.028179168701172,-0.04372565448284149,-12.071905136108398
2026-08-04T04:57:59.204000-04:00,12.037882804870605,-0.04968824237585068,-12.087571144104004
2026-08-04T04:57:59.208000-04:00,12.047470092773438,-0.04699923098087311,-12.09446907043457
2026-08-04T04:57:59.212000-04:00,12.048639297485352,-0.03215121477842331,-12.080790519714355
2026-08-04T04:57:59.216000-04:00,12.040688514709473,-0.03437257185578346,-12.075060844421387
2026-08-04T04:57:59.220000-04:00,12.056589126586914,-0.021979739889502525,-12.078568458557129
2026-08-04T04:57:59.224000-04:00,12.062668800354004,0.023265790194272995,-12.039402961730957
2026-08-04T04:57:59.228000-04:00,12.063136100769043,0.0075993784703314304,-12.055536270141602
2026-08-04T04:57:59.232000-04:00,12.056004524230957,0.014848016202449799,-12.041156768798828
2026-08-04T04:57:59.236000-04:00,12.047821044921875,0.01858924888074398,-12.029232025146484
2026-08-04T04:57:59.240000-04:00,12.070735931396484,0.01847233437001705,-12.052263259887695
2026-08-04T04:57:59.244000-04:00,12.081141471862793,0.11656277626752853,-11.964578628540039
2026-08-04T04:57:59.248000-04:00,12.081141471862793,0.11656277626752853,-11.964578628540039
2026-08-04T04:57:59.252000-04:00,12.050509452819824,0.1192517876625061,-11.931257247924805
2026-08-04T04:57:59.256000-04:00,12.035544395446777,0.11738117039203644,-11.918163299560547
2026-08-04T04:57:59.260000-04:00,12.039402961730957,0.1128215417265892,-11.926581382751465
2026-08-04T04:57:59.264000-04:00,12.04267692565918,0.11597820371389389,-11.926698684692383
2026-08-04T04:57:59.268000-04:00,12.065474510192871,0.11586128920316696,-11.949613571166992
2026-08-04T04:57:59.272000-04:00,12.078685760498047,0.09738896042108536,-11.98129653930664
2026-08-04T04:57:59.276000-04:00,12.077984809875488,0.07564304023981094,-12.002342224121094
2026-08-04T04:57:59.280000-04:00,12.061616897583008,0.03168356046080589,-12.029932975769043
2026-08-04T04:57:59.284000-04:00,12.064071655273438,0.019641470164060593,-12.044429779052734
2026-08-04T04:57:59.288000-04:00,12.070735931396484,0.017887767404317856,-12.052847862243652
2026-08-04T04:57:59.292000-04:00,12.056471824645996,0.005962589289993048,-12.050509452819824
2026-08-04T04:57:59.296000-04:00,12.040221214294434,-0.025604059919714928,-12.065825462341309
2026-08-04T04:57:59.300000-04:00,12.02198314666748,-0.056469228118658066,-12.078452110290527
2026-08-04T04:57:59.304000-04:00,12.022684097290039,-0.06453625857830048,-12.087220191955566
2026-08-04T04:57:59.308000-04:00,12.025022506713867,-0.07634452730417252,-12.101366996765137
2026-08-04T04:57:59.312000-04:00,12.013447761535645,-0.08546377718448639,-12.09891128540039
2026-08-04T04:57:59.316000-04:00,12.029582023620605,-0.0738893374800682,-12.103471755981445
2026-08-04T04:57:59.320000-04:00,12.012395858764648,-0.09201093763113022,-12.104406356811523
2026-08-04T04:57:59.324000-04:00,12.01835823059082,-0.08581452071666718,-12.104172706604004
2026-08-04T04:57:59.328000-04:00,12.017657279968262,-0.0879189595580101,-12.105576515197754
2026-08-04T04:57:59.332000-04:00,12.012044906616211,-0.09949339926242828,-12.11153793334961
2026-08-04T04:57:59.336000-04:00,12.015786170959473,-0.09376464039087296,-12.109550476074219
2026-08-04T04:57:59.340000-04:00,12.013097763061523,-0.101948581635952,-12.115046501159668
2026-08-04T04:57:59.344000-04:00,12.006667137145996,-0.10381919890642166,-12.110486030578613
2026-08-04T04:57:59.348000-04:00,12.012746810913086,-0.11667968332767487,-12.129426956176758
2026-08-04T04:57:59.352000-04:00,12.013798713684082,-0.10265006870031357,-12.116448402404785
2026-08-04T04:57:59.356000-04:00,12.001640319824219,-0.10148093104362488,-12.103120803833008
2026-08-04T04:57:59.360000-04:00,11.982583045959473,-0.09937648475170135,-12.08195972442627
2026-08-04T04:57:59.364000-04:00,11.961304664611816,-0.07178489863872528,-12.033089637756348
2026-08-04T04:57:59.368000-04:00,11.976503372192383,-0.03074825368821621,-12.007251739501953
2026-08-04T04:57:59.372000-04:00,12.023268699645996,-0.03823072090744972,-12.06149959564209
2026-08-04T04:57:59.376000-04:00,12.110954284667969,-0.00011691351392073557,-12.111071586608887
2026-08-04T04:57:59.380000-04:00,12.299769401550293,0.20541703701019287,-12.094352722167969
2026-08-04T04:57:59.384000-04:00,12.427438735961914,0.4512861669063568,-11.976152420043945
2026-08-04T04:57:59.388000-04:00,12.35822582244873,1.1109122037887573,-11.247313499450684
2026-08-04T04:57:59.392000-04:00,12.321515083312988,1.6573659181594849,-10.664149284362793
2026-08-04T04:57:59.396000-04:00,12.194313049316406,2.2349188327789307,-9.959394454956055
2026-08-04T04:57:59.400000-04:00,12.156784057617188,2.2592368125915527,-9.897546768188477
2026-08-04T04:57:59.404000-04:00,12.108382225036621,2.154482126235962,-9.953900337219238
2026-08-04T04:57:59.408000-04:00,12.064071655273438,1.5249029397964478,-10.539168357849121
2026-08-04T04:57:59.412000-04:00,11.994507789611816,1.0920891761779785,-10.90241813659668
2026-08-04T04:57:59.416000-04:00,11.978841781616211,0.5381529331207275,-11.440689086914062
2026-08-04T04:57:59.420000-04:00,12.036479949951172,0.3259548842906952,-11.710525512695312
2026-08-04T04:57:59.424000-04:00,12.12322998046875,0.27755269408226013,-11.845677375793457
2026-08-04T04:57:59.428000-04:00,12.136090278625488,0.22435703873634338,-11.911733627319336
2026-08-04T04:57:59.432000-04:00,12.088273048400879,0.15187065303325653,-11.936402320861816
2026-08-04T04:57:59.436000-04:00,12.086986541748047,0.1164458617568016,-11.970541000366211
2026-08-04T04:57:59.440000-04:00,12.086050987243652,0.07961810380220413,-12.00643253326416
2026-08-04T04:57:59.444000-04:00,12.091196060180664,0.07318785786628723,-12.0180082321167
2026-08-04T04:57:59.448000-04:00,12.094352722167969,0.053780216723680496,-12.040572166442871
2026-08-04T04:57:59.452000-04:00,12.095755577087402,0.056703053414821625,-12.039052963256836
2026-08-04T04:57:59.456000-04:00,12.09002685546875,0.0417381227016449,-12.048288345336914
2026-08-04T04:57:59.460000-04:00,12.0844144821167,0.014964929781854153,-12.069449424743652
2026-08-04T04:57:59.464000-04:00,12.086870193481445,0.024902578443288803,-12.061967849731445
2026-08-04T04:57:59.468000-04:00,12.104056358337402,0.02665628120303154,-12.077400207519531
2026-08-04T04:57:59.472000-04:00,12.10078239440918,0.028526896610856056,-12.07225513458252
2026-08-04T04:57:59.476000-04:00,12.096573829650879,0.04115355759859085,-12.055419921875
2026-08-04T04:57:59.480000-04:00,12.102887153625488,0.05354638770222664,-12.049341201782227
2026-08-04T04:57:59.484000-04:00,12.103705406188965,0.057872191071510315,-12.045833587646484
2026-08-04T04:57:59.488000-04:00,12.113759994506836,0.06699144095182419,-12.046768188476562
2026-08-04T04:57:59.492000-04:00,12.118553161621094,0.06535465270280838,-12.05319881439209
2026-08-04T04:57:59.496000-04:00,12.112239837646484,0.0710834190249443,-12.041156768798828
2026-08-04T04:57:59.500000-04:00,12.114110946655273,0.07809823006391525,-12.036012649536133
2026-08-04T04:57:59.504000-04:00,12.122645378112793,0.08102106302976608,-12.041624069213867
2026-08-04T04:57:59.508000-04:00,12.139246940612793,0.11597820371389389,-12.023268699645996
2026-08-04T04:57:59.512000-04:00,12.135272026062012,0.11352302134037018,-12.021748542785645
2026-08-04T04:57:59.516000-04:00,12.135154724121094,0.09376464039087296,-12.041390419006348
2026-08-04T04:57:59.520000-04:00,12.13983154296875,0.12007018178701401,-12.019761085510254
2026-08-04T04:57:59.524000-04:00,12.151639938354492,0.1392439901828766,-12.012395858764648
2026-08-04T04:57:59.528000-04:00,12.154913902282715,0.15596263110637665,-11.998950958251953
2026-08-04T04:57:59.532000-04:00,12.16450023651123,0.15795016288757324,-12.006549835205078
2026-08-04T04:57:59.536000-04:00,12.168708801269531,0.18238508701324463,-11.986323356628418
2026-08-04T04:57:59.540000-04:00,12.184258460998535,0.18834766745567322,-11.99591064453125
2026-08-04T04:57:59.544000-04:00,12.203198432922363,0.2203819751739502,-11.982816696166992
2026-08-04T04:57:59.548000-04:00,12.20740795135498,0.22424012422561646,-11.98316764831543
2026-08-04T04:57:59.552000-04:00,12.212785720825195,0.24575220048427582,-11.967033386230469
2026-08-04T04:57:59.556000-04:00,12.209395408630371,0.2657444179058075,-11.94365119934082
2026-08-04T04:57:59.560000-04:00,12.224710464477539,0.2837491035461426,-11.940961837768555
2026-08-04T04:57:59.564000-04:00,12.246106147766113,0.3099377155303955,-11.936168670654297
2026-08-04T04:57:59.568000-04:00,12.275334358215332,0.3533126413822174,-11.922021865844727
2026-08-04T04:57:59.572000-04:00,12.280829429626465,0.3793843388557434,-11.901445388793945
2026-08-04T04:57:59.576000-04:00,12.301756858825684,0.41480913758277893,-11.886947631835938
2026-08-04T04:57:59.580000-04:00,12.330517768859863,0.4471941888332367,-11.883323669433594
2026-08-04T04:57:59.584000-04:00,12.342208862304688,0.46543270349502563,-11.876775741577148
2026-08-04T04:57:59.588000-04:00,12.363838195800781,0.5043649077415466,-11.85947322845459
2026-08-04T04:57:59.592000-04:00,12.380439758300781,0.5403742790222168,-11.840065002441406
2026-08-04T04:57:59.596000-04:00,12.391195297241211,0.5725255012512207,-11.818670272827148
2026-08-04T04:57:59.600000-04:00,12.40160083770752,0.589594841003418,-11.812005996704102
2026-08-04T04:57:59.604000-04:00,12.420658111572266,0.6090024709701538,-11.81165599822998
2026-08-04T04:57:59.608000-04:00,12.439247131347656,0.6303976774215698,-11.808849334716797
2026-08-04T04:57:59.612000-04:00,12.430829048156738,0.6495714783668518,-11.781257629394531
2026-08-04T04:57:59.616000-04:00,12.419255256652832,0.6574046611785889,-11.761850357055664
2026-08-04T04:57:59.620000-04:00,12.42381477355957,0.6553002595901489,-11.768514633178711
2026-08-04T04:57:59.624000-04:00,12.41188907623291,0.658807635307312,-11.753081321716309
2026-08-04T04:57:59.628000-04:00,12.420540809631348,0.6695637106895447,-11.750977516174316
2026-08-04T04:57:59.632000-04:00,12.404757499694824,0.627474844455719,-11.77728271484375
2026-08-04T04:57:59.636000-04:00,12.379270553588867,0.6021046042442322,-11.777166366577148
2026-08-04T04:57:59.640000-04:00,12.34793758392334,0.5520656108856201,-11.79587173461914
2026-08-04T04:57:59.644000-04:00,12.335428237915039,0.5019097328186035,-11.833518981933594
2026-08-04T04:57:59.648000-04:00,12.30888843536377,0.45736566185951233,-11.851522445678711
2026-08-04T04:57:59.652000-04:00,12.27743911743164,0.4186672866344452,-11.858772277832031
2026-08-04T04:57:59.656000-04:00,12.250548362731934,0.37120041251182556,-11.879347801208496
2026-08-04T04:57:59.660000-04:00,12.217227935791016,0.30935314297676086,-11.907875061035156
2026-08-04T04:57:59.664000-04:00,12.200041770935059,0.2886594533920288,-11.911382675170898
2026-08-04T04:57:59.668000-04:00,12.182855606079102,0.23347628116607666,-11.949378967285156
2026-08-04T04:57:59.672000-04:00,12.163681983947754,0.20144198834896088,-11.962240219116211
2026-08-04T04:57:59.676000-04:00,12.12743854522705,0.1565471887588501,-11.970890998840332
2026-08-04T04:57:59.680000-04:00,12.112473487854004,0.1232268437743187,-11.989246368408203
2026-08-04T04:57:59.684000-04:00,12.107680320739746,0.09458303451538086,-12.013097763061523
2026-08-04T04:57:59.688000-04:00,12.096807479858398,0.05833984166383743,-12.038467407226562
2026-08-04T04:57:59.692000-04:00,12.083829879760742,0.057989101856946945,-12.025840759277344
2026-08-04T04:57:59.696000-04:00,12.06956672668457,0.03074825368821621,-12.038818359375
2026-08-04T04:57:59.700000-04:00,12.062201499938965,0.012159005738794804,-12.050042152404785
2026-08-04T04:57:59.704000-04:00,12.054952621459961,0.0017537027597427368,-12.05319881439209
2026-08-04T04:57:59.708000-04:00,12.055303573608398,-0.012977399863302708,-12.068281173706055
2026-08-04T04:57:59.712000-04:00,12.053081512451172,-0.01204209215939045,-12.065123558044434
2026-08-04T04:57:59.716000-04:00,12.043845176696777,-0.010405302979052067,-12.054250717163086
2026-08-04T04:57:59.720000-04:00,12.035895347595215,-0.024902578443288803,-12.060797691345215
2026-08-04T04:57:59.724000-04:00,12.029348373413086,-0.02782541699707508,-12.057173728942871
2026-08-04T04:57:59.728000-04:00,12.044196128845215,-0.03285269811749458,-12.077049255371094
2026-08-04T04:57:59.732000-04:00,12.035544395446777,-0.03285269811749458,-12.068397521972656
2026-08-04T04:57:59.736000-04:00,12.0264253616333,-0.049805156886577606,-12.0762300491333
2026-08-04T04:57:59.740000-04:00,12.016955375671387,-0.05190959945321083,-12.068864822387695
2026-08-04T04:57:59.744000-04:00,12.03273868560791,-0.04477787762880325,-12.077516555786133
2026-08-04T04:57:59.748000-04:00,12.01637077331543,-0.03834763169288635,-12.054718017578125
2026-08-04T04:57:59.752000-04:00,12.019060134887695,-0.029929859563708305,-12.048990249633789
2026-08-04T04:57:59.756000-04:00,12.027360916137695,-0.025019491091370583,-12.052380561828613
2026-08-04T04:57:59.760000-04:00,12.023970603942871,-0.03636010363698006,-12.060330390930176
2026-08-04T04:57:59.764000-04:00,12.029699325561523,-0.035307880491018295,-12.065007209777832
2026-08-04T04:57:59.768000-04:00,12.043144226074219,-0.008885427378118038,-12.052029609680176
2026-08-04T04:57:59.772000-04:00,12.035895347595215,-0.013094313442707062,-12.048989295959473
2026-08-04T04:57:59.776000-04:00,12.03028392791748,0.00046765405568294227,-12.029816627502441
2026-08-04T04:57:59.780000-04:00,12.023502349853516,0.003624318866059184,-12.019878387451172
2026-08-04T04:57:59.784000-04:00,12.029465675354004,0.016367891803383827,-12.013097763061523
2026-08-04T04:57:59.788000-04:00,12.047937393188477,0.02525331825017929,-12.022684097290039
2026-08-04T04:57:59.792000-04:00,12.050275802612305,0.02525331825017929,-12.025022506713867
2026-08-04T04:57:59.796000-04:00,12.03858470916748,0.01858924888074398,-12.01999568939209
2026-08-04T04:57:59.800000-04:00,12.046183586120605,0.01590023748576641,-12.030282974243164
2026-08-04T04:57:59.804000-04:00,12.060797691345215,0.008183945901691914,-12.052614212036133
2026-08-04T04:57:59.808000-04:00,12.057291030883789,0.009236167185008526,-12.048054695129395
2026-08-04T04:57:59.812000-04:00,12.056589126586914,0.011457524262368679,-12.04513168334961
2026-08-04T04:57:59.816000-04:00,12.052847862243652,0.031449735164642334,-12.021398544311523
2026-08-04T04:57:59.820000-04:00,12.059979438781738,0.039399854838848114,-12.02057933807373
2026-08-04T04:57:59.824000-04:00,12.057758331298828,0.03881528601050377,-12.018942832946777
2026-08-04T04:57:59.828000-04:00,12.06348705291748,0.02420109696686268,-12.039285659790039
2026-08-04T04:57:59.832000-04:00,12.04910659790039,0.025954799726605415,-12.023151397705078
2026-08-04T04:57:59.836000-04:00,12.05764102935791,0.02256430871784687,-12.035077095031738
2026-08-04T04:57:59.840000-04:00,12.047703742980957,0.023031963035464287,-12.02467155456543
2026-08-04T04:57:59.844000-04:00,12.06956672668457,0.013561967760324478,-12.056004524230957
2026-08-04T04:57:59.848000-04:00,12.071203231811523,0.016952458769083023,-12.054250717163086
2026-08-04T04:57:59.852000-04:00,12.05343246459961,0.02922837808728218,-12.02420425415039
2026-08-04T04:57:59.856000-04:00,12.051562309265137,0.02642245404422283,-12.025139808654785
2026-08-04T04:57:59.860000-04:00,12.049223899841309,0.010872956365346909,-12.038351058959961
2026-08-04T04:57:59.864000-04:00,12.053549766540527,-0.0008183945901691914,-12.054368019104004
2026-08-04T04:57:59.868000-04:00,12.066410064697266,0.006430243141949177,-12.059979438781738
2026-08-04T04:57:59.872000-04:00,12.053783416748047,0.008768513798713684,-12.045015335083008
2026-08-04T04:57:59.876000-04:00,12.043611526489258,0.008885427378118038,-12.0347261428833
2026-08-04T04:57:59.880000-04:00,12.052263259887695,-0.001286048674955964,-12.053549766540527
2026-08-04T04:57:59.884000-04:00,12.054017066955566,-0.008417773060500622,-12.062435150146484
2026-08-04T04:57:59.888000-04:00,12.06395435333252,-0.009119254536926746,-12.073073387145996
2026-08-04T04:57:59.892000-04:00,12.058109283447266,-0.002572097349911928,-12.060681343078613
2026-08-04T04:57:59.896000-04:00,12.047586441040039,-0.01461418904364109,-12.062200546264648
2026-08-04T04:57:59.900000-04:00,12.040688514709473,-0.03285269811749458,-12.073541641235352
2026-08-04T04:57:59.904000-04:00,12.050626754760742,-0.044544048607349396,-12.095170974731445
2026-08-04T04:57:59.908000-04:00,12.05343246459961,-0.0369446687400341,-12.090376853942871
2026-08-04T04:57:59.912000-04:00,12.041390419006348,-0.029929859563708305,-12.071320533752441
2026-08-04T04:57:59.916000-04:00,12.039285659790039,-0.04021824896335602,-12.079504013061523
2026-08-04T04:57:59.920000-04:00,12.031453132629395,-0.04688232019543648,-12.078335762023926
2026-08-04T04:57:59.924000-04:00,12.04267692565918,-0.0291114654392004,-12.071788787841797
2026-08-04T04:57:59.928000-04:00,12.039636611938477,-0.031449735164642334,-12.071085929870605
2026-08-04T04:57:59.932000-04:00,12.042442321777344,-0.04232269152998924,-12.084765434265137
2026-08-04T04:57:59.936000-04:00,12.041857719421387,-0.058106016367673874,-12.099964141845703
2026-08-04T04:57:59.940000-04:00,12.030984878540039,-0.059392064809799194,-12.090376853942871
2026-08-04T04:57:59.944000-04:00,12.037649154663086,-0.050038982182741165,-12.087688446044922
2026-08-04T04:57:59.948000-04:00,12.044780731201172,-0.03869837149977684,-12.083478927612305
2026-08-04T04:57:59.952000-04:00,12.046067237854004,-0.04033516347408295,-12.08640193939209
2026-08-04T04:57:59.956000-04:00,12.05565357208252,-0.02385035715997219,-12.079504013061523
2026-08-04T04:57:59.960000-04:00,12.051562309265137,0.003975059371441603,-12.047587394714355
2026-08-04T04:57:59.964000-04:00,12.052496910095215,0.008183945901691914,-12.044313430786133
2026-08-04T04:57:59.968000-04:00,12.061382293701172,0.029929859563708305,-12.031452178955078
2026-08-04T04:57:59.972000-04:00,12.057173728942871,0.023616530001163483,-12.033556938171387
2026-08-04T04:57:59.976000-04:00,12.049924850463867,0.021745912730693817,-12.028179168701172
2026-08-04T04:57:59.980000-04:00,12.060914993286133,0.0630163848400116,-11.997899055480957
2026-08-04T04:57:59.984000-04:00,12.056238174438477,0.0951675996184349,-11.961071014404297
2026-08-04T04:57:59.988000-04:00,12.038818359375,0.11597820371389389,-11.922840118408203
2026-08-04T04:57:59.992000-04:00,12.014967918395996,0.08686674386262894,-11.928101539611816
2026-08-04T04:57:59.996000-04:00,12.025139808654785,0.08850353211164474,-11.936635971069336
2026-08-04T04:58:00-04:00,12.02490520477295,0.09364772588014603,-11.931257247924805
2026-08-04T04:58:00.004000-04:00,12.047937393188477,0.08008575439453125,-11.967851638793945
2026-08-04T04:58:00.008000-04:00,12.070502281188965,0.10580673068761826,-11.964695930480957
2026-08-04T04:58:00.012000-04:00,12.069215774536133,0.07798131555318832,-11.99123477935791
2026-08-04T04:58:00.016000-04:00,12.036246299743652,0.03238504379987717,-12.003861427307129
2026-08-04T04:58:00.020000-04:00,12.039753913879395,-0.005962589289993048,-12.045716285705566
2026-08-04T04:58:00.024000-04:00,12.050626754760742,-0.010522216558456421,-12.061148643493652
2026-08-04T04:58:00.028000-04:00,12.046067237854004,-0.018238509073853493,-12.064305305480957
2026-08-04T04:58:00.032000-04:00,12.025373458862305,-0.06909588724374771,-12.09446907043457
2026-08-04T04:58:00.036000-04:00,12.0264253616333,-0.08137180656194687,-12.107797622680664
2026-08-04T04:58:00.040000-04:00,11.997197151184082,-0.0895557552576065,-12.086752891540527
2026-08-04T04:58:00.044000-04:00,12.012513160705566,-0.10487142205238342,-12.117384910583496
2026-08-04T04:58:00.048000-04:00,12.001055717468262,-0.10089636594057083,-12.10195255279541
2026-08-04T04:58:00.052000-04:00,12.001405715942383,-0.11188623309135437,-12.11329174041748
2026-08-04T04:58:00.056000-04:00,12.004562377929688,-0.12287610024213791,-12.12743854522705
2026-08-04T04:58:00.060000-04:00,12.004328727722168,-0.12462980300188065,-12.128958702087402
2026-08-04T04:58:00.064000-04:00,12.008187294006348,-0.12614968419075012,-12.134337425231934
2026-08-04T04:58:00.068000-04:00,11.995560646057129,-0.1312938779592514,-12.12685489654541
2026-08-04T04:58:00.072000-04:00,11.993104934692383,-0.1369057297706604,-12.130010604858398
2026-08-04T04:58:00.076000-04:00,11.989363670349121,-0.13655498623847961,-12.1259183883667
2026-08-04T04:58:00.080000-04:00,11.985973358154297,-0.13819177448749542,-12.124165534973145
2026-08-04T04:58:00.084000-04:00,11.995443344116211,-0.15000003576278687,-12.145442962646484
2026-08-04T04:58:00.088000-04:00,11.995092391967773,-0.13257992267608643,-12.12767219543457
2026-08-04T04:58:00.092000-04:00,11.99100112915039,-0.1265004277229309,-12.117501258850098
2026-08-04T04:58:00.096000-04:00,11.980711936950684,-0.13199535012245178,-12.112707138061523
2026-08-04T04:58:00.100000-04:00,11.951601028442383,-0.1284879446029663,-12.08008861541748
2026-08-04T04:58:00.104000-04:00,11.94201374053955,-0.0859314352273941,-12.027945518493652
2026-08-04T04:58:00.108000-04:00,11.994625091552734,-0.05681996792554855,-12.051445007324219
2026-08-04T04:58:00.112000-04:00,12.025022506713867,-0.0831255093216896,-12.108147621154785
2026-08-04T04:58:00.116000-04:00,12.154562950134277,0.035424795001745224,-12.11913776397705
2026-08-04T04:58:00.120000-04:00,12.293105125427246,0.1959470510482788,-12.097158432006836
2026-08-04T04:58:00.124000-04:00,12.423112869262695,0.6384646892547607,-11.784647941589355
2026-08-04T04:58:00.128000-04:00,12.345365524291992,1.1014422178268433,-11.24392318725586
2026-08-04T04:58:00.132000-04:00,12.284337043762207,1.8812553882598877,-10.403081893920898
2026-08-04T04:58:00.136000-04:00,12.19372844696045,2.2130558490753174,-9.980672836303711
2026-08-04T04:58:00.140000-04:00,12.16835880279541,2.2224090099334717,-9.94594955444336
2026-08-04T04:58:00.144000-04:00,12.076698303222656,1.8517931699752808,-10.224905014038086
2026-08-04T04:58:00.148000-04:00,12.031686782836914,1.3863604068756104,-10.645326614379883
2026-08-04T04:58:00.152000-04:00,11.961421966552734,0.8072878122329712,-11.154133796691895
2026-08-04T04:58:00.156000-04:00,11.961655616760254,0.4475449323654175,-11.514110565185547
2026-08-04T04:58:00.160000-04:00,12.056471824645996,0.2324240654706955,-11.824048042297363
2026-08-04T04:58:00.164000-04:00,12.11516284942627,0.18378804624080658,-11.931374549865723
2026-08-04T04:58:00.168000-04:00,12.100899696350098,0.12813721597194672,-11.972762107849121
2026-08-04T04:58:00.172000-04:00,12.064305305480957,0.06687452644109726,-11.997430801391602
2026-08-04T04:58:00.176000-04:00,12.061966896057129,0.03717849776148796,-12.024788856506348
2026-08-04T04:58:00.180000-04:00,12.073190689086914,0.018121594563126564,-12.055068969726562
2026-08-04T04:58:00.184000-04:00,12.07810115814209,0.00935308076441288,-12.068748474121094
2026-08-04T04:58:00.188000-04:00,12.08394718170166,-0.01870616152882576,-12.102653503417969
2026-08-04T04:58:00.192000-04:00,12.070502281188965,-0.02279813587665558,-12.093300819396973
2026-08-04T04:58:00.196000-04:00,12.058460235595703,-0.03951676934957504,-12.097976684570312
2026-08-04T04:58:00.200000-04:00,12.069099426269531,-0.040685903280973434,-12.109785079956055
2026-08-04T04:58:00.204000-04:00,12.081491470336914,-0.04968824237585068,-12.131179809570312
2026-08-04T04:58:00.208000-04:00,12.093183517456055,-0.032735783606767654,-12.125919342041016
2026-08-04T04:58:00.212000-04:00,12.09832763671875,-0.03074825368821621,-12.12907600402832
2026-08-04T04:58:00.216000-04:00,12.087220191955566,-0.008768513798713684,-12.095988273620605
2026-08-04T04:58:00.220000-04:00,12.090611457824707,-0.0021044432651251554,-12.092716217041016
2026-08-04T04:58:00.224000-04:00,12.096222877502441,-0.0032735783606767654,-12.099496841430664
2026-08-04T04:58:00.228000-04:00,12.107913970947266,0.0035074055194854736,-12.104406356811523
2026-08-04T04:58:00.232000-04:00,12.097859382629395,0.009002340957522392,-12.08885669708252
2026-08-04T04:58:00.236000-04:00,12.096807479858398,0.00806703232228756,-12.088740348815918
2026-08-04T04:58:00.240000-04:00,12.104290008544922,0.018238509073853493,-12.086051940917969
2026-08-04T04:58:00.244000-04:00,12.11937141418457,0.04091972857713699,-12.078452110290527
2026-08-04T04:58:00.248000-04:00,12.120073318481445,0.04922058805823326,-12.070852279663086
2026-08-04T04:58:00.252000-04:00,12.128374099731445,0.05506626516580582,-12.073307991027832
2026-08-04T04:58:00.256000-04:00,12.128958702087402,0.06547156721353531,-12.06348705291748
2026-08-04T04:58:00.260000-04:00,12.135973930358887,0.0786827951669693,-12.057291030883789
2026-08-04T04:58:00.264000-04:00,12.150237083435059,0.0766952633857727,-12.073541641235352
2026-08-04T04:58:00.268000-04:00,12.15175724029541,0.09855809062719345,-12.05319881439209
2026-08-04T04:58:00.272000-04:00,12.154329299926758,0.11936869472265244,-12.034960746765137
2026-08-04T04:58:00.276000-04:00,12.160642623901367,0.12954017519950867,-12.031102180480957
2026-08-04T04:58:00.280000-04:00,12.161928176879883,0.15105226635932922,-12.010875701904297
2026-08-04T04:58:00.284000-04:00,12.186830520629883,0.15561188757419586,-12.031218528747559
2026-08-04T04:58:00.288000-04:00,12.198638916015625,0.1898675411939621,-12.008770942687988
2026-08-04T04:58:00.292000-04:00,12.205887794494629,0.20366333425045013,-12.002224922180176
2026-08-04T04:58:00.296000-04:00,12.2159423828125,0.22061580419540405,-11.99532699584961
2026-08-04T04:58:00.300000-04:00,12.229620933532715,0.2436477690935135,-11.985973358154297
2026-08-04T04:58:00.304000-04:00,12.251834869384766,0.2849182188510895,-11.966917037963867
2026-08-04T04:58:00.308000-04:00,12.270541191101074,0.32408425211906433,-11.946456909179688
2026-08-04T04:58:00.312000-04:00,12.286909103393555,0.3416212797164917,-11.945287704467773
2026-08-04T04:58:00.316000-04:00,12.30456256866455,0.3849962055683136,-11.91956615447998
2026-08-04T04:58:00.320000-04:00,12.312045097351074,0.40206557512283325,-11.909979820251465
2026-08-04T04:58:00.324000-04:00,12.34548282623291,0.44789567589759827,-11.897586822509766
2026-08-04T04:58:00.328000-04:00,12.363838195800781,0.48565873503685,-11.878179550170898
2026-08-04T04:58:00.332000-04:00,12.380322456359863,0.5270461440086365,-11.853276252746582
2026-08-04T04:58:00.336000-04:00,12.387922286987305,0.427552729845047,-11.960369110107422
2026-08-04T04:58:00.340000-04:00,12.403237342834473,0.5510134100914001,-11.852224349975586
2026-08-04T04:58:00.344000-04:00,12.411304473876953,0.5857366919517517,-11.825568199157715
2026-08-04T04:58:00.348000-04:00,12.417033195495605,0.5940375924110413,-11.82299518585205
2026-08-04T04:58:00.352000-04:00,12.412707328796387,0.6182386875152588,-11.794468879699707
2026-08-04T04:58:00.356000-04:00,12.400899887084961,0.6115745902061462,-11.789325714111328
2026-08-04T04:58:00.360000-04:00,12.4013671875,0.6092362999916077,-11.792130470275879
2026-08-04T04:58:00.364000-04:00,12.40768051147461,0.6142635941505432,-11.793416976928711
2026-08-04T04:58:00.368000-04:00,12.396924018859863,0.5891271829605103,-11.807796478271484
2026-08-04T04:58:00.372000-04:00,12.368865013122559,0.5492596626281738,-11.819604873657227
2026-08-04T04:58:00.376000-04:00,12.342793464660645,0.5154716968536377,-11.827322006225586
2026-08-04T04:58:00.380000-04:00,12.318124771118164,0.4575994908809662,-11.860525131225586
2026-08-04T04:58:00.384000-04:00,12.305615425109863,0.41808271408081055,-11.887533187866211
2026-08-04T04:58:00.388000-04:00,12.278257369995117,0.3777475655078888,-11.90050983428955
2026-08-04T04:58:00.392000-04:00,12.25113296508789,0.3351910412311554,-11.915942192077637
2026-08-04T04:58:00.396000-04:00,12.21372127532959,0.27638354897499084,-11.937337875366211
2026-08-04T04:58:00.400000-04:00,12.205536842346191,0.22131727635860443,-11.984219551086426
2026-08-04T04:58:00.404000-04:00,12.170112609863281,0.18717853724956512,-11.98293399810791
2026-08-04T04:58:00.408000-04:00,12.144508361816406,0.1349181979894638,-12.009590148925781
2026-08-04T04:58:00.412000-04:00,12.124983787536621,0.0927124172449112,-12.032271385192871
2026-08-04T04:58:00.416000-04:00,12.094118118286133,0.039399854838848114,-12.054718017578125
2026-08-04T04:58:00.420000-04:00,12.087571144104004,0.02127826027572155,-12.066292762756348
2026-08-04T04:58:00.424000-04:00,12.079972267150879,0.0057287621311843395,-12.074243545532227
2026-08-04T04:58:00.428000-04:00,12.06395435333252,-0.025487145408988,-12.089441299438477
2026-08-04T04:58:00.432000-04:00,12.054952621459961,-0.03741232305765152,-12.092365264892578
2026-08-04T04:58:00.436000-04:00,12.039753913879395,-0.048519108444452286,-12.088273048400879
2026-08-04T04:58:00.440000-04:00,12.041390419006348,-0.043374914675951004,-12.084765434265137
2026-08-04T04:58:00.444000-04:00,12.046768188476562,-0.06348403543233871,-12.110252380371094
2026-08-04T04:58:00.448000-04:00,12.0429105758667,-0.05284490808844566,-12.095755577087402
2026-08-04T04:58:00.452000-04:00,12.023736953735352,-0.059275150299072266,-12.083011627197266
2026-08-04T04:58:00.456000-04:00,12.020930290222168,-0.08207328617572784,-12.10300350189209
2026-08-04T04:58:00.460000-04:00,12.026191711425781,-0.08897118270397186,-12.11516284942627
2026-08-04T04:58:00.464000-04:00,12.023736953735352,-0.094349205493927,-12.118085861206055
2026-08-04T04:58:00.468000-04:00,12.030517578125,-0.088737353682518,-12.119255065917969
2026-08-04T04:58:00.472000-04:00,12.02467155456543,-0.08441155403852463,-12.10908317565918
2026-08-04T04:58:00.476000-04:00,12.015318870544434,-0.09972722828388214,-12.115046501159668
2026-08-04T04:58:00.480000-04:00,12.019411087036133,-0.09540142863988876,-12.114812850952148
2026-08-04T04:58:00.484000-04:00,12.020580291748047,-0.09446612000465393,-12.115046501159668
2026-08-04T04:58:00.488000-04:00,12.02490520477295,-0.0823071151971817,-12.10721206665039
2026-08-04T04:58:00.492000-04:00,12.010642051696777,-0.0834762454032898,-12.094118118286133
2026-08-04T04:58:00.496000-04:00,12.012044906616211,-0.08522994816303253,-12.097274780273438
2026-08-04T04:58:00.500000-04:00,12.00806999206543,-0.0862821713089943,-12.094351768493652
2026-08-04T04:58:00.504000-04:00,12.023619651794434,-0.07038193196058273,-12.094001770019531
2026-08-04T04:58:00.508000-04:00,12.021163940429688,-0.06313329935073853,-12.084297180175781
2026-08-04T04:58:00.512000-04:00,12.0181245803833,-0.058106016367673874,-12.076231002807617
2026-08-04T04:58:00.516000-04:00,12.015318870544434,-0.06804366409778595,-12.083362579345703
2026-08-04T04:58:00.520000-04:00,12.016955375671387,-0.06243181601166725,-12.079387664794922
2026-08-04T04:58:00.524000-04:00,12.028881072998047,-0.04162121191620827,-12.070502281188965
2026-08-04T04:58:00.528000-04:00,12.035661697387695,-0.03063134104013443,-12.066292762756348
2026-08-04T04:58:00.532000-04:00,12.022216796875,-0.03180047497153282,-12.054017066955566
2026-08-04T04:58:00.536000-04:00,12.022099494934082,-0.02279813587665558,-12.04489803314209
2026-08-04T04:58:00.540000-04:00,12.038467407226562,-0.020927518606185913,-12.059394836425781
2026-08-04T04:58:00.544000-04:00,12.039520263671875,-0.020576778799295425,-12.060096740722656
2026-08-04T04:58:00.548000-04:00,12.046067237854004,-0.018238509073853493,-12.064305305480957
2026-08-04T04:58:00.552000-04:00,12.037181854248047,-0.008768513798713684,-12.045949935913086
2026-08-04T04:58:00.556000-04:00,12.037064552307129,-0.003624318866059184,-12.040688514709473
2026-08-04T04:58:00.560000-04:00,12.043962478637695,-0.021512087434530258,-12.065474510192871
2026-08-04T04:58:00.564000-04:00,12.043611526489258,-0.011340610682964325,-12.054951667785645
2026-08-04T04:58:00.568000-04:00,12.051678657531738,-0.006897897459566593,-12.058576583862305
2026-08-04T04:58:00.572000-04:00,12.042325973510742,-0.0057287621311843395,-12.048054695129395
2026-08-04T04:58:00.576000-04:00,12.039870262145996,-0.014029622077941895,-12.053899765014648
2026-08-04T04:58:00.580000-04:00,12.042442321777344,-0.011691351421177387,-12.054133415222168
2026-08-04T04:58:00.584000-04:00,12.054250717163086,-0.0010522216325625777,-12.055302619934082
2026-08-04T04:58:00.588000-04:00,12.057758331298828,0.0010522216325625777,-12.056706428527832
2026-08-04T04:58:00.592000-04:00,12.037531852722168,-0.002572097349911928,-12.040103912353516
2026-08-04T04:58:00.596000-04:00,12.029114723205566,-0.01730320043861866,-12.046418190002441
2026-08-04T04:58:00.600000-04:00,12.03297233581543,-0.028994550928473473,-12.061966896057129
2026-08-04T04:58:00.604000-04:00,12.034258842468262,-0.024668751284480095,-12.058927536010742
2026-08-04T04:58:00.608000-04:00,12.044196128845215,-0.015315670520067215,-12.0595121383667
2026-08-04T04:58:00.612000-04:00,12.04267692565918,-0.025720972567796707,-12.068397521972656
2026-08-04T04:58:00.616000-04:00,12.026191711425781,-0.023616530001163483,-12.049808502197266
2026-08-04T04:58:00.620000-04:00,12.0346097946167,-0.027474675327539444,-12.062084197998047
2026-08-04T04:58:00.624000-04:00,12.036713600158691,-0.03191738948225975,-12.068631172180176
2026-08-04T04:58:00.628000-04:00,12.036948204040527,-0.027474675327539444,-12.064422607421875
2026-08-04T04:58:00.632000-04:00,12.03273868560791,-0.03752923756837845,-12.070267677307129
2026-08-04T04:58:00.636000-04:00,12.022917747497559,-0.040685903280973434,-12.063603401184082
2026-08-04T04:58:00.640000-04:00,12.029465675354004,-0.050974290817976,-12.080439567565918
2026-08-04T04:58:00.644000-04:00,12.0346097946167,-0.04571318253874779,-12.080323219299316
2026-08-04T04:58:00.648000-04:00,12.035661697387695,-0.04150429740548134,-12.077165603637695
2026-08-04T04:58:00.652000-04:00,12.023970603942871,-0.04559627175331116,-12.06956672668457
2026-08-04T04:58:00.656000-04:00,12.021514892578125,-0.04910367727279663,-12.070618629455566
2026-08-04T04:58:00.660000-04:00,12.023386001586914,-0.06231490150094032,-12.085700988769531
2026-08-04T04:58:00.664000-04:00,12.027945518493652,-0.057755276560783386,-12.085700988769531
2026-08-04T04:58:00.668000-04:00,12.031218528747559,-0.05342947691679001,-12.084648132324219
2026-08-04T04:58:00.672000-04:00,12.029114723205566,-0.056703053414821625,-12.085817337036133
2026-08-04T04:58:00.676000-04:00,12.016955375671387,-0.07003119587898254,-12.086986541748047
2026-08-04T04:58:00.680000-04:00,12.01835823059082,-0.06792674958705902,-12.086284637451172
2026-08-04T04:58:00.684000-04:00,12.023619651794434,-0.06605613231658936,-12.089675903320312
2026-08-04T04:58:00.688000-04:00,12.026542663574219,-0.06336712092161179,-12.089909553527832
2026-08-04T04:58:00.692000-04:00,12.017773628234863,-0.06710835546255112,-12.084881782531738
2026-08-04T04:58:00.696000-04:00,12.015435218811035,-0.06114576756954193,-12.076581001281738
2026-08-04T04:58:00.700000-04:00,12.029465675354004,-0.05307873710989952,-12.082544326782227
2026-08-04T04:58:00.704000-04:00,12.0430269241333,-0.012392832897603512,-12.055419921875
2026-08-04T04:58:00.708000-04:00,12.041507720947266,0.023382702842354774,-12.0181245803833
2026-08-04T04:58:00.712000-04:00,12.032622337341309,0.01730320043861866,-12.015318870544434
2026-08-04T04:58:00.716000-04:00,12.03028392791748,0.017653940245509148,-12.012630462646484
2026-08-04T04:58:00.720000-04:00,12.028646469116211,0.005144194699823856,-12.023502349853516
2026-08-04T04:58:00.724000-04:00,12.041624069213867,0.04010133445262909,-12.0015230178833
2026-08-04T04:58:00.728000-04:00,12.044429779052734,0.07611069828271866,-11.968318939208984
2026-08-04T04:58:00.732000-04:00,12.008654594421387,0.10171476006507874,-11.906939506530762
2026-08-04T04:58:00.736000-04:00,12.00175666809082,0.0935308113694191,-11.908226013183594
2026-08-04T04:58:00.740000-04:00,12.010174751281738,0.08289168030023575,-11.92728328704834
2026-08-04T04:58:00.744000-04:00,12.021281242370605,0.10627438127994537,-11.915006637573242
2026-08-04T04:58:00.748000-04:00,12.021281242370605,0.10627438127994537,-11.915006637573242
2026-08-04T04:58:00.752000-04:00,12.036012649536133,0.10697586834430695,-11.929037094116211
2026-08-04T04:58:00.756000-04:00,12.048054695129395,0.08920501172542572,-11.958849906921387
2026-08-04T04:58:00.760000-04:00,12.039520263671875,0.05576774477958679,-11.983752250671387
2026-08-04T04:58:00.764000-04:00,12.042208671569824,0.037763066589832306,-12.004446029663086
2026-08-04T04:58:00.768000-04:00,12.040104866027832,0.010054562240839005,-12.030050277709961
2026-08-04T04:58:00.772000-04:00,12.02245044708252,-0.006196416448801756,-12.028646469116211
2026-08-04T04:58:00.776000-04:00,12.01227855682373,-0.023382702842354774,-12.035661697387695
2026-08-04T04:58:00.780000-04:00,12.010174751281738,-0.0582229308784008,-12.068397521972656
2026-08-04T04:58:00.784000-04:00,12.001055717468262,-0.08242402970790863,-12.083479881286621
2026-08-04T04:58:00.788000-04:00,11.998015403747559,-0.08219020068645477,-12.080205917358398
2026-08-04T04:58:00.792000-04:00,11.989363670349121,-0.09469994902610779,-12.084063529968262
2026-08-04T04:58:00.796000-04:00,11.977438926696777,-0.10487142205238342,-12.082310676574707
2026-08-04T04:58:00.800000-04:00,11.986557960510254,-0.10826191306114197,-12.094820022583008
2026-08-04T04:58:00.804000-04:00,11.994976043701172,-0.10943105071783066,-12.10440731048584
2026-08-04T04:58:00.808000-04:00,11.988078117370605,-0.10042870789766312,-12.088506698608398
2026-08-04T04:58:00.812000-04:00,11.986675262451172,-0.11212006211280823,-12.098794937133789
2026-08-04T04:58:00.816000-04:00,11.980010986328125,-0.12731881439685822,-12.107329368591309
2026-08-04T04:58:00.820000-04:00,11.978490829467773,-0.11878412961959839,-12.097274780273438
2026-08-04T04:58:00.824000-04:00,11.98562240600586,-0.10954796522855759,-12.095170021057129
2026-08-04T04:58:00.828000-04:00,11.984570503234863,-0.11176931858062744,-12.09634017944336
2026-08-04T04:58:00.832000-04:00,11.97732162475586,-0.11235388368368149,-12.089675903320312
2026-08-04T04:58:00.836000-04:00,11.96270751953125,-0.12427906692028046,-12.086986541748047
2026-08-04T04:58:00.840000-04:00,11.969839096069336,-0.12895560264587402,-12.098794937133789
2026-08-04T04:58:00.844000-04:00,11.962122917175293,-0.09727204591035843,-12.059394836425781
2026-08-04T04:58:00.848000-04:00,11.94201374053955,-0.06441934406757355,-12.006433486938477
2026-08-04T04:58:00.852000-04:00,11.943533897399902,-0.04045207425951958,-11.983985900878906
2026-08-04T04:58:00.856000-04:00,11.98562240600586,-0.044544048607349396,-12.030166625976562
2026-08-04T04:58:00.860000-04:00,12.081491470336914,0.006664070300757885,-12.074827194213867
2026-08-04T04:58:00.864000-04:00,12.196768760681152,0.1473110318183899,-12.049457550048828
2026-08-04T04:58:00.868000-04:00,12.339285850524902,0.48600947856903076,-11.853276252746582
2026-08-04T04:58:00.872000-04:00,12.260018348693848,1.0947781801223755,-11.165240287780762
2026-08-04T04:58:00.876000-04:00,12.230673789978027,1.6319957971572876,-10.598677635192871
2026-08-04T04:58:00.880000-04:00,12.145793914794922,2.2248642444610596,-9.920929908752441
2026-08-04T04:58:00.884000-04:00,12.11902141571045,2.285191535949707,-9.833829879760742
2026-08-04T04:58:00.888000-04:00,12.043261528015137,2.16091251373291,-9.882349014282227
2026-08-04T04:58:00.892000-04:00,12.012746810913086,1.7395561933517456,-10.27319049835205
2026-08-04T04:58:00.896000-04:00,11.970072746276855,1.0969995260238647,-10.87307357788086
2026-08-04T04:58:00.900000-04:00,11.971125602722168,0.5037803053855896,-11.467345237731934
2026-08-04T04:58:00.904000-04:00,12.033907890319824,0.3091193437576294,-11.724788665771484
2026-08-04T04:58:00.908000-04:00,12.11270809173584,0.2705378830432892,-11.842169761657715
2026-08-04T04:58:00.912000-04:00,12.08838939666748,0.21289950609207153,-11.875490188598633
2026-08-04T04:58:00.916000-04:00,12.039402961730957,0.1091972216963768,-11.930205345153809
2026-08-04T04:58:00.920000-04:00,12.063019752502441,0.07260329276323318,-11.990416526794434
2026-08-04T04:58:00.924000-04:00,12.065474510192871,0.05342947691679001,-12.012044906616211
2026-08-04T04:58:00.928000-04:00,12.06570816040039,0.033904917538166046,-12.031803131103516
2026-08-04T04:58:00.932000-04:00,12.056940078735352,0.028526896610856056,-12.028412818908691
2026-08-04T04:58:00.936000-04:00,12.06103229522705,0.020693691447377205,-12.040338516235352
2026-08-04T04:58:00.940000-04:00,12.063604354858398,0.019290730357170105,-12.044313430786133
2026-08-04T04:58:00.944000-04:00,12.069683074951172,0.023733442649245262,-12.045949935913086
2026-08-04T04:58:00.948000-04:00,12.0678129196167,0.017887767404317856,-12.049924850463867
2026-08-04T04:58:00.952000-04:00,12.0595121383667,0.008534686639904976,-12.05097770690918
2026-08-04T04:58:00.956000-04:00,12.046418190002441,0.016952458769083023,-12.029465675354004
2026-08-04T04:58:00.960000-04:00,12.05319881439209,0.017537027597427368,-12.035661697387695
2026-08-04T04:58:00.964000-04:00,12.0595121383667,0.017069373279809952,-12.042442321777344
2026-08-04T04:58:00.968000-04:00,12.079153060913086,0.0425565205514431,-12.036596298217773
2026-08-04T04:58:00.972000-04:00,12.06956672668457,0.045947011560201645,-12.023619651794434
2026-08-04T04:58:00.976000-04:00,12.074126243591309,0.043491825461387634,-12.030634880065918
2026-08-04T04:58:00.980000-04:00,12.084531784057617,0.06278255581855774,-12.021749496459961
2026-08-04T04:58:00.984000-04:00,12.09634017944336,0.06137959659099579,-12.034960746765137
2026-08-04T04:58:00.988000-04:00,12.093768119812012,0.08897118270397186,-12.004796981811523
2026-08-04T04:58:00.992000-04:00,12.095755577087402,0.09727204591035843,-11.998483657836914
2026-08-04T04:58:00.996000-04:00,12.101484298706055,0.1044037714600563,-11.99708080291748
2026-08-04T04:58:01-04:00,12.101366996765137,0.1091972216963768,-11.992169380187988
2026-08-04T04:58:01.004000-04:00,12.110018730163574,0.1100156158208847,-12.00000286102295
2026-08-04T04:58:01.008000-04:00,12.119956016540527,0.13421671092510223,-11.985739707946777
2026-08-04T04:58:01.012000-04:00,12.123814582824707,0.15105226635932922,-11.972762107849121
2026-08-04T04:58:01.016000-04:00,12.122645378112793,0.1578332483768463,-11.964812278747559
2026-08-04T04:58:01.020000-04:00,12.128958702087402,0.16040533781051636,-11.96855354309082
2026-08-04T04:58:01.024000-04:00,12.145209312438965,0.19325803220272064,-11.951951026916504
2026-08-04T04:58:01.028000-04:00,12.150821685791016,0.19091977179050446,-11.959901809692383
2026-08-04T04:58:01.032000-04:00,12.166487693786621,0.2287997454404831,-11.937687873840332
2026-08-04T04:58:01.036000-04:00,12.17665958404541,0.23277480900287628,-11.94388484954834
2026-08-04T04:58:01.040000-04:00,12.185544967651367,0.23254097998142242,-11.953003883361816
2026-08-04T04:58:01.044000-04:00,12.203315734863281,0.27240848541259766,-11.930907249450684
2026-08-04T04:58:01.048000-04:00,12.219566345214844,0.3143804371356964,-11.90518569946289
2026-08-04T04:58:01.052000-04:00,12.231608390808105,0.34980523586273193,-11.881803512573242
2026-08-04T04:58:01.056000-04:00,12.247509002685547,0.37155115604400635,-11.875957489013672
2026-08-04T04:58:01.060000-04:00,12.276269912719727,0.4039361774921417,-11.872333526611328
2026-08-04T04:58:01.064000-04:00,12.295677185058594,0.4366719722747803,-11.859004974365234
2026-08-04T04:58:01.068000-04:00,12.316020011901855,0.49325811862945557,-11.822761535644531
2026-08-04T04:58:01.072000-04:00,12.32502269744873,0.5265784859657288,-11.798443794250488
2026-08-04T04:58:01.076000-04:00,12.33110237121582,0.5367499589920044,-11.794352531433105
2026-08-04T04:58:01.080000-04:00,12.352614402770996,0.5621201992034912,-11.790493965148926
2026-08-04T04:58:01.084000-04:00,12.365007400512695,0.5902963280677795,-11.774710655212402
2026-08-04T04:58:01.088000-04:00,12.377750396728516,0.6273579001426697,-11.75039291381836
2026-08-04T04:58:01.092000-04:00,12.380439758300781,0.648285448551178,-11.73215389251709
2026-08-04T04:58:01.096000-04:00,12.368514060974121,0.6521435976028442,-11.716370582580566
2026-08-04T04:58:01.100000-04:00,12.312162399291992,0.652611255645752,-11.659551620483398
2026-08-04T04:58:01.104000-04:00,12.386168479919434,0.6524943113327026,-11.733674049377441
2026-08-04T04:58:01.108000-04:00,12.369333267211914,0.6467655301094055,-11.722567558288574
2026-08-04T04:58:01.112000-04:00,12.366761207580566,0.6260718703269958,-11.740689277648926
2026-08-04T04:58:01.116000-04:00,12.334141731262207,0.5909978151321411,-11.743144035339355
2026-08-04T04:58:01.120000-04:00,12.32747745513916,0.5706548690795898,-11.75682258605957
2026-08-04T04:58:01.124000-04:00,12.310057640075684,0.5340609550476074,-11.775997161865234
2026-08-04T04:58:01.128000-04:00,12.290182113647461,0.4874124526977539,-11.802769660949707
2026-08-04T04:58:01.132000-04:00,12.248794555664062,0.4287218451499939,-11.820073127746582
2026-08-04T04:58:01.136000-04:00,12.2076416015625,0.36710843443870544,-11.840533256530762
2026-08-04T04:58:01.140000-04:00,12.188467979431152,0.331566721200943,-11.856901168823242
2026-08-04T04:58:01.144000-04:00,12.167305946350098,0.2773188650608063,-11.889986991882324
2026-08-04T04:58:01.148000-04:00,12.147080421447754,0.24306319653987885,-11.904017448425293
2026-08-04T04:58:01.152000-04:00,12.110369682312012,0.18191742897033691,-11.928452491760254
2026-08-04T04:58:01.156000-04:00,12.100431442260742,0.15993767976760864,-11.9404935836792
2026-08-04T04:58:01.160000-04:00,12.07400894165039,0.11703042685985565,-11.956978797912598
2026-08-04T04:58:01.164000-04:00,12.077984809875488,0.10861265659332275,-11.969371795654297
2026-08-04T04:58:01.168000-04:00,12.052263259887695,0.06628996133804321,-11.985973358154297
2026-08-04T04:58:01.172000-04:00,12.03636360168457,0.025604059919714928,-12.010759353637695
2026-08-04T04:58:01.176000-04:00,12.027243614196777,0.019173815846443176,-12.00806999206543
2026-08-04T04:58:01.180000-04:00,12.021047592163086,0.006780983880162239,-12.014266967773438
2026-08-04T04:58:01.184000-04:00,12.023736953735352,-0.004091972950845957,-12.02782917022705
2026-08-04T04:58:01.188000-04:00,12.021632194519043,-0.0031566647812724113,-12.024788856506348
2026-08-04T04:58:01.192000-04:00,11.997899055480957,-0.027240848168730736,-12.025139808654785
2026-08-04T04:58:01.196000-04:00,11.996145248413086,-0.03460640087723732,-12.03075122833252
2026-08-04T04:58:01.200000-04:00,11.992286682128906,-0.03998441994190216,-12.032271385192871
2026-08-04T04:58:01.204000-04:00,11.996261596679688,-0.03729541227221489,-12.033556938171387
2026-08-04T04:58:01.208000-04:00,11.99591064453125,-0.04805145412683487,-12.043962478637695
2026-08-04T04:58:01.212000-04:00,11.984219551086426,-0.04419330880045891,-12.028412818908691
2026-08-04T04:58:01.216000-04:00,11.978374481201172,-0.05085738003253937,-12.029232025146484
2026-08-04T04:58:01.220000-04:00,11.976386070251465,-0.05623539909720421,-12.032621383666992
2026-08-04T04:58:01.224000-04:00,11.989714622497559,-0.037879977375268936,-12.027594566345215
2026-08-04T04:58:01.228000-04:00,11.988662719726562,-0.040568988770246506,-12.029232025146484
2026-08-04T04:58:01.232000-04:00,11.983283996582031,-0.03916602581739426,-12.02245044708252
2026-08-04T04:58:01.236000-04:00,11.982232093811035,-0.03858146071434021,-12.020813941955566
2026-08-04T04:58:01.240000-04:00,11.987844467163086,-0.04267343133687973,-12.030517578125
2026-08-04T04:58:01.244000-04:00,11.99123477935791,-0.02010912448167801,-12.011343955993652
2026-08-04T04:58:01.248000-04:00,11.996963500976562,-0.035424795001745224,-12.032388687133789
2026-08-04T04:58:01.252000-04:00,11.984804153442383,-0.04162121191620827,-12.0264253616333
2026-08-04T04:58:01.256000-04:00,11.980595588684082,-0.03156664967536926,-12.012162208557129
2026-08-04T04:58:01.260000-04:00,11.988429069519043,-0.02385035715997219,-12.012279510498047
2026-08-04T04:58:01.264000-04:00,11.995209693908691,-0.011925178579986095,-12.007134437561035
2026-08-04T04:58:01.268000-04:00,11.989948272705078,-0.011457524262368679,-12.001405715942383
2026-08-04T04:58:01.272000-04:00,11.987960815429688,-0.006079502869397402,-11.994040489196777
2026-08-04T04:58:01.276000-04:00,11.978023529052734,-0.008183945901691914,-11.986207008361816
2026-08-04T04:58:01.280000-04:00,11.984570503234863,-0.005845675710588694,-11.990416526794434
2026-08-04T04:58:01.284000-04:00,11.997079849243164,0.0003507405344862491,-11.996728897094727
2026-08-04T04:58:01.288000-04:00,12.00584888458252,0.020810605958104134,-11.985037803649902
2026-08-04T04:58:01.292000-04:00,12.002107620239258,0.01870616152882576,-11.98340129852295
2026-08-04T04:58:01.296000-04:00,11.992753982543945,0.010405302979052067,-11.982348442077637
2026-08-04T04:58:01.300000-04:00,12.006199836730957,0.01590023748576641,-11.990299224853516
2026-08-04T04:58:01.304000-04:00,12.01005744934082,0.015549497678875923,-11.994507789611816
2026-08-04T04:58:01.308000-04:00,12.008420944213867,0.039282940328121185,-11.969138145446777
2026-08-04T04:58:01.312000-04:00,12.006199836730957,0.03156664967536926,-11.97463321685791
2026-08-04T04:58:01.316000-04:00,12.011226654052734,0.013445054180920124,-11.997781753540039
2026-08-04T04:58:01.320000-04:00,12.007251739501953,0.022915048524737358,-11.984336853027344
2026-08-04T04:58:01.324000-04:00,12.021632194519043,0.034021832048892975,-11.987610816955566
2026-08-04T04:58:01.328000-04:00,12.015201568603516,0.04653158038854599,-11.968669891357422
2026-08-04T04:58:01.332000-04:00,12.017657279968262,0.026188626885414124,-11.99146842956543
2026-08-04T04:58:01.336000-04:00,12.006900787353516,0.02934529259800911,-11.977555274963379
2026-08-04T04:58:01.340000-04:00,12.007251739501953,0.0198752973228693,-11.98737621307373
2026-08-04T04:58:01.344000-04:00,12.01999568939209,0.02256430871784687,-11.997431755065918
2026-08-04T04:58:01.348000-04:00,12.013331413269043,0.019524557515978813,-11.993806838989258
2026-08-04T04:58:01.352000-04:00,12.011110305786133,0.02279813587665558,-11.988311767578125
2026-08-04T04:58:01.356000-04:00,12.012395858764648,0.003741232445463538,-12.008654594421387
2026-08-04T04:58:01.360000-04:00,12.013214111328125,0.00467654038220644,-12.008537292480469
2026-08-04T04:58:01.364000-04:00,12.019761085510254,0.012275919318199158,-12.007485389709473
2026-08-04T04:58:01.368000-04:00,12.01414966583252,0.007482464890927076,-12.006667137145996
2026-08-04T04:58:01.372000-04:00,12.005264282226562,-0.00023382702784147114,-12.005497932434082
2026-08-04T04:58:01.376000-04:00,12.00175666809082,-0.020576778799295425,-12.022333145141602
2026-08-04T04:58:01.380000-04:00,12.005615234375,-0.02127826027572155,-12.026893615722656
2026-08-04T04:58:01.384000-04:00,12.007251739501953,-0.024551838636398315,-12.031803131103516
2026-08-04T04:58:01.388000-04:00,12.005146980285645,-0.02537023276090622,-12.030517578125
2026-08-04T04:58:01.392000-04:00,12.002107620239258,-0.028526896610856056,-12.030634880065918
2026-08-04T04:58:01.396000-04:00,11.98924732208252,-0.019056903198361397,-12.008304595947266
2026-08-04T04:58:01.400000-04:00,12.001172065734863,-0.020927518606185913,-12.022099494934082
2026-08-04T04:58:01.404000-04:00,12.001172065734863,-0.02934529259800911,-12.030517578125
2026-08-04T04:58:01.408000-04:00,11.995443344116211,-0.014263448305428028,-12.009706497192383
2026-08-04T04:58:01.412000-04:00,11.994274139404297,-0.020810605958104134,-12.015085220336914
2026-08-04T04:58:01.416000-04:00,11.994274139404297,-0.04711614549160004,-12.041390419006348
2026-08-04T04:58:01.420000-04:00,11.990416526794434,-0.05226033926010132,-12.04267692565918
2026-08-04T04:58:01.424000-04:00,11.996261596679688,-0.033904917538166046,-12.030166625976562
2026-08-04T04:58:01.428000-04:00,11.999184608459473,-0.03624318912625313,-12.035428047180176
2026-08-04T04:58:01.432000-04:00,11.994507789611816,-0.02782541699707508,-12.022333145141602
2026-08-04T04:58:01.436000-04:00,11.986791610717773,-0.03881528601050377,-12.025607109069824
2026-08-04T04:58:01.440000-04:00,11.994507789611816,-0.04419330880045891,-12.038701057434082
2026-08-04T04:58:01.444000-04:00,11.998015403747559,-0.028526896610856056,-12.026542663574219
2026-08-04T04:58:01.448000-04:00,12.00199031829834,-0.03636010363698006,-12.038350105285645
2026-08-04T04:58:01.452000-04:00,11.99146842956543,-0.06219799071550369,-12.053666114807129
2026-08-04T04:58:01.456000-04:00,11.985272407531738,-0.05681996792554855,-12.042092323303223
2026-08-04T04:58:01.460000-04:00,11.995560646057129,-0.046063926070928574,-12.041625022888184
2026-08-04T04:58:01.464000-04:00,11.997430801391602,-0.0453624427318573,-12.042793273925781
2026-08-04T04:58:01.468000-04:00,11.99532699584961,-0.059275150299072266,-12.054601669311523
2026-08-04T04:58:01.472000-04:00,11.988194465637207,-0.05062355101108551,-12.038818359375
2026-08-04T04:58:01.476000-04:00,11.983868598937988,-0.06605613231658936,-12.049924850463867
2026-08-04T04:58:01.480000-04:00,11.982699394226074,-0.05997663363814354,-12.042675971984863
2026-08-04T04:58:01.484000-04:00,11.989948272705078,-0.052494168281555176,-12.042442321777344
2026-08-04T04:58:01.488000-04:00,11.999418258666992,-0.04033516347408295,-12.039752960205078
2026-08-04T04:58:01.492000-04:00,11.985973358154297,-0.03986750915646553,-12.025840759277344
2026-08-04T04:58:01.496000-04:00,11.976152420043945,-0.05553391948342323,-12.031686782836914
2026-08-04T04:58:01.500000-04:00,11.982349395751953,-0.06593922525644302,-12.048288345336914
2026-08-04T04:58:01.504000-04:00,11.988311767578125,-0.06640687584877014,-12.054718971252441
2026-08-04T04:58:01.508000-04:00,11.994040489196777,-0.06231490150094032,-12.056355476379395
2026-08-04T04:58:01.512000-04:00,12.003744125366211,-0.05448169633746147,-12.058225631713867
2026-08-04T04:58:01.516000-04:00,12.021514892578125,-0.010872956365346909,-12.032387733459473
2026-08-04T04:58:01.520000-04:00,12.009239196777344,0.005611848551779985,-12.00362777709961
2026-08-04T04:58:01.524000-04:00,12.014850616455078,0.018939988687634468,-11.99591064453125
2026-08-04T04:58:01.528000-04:00,12.010759353637695,0.023733442649245262,-11.98702621459961
2026-08-04T04:58:01.532000-04:00,12.015318870544434,0.02244739420711994,-11.992871284484863
2026-08-04T04:58:01.536000-04:00,12.015552520751953,0.066640704870224,-11.948911666870117
2026-08-04T04:58:01.540000-04:00,12.023502349853516,0.08616525679826736,-11.937336921691895
2026-08-04T04:58:01.544000-04:00,11.986791610717773,0.09984414279460907,-11.886947631835938
2026-08-04T04:58:01.548000-04:00,11.97907543182373,0.10662512481212616,-11.87244987487793
2026-08-04T04:58:01.552000-04:00,11.97463321685791,0.08008575439453125,-11.894547462463379
2026-08-04T04:58:01.556000-04:00,11.973931312561035,0.08569760620594025,-11.88823413848877
2026-08-04T04:58:01.560000-04:00,11.988662719726562,0.09528451412916183,-11.893378257751465
2026-08-04T04:58:01.564000-04:00,11.998950958251953,0.0834762454032898,-11.915474891662598
2026-08-04T04:58:01.568000-04:00,12.021748542785645,0.07517538964748383,-11.946573257446289
2026-08-04T04:58:01.572000-04:00,12.008888244628906,0.049922071397304535,-11.958966255187988
2026-08-04T04:58:01.576000-04:00,11.998132705688477,0.025720972567796707,-11.972412109375
2026-08-04T04:58:01.580000-04:00,12.001873970031738,0.016367891803383827,-11.985506057739258
2026-08-04T04:58:01.584000-04:00,12.008888244628906,0.015198756940662861,-11.99368953704834
2026-08-04T04:58:01.588000-04:00,11.978959083557129,-0.025837887078523636,-12.004796981811523
2026-08-04T04:58:01.592000-04:00,11.980361938476562,-0.05962589383125305,-12.039987564086914
2026-08-04T04:58:01.596000-04:00,11.966097831726074,-0.09820735454559326,-12.064305305480957
2026-08-04T04:58:01.600000-04:00,11.967735290527344,-0.10007796436548233,-12.0678129196167
2026-08-04T04:58:01.604000-04:00,11.972177505493164,-0.10779426246881485,-12.079971313476562
2026-08-04T04:58:01.608000-04:00,11.966682434082031,-0.10674203932285309,-12.073424339294434
2026-08-04T04:58:01.612000-04:00,11.958381652832031,-0.11328919231891632,-12.071670532226562
2026-08-04T04:58:01.616000-04:00,11.963759422302246,-0.10791117697954178,-12.071670532226562
2026-08-04T04:58:01.620000-04:00,11.962591171264648,-0.11901795864105225,-12.081608772277832
2026-08-04T04:58:01.624000-04:00,11.965630531311035,-0.11667968332767487,-12.082310676574707
2026-08-04T04:58:01.628000-04:00,11.95662784576416,-0.11539363861083984,-12.072021484375
2026-08-04T04:58:01.632000-04:00,11.95861530303955,-0.1349181979894638,-12.093533515930176
2026-08-04T04:58:01.636000-04:00,11.941312789916992,-0.1421668380498886,-12.083479881286621
2026-08-04T04:58:01.640000-04:00,11.941546440124512,-0.15526114404201508,-12.096807479858398
2026-08-04T04:58:01.644000-04:00,11.951016426086426,-0.14941547811031342,-12.100431442260742
2026-08-04T04:58:01.648000-04:00,11.951834678649902,-0.14836324751377106,-12.100197792053223
2026-08-04T04:58:01.652000-04:00,11.944936752319336,-0.1436867117881775,-12.088623046875
2026-08-04T04:58:01.656000-04:00,11.924009323120117,-0.12989091873168945,-12.053899765014648
2026-08-04T04:58:01.660000-04:00,11.90074348449707,-0.08476229757070541,-11.985506057739258
2026-08-04T04:58:01.664000-04:00,11.925763130187988,-0.03998441994190216,-11.965747833251953
2026-08-04T04:58:01.668000-04:00,11.962122917175293,-0.06979736685752869,-12.031920433044434
2026-08-04T04:58:01.672000-04:00,12.08640193939209,0.03729541227221489,-12.04910659790039
2026-08-04T04:58:01.676000-04:00,12.197236061096191,0.1598207801580429,-12.037415504455566
2026-08-04T04:58:01.680000-04:00,12.32326889038086,0.5348793268203735,-11.788389205932617
2026-08-04T04:58:01.684000-04:00,12.268553733825684,0.937529444694519,-11.331024169921875
2026-08-04T04:58:01.688000-04:00,12.207524299621582,1.6884649991989136,-10.519059181213379
2026-08-04T04:58:01.692000-04:00,12.147665023803711,2.098714590072632,-10.0489501953125
2026-08-04T04:58:01.696000-04:00,12.110369682312012,2.2177324295043945,-9.892637252807617
2026-08-04T04:58:01.700000-04:00,12.016721725463867,2.011263132095337,-10.00545883178711
2026-08-04T04:58:01.704000-04:00,12.00175666809082,1.565238118171692,-10.436518669128418
2026-08-04T04:58:01.708000-04:00,11.944819450378418,0.9469994902610779,-10.997819900512695
2026-08-04T04:58:01.712000-04:00,11.93803882598877,0.5657445192337036,-11.372294425964355
2026-08-04T04:58:01.716000-04:00,11.999067306518555,0.2444661557674408,-11.75460147857666
2026-08-04T04:58:01.720000-04:00,12.062551498413086,0.2179267853498459,-11.844624519348145
2026-08-04T04:58:01.724000-04:00,12.055419921875,0.14076386392116547,-11.914655685424805
2026-08-04T04:58:01.728000-04:00,12.030166625976562,0.09703821688890457,-11.933128356933594
2026-08-04T04:58:01.732000-04:00,12.03683090209961,0.048519108444452286,-11.988311767578125
2026-08-04T04:58:01.736000-04:00,12.036246299743652,0.020927518606185913,-12.015318870544434
2026-08-04T04:58:01.740000-04:00,12.040572166442871,0.010756043717265129,-12.029815673828125
2026-08-04T04:58:01.744000-04:00,12.039520263671875,-0.0003507405344862491,-12.039871215820312
2026-08-04T04:58:01.748000-04:00,12.029114723205566,-0.015315670520067215,-12.04443073272705
2026-08-04T04:58:01.752000-04:00,12.027243614196777,-0.03460640087723732,-12.061849594116211
2026-08-04T04:58:01.756000-04:00,12.03297233581543,-0.035424795001745224,-12.068397521972656
2026-08-04T04:58:01.760000-04:00,12.039987564086914,-0.03741232305765152,-12.077400207519531
2026-08-04T04:58:01.764000-04:00,12.058927536010742,-0.03600936383008957,-12.094937324523926
2026-08-04T04:58:01.768000-04:00,12.052029609680176,-0.028293069452047348,-12.080322265625
2026-08-04T04:58:01.772000-04:00,12.0512113571167,-0.019290730357170105,-12.070502281188965
2026-08-04T04:58:01.776000-04:00,12.060447692871094,-0.02513640560209751,-12.085583686828613
2026-08-04T04:58:01.780000-04:00,12.074359893798828,-0.013211227022111416,-12.087571144104004
2026-08-04T04:58:01.784000-04:00,12.081141471862793,-0.008417773060500622,-12.089559555053711
2026-08-04T04:58:01.788000-04:00,12.078452110290527,0.005611848551779985,-12.072840690612793
2026-08-04T04:58:01.792000-04:00,12.074828147888184,0.00806703232228756,-12.066761016845703
2026-08-04T04:58:01.796000-04:00,12.081608772277832,0.01601715199649334,-12.065591812133789
2026-08-04T04:58:01.800000-04:00,12.086519241333008,0.020810605958104134,-12.06570816040039
2026-08-04T04:58:01.804000-04:00,12.10078239440918,0.021745912730693817,-12.079036712646484
2026-08-04T04:58:01.808000-04:00,12.089675903320312,0.006897897459566593,-12.082777976989746
2026-08-04T04:58:01.812000-04:00,12.099145889282227,0.04080281779170036,-12.058342933654785
2026-08-04T04:58:01.816000-04:00,12.102302551269531,0.056586138904094696,-12.045716285705566
2026-08-04T04:58:01.820000-04:00,12.114811897277832,0.08137180656194687,-12.033439636230469
2026-08-04T04:58:01.824000-04:00,12.129426002502441,0.09773969650268555,-12.031686782836914
2026-08-04T04:58:01.828000-04:00,12.139715194702148,0.10241623967885971,-12.037299156188965
2026-08-04T04:58:01.832000-04:00,12.139246940612793,0.09844117611646652,-12.04080581665039
2026-08-04T04:58:01.836000-04:00,12.141351699829102,0.11703042685985565,-12.024321556091309
2026-08-04T04:58:01.840000-04:00,12.153393745422363,0.1357365846633911,-12.017657279968262
2026-08-04T04:58:01.844000-04:00,12.180517196655273,0.1626266986131668,-12.017890930175781
2026-08-04T04:58:01.848000-04:00,12.188935279846191,0.1710444688796997,-12.017890930175781
2026-08-04T04:58:01.852000-04:00,12.190104484558105,0.19010137021541595,-12.00000286102295
2026-08-04T04:58:01.856000-04:00,12.21208381652832,0.21547161042690277,-11.996612548828125
2026-08-04T04:58:01.860000-04:00,12.223541259765625,0.231605663895607,-11.991935729980469
2026-08-04T04:58:01.864000-04:00,12.264695167541504,0.2726423144340515,-11.992053031921387
2026-08-04T04:58:01.868000-04:00,12.26715087890625,0.3007015585899353,-11.966449737548828
2026-08-04T04:58:01.872000-04:00,12.284921646118164,0.3412705361843109,-11.94365119934082
2026-08-04T04:58:01.876000-04:00,12.29427433013916,0.36395177245140076,-11.930322647094727
2026-08-04T04:58:01.880000-04:00,12.33379077911377,0.3949338495731354,-11.938857078552246
2026-08-04T04:58:01.884000-04:00,12.34595012664795,0.42813730239868164,-11.91781234741211
2026-08-04T04:58:01.888000-04:00,12.379387855529785,0.46028849482536316,-11.919099807739258
2026-08-04T04:58:01.892000-04:00,12.376113891601562,0.4752534329891205,-11.900860786437988
2026-08-04T04:58:01.896000-04:00,12.393533706665039,0.5140687227249146,-11.879465103149414
2026-08-04T04:58:01.900000-04:00,12.414578437805176,0.5456353425979614,-11.868943214416504
2026-08-04T04:58:01.904000-04:00,12.415045738220215,0.5572097897529602,-11.85783576965332
2026-08-04T04:58:01.908000-04:00,12.421943664550781,0.5715901851654053,-11.850353240966797
2026-08-04T04:58:01.912000-04:00,12.408498764038086,0.57989102602005,-11.828607559204102
2026-08-04T04:58:01.916000-04:00,12.419839859008789,0.5662121772766113,-11.853628158569336
2026-08-04T04:58:01.920000-04:00,12.403705596923828,0.5672643780708313,-11.836441040039062
2026-08-04T04:58:01.924000-04:00,12.40335464477539,0.5639907717704773,-11.839364051818848
2026-08-04T04:58:01.928000-04:00,12.392599105834961,0.5362823009490967,-11.856316566467285
2026-08-04T04:58:01.932000-04:00,12.365241050720215,0.516640841960907,-11.848600387573242
2026-08-04T04:58:01.936000-04:00,12.338818550109863,0.46227604150772095,-11.876542091369629
2026-08-04T04:58:01.940000-04:00,12.31672191619873,0.4262666702270508,-11.89045524597168
2026-08-04T04:58:01.944000-04:00,12.290533065795898,0.3742401599884033,-11.916293144226074
2026-08-04T04:58:01.948000-04:00,12.271710395812988,0.3327358663082123,-11.938974380493164
2026-08-04T04:58:01.952000-04:00,12.231959342956543,0.26551058888435364,-11.966448783874512
2026-08-04T04:58:01.956000-04:00,12.21839714050293,0.22856591641902924,-11.98983097076416
2026-08-04T04:58:01.960000-04:00,12.196300506591797,0.18448951840400696,-12.011811256408691
2026-08-04T04:58:01.964000-04:00,12.167305946350098,0.14240066707134247,-12.02490520477295
2026-08-04T04:58:01.968000-04:00,12.14836597442627,0.11434141546487808,-12.034024238586426
2026-08-04T04:58:01.972000-04:00,12.118904113769531,0.05693688243627548,-12.061966896057129
2026-08-04T04:58:01.976000-04:00,12.10884952545166,0.017887767404317856,-12.090961456298828
2026-08-04T04:58:01.980000-04:00,12.085232734680176,-0.0028059242758899927,-12.088038444519043
2026-08-04T04:58:01.984000-04:00,12.088857650756836,-0.018939988687634468,-12.107797622680664
2026-08-04T04:58:01.988000-04:00,12.079621315002441,-0.03285269811749458,-12.11247444152832
2026-08-04T04:58:01.992000-04:00,12.061382293701172,-0.04699923098087311,-12.108381271362305
2026-08-04T04:58:01.996000-04:00,12.043728828430176,-0.08020266890525818,-12.123931884765625
2026-08-04T04:58:02-04:00,12.04735279083252,-0.08686674386262894,-12.1342191696167
2026-08-04T04:58:02.004000-04:00,12.046651840209961,-0.08604834973812103,-12.132699966430664
2026-08-04T04:58:02.008000-04:00,12.038935661315918,-0.08674982935190201,-12.125685691833496
2026-08-04T04:58:02.012000-04:00,12.030166625976562,-0.09084179997444153,-12.12100887298584
2026-08-04T04:58:02.016000-04:00,12.031335830688477,-0.11223697662353516,-12.143572807312012
2026-08-04T04:58:02.020000-04:00,12.04103946685791,-0.11551055312156677,-12.156550407409668
2026-08-04T04:58:02.024000-04:00,12.038351058959961,-0.10756043344736099,-12.14591121673584
2026-08-04T04:58:02.028000-04:00,12.031686782836914,-0.10452067852020264,-12.136207580566406
2026-08-04T04:58:02.032000-04:00,12.022917747497559,-0.11866721510887146,-12.141585350036621
2026-08-04T04:58:02.036000-04:00,12.027243614196777,-0.11352302134037018,-12.140767097473145
2026-08-04T04:58:02.040000-04:00,12.021632194519043,-0.12942326068878174,-12.151055335998535
2026-08-04T04:58:02.044000-04:00,12.036948204040527,-0.11539363861083984,-12.152341842651367
2026-08-04T04:58:02.048000-04:00,12.031218528747559,-0.11352302134037018,-12.144742012023926
2026-08-04T04:58:02.052000-04:00,12.016721725463867,-0.1204209178686142,-12.137142181396484
2026-08-04T04:58:02.056000-04:00,12.018241882324219,-0.12217462062835693,-12.140416145324707
2026-08-04T04:58:02.060000-04:00,12.02490520477295,-0.10697586834430695,-12.131880760192871
2026-08-04T04:58:02.064000-04:00,12.028997421264648,-0.09610290825366974,-12.125100135803223
2026-08-04T04:58:02.068000-04:00,12.031803131103516,-0.09364772588014603,-12.12545108795166
2026-08-04T04:58:02.072000-04:00,12.014500617980957,-0.10463759303092957,-12.11913776397705
2026-08-04T04:58:02.076000-04:00,12.015318870544434,-0.11095092445611954,-12.126269340515137
2026-08-04T04:58:02.080000-04:00,12.033323287963867,-0.11130166798830032,-12.144624710083008
2026-08-04T04:58:02.084000-04:00,12.033206939697266,-0.09201093763113022,-12.12521743774414
2026-08-04T04:58:02.088000-04:00,12.041857719421387,-0.09586907923221588,-12.137726783752441
2026-08-04T04:58:02.092000-04:00,12.036128997802734,-0.08978957682847977,-12.1259183883667
2026-08-04T04:58:02.096000-04:00,12.035194396972656,-0.08452846854925156,-12.119723320007324
2026-08-04T04:58:02.100000-04:00,12.029348373413086,-0.07365551590919495,-12.10300350189209
2026-08-04T04:58:02.104000-04:00,12.046300888061523,-0.055300090461969376,-12.101600646972656
2026-08-04T04:58:02.108000-04:00,12.045014381408691,-0.04910367727279663,-12.094118118286133
2026-08-04T04:58:02.112000-04:00,12.048521995544434,-0.06979736685752869,-12.118319511413574
2026-08-04T04:58:02.116000-04:00,12.055770874023438,-0.06979736685752869,-12.125568389892578
2026-08-04T04:58:02.120000-04:00,12.04934024810791,-0.07342168688774109,-12.122761726379395
2026-08-04T04:58:02.124000-04:00,12.0596284866333,-0.03846454620361328,-12.098093032836914
2026-08-04T04:58:02.128000-04:00,12.061850547790527,-0.03285269811749458,-12.094703674316406
2026-08-04T04:58:02.132000-04:00,12.052614212036133,-0.05050663650035858,-12.103120803833008
2026-08-04T04:58:02.136000-04:00,12.04910659790039,-0.05085738003253937,-12.099964141845703
2026-08-04T04:58:02.140000-04:00,12.059863090515137,-0.05342947691679001,-12.113292694091797
2026-08-04T04:58:02.144000-04:00,12.071203231811523,-0.05284490808844566,-12.124048233032227
2026-08-04T04:58:02.148000-04:00,12.057991981506348,-0.05950897932052612,-12.117501258850098
2026-08-04T04:58:02.152000-04:00,12.056706428527832,-0.05284490808844566,-12.109551429748535
2026-08-04T04:58:02.156000-04:00,12.052496910095215,-0.05471552535891533,-12.10721206665039
2026-08-04T04:58:02.160000-04:00,12.05904483795166,-0.06219799071550369,-12.12124252319336
2026-08-04T04:58:02.164000-04:00,12.06103229522705,-0.06278255581855774,-12.123814582824707
2026-08-04T04:58:02.168000-04:00,12.057524681091309,-0.0722525492310524,-12.129776954650879
2026-08-04T04:58:02.172000-04:00,12.043611526489258,-0.08476229757070541,-12.128374099731445
2026-08-04T04:58:02.176000-04:00,12.047937393188477,-0.0963367372751236,-12.14427375793457
2026-08-04T04:58:02.180000-04:00,12.057291030883789,-0.08102106302976608,-12.138312339782715
2026-08-04T04:58:02.184000-04:00,12.065942764282227,-0.08335933834314346,-12.14930248260498
2026-08-04T04:58:02.188000-04:00,12.056238174438477,-0.09107562899589539,-12.147314071655273
2026-08-04T04:58:02.192000-04:00,12.050626754760742,-0.08850353211164474,-12.139130592346191
2026-08-04T04:58:02.196000-04:00,12.043261528015137,-0.11258771270513535,-12.15584945678711
2026-08-04T04:58:02.200000-04:00,12.057758331298828,-0.10183166712522507,-12.159589767456055
2026-08-04T04:58:02.204000-04:00,12.06126594543457,-0.1120031476020813,-12.173269271850586
2026-08-04T04:58:02.208000-04:00,12.058460235595703,-0.13386596739292145,-12.192326545715332
2026-08-04T04:58:02.212000-04:00,12.05518627166748,-0.12065474689006805,-12.175841331481934
2026-08-04T04:58:02.216000-04:00,12.051094055175781,-0.12498054653406143,-12.176074981689453
2026-08-04T04:58:02.220000-04:00,12.057524681091309,-0.1256820261478424,-12.183206558227539
2026-08-04T04:58:02.224000-04:00,12.062551498413086,-0.13339832425117493,-12.19594955444336
2026-08-04T04:58:02.228000-04:00,12.046651840209961,-0.1301247477531433,-12.176776885986328
2026-08-04T04:58:02.232000-04:00,12.03858470916748,-0.1329306662082672,-12.171515464782715
2026-08-04T04:58:02.236000-04:00,12.032387733459473,-0.14181609451770782,-12.174203872680664
2026-08-04T04:58:02.240000-04:00,12.03495979309082,-0.13760720193386078,-12.172567367553711
2026-08-04T04:58:02.244000-04:00,12.04466438293457,-0.13363215327262878,-12.178296089172363
2026-08-04T04:58:02.248000-04:00,12.043261528015137,-0.13304758071899414,-12.176309585571289
2026-08-04T04:58:02.252000-04:00,12.031102180480957,-0.1312938779592514,-12.162396430969238
2026-08-04T04:58:02.256000-04:00,12.032622337341309,-0.13678881525993347,-12.169410705566406
2026-08-04T04:58:02.260000-04:00,12.043377876281738,-0.12731881439685822,-12.170696258544922
2026-08-04T04:58:02.264000-04:00,12.036012649536133,-0.11971943825483322,-12.155732154846191
2026-08-04T04:58:02.268000-04:00,12.038000106811523,-0.13351523876190186,-12.171515464782715
2026-08-04T04:58:02.272000-04:00,12.029465675354004,-0.13959473371505737,-12.169060707092285
2026-08-04T04:58:02.276000-04:00,12.038467407226562,-0.1469602882862091,-12.18542766571045
2026-08-04T04:58:02.280000-04:00,12.040104866027832,-0.15432584285736084,-12.194430351257324
2026-08-04T04:58:02.284000-04:00,12.049691200256348,-0.15607954561710358,-12.205770492553711
2026-08-04T04:58:02.288000-04:00,12.04267692565918,-0.13947781920433044,-12.182154655456543
2026-08-04T04:58:02.292000-04:00,12.03273868560791,-0.14473892748355865,-12.177477836608887
2026-08-04T04:58:02.296000-04:00,12.035778999328613,-0.16613410413265228,-12.201912879943848
2026-08-04T04:58:02.300000-04:00,12.046067237854004,-0.15596263110637665,-12.202030181884766
2026-08-04T04:58:02.304000-04:00,12.04934024810791,-0.14941547811031342,-12.198755264282227
2026-08-04T04:58:02.308000-04:00,12.057875633239746,-0.13000783324241638,-12.187883377075195
2026-08-04T04:58:02.312000-04:00,12.039285659790039,-0.15362435579299927,-12.192910194396973
2026-08-04T04:58:02.316000-04:00,12.029348373413086,-0.1654326170682907,-12.194781303405762
2026-08-04T04:58:02.320000-04:00,12.036012649536133,-0.17326582968235016,-12.209278106689453
2026-08-04T04:58:02.324000-04:00,12.030868530273438,-0.1702260822057724,-12.201094627380371
2026-08-04T04:58:02.328000-04:00,12.036012649536133,-0.1590023785829544,-12.195014953613281
2026-08-04T04:58:02.332000-04:00,12.027360916137695,-0.15280596911907196,-12.180167198181152
2026-08-04T04:58:02.336000-04:00,12.045365333557129,-0.15385818481445312,-12.199223518371582
2026-08-04T04:58:02.340000-04:00,12.051562309265137,-0.11212006211280823,-12.163681983947754
2026-08-04T04:58:02.344000-04:00,12.047821044921875,-0.09879191964864731,-12.146613121032715
2026-08-04T04:58:02.348000-04:00,12.046768188476562,-0.0963367372751236,-12.143104553222656
2026-08-04T04:58:02.352000-04:00,12.0347261428833,-0.08569760620594025,-12.120423316955566
2026-08-04T04:58:02.356000-04:00,12.043845176696777,-0.07844896614551544,-12.122294425964355
2026-08-04T04:58:02.360000-04:00,12.057991981506348,-0.051325034350156784,-12.1093168258667
2026-08-04T04:58:02.364000-04:00,12.068864822387695,0.004559627268463373,-12.064305305480957
2026-08-04T04:58:02.368000-04:00,12.046183586120605,0.009820735082030296,-12.036362648010254
2026-08-04T04:58:02.372000-04:00,12.036713600158691,0.004910367541015148,-12.031803131103516
2026-08-04T04:58:02.376000-04:00,12.035077095031738,-0.0389322005212307,-12.07400894165039
2026-08-04T04:58:02.380000-04:00,12.037531852722168,0.009002340957522392,-12.028529167175293
2026-08-04T04:58:02.384000-04:00,12.046300888061523,0.011340610682964325,-12.034960746765137
2026-08-04T04:58:02.388000-04:00,12.06980037689209,0.018121594563126564,-12.051678657531738
2026-08-04T04:58:02.392000-04:00,12.06149959564209,-0.03296961262822151,-12.09446907043457
2026-08-04T04:58:02.396000-04:00,12.059863090515137,-0.07213563472032547,-12.131999015808105
2026-08-04T04:58:02.400000-04:00,12.053315162658691,-0.09224475920200348,-12.145560264587402
2026-08-04T04:58:02.404000-04:00,12.064538955688477,-0.08417773246765137,-12.148716926574707
2026-08-04T04:58:02.408000-04:00,12.039987564086914,-0.10171476006507874,-12.141702651977539
2026-08-04T04:58:02.412000-04:00,12.026191711425781,-0.12229153513908386,-12.148483276367188
2026-08-04T04:58:02.416000-04:00,12.023853302001953,-0.16519878804683685,-12.189051628112793
2026-08-04T04:58:02.420000-04:00,12.021632194519043,-0.16309435665607452,-12.18472671508789
2026-08-04T04:58:02.424000-04:00,12.017539978027344,-0.16531570255756378,-12.182855606079102
2026-08-04T04:58:02.428000-04:00,12.006667137145996,-0.19080285727977753,-12.197469711303711
2026-08-04T04:58:02.432000-04:00,12.003861427307129,-0.19384260475635529,-12.197704315185547
2026-08-04T04:58:02.436000-04:00,12.007719039916992,-0.20015592873096466,-12.20787525177002
2026-08-04T04:58:02.440000-04:00,12.016955375671387,-0.19781766831874847,-12.214773178100586
2026-08-04T04:58:02.444000-04:00,12.014850616455078,-0.19863605499267578,-12.213486671447754
2026-08-04T04:58:02.448000-04:00,12.016019821166992,-0.2019096314907074,-12.21792984008789
2026-08-04T04:58:02.452000-04:00,11.99976921081543,-0.19886988401412964,-12.198638916015625
2026-08-04T04:58:02.456000-04:00,11.991585731506348,-0.20787222683429718,-12.199458122253418
2026-08-04T04:58:02.460000-04:00,11.996612548828125,-0.21909593045711517,-12.21570873260498
2026-08-04T04:58:02.464000-04:00,12.005030632019043,-0.1987529695034027,-12.203783988952637
2026-08-04T04:58:02.468000-04:00,11.99754810333252,-0.1962977945804596,-12.193845748901367
2026-08-04T04:58:02.472000-04:00,11.98129653930664,-0.21044433116912842,-12.191740989685059
2026-08-04T04:58:02.476000-04:00,11.979777336120605,-0.2187451869249344,-12.198522567749023
2026-08-04T04:58:02.480000-04:00,11.9600191116333,-0.1951286494731903,-12.155147552490234
2026-08-04T04:58:02.484000-04:00,11.955809593200684,-0.1585347205400467,-12.114344596862793
2026-08-04T04:58:02.488000-04:00,11.972177505493164,-0.13070930540561676,-12.102887153625488
2026-08-04T04:58:02.492000-04:00,12.011343955993652,-0.12696807086467743,-12.138312339782715
2026-08-04T04:58:02.496000-04:00,12.11738395690918,-0.04431022331118584,-12.161694526672363
2026-08-04T04:58:02.500000-04:00,12.309940338134766,0.209509015083313,-12.100431442260742
2026-08-04T04:58:02.504000-04:00,12.371203422546387,0.5076384544372559,-11.863565444946289
2026-08-04T04:58:02.508000-04:00,12.293222427368164,1.2042092084884644,-11.08901309967041
2026-08-04T04:58:02.512000-04:00,12.248210906982422,1.722369909286499,-10.525840759277344
2026-08-04T04:58:02.516000-04:00,12.159005165100098,2.188854694366455,-9.970149993896484
2026-08-04T04:58:02.520000-04:00,12.152925491333008,2.202065944671631,-9.950859069824219
2026-08-04T04:58:02.524000-04:00,12.07541275024414,1.949415922164917,-10.125996589660645
2026-08-04T04:58:02.528000-04:00,11.999651908874512,1.2535467147827148,-10.746105194091797
2026-08-04T04:58:02.532000-04:00,11.972177505493164,0.871590256690979,-11.100586891174316
2026-08-04T04:58:02.536000-04:00,11.992753982543945,0.32408425211906433,-11.668669700622559
2026-08-04T04:58:02.540000-04:00,12.047119140625,0.20682001113891602,-11.840299606323242
2026-08-04T04:58:02.544000-04:00,12.099145889282227,0.1436867117881775,-11.955459594726562
2026-08-04T04:58:02.548000-04:00,12.085232734680176,0.08476229757070541,-12.000470161437988
2026-08-04T04:58:02.552000-04:00,12.05296516418457,0.006897897459566593,-12.046067237854004
2026-08-04T04:58:02.556000-04:00,12.058576583862305,-0.012275919318199158,-12.070852279663086
2026-08-04T04:58:02.560000-04:00,12.075061798095703,-0.04559627175331116,-12.120657920837402
2026-08-04T04:58:02.564000-04:00,12.073307991027832,-0.059392064809799194,-12.132699966430664
2026-08-04T04:58:02.568000-04:00,12.067228317260742,-0.06348403543233871,-12.130712509155273
2026-08-04T04:58:02.572000-04:00,12.055419921875,-0.08885426819324493,-12.14427375793457
2026-08-04T04:58:02.576000-04:00,12.060914993286133,-0.08674982935190201,-12.147665023803711
2026-08-04T04:58:02.580000-04:00,12.076931953430176,-0.07400625199079514,-12.150938034057617
2026-08-04T04:58:02.584000-04:00,12.079270362854004,-0.06149650737643242,-12.140767097473145
2026-08-04T04:58:02.588000-04:00,12.082777976989746,-0.07084959000349045,-12.153627395629883
2026-08-04T04:58:02.592000-04:00,12.080439567565918,-0.07248637825250626,-12.152925491333008
2026-08-04T04:58:02.596000-04:00,12.080205917358398,-0.0859314352273941,-12.1661376953125
2026-08-04T04:58:02.600000-04:00,12.08230972290039,-0.07318785786628723,-12.155497550964355
2026-08-04T04:58:02.604000-04:00,12.084063529968262,-0.05833984166383743,-12.142403602600098
2026-08-04T04:58:02.608000-04:00,12.08172607421875,-0.05588465929031372,-12.13761043548584
2026-08-04T04:58:02.612000-04:00,12.081257820129395,-0.0582229308784008,-12.139480590820312
2026-08-04T04:58:02.616000-04:00,12.077049255371094,-0.04840219393372536,-12.12545108795166
2026-08-04T04:58:02.620000-04:00,12.093299865722656,-0.04127047210931778,-12.134570121765137
2026-08-04T04:58:02.624000-04:00,12.10639476776123,-0.010756043717265129,-12.117151260375977
2026-08-04T04:58:02.628000-04:00,12.109551429748535,-0.0075993784703314304,-12.117151260375977
2026-08-04T04:58:02.632000-04:00,12.106277465820312,-0.003039751434698701,-12.1093168258667
2026-08-04T04:58:02.636000-04:00,12.112590789794922,0.012275919318199158,-12.10031509399414
2026-08-04T04:58:02.640000-04:00,12.12545108795166,0.02244739420711994,-12.10300350189209
2026-08-04T04:58:02.644000-04:00,12.147080421447754,0.047349974513053894,-12.099730491638184
2026-08-04T04:58:02.648000-04:00,12.152107238769531,0.06979736685752869,-12.08230972290039
2026-08-04T04:58:02.652000-04:00,12.13153076171875,0.07049884647130966,-12.06103229522705
2026-08-04T04:58:02.656000-04:00,12.13351821899414,0.06512082368135452,-12.068397521972656
2026-08-04T04:58:02.660000-04:00,12.15175724029541,0.09540142863988876,-12.056355476379395
2026-08-04T04:58:02.664000-04:00,12.165669441223145,0.11130166798830032,-12.054368019104004
2026-08-04T04:58:02.668000-04:00,12.169761657714844,0.13281375169754028,-12.036948204040527
2026-08-04T04:58:02.672000-04:00,12.175139427185059,0.1529228836297989,-12.022216796875
2026-08-04T04:58:02.676000-04:00,12.196300506591797,0.16788780689239502,-12.028412818908691
2026-08-04T04:58:02.680000-04:00,12.215591430664062,0.20167581737041473,-12.013916015625
2026-08-04T04:58:02.684000-04:00,12.235934257507324,0.22774752974510193,-12.008186340332031
2026-08-04T04:58:02.688000-04:00,12.249496459960938,0.2652767598628998,-11.984219551086426
2026-08-04T04:58:02.692000-04:00,12.256628036499023,0.29123157262802124,-11.965396881103516
2026-08-04T04:58:02.696000-04:00,12.270657539367676,0.31625106930732727,-11.95440673828125
2026-08-04T04:58:02.700000-04:00,12.305615425109863,0.3620811402797699,-11.943533897399902
2026-08-04T04:58:02.704000-04:00,12.31064224243164,0.39762285351753235,-11.913019180297852
2026-08-04T04:58:02.708000-04:00,12.337064743041992,0.4404132068157196,-11.896651268005371
2026-08-04T04:58:02.712000-04:00,12.343378067016602,0.47466886043548584,-11.868709564208984
2026-08-04T04:58:02.716000-04:00,12.359044075012207,0.49045220017433167,-11.868592262268066
2026-08-04T04:58:02.720000-04:00,12.365708351135254,0.5167577266693115,-11.848950386047363
2026-08-04T04:58:02.724000-04:00,12.38920783996582,0.5476229190826416,-11.841585159301758
2026-08-04T04:58:02.728000-04:00,12.400431632995605,0.5708886981010437,-11.829543113708496
2026-08-04T04:58:02.732000-04:00,12.388740539550781,0.5725255012512207,-11.816215515136719
2026-08-04T04:58:02.736000-04:00,12.38675308227539,0.5739284157752991,-11.812824249267578
2026-08-04T04:58:02.740000-04:00,12.382660865783691,0.5719408988952637,-11.810720443725586
2026-08-04T04:58:02.744000-04:00,12.388740539550781,0.5591973662376404,-11.829543113708496
2026-08-04T04:58:02.748000-04:00,12.379387855529785,0.5511302947998047,-11.82825756072998
2026-08-04T04:58:02.752000-04:00,12.355887413024902,0.5102105736732483,-11.84567642211914
2026-08-04T04:58:02.756000-04:00,12.334141731262207,0.4945441782474518,-11.839597702026367
2026-08-04T04:58:02.760000-04:00,12.318242073059082,0.45947012305259705,-11.858772277832031
2026-08-04T04:58:02.764000-04:00,12.299535751342773,0.4176150858402252,-11.88192081451416
2026-08-04T04:58:02.768000-04:00,12.275918960571289,0.38242411613464355,-11.893494606018066
2026-08-04T04:58:02.772000-04:00,12.232076644897461,0.3127436637878418,-11.919332504272461
2026-08-04T04:58:02.776000-04:00,12.213603973388672,0.2614186108112335,-11.95218563079834
2026-08-04T04:58:02.780000-04:00,12.180283546447754,0.19173815846443176,-11.988545417785645
2026-08-04T04:58:02.784000-04:00,12.1620454788208,0.1649649739265442,-11.99708080291748
2026-08-04T04:58:02.788000-04:00,12.12743854522705,0.10428685694932938,-12.023151397705078
2026-08-04T04:58:02.792000-04:00,12.10686206817627,0.06418552249670029,-12.04267692565918
2026-08-04T04:58:02.796000-04:00,12.103120803833008,0.036477018147706985,-12.066643714904785
2026-08-04T04:58:02.800000-04:00,12.08838939666748,0.0052611082792282104,-12.083127975463867
2026-08-04T04:58:02.804000-04:00,12.074477195739746,-0.014146534726023674,-12.088624000549316
2026-08-04T04:58:02.808000-04:00,12.063019752502441,-0.0481683686375618,-12.111187934875488
2026-08-04T04:58:02.812000-04:00,12.047236442565918,-0.05904132500290871,-12.106277465820312
2026-08-04T04:58:02.816000-04:00,12.03636360168457,-0.07342168688774109,-12.109785079956055
2026-08-04T04:58:02.820000-04:00,12.034492492675781,-0.07400625199079514,-12.108498573303223
2026-08-04T04:58:02.824000-04:00,12.037064552307129,-0.08195637166500092,-12.119020462036133
2026-08-04T04:58:02.828000-04:00,12.027945518493652,-0.09820735454559326,-12.126152992248535
2026-08-04T04:58:02.832000-04:00,12.021398544311523,-0.09668747335672379,-12.118085861206055
2026-08-04T04:58:02.836000-04:00,12.016839027404785,-0.12895560264587402,-12.145794868469238
2026-08-04T04:58:02.840000-04:00,12.027945518493652,-0.11667968332767487,-12.144625663757324
2026-08-04T04:58:02.844000-04:00,12.026893615722656,-0.11410758644342422,-12.141000747680664
2026-08-04T04:58:02.848000-04:00,12.022801399230957,-0.11153548955917358,-12.134336471557617
2026-08-04T04:58:02.852000-04:00,12.011693954467773,-0.10978178679943085,-12.121476173400879
2026-08-04T04:58:02.856000-04:00,12.012980461120605,-0.12053783237934113,-12.13351821899414
2026-08-04T04:58:02.860000-04:00,12.013798713684082,-0.12381140887737274,-12.13761043548584
2026-08-04T04:58:02.864000-04:00,12.020345687866211,-0.1252143681049347,-12.145560264587402
2026-08-04T04:58:02.868000-04:00,12.01227855682373,-0.11141857504844666,-12.123697280883789
2026-08-04T04:58:02.872000-04:00,11.99930191040039,-0.10908030718564987,-12.108382225036621
2026-08-04T04:58:02.876000-04:00,12.003276824951172,-0.1136399358510971,-12.11691665649414
2026-08-04T04:58:02.880000-04:00,12.013447761535645,-0.10019487887620926,-12.113642692565918
2026-08-04T04:58:02.884000-04:00,12.02022933959961,-0.09247858822345734,-12.11270809173584
2026-08-04T04:58:02.888000-04:00,12.014616966247559,-0.09692130237817764,-12.11153793334961
2026-08-04T04:58:02.892000-04:00,12.00175666809082,-0.09399846196174622,-12.095755577087402
2026-08-04T04:58:02.896000-04:00,12.016488075256348,-0.09890883415937424,-12.115396499633789
2026-08-04T04:58:02.900000-04:00,12.019644737243652,-0.08265785127878189,-12.102302551269531
2026-08-04T04:58:02.904000-04:00,12.026074409484863,-0.07131724059581757,-12.097392082214355
2026-08-04T04:58:02.908000-04:00,12.020345687866211,-0.07751365751028061,-12.097859382629395
2026-08-04T04:58:02.912000-04:00,12.012980461120605,-0.07412316650152206,-12.087103843688965
2026-08-04T04:58:02.916000-04:00,12.015669822692871,-0.08195637166500092,-12.097625732421875
2026-08-04T04:58:02.920000-04:00,12.023853302001953,-0.06909588724374771,-12.092948913574219
2026-08-04T04:58:02.924000-04:00,12.037181854248047,-0.03823072090744972,-12.07541275024414
2026-08-04T04:58:02.928000-04:00,12.032271385192871,-0.04395947977900505,-12.076231002807617
2026-08-04T04:58:02.932000-04:00,12.029699325561523,-0.04021824896335602,-12.069917678833008
2026-08-04T04:58:02.936000-04:00,12.028646469116211,-0.04512861743569374,-12.073775291442871
2026-08-04T04:58:02.940000-04:00,12.034843444824219,-0.03367109224200249,-12.068514823913574
2026-08-04T04:58:02.944000-04:00,12.033556938171387,-0.026188626885414124,-12.059745788574219
2026-08-04T04:58:02.948000-04:00,12.03250503540039,-0.023148875683546066,-12.05565357208252
2026-08-04T04:58:02.952000-04:00,12.022684097290039,-0.02922837808728218,-12.051912307739258
2026-08-04T04:58:02.956000-04:00,12.037064552307129,-0.034138746559619904,-12.071203231811523
2026-08-04T04:58:02.960000-04:00,12.040923118591309,-0.030163686722517014,-12.071086883544922
2026-08-04T04:58:02.964000-04:00,12.054134368896484,-0.01847233437001705,-12.072607040405273
2026-08-04T04:58:02.968000-04:00,12.054601669311523,-0.01882307603955269,-12.073424339294434
2026-08-04T04:58:02.972000-04:00,12.050393104553223,-0.026890108361840248,-12.077282905578613
2026-08-04T04:58:02.976000-04:00,12.052029609680176,-0.030982080847024918,-12.083011627197266
2026-08-04T04:58:02.980000-04:00,12.048990249633789,-0.03308652341365814,-12.082077026367188
2026-08-04T04:58:02.984000-04:00,12.0512113571167,-0.03180047497153282,-12.083011627197266
2026-08-04T04:58:02.988000-04:00,12.044780731201172,-0.030865168198943138,-12.075645446777344
2026-08-04T04:58:02.992000-04:00,12.037649154663086,-0.04653158038854599,-12.08418083190918
2026-08-04T04:58:02.996000-04:00,12.037181854248047,-0.052611082792282104,-12.08979320526123
