created_at,lead_1,lead_2,lead_3
2026-08-04T04:56:21-04:00,12.403471946716309,0.7917383313179016,-11.611733436584473
2026-08-04T04:56:21.004000-04:00,12.404523849487305,0.8166409134864807,-11.587882995605469
2026-08-04T04:56:21.008000-04:00,12.404056549072266,0.8199144601821899,-11.584141731262207
2026-08-04T04:56:21.012000-04:00,12.413409233093262,0.8378022313117981,-11.575607299804688
2026-08-04T04:56:21.016000-04:00,12.413291931152344,0.8339440822601318,-11.579347610473633
2026-08-04T04:56:21.020000-04:00,12.419722557067871,0.8388544917106628,-11.580867767333984
2026-08-04T04:56:21.024000-04:00,12.416683197021484,0.857794463634491,-11.55888843536377
2026-08-04T04:56:21.028000-04:00,12.41165542602539,0.8645754456520081,-11.547080039978027
2026-08-04T04:56:21.032000-04:00,12.425217628479004,0.8615356683731079,-11.563681602478027
2026-08-04T04:56:21.036000-04:00,12.429192543029785,0.8611849546432495,-11.568007469177246
2026-08-04T04:56:21.040000-04:00,12.428140640258789,0.8650431036949158,-11.563097953796387
2026-08-04T04:56:21.044000-04:00,12.427672386169434,0.8636401295661926,-11.564032554626465
2026-08-04T04:56:21.048000-04:00,12.417150497436523,0.8679659366607666,-11.549184799194336
2026-08-04T04:56:21.052000-04:00,12.419020652770996,0.8649261593818665,-11.554094314575195
2026-08-04T04:56:21.056000-04:00,12.433869361877441,0.8794234395027161,-11.55444622039795
2026-08-04T04:56:21.060000-04:00,12.431530952453613,0.8687843084335327,-11.56274700164795
2026-08-04T04:56:21.064000-04:00,12.424750328063965,0.8644585013389587,-11.56029224395752
2026-08-04T04:56:21.068000-04:00,12.414578437805176,0.8616526126861572,-11.552926063537598
2026-08-04T04:56:21.072000-04:00,12.41352653503418,0.8546378016471863,-11.55888843536377
2026-08-04T04:56:21.076000-04:00,12.421359062194824,0.8580282926559448,-11.56333065032959
2026-08-04T04:56:21.080000-04:00,12.430479049682617,0.843180239200592,-11.587298393249512
2026-08-04T04:56:21.084000-04:00,12.421476364135742,0.8569760322570801,-11.56450080871582
2026-08-04T04:56:21.088000-04:00,12.421943664550781,0.8323072791099548,-11.58963680267334
2026-08-04T04:56:21.092000-04:00,12.412123680114746,0.8201482892036438,-11.591975212097168
2026-08-04T04:56:21.096000-04:00,12.41995620727539,0.8077554702758789,-11.612200736999512
2026-08-04T04:56:21.100000-04:00,12.425918579101562,0.811262845993042,-11.614655494689941
2026-08-04T04:56:21.104000-04:00,12.414344787597656,0.8095091581344604,-11.604835510253906
2026-08-04T04:56:21.108000-04:00,12.406744956970215,0.809158444404602,-11.597586631774902
2026-08-04T04:56:21.112000-04:00,12.411772727966309,0.812899649143219,-11.598873138427734
2026-08-04T04:56:21.116000-04:00,12.412123680114746,0.799688458442688,-11.612435340881348
2026-08-04T04:56:21.120000-04:00,12.414461135864258,0.7966486811637878,-11.617812156677246
2026-08-04T04:56:21.124000-04:00,12.41165542602539,0.7808653712272644,-11.630789756774902
2026-08-04T04:56:21.128000-04:00,12.412824630737305,0.7763057351112366,-11.636518478393555
2026-08-04T04:56:21.132000-04:00,12.412707328796387,0.780982255935669,-11.631725311279297
2026-08-04T04:56:21.136000-04:00,12.42358112335205,0.7955964803695679,-11.627985000610352
2026-08-04T04:56:21.140000-04:00,12.436441421508789,0.8242402672767639,-11.612200736999512
2026-08-04T04:56:21.144000-04:00,12.431413650512695,0.8479737043380737,-11.583439826965332
2026-08-04T04:56:21.148000-04:00,12.412357330322266,0.8387375473976135,-11.573619842529297
2026-08-04T04:56:21.152000-04:00,12.420774459838867,0.8632894158363342,-11.55748462677002
2026-08-04T04:56:21.156000-04:00,12.426737785339355,0.8635231852531433,-11.563214302062988
2026-08-04T04:56:21.160000-04:00,12.430010795593262,0.8743961453437805,-11.555614471435547
2026-08-04T04:56:21.164000-04:00,12.431063652038574,0.9139129519462585,-11.51715087890625
2026-08-04T04:56:21.168000-04:00,12.416683197021484,0.9567033052444458,-11.459980010986328
2026-08-04T04:56:21.172000-04:00,12.40335464477539,0.9683946371078491,-11.43496036529541
2026-08-04T04:56:21.176000-04:00,12.408498764038086,0.9682776927947998,-11.440220832824707
2026-08-04T04:56:21.180000-04:00,12.422996520996094,0.9762278199195862,-11.446768760681152
2026-08-04T04:56:21.184000-04:00,12.40768051147461,0.9809044003486633,-11.426775932312012
2026-08-04T04:56:21.188000-04:00,12.417384147644043,0.9674593210220337,-11.44992446899414
2026-08-04T04:56:21.192000-04:00,12.430946350097656,0.9578723907470703,-11.473073959350586
2026-08-04T04:56:21.196000-04:00,12.449535369873047,0.9335544109344482,-11.51598072052002
2026-08-04T04:56:21.200000-04:00,12.42182731628418,0.8670306205749512,-11.55479621887207
2026-08-04T04:56:21.204000-04:00,12.42182731628418,0.8670306205749512,-11.55479621887207
2026-08-04T04:56:21.208000-04:00,12.410135269165039,0.8583790063858032,-11.551755905151367
2026-08-04T04:56:21.212000-04:00,12.410252571105957,0.8492597937583923,-11.560993194580078
2026-08-04T04:56:21.216000-04:00,12.410719871520996,0.7977008819580078,-11.613018989562988
2026-08-04T04:56:21.220000-04:00,12.400665283203125,0.7876463532447815,-11.613018989562988
2026-08-04T04:56:21.224000-04:00,12.386051177978516,0.7692909240722656,-11.61676025390625
2026-08-04T04:56:21.228000-04:00,12.372138977050781,0.7449728846549988,-11.627165794372559
2026-08-04T04:56:21.232000-04:00,12.395638465881348,0.7460251450538635,-11.649613380432129
2026-08-04T04:56:21.236000-04:00,12.394702911376953,0.7351521849632263,-11.659550666809082
2026-08-04T04:56:21.240000-04:00,12.39084529876709,0.7242792248725891,-11.666565895080566
2026-08-04T04:56:21.244000-04:00,12.38675308227539,0.7291895747184753,-11.657563209533691
2026-08-04T04:56:21.248000-04:00,12.386285781860352,0.7217071056365967,-11.664578437805176
2026-08-04T04:56:21.252000-04:00,12.383245468139648,0.720187246799469,-11.663058280944824
2026-08-04T04:56:21.256000-04:00,12.38675308227539,0.7246299386024475,-11.66212272644043
2026-08-04T04:56:21.260000-04:00,12.389442443847656,0.7263836860656738,-11.66305923461914
2026-08-04T04:56:21.264000-04:00,12.382894515991211,0.7316447496414185,-11.651249885559082
2026-08-04T04:56:21.268000-04:00,12.37482738494873,0.7314109206199646,-11.643416404724121
2026-08-04T04:56:21.272000-04:00,12.382193565368652,0.7328138947486877,-11.64937973022461
2026-08-04T04:56:21.276000-04:00,12.377049446105957,0.7294234037399292,-11.647625923156738
2026-08-04T04:56:21.280000-04:00,12.368748664855957,0.7281373739242554,-11.64061164855957
2026-08-04T04:56:21.284000-04:00,12.334375381469727,0.7611069679260254,-11.57326889038086
2026-08-04T04:56:21.288000-04:00,12.347002029418945,0.7892831563949585,-11.557719230651855
2026-08-04T04:56:21.292000-04:00,12.385583877563477,0.7535076141357422,-11.632076263427734
2026-08-04T04:56:21.296000-04:00,12.500275611877441,0.8674982786178589,-11.632777214050293
2026-08-04T04:56:21.300000-04:00,12.617189407348633,1.0123541355133057,-11.604835510253906
2026-08-04T04:56:21.304000-04:00,12.785428047180176,1.4204992055892944,-11.36492919921875
2026-08-04T04:56:21.308000-04:00,12.69832706451416,1.8664073944091797,-10.83191967010498
2026-08-04T04:56:21.312000-04:00,12.6572904586792,2.6642251014709473,-9.993064880371094
2026-08-04T04:56:21.316000-04:00,12.526581764221191,3.1406476497650146,-9.385933876037598
2026-08-04T04:56:21.320000-04:00,12.518630981445312,3.1211230754852295,-9.397507667541504
2026-08-04T04:56:21.324000-04:00,12.44672966003418,2.8684730529785156,-9.578256607055664
2026-08-04T04:56:21.328000-04:00,12.403939247131348,2.422447919845581,-9.981491088867188
2026-08-04T04:56:21.332000-04:00,12.352965354919434,1.751247525215149,-10.601717948913574
2026-08-04T04:56:21.336000-04:00,12.359979629516602,1.401208519935608,-10.958770751953125
2026-08-04T04:56:21.340000-04:00,12.45923900604248,1.12482488155365,-11.3344144821167
2026-08-04T04:56:21.344000-04:00,12.510564804077148,1.0948950052261353,-11.415669441223145
2026-08-04T04:56:21.348000-04:00,12.49407958984375,1.024279236793518,-11.469799995422363
2026-08-04T04:56:21.352000-04:00,12.44895076751709,0.9332036972045898,-11.5157470703125
2026-08-04T04:56:21.356000-04:00,12.466838836669922,0.9128606915473938,-11.553977966308594
2026-08-04T04:56:21.360000-04:00,12.449886322021484,0.8807095289230347,-11.56917667388916
2026-08-04T04:56:21.364000-04:00,12.449652671813965,0.8727594017982483,-11.576892852783203
2026-08-04T04:56:21.368000-04:00,12.445794105529785,0.8560407757759094,-11.589753150939941
2026-08-04T04:56:21.372000-04:00,12.44918441772461,0.85077965259552,-11.598404884338379
2026-08-04T04:56:21.376000-04:00,12.451289176940918,0.8392052054405212,-11.61208438873291
2026-08-04T04:56:21.380000-04:00,12.457602500915527,0.8346455693244934,-11.622957229614258
2026-08-04T04:56:21.384000-04:00,12.445911407470703,0.8323072791099548,-11.613604545593262
2026-08-04T04:56:21.388000-04:00,12.450237274169922,0.8362823724746704,-11.613954544067383
2026-08-04T04:56:21.392000-04:00,12.44649600982666,0.8375684022903442,-11.608927726745605
2026-08-04T04:56:21.396000-04:00,12.463915824890137,0.8614187836647034,-11.602497100830078
2026-08-04T04:56:21.400000-04:00,12.46087646484375,0.8638739585876465,-11.597002029418945
2026-08-04T04:56:21.404000-04:00,12.462162017822266,0.8733439445495605,-11.588817596435547
2026-08-04T04:56:21.408000-04:00,12.449535369873047,0.8631724715232849,-11.586362838745117
2026-08-04T04:56:21.412000-04:00,12.469761848449707,0.8789557814598083,-11.590806007385254
2026-08-04T04:56:21.416000-04:00,12.48168659210205,0.9092363715171814,-11.572450637817383
2026-08-04T04:56:21.420000-04:00,12.481335639953613,0.9080672860145569,-11.573267936706543
2026-08-04T04:56:21.424000-04:00,12.475724220275879,0.9216292500495911,-11.554095268249512
2026-08-04T04:56:21.428000-04:00,12.472333908081055,0.9098209738731384,-11.56251335144043
2026-08-04T04:56:21.432000-04:00,12.487415313720703,0.9293455481529236,-11.558070182800293
2026-08-04T04:56:21.436000-04:00,12.49653434753418,0.9420890808105469,-11.554445266723633
2026-08-04T04:56:21.440000-04:00,12.494664192199707,0.9420890808105469,-11.55257511138916
2026-08-04T04:56:21.444000-04:00,12.492209434509277,0.9618474841117859,-11.530362129211426
2026-08-04T04:56:21.448000-04:00,12.500977516174316,0.9671086072921753,-11.533868789672852
2026-08-04T04:56:21.452000-04:00,12.51676082611084,0.9859316349029541,-11.530829429626465
2026-08-04T04:56:21.456000-04:00,12.526464462280273,1.009197473526001,-11.517267227172852
2026-08-04T04:56:21.460000-04:00,12.540727615356445,1.0432193279266357,-11.49750804901123
2026-08-04T04:56:21.464000-04:00,12.525879859924316,1.0440376996994019,-11.481842041015625
2026-08-04T04:56:21.468000-04:00,12.544001579284668,1.0539753437042236,-11.490026473999023
2026-08-04T04:56:21.472000-04:00,12.553004264831543,1.0829699039459229,-11.4700345993042
2026-08-04T04:56:21.476000-04:00,12.578842163085938,1.1164071559906006,-11.462434768676758
2026-08-04T04:56:21.480000-04:00,12.585622787475586,1.1397898197174072,-11.445833206176758
2026-08-04T04:56:21.484000-04:00,12.58924674987793,1.1722917556762695,-11.41695499420166
2026-08-04T04:56:21.488000-04:00,12.601757049560547,1.203507661819458,-11.398249626159668
2026-08-04T04:56:21.492000-04:00,12.612162590026855,1.2233830690383911,-11.388779640197754
2026-08-04T04:56:21.496000-04:00,12.647235870361328,1.2474671602249146,-11.399768829345703
2026-08-04T04:56:21.500000-04:00,12.656705856323242,1.2563526630401611,-11.40035343170166
2026-08-04T04:56:21.504000-04:00,12.663603782653809,1.2848795652389526,-11.378724098205566
2026-08-04T04:56:21.508000-04:00,12.674593925476074,1.29984450340271,-11.374749183654785
2026-08-04T04:56:21.512000-04:00,12.681258201599121,1.3142248392105103,-11.367033004760742
2026-08-04T04:56:21.516000-04:00,12.694820404052734,1.331644892692566,-11.363175392150879
2026-08-04T04:56:21.520000-04:00,12.696807861328125,1.3477790355682373,-11.349028587341309
2026-08-04T04:56:21.524000-04:00,12.687922477722168,1.3310604095458984,-11.35686206817627
2026-08-04T04:56:21.528000-04:00,12.681024551391602,1.3310604095458984,-11.349964141845703
2026-08-04T04:56:21.532000-04:00,12.672255516052246,1.3219411373138428,-11.350314140319824
2026-08-04T04:56:21.536000-04:00,12.676347732543945,1.30814528465271,-11.368202209472656
2026-08-04T04:56:21.540000-04:00,12.66290283203125,1.2997275590896606,-11.363175392150879
2026-08-04T04:56:21.544000-04:00,12.653666496276855,1.2741234302520752,-11.37954330444336
2026-08-04T04:56:21.548000-04:00,12.622684478759766,1.2293455600738525,-11.393339157104492
2026-08-04T04:56:21.552000-04:00,12.600120544433594,1.1934531927108765,-11.406667709350586
2026-08-04T04:56:21.556000-04:00,12.599067687988281,1.1667969226837158,-11.432271003723145
2026-08-04T04:56:21.560000-04:00,12.571710586547852,1.1243572235107422,-11.44735336303711
2026-08-04T04:56:21.564000-04:00,12.552419662475586,1.1062356233596802,-11.446184158325195
2026-08-04T04:56:21.568000-04:00,12.527750968933105,1.0642637014389038,-11.46348762512207
2026-08-04T04:56:21.572000-04:00,12.514422416687012,1.0404133796691895,-11.474008560180664
2026-08-04T04:56:21.576000-04:00,12.49606704711914,1.0013642311096191,-11.49470329284668
2026-08-04T04:56:21.580000-04:00,12.488701820373535,0.9674593210220337,-11.521242141723633
2026-08-04T04:56:21.584000-04:00,12.469528198242188,0.9500392079353333,-11.519489288330078
2026-08-04T04:56:21.588000-04:00,12.447080612182617,0.9109901189804077,-11.536090850830078
2026-08-04T04:56:21.592000-04:00,12.445443153381348,0.9039753079414368,-11.541467666625977
2026-08-04T04:56:21.596000-04:00,12.443806648254395,0.8833985328674316,-11.560407638549805
2026-08-04T04:56:21.600000-04:00,12.425333976745605,0.8729932308197021,-11.552340507507324
2026-08-04T04:56:21.604000-04:00,12.412707328796387,0.857794463634491,-11.554912567138672
2026-08-04T04:56:21.608000-04:00,12.399964332580566,0.849142849445343,-11.550821304321289
2026-08-04T04:56:21.612000-04:00,12.393417358398438,0.8415434956550598,-11.551874160766602
2026-08-04T04:56:21.616000-04:00,12.396105766296387,0.8366330862045288,-11.559473037719727
2026-08-04T04:56:21.620000-04:00,12.39306640625,0.8234218955039978,-11.569644927978516
2026-08-04T04:56:21.624000-04:00,12.380790710449219,0.8284491300582886,-11.55234146118164
2026-08-04T04:56:21.628000-04:00,12.373892784118652,0.8120812773704529,-11.561811447143555
2026-08-04T04:56:21.632000-04:00,12.377399444580078,0.8271631002426147,-11.550236701965332
2026-08-04T04:56:21.636000-04:00,12.383947372436523,0.8341779112815857,-11.549769401550293
2026-08-04T04:56:21.640000-04:00,12.377283096313477,0.8169916272163391,-11.560291290283203
2026-08-04T04:56:21.644000-04:00,12.375996589660645,0.8319565653800964,-11.544039726257324
2026-08-04T04:56:21.648000-04:00,12.363720893859863,0.8169916272163391,-11.54672908782959
2026-08-04T04:56:21.652000-04:00,12.383947372436523,0.836983859539032,-11.546963691711426
2026-08-04T04:56:21.656000-04:00,12.387571334838867,0.8428295254707336,-11.5447416305542
2026-08-04T04:56:21.660000-04:00,12.394469261169434,0.8603665232658386,-11.534102439880371
2026-08-04T04:56:21.664000-04:00,12.390260696411133,0.8637570142745972,-11.526503562927246
2026-08-04T04:56:21.668000-04:00,12.377165794372559,0.8631724715232849,-11.513993263244629
2026-08-04T04:56:21.672000-04:00,12.388038635253906,0.8621202707290649,-11.525918006896973
2026-08-04T04:56:21.676000-04:00,12.391546249389648,0.8781374096870422,-11.513408660888672
2026-08-04T04:56:21.680000-04:00,12.401718139648438,0.8960251808166504,-11.505693435668945
2026-08-04T04:56:21.684000-04:00,12.39891242980957,0.9005848169326782,-11.498327255249023
2026-08-04T04:56:21.688000-04:00,12.395404815673828,0.8978958129882812,-11.497509002685547
2026-08-04T04:56:21.692000-04:00,12.389091491699219,0.9017539620399475,-11.487337112426758
2026-08-04T04:56:21.696000-04:00,12.40943431854248,0.9154328107833862,-11.494001388549805
2026-08-04T04:56:21.700000-04:00,12.413993835449219,0.923733651638031,-11.490260124206543
2026-08-04T04:56:21.704000-04:00,12.41188907623291,0.9305146336555481,-11.481374740600586
2026-08-04T04:56:21.708000-04:00,12.40522575378418,0.9209277629852295,-11.484297752380371
2026-08-04T04:56:21.712000-04:00,12.399496078491211,0.9291117191314697,-11.47038459777832
2026-08-04T04:56:21.716000-04:00,12.410486221313477,0.9326190948486328,-11.477867126464844
2026-08-04T04:56:21.720000-04:00,12.413291931152344,0.9410368800163269,-11.472254753112793
2026-08-04T04:56:21.724000-04:00,12.402069091796875,0.9433751702308655,-11.458693504333496
2026-08-04T04:56:21.728000-04:00,12.402302742004395,0.9322683811187744,-11.4700345993042
2026-08-04T04:56:21.732000-04:00,12.405342102050781,0.9360095858573914,-11.469332695007324
2026-08-04T04:56:21.736000-04:00,12.412707328796387,0.9346066117286682,-11.478100776672363
2026-08-04T04:56:21.740000-04:00,12.419137954711914,0.9358927011489868,-11.483244895935059
2026-08-04T04:56:21.744000-04:00,12.405342102050781,0.925370454788208,-11.479971885681152
2026-08-04T04:56:21.748000-04:00,12.401249885559082,0.9299300909042358,-11.471320152282715
2026-08-04T04:56:21.752000-04:00,12.408732414245605,0.9303977489471436,-11.478334426879883
2026-08-04T04:56:21.756000-04:00,12.416448593139648,0.924318253993988,-11.492130279541016
2026-08-04T04:56:21.760000-04:00,12.411070823669434,0.9180049300193787,-11.49306583404541
2026-08-04T04:56:21.764000-04:00,12.406628608703613,0.9249027967453003,-11.481725692749023
2026-08-04T04:56:21.768000-04:00,12.393651008605957,0.9077165126800537,-11.485934257507324
2026-08-04T04:56:21.772000-04:00,12.396924018859863,0.8977788686752319,-11.4991455078125
2026-08-04T04:56:21.776000-04:00,12.410486221313477,0.8990648984909058,-11.511421203613281
2026-08-04T04:56:21.780000-04:00,12.405926704406738,0.8991818428039551,-11.506744384765625
2026-08-04T04:56:21.784000-04:00,12.400315284729004,0.8977788686752319,-11.50253677368164
2026-08-04T04:56:21.788000-04:00,12.40335464477539,0.8989480137825012,-11.504406929016113
2026-08-04T04:56:21.792000-04:00,12.400548934936523,0.895089864730835,-11.50545883178711
2026-08-04T04:56:21.796000-04:00,12.406628608703613,0.8703042268753052,-11.536324501037598
2026-08-04T04:56:21.800000-04:00,12.407797813415527,0.8781374096870422,-11.52966022491455
2026-08-04T04:56:21.804000-04:00,12.398795127868652,0.8685504794120789,-11.530244827270508
2026-08-04T04:56:21.808000-04:00,12.39330005645752,0.8615356683731079,-11.531764030456543
2026-08-04T04:56:21.812000-04:00,12.395171165466309,0.874279260635376,-11.520892143249512
2026-08-04T04:56:21.816000-04:00,12.391897201538086,0.8628217577934265,-11.529075622558594
2026-08-04T04:56:21.820000-04:00,12.392014503479004,0.8694857954978943,-11.522528648376465
2026-08-04T04:56:21.824000-04:00,12.38254451751709,0.8728762865066528,-11.509668350219727
2026-08-04T04:56:21.828000-04:00,12.39552116394043,0.882112443447113,-11.513408660888672
2026-08-04T04:56:21.832000-04:00,12.405926704406738,0.9197586178779602,-11.486167907714844
2026-08-04T04:56:21.836000-04:00,12.408265113830566,0.946765661239624,-11.461499214172363
2026-08-04T04:56:21.840000-04:00,12.390377044677734,0.9438427686691284,-11.446534156799316
2026-08-04T04:56:21.844000-04:00,12.394235610961914,0.9415045380592346,-11.452731132507324
2026-08-04T04:56:21.848000-04:00,12.384063720703125,0.9474670886993408,-11.436596870422363
2026-08-04T04:56:21.852000-04:00,12.394936561584473,0.9819566011428833,-11.412980079650879
2026-08-04T04:56:21.856000-04:00,12.4013671875,1.005690097808838,-11.39567756652832
2026-08-04T04:56:21.860000-04:00,12.377750396728516,1.0524554252624512,-11.325294494628906
2026-08-04T04:56:21.864000-04:00,12.377049446105957,1.0633283853530884,-11.313720703125
2026-08-04T04:56:21.868000-04:00,12.374944686889648,1.0324631929397583,-11.34248161315918
2026-08-04T04:56:21.872000-04:00,12.380790710449219,1.0512863397598267,-11.329504013061523
2026-08-04T04:56:21.876000-04:00,12.394235610961914,1.0649652481079102,-11.329270362854004
2026-08-04T04:56:21.880000-04:00,12.408966064453125,1.0525723695755005,-11.356393814086914
2026-08-04T04:56:21.884000-04:00,12.42358112335205,1.0408810377120972,-11.382699966430664
2026-08-04T04:56:21.888000-04:00,12.402652740478516,0.9793844819068909,-11.42326831817627
2026-08-04T04:56:21.892000-04:00,12.398677825927734,0.9513252377510071,-11.447352409362793
2026-08-04T04:56:21.896000-04:00,12.404056549072266,0.926422655582428,-11.477633476257324
2026-08-04T04:56:21.900000-04:00,12.40382194519043,0.921044647693634,-11.48277759552002
2026-08-04T04:56:21.904000-04:00,12.3889741897583,0.9021046757698059,-11.486869812011719
2026-08-04T04:56:21.908000-04:00,12.379972457885742,0.8717071413993835,-11.508265495300293
2026-08-04T04:56:21.912000-04:00,12.368046760559082,0.8429464101791382,-11.525100708007812
2026-08-04T04:56:21.916000-04:00,12.363369941711426,0.8278645873069763,-11.535505294799805
2026-08-04T04:56:21.920000-04:00,12.369683265686035,0.8237726092338562,-11.545910835266113
2026-08-04T04:56:21.924000-04:00,12.35600471496582,0.8287999033927917,-11.527204513549805
2026-08-04T04:56:21.928000-04:00,12.353199005126953,0.8189791440963745,-11.534219741821289
2026-08-04T04:56:21.932000-04:00,12.361148834228516,0.8083400130271912,-11.55280876159668
2026-08-04T04:56:21.936000-04:00,12.368280410766602,0.8047156929969788,-11.56356430053711
2026-08-04T04:56:21.940000-04:00,12.360915184020996,0.8078723549842834,-11.5530424118042
2026-08-04T04:56:21.944000-04:00,12.354718208312988,0.7987531423568726,-11.555965423583984
2026-08-04T04:56:21.948000-04:00,12.347586631774902,0.787763237953186,-11.559823036193848
2026-08-04T04:56:21.952000-04:00,12.351912498474121,0.7933751344680786,-11.558537483215332
2026-08-04T04:56:21.956000-04:00,12.34793758392334,0.790452241897583,-11.557485580444336
2026-08-04T04:56:21.960000-04:00,12.358927726745605,0.7944273352622986,-11.56450080871582
2026-08-04T04:56:21.964000-04:00,12.344429969787598,0.7835543751716614,-11.56087589263916
2026-08-04T04:56:21.968000-04:00,12.330634117126465,0.7967656254768372,-11.533868789672852
2026-08-04T04:56:21.972000-04:00,12.30888843536377,0.8083400130271912,-11.500548362731934
2026-08-04T04:56:21.976000-04:00,12.29626178741455,0.8461030721664429,-11.450159072875977
2026-08-04T04:56:21.980000-04:00,12.342676162719727,0.8410758376121521,-11.50160026550293
2026-08-04T04:56:21.984000-04:00,12.4013671875,0.8625879287719727,-11.538779258728027
2026-08-04T04:56:21.988000-04:00,12.5452880859375,1.0391273498535156,-11.506160736083984
2026-08-04T04:56:21.992000-04:00,12.649340629577637,1.2508577108383179,-11.398483276367188
2026-08-04T04:56:21.996000-04:00,12.620579719543457,1.8079506158828735,-10.812628746032715
2026-08-04T04:56:22-04:00,12.596729278564453,2.3408424854278564,-10.255887031555176
2026-08-04T04:56:22.004000-04:00,12.522022247314453,3.082892417907715,-9.439129829406738
2026-08-04T04:56:22.008000-04:00,12.464149475097656,3.2714738845825195,-9.192675590515137
2026-08-04T04:56:22.012000-04:00,12.39750862121582,3.281294584274292,-9.11621379852295
2026-08-04T04:56:22.016000-04:00,12.388623237609863,2.697077751159668,-9.691545486450195
2026-08-04T04:56:22.020000-04:00,12.37623119354248,2.2266178131103516,-10.149613380432129
2026-08-04T04:56:22.024000-04:00,12.400782585144043,1.5924789905548096,-10.808303833007812
2026-08-04T04:56:22.028000-04:00,12.413175582885742,1.2305147647857666,-11.182661056518555
2026-08-04T04:56:22.032000-04:00,12.491741180419922,1.165744662284851,-11.325996398925781
2026-08-04T04:56:22.036000-04:00,12.48601245880127,1.1290338039398193,-11.356978416442871
2026-08-04T04:56:22.040000-04:00,12.4221773147583,1.0284881591796875,-11.393689155578613
2026-08-04T04:56:22.044000-04:00,12.418787002563477,0.9860485792160034,-11.432738304138184
2026-08-04T04:56:22.048000-04:00,12.419137954711914,0.9564694762229919,-11.462668418884277
2026-08-04T04:56:22.052000-04:00,12.417501449584961,0.9238505959510803,-11.493650436401367
2026-08-04T04:56:22.056000-04:00,12.430712699890137,0.917537271976471,-11.513175010681152
2026-08-04T04:56:22.060000-04:00,12.411421775817871,0.8942714929580688,-11.517149925231934
2026-08-04T04:56:22.064000-04:00,12.419488906860352,0.9057289958000183,-11.51375961303711
2026-08-04T04:56:22.068000-04:00,12.41796875,0.896726667881012,-11.521242141723633
2026-08-04T04:56:22.072000-04:00,12.42018985748291,0.8915824294090271,-11.528607368469238
2026-08-04T04:56:22.076000-04:00,12.431297302246094,0.9098209738731384,-11.521476745605469
2026-08-04T04:56:22.080000-04:00,12.434921264648438,0.9105224609375,-11.524398803710938
2026-08-04T04:56:22.084000-04:00,12.432816505432129,0.9106393456459045,-11.522176742553711
2026-08-04T04:56:22.088000-04:00,12.430829048156738,0.9161342978477478,-11.514695167541504
2026-08-04T04:56:22.092000-04:00,12.436908721923828,0.925955057144165,-11.510953903198242
2026-08-04T04:56:22.096000-04:00,12.44895076751709,0.9301639199256897,-11.518786430358887
2026-08-04T04:56:22.100000-04:00,12.449886322021484,0.9308654069900513,-11.519021034240723
2026-08-04T04:56:22.104000-04:00,12.439714431762695,0.9415045380592346,-11.498209953308105
2026-08-04T04:56:22.108000-04:00,12.441351890563965,0.9334374666213989,-11.507914543151855
2026-08-04T04:56:22.112000-04:00,12.457135200500488,0.9568201899528503,-11.500314712524414
2026-08-04T04:56:22.116000-04:00,12.468008041381836,0.9712005853652954,-11.496807098388672
2026-08-04T04:56:22.120000-04:00,12.460291862487793,0.9785661101341248,-11.481725692749023
2026-08-04T04:56:22.124000-04:00,12.459707260131836,0.9835934042930603,-11.476114273071289
2026-08-04T04:56:22.128000-04:00,12.459122657775879,0.9855809211730957,-11.473541259765625
2026-08-04T04:56:22.132000-04:00,12.475957870483398,1.0054562091827393,-11.470501899719238
2026-08-04T04:56:22.136000-04:00,12.47724437713623,1.0196027755737305,-11.4576416015625
2026-08-04T04:56:22.140000-04:00,12.487532615661621,1.042167067527771,-11.445365905761719
2026-08-04T04:56:22.144000-04:00,12.486714363098145,1.0515201091766357,-11.43519401550293
2026-08-04T04:56:22.148000-04:00,12.487648963928223,1.0622762441635132,-11.425373077392578
2026-08-04T04:56:22.152000-04:00,12.512317657470703,1.0913876295089722,-11.420929908752441
2026-08-04T04:56:22.156000-04:00,12.520384788513184,1.1057679653167725,-11.414616584777832
2026-08-04T04:56:22.160000-04:00,12.537103652954102,1.128098487854004,-11.409005165100098
2026-08-04T04:56:22.164000-04:00,12.543066024780273,1.1479737758636475,-11.395092010498047
2026-08-04T04:56:22.168000-04:00,12.551016807556152,1.1718240976333618,-11.379192352294922
2026-08-04T04:56:22.172000-04:00,12.562474250793457,1.182697057723999,-11.379776954650879
2026-08-04T04:56:22.176000-04:00,12.585505485534668,1.2223308086395264,-11.363174438476562
2026-08-04T04:56:22.180000-04:00,12.60725212097168,1.2618476152420044,-11.345404624938965
2026-08-04T04:56:22.184000-04:00,12.606316566467285,1.2645366191864014,-11.341779708862305
2026-08-04T04:56:22.188000-04:00,12.623970031738281,1.2730712890625,-11.350898742675781
2026-08-04T04:56:22.192000-04:00,12.648405075073242,1.3056901693344116,-11.3427152633667
2026-08-04T04:56:22.196000-04:00,12.664305686950684,1.3323464393615723,-11.331958770751953
2026-08-04T04:56:22.200000-04:00,12.667228698730469,1.3386597633361816,-11.328569412231445
2026-08-04T04:56:22.204000-04:00,12.665474891662598,1.357132077217102,-11.308342933654785
2026-08-04T04:56:22.208000-04:00,12.669683456420898,1.3485974073410034,-11.321085929870605
2026-08-04T04:56:22.212000-04:00,12.679153442382812,1.3621593713760376,-11.316993713378906
2026-08-04T04:56:22.216000-04:00,12.69166374206543,1.3676543235778809,-11.32400894165039
2026-08-04T04:56:22.220000-04:00,12.67541217803955,1.3621593713760376,-11.313252449035645
2026-08-04T04:56:22.224000-04:00,12.660798072814941,1.3453238010406494,-11.315474510192871
2026-08-04T04:56:22.228000-04:00,12.65238094329834,1.33901047706604,-11.313370704650879
2026-08-04T04:56:22.232000-04:00,12.643611907958984,1.3065085411071777,-11.337102890014648
2026-08-04T04:56:22.236000-04:00,12.639870643615723,1.2990260124206543,-11.340845108032227
2026-08-04T04:56:22.240000-04:00,12.616838455200195,1.2599769830703735,-11.356861114501953
2026-08-04T04:56:22.244000-04:00,12.60117244720459,1.2161344289779663,-11.385038375854492
2026-08-04T04:56:22.248000-04:00,12.575217247009277,1.182697057723999,-11.3925199508667
2026-08-04T04:56:22.252000-04:00,12.551133155822754,1.152767300605774,-11.39836597442627
2026-08-04T04:56:22.256000-04:00,12.541780471801758,1.1279815435409546,-11.413799285888672
2026-08-04T04:56:22.260000-04:00,12.515357971191406,1.0855419635772705,-11.429816246032715
2026-08-04T04:56:22.264000-04:00,12.499223709106445,1.068940281867981,-11.430283546447754
2026-08-04T04:56:22.268000-04:00,12.468826293945312,1.0270851850509644,-11.441740989685059
2026-08-04T04:56:22.272000-04:00,12.456901550292969,1.0228763818740845,-11.434024810791016
2026-08-04T04:56:22.276000-04:00,12.447314262390137,0.9859316349029541,-11.461382865905762
2026-08-04T04:56:22.280000-04:00,12.435038566589355,0.9585738778114319,-11.47646427154541
2026-08-04T04:56:22.284000-04:00,12.41188907623291,0.9458303451538086,-11.466058731079102
2026-08-04T04:56:22.288000-04:00,12.397041320800781,0.9275918006896973,-11.469449996948242
2026-08-04T04:56:22.292000-04:00,12.3972749710083,0.924318253993988,-11.472956657409668
2026-08-04T04:56:22.296000-04:00,12.393767356872559,0.9102886319160461,-11.483478546142578
2026-08-04T04:56:22.300000-04:00,12.397743225097656,0.8946222066879272,-11.503121376037598
2026-08-04T04:56:22.304000-04:00,12.37915325164795,0.8829308748245239,-11.496222496032715
2026-08-04T04:56:22.308000-04:00,12.369098663330078,0.8680828213691711,-11.501015663146973
2026-08-04T04:56:22.312000-04:00,12.37061882019043,0.8582621216773987,-11.512356758117676
2026-08-04T04:56:22.316000-04:00,12.372138977050781,0.85183185338974,-11.520307540893555
2026-08-04T04:56:22.320000-04:00,12.37669849395752,0.8415434956550598,-11.535155296325684
2026-08-04T04:56:22.324000-04:00,12.361499786376953,0.8397897481918335,-11.521710395812988
2026-08-04T04:56:22.328000-04:00,12.354835510253906,0.8393220901489258,-11.51551342010498
2026-08-04T04:56:22.332000-04:00,12.36185073852539,0.8630555868148804,-11.498795509338379
2026-08-04T04:56:22.336000-04:00,12.37085247039795,0.862938642501831,-11.507913589477539
2026-08-04T04:56:22.340000-04:00,12.353432655334473,0.8399066925048828,-11.51352596282959
2026-08-04T04:56:22.344000-04:00,12.349691390991211,0.8330087661743164,-11.516682624816895
2026-08-04T04:56:22.348000-04:00,12.344079971313477,0.8344117403030396,-11.509668350219727
2026-08-04T04:56:22.352000-04:00,12.359044075012207,0.8588466644287109,-11.500197410583496
2026-08-04T04:56:22.356000-04:00,12.360447883605957,0.8589636087417603,-11.501483917236328
2026-08-04T04:56:22.360000-04:00,12.352965354919434,0.8736947178840637,-11.479270935058594
2026-08-04T04:56:22.364000-04:00,12.369566917419434,0.8954405784606934,-11.474126815795898
2026-08-04T04:56:22.368000-04:00,12.365123748779297,0.8971943259239197,-11.46792984008789
2026-08-04T04:56:22.372000-04:00,12.364890098571777,0.8926346898078918,-11.47225570678711
2026-08-04T04:56:22.376000-04:00,12.377634048461914,0.8990648984909058,-11.478569030761719
2026-08-04T04:56:22.380000-04:00,12.375646591186523,0.9079503417015076,-11.467696189880371
2026-08-04T04:56:22.384000-04:00,12.369683265686035,0.9187064170837402,-11.450977325439453
2026-08-04T04:56:22.388000-04:00,12.372138977050781,0.926422655582428,-11.44571590423584
2026-08-04T04:56:22.392000-04:00,12.381842613220215,0.932385265827179,-11.449457168579102
2026-08-04T04:56:22.396000-04:00,12.387104034423828,0.9271241426467896,-11.459980010986328
2026-08-04T04:56:22.400000-04:00,12.375061988830566,0.9288778901100159,-11.446184158325195
2026-08-04T04:56:22.404000-04:00,12.377750396728516,0.9503899812698364,-11.427360534667969
2026-08-04T04:56:22.408000-04:00,12.373775482177734,0.9473502039909363,-11.426424980163574
2026-08-04T04:56:22.412000-04:00,12.391663551330566,0.9460641741752625,-11.445599555969238
2026-08-04T04:56:22.416000-04:00,12.381725311279297,0.9596261382102966,-11.422099113464355
2026-08-04T04:56:22.420000-04:00,12.375762939453125,0.9520267248153687,-11.423736572265625
2026-08-04T04:56:22.424000-04:00,12.376581192016602,0.9439597129821777,-11.432621002197266
2026-08-04T04:56:22.428000-04:00,12.379855155944824,0.9520267248153687,-11.427828788757324
2026-08-04T04:56:22.432000-04:00,12.379855155944824,0.9493377208709717,-11.430517196655273
2026-08-04T04:56:22.436000-04:00,12.3889741897583,0.9498053789138794,-11.439168930053711
2026-08-04T04:56:22.440000-04:00,12.380439758300781,0.9568201899528503,-11.423619270324707
2026-08-04T04:56:22.444000-04:00,12.385817527770996,0.9432582259178162,-11.442559242248535
2026-08-04T04:56:22.448000-04:00,12.371554374694824,0.9357757568359375,-11.435778617858887
2026-08-04T04:56:22.452000-04:00,12.383479118347168,0.9406861066818237,-11.442792892456055
2026-08-04T04:56:22.456000-04:00,12.383596420288086,0.9257212281227112,-11.45787525177002
2026-08-04T04:56:22.460000-04:00,12.377867698669434,0.9308654069900513,-11.447002410888672
2026-08-04T04:56:22.464000-04:00,12.377516746520996,0.9274749159812927,-11.450041770935059
2026-08-04T04:56:22.468000-04:00,12.37085247039795,0.9288778901100159,-11.441974639892578
2026-08-04T04:56:22.472000-04:00,12.3723726272583,0.9204601049423218,-11.451912879943848
2026-08-04T04:56:22.476000-04:00,12.388038635253906,0.912159264087677,-11.475879669189453
2026-08-04T04:56:22.480000-04:00,12.382894515991211,0.906196653842926,-11.47669792175293
2026-08-04T04:56:22.484000-04:00,12.37283992767334,0.904559850692749,-11.468279838562012
2026-08-04T04:56:22.488000-04:00,12.367344856262207,0.8788388967514038,-11.488506317138672
2026-08-04T04:56:22.492000-04:00,12.371086120605469,0.8963758945465088,-11.474710464477539
2026-08-04T04:56:22.496000-04:00,12.382660865783691,0.8927515745162964,-11.489909172058105
2026-08-04T04:56:22.500000-04:00,12.375411987304688,0.9042091369628906,-11.471202850341797
2026-08-04T04:56:22.504000-04:00,12.370267868041992,0.8830477595329285,-11.48721981048584
2026-08-04T04:56:22.508000-04:00,12.365123748779297,0.8781374096870422,-11.48698616027832
2026-08-04T04:56:22.512000-04:00,12.36453914642334,0.8762667775154114,-11.488272666931152
2026-08-04T04:56:22.516000-04:00,12.372489929199219,0.8783712387084961,-11.494118690490723
2026-08-04T04:56:22.520000-04:00,12.363604545593262,0.8791896104812622,-11.484415054321289
2026-08-04T04:56:22.524000-04:00,12.357524871826172,0.8665629625320435,-11.490962028503418
2026-08-04T04:56:22.528000-04:00,12.358694076538086,0.8494935631752014,-11.509200096130371
2026-08-04T04:56:22.532000-04:00,12.372021675109863,0.8844507336616516,-11.487570762634277
2026-08-04T04:56:22.536000-04:00,12.382660865783691,0.8942714929580688,-11.488389015197754
2026-08-04T04:56:22.540000-04:00,12.395171165466309,0.925955057144165,-11.469216346740723
2026-08-04T04:56:22.544000-04:00,12.378803253173828,0.9535466432571411,-11.425256729125977
2026-08-04T04:56:22.548000-04:00,12.363253593444824,0.9450119137763977,-11.418241500854492
2026-08-04T04:56:22.552000-04:00,12.368748664855957,0.9576386213302612,-11.411109924316406
2026-08-04T04:56:22.556000-04:00,12.379621505737305,0.9606783390045166,-11.418943405151367
2026-08-04T04:56:22.560000-04:00,12.3971586227417,0.9888545274734497,-11.408304214477539
2026-08-04T04:56:22.564000-04:00,12.393417358398438,1.021590232849121,-11.371827125549316
2026-08-04T04:56:22.568000-04:00,12.359278678894043,1.0524554252624512,-11.30682373046875
2026-08-04T04:56:22.572000-04:00,12.33963680267334,1.0609900951385498,-11.278646469116211
2026-08-04T04:56:22.576000-04:00,12.358810424804688,1.0476620197296143,-11.311148643493652
2026-08-04T04:56:22.580000-04:00,12.360330581665039,1.0671865940093994,-11.293144226074219
2026-08-04T04:56:22.584000-04:00,12.362435340881348,1.078410267829895,-11.284025192260742
2026-08-04T04:56:22.588000-04:00,12.376815795898438,1.077241063117981,-11.299574851989746
2026-08-04T04:56:22.592000-04:00,12.398210525512695,1.0698755979537964,-11.32833480834961
2026-08-04T04:56:22.596000-04:00,12.401951789855957,1.0256822109222412,-11.376269340515137
2026-08-04T04:56:22.600000-04:00,12.382076263427734,0.9786830544471741,-11.403392791748047
2026-08-04T04:56:22.604000-04:00,12.368046760559082,0.948870062828064,-11.419177055358887
2026-08-04T04:56:22.608000-04:00,12.361967086791992,0.9279425740242004,-11.434024810791016
2026-08-04T04:56:22.612000-04:00,12.369917869567871,0.9240844249725342,-11.445833206176758
2026-08-04T04:56:22.616000-04:00,12.352848052978516,0.8760329484939575,-11.476815223693848
2026-08-04T04:56:22.620000-04:00,12.348522186279297,0.8631724715232849,-11.485349655151367
2026-08-04T04:56:22.624000-04:00,12.331803321838379,0.843180239200592,-11.488622665405273
2026-08-04T04:56:22.628000-04:00,12.325840950012207,0.8223696351051331,-11.503471374511719
2026-08-04T04:56:22.632000-04:00,12.336246490478516,0.829384446144104,-11.506861686706543
2026-08-04T04:56:22.636000-04:00,12.348522186279297,0.8285660743713379,-11.519956588745117
2026-08-04T04:56:22.640000-04:00,12.343027114868164,0.8181607723236084,-11.524866104125977
2026-08-04T04:56:22.644000-04:00,12.326776504516602,0.8125489354133606,-11.514227867126465
2026-08-04T04:56:22.648000-04:00,12.327945709228516,0.8061186671257019,-11.52182674407959
2026-08-04T04:56:22.652000-04:00,12.339052200317383,0.8069370985031128,-11.53211498260498
2026-08-04T04:56:22.656000-04:00,12.334609985351562,0.8044818639755249,-11.530128479003906
2026-08-04T04:56:22.660000-04:00,12.326659202575684,0.812899649143219,-11.51375961303711
2026-08-04T04:56:22.664000-04:00,12.328763961791992,0.7985193133354187,-11.530244827270508
2026-08-04T04:56:22.668000-04:00,12.322333335876465,0.812899649143219,-11.50943374633789
2026-08-04T04:56:22.672000-04:00,12.332036972045898,0.826695442199707,-11.505341529846191
2026-08-04T04:56:22.676000-04:00,12.326659202575684,0.835347056388855,-11.491312026977539
2026-08-04T04:56:22.680000-04:00,12.285388946533203,0.8319565653800964,-11.453432083129883
2026-08-04T04:56:22.684000-04:00,12.270190238952637,0.8664460778236389,-11.403743743896484
2026-08-04T04:56:22.688000-04:00,12.31087589263916,0.8596650958061218,-11.451210975646973
2026-08-04T04:56:22.692000-04:00,12.372138977050781,0.8703042268753052,-11.501834869384766
2026-08-04T04:56:22.696000-04:00,12.52482795715332,1.0123541355133057,-11.512474060058594
2026-08-04T04:56:22.700000-04:00,12.653199195861816,1.1977789402008057,-11.45542049407959
2026-08-04T04:56:22.704000-04:00,12.655771255493164,1.6917386054992676,-10.964033126831055
2026-08-04T04:56:22.708000-04:00,12.598015785217285,2.4631338119506836,-10.134881973266602
2026-08-04T04:56:22.712000-04:00,12.51453971862793,2.9463374614715576,-9.568202018737793
2026-08-04T04:56:22.716000-04:00,12.445560455322266,3.196181535720825,-9.24937915802002
2026-08-04T04:56:22.720000-04:00,12.396223068237305,3.1985199451446533,-9.19770336151123
2026-08-04T04:56:22.724000-04:00,12.340923309326172,2.7150826454162598,-9.62584114074707
2026-08-04T04:56:22.728000-04:00,12.335661888122559,2.2201876640319824,-10.115474700927734
2026-08-04T04:56:22.732000-04:00,12.366292953491211,1.670927882194519,-10.695364952087402
2026-08-04T04:56:22.736000-04:00,12.398444175720215,1.2944663763046265,-11.103978157043457
2026-08-04T04:56:22.740000-04:00,12.481335639953613,1.1846846342086792,-11.296650886535645
2026-08-04T04:56:22.744000-04:00,12.453393936157227,1.1366331577301025,-11.316761016845703
2026-08-04T04:56:22.748000-04:00,12.408147811889648,1.0803977251052856,-11.327750205993652
2026-08-04T04:56:22.752000-04:00,12.407563209533691,0.9941155910491943,-11.413447380065918
2026-08-04T04:56:22.756000-04:00,12.414695739746094,0.9859316349029541,-11.428764343261719
2026-08-04T04:56:22.760000-04:00,12.409083366394043,0.9737726449966431,-11.435310363769531
2026-08-04T04:56:22.764000-04:00,12.406277656555176,0.9630166292190552,-11.44326114654541
2026-08-04T04:56:22.768000-04:00,12.398327827453613,0.9526113271713257,-11.445716857910156
2026-08-04T04:56:22.772000-04:00,12.39750862121582,0.9464148879051208,-11.451093673706055
2026-08-04T04:56:22.776000-04:00,12.40358829498291,0.9437258839607239,-11.45986270904541
2026-08-04T04:56:22.780000-04:00,12.407563209533691,0.9409199357032776,-11.466643333435059
2026-08-04T04:56:22.784000-04:00,12.40966796875,0.9557679891586304,-11.453900337219238
2026-08-04T04:56:22.788000-04:00,12.415163040161133,0.9542481303215027,-11.460914611816406
2026-08-04T04:56:22.792000-04:00,12.419839859008789,0.9628996849060059,-11.456939697265625
2026-08-04T04:56:22.796000-04:00,12.423697471618652,0.9630166292190552,-11.460680961608887
2026-08-04T04:56:22.800000-04:00,12.430479049682617,0.9832426309585571,-11.447236061096191
2026-08-04T04:56:22.804000-04:00,12.418904304504395,0.9770462512969971,-11.441858291625977
2026-08-04T04:56:22.808000-04:00,12.419605255126953,0.9869838953018188,-11.432621002197266
2026-08-04T04:56:22.812000-04:00,12.445560455322266,0.9922450184822083,-11.453315734863281
2026-08-04T04:56:22.816000-04:00,12.443339347839355,1.0072098970413208,-11.436129570007324
2026-08-04T04:56:22.820000-04:00,12.443806648254395,1.012704849243164,-11.43110179901123
2026-08-04T04:56:22.824000-04:00,12.438896179199219,1.014809250831604,-11.424086570739746
2026-08-04T04:56:22.828000-04:00,12.4386625289917,1.0190181732177734,-11.419644355773926
2026-08-04T04:56:22.832000-04:00,12.454445838928223,1.042985439300537,-11.411460876464844
2026-08-04T04:56:22.836000-04:00,12.454913139343262,1.0607563257217407,-11.394156455993652
2026-08-04T04:56:22.840000-04:00,12.46087646484375,1.0701093673706055,-11.390767097473145
2026-08-04T04:56:22.844000-04:00,12.46087646484375,1.0699924230575562,-11.390884399414062
2026-08-04T04:56:22.848000-04:00,12.464734077453613,1.0892832279205322,-11.37545108795166
2026-08-04T04:56:22.852000-04:00,12.488350868225098,1.1102107763290405,-11.378140449523926
2026-08-04T04:56:22.856000-04:00,12.49209213256836,1.1195638179779053,-11.372528076171875
2026-08-04T04:56:22.860000-04:00,12.505537033081055,1.134879469871521,-11.370657920837402
2026-08-04T04:56:22.864000-04:00,12.498405456542969,1.1465708017349243,-11.351834297180176
2026-08-04T04:56:22.868000-04:00,12.512317657470703,1.1667969226837158,-11.345520973205566
2026-08-04T04:56:22.872000-04:00,12.52529525756836,1.1914656162261963,-11.333829879760742
2026-08-04T04:56:22.876000-04:00,12.546807289123535,1.218121886253357,-11.328685760498047
2026-08-04T04:56:22.880000-04:00,12.554991722106934,1.245128870010376,-11.309863090515137
2026-08-04T04:56:22.884000-04:00,12.562005996704102,1.2593923807144165,-11.302613258361816
2026-08-04T04:56:22.888000-04:00,12.586090087890625,1.2832427024841309,-11.302846908569336
2026-08-04T04:56:22.892000-04:00,12.594741821289062,1.3008966445922852,-11.293845176696777
2026-08-04T04:56:22.896000-04:00,12.620930671691895,1.335503101348877,-11.28542709350586
2026-08-04T04:56:22.900000-04:00,12.623736381530762,1.3551445007324219,-11.26859188079834
2026-08-04T04:56:22.904000-04:00,12.633557319641113,1.3751367330551147,-11.258420944213867
2026-08-04T04:56:22.908000-04:00,12.646885871887207,1.3902186155319214,-11.256667137145996
2026-08-04T04:56:22.912000-04:00,12.65705680847168,1.4081063270568848,-11.248950958251953
2026-08-04T04:56:22.916000-04:00,12.661499977111816,1.437100887298584,-11.22439956665039
2026-08-04T04:56:22.920000-04:00,12.66512393951416,1.4461032152175903,-11.21902084350586
2026-08-04T04:56:22.924000-04:00,12.653549194335938,1.4378024339675903,-11.215746879577637
2026-08-04T04:56:22.928000-04:00,12.645950317382812,1.4085739850997925,-11.23737621307373
2026-08-04T04:56:22.932000-04:00,12.65436840057373,1.4089246988296509,-11.245443344116211
2026-08-04T04:56:22.936000-04:00,12.646417617797852,1.3864773511886597,-11.259940147399902
2026-08-04T04:56:22.940000-04:00,12.630867958068848,1.3689403533935547,-11.261927604675293
2026-08-04T04:56:22.944000-04:00,12.607603073120117,1.3404134511947632,-11.267189979553223
2026-08-04T04:56:22.948000-04:00,12.59287166595459,1.3228764533996582,-11.269994735717773
2026-08-04T04:56:22.952000-04:00,12.592988014221191,1.2921282052993774,-11.300859451293945
2026-08-04T04:56:22.956000-04:00,12.572996139526367,1.2666410207748413,-11.306355476379395
2026-08-04T04:56:22.960000-04:00,12.5535888671875,1.2237337827682495,-11.329854965209961
2026-08-04T04:56:22.964000-04:00,12.530556678771973,1.174630045890808,-11.355926513671875
2026-08-04T04:56:22.968000-04:00,12.503549575805664,1.1395560503005981,-11.363993644714355
2026-08-04T04:56:22.972000-04:00,12.490922927856445,1.1197975873947144,-11.371125221252441
2026-08-04T04:56:22.976000-04:00,12.474204063415527,1.095362663269043,-11.378841400146484
2026-08-04T04:56:22.980000-04:00,12.444391250610352,1.0692909955978394,-11.375100135803223
2026-08-04T04:56:22.984000-04:00,12.434220314025879,1.0500003099441528,-11.384220123291016
2026-08-04T04:56:22.988000-04:00,12.409550666809082,1.0024164915084839,-11.407134056091309
2026-08-04T04:56:22.992000-04:00,12.416916847229004,1.0066254138946533,-11.41029167175293
2026-08-04T04:56:22.996000-04:00,12.407797813415527,0.9766954779624939,-11.431102752685547
2026-08-04T04:56:23-04:00,12.397392272949219,0.9628996849060059,-11.434492111206055
2026-08-04T04:56:23.004000-04:00,12.376113891601562,0.9455965161323547,-11.430517196655273
2026-08-04T04:56:23.008000-04:00,12.365592002868652,0.9239674806594849,-11.441624641418457
2026-08-04T04:56:23.012000-04:00,12.359278678894043,0.9146144390106201,-11.444664001464844
2026-08-04T04:56:23.016000-04:00,12.363954544067383,0.9170696139335632,-11.446885108947754
2026-08-04T04:56:23.020000-04:00,12.364890098571777,0.9137960076332092,-11.451093673706055
2026-08-04T04:56:23.024000-04:00,12.35425090789795,0.9039753079414368,-11.450275421142578
2026-08-04T04:56:23.028000-04:00,12.34817123413086,0.8955575227737427,-11.452613830566406
2026-08-04T04:56:23.032000-04:00,12.356355667114258,0.9142636656761169,-11.442091941833496
2026-08-04T04:56:23.036000-04:00,12.360915184020996,0.9113408327102661,-11.44957447052002
2026-08-04T04:56:23.040000-04:00,12.350743293762207,0.9068981409072876,-11.44384479522705
2026-08-04T04:56:23.044000-04:00,12.349224090576172,0.905612051486969,-11.443612098693848
2026-08-04T04:56:23.048000-04:00,12.349340438842773,0.9136791229248047,-11.435661315917969
2026-08-04T04:56:23.052000-04:00,12.359395027160645,0.9215123057365417,-11.437882423400879
2026-08-04T04:56:23.056000-04:00,12.368514060974121,0.9364772439002991,-11.432036399841309
2026-08-04T04:56:23.060000-04:00,12.36477279663086,0.9489870071411133,-11.415785789489746
2026-08-04T04:56:23.064000-04:00,12.353081703186035,0.9401015639305115,-11.412980079650879
2026-08-04T04:56:23.068000-04:00,12.361148834228516,0.9436089992523193,-11.417539596557617
2026-08-04T04:56:23.072000-04:00,12.365007400512695,0.9422060251235962,-11.42280101776123
2026-08-04T04:56:23.076000-04:00,12.373892784118652,0.9595091938972473,-11.414383888244629
2026-08-04T04:56:23.080000-04:00,12.375178337097168,0.9595091938972473,-11.415669441223145
2026-08-04T04:56:23.084000-04:00,12.372138977050781,0.9759939908981323,-11.39614486694336
2026-08-04T04:56:23.088000-04:00,12.374711036682129,0.9688622951507568,-11.405848503112793
2026-08-04T04:56:23.092000-04:00,12.379737854003906,0.9731881022453308,-11.406549453735352
2026-08-04T04:56:23.096000-04:00,12.390143394470215,0.9925957322120667,-11.397547721862793
2026-08-04T04:56:23.100000-04:00,12.383362770080566,0.998909056186676,-11.384453773498535
2026-08-04T04:56:23.104000-04:00,12.368982315063477,0.9817227721214294,-11.387259483337402
2026-08-04T04:56:23.108000-04:00,12.382894515991211,1.0013642311096191,-11.38153076171875
2026-08-04T04:56:23.112000-04:00,12.385116577148438,1.0041701793670654,-11.380946159362793
2026-08-04T04:56:23.116000-04:00,12.391779899597168,1.0061577558517456,-11.385622024536133
2026-08-04T04:56:23.120000-04:00,12.391195297241211,1.0040532350540161,-11.387142181396484
2026-08-04T04:56:23.124000-04:00,12.375880241394043,0.9952847361564636,-11.380595207214355
2026-08-04T04:56:23.128000-04:00,12.390377044677734,1.008028268814087,-11.382349014282227
2026-08-04T04:56:23.132000-04:00,12.388623237609863,1.014809250831604,-11.37381362915039
2026-08-04T04:56:23.136000-04:00,12.396339416503906,1.0041701793670654,-11.392168998718262
2026-08-04T04:56:23.140000-04:00,12.388740539550781,1.0102496147155762,-11.378490447998047
2026-08-04T04:56:23.144000-04:00,12.383129119873047,0.9838272333145142,-11.399301528930664
2026-08-04T04:56:23.148000-04:00,12.383830070495605,0.9750587344169617,-11.408771514892578
2026-08-04T04:56:23.152000-04:00,12.390143394470215,0.9831257462501526,-11.407017707824707
2026-08-04T04:56:23.156000-04:00,12.395872116088867,0.9852302074432373,-11.41064167022705
2026-08-04T04:56:23.160000-04:00,12.389442443847656,0.9770462512969971,-11.412396430969238
2026-08-04T04:56:23.164000-04:00,12.388389587402344,0.9695637822151184,-11.41882610321045
2026-08-04T04:56:23.168000-04:00,12.37845230102539,0.9606783390045166,-11.417774200439453
2026-08-04T04:56:23.172000-04:00,12.38745403289795,0.9598599672317505,-11.427594184875488
2026-08-04T04:56:23.176000-04:00,12.388273239135742,0.9453626871109009,-11.442910194396973
2026-08-04T04:56:23.180000-04:00,12.383129119873047,0.9378802180290222,-11.4452486038208
2026-08-04T04:56:23.184000-04:00,12.37260627746582,0.9325022101402283,-11.440104484558105
2026-08-04T04:56:23.188000-04:00,12.378568649291992,0.9440765976905823,-11.434492111206055
2026-08-04T04:56:23.192000-04:00,12.388506889343262,0.9388155341148376,-11.449691772460938
2026-08-04T04:56:23.196000-04:00,12.409550666809082,0.9917773604393005,-11.417773246765137
2026-08-04T04:56:23.200000-04:00,12.394001960754395,0.9938817620277405,-11.40011978149414
2026-08-04T04:56:23.204000-04:00,12.379621505737305,0.9874515533447266,-11.392169952392578
2026-08-04T04:56:23.208000-04:00,12.380088806152344,1.0069761276245117,-11.373112678527832
2026-08-04T04:56:23.212000-04:00,12.395638465881348,1.0051054954528809,-11.390533447265625
2026-08-04T04:56:23.216000-04:00,12.40580940246582,1.0220578908920288,-11.38375186920166
2026-08-04T04:56:23.220000-04:00,12.410719871520996,1.066485047340393,-11.344234466552734
2026-08-04T04:56:23.224000-04:00,12.35845947265625,1.0961811542510986,-11.26227855682373
2026-08-04T04:56:23.228000-04:00,12.35179615020752,1.0974671840667725,-11.254328727722168
2026-08-04T04:56:23.232000-04:00,12.366761207580566,1.092439889907837,-11.274321556091309
2026-08-04T04:56:23.236000-04:00,12.382309913635254,1.1009745597839355,-11.281335830688477
2026-08-04T04:56:23.240000-04:00,12.377283096313477,1.1148872375488281,-11.262395858764648
2026-08-04T04:56:23.244000-04:00,12.398561477661133,1.1070541143417358,-11.291507720947266
2026-08-04T04:56:23.248000-04:00,12.415863990783691,1.0901015996932983,-11.325762748718262
2026-08-04T04:56:23.252000-04:00,12.407914161682129,1.054092288017273,-11.353821754455566
2026-08-04T04:56:23.256000-04:00,12.401016235351562,1.0063915252685547,-11.394624710083008
2026-08-04T04:56:23.260000-04:00,12.384063720703125,0.9630166292190552,-11.42104721069336
2026-08-04T04:56:23.264000-04:00,12.375646591186523,0.9339051246643066,-11.441741943359375
2026-08-04T04:56:23.268000-04:00,12.362435340881348,0.9149651527404785,-11.447469711303711
2026-08-04T04:56:23.272000-04:00,12.371554374694824,0.8989480137825012,-11.472606658935547
2026-08-04T04:56:23.276000-04:00,12.361499786376953,0.8819955587387085,-11.479504585266113
2026-08-04T04:56:23.280000-04:00,12.349340438842773,0.859431266784668,-11.489909172058105
2026-08-04T04:56:23.284000-04:00,12.350977897644043,0.8572098612785339,-11.493767738342285
2026-08-04T04:56:23.288000-04:00,12.347352981567383,0.8477398753166199,-11.499612808227539
2026-08-04T04:56:23.292000-04:00,12.346417427062988,0.8451678156852722,-11.501249313354492
2026-08-04T04:56:23.296000-04:00,12.360681533813477,0.833710253238678,-11.526970863342285
2026-08-04T04:56:23.300000-04:00,12.358694076538086,0.8335933685302734,-11.525100708007812
2026-08-04T04:56:23.304000-04:00,12.332856178283691,0.7985193133354187,-11.534337043762207
2026-08-04T04:56:23.308000-04:00,12.350275993347168,0.8012083172798157,-11.549067497253418
2026-08-04T04:56:23.312000-04:00,12.348989486694336,0.811847448348999,-11.537141799926758
2026-08-04T04:56:23.316000-04:00,12.344079971313477,0.8226034641265869,-11.521476745605469
2026-08-04T04:56:23.320000-04:00,12.343611717224121,0.8090415000915527,-11.534570693969727
2026-08-04T04:56:23.324000-04:00,12.334843635559082,0.8077554702758789,-11.527088165283203
2026-08-04T04:56:23.328000-04:00,12.33718204498291,0.8024943470954895,-11.534687995910645
2026-08-04T04:56:23.332000-04:00,12.338000297546387,0.8277477025985718,-11.510252952575684
2026-08-04T04:56:23.336000-04:00,12.31941032409668,0.8265785574913025,-11.49283218383789
2026-08-04T04:56:23.340000-04:00,12.294157028198242,0.8754484057426453,-11.418708801269531
2026-08-04T04:56:23.344000-04:00,12.340104103088379,0.8462200164794922,-11.493884086608887
2026-08-04T04:56:23.348000-04:00,12.377165794372559,0.8406081795692444,-11.5365571975708
2026-08-04T04:56:23.352000-04:00,12.517462730407715,1.0090805292129517,-11.508381843566895
2026-08-04T04:56:23.356000-04:00,12.662200927734375,1.2029231786727905,-11.459278106689453
2026-08-04T04:56:23.360000-04:00,12.702770233154297,1.7040144205093384,-10.99875545501709
2026-08-04T04:56:23.364000-04:00,12.61730670928955,2.2303590774536133,-10.386947631835938
2026-08-04T04:56:23.368000-04:00,12.544118881225586,2.999065399169922,-9.545053482055664
2026-08-04T04:56:23.372000-04:00,12.468475341796875,3.256392002105713,-9.21208381652832
2026-08-04T04:56:23.376000-04:00,12.449301719665527,3.237802743911743,-9.211499214172363
2026-08-04T04:56:23.380000-04:00,12.36839771270752,2.7627832889556885,-9.60561466217041
2026-08-04T04:56:23.384000-04:00,12.330517768859863,2.2657837867736816,-10.064733505249023
2026-08-04T04:56:23.388000-04:00,12.332387924194336,1.6329309940338135,-10.699457168579102
2026-08-04T04:56:23.392000-04:00,12.367579460144043,1.2685116529464722,-11.099067687988281
2026-08-04T04:56:23.396000-04:00,12.466605186462402,1.1552224159240723,-11.311382293701172
2026-08-04T04:56:23.400000-04:00,12.478529930114746,1.1068202257156372,-11.371709823608398
2026-08-04T04:56:23.404000-04:00,12.413409233093262,1.0301250219345093,-11.383284568786621
2026-08-04T04:56:23.408000-04:00,12.433869361877441,0.9762278199195862,-11.4576416015625
2026-08-04T04:56:23.412000-04:00,12.428140640258789,0.9638350009918213,-11.464305877685547
2026-08-04T04:56:23.416000-04:00,12.431413650512695,0.9368279576301575,-11.494585990905762
2026-08-04T04:56:23.420000-04:00,12.425100326538086,0.9234998226165771,-11.50160026550293
2026-08-04T04:56:23.424000-04:00,12.4055757522583,0.8914655447006226,-11.514110565185547
2026-08-04T04:56:23.428000-04:00,12.41574764251709,0.8894780278205872,-11.526269912719727
2026-08-04T04:56:23.432000-04:00,12.42849063873291,0.8931023478507996,-11.535387992858887
2026-08-04T04:56:23.436000-04:00,12.437026023864746,0.9064304828643799,-11.530595779418945
2026-08-04T04:56:23.440000-04:00,12.429659843444824,0.912159264087677,-11.517500877380371
2026-08-04T04:56:23.444000-04:00,12.431764602661133,0.9129776358604431,-11.518787384033203
2026-08-04T04:56:23.448000-04:00,12.4303617477417,0.8956744074821472,-11.534687042236328
2026-08-04T04:56:23.452000-04:00,12.447898864746094,0.9196416735649109,-11.528257369995117
2026-08-04T04:56:23.456000-04:00,12.447314262390137,0.9251366257667542,-11.522177696228027
2026-08-04T04:56:23.460000-04:00,12.457368850708008,0.9404522776603699,-11.516916275024414
2026-08-04T04:56:23.464000-04:00,12.44018268585205,0.929696261882782,-11.510486602783203
2026-08-04T04:56:23.468000-04:00,12.452925682067871,0.9318007230758667,-11.521124839782715
2026-08-04T04:56:23.472000-04:00,12.464617729187012,0.9464148879051208,-11.518202781677246
2026-08-04T04:56:23.476000-04:00,12.473034858703613,0.9584569931030273,-11.514577865600586
2026-08-04T04:56:23.480000-04:00,12.475841522216797,0.9660563468933105,-11.509784698486328
2026-08-04T04:56:23.484000-04:00,12.468826293945312,0.9678100943565369,-11.501016616821289
2026-08-04T04:56:23.488000-04:00,12.470229148864746,0.9648872017860413,-11.505341529846191
2026-08-04T04:56:23.492000-04:00,12.497002601623535,0.9771631360054016,-11.5198392868042
2026-08-04T04:56:23.496000-04:00,12.505654335021973,1.0089635848999023,-11.49669075012207
2026-08-04T04:56:23.500000-04:00,12.496885299682617,1.0208888053894043,-11.475996017456055
2026-08-04T04:56:23.504000-04:00,12.51091480255127,1.0084959268569946,-11.502418518066406
2026-08-04T04:56:23.508000-04:00,12.507057189941406,1.0384258031845093,-11.468631744384766
2026-08-04T04:56:23.512000-04:00,12.527867317199707,1.0504679679870605,-11.477399826049805
2026-08-04T04:56:23.516000-04:00,12.541078567504883,1.0503510236740112,-11.490727424621582
2026-08-04T04:56:23.520000-04:00,12.549613952636719,1.0682387351989746,-11.481374740600586
2026-08-04T04:56:23.524000-04:00,12.560486793518066,1.1053003072738647,-11.45518684387207
2026-08-04T04:56:23.528000-04:00,12.559317588806152,1.114653468132019,-11.444664001464844
2026-08-04T04:56:23.532000-04:00,12.586090087890625,1.1518319845199585,-11.434258460998535
2026-08-04T04:56:23.536000-04:00,12.60362720489502,1.1653939485549927,-11.438233375549316
2026-08-04T04:56:23.540000-04:00,12.613214492797852,1.1932193040847778,-11.419995307922363
2026-08-04T04:56:23.544000-04:00,12.632505416870117,1.2272411584854126,-11.405263900756836
2026-08-04T04:56:23.548000-04:00,12.63998794555664,1.2523775100708008,-11.38761043548584
2026-08-04T04:56:23.552000-04:00,12.671320915222168,1.2685116529464722,-11.402809143066406
2026-08-04T04:56:23.556000-04:00,12.680439949035645,1.2737727165222168,-11.406667709350586
2026-08-04T04:56:23.560000-04:00,12.683479309082031,1.293297290802002,-11.390182495117188
2026-08-04T04:56:23.564000-04:00,12.686168670654297,1.3065085411071777,-11.379659652709961
2026-08-04T04:56:23.568000-04:00,12.69610595703125,1.3277868032455444,-11.368319511413574
2026-08-04T04:56:23.572000-04:00,12.70241928100586,1.3096652030944824,-11.392753601074219
2026-08-04T04:56:23.576000-04:00,12.709083557128906,1.3076776266098022,-11.401406288146973
2026-08-04T04:56:23.580000-04:00,12.704757690429688,1.3190182447433472,-11.38573932647705
2026-08-04T04:56:23.584000-04:00,12.695989608764648,1.2989091873168945,-11.397080421447754
2026-08-04T04:56:23.588000-04:00,12.677165985107422,1.282541275024414,-11.394624710083008
2026-08-04T04:56:23.592000-04:00,12.678335189819336,1.2771632671356201,-11.401171684265137
2026-08-04T04:56:23.596000-04:00,12.668280601501465,1.2512084245681763,-11.417072296142578
2026-08-04T04:56:23.600000-04:00,12.652029991149902,1.2167189121246338,-11.435311317443848
2026-08-04T04:56:23.604000-04:00,12.623736381530762,1.1790727376937866,-11.444664001464844
2026-08-04T04:56:23.608000-04:00,12.605498313903809,1.1471554040908813,-11.458342552185059
2026-08-04T04:56:23.612000-04:00,12.597898483276367,1.1240065097808838,-11.473892211914062
2026-08-04T04:56:23.616000-04:00,12.575568199157715,1.1007407903671265,-11.474827766418457
2026-08-04T04:56:23.620000-04:00,12.557446479797363,1.0584180355072021,-11.499028205871582
2026-08-04T04:56:23.624000-04:00,12.519099235534668,1.0070929527282715,-11.512006759643555
2026-08-04T04:56:23.628000-04:00,12.514656066894531,0.9899067282676697,-11.524749755859375
2026-08-04T04:56:23.632000-04:00,12.499691009521484,0.9683946371078491,-11.531296730041504
2026-08-04T04:56:23.636000-04:00,12.490571975708008,0.9285271167755127,-11.562045097351074
2026-08-04T04:56:23.640000-04:00,12.468241691589355,0.9212784767150879,-11.54696273803711
2026-08-04T04:56:23.644000-04:00,12.44088363647461,0.8814109563827515,-11.559473037719727
2026-08-04T04:56:23.648000-04:00,12.430712699890137,0.8706549406051636,-11.560057640075684
2026-08-04T04:56:23.652000-04:00,12.43433666229248,0.8499612212181091,-11.584375381469727
2026-08-04T04:56:23.656000-04:00,12.425802230834961,0.8429464101791382,-11.582856178283691
2026-08-04T04:56:23.660000-04:00,12.41551399230957,0.8410758376121521,-11.574438095092773
2026-08-04T04:56:23.664000-04:00,12.403471946716309,0.816173255443573,-11.587298393249512
2026-08-04T04:56:23.668000-04:00,12.392130851745605,0.8031958341598511,-11.588934898376465
2026-08-04T04:56:23.672000-04:00,12.404757499694824,0.7988700270652771,-11.605887413024902
2026-08-04T04:56:23.676000-04:00,12.403237342834473,0.8152379393577576,-11.58799934387207
2026-08-04T04:56:23.680000-04:00,12.39552116394043,0.8104444742202759,-11.585076332092285
2026-08-04T04:56:23.684000-04:00,12.39283275604248,0.8034296631813049,-11.58940315246582
2026-08-04T04:56:23.688000-04:00,12.389442443847656,0.7933751344680786,-11.596067428588867
2026-08-04T04:56:23.692000-04:00,12.38722038269043,0.7870617508888245,-11.60015869140625
2026-08-04T04:56:23.696000-04:00,12.399262428283691,0.7961810231208801,-11.603081703186035
2026-08-04T04:56:23.700000-04:00,12.377867698669434,0.7916213870048523,-11.586246490478516
2026-08-04T04:56:23.704000-04:00,12.377049446105957,0.7971163392066956,-11.579933166503906
2026-08-04T04:56:23.708000-04:00,12.390727996826172,0.814536452293396,-11.576191902160645
2026-08-04T04:56:23.712000-04:00,12.392715454101562,0.8123151063919067,-11.580400466918945
2026-08-04T04:56:23.716000-04:00,12.396339416503906,0.8213174343109131,-11.575021743774414
2026-08-04T04:56:23.720000-04:00,12.397976875305176,0.8261108994483948,-11.571866035461426
2026-08-04T04:56:23.724000-04:00,12.395872116088867,0.8360485434532166,-11.559823989868164
2026-08-04T04:56:23.728000-04:00,12.399262428283691,0.8450508713722229,-11.554211616516113
2026-08-04T04:56:23.732000-04:00,12.416565895080566,0.8588466644287109,-11.557719230651855
2026-08-04T04:56:23.736000-04:00,12.424866676330566,0.8748638033866882,-11.550003051757812
2026-08-04T04:56:23.740000-04:00,12.41773509979248,0.875331461429596,-11.542403221130371
2026-08-04T04:56:23.744000-04:00,12.40990161895752,0.8798910975456238,-11.530010223388672
2026-08-04T04:56:23.748000-04:00,12.410369873046875,0.8797742128372192,-11.530595779418945
2026-08-04T04:56:23.752000-04:00,12.427438735961914,0.8963758945465088,-11.531063079833984
2026-08-04T04:56:23.756000-04:00,12.433401107788086,0.9060797095298767,-11.527321815490723
2026-08-04T04:56:23.760000-04:00,12.421943664550781,0.8877243399620056,-11.534219741821289
2026-08-04T04:56:23.764000-04:00,12.419722557067871,0.9042091369628906,-11.51551342010498
2026-08-04T04:56:23.768000-04:00,12.414929389953613,0.907833456993103,-11.507096290588379
2026-08-04T04:56:23.772000-04:00,12.431998252868652,0.9198755025863647,-11.512123107910156
2026-08-04T04:56:23.776000-04:00,12.425100326538086,0.9202262759208679,-11.504874229431152
2026-08-04T04:56:23.780000-04:00,12.417150497436523,0.9119254350662231,-11.50522518157959
2026-08-04T04:56:23.784000-04:00,12.418787002563477,0.9067811965942383,-11.512005805969238
2026-08-04T04:56:23.788000-04:00,12.420658111572266,0.8892441987991333,-11.531414031982422
2026-08-04T04:56:23.792000-04:00,12.430829048156738,0.8991818428039551,-11.531646728515625
2026-08-04T04:56:23.796000-04:00,12.423230171203613,0.9043260216712952,-11.518903732299805
2026-08-04T04:56:23.800000-04:00,12.415630340576172,0.8921670317649841,-11.523463249206543
2026-08-04T04:56:23.804000-04:00,12.410719871520996,0.887022852897644,-11.523696899414062
2026-08-04T04:56:23.808000-04:00,12.412824630737305,0.8787219524383545,-11.534102439880371
2026-08-04T04:56:23.812000-04:00,12.419255256652832,0.8906471729278564,-11.528608322143555
2026-08-04T04:56:23.816000-04:00,12.424866676330566,0.8835154175758362,-11.541351318359375
2026-08-04T04:56:23.820000-04:00,12.43012809753418,0.8905302286148071,-11.539597511291504
2026-08-04T04:56:23.824000-04:00,12.420073509216309,0.9294624328613281,-11.49061107635498
2026-08-04T04:56:23.828000-04:00,12.409550666809082,0.9218630790710449,-11.487688064575195
2026-08-04T04:56:23.832000-04:00,12.411421775817871,0.9289947748184204,-11.482426643371582
2026-08-04T04:56:23.836000-04:00,12.412240028381348,0.924318253993988,-11.487921714782715
2026-08-04T04:56:23.840000-04:00,12.426620483398438,0.9306315779685974,-11.495988845825195
2026-08-04T04:56:23.844000-04:00,12.420658111572266,0.9636011719703674,-11.457056999206543
2026-08-04T04:56:23.848000-04:00,12.418670654296875,1.003819465637207,-11.414851188659668
2026-08-04T04:56:23.852000-04:00,12.39937973022461,1.027552843093872,-11.371827125549316
2026-08-04T04:56:23.856000-04:00,12.391546249389648,1.03410005569458,-11.357446670532227
2026-08-04T04:56:23.860000-04:00,12.399847030639648,1.048363447189331,-11.351483345031738
2026-08-04T04:56:23.864000-04:00,12.394001960754395,1.0377243757247925,-11.356277465820312
2026-08-04T04:56:23.868000-04:00,12.40358829498291,1.0337493419647217,-11.36983871459961
2026-08-04T04:56:23.872000-04:00,12.427556037902832,1.0293065309524536,-11.398249626159668
2026-08-04T04:56:23.876000-04:00,12.438545227050781,1.021356463432312,-11.41718864440918
2026-08-04T04:56:23.880000-04:00,12.419137954711914,0.9735388159751892,-11.445599555969238
2026-08-04T04:56:23.884000-04:00,12.41352653503418,0.9389324188232422,-11.474594116210938
2026-08-04T04:56:23.888000-04:00,12.393533706665039,0.8975450396537781,-11.495988845825195
2026-08-04T04:56:23.892000-04:00,12.4054594039917,0.8873735666275024,-11.518085479736328
2026-08-04T04:56:23.896000-04:00,12.398444175720215,0.863990843296051,-11.534453392028809
2026-08-04T04:56:23.900000-04:00,12.377984046936035,0.8268123865127563,-11.55117130279541
2026-08-04T04:56:23.904000-04:00,12.361148834228516,0.7985193133354187,-11.562629699707031
2026-08-04T04:56:23.908000-04:00,12.368046760559082,0.7835543751716614,-11.584492683410645
2026-08-04T04:56:23.912000-04:00,12.384063720703125,0.7925567030906677,-11.591506958007812
2026-08-04T04:56:23.916000-04:00,12.37868595123291,0.7814499139785767,-11.597235679626465
2026-08-04T04:56:23.920000-04:00,12.37283992767334,0.7660173177719116,-11.606822967529297
2026-08-04T04:56:23.924000-04:00,12.369215965270996,0.7611069679260254,-11.608108520507812
2026-08-04T04:56:23.928000-04:00,12.363487243652344,0.748831033706665,-11.614656448364258
2026-08-04T04:56:23.932000-04:00,12.382076263427734,0.7661342620849609,-11.615942001342773
2026-08-04T04:56:23.936000-04:00,12.367929458618164,0.76017165184021,-11.607757568359375
2026-08-04T04:56:23.940000-04:00,12.361733436584473,0.761808454990387,-11.59992504119873
2026-08-04T04:56:23.944000-04:00,12.352380752563477,0.7563135027885437,-11.596067428588867
2026-08-04T04:56:23.948000-04:00,12.357291221618652,0.7567811608314514,-11.600509643554688
2026-08-04T04:56:23.952000-04:00,12.366410255432129,0.7456743717193604,-11.620736122131348
2026-08-04T04:56:23.956000-04:00,12.360915184020996,0.7455574870109558,-11.615357398986816
2026-08-04T04:56:23.960000-04:00,12.365241050720215,0.7584179639816284,-11.606822967529297
2026-08-04T04:56:23.964000-04:00,12.338233947753906,0.7719799280166626,-11.566253662109375
2026-08-04T04:56:23.968000-04:00,12.309473037719727,0.8000391721725464,-11.50943374633789
2026-08-04T04:56:23.972000-04:00,12.355887413024902,0.8051833510398865,-11.550704002380371
2026-08-04T04:56:23.976000-04:00,12.40113353729248,0.7941935062408447,-11.606940269470215
2026-08-04T04:56:23.980000-04:00,12.528802871704102,0.9330867528915405,-11.59571647644043
2026-08-04T04:56:23.984000-04:00,12.661149024963379,1.1247080564498901,-11.5364408493042
2026-08-04T04:56:23.988000-04:00,12.73515510559082,1.6086130142211914,-11.126542091369629
2026-08-04T04:56:23.992000-04:00,12.664539337158203,2.1422064304351807,-10.522333145141602
2026-08-04T04:56:23.996000-04:00,12.602808952331543,2.9058854579925537,-9.69692325592041
2026-08-04T04:56:24-04:00,12.515942573547363,3.1841394901275635,-9.331803321838379
2026-08-04T04:56:24.004000-04:00,12.470931053161621,3.1651995182037354,-9.305731773376465
2026-08-04T04:56:24.008000-04:00,12.409083366394043,2.759392738342285,-9.649690628051758
2026-08-04T04:56:24.012000-04:00,12.382309913635254,2.2695250511169434,-10.112785339355469
2026-08-04T04:56:24.016000-04:00,12.36652660369873,1.6473114490509033,-10.719215393066406
2026-08-04T04:56:24.020000-04:00,12.396574020385742,1.2949340343475342,-11.101639747619629
2026-08-04T04:56:24.024000-04:00,12.469761848449707,1.113835096359253,-11.355926513671875
2026-08-04T04:56:24.028000-04:00,12.497469902038574,1.0802809000015259,-11.41718864440918
2026-08-04T04:56:24.032000-04:00,12.458420753479004,1.013289451599121,-11.445131301879883
2026-08-04T04:56:24.036000-04:00,12.445677757263184,0.9369449019432068,-11.508732795715332
2026-08-04T04:56:24.040000-04:00,12.447665214538574,0.9227983951568604,-11.524867057800293
2026-08-04T04:56:24.044000-04:00,12.430829048156738,0.8846845626831055,-11.546144485473633
2026-08-04T04:56:24.048000-04:00,12.421359062194824,0.8795403838157654,-11.541818618774414
2026-08-04T04:56:24.052000-04:00,12.439480781555176,0.8685504794120789,-11.570930480957031
2026-08-04T04:56:24.056000-04:00,12.433752059936523,0.875916063785553,-11.557835578918457
2026-08-04T04:56:24.060000-04:00,12.429426193237305,0.8593143224716187,-11.570112228393555
2026-08-04T04:56:24.064000-04:00,12.4220609664917,0.8493766784667969,-11.572684288024902
2026-08-04T04:56:24.068000-04:00,12.433167457580566,0.8593143224716187,-11.573853492736816
2026-08-04T04:56:24.072000-04:00,12.45058822631836,0.8706549406051636,-11.579933166503906
2026-08-04T04:56:24.076000-04:00,12.453042984008789,0.8741623163223267,-11.578880310058594
2026-08-04T04:56:24.080000-04:00,12.44895076751709,0.8743961453437805,-11.574554443359375
2026-08-04T04:56:24.084000-04:00,12.447430610656738,0.8782542943954468,-11.56917667388916
2026-08-04T04:56:24.088000-04:00,12.44848346710205,0.8822293877601624,-11.566253662109375
2026-08-04T04:56:24.092000-04:00,12.460641860961914,0.8929854035377502,-11.567656517028809
2026-08-04T04:56:24.096000-04:00,12.46941089630127,0.9208108186721802,-11.548600196838379
2026-08-04T04:56:24.100000-04:00,12.460525512695312,0.9105224609375,-11.550003051757812
2026-08-04T04:56:24.104000-04:00,12.462045669555664,0.922681450843811,-11.539363861083984
2026-08-04T04:56:24.108000-04:00,12.469059944152832,0.9410368800163269,-11.528022766113281
2026-08-04T04:56:24.112000-04:00,12.478296279907227,0.9453626871109009,-11.532933235168457
2026-08-04T04:56:24.116000-04:00,12.486597061157227,0.9541311860084534,-11.532465934753418
2026-08-04T04:56:24.120000-04:00,12.486129760742188,0.9667578339576721,-11.51937198638916
2026-08-04T04:56:24.124000-04:00,12.48355770111084,0.9803197979927063,-11.5032377243042
2026-08-04T04:56:24.128000-04:00,12.48379135131836,0.9882699251174927,-11.495521545410156
2026-08-04T04:56:24.132000-04:00,12.504016876220703,1.0115357637405396,-11.492481231689453
2026-08-04T04:56:24.136000-04:00,12.513486862182617,1.0311771631240845,-11.482309341430664
2026-08-04T04:56:24.140000-04:00,12.5245943069458,1.0480127334594727,-11.476581573486328
2026-08-04T04:56:24.144000-04:00,12.52120304107666,1.0504679679870605,-11.470735549926758
2026-08-04T04:56:24.148000-04:00,12.536168098449707,1.0640299320220947,-11.472138404846191
2026-08-04T04:56:24.152000-04:00,12.552186012268066,1.1049495935440063,-11.447236061096191
2026-08-04T04:56:24.156000-04:00,12.564929008483887,1.1296184062957764,-11.435310363769531
2026-08-04T04:56:24.160000-04:00,12.578373908996582,1.1428296566009521,-11.43554401397705
2026-08-04T04:56:24.164000-04:00,12.581647872924805,1.156274676322937,-11.425373077392578
2026-08-04T04:56:24.168000-04:00,12.610876083374023,1.183866262435913,-11.427009582519531
2026-08-04T04:56:24.172000-04:00,12.624438285827637,1.216251254081726,-11.408186912536621
2026-08-04T04:56:24.176000-04:00,12.638350486755371,1.24220609664917,-11.39614486694336
2026-08-04T04:56:24.180000-04:00,12.641624450683594,1.2527283430099487,-11.388895988464355
2026-08-04T04:56:24.184000-04:00,12.650627136230469,1.2742403745651245,-11.376386642456055
2026-08-04T04:56:24.188000-04:00,12.661733627319336,1.2865163087844849,-11.37521743774414
2026-08-04T04:56:24.192000-04:00,12.668046951293945,1.3042871952056885,-11.363759994506836
2026-08-04T04:56:24.196000-04:00,12.681024551391602,1.31434166431427,-11.366683006286621
2026-08-04T04:56:24.200000-04:00,12.676581382751465,1.3242794275283813,-11.352301597595215
2026-08-04T04:56:24.204000-04:00,12.668397903442383,1.3224087953567505,-11.345989227294922
2026-08-04T04:56:24.208000-04:00,12.669800758361816,1.3196028470993042,-11.350197792053223
2026-08-04T04:56:24.212000-04:00,12.669449806213379,1.3151601552963257,-11.354290008544922
2026-08-04T04:56:24.216000-04:00,12.65904426574707,1.3031179904937744,-11.355926513671875
2026-08-04T04:56:24.220000-04:00,12.654484748840332,1.2882699966430664,-11.366214752197266
2026-08-04T04:56:24.224000-04:00,12.62806224822998,1.2493377923965454,-11.378724098205566
2026-08-04T04:56:24.228000-04:00,12.624438285827637,1.2239675521850586,-11.400470733642578
2026-08-04T04:56:24.232000-04:00,12.604680061340332,1.1945053339004517,-11.410174369812012
2026-08-04T04:56:24.236000-04:00,12.583401679992676,1.1545209884643555,-11.42888069152832
2026-08-04T04:56:24.240000-04:00,12.566215515136719,1.122954249382019,-11.44326114654541
2026-08-04T04:56:24.244000-04:00,12.533830642700195,1.0841389894485474,-11.449691772460938
2026-08-04T04:56:24.248000-04:00,12.518630981445312,1.0578334331512451,-11.460797309875488
2026-08-04T04:56:24.252000-04:00,12.504836082458496,1.020771861076355,-11.484064102172852
2026-08-04T04:56:24.256000-04:00,12.49653434753418,1.003468632698059,-11.49306583404541
2026-08-04T04:56:24.260000-04:00,12.47139835357666,0.9752925038337708,-11.496106147766113
2026-08-04T04:56:24.264000-04:00,12.458538055419922,0.9350742697715759,-11.52346420288086
2026-08-04T04:56:24.268000-04:00,12.437610626220703,0.9178879857063293,-11.519722938537598
2026-08-04T04:56:24.272000-04:00,12.431063652038574,0.8921670317649841,-11.538896560668945
2026-08-04T04:56:24.276000-04:00,12.437610626220703,0.889711856842041,-11.54789924621582
2026-08-04T04:56:24.280000-04:00,12.409200668334961,0.8559238314628601,-11.553277015686035
2026-08-04T04:56:24.284000-04:00,12.401951789855957,0.8537024855613708,-11.548249244689941
2026-08-04T04:56:24.288000-04:00,12.395989418029785,0.8484413623809814,-11.547548294067383
2026-08-04T04:56:24.292000-04:00,12.39306640625,0.8414265513420105,-11.551639556884766
2026-08-04T04:56:24.296000-04:00,12.398093223571777,0.8349963426589966,-11.56309700012207
2026-08-04T04:56:24.300000-04:00,12.39330005645752,0.8328918814659119,-11.560408592224121
2026-08-04T04:56:24.304000-04:00,12.376113891601562,0.8340610265731812,-11.54205322265625
2026-08-04T04:56:24.308000-04:00,12.377750396728516,0.8295013904571533,-11.548249244689941
2026-08-04T04:56:24.312000-04:00,12.383362770080566,0.8394390344619751,-11.543923377990723
2026-08-04T04:56:24.316000-04:00,12.377750396728516,0.8427125811576843,-11.535037994384766
2026-08-04T04:56:24.320000-04:00,12.377634048461914,0.8423618674278259,-11.535272598266602
2026-08-04T04:56:24.324000-04:00,12.369800567626953,0.8429464101791382,-11.526854515075684
2026-08-04T04:56:24.328000-04:00,12.378101348876953,0.8494935631752014,-11.528607368469238
2026-08-04T04:56:24.332000-04:00,12.385934829711914,0.867264449596405,-11.518670082092285
2026-08-04T04:56:24.336000-04:00,12.383362770080566,0.8686674237251282,-11.514695167541504
2026-08-04T04:56:24.340000-04:00,12.388740539550781,0.882112443447113,-11.506628036499023
2026-08-04T04:56:24.344000-04:00,12.374360084533691,0.8869059085845947,-11.487454414367676
2026-08-04T04:56:24.348000-04:00,12.390961647033691,0.8859705924987793,-11.50499153137207
2026-08-04T04:56:24.352000-04:00,12.396924018859863,0.8928685188293457,-11.50405502319336
2026-08-04T04:56:24.356000-04:00,12.398795127868652,0.9033907055854797,-11.495404243469238
2026-08-04T04:56:24.360000-04:00,12.394351959228516,0.9107562899589539,-11.483595848083496
2026-08-04T04:56:24.364000-04:00,12.392599105834961,0.9000002145767212,-11.492598533630371
2026-08-04T04:56:24.368000-04:00,12.393767356872559,0.9140298366546631,-11.479737281799316
2026-08-04T04:56:24.372000-04:00,12.408265113830566,0.9247859120368958,-11.483479499816895
2026-08-04T04:56:24.376000-04:00,12.410719871520996,0.9216292500495911,-11.489090919494629
2026-08-04T04:56:24.380000-04:00,12.410369873046875,0.9374125599861145,-11.472957611083984
2026-08-04T04:56:24.384000-04:00,12.40522575378418,0.9364772439002991,-11.468748092651367
2026-08-04T04:56:24.388000-04:00,12.40721321105957,0.9536635279655457,-11.4535493850708
2026-08-04T04:56:24.392000-04:00,12.416683197021484,0.9512083530426025,-11.465475082397461
2026-08-04T04:56:24.396000-04:00,12.413058280944824,0.9468825459480286,-11.46617603302002
2026-08-04T04:56:24.400000-04:00,12.40358829498291,0.9499223232269287,-11.453665733337402
2026-08-04T04:56:24.404000-04:00,12.402185440063477,0.9444273710250854,-11.457757949829102
2026-08-04T04:56:24.408000-04:00,12.404056549072266,0.9523774981498718,-11.451679229736328
2026-08-04T04:56:24.412000-04:00,12.408732414245605,0.9534296989440918,-11.455303192138672
2026-08-04T04:56:24.416000-04:00,12.412707328796387,0.9558848738670349,-11.456822395324707
2026-08-04T04:56:24.420000-04:00,12.40943431854248,0.9508575797080994,-11.458577156066895
2026-08-04T04:56:24.424000-04:00,12.394351959228516,0.9364772439002991,-11.457874298095703
2026-08-04T04:56:24.428000-04:00,12.396339416503906,0.9319176077842712,-11.464422225952148
2026-08-04T04:56:24.432000-04:00,12.414227485656738,0.9261888861656189,-11.488039016723633
2026-08-04T04:56:24.436000-04:00,12.406862258911133,0.9293455481529236,-11.477517127990723
2026-08-04T04:56:24.440000-04:00,12.404056549072266,0.9246689677238464,-11.479387283325195
2026-08-04T04:56:24.444000-04:00,12.392599105834961,0.913211464881897,-11.479387283325195
2026-08-04T04:56:24.448000-04:00,12.396223068237305,0.9102886319160461,-11.485934257507324
2026-08-04T04:56:24.452000-04:00,12.4055757522583,0.9114577770233154,-11.494117736816406
2026-08-04T04:56:24.456000-04:00,12.405926704406738,0.9109901189804077,-11.4949369430542
2026-08-04T04:56:24.460000-04:00,12.398093223571777,0.903507649898529,-11.494585990905762
2026-08-04T04:56:24.464000-04:00,12.395171165466309,0.9074826836585999,-11.487688064575195
2026-08-04T04:56:24.468000-04:00,12.40335464477539,0.8988310694694519,-11.504523277282715
2026-08-04T04:56:24.472000-04:00,12.4055757522583,0.8954405784606934,-11.510135650634766
2026-08-04T04:56:24.476000-04:00,12.40768051147461,0.9024553894996643,-11.50522518157959
2026-08-04T04:56:24.480000-04:00,12.414461135864258,0.9459472298622131,-11.468513488769531
2026-08-04T04:56:24.484000-04:00,12.406978607177734,0.965354859828949,-11.44162368774414
2026-08-04T04:56:24.488000-04:00,12.393767356872559,0.9611459970474243,-11.432621002197266
2026-08-04T04:56:24.492000-04:00,12.397743225097656,0.958340048789978,-11.439403533935547
2026-08-04T04:56:24.496000-04:00,12.403003692626953,0.9560018181800842,-11.447001457214355
2026-08-04T04:56:24.500000-04:00,12.403003692626953,0.9733049869537354,-11.429698944091797
2026-08-04T04:56:24.504000-04:00,12.395989418029785,1.009197473526001,-11.386792182922363
2026-08-04T04:56:24.508000-04:00,12.380088806152344,1.059704065322876,-11.320384979248047
2026-08-04T04:56:24.512000-04:00,12.375646591186523,1.0770072937011719,-11.298639297485352
2026-08-04T04:56:24.516000-04:00,12.390377044677734,1.0668357610702515,-11.323541641235352
2026-08-04T04:56:24.520000-04:00,12.394351959228516,1.0882309675216675,-11.306120872497559
2026-08-04T04:56:24.524000-04:00,12.382660865783691,1.0829699039459229,-11.299691200256348
2026-08-04T04:56:24.528000-04:00,12.392248153686523,1.0765396356582642,-11.31570816040039
2026-08-04T04:56:24.532000-04:00,12.424750328063965,1.042167067527771,-11.382583618164062
2026-08-04T04:56:24.536000-04:00,12.426386833190918,1.0395950078964233,-11.386792182922363
2026-08-04T04:56:24.540000-04:00,12.411772727966309,0.9799690842628479,-11.431803703308105
2026-08-04T04:56:24.544000-04:00,12.393417358398438,0.9409199357032776,-11.452497482299805
2026-08-04T04:56:24.548000-04:00,12.390377044677734,0.9278256297111511,-11.46255111694336
2026-08-04T04:56:24.552000-04:00,12.396105766296387,0.9150820970535278,-11.481023788452148
2026-08-04T04:56:24.556000-04:00,12.382894515991211,0.8727594017982483,-11.51013469696045
2026-08-04T04:56:24.560000-04:00,12.368982315063477,0.8519487977027893,-11.517033576965332
2026-08-04T04:56:24.564000-04:00,12.367111206054688,0.833710253238678,-11.533400535583496
2026-08-04T04:56:24.568000-04:00,12.357173919677734,0.8279815316200256,-11.529191970825195
2026-08-04T04:56:24.572000-04:00,12.3640718460083,0.8222527503967285,-11.541818618774414
2026-08-04T04:56:24.576000-04:00,12.37085247039795,0.8154717683792114,-11.555380821228027
2026-08-04T04:56:24.580000-04:00,12.365474700927734,0.8067032694816589,-11.558771133422852
2026-08-04T04:56:24.584000-04:00,12.355887413024902,0.7929074764251709,-11.562979698181152
2026-08-04T04:56:24.588000-04:00,12.367579460144043,0.7885816693305969,-11.578997611999512
2026-08-04T04:56:24.592000-04:00,12.365942001342773,0.7848404049873352,-11.581101417541504
2026-08-04T04:56:24.596000-04:00,12.365357398986816,0.7881140112876892,-11.57724380493164
2026-08-04T04:56:24.600000-04:00,12.357173919677734,0.7936089038848877,-11.563565254211426
2026-08-04T04:56:24.604000-04:00,12.348989486694336,0.7905691862106323,-11.558420181274414
2026-08-04T04:56:24.608000-04:00,12.352848052978516,0.7778255939483643,-11.57502269744873
2026-08-04T04:56:24.612000-04:00,12.359628677368164,0.7738505601882935,-11.58577823638916
2026-08-04T04:56:24.616000-04:00,12.355186462402344,0.8037804365158081,-11.551405906677246
2026-08-04T04:56:24.620000-04:00,12.33940315246582,0.8078723549842834,-11.531530380249023
2026-08-04T04:56:24.624000-04:00,12.298482894897461,0.833710253238678,-11.46477222442627
2026-08-04T04:56:24.628000-04:00,12.30012035369873,0.8511303663253784,-11.448989868164062
2026-08-04T04:56:24.632000-04:00,12.37482738494873,0.8368669152259827,-11.537960052490234
2026-08-04T04:56:24.636000-04:00,12.484960556030273,0.9268903136253357,-11.558070182800293
2026-08-04T04:56:24.640000-04:00,12.587843894958496,1.0865942239761353,-11.501249313354492
2026-08-04T04:56:24.644000-04:00,12.648873329162598,1.48526930809021,-11.163603782653809
2026-08-04T04:56:24.648000-04:00,12.590766906738281,1.9471945762634277,-10.643571853637695
2026-08-04T04:56:24.652000-04:00,12.551717758178711,2.7634847164154053,-9.788232803344727
2026-08-04T04:56:24.656000-04:00,12.501211166381836,3.165900945663452,-9.335309982299805
2026-08-04T04:56:24.660000-04:00,12.437376976013184,3.3249034881591797,-9.112473487854004
2026-08-04T04:56:24.664000-04:00,12.365708351135254,3.084529161453247,-9.281179428100586
2026-08-04T04:56:24.668000-04:00,12.360915184020996,2.5885820388793945,-9.772333145141602
2026-08-04T04:56:24.672000-04:00,12.396456718444824,1.955963134765625,-10.4404935836792
2026-08-04T04:56:24.676000-04:00,12.408265113830566,1.4831647872924805,-10.925100326538086
2026-08-04T04:56:24.680000-04:00,12.460641860961914,1.1929855346679688,-11.267656326293945
2026-08-04T04:56:24.684000-04:00,12.476776123046875,1.1484414339065552,-11.32833480834961
2026-08-04T04:56:24.688000-04:00,12.433869361877441,1.0621592998504639,-11.371709823608398
2026-08-04T04:56:24.692000-04:00,12.419255256652832,1.0040532350540161,-11.415202140808105
2026-08-04T04:56:24.696000-04:00,12.425918579101562,0.9697976112365723,-11.456121444702148
2026-08-04T04:56:24.700000-04:00,12.429543495178223,0.9385817050933838,-11.490962028503418
2026-08-04T04:56:24.704000-04:00,12.416448593139648,0.914848268032074,-11.50160026550293
2026-08-04T04:56:24.708000-04:00,12.418437004089355,0.9000002145767212,-11.518436431884766
2026-08-04T04:56:24.712000-04:00,12.430479049682617,0.9114577770233154,-11.519021034240723
2026-08-04T04:56:24.716000-04:00,12.42825698852539,0.9023385047912598,-11.525918960571289
2026-08-04T04:56:24.720000-04:00,12.418553352355957,0.8906471729278564,-11.52790641784668
2026-08-04T04:56:24.724000-04:00,12.422879219055176,0.888075053691864,-11.534804344177246
2026-08-04T04:56:24.728000-04:00,12.429075241088867,0.8925177454948425,-11.5365571975708
2026-08-04T04:56:24.732000-04:00,12.442754745483398,0.9016370177268982,-11.541117668151855
2026-08-04T04:56:24.736000-04:00,12.452458381652832,0.9108731746673584,-11.541584968566895
2026-08-04T04:56:24.740000-04:00,12.437142372131348,0.9091194868087769,-11.528022766113281
2026-08-04T04:56:24.744000-04:00,12.438311576843262,0.9139129519462585,-11.524398803710938
2026-08-04T04:56:24.748000-04:00,12.442286491394043,0.9109901189804077,-11.531296730041504
2026-08-04T04:56:24.752000-04:00,12.44918441772461,0.9209277629852295,-11.5282564163208
2026-08-04T04:56:24.756000-04:00,12.45503044128418,0.9268903136253357,-11.5281400680542
2026-08-04T04:56:24.760000-04:00,12.453042984008789,0.9332036972045898,-11.5198392868042
2026-08-04T04:56:24.764000-04:00,12.449535369873047,0.9495715498924255,-11.499963760375977
2026-08-04T04:56:24.768000-04:00,12.453744888305664,0.959976851940155,-11.493767738342285
2026-08-04T04:56:24.772000-04:00,12.46309757232666,0.9713174700737,-11.491780281066895
2026-08-04T04:56:24.776000-04:00,12.472684860229492,0.9849963784217834,-11.487688064575195
2026-08-04T04:56:24.780000-04:00,12.475373268127441,0.9888545274734497,-11.486518859863281
2026-08-04T04:56:24.784000-04:00,12.475957870483398,0.9947001934051514,-11.481257438659668
2026-08-04T04:56:24.788000-04:00,12.48192024230957,1.00943124294281,-11.472489356994629
2026-08-04T04:56:24.792000-04:00,12.491390228271484,1.0218241214752197,-11.469566345214844
2026-08-04T04:56:24.796000-04:00,12.511383056640625,1.0438038110733032,-11.467578887939453
2026-08-04T04:56:24.800000-04:00,12.515357971191406,1.0796962976455688,-11.435661315917969
2026-08-04T04:56:24.804000-04:00,12.51874828338623,1.0898678302764893,-11.42888069152832
2026-08-04T04:56:24.808000-04:00,12.533830642700195,1.1041312217712402,-11.429698944091797
2026-08-04T04:56:24.812000-04:00,12.548678398132324,1.1224865913391113,-11.426191329956055
2026-08-04T04:56:24.816000-04:00,12.563408851623535,1.1389714479446411,-11.424437522888184
2026-08-04T04:56:24.820000-04:00,12.56633186340332,1.1540533304214478,-11.412278175354004
2026-08-04T04:56:24.824000-04:00,12.584687232971191,1.188425898551941,-11.396261215209961
2026-08-04T04:56:24.828000-04:00,12.596495628356934,1.2022216320037842,-11.39427375793457
2026-08-04T04:56:24.832000-04:00,12.626425743103027,1.2360097169876099,-11.390416145324707
2026-08-04T04:56:24.836000-04:00,12.641975402832031,1.2593923807144165,-11.382582664489746
2026-08-04T04:56:24.840000-04:00,12.64431381225586,1.2736557722091675,-11.370657920837402
2026-08-04T04:56:24.844000-04:00,12.658109664916992,1.2862825393676758,-11.371827125549316
2026-08-04T04:56:24.848000-04:00,12.667228698730469,1.3072099685668945,-11.360018730163574
2026-08-04T04:56:24.852000-04:00,12.683245658874512,1.3152769804000854,-11.367968559265137
2026-08-04T04:56:24.856000-04:00,12.686869621276855,1.3341001272201538,-11.35276985168457
2026-08-04T04:56:24.860000-04:00,12.674009323120117,1.3191351890563965,-11.354873657226562
2026-08-04T04:56:24.864000-04:00,12.667695999145508,1.3254485130310059,-11.342247009277344
2026-08-04T04:56:24.868000-04:00,12.673775672912598,1.3132895231246948,-11.360486030578613
2026-08-04T04:56:24.872000-04:00,12.672957420349121,1.3039363622665405,-11.36902141571045
2026-08-04T04:56:24.876000-04:00,12.670852661132812,1.3069761991500854,-11.363876342773438
2026-08-04T04:56:24.880000-04:00,12.641507148742676,1.2749419212341309,-11.366565704345703
2026-08-04T04:56:24.884000-04:00,12.637415885925293,1.2574048042297363,-11.380010604858398
2026-08-04T04:56:24.888000-04:00,12.616371154785156,1.2328530550003052,-11.38351821899414
2026-08-04T04:56:24.892000-04:00,12.611577987670898,1.2070151567459106,-11.404562950134277
2026-08-04T04:56:24.896000-04:00,12.58924674987793,1.176500678062439,-11.41274642944336
2026-08-04T04:56:24.900000-04:00,12.550081253051758,1.1306705474853516,-11.419410705566406
2026-08-04T04:56:24.904000-04:00,12.533246040344238,1.109275460243225,-11.423970222473145
2026-08-04T04:56:24.908000-04:00,12.511733055114746,1.0712785720825195,-11.440454483032227
2026-08-04T04:56:24.912000-04:00,12.517228126525879,1.0495326519012451,-11.467695236206055
2026-08-04T04:56:24.916000-04:00,12.494664192199707,1.020771861076355,-11.473892211914062
2026-08-04T04:56:24.920000-04:00,12.462980270385742,0.986750066280365,-11.47623062133789
2026-08-04T04:56:24.924000-04:00,12.441936492919922,0.9612628817558289,-11.480673789978027
2026-08-04T04:56:24.928000-04:00,12.433051109313965,0.9496884942054749,-11.483362197875977
2026-08-04T04:56:24.932000-04:00,12.434921264648438,0.9415045380592346,-11.493416786193848
2026-08-04T04:56:24.936000-04:00,12.417033195495605,0.9128606915473938,-11.504172325134277
2026-08-04T04:56:24.940000-04:00,12.406044006347656,0.8963758945465088,-11.509668350219727
2026-08-04T04:56:24.944000-04:00,12.398444175720215,0.8795403838157654,-11.518903732299805
2026-08-04T04:56:24.948000-04:00,12.390260696411133,0.8850352764129639,-11.50522518157959
2026-08-04T04:56:24.952000-04:00,12.39750862121582,0.8686674237251282,-11.528841018676758
2026-08-04T04:56:24.956000-04:00,12.388506889343262,0.8698365688323975,-11.518670082092285
2026-08-04T04:56:24.960000-04:00,12.375646591186523,0.8641077876091003,-11.5115385055542
2026-08-04T04:56:24.964000-04:00,12.371554374694824,0.8664460778236389,-11.505107879638672
2026-08-04T04:56:24.968000-04:00,12.365474700927734,0.8692519664764404,-11.496222496032715
2026-08-04T04:56:24.972000-04:00,12.36185073852539,0.8700703978538513,-11.491780281066895
2026-08-04T04:56:24.976000-04:00,12.377516746520996,0.8780204653739929,-11.499496459960938
2026-08-04T04:56:24.980000-04:00,12.363019943237305,0.8606003522872925,-11.502419471740723
2026-08-04T04:56:24.984000-04:00,12.357524871826172,0.850195050239563,-11.507329940795898
2026-08-04T04:56:24.988000-04:00,12.359161376953125,0.8711225986480713,-11.488039016723633
2026-08-04T04:56:24.992000-04:00,12.373775482177734,0.8832815885543823,-11.490493774414062
2026-08-04T04:56:24.996000-04:00,12.371554374694824,0.9000002145767212,-11.471553802490234
2026-08-04T04:56:25-04:00,12.372138977050781,0.9031568765640259,-11.468981742858887
2026-08-04T04:56:25.004000-04:00,12.364422798156738,0.8914655447006226,-11.472957611083984
2026-08-04T04:56:25.008000-04:00,12.373541831970215,0.8977788686752319,-11.475763320922852
2026-08-04T04:56:25.012000-04:00,12.38090705871582,0.9004678726196289,-11.480439186096191
2026-08-04T04:56:25.016000-04:00,12.383011817932129,0.9212784767150879,-11.461732864379883
2026-08-04T04:56:25.020000-04:00,12.374126434326172,0.914848268032074,-11.459278106689453
2026-08-04T04:56:25.024000-04:00,12.377283096313477,0.921044647693634,-11.456238746643066
2026-08-04T04:56:25.028000-04:00,12.37061882019043,0.9189402461051941,-11.451678276062012
2026-08-04T04:56:25.032000-04:00,12.391779899597168,0.9510914087295532,-11.440688133239746
2026-08-04T04:56:25.036000-04:00,12.387104034423828,0.9485193490982056,-11.438584327697754
2026-08-04T04:56:25.040000-04:00,12.38675308227539,0.9464148879051208,-11.440338134765625
2026-08-04T04:56:25.044000-04:00,12.384881973266602,0.9403353929519653,-11.444546699523926
2026-08-04T04:56:25.048000-04:00,12.389325141906738,0.9517928957939148,-11.437532424926758
2026-08-04T04:56:25.052000-04:00,12.398210525512695,0.9540143013000488,-11.444196701049805
2026-08-04T04:56:25.056000-04:00,12.399964332580566,0.9607952833175659,-11.439168930053711
2026-08-04T04:56:25.060000-04:00,12.396223068237305,0.9604445099830627,-11.435778617858887
2026-08-04T04:56:25.064000-04:00,12.389558792114258,0.9590415358543396,-11.430517196655273
2026-08-04T04:56:25.068000-04:00,12.382309913635254,0.9531958699226379,-11.42911434173584
2026-08-04T04:56:25.072000-04:00,12.399847030639648,0.9658225178718567,-11.434024810791016
2026-08-04T04:56:25.076000-04:00,12.400782585144043,0.9555341601371765,-11.4452486038208
2026-08-04T04:56:25.080000-04:00,12.398561477661133,0.9593923091888428,-11.439168930053711
2026-08-04T04:56:25.084000-04:00,12.384181022644043,0.9473502039909363,-11.436830520629883
2026-08-04T04:56:25.088000-04:00,12.395171165466309,0.9234998226165771,-11.471671104431152
2026-08-04T04:56:25.092000-04:00,12.402536392211914,0.9274749159812927,-11.475061416625977
2026-08-04T04:56:25.096000-04:00,12.391897201538086,0.9222137928009033,-11.469683647155762
2026-08-04T04:56:25.100000-04:00,12.382894515991211,0.9137960076332092,-11.469098091125488
2026-08-04T04:56:25.104000-04:00,12.384414672851562,0.9167188405990601,-11.467696189880371
2026-08-04T04:56:25.108000-04:00,12.392130851745605,0.9249027967453003,-11.467227935791016
2026-08-04T04:56:25.112000-04:00,12.388389587402344,0.8991818428039551,-11.489208221435547
2026-08-04T04:56:25.116000-04:00,12.39330005645752,0.8976619839668274,-11.495637893676758
2026-08-04T04:56:25.120000-04:00,12.389909744262695,0.890764057636261,-11.4991455078125
2026-08-04T04:56:25.124000-04:00,12.377165794372559,0.8816447854042053,-11.49552059173584
2026-08-04T04:56:25.128000-04:00,12.3723726272583,0.8869059085845947,-11.485466957092285
2026-08-04T04:56:25.132000-04:00,12.385701179504395,0.8850352764129639,-11.500665664672852
2026-08-04T04:56:25.136000-04:00,12.385583877563477,0.8927515745162964,-11.49283218383789
2026-08-04T04:56:25.140000-04:00,12.383011817932129,0.8877243399620056,-11.495287895202637
2026-08-04T04:56:25.144000-04:00,12.38698673248291,0.8676151633262634,-11.51937198638916
2026-08-04T04:56:25.148000-04:00,12.37915325164795,0.8805925846099854,-11.498560905456543
2026-08-04T04:56:25.152000-04:00,12.390494346618652,0.8811771273612976,-11.509317398071289
2026-08-04T04:56:25.156000-04:00,12.378101348876953,0.8760329484939575,-11.502068519592285
2026-08-04T04:56:25.160000-04:00,12.370267868041992,0.8674982786178589,-11.502769470214844
2026-08-04T04:56:25.164000-04:00,12.369215965270996,0.8637570142745972,-11.50545883178711
2026-08-04T04:56:25.168000-04:00,12.37646484375,0.8572098612785339,-11.519254684448242
2026-08-04T04:56:25.172000-04:00,12.37891960144043,0.859431266784668,-11.519488334655762
2026-08-04T04:56:25.176000-04:00,12.382894515991211,0.8663291335105896,-11.516565322875977
2026-08-04T04:56:25.180000-04:00,12.368514060974121,0.8511303663253784,-11.517383575439453
2026-08-04T04:56:25.184000-04:00,12.3557710647583,0.8401405215263367,-11.515630722045898
2026-08-04T04:56:25.188000-04:00,12.368046760559082,0.8390882611274719,-11.528958320617676
2026-08-04T04:56:25.192000-04:00,12.37482738494873,0.8499612212181091,-11.524866104125977
2026-08-04T04:56:25.196000-04:00,12.380439758300781,0.8473891615867615,-11.533050537109375
2026-08-04T04:56:25.200000-04:00,12.36185073852539,0.8399066925048828,-11.521944046020508
2026-08-04T04:56:25.204000-04:00,12.3723726272583,0.8371007442474365,-11.535271644592285
2026-08-04T04:56:25.208000-04:00,12.371788024902344,0.833710253238678,-11.538077354431152
2026-08-04T04:56:25.212000-04:00,12.373892784118652,0.8324242234230042,-11.541468620300293
2026-08-04T04:56:25.216000-04:00,12.369333267211914,0.8420111536979675,-11.527321815490723
2026-08-04T04:56:25.220000-04:00,12.3723726272583,0.8362823724746704,-11.536089897155762
2026-08-04T04:56:25.224000-04:00,12.374711036682129,0.8399066925048828,-11.534804344177246
2026-08-04T04:56:25.228000-04:00,12.38453197479248,0.8766175508499146,-11.507914543151855
2026-08-04T04:56:25.232000-04:00,12.401951789855957,0.8994156718254089,-11.502535820007324
2026-08-04T04:56:25.236000-04:00,12.383596420288086,0.8938038349151611,-11.489792823791504
2026-08-04T04:56:25.240000-04:00,12.381608963012695,0.9064304828643799,-11.475178718566895
2026-08-04T04:56:25.244000-04:00,12.376113891601562,0.9040921926498413,-11.47202205657959
2026-08-04T04:56:25.248000-04:00,12.38675308227539,0.9120423197746277,-11.474710464477539
2026-08-04T04:56:25.252000-04:00,12.412473678588867,0.9609121680259705,-11.45156192779541
2026-08-04T04:56:25.256000-04:00,12.386869430541992,0.9881530404090881,-11.39871597290039
2026-08-04T04:56:25.260000-04:00,12.348288536071777,0.9915435314178467,-11.356744766235352
2026-08-04T04:56:25.264000-04:00,12.365123748779297,0.9849963784217834,-11.380126953125
2026-08-04T04:56:25.268000-04:00,12.36839771270752,1.0088467597961426,-11.359550476074219
2026-08-04T04:56:25.272000-04:00,12.37482738494873,0.9901405572891235,-11.384686470031738
2026-08-04T04:56:25.276000-04:00,12.394469261169434,0.9957523941993713,-11.398716926574707
2026-08-04T04:56:25.280000-04:00,12.401016235351562,0.9865162372589111,-11.41450023651123
2026-08-04T04:56:25.284000-04:00,12.404172897338867,0.9756432771682739,-11.428529739379883
2026-08-04T04:56:25.288000-04:00,12.395755767822266,0.9126268625259399,-11.483128547668457
2026-08-04T04:56:25.292000-04:00,12.391195297241211,0.8838661909103394,-11.507328987121582
2026-08-04T04:56:25.296000-04:00,12.388038635253906,0.875916063785553,-11.51212215423584
2026-08-04T04:56:25.300000-04:00,12.374360084533691,0.875916063785553,-11.498443603515625
2026-08-04T04:56:25.304000-04:00,12.381375312805176,0.8432971835136414,-11.538078308105469
2026-08-04T04:56:25.308000-04:00,12.35623836517334,0.796414852142334,-11.559823989868164
2026-08-04T04:56:25.312000-04:00,12.362902641296387,0.7881140112876892,-11.574789047241211
2026-08-04T04:56:25.316000-04:00,12.350275993347168,0.7780594229698181,-11.572216987609863
2026-08-04T04:56:25.320000-04:00,12.350042343139648,0.7684725522994995,-11.58156967163086
2026-08-04T04:56:25.324000-04:00,12.345599174499512,0.7543259859085083,-11.591273307800293
2026-08-04T04:56:25.328000-04:00,12.352730751037598,0.7592363357543945,-11.593494415283203
2026-08-04T04:56:25.332000-04:00,12.354601860046387,0.7489479780197144,-11.605653762817383
2026-08-04T04:56:25.336000-04:00,12.345365524291992,0.7429853677749634,-11.60237979888916
2026-08-04T04:56:25.340000-04:00,12.342559814453125,0.7248637676239014,-11.617695808410645
2026-08-04T04:56:25.344000-04:00,12.338233947753906,0.7227593660354614,-11.615474700927734
2026-08-04T04:56:25.348000-04:00,12.336362838745117,0.735619843006134,-11.600743293762207
2026-08-04T04:56:25.352000-04:00,12.34770393371582,0.7407640218734741,-11.606940269470215
2026-08-04T04:56:25.356000-04:00,12.350626945495605,0.7519876956939697,-11.598639488220215
2026-08-04T04:56:25.360000-04:00,12.338233947753906,0.752104640007019,-11.586129188537598
2026-08-04T04:56:25.364000-04:00,12.33519458770752,0.7500001788139343,-11.58519458770752
2026-08-04T04:56:25.368000-04:00,12.31695556640625,0.7543259859085083,-11.562629699707031
2026-08-04T04:56:25.372000-04:00,12.304211616516113,0.7781763672828674,-11.52603530883789
2026-08-04T04:56:25.376000-04:00,12.313798904418945,0.8067032694816589,-11.507095336914062
2026-08-04T04:56:25.380000-04:00,12.363720893859863,0.7752535343170166,-11.588467597961426
2026-08-04T04:56:25.384000-04:00,12.429309844970703,0.8317227363586426,-11.597587585449219
2026-08-04T04:56:25.388000-04:00,12.616020202636719,1.063796043395996,-11.552224159240723
2026-08-04T04:56:25.392000-04:00,12.731647491455078,1.3205381631851196,-11.41110897064209
2026-08-04T04:56:25.396000-04:00,12.635311126708984,1.9611072540283203,-10.674203872680664
2026-08-04T04:56:25.400000-04:00,12.580361366271973,2.747584581375122,-9.83277702331543
2026-08-04T04:56:25.404000-04:00,12.487298965454102,3.095168352127075,-9.392130851745605
2026-08-04T04:56:25.408000-04:00,12.453978538513184,3.127904176712036,-9.326074600219727
2026-08-04T04:56:25.412000-04:00,12.408265113830566,2.987607955932617,-9.42065715789795
2026-08-04T04:56:25.416000-04:00,12.357641220092773,2.3372180461883545,-10.02042293548584
2026-08-04T04:56:25.420000-04:00,12.322216987609863,1.8945834636688232,-10.427633285522461
2026-08-04T04:56:25.424000-04:00,12.340688705444336,1.3193689584732056,-11.021319389343262
2026-08-04T04:56:25.428000-04:00,12.433869361877441,1.107287883758545,-11.326581954956055
2026-08-04T04:56:25.432000-04:00,12.480868339538574,1.060288667678833,-11.42057991027832
2026-08-04T04:56:25.436000-04:00,12.443222045898438,0.9985583424568176,-11.444664001464844
2026-08-04T04:56:25.440000-04:00,12.404056549072266,0.9392831921577454,-11.464773178100586
2026-08-04T04:56:25.444000-04:00,12.418787002563477,0.8977788686752319,-11.521008491516113
2026-08-04T04:56:25.448000-04:00,12.43012809753418,0.8845676183700562,-11.545560836791992
2026-08-04T04:56:25.452000-04:00,12.427438735961914,0.8560407757759094,-11.57139778137207
2026-08-04T04:56:25.456000-04:00,12.418670654296875,0.8547546863555908,-11.563916206359863
2026-08-04T04:56:25.460000-04:00,12.410486221313477,0.8447001576423645,-11.565786361694336
2026-08-04T04:56:25.464000-04:00,12.413291931152344,0.8358147144317627,-11.57747745513916
2026-08-04T04:56:25.468000-04:00,12.420307159423828,0.8434140682220459,-11.576892852783203
2026-08-04T04:56:25.472000-04:00,12.433518409729004,0.8346455693244934,-11.598873138427734
2026-08-04T04:56:25.476000-04:00,12.422411918640137,0.8466876745223999,-11.575724601745605
2026-08-04T04:56:25.480000-04:00,12.42790699005127,0.8667967915534973,-11.561110496520996
2026-08-04T04:56:25.484000-04:00,12.428607940673828,0.8541701436042786,-11.574438095092773
2026-08-04T04:56:25.488000-04:00,12.444157600402832,0.8567422032356262,-11.58741569519043
2026-08-04T04:56:25.492000-04:00,12.44064998626709,0.8547546863555908,-11.585895538330078
2026-08-04T04:56:25.496000-04:00,12.451873779296875,0.859431266784668,-11.592442512512207
2026-08-04T04:56:25.500000-04:00,12.443222045898438,0.862938642501831,-11.580283164978027
2026-08-04T04:56:25.504000-04:00,12.446846961975098,0.8673813343048096,-11.579465866088867
2026-08-04T04:56:25.508000-04:00,12.451055526733398,0.8869059085845947,-11.564149856567383
2026-08-04T04:56:25.512000-04:00,12.465786933898926,0.8968435525894165,-11.56894302368164
2026-08-04T04:56:25.516000-04:00,12.46531867980957,0.9025723338127136,-11.562746047973633
2026-08-04T04:56:25.520000-04:00,12.462980270385742,0.9093533158302307,-11.553627014160156
2026-08-04T04:56:25.524000-04:00,12.462512969970703,0.917537271976471,-11.544975280761719
2026-08-04T04:56:25.528000-04:00,12.48998737335205,0.9392831921577454,-11.550704002380371
2026-08-04T04:56:25.532000-04:00,12.498522758483887,0.9485193490982056,-11.550003051757812
2026-08-04T04:56:25.536000-04:00,12.49793815612793,0.9510914087295532,-11.546846389770508
2026-08-04T04:56:25.540000-04:00,12.496885299682617,0.9605614542961121,-11.536323547363281
2026-08-04T04:56:25.544000-04:00,12.510096549987793,0.9810212850570679,-11.529075622558594
2026-08-04T04:56:25.548000-04:00,12.512084007263184,0.9961031675338745,-11.51598072052002
2026-08-04T04:56:25.552000-04:00,12.532076835632324,1.019252061843872,-11.512825012207031
2026-08-04T04:56:25.556000-04:00,12.539793014526367,1.0381920337677002,-11.501601219177246
2026-08-04T04:56:25.560000-04:00,12.543183326721191,1.03000807762146,-11.513175010681152
2026-08-04T04:56:25.564000-04:00,12.554523468017578,1.053741455078125,-11.500782012939453
2026-08-04T04:56:25.568000-04:00,12.567852020263672,1.0795793533325195,-11.488272666931152
2026-08-04T04:56:25.572000-04:00,12.59287166595459,1.111146092414856,-11.481725692749023
2026-08-04T04:56:25.576000-04:00,12.610876083374023,1.1367501020431519,-11.474125862121582
2026-08-04T04:56:25.580000-04:00,12.604796409606934,1.1559239625930786,-11.448872566223145
2026-08-04T04:56:25.584000-04:00,12.619645118713379,1.1667969226837158,-11.452848434448242
2026-08-04T04:56:25.588000-04:00,12.641975402832031,1.1848015785217285,-11.457174301147461
2026-08-04T04:56:25.592000-04:00,12.65869426727295,1.2028062343597412,-11.455887794494629
2026-08-04T04:56:25.596000-04:00,12.661382675170898,1.222798466682434,-11.438584327697754
2026-08-04T04:56:25.600000-04:00,12.654017448425293,1.2494547367095947,-11.404562950134277
2026-08-04T04:56:25.604000-04:00,12.660447120666504,1.2478179931640625,-11.412629127502441
2026-08-04T04:56:25.608000-04:00,12.66290283203125,1.251091480255127,-11.411811828613281
2026-08-04T04:56:25.612000-04:00,12.675061225891113,1.2485194206237793,-11.426542282104492
2026-08-04T04:56:25.616000-04:00,12.66512393951416,1.24419367313385,-11.420929908752441
2026-08-04T04:56:25.620000-04:00,12.663019180297852,1.2433751821517944,-11.419644355773926
2026-08-04T04:56:25.624000-04:00,12.64431381225586,1.222213864326477,-11.422100067138672
2026-08-04T04:56:25.628000-04:00,12.642326354980469,1.1963759660720825,-11.445950508117676
2026-08-04T04:56:25.632000-04:00,12.639519691467285,1.2029231786727905,-11.436596870422363
2026-08-04T04:56:25.636000-04:00,12.625022888183594,1.1780205965042114,-11.447002410888672
2026-08-04T04:56:25.640000-04:00,12.605264663696289,1.1480907201766968,-11.457174301147461
2026-08-04T04:56:25.644000-04:00,12.583050727844238,1.1130166053771973,-11.470033645629883
2026-08-04T04:56:25.648000-04:00,12.563175201416016,1.0736167430877686,-11.489558219909668
2026-08-04T04:56:25.652000-04:00,12.54973030090332,1.0434530973434448,-11.506277084350586
2026-08-04T04:56:25.656000-04:00,12.53897476196289,1.0212395191192627,-11.517735481262207
2026-08-04T04:56:25.660000-04:00,12.515825271606445,0.9944663643836975,-11.521358489990234
2026-08-04T04:56:25.664000-04:00,12.485895156860352,0.9506238102912903,-11.535271644592285
2026-08-04T04:56:25.668000-04:00,12.482388496398926,0.9377632737159729,-11.544625282287598
2026-08-04T04:56:25.672000-04:00,12.472567558288574,0.8942714929580688,-11.578295707702637
2026-08-04T04:56:25.676000-04:00,12.462162017822266,0.8890103697776794,-11.573151588439941
2026-08-04T04:56:25.680000-04:00,12.443572998046875,0.8617694973945618,-11.581803321838379
2026-08-04T04:56:25.684000-04:00,12.426854133605957,0.8468045592308044,-11.580049514770508
2026-08-04T04:56:25.688000-04:00,12.416214942932129,0.8376853466033936,-11.578529357910156
2026-08-04T04:56:25.692000-04:00,12.417852401733398,0.8233049511909485,-11.594547271728516
2026-08-04T04:56:25.696000-04:00,12.411304473876953,0.8104444742202759,-11.600859642028809
2026-08-04T04:56:25.700000-04:00,12.399730682373047,0.8019098043441772,-11.597821235656738
2026-08-04T04:56:25.704000-04:00,12.383947372436523,0.7860095500946045,-11.59793758392334
2026-08-04T04:56:25.708000-04:00,12.3889741897583,0.7822683453559875,-11.606705665588379
2026-08-04T04:56:25.712000-04:00,12.392130851745605,0.7814499139785767,-11.61068058013916
2026-08-04T04:56:25.716000-04:00,12.384765625,0.784255862236023,-11.600509643554688
2026-08-04T04:56:25.720000-04:00,12.379270553588867,0.7885816693305969,-11.590688705444336
2026-08-04T04:56:25.724000-04:00,12.374360084533691,0.7684725522994995,-11.605887413024902
2026-08-04T04:56:25.728000-04:00,12.377283096313477,0.7710446119308472,-11.60623836517334
2026-08-04T04:56:25.732000-04:00,12.384297370910645,0.7798131108283997,-11.604484558105469
2026-08-04T04:56:25.736000-04:00,12.384181022644043,0.7836712598800659,-11.600509643554688
2026-08-04T04:56:25.740000-04:00,12.381491661071777,0.790452241897583,-11.591039657592773
2026-08-04T04:56:25.744000-04:00,12.386635780334473,0.7896338701248169,-11.597002029418945
2026-08-04T04:56:25.748000-04:00,12.399964332580566,0.8096261024475098,-11.590337753295898
2026-08-04T04:56:25.752000-04:00,12.39891242980957,0.823188066482544,-11.575724601745605
2026-08-04T04:56:25.756000-04:00,12.397859573364258,0.8219019770622253,-11.575957298278809
2026-08-04T04:56:25.760000-04:00,12.401249885559082,0.8317227363586426,-11.569526672363281
2026-08-04T04:56:25.764000-04:00,12.397041320800781,0.8311381936073303,-11.565902709960938
2026-08-04T04:56:25.768000-04:00,12.400665283203125,0.8461030721664429,-11.55456256866455
2026-08-04T04:56:25.772000-04:00,12.4137601852417,0.8472722172737122,-11.566488265991211
2026-08-04T04:56:25.776000-04:00,12.416916847229004,0.852416455745697,-11.56450080871582
2026-08-04T04:56:25.780000-04:00,12.404874801635742,0.8646923303604126,-11.540182113647461
2026-08-04T04:56:25.784000-04:00,12.408147811889648,0.862938642501831,-11.545208930969238
2026-08-04T04:56:25.788000-04:00,12.417384147644043,0.8651599884033203,-11.552224159240723
2026-08-04T04:56:25.792000-04:00,12.416332244873047,0.8697196245193481,-11.546612739562988
2026-08-04T04:56:25.796000-04:00,12.421476364135742,0.875916063785553,-11.545559883117676
2026-08-04T04:56:25.800000-04:00,12.403003692626953,0.8822293877601624,-11.520773887634277
2026-08-04T04:56:25.804000-04:00,12.40990161895752,0.8964928388595581,-11.513408660888672
2026-08-04T04:56:25.808000-04:00,12.422294616699219,0.8843338489532471,-11.53796100616455
2026-08-04T04:56:25.812000-04:00,12.429426193237305,0.8747469186782837,-11.554678916931152
2026-08-04T04:56:25.816000-04:00,12.423230171203613,0.8795403838157654,-11.543689727783203
2026-08-04T04:56:25.820000-04:00,12.420774459838867,0.8932192325592041,-11.527555465698242
2026-08-04T04:56:25.824000-04:00,12.421125411987305,0.8916993737220764,-11.529425621032715
2026-08-04T04:56:25.828000-04:00,12.429075241088867,0.8862044215202332,-11.54287052154541
2026-08-04T04:56:25.832000-04:00,12.43655776977539,0.890764057636261,-11.545793533325195
2026-08-04T04:56:25.836000-04:00,12.428374290466309,0.8757991194725037,-11.55257511138916
2026-08-04T04:56:25.840000-04:00,12.420774459838867,0.8731101155281067,-11.547664642333984
2026-08-04T04:56:25.844000-04:00,12.414227485656738,0.8739284873008728,-11.540299415588379
2026-08-04T04:56:25.848000-04:00,12.423931121826172,0.8708887696266174,-11.5530424118042
2026-08-04T04:56:25.852000-04:00,12.426386833190918,0.8614187836647034,-11.56496810913086
2026-08-04T04:56:25.856000-04:00,12.42381477355957,0.8542870283126831,-11.569527626037598
2026-08-04T04:56:25.860000-04:00,12.410603523254395,0.8462200164794922,-11.564383506774902
2026-08-04T04:56:25.864000-04:00,12.408031463623047,0.8332425951957703,-11.574789047241211
2026-08-04T04:56:25.868000-04:00,12.414695739746094,0.8368669152259827,-11.577828407287598
2026-08-04T04:56:25.872000-04:00,12.418787002563477,0.831021249294281,-11.58776569366455
2026-08-04T04:56:25.876000-04:00,12.418319702148438,0.8366330862045288,-11.581686973571777
2026-08-04T04:56:25.880000-04:00,12.406628608703613,0.839672863483429,-11.56695556640625
2026-08-04T04:56:25.884000-04:00,12.404641151428223,0.834294855594635,-11.570345878601074
2026-08-04T04:56:25.888000-04:00,12.404406547546387,0.8105614185333252,-11.59384536743164
2026-08-04T04:56:25.892000-04:00,12.41574764251709,0.8254094123840332,-11.590337753295898
2026-08-04T04:56:25.896000-04:00,12.409200668334961,0.8126658201217651,-11.596534729003906
2026-08-04T04:56:25.900000-04:00,12.401951789855957,0.8139519095420837,-11.588000297546387
2026-08-04T04:56:25.904000-04:00,12.400080680847168,0.8106783032417297,-11.589402198791504
2026-08-04T04:56:25.908000-04:00,12.3972749710083,0.7951288223266602,-11.60214614868164
2026-08-04T04:56:25.912000-04:00,12.408031463623047,0.7995715141296387,-11.60845947265625
2026-08-04T04:56:25.916000-04:00,12.406277656555176,0.7989869713783264,-11.607290267944336
2026-08-04T04:56:25.920000-04:00,12.392949104309082,0.8008575439453125,-11.59209156036377
2026-08-04T04:56:25.924000-04:00,12.39750862121582,0.8016759753227234,-11.595832824707031
2026-08-04T04:56:25.928000-04:00,12.40744686126709,0.7973501682281494,-11.61009693145752
2026-08-04T04:56:25.932000-04:00,12.423697471618652,0.8243572115898132,-11.599340438842773
2026-08-04T04:56:25.936000-04:00,12.42825698852539,0.8624709844589233,-11.565786361694336
2026-08-04T04:56:25.940000-04:00,12.402536392211914,0.859431266784668,-11.543105125427246
2026-08-04T04:56:25.944000-04:00,12.403705596923828,0.8704211115837097,-11.533284187316895
2026-08-04T04:56:25.948000-04:00,12.408147811889648,0.8740454316139221,-11.534102439880371
2026-08-04T04:56:25.952000-04:00,12.424165725708008,0.8850352764129639,-11.539130210876465
2026-08-04T04:56:25.956000-04:00,12.423230171203613,0.9135621786117554,-11.509668350219727
2026-08-04T04:56:25.960000-04:00,12.404172897338867,0.9500392079353333,-11.454133987426758
2026-08-04T04:56:25.964000-04:00,12.383362770080566,0.9748249053955078,-11.408537864685059
2026-08-04T04:56:25.968000-04:00,12.385466575622559,0.9694468379020691,-11.416019439697266
2026-08-04T04:56:25.972000-04:00,12.401016235351562,0.9699144959449768,-11.43110179901123
2026-08-04T04:56:25.976000-04:00,12.40966796875,0.9769293069839478,-11.432738304138184
2026-08-04T04:56:25.980000-04:00,12.406744956970215,0.9806705713272095,-11.426074028015137
2026-08-04T04:56:25.984000-04:00,12.415045738220215,0.979735255241394,-11.435310363769531
2026-08-04T04:56:25.988000-04:00,12.423931121826172,0.9499223232269287,-11.474008560180664
2026-08-04T04:56:25.992000-04:00,12.419020652770996,0.9091194868087769,-11.50990104675293
2026-08-04T04:56:25.996000-04:00,12.414111137390137,0.8817617297172546,-11.532349586486816
2026-08-04T04:56:26-04:00,12.401249885559082,0.855105459690094,-11.546144485473633
2026-08-04T04:56:26.004000-04:00,12.40382194519043,0.8450508713722229,-11.558771133422852
2026-08-04T04:56:26.008000-04:00,12.397392272949219,0.8071709275245667,-11.590221405029297
2026-08-04T04:56:26.012000-04:00,12.391897201538086,0.7791116833686829,-11.612785339355469
2026-08-04T04:56:26.016000-04:00,12.3723726272583,0.7653158903121948,-11.607056617736816
2026-08-04T04:56:26.020000-04:00,12.362435340881348,0.753156840801239,-11.609278678894043
2026-08-04T04:56:26.024000-04:00,12.371788024902344,0.7438037991523743,-11.627984046936035
2026-08-04T04:56:26.028000-04:00,12.383245468139648,0.7360875010490417,-11.647157669067383
2026-08-04T04:56:26.032000-04:00,12.381375312805176,0.7348014116287231,-11.646574020385742
2026-08-04T04:56:26.036000-04:00,12.374360084533691,0.7394779920578003,-11.634881973266602
2026-08-04T04:56:26.040000-04:00,12.369917869567871,0.7345675826072693,-11.635350227355957
2026-08-04T04:56:26.044000-04:00,12.368982315063477,0.7224085927009583,-11.646574020385742
2026-08-04T04:56:26.048000-04:00,12.373424530029297,0.7273189425468445,-11.646105766296387
2026-08-04T04:56:26.052000-04:00,12.37868595123291,0.7273189425468445,-11.6513671875
2026-08-04T04:56:26.056000-04:00,12.375295639038086,0.7219409346580505,-11.65335464477539
2026-08-04T04:56:26.060000-04:00,12.36009693145752,0.7219409346580505,-11.638155937194824
2026-08-04T04:56:26.064000-04:00,12.363253593444824,0.7288388609886169,-11.634414672851562
2026-08-04T04:56:26.068000-04:00,12.357056617736816,0.7252145409584045,-11.631841659545898
2026-08-04T04:56:26.072000-04:00,12.348873138427734,0.7390103340148926,-11.60986328125
2026-08-04T04:56:26.076000-04:00,12.328296661376953,0.7671864628791809,-11.561110496520996
2026-08-04T04:56:26.080000-04:00,12.323386192321777,0.789400041103363,-11.53398609161377
2026-08-04T04:56:26.084000-04:00,12.358576774597168,0.7752535343170166,-11.58332347869873
2026-08-04T04:56:26.088000-04:00,12.437493324279785,0.8114966750144958,-11.625996589660645
2026-08-04T04:56:26.092000-04:00,12.612747192382812,1.0220578908920288,-11.590689659118652
2026-08-04T04:56:26.096000-04:00,12.734570503234863,1.2598600387573242,-11.474710464477539
2026-08-04T04:56:26.100000-04:00,12.657407760620117,1.9079116582870483,-10.749496459960938
2026-08-04T04:56:26.104000-04:00,12.639052391052246,2.445596933364868,-10.193455696105957
2026-08-04T04:56:26.108000-04:00,12.527400016784668,3.07155179977417,-9.455848693847656
2026-08-04T04:56:26.112000-04:00,12.49022102355957,3.1276702880859375,-9.362550735473633
2026-08-04T04:56:26.116000-04:00,12.436441421508789,3.0396344661712646,-9.396806716918945
2026-08-04T04:56:26.120000-04:00,12.392364501953125,2.660717725753784,-9.731646537780762
2026-08-04T04:56:26.124000-04:00,12.334959983825684,1.9637962579727173,-10.371163368225098
2026-08-04T04:56:26.128000-04:00,12.375646591186523,1.3938429355621338,-10.981803894042969
2026-08-04T04:56:26.132000-04:00,12.43819522857666,1.1606004238128662,-11.277594566345215
2026-08-04T04:56:26.136000-04:00,12.506823539733887,1.0909199714660645,-11.415903091430664
2026-08-04T04:56:26.140000-04:00,12.493728637695312,1.0542091131210327,-11.439519882202148
2026-08-04T04:56:26.144000-04:00,12.425918579101562,0.9557679891586304,-11.4701509475708
2026-08-04T04:56:26.148000-04:00,12.433985710144043,0.9203431606292725,-11.513642311096191
2026-08-04T04:56:26.152000-04:00,12.450003623962402,0.9003509879112244,-11.549653053283691
2026-08-04T04:56:26.156000-04:00,12.442286491394043,0.8824632167816162,-11.559823036193848
2026-08-04T04:56:26.160000-04:00,12.433752059936523,0.8659784197807312,-11.567773818969727
2026-08-04T04:56:26.164000-04:00,12.43480396270752,0.847506046295166,-11.587297439575195
2026-08-04T04:56:26.168000-04:00,12.443923950195312,0.8576775193214417,-11.586246490478516
2026-08-04T04:56:26.172000-04:00,12.449419021606445,0.8504288792610168,-11.598990440368652
2026-08-04T04:56:26.176000-04:00,12.444624900817871,0.8471553325653076,-11.597469329833984
2026-08-04T04:56:26.180000-04:00,12.441701889038086,0.8526502847671509,-11.589051246643066
2026-08-04T04:56:26.184000-04:00,12.44626235961914,0.8582621216773987,-11.588000297546387
2026-08-04T04:56:26.188000-04:00,12.454328536987305,0.8782542943954468,-11.576074600219727
2026-08-04T04:56:26.192000-04:00,12.459473609924316,0.8705379962921143,-11.588935852050781
2026-08-04T04:56:26.196000-04:00,12.45503044128418,0.8706549406051636,-11.584375381469727
2026-08-04T04:56:26.200000-04:00,12.45257568359375,0.8842169046401978,-11.568358421325684
2026-08-04T04:56:26.204000-04:00,12.458771705627441,0.8959082365036011,-11.56286334991455
2026-08-04T04:56:26.208000-04:00,12.46917724609375,0.8997663855552673,-11.569411277770996
2026-08-04T04:56:26.212000-04:00,12.478998184204102,0.9007017016410828,-11.578296661376953
2026-08-04T04:56:26.216000-04:00,12.470931053161621,0.919407844543457,-11.551523208618164
2026-08-04T04:56:26.220000-04:00,12.466955184936523,0.9251366257667542,-11.541818618774414
2026-08-04T04:56:26.224000-04:00,12.478413581848145,0.9332036972045898,-11.545209884643555
2026-08-04T04:56:26.228000-04:00,12.494196891784668,0.9500392079353333,-11.544157981872559
2026-08-04T04:56:26.232000-04:00,12.49431324005127,0.9673424363136292,-11.526970863342285
2026-08-04T04:56:26.236000-04:00,12.500275611877441,0.9846456050872803,-11.515629768371582
2026-08-04T04:56:26.240000-04:00,12.494546890258789,0.9848794341087341,-11.50966739654541
2026-08-04T04:56:26.244000-04:00,12.506004333496094,1.0020657777786255,-11.503938674926758
2026-08-04T04:56:26.248000-04:00,12.517111778259277,1.0077944993972778,-11.509317398071289
2026-08-04T04:56:26.252000-04:00,12.534765243530273,1.036789059638977,-11.497976303100586
2026-08-04T04:56:26.256000-04:00,12.536519050598145,1.0592364072799683,-11.477282524108887
2026-08-04T04:56:26.260000-04:00,12.532193183898926,1.0649652481079102,-11.467227935791016
2026-08-04T04:56:26.264000-04:00,12.552653312683105,1.1043651103973389,-11.448287963867188
2026-08-04T04:56:26.268000-04:00,12.565162658691406,1.1096261739730835,-11.455536842346191
2026-08-04T04:56:26.272000-04:00,12.579192161560059,1.1310213804244995,-11.44817066192627
2026-08-04T04:56:26.276000-04:00,12.594625473022461,1.1513643264770508,-11.44326114654541
2026-08-04T04:56:26.280000-04:00,12.610993385314941,1.1922839879989624,-11.418709754943848
2026-08-04T04:56:26.284000-04:00,12.618825912475586,1.2036246061325073,-11.415201187133789
2026-08-04T04:56:26.288000-04:00,12.633206367492676,1.2202262878417969,-11.412980079650879
2026-08-04T04:56:26.292000-04:00,12.658109664916992,1.2558850049972534,-11.40222454071045
2026-08-04T04:56:26.296000-04:00,12.662785530090332,1.2830089330673218,-11.379776954650879
2026-08-04T04:56:26.300000-04:00,12.66489028930664,1.291426658630371,-11.37346363067627
2026-08-04T04:56:26.304000-04:00,12.663954734802246,1.3032349348068237,-11.360719680786133
2026-08-04T04:56:26.308000-04:00,12.679387092590332,1.3074438571929932,-11.371943473815918
2026-08-04T04:56:26.312000-04:00,12.67751693725586,1.317381501197815,-11.360135078430176
2026-08-04T04:56:26.316000-04:00,12.674126625061035,1.3160954713821411,-11.358031272888184
2026-08-04T04:56:26.320000-04:00,12.668865203857422,1.3129388093948364,-11.355926513671875
2026-08-04T04:56:26.324000-04:00,12.658576965332031,1.2936480045318604,-11.36492919921875
2026-08-04T04:56:26.328000-04:00,12.653549194335938,1.2847626209259033,-11.368786811828613
2026-08-04T04:56:26.332000-04:00,12.64852237701416,1.2763447761535645,-11.372177124023438
2026-08-04T04:56:26.336000-04:00,12.636947631835938,1.2547158002853394,-11.382231712341309
2026-08-04T04:56:26.340000-04:00,12.616722106933594,1.2351912260055542,-11.38153076171875
2026-08-04T04:56:26.344000-04:00,12.593689918518066,1.1891273260116577,-11.404562950134277
2026-08-04T04:56:26.348000-04:00,12.590065956115723,1.170538067817688,-11.419528007507324
2026-08-04T04:56:26.352000-04:00,12.573814392089844,1.135464072227478,-11.438350677490234
2026-08-04T04:56:26.356000-04:00,12.549379348754883,1.086477279663086,-11.462902069091797
2026-08-04T04:56:26.360000-04:00,12.522956848144531,1.0713953971862793,-11.451560974121094
2026-08-04T04:56:26.364000-04:00,12.502964973449707,1.0238116979599,-11.479153633117676
2026-08-04T04:56:26.368000-04:00,12.50238037109375,1.0081452131271362,-11.494235038757324
2026-08-04T04:56:26.372000-04:00,12.481452941894531,0.987802267074585,-11.493650436401367
2026-08-04T04:56:26.376000-04:00,12.471047401428223,0.9565863609313965,-11.514461517333984
2026-08-04T04:56:26.380000-04:00,12.444040298461914,0.9308654069900513,-11.513175010681152
2026-08-04T04:56:26.384000-04:00,12.43819522857666,0.9127438068389893,-11.52545166015625
2026-08-04T04:56:26.388000-04:00,12.431180000305176,0.8938038349151611,-11.537376403808594
2026-08-04T04:56:26.392000-04:00,12.414461135864258,0.8655107617378235,-11.5489501953125
2026-08-04T04:56:26.396000-04:00,12.410369873046875,0.8637570142745972,-11.546612739562988
2026-08-04T04:56:26.400000-04:00,12.393767356872559,0.8514811396598816,-11.542285919189453
2026-08-04T04:56:26.404000-04:00,12.381608963012695,0.8484413623809814,-11.533167839050293
2026-08-04T04:56:26.408000-04:00,12.394469261169434,0.8537024855613708,-11.540766716003418
2026-08-04T04:56:26.412000-04:00,12.389676094055176,0.8420111536979675,-11.547664642333984
2026-08-04T04:56:26.416000-04:00,12.378803253173828,0.8410758376121521,-11.537727355957031
2026-08-04T04:56:26.420000-04:00,12.374360084533691,0.8443493843078613,-11.530010223388672
2026-08-04T04:56:26.424000-04:00,12.378803253173828,0.8387375473976135,-11.54006576538086
2026-08-04T04:56:26.428000-04:00,12.379621505737305,0.8395559191703796,-11.54006576538086
2026-08-04T04:56:26.432000-04:00,12.386285781860352,0.8454016447067261,-11.540884017944336
2026-08-04T04:56:26.436000-04:00,12.377399444580078,0.8442324995994568,-11.533166885375977
2026-08-04T04:56:26.440000-04:00,12.3723726272583,0.8608341813087463,-11.5115385055542
2026-08-04T04:56:26.444000-04:00,12.380790710449219,0.8815279006958008,-11.499262809753418
2026-08-04T04:56:26.448000-04:00,12.388038635253906,0.8717071413993835,-11.516331672668457
2026-08-04T04:56:26.452000-04:00,12.389792442321777,0.868316650390625,-11.521475791931152
2026-08-04T04:56:26.456000-04:00,12.386051177978516,0.8835154175758362,-11.502535820007324
2026-08-04T04:56:26.460000-04:00,12.384297370910645,0.8898287415504456,-11.494468688964844
2026-08-04T04:56:26.464000-04:00,12.391312599182129,0.8981296420097351,-11.493183135986328
2026-08-04T04:56:26.468000-04:00,12.39937973022461,0.9130945205688477,-11.486285209655762
2026-08-04T04:56:26.472000-04:00,12.40160083770752,0.9140298366546631,-11.487570762634277
2026-08-04T04:56:26.476000-04:00,12.40335464477539,0.9215123057365417,-11.481842041015625
2026-08-04T04:56:26.480000-04:00,12.399496078491211,0.9458303451538086,-11.453665733337402
2026-08-04T04:56:26.484000-04:00,12.400080680847168,0.9295793771743774,-11.470500946044922
2026-08-04T04:56:26.488000-04:00,12.406511306762695,0.9372956156730652,-11.469215393066406
2026-08-04T04:56:26.492000-04:00,12.407797813415527,0.9316837787628174,-11.476114273071289
2026-08-04T04:56:26.496000-04:00,12.41598129272461,0.9369449019432068,-11.479036331176758
2026-08-04T04:56:26.500000-04:00,12.404757499694824,0.9586908221244812,-11.446066856384277
2026-08-04T04:56:26.504000-04:00,12.411539077758789,0.9520267248153687,-11.459512710571289
2026-08-04T04:56:26.508000-04:00,12.413993835449219,0.9579893350601196,-11.45600414276123
2026-08-04T04:56:26.512000-04:00,12.413642883300781,0.9597430229187012,-11.453899383544922
2026-08-04T04:56:26.516000-04:00,12.408616065979004,0.9498053789138794,-11.458810806274414
2026-08-04T04:56:26.520000-04:00,12.406394004821777,0.9522605538368225,-11.454133033752441
2026-08-04T04:56:26.524000-04:00,12.406394004821777,0.9454795718193054,-11.460914611816406
2026-08-04T04:56:26.528000-04:00,12.412824630737305,0.9593923091888428,-11.453432083129883
2026-08-04T04:56:26.532000-04:00,12.422411918640137,0.9605614542961121,-11.4618501663208
2026-08-04T04:56:26.536000-04:00,12.40990161895752,0.941855251789093,-11.468046188354492
2026-08-04T04:56:26.540000-04:00,12.40335464477539,0.9333205819129944,-11.470033645629883
2026-08-04T04:56:26.544000-04:00,12.40943431854248,0.9379971027374268,-11.471437454223633
2026-08-04T04:56:26.548000-04:00,12.412123680114746,0.9282932877540588,-11.483830451965332
2026-08-04T04:56:26.552000-04:00,12.406628608703613,0.9247859120368958,-11.481842994689941
2026-08-04T04:56:26.556000-04:00,12.408265113830566,0.9083011150360107,-11.499963760375977
2026-08-04T04:56:26.560000-04:00,12.40113353729248,0.9080672860145569,-11.49306583404541
2026-08-04T04:56:26.564000-04:00,12.39891242980957,0.9143806099891663,-11.48453140258789
2026-08-04T04:56:26.568000-04:00,12.406160354614258,0.926422655582428,-11.479737281799316
2026-08-04T04:56:26.572000-04:00,12.407797813415527,0.915900468826294,-11.491897583007812
2026-08-04T04:56:26.576000-04:00,12.403237342834473,0.915900468826294,-11.487337112426758
2026-08-04T04:56:26.580000-04:00,12.3972749710083,0.9071319699287415,-11.490142822265625
2026-08-04T04:56:26.584000-04:00,12.397041320800781,0.9004678726196289,-11.496573448181152
2026-08-04T04:56:26.588000-04:00,12.400080680847168,0.9053782224655151,-11.494702339172363
2026-08-04T04:56:26.592000-04:00,12.404406547546387,0.9054951667785645,-11.498910903930664
2026-08-04T04:56:26.596000-04:00,12.393182754516602,0.8954405784606934,-11.49774169921875
2026-08-04T04:56:26.600000-04:00,12.381959915161133,0.8977788686752319,-11.48418140411377
2026-08-04T04:56:26.604000-04:00,12.386402130126953,0.8991818428039551,-11.487220764160156
2026-08-04T04:56:26.608000-04:00,12.399028778076172,0.8860875368118286,-11.512941360473633
2026-08-04T04:56:26.612000-04:00,12.395872116088867,0.8862044215202332,-11.50966739654541
2026-08-04T04:56:26.616000-04:00,12.389091491699219,0.8711225986480713,-11.517969131469727
2026-08-04T04:56:26.620000-04:00,12.384297370910645,0.8816447854042053,-11.502652168273926
2026-08-04T04:56:26.624000-04:00,12.390026092529297,0.8835154175758362,-11.506510734558105
2026-08-04T04:56:26.628000-04:00,12.386869430541992,0.8902963995933533,-11.496573448181152
2026-08-04T04:56:26.632000-04:00,12.396105766296387,0.8957913517951965,-11.500314712524414
2026-08-04T04:56:26.636000-04:00,12.382427215576172,0.8856198787689209,-11.496807098388672
2026-08-04T04:56:26.640000-04:00,12.383947372436523,0.8793065547943115,-11.504640579223633
2026-08-04T04:56:26.644000-04:00,12.3806734085083,0.871590256690979,-11.509082794189453
2026-08-04T04:56:26.648000-04:00,12.385934829711914,0.8749807476997375,-11.510953903198242
2026-08-04T04:56:26.652000-04:00,12.3971586227417,0.8783712387084961,-11.518787384033203
2026-08-04T04:56:26.656000-04:00,12.40721321105957,0.9008186459541321,-11.506394386291504
2026-08-04T04:56:26.660000-04:00,12.403237342834473,0.9256042838096619,-11.477633476257324
2026-08-04T04:56:26.664000-04:00,12.38920783996582,0.9558848738670349,-11.43332290649414
2026-08-04T04:56:26.668000-04:00,12.394936561584473,0.969680666923523,-11.42525577545166
2026-08-04T04:56:26.672000-04:00,12.392481803894043,0.9776307940483093,-11.414851188659668
2026-08-04T04:56:26.676000-04:00,12.389909744262695,0.9631335139274597,-11.426775932312012
2026-08-04T04:56:26.680000-04:00,12.392715454101562,0.9865162372589111,-11.40619945526123
2026-08-04T04:56:26.684000-04:00,12.391779899597168,1.0208888053894043,-11.370891571044922
2026-08-04T04:56:26.688000-04:00,12.376347541809082,1.066251277923584,-11.310096740722656
2026-08-04T04:56:26.692000-04:00,12.378101348876953,1.0599379539489746,-11.31816291809082
2026-08-04T04:56:26.696000-04:00,12.382193565368652,1.0490649938583374,-11.333128929138184
2026-08-04T04:56:26.700000-04:00,12.367929458618164,1.0616916418075562,-11.306238174438477
2026-08-04T04:56:26.704000-04:00,12.377984046936035,1.0706939697265625,-11.307290077209473
2026-08-04T04:56:26.708000-04:00,12.408966064453125,1.0659005641937256,-11.34306526184082
2026-08-04T04:56:26.712000-04:00,12.427556037902832,1.068940281867981,-11.35861587524414
2026-08-04T04:56:26.716000-04:00,12.408616065979004,1.0087298154830933,-11.399886131286621
2026-08-04T04:56:26.720000-04:00,12.39330005645752,0.9654718041419983,-11.427827835083008
2026-08-04T04:56:26.724000-04:00,12.381491661071777,0.9466487169265747,-11.434843063354492
2026-08-04T04:56:26.728000-04:00,12.39084529876709,0.9310992360115051,-11.459746360778809
2026-08-04T04:56:26.732000-04:00,12.381959915161133,0.9100548028945923,-11.471904754638672
2026-08-04T04:56:26.736000-04:00,12.377867698669434,0.8750976324081421,-11.50277042388916
2026-08-04T04:56:26.740000-04:00,12.361967086791992,0.8569760322570801,-11.50499153137207
2026-08-04T04:56:26.744000-04:00,12.34817123413086,0.8360485434532166,-11.512123107910156
2026-08-04T04:56:26.748000-04:00,12.357758522033691,0.8182776570320129,-11.539481163024902
2026-08-04T04:56:26.752000-04:00,12.362200736999512,0.8360485434532166,-11.526152610778809
2026-08-04T04:56:26.756000-04:00,12.352263450622559,0.8171085715293884,-11.535155296325684
2026-08-04T04:56:26.760000-04:00,12.347586631774902,0.8114966750144958,-11.536089897155762
2026-08-04T04:56:26.764000-04:00,12.355420112609863,0.8121981620788574,-11.543222427368164
2026-08-04T04:56:26.768000-04:00,12.358694076538086,0.7999222874641418,-11.558772087097168
2026-08-04T04:56:26.772000-04:00,12.36185073852539,0.805884838104248,-11.555965423583984
2026-08-04T04:56:26.776000-04:00,12.348054885864258,0.7999222874641418,-11.54813289642334
2026-08-04T04:56:26.780000-04:00,12.337298393249512,0.79208904504776,-11.545208930969238
2026-08-04T04:56:26.784000-04:00,12.338116645812988,0.7912706732749939,-11.546846389770508
2026-08-04T04:56:26.788000-04:00,12.346534729003906,0.7882308959960938,-11.558303833007812
2026-08-04T04:56:26.792000-04:00,12.344429969787598,0.7994546294212341,-11.544975280761719
2026-08-04T04:56:26.796000-04:00,12.326659202575684,0.8005068302154541,-11.526152610778809
2026-08-04T04:56:26.800000-04:00,12.291702270507812,0.8190960884094238,-11.472606658935547
2026-08-04T04:56:26.804000-04:00,12.278608322143555,0.8441155552864075,-11.434493064880371
2026-08-04T04:56:26.808000-04:00,12.334609985351562,0.8444663286209106,-11.490143775939941
2026-08-04T04:56:26.812000-04:00,12.390026092529297,0.8563914895057678,-11.533634185791016
2026-08-04T04:56:26.816000-04:00,12.527750968933105,0.997272253036499,-11.530478477478027
2026-08-04T04:56:26.820000-04:00,12.637298583984375,1.3373737335205078,-11.299924850463867
2026-08-04T04:56:26.824000-04:00,12.624905586242676,1.6816840171813965,-10.943222045898438
2026-08-04T04:56:26.828000-04:00,12.561305046081543,2.4657061100006104,-10.095599174499512
2026-08-04T04:56:26.832000-04:00,12.518046379089355,2.9623546600341797,-9.555691719055176
2026-08-04T04:56:26.836000-04:00,12.427672386169434,3.24867582321167,-9.178997039794922
2026-08-04T04:56:26.840000-04:00,12.375178337097168,3.2648098468780518,-9.110368728637695
2026-08-04T04:56:26.844000-04:00,12.342559814453125,2.7961037158966064,-9.546456336975098
2026-08-04T04:56:26.848000-04:00,12.328880310058594,2.3300862312316895,-9.998794555664062
2026-08-04T04:56:26.852000-04:00,12.383129119873047,1.7332428693771362,-10.649886131286621
2026-08-04T04:56:26.856000-04:00,12.411539077758789,1.2320345640182495,-11.17950439453125
2026-08-04T04:56:26.860000-04:00,12.466605186462402,1.1872566938400269,-11.279348373413086
2026-08-04T04:56:26.864000-04:00,12.452341079711914,1.1292675733566284,-11.323073387145996
2026-08-04T04:56:26.868000-04:00,12.405108451843262,1.0563136339187622,-11.348794937133789
2026-08-04T04:56:26.872000-04:00,12.424750328063965,0.982424259185791,-11.442325592041016
2026-08-04T04:56:26.876000-04:00,12.415163040161133,0.9733049869537354,-11.441858291625977
2026-08-04T04:56:26.880000-04:00,12.420891761779785,0.94243985414505,-11.4784517288208
2026-08-04T04:56:26.884000-04:00,12.411188125610352,0.9167188405990601,-11.49446964263916
2026-08-04T04:56:26.888000-04:00,12.41995620727539,0.9180049300193787,-11.501951217651367
2026-08-04T04:56:26.892000-04:00,12.42404842376709,0.9114577770233154,-11.512590408325195
2026-08-04T04:56:26.896000-04:00,12.41598129272461,0.8987141847610474,-11.517267227172852
2026-08-04T04:56:26.900000-04:00,12.412240028381348,0.9022215604782104,-11.510018348693848
2026-08-04T04:56:26.904000-04:00,12.415863990783691,0.9068981409072876,-11.508965492248535
2026-08-04T04:56:26.908000-04:00,12.428958892822266,0.9265395998954773,-11.502419471740723
2026-08-04T04:56:26.912000-04:00,12.444157600402832,0.9334374666213989,-11.510720252990723
2026-08-04T04:56:26.916000-04:00,12.439831733703613,0.9341389536857605,-11.505692481994629
2026-08-04T04:56:26.920000-04:00,12.44263744354248,0.945128858089447,-11.497509002685547
2026-08-04T04:56:26.924000-04:00,12.44064998626709,0.9500392079353333,-11.49061107635498
2026-08-04T04:56:26.928000-04:00,12.453861236572266,0.9522605538368225,-11.50160026550293
2026-08-04T04:56:26.932000-04:00,12.454212188720703,0.9531958699226379,-11.501016616821289
2026-08-04T04:56:26.936000-04:00,12.453978538513184,0.9631335139274597,-11.4908447265625
2026-08-04T04:56:26.940000-04:00,12.451171875,0.9724866151809692,-11.47868537902832
2026-08-04T04:56:26.944000-04:00,12.456901550292969,0.9783322811126709,-11.478569030761719
2026-08-04T04:56:26.948000-04:00,12.466020584106445,0.9923619031906128,-11.473658561706543
2026-08-04T04:56:26.952000-04:00,12.478062629699707,1.0010135173797607,-11.477048873901367
2026-08-04T04:56:26.956000-04:00,12.474437713623047,1.0069761276245117,-11.467461585998535
2026-08-04T04:56:26.960000-04:00,12.474555015563965,1.0265007019042969,-11.448054313659668
2026-08-04T04:56:26.964000-04:00,12.480050086975098,1.023460865020752,-11.456588745117188
2026-08-04T04:56:26.968000-04:00,12.492676734924316,1.0348014831542969,-11.45787525177002
2026-08-04T04:56:26.972000-04:00,12.508810997009277,1.0573657751083374,-11.451445579528809
2026-08-04T04:56:26.976000-04:00,12.511032104492188,1.072213888168335,-11.438817977905273
2026-08-04T04:56:26.980000-04:00,12.513486862182617,1.0803977251052856,-11.433089256286621
2026-08-04T04:56:26.984000-04:00,12.517812728881836,1.0993378162384033,-11.418475151062012
2026-08-04T04:56:26.988000-04:00,12.54388427734375,1.1118475198745728,-11.432036399841309
2026-08-04T04:56:26.992000-04:00,12.562356948852539,1.1586129665374756,-11.403743743896484
2026-08-04T04:56:26.996000-04:00,12.567852020263672,1.1712396144866943,-11.396612167358398
2026-08-04T04:56:27-04:00,12.575100898742676,1.2045599222183228,-11.370540618896484
2026-08-04T04:56:27.004000-04:00,12.5908842086792,1.2170696258544922,-11.373814582824707
2026-08-04T04:56:27.008000-04:00,12.612278938293457,1.2413877248764038,-11.370891571044922
2026-08-04T04:56:27.012000-04:00,12.630400657653809,1.2679270505905151,-11.362473487854004
2026-08-04T04:56:27.016000-04:00,12.639636993408203,1.2983245849609375,-11.341312408447266
2026-08-04T04:56:27.020000-04:00,12.650860786437988,1.3110681772232056,-11.339792251586914
2026-08-04T04:56:27.024000-04:00,12.657992362976074,1.31434166431427,-11.343650817871094
2026-08-04T04:56:27.028000-04:00,12.678217887878418,1.329774260520935,-11.348443984985352
2026-08-04T04:56:27.032000-04:00,12.676230430603027,1.3446223735809326,-11.331607818603516
2026-08-04T04:56:27.036000-04:00,12.682310104370117,1.357132077217102,-11.325178146362305
2026-08-04T04:56:27.040000-04:00,12.67751693725586,1.3612240552902222,-11.316292762756348
2026-08-04T04:56:27.044000-04:00,12.682894706726074,1.3445054292678833,-11.33838939666748
2026-08-04T04:56:27.048000-04:00,12.67728328704834,1.3512864112854004,-11.325996398925781
2026-08-04T04:56:27.052000-04:00,12.678568840026855,1.3386597633361816,-11.339908599853516
2026-08-04T04:56:27.056000-04:00,12.656940460205078,1.335736870765686,-11.321203231811523
2026-08-04T04:56:27.060000-04:00,12.657875061035156,1.3164461851119995,-11.341428756713867
2026-08-04T04:56:27.064000-04:00,12.631803512573242,1.2985583543777466,-11.333245277404785
2026-08-04T04:56:27.068000-04:00,12.623502731323242,1.2715513706207275,-11.351951599121094
2026-08-04T04:56:27.072000-04:00,12.60140609741211,1.228176474571228,-11.37322998046875
2026-08-04T04:56:27.076000-04:00,12.585155487060547,1.1980128288269043,-11.387142181396484
2026-08-04T04:56:27.080000-04:00,12.551016807556152,1.1572099924087524,-11.393806457519531
2026-08-04T04:56:27.084000-04:00,12.535934448242188,1.132775068283081,-11.403159141540527
2026-08-04T04:56:27.088000-04:00,12.522723197937012,1.1015591621398926,-11.421163558959961
2026-08-04T04:56:27.092000-04:00,12.507524490356445,1.0738506317138672,-11.433673858642578
2026-08-04T04:56:27.096000-04:00,12.487298965454102,1.0401794910430908,-11.44711971282959
2026-08-04T04:56:27.100000-04:00,12.46087646484375,1.0021826028823853,-11.458693504333496
2026-08-04T04:56:27.104000-04:00,12.447196960449219,0.9890883564949036,-11.458108901977539
2026-08-04T04:56:27.108000-04:00,12.4345703125,0.9564694762229919,-11.478100776672363
2026-08-04T04:56:27.112000-04:00,12.433869361877441,0.9524943828582764,-11.481374740600586
2026-08-04T04:56:27.116000-04:00,12.412590980529785,0.9339051246643066,-11.47868537902832
2026-08-04T04:56:27.120000-04:00,12.389442443847656,0.9063135385513306,-11.483128547668457
2026-08-04T04:56:27.124000-04:00,12.391779899597168,0.8973112106323242,-11.494468688964844
2026-08-04T04:56:27.128000-04:00,12.388038635253906,0.8873735666275024,-11.500664710998535
2026-08-04T04:56:27.132000-04:00,12.38698673248291,0.8796572685241699,-11.507329940795898
2026-08-04T04:56:27.136000-04:00,12.376815795898438,0.8657445907592773,-11.51107120513916
2026-08-04T04:56:27.140000-04:00,12.367579460144043,0.8796572685241699,-11.487922668457031
2026-08-04T04:56:27.144000-04:00,12.36617660522461,0.8686674237251282,-11.497509002685547
2026-08-04T04:56:27.148000-04:00,12.373190879821777,0.8774359226226807,-11.495755195617676
2026-08-04T04:56:27.152000-04:00,12.374126434326172,0.8835154175758362,-11.49061107635498
2026-08-04T04:56:27.156000-04:00,12.365123748779297,0.8783712387084961,-11.4867525100708
2026-08-04T04:56:27.160000-04:00,12.355069160461426,0.8745130896568298,-11.48055648803711
2026-08-04T04:56:27.164000-04:00,12.363720893859863,0.8817617297172546,-11.481959342956543
2026-08-04T04:56:27.168000-04:00,12.379270553588867,0.8946222066879272,-11.484648704528809
2026-08-04T04:56:27.172000-04:00,12.372138977050781,0.8974281549453735,-11.474710464477539
2026-08-04T04:56:27.176000-04:00,12.375880241394043,0.905144453048706,-11.470735549926758
2026-08-04T04:56:27.180000-04:00,12.374242782592773,0.903507649898529,-11.470735549926758
2026-08-04T04:56:27.184000-04:00,12.369098663330078,0.898597240447998,-11.470500946044922
2026-08-04T04:56:27.188000-04:00,12.380322456359863,0.9196416735649109,-11.460680961608887
2026-08-04T04:56:27.192000-04:00,12.383011817932129,0.9217461347579956,-11.461265563964844
2026-08-04T04:56:27.196000-04:00,12.379504203796387,0.9256042838096619,-11.453900337219238
2026-08-04T04:56:27.200000-04:00,12.369215965270996,0.9247859120368958,-11.444430351257324
2026-08-04T04:56:27.204000-04:00,12.390143394470215,0.9510914087295532,-11.439051628112793
2026-08-04T04:56:27.208000-04:00,12.390961647033691,0.9646534323692322,-11.426308631896973
2026-08-04T04:56:27.212000-04:00,12.395755767822266,0.9662901759147644,-11.429465293884277
2026-08-04T04:56:27.216000-04:00,12.391897201538086,0.9577555060386658,-11.434142112731934
2026-08-04T04:56:27.220000-04:00,12.38254451751709,0.9507406949996948,-11.431803703308105
2026-08-04T04:56:27.224000-04:00,12.394469261169434,0.9658225178718567,-11.4286470413208
2026-08-04T04:56:27.228000-04:00,12.400665283203125,0.9873346090316772,-11.413331031799316
2026-08-04T04:56:27.232000-04:00,12.400431632995605,0.9893221259117126,-11.411109924316406
2026-08-04T04:56:27.236000-04:00,12.396105766296387,0.9879192113876343,-11.408186912536621
2026-08-04T04:56:27.240000-04:00,12.398561477661133,0.9907251000404358,-11.407835960388184
2026-08-04T04:56:27.244000-04:00,12.38920783996582,0.9814889430999756,-11.407718658447266
2026-08-04T04:56:27.248000-04:00,12.401718139648438,0.9880360960960388,-11.413681983947754
2026-08-04T04:56:27.252000-04:00,12.411539077758789,0.9863992929458618,-11.425139427185059
2026-08-04T04:56:27.256000-04:00,12.40335464477539,0.9928295612335205,-11.41052532196045
2026-08-04T04:56:27.260000-04:00,12.396807670593262,0.9900236129760742,-11.406784057617188
2026-08-04T04:56:27.264000-04:00,12.396690368652344,0.9839441180229187,-11.41274642944336
2026-08-04T04:56:27.268000-04:00,12.401016235351562,0.9743572473526001,-11.426658630371094
2026-08-04T04:56:27.272000-04:00,12.403003692626953,0.9652379751205444,-11.437766075134277
2026-08-04T04:56:27.276000-04:00,12.3972749710083,0.9524943828582764,-11.444780349731445
2026-08-04T04:56:27.280000-04:00,12.38277816772461,0.9492208361625671,-11.433557510375977
2026-08-04T04:56:27.284000-04:00,12.392248153686523,0.9416214227676392,-11.450626373291016
2026-08-04T04:56:27.288000-04:00,12.392599105834961,0.9496884942054749,-11.442910194396973
2026-08-04T04:56:27.292000-04:00,12.397625923156738,0.9536635279655457,-11.443962097167969
2026-08-04T04:56:27.296000-04:00,12.388273239135742,0.9508575797080994,-11.437416076660156
2026-08-04T04:56:27.300000-04:00,12.381258010864258,0.9361265301704407,-11.445131301879883
2026-08-04T04:56:27.304000-04:00,12.386519432067871,0.9372956156730652,-11.449223518371582
2026-08-04T04:56:27.308000-04:00,12.394118309020996,0.9354250431060791,-11.458693504333496
2026-08-04T04:56:27.312000-04:00,12.394586563110352,0.9419721961021423,-11.452614784240723
2026-08-04T04:56:27.316000-04:00,12.389091491699219,0.9261888861656189,-11.462903022766113
2026-08-04T04:56:27.320000-04:00,12.380206108093262,0.9093533158302307,-11.470852851867676
2026-08-04T04:56:27.324000-04:00,12.382309913635254,0.9097040295600891,-11.47260570526123
2026-08-04T04:56:27.328000-04:00,12.391312599182129,0.9091194868087769,-11.482192993164062
2026-08-04T04:56:27.332000-04:00,12.391195297241211,0.9151989817619324,-11.475996017456055
2026-08-04T04:56:27.336000-04:00,12.385466575622559,0.9215123057365417,-11.463953971862793
2026-08-04T04:56:27.340000-04:00,12.380439758300781,0.9134452939033508,-11.466994285583496
2026-08-04T04:56:27.344000-04:00,12.387922286987305,0.9109901189804077,-11.476932525634766
2026-08-04T04:56:27.348000-04:00,12.392481803894043,0.9043260216712952,-11.488155364990234
2026-08-04T04:56:27.352000-04:00,12.393533706665039,0.9012863039970398,-11.492247581481934
2026-08-04T04:56:27.356000-04:00,12.386168479919434,0.8894780278205872,-11.49669075012207
2026-08-04T04:56:27.360000-04:00,12.379504203796387,0.8856198787689209,-11.493884086608887
2026-08-04T04:56:27.364000-04:00,12.382427215576172,0.893453061580658,-11.488974571228027
2026-08-04T04:56:27.368000-04:00,12.383947372436523,0.9008186459541321,-11.483128547668457
2026-08-04T04:56:27.372000-04:00,12.397743225097656,0.9080672860145569,-11.489675521850586
2026-08-04T04:56:27.376000-04:00,12.386519432067871,0.8980126976966858,-11.488506317138672
2026-08-04T04:56:27.380000-04:00,12.376113891601562,0.8953236937522888,-11.480790138244629
2026-08-04T04:56:27.384000-04:00,12.380556106567383,0.8824632167816162,-11.498092651367188
2026-08-04T04:56:27.388000-04:00,12.37845230102539,0.8754484057426453,-11.50300407409668
2026-08-04T04:56:27.392000-04:00,12.387571334838867,0.8876073956489563,-11.499963760375977
2026-08-04T04:56:27.396000-04:00,12.386168479919434,0.8811771273612976,-11.50499153137207
2026-08-04T04:56:27.400000-04:00,12.376113891601562,0.8801249265670776,-11.495988845825195
2026-08-04T04:56:27.404000-04:00,12.377283096313477,0.8690181374549866,-11.508264541625977
2026-08-04T04:56:27.408000-04:00,12.389558792114258,0.8822293877601624,-11.507328987121582
2026-08-04T04:56:27.412000-04:00,12.386051177978516,0.8876073956489563,-11.498443603515625
2026-08-04T04:56:27.416000-04:00,12.371554374694824,0.8867890238761902,-11.48476505279541
2026-08-04T04:56:27.420000-04:00,12.37646484375,0.8676151633262634,-11.50885009765625
2026-08-04T04:56:27.424000-04:00,12.379972457885742,0.8652769327163696,-11.514695167541504
2026-08-04T04:56:27.428000-04:00,12.381024360656738,0.8644585013389587,-11.516566276550293
2026-08-04T04:56:27.432000-04:00,12.38453197479248,0.8663291335105896,-11.518202781677246
2026-08-04T04:56:27.436000-04:00,12.371320724487305,0.8663291335105896,-11.50499153137207
2026-08-04T04:56:27.440000-04:00,12.374360084533691,0.8638739585876465,-11.510486602783203
2026-08-04T04:56:27.444000-04:00,12.376113891601562,0.8721747994422913,-11.503938674926758
2026-08-04T04:56:27.448000-04:00,12.386051177978516,0.8817617297172546,-11.504289627075195
2026-08-04T04:56:27.452000-04:00,12.409785270690918,0.8932192325592041,-11.516566276550293
2026-08-04T04:56:27.456000-04:00,12.400548934936523,0.9385817050933838,-11.461967468261719
2026-08-04T04:56:27.460000-04:00,12.38698673248291,0.9402185082435608,-11.446767807006836
2026-08-04T04:56:27.464000-04:00,12.395404815673828,0.9528451561927795,-11.442559242248535
2026-08-04T04:56:27.468000-04:00,12.398210525512695,0.9480516910552979,-11.450159072875977
2026-08-04T04:56:27.472000-04:00,12.399964332580566,0.9773969650268555,-11.422567367553711
2026-08-04T04:56:27.476000-04:00,12.410135269165039,0.9899067282676697,-11.420228958129883
2026-08-04T04:56:27.480000-04:00,12.385232925415039,1.0274360179901123,-11.357796669006348
2026-08-04T04:56:27.484000-04:00,12.363019943237305,1.0293065309524536,-11.33371353149414
2026-08-04T04:56:27.488000-04:00,12.37482738494873,1.0236947536468506,-11.3511323928833
2026-08-04T04:56:27.492000-04:00,12.382076263427734,1.0358537435531616,-11.346222877502441
2026-08-04T04:56:27.496000-04:00,12.370267868041992,1.0433361530303955,-11.326931953430176
2026-08-04T04:56:27.500000-04:00,12.399730682373047,1.0377243757247925,-11.362006187438965
2026-08-04T04:56:27.504000-04:00,12.4138765335083,1.028137445449829,-11.38573932647705
2026-08-04T04:56:27.508000-04:00,12.415863990783691,1.0046378374099731,-11.411226272583008
2026-08-04T04:56:27.512000-04:00,12.408265113830566,0.9690961241722107,-11.439168930053711
2026-08-04T04:56:27.516000-04:00,12.398444175720215,0.9423229098320007,-11.456121444702148
2026-08-04T04:56:27.520000-04:00,12.387688636779785,0.924318253993988,-11.463370323181152
2026-08-04T04:56:27.524000-04:00,12.381258010864258,0.9040921926498413,-11.477166175842285
2026-08-04T04:56:27.528000-04:00,12.379504203796387,0.8678489923477173,-11.5116548538208
2026-08-04T04:56:27.532000-04:00,12.37061882019043,0.8439986705780029,-11.526619911193848
2026-08-04T04:56:27.536000-04:00,12.350860595703125,0.8235387802124023,-11.527321815490723
2026-08-04T04:56:27.540000-04:00,12.345014572143555,0.8180438280105591,-11.526970863342285
2026-08-04T04:56:27.544000-04:00,12.35623836517334,0.8154717683792114,-11.540766716003418
2026-08-04T04:56:27.548000-04:00,12.364656448364258,0.8143026232719421,-11.55035400390625
2026-08-04T04:56:27.552000-04:00,12.36839771270752,0.8113797903060913,-11.557018280029297
2026-08-04T04:56:27.556000-04:00,12.352380752563477,0.8072878122329712,-11.545092582702637
2026-08-04T04:56:27.560000-04:00,12.359628677368164,0.8096261024475098,-11.550003051757812
2026-08-04T04:56:27.564000-04:00,12.359161376953125,0.8015590310096741,-11.557601928710938
2026-08-04T04:56:27.568000-04:00,12.355186462402344,0.7888154983520508,-11.566370964050293
2026-08-04T04:56:27.572000-04:00,12.355887413024902,0.7908030152320862,-11.565084457397461
2026-08-04T04:56:27.576000-04:00,12.348288536071777,0.7846065759658813,-11.563681602478027
2026-08-04T04:56:27.580000-04:00,12.337064743041992,0.778293251991272,-11.558771133422852
2026-08-04T04:56:27.584000-04:00,12.348404884338379,0.7828528881072998,-11.5655517578125
2026-08-04T04:56:27.588000-04:00,12.346417427062988,0.7994546294212341,-11.54696273803711
2026-08-04T04:56:27.592000-04:00,12.316838264465332,0.8090415000915527,-11.507797241210938
2026-08-04T04:56:27.596000-04:00,12.295092582702637,0.8200314044952393,-11.475061416625977
2026-08-04T04:56:27.600000-04:00,12.325373649597168,0.8471553325653076,-11.478218078613281
2026-08-04T04:56:27.604000-04:00,12.371788024902344,0.8291506171226501,-11.542637825012207
2026-08-04T04:56:27.608000-04:00,12.510096549987793,0.9440765976905823,-11.566020011901855
2026-08-04T04:56:27.612000-04:00,12.637064933776855,1.1141858100891113,-11.522878646850586
2026-08-04T04:56:27.616000-04:00,12.713994026184082,1.5501562356948853,-11.163837432861328
2026-08-04T04:56:27.620000-04:00,12.631218910217285,2.310912609100342,-10.320306777954102
2026-08-04T04:56:27.624000-04:00,12.597664833068848,2.8121206760406494,-9.785544395446777
2026-08-04T04:56:27.628000-04:00,12.489753723144531,3.169525384902954,-9.320228576660156
2026-08-04T04:56:27.632000-04:00,12.47139835357666,3.161224603652954,-9.310173988342285
2026-08-04T04:56:27.636000-04:00,12.380790710449219,2.8138744831085205,-9.566916465759277
2026-08-04T04:56:27.640000-04:00,12.345131874084473,2.3335938453674316,-10.011537551879883
2026-08-04T04:56:27.644000-04:00,12.32724380493164,1.7524166107177734,-10.574827194213867
2026-08-04T04:56:27.648000-04:00,12.353899955749512,1.347662091255188,-11.006237983703613
2026-08-04T04:56:27.652000-04:00,12.445443153381348,1.147038459777832,-11.298404693603516
2026-08-04T04:56:27.656000-04:00,12.471515655517578,1.0917383432388306,-11.379776954650879
2026-08-04T04:56:27.660000-04:00,12.427438735961914,1.0376074314117432,-11.38983154296875
2026-08-04T04:56:27.664000-04:00,12.41796875,0.9526113271713257,-11.465357780456543
2026-08-04T04:56:27.668000-04:00,12.433167457580566,0.9516760110855103,-11.481491088867188
2026-08-04T04:56:27.672000-04:00,12.424165725708008,0.9129776358604431,-11.511188507080078
2026-08-04T04:56:27.676000-04:00,12.427438735961914,0.8855029344558716,-11.541935920715332
2026-08-04T04:56:27.680000-04:00,12.41820240020752,0.8747469186782837,-11.543455123901367
2026-08-04T04:56:27.684000-04:00,12.420307159423828,0.8614187836647034,-11.55888843536377
2026-08-04T04:56:27.688000-04:00,12.434103012084961,0.8793065547943115,-11.55479621887207
2026-08-04T04:56:27.692000-04:00,12.422761917114258,0.87860506772995,-11.544157028198242
2026-08-04T04:56:27.696000-04:00,12.431180000305176,0.8826970458030701,-11.548482894897461
2026-08-04T04:56:27.700000-04:00,12.421710014343262,0.886438250541687,-11.535271644592285
2026-08-04T04:56:27.704000-04:00,12.433167457580566,0.8876073956489563,-11.545559883117676
2026-08-04T04:56:27.708000-04:00,12.44626235961914,0.8957913517951965,-11.550471305847168
2026-08-04T04:56:27.712000-04:00,12.44672966003418,0.889127254486084,-11.557601928710938
2026-08-04T04:56:27.716000-04:00,12.439364433288574,0.902923047542572,-11.536441802978516
2026-08-04T04:56:27.720000-04:00,12.445911407470703,0.9106393456459045,-11.535271644592285
2026-08-04T04:56:27.724000-04:00,12.452224731445312,0.9229152798652649,-11.529309272766113
2026-08-04T04:56:27.728000-04:00,12.455848693847656,0.9263057708740234,-11.529542922973633
2026-08-04T04:56:27.732000-04:00,12.466955184936523,0.9246689677238464,-11.542285919189453
2026-08-04T04:56:27.736000-04:00,12.458420753479004,0.9284102320671082,-11.530010223388672
2026-08-04T04:56:27.740000-04:00,12.4635648727417,0.9406861066818237,-11.522878646850586
2026-08-04T04:56:27.744000-04:00,12.473152160644531,0.9524943828582764,-11.520657539367676
2026-08-04T04:56:27.748000-04:00,12.486246109008789,0.972954273223877,-11.51329231262207
2026-08-04T04:56:27.752000-04:00,12.490455627441406,0.9761109352111816,-11.514345169067383
2026-08-04T04:56:27.756000-04:00,12.49162483215332,0.9969215393066406,-11.49470329284668
2026-08-04T04:56:27.760000-04:00,12.483440399169922,0.9957523941993713,-11.487688064575195
2026-08-04T04:56:27.764000-04:00,12.505770683288574,1.0177321434020996,-11.488039016723633
2026-08-04T04:56:27.768000-04:00,12.519800186157227,1.0369060039520264,-11.482893943786621
2026-08-04T04:56:27.772000-04:00,12.524359703063965,1.0533907413482666,-11.470969200134277
2026-08-04T04:56:27.776000-04:00,12.536402702331543,1.0667189359664917,-11.469683647155762
2026-08-04T04:56:27.780000-04:00,12.540143966674805,1.077241063117981,-11.462903022766113
2026-08-04T04:56:27.784000-04:00,12.553471565246582,1.104832649230957,-11.448638916015625
2026-08-04T04:56:27.788000-04:00,12.577555656433105,1.1278647184371948,-11.449690818786621
2026-08-04T04:56:27.792000-04:00,12.588545799255371,1.150312066078186,-11.438233375549316
2026-08-04T04:56:27.796000-04:00,12.592053413391113,1.1692520380020142,-11.42280101776123
2026-08-04T04:56:27.800000-04:00,12.60561466217041,1.1603666543960571,-11.445247650146484
2026-08-04T04:56:27.804000-04:00,12.615201950073242,1.1885427236557007,-11.42665958404541
2026-08-04T04:56:27.808000-04:00,12.645483016967773,1.239750862121582,-11.405732154846191
2026-08-04T04:56:27.812000-04:00,12.662318229675293,1.2542481422424316,-11.408069610595703
2026-08-04T04:56:27.816000-04:00,12.657758712768555,1.2655887603759766,-11.392169952392578
2026-08-04T04:56:27.820000-04:00,12.67342472076416,1.276578664779663,-11.396845817565918
2026-08-04T04:56:27.824000-04:00,12.67120361328125,1.3024165630340576,-11.368786811828613
2026-08-04T04:56:27.828000-04:00,12.686869621276855,1.3160954713821411,-11.370774269104004
2026-08-04T04:56:27.832000-04:00,12.701133728027344,1.3174984455108643,-11.383635520935059
2026-08-04T04:56:27.836000-04:00,12.686051368713379,1.3038195371627808,-11.382231712341309
2026-08-04T04:56:27.840000-04:00,12.683128356933594,1.2937649488449097,-11.389363288879395
2026-08-04T04:56:27.844000-04:00,12.678452491760254,1.2897899150848389,-11.388662338256836
2026-08-04T04:56:27.848000-04:00,12.681842803955078,1.2750587463378906,-11.406784057617188
2026-08-04T04:56:27.852000-04:00,12.667462348937988,1.269213080406189,-11.398249626159668
2026-08-04T04:56:27.856000-04:00,12.643144607543945,1.2472333908081055,-11.39591121673584
2026-08-04T04:56:27.860000-04:00,12.618592262268066,1.2309824228286743,-11.387609481811523
2026-08-04T04:56:27.864000-04:00,12.614617347717285,1.1895949840545654,-11.42502212524414
2026-08-04T04:56:27.868000-04:00,12.596612930297852,1.1660953760147095,-11.430517196655273
2026-08-04T04:56:27.872000-04:00,12.571710586547852,1.1158225536346436,-11.455887794494629
2026-08-04T04:56:27.876000-04:00,12.558615684509277,1.0964149236679077,-11.462201118469238
2026-08-04T04:56:27.880000-04:00,12.539793014526367,1.0525723695755005,-11.487220764160156
2026-08-04T04:56:27.884000-04:00,12.511149406433105,1.0276697874069214,-11.483479499816895
2026-08-04T04:56:27.888000-04:00,12.510096549987793,1.019252061843872,-11.4908447265625
2026-08-04T04:56:27.892000-04:00,12.487415313720703,0.9763447642326355,-11.511070251464844
2026-08-04T04:56:27.896000-04:00,12.475373268127441,0.9492208361625671,-11.526152610778809
2026-08-04T04:56:27.900000-04:00,12.449535369873047,0.9141467809677124,-11.535388946533203
2026-08-04T04:56:27.904000-04:00,12.437610626220703,0.9014031887054443,-11.53620719909668
2026-08-04T04:56:27.908000-04:00,12.427438735961914,0.8645754456520081,-11.56286334991455
2026-08-04T04:56:27.912000-04:00,12.427438735961914,0.8665629625320435,-11.56087589263916
2026-08-04T04:56:27.916000-04:00,12.413175582885742,0.8569760322570801,-11.55620002746582
2026-08-04T04:56:27.920000-04:00,12.393182754516602,0.8339440822601318,-11.55923843383789
2026-08-04T04:56:27.924000-04:00,12.390494346618652,0.8203821182250977,-11.570112228393555
2026-08-04T04:56:27.928000-04:00,12.400197982788086,0.8175762295722961,-11.582621574401855
2026-08-04T04:56:27.932000-04:00,12.389676094055176,0.8110290169715881,-11.578646659851074
2026-08-04T04:56:27.936000-04:00,12.374593734741211,0.7965317964553833,-11.578062057495117
2026-08-04T04:56:27.940000-04:00,12.37283992767334,0.8069370985031128,-11.565902709960938
2026-08-04T04:56:27.944000-04:00,12.373074531555176,0.7889323830604553,-11.584141731262207
2026-08-04T04:56:27.948000-04:00,12.380439758300781,0.8033127784729004,-11.577127456665039
2026-08-04T04:56:27.952000-04:00,12.381024360656738,0.8125489354133606,-11.568475723266602
2026-08-04T04:56:27.956000-04:00,12.370736122131348,0.8179269433021545,-11.55280876159668
2026-08-04T04:56:27.960000-04:00,12.375996589660645,0.8143026232719421,-11.561694145202637
2026-08-04T04:56:27.964000-04:00,12.379737854003906,0.8210836052894592,-11.558653831481934
2026-08-04T04:56:27.968000-04:00,12.38745403289795,0.8417773246765137,-11.545677185058594
2026-08-04T04:56:27.972000-04:00,12.379737854003906,0.8272800445556641,-11.552457809448242
2026-08-04T04:56:27.976000-04:00,12.388623237609863,0.8367500305175781,-11.551873207092285
2026-08-04T04:56:27.980000-04:00,12.392364501953125,0.8365162014961243,-11.555848121643066
2026-08-04T04:56:27.984000-04:00,12.390961647033691,0.8462200164794922,-11.5447416305542
2026-08-04T04:56:27.988000-04:00,12.401484489440918,0.8591974377632141,-11.54228687286377
2026-08-04T04:56:27.992000-04:00,12.395404815673828,0.8541701436042786,-11.541234970092773
2026-08-04T04:56:27.996000-04:00,12.400899887084961,0.8720579147338867,-11.528841972351074
2026-08-04T04:56:28-04:00,12.39505386352539,0.8579113483428955,-11.537142753601074
2026-08-04T04:56:28.004000-04:00,12.399262428283691,0.8580282926559448,-11.541234016418457
2026-08-04T04:56:28.008000-04:00,12.412240028381348,0.876968264579773,-11.535271644592285
2026-08-04T04:56:28.012000-04:00,12.412006378173828,0.8914655447006226,-11.520541191101074
2026-08-04T04:56:28.016000-04:00,12.412707328796387,0.8984803557395935,-11.514226913452148
2026-08-04T04:56:28.020000-04:00,12.413409233093262,0.9086518287658691,-11.504756927490234
2026-08-04T04:56:28.024000-04:00,12.406628608703613,0.8808264136314392,-11.525802612304688
2026-08-04T04:56:28.028000-04:00,12.42182731628418,0.8912317156791687,-11.530595779418945
2026-08-04T04:56:28.032000-04:00,12.419371604919434,0.9000002145767212,-11.519371032714844
2026-08-04T04:56:28.036000-04:00,12.402887344360352,0.900234043598175,-11.502653121948242
2026-08-04T04:56:28.040000-04:00,12.418437004089355,0.901870846748352,-11.516566276550293
2026-08-04T04:56:28.044000-04:00,12.405926704406738,0.8981296420097351,-11.507797241210938
2026-08-04T04:56:28.048000-04:00,12.420073509216309,0.8913486003875732,-11.528724670410156
2026-08-04T04:56:28.052000-04:00,12.415630340576172,0.9001171588897705,-11.51551342010498
2026-08-04T04:56:28.056000-04:00,12.412240028381348,0.8929854035377502,-11.519254684448242
2026-08-04T04:56:28.060000-04:00,12.403120994567871,0.8817617297172546,-11.52135944366455
2026-08-04T04:56:28.064000-04:00,12.41352653503418,0.8761498928070068,-11.537376403808594
2026-08-04T04:56:28.068000-04:00,12.419255256652832,0.8844507336616516,-11.534804344177246
2026-08-04T04:56:28.072000-04:00,12.414111137390137,0.882112443447113,-11.531998634338379
2026-08-04T04:56:28.076000-04:00,12.417033195495605,0.8650431036949158,-11.551990509033203
2026-08-04T04:56:28.080000-04:00,12.402185440063477,0.8542870283126831,-11.547898292541504
2026-08-04T04:56:28.084000-04:00,12.403237342834473,0.869953453540802,-11.533284187316895
2026-08-04T04:56:28.088000-04:00,12.424165725708008,0.8673813343048096,-11.556784629821777
2026-08-04T04:56:28.092000-04:00,12.404874801635742,0.8555731177330017,-11.549302101135254
2026-08-04T04:56:28.096000-04:00,12.403003692626953,0.8346455693244934,-11.568358421325684
2026-08-04T04:56:28.100000-04:00,12.39283275604248,0.8307874202728271,-11.562045097351074
2026-08-04T04:56:28.104000-04:00,12.398561477661133,0.8334764242172241,-11.565085411071777
2026-08-04T04:56:28.108000-04:00,12.399847030639648,0.8338271975517273,-11.566020011901855
2026-08-04T04:56:28.112000-04:00,12.406394004821777,0.8307874202728271,-11.575606346130371
2026-08-04T04:56:28.116000-04:00,12.390377044677734,0.82505863904953,-11.56531810760498
2026-08-04T04:56:28.120000-04:00,12.388273239135742,0.8237726092338562,-11.56450080871582
2026-08-04T04:56:28.124000-04:00,12.404172897338867,0.8245910406112671,-11.579582214355469
2026-08-04T04:56:28.128000-04:00,12.405693054199219,0.8298521041870117,-11.575840950012207
2026-08-04T04:56:28.132000-04:00,12.408265113830566,0.8287999033927917,-11.57946491241455
2026-08-04T04:56:28.136000-04:00,12.39891242980957,0.8055341243743896,-11.593378067016602
2026-08-04T04:56:28.140000-04:00,12.3972749710083,0.81886225938797,-11.578413009643555
2026-08-04T04:56:28.144000-04:00,12.389442443847656,0.8083400130271912,-11.58110237121582
2026-08-04T04:56:28.148000-04:00,12.397392272949219,0.7988700270652771,-11.598522186279297
2026-08-04T04:56:28.152000-04:00,12.398444175720215,0.8105614185333252,-11.587882995605469
2026-08-04T04:56:28.156000-04:00,12.400665283203125,0.8233049511909485,-11.577360153198242
2026-08-04T04:56:28.160000-04:00,12.394586563110352,0.8200314044952393,-11.574555397033691
2026-08-04T04:56:28.164000-04:00,12.390727996826172,0.8226034641265869,-11.568124771118164
2026-08-04T04:56:28.168000-04:00,12.403705596923828,0.8105614185333252,-11.593144416809082
2026-08-04T04:56:28.172000-04:00,12.399730682373047,0.8139519095420837,-11.585779190063477
2026-08-04T04:56:28.176000-04:00,12.390260696411133,0.8224865794181824,-11.567773818969727
2026-08-04T04:56:28.180000-04:00,12.405693054199219,0.8560407757759094,-11.549652099609375
2026-08-04T04:56:28.184000-04:00,12.400665283203125,0.855105459690094,-11.545559883117676
2026-08-04T04:56:28.188000-04:00,12.400782585144043,0.8525333404541016,-11.548249244689941
2026-08-04T04:56:28.192000-04:00,12.408732414245605,0.8842169046401978,-11.524515151977539
2026-08-04T04:56:28.196000-04:00,12.404991149902344,0.8832815885543823,-11.521709442138672
2026-08-04T04:56:28.200000-04:00,12.413409233093262,0.9017539620399475,-11.5116548538208
2026-08-04T04:56:28.204000-04:00,12.412240028381348,0.9265395998954773,-11.485700607299805
2026-08-04T04:56:28.208000-04:00,12.400899887084961,0.9700314402580261,-11.430868148803711
2026-08-04T04:56:28.212000-04:00,12.379504203796387,0.9863992929458618,-11.393104553222656
2026-08-04T04:56:28.216000-04:00,12.383011817932129,0.9755263328552246,-11.407485961914062
2026-08-04T04:56:28.220000-04:00,12.387688636779785,0.9885037541389465,-11.399185180664062
2026-08-04T04:56:28.224000-04:00,12.397859573364258,0.9998443722724915,-11.398015022277832
2026-08-04T04:56:28.228000-04:00,12.421943664550781,0.9865162372589111,-11.43542766571045
2026-08-04T04:56:28.232000-04:00,12.43012809753418,0.968628466129303,-11.461499214172363
2026-08-04T04:56:28.236000-04:00,12.41188907623291,0.9417383670806885,-11.4701509475708
2026-08-04T04:56:28.240000-04:00,12.401951789855957,0.9071319699287415,-11.494819641113281
2026-08-04T04:56:28.244000-04:00,12.405108451843262,0.8906471729278564,-11.514461517333984
2026-08-04T04:56:28.248000-04:00,12.406744956970215,0.8722917437553406,-11.534453392028809
2026-08-04T04:56:28.252000-04:00,12.403705596923828,0.848090648651123,-11.555614471435547
2026-08-04T04:56:28.256000-04:00,12.37891960144043,0.7968825101852417,-11.582036972045898
2026-08-04T04:56:28.260000-04:00,12.362668991088867,0.7829698324203491,-11.579699516296387
2026-08-04T04:56:28.264000-04:00,12.373892784118652,0.7807484269142151,-11.593144416809082
2026-08-04T04:56:28.268000-04:00,12.376113891601562,0.7746689319610596,-11.601445198059082
2026-08-04T04:56:28.272000-04:00,12.380790710449219,0.7715122699737549,-11.609278678894043
2026-08-04T04:56:28.276000-04:00,12.373775482177734,0.7705769538879395,-11.603199005126953
2026-08-04T04:56:28.280000-04:00,12.367111206054688,0.753741443157196,-11.613369941711426
2026-08-04T04:56:28.284000-04:00,12.373074531555176,0.7457913160324097,-11.627283096313477
2026-08-04T04:56:28.288000-04:00,12.383011817932129,0.7543259859085083,-11.62868595123291
2026-08-04T04:56:28.292000-04:00,12.373541831970215,0.7449728846549988,-11.628568649291992
2026-08-04T04:56:28.296000-04:00,12.359161376953125,0.7447390556335449,-11.614421844482422
2026-08-04T04:56:28.300000-04:00,12.360564231872559,0.7390103340148926,-11.621553421020508
2026-08-04T04:56:28.304000-04:00,12.355069160461426,0.7400625348091125,-11.615006446838379
2026-08-04T04:56:28.308000-04:00,12.376113891601562,0.7340999245643616,-11.642013549804688
2026-08-04T04:56:28.312000-04:00,12.35822582244873,0.7445052862167358,-11.613720893859863
2026-08-04T04:56:28.316000-04:00,12.352730751037598,0.7512862682342529,-11.601444244384766
2026-08-04T04:56:28.320000-04:00,12.332271575927734,0.7704600691795349,-11.561811447143555
2026-08-04T04:56:28.324000-04:00,12.311226844787598,0.7896338701248169,-11.52159309387207
2026-08-04T04:56:28.328000-04:00,12.351211547851562,0.811262845993042,-11.539948463439941
2026-08-04T04:56:28.332000-04:00,12.393182754516602,0.775604248046875,-11.617578506469727
2026-08-04T04:56:28.336000-04:00,12.500510215759277,0.9059628248214722,-11.594547271728516
2026-08-04T04:56:28.340000-04:00,12.636831283569336,1.060288667678833,-11.576542854309082
2026-08-04T04:56:28.344000-04:00,12.777244567871094,1.518472671508789,-11.258771896362305
2026-08-04T04:56:28.348000-04:00,12.686168670654297,2.273850917816162,-10.412317276000977
2026-08-04T04:56:28.352000-04:00,12.647937774658203,2.781606435775757,-9.866331100463867
2026-08-04T04:56:28.356000-04:00,12.495015144348145,3.1435706615448,-9.351444244384766
2026-08-04T04:56:28.360000-04:00,12.484492301940918,3.110016345977783,-9.374475479125977
2026-08-04T04:56:28.364000-04:00,12.419255256652832,2.7675766944885254,-9.651678085327148
2026-08-04T04:56:28.368000-04:00,12.386285781860352,2.313133955001831,-10.073151588439941
2026-08-04T04:56:28.372000-04:00,12.325139999389648,1.692323088645935,-10.632817268371582
2026-08-04T04:56:28.376000-04:00,12.346652030944824,1.3454407453536987,-11.001211166381836
2026-08-04T04:56:28.380000-04:00,12.452341079711914,1.118862271308899,-11.333478927612305
2026-08-04T04:56:28.384000-04:00,12.501094818115234,1.0854250192642212,-11.415669441223145
2026-08-04T04:56:28.388000-04:00,12.488818168640137,1.0414656400680542,-11.447352409362793
2026-08-04T04:56:28.392000-04:00,12.44041633605957,0.9554172158241272,-11.48499870300293
2026-08-04T04:56:28.396000-04:00,12.438545227050781,0.9309822916984558,-11.507562637329102
2026-08-04T04:56:28.400000-04:00,12.43655776977539,0.9247859120368958,-11.511772155761719
2026-08-04T04:56:28.404000-04:00,12.433401107788086,0.9039753079414368,-11.529425621032715
2026-08-04T04:56:28.408000-04:00,12.442052841186523,0.8836323618888855,-11.558420181274414
2026-08-04T04:56:28.412000-04:00,12.433051109313965,0.8706549406051636,-11.562396049499512
2026-08-04T04:56:28.416000-04:00,12.436792373657227,0.8707718253135681,-11.566020965576172
2026-08-04T04:56:28.420000-04:00,12.432466506958008,0.8765006065368652,-11.555965423583984
2026-08-04T04:56:28.424000-04:00,12.445560455322266,0.889711856842041,-11.555849075317383
2026-08-04T04:56:28.428000-04:00,12.449769020080566,0.8838661909103394,-11.565902709960938
2026-08-04T04:56:28.432000-04:00,12.458420753479004,0.8859705924987793,-11.572450637817383
2026-08-04T04:56:28.436000-04:00,12.447665214538574,0.8939207196235657,-11.553744316101074
2026-08-04T04:56:28.440000-04:00,12.44848346710205,0.8968435525894165,-11.551639556884766
2026-08-04T04:56:28.444000-04:00,12.45678424835205,0.9038583636283875,-11.552926063537598
2026-08-04T04:56:28.448000-04:00,12.465669631958008,0.9129776358604431,-11.552692413330078
2026-08-04T04:56:28.452000-04:00,12.469059944152832,0.9222137928009033,-11.546846389770508
2026-08-04T04:56:28.456000-04:00,12.468592643737793,0.9261888861656189,-11.542404174804688
2026-08-04T04:56:28.460000-04:00,12.469293594360352,0.9379971027374268,-11.531296730041504
2026-08-04T04:56:28.464000-04:00,12.477828979492188,0.9543650150299072,-11.52346420288086
2026-08-04T04:56:28.468000-04:00,12.482388496398926,0.9528451561927795,-11.529542922973633
2026-08-04T04:56:28.472000-04:00,12.486363410949707,0.9633673429489136,-11.522995948791504
2026-08-04T04:56:28.476000-04:00,12.484726905822754,0.9707329273223877,-11.513994216918945
2026-08-04T04:56:28.480000-04:00,12.49185848236084,0.9809044003486633,-11.510953903198242
2026-08-04T04:56:28.484000-04:00,12.511265754699707,0.998909056186676,-11.512356758117676
2026-08-04T04:56:28.488000-04:00,12.507408142089844,1.0149261951446533,-11.49248218536377
2026-08-04T04:56:28.492000-04:00,12.519683837890625,1.036789059638977,-11.482894897460938
2026-08-04T04:56:28.496000-04:00,12.513019561767578,1.0371397733688354,-11.475879669189453
2026-08-04T04:56:28.500000-04:00,12.525412559509277,1.0653159618377686,-11.46009635925293
2026-08-04T04:56:28.504000-04:00,12.539559364318848,1.0835545063018799,-11.456005096435547
2026-08-04T04:56:28.508000-04:00,12.56025218963623,1.104832649230957,-11.455419540405273
2026-08-04T04:56:28.512000-04:00,12.572060585021973,1.1337103843688965,-11.438350677490234
2026-08-04T04:56:28.516000-04:00,12.567150115966797,1.1461031436920166,-11.42104721069336
2026-08-04T04:56:28.520000-04:00,12.581296920776367,1.1720579862594604,-11.409238815307617
2026-08-04T04:56:28.524000-04:00,12.600821495056152,1.1872566938400269,-11.413564682006836
2026-08-04T04:56:28.528000-04:00,12.626893043518066,1.2238506078720093,-11.403042793273926
2026-08-04T04:56:28.532000-04:00,12.635778427124023,1.243609070777893,-11.392168998718262
2026-08-04T04:56:28.536000-04:00,12.640922546386719,1.276578664779663,-11.364343643188477
2026-08-04T04:56:28.540000-04:00,12.6489896774292,1.2916605472564697,-11.357329368591309
2026-08-04T04:56:28.544000-04:00,12.668747901916504,1.3096652030944824,-11.35908317565918
2026-08-04T04:56:28.548000-04:00,12.68336296081543,1.3296574354171753,-11.353705406188965
2026-08-04T04:56:28.552000-04:00,12.684765815734863,1.3435701131820679,-11.341196060180664
2026-08-04T04:56:28.556000-04:00,12.68195915222168,1.3485974073410034,-11.333361625671387
2026-08-04T04:56:28.560000-04:00,12.671554565429688,1.3551445007324219,-11.316410064697266
2026-08-04T04:56:28.564000-04:00,12.689325332641602,1.3467267751693726,-11.342598915100098
2026-08-04T04:56:28.568000-04:00,12.692248344421387,1.3431024551391602,-11.349145889282227
2026-08-04T04:56:28.572000-04:00,12.674360275268555,1.3365552425384521,-11.337804794311523
2026-08-04T04:56:28.576000-04:00,12.664656639099121,1.330358862876892,-11.334298133850098
2026-08-04T04:56:28.580000-04:00,12.646417617797852,1.2976230382919312,-11.348794937133789
2026-08-04T04:56:28.584000-04:00,12.638350486755371,1.2687454223632812,-11.36960506439209
2026-08-04T04:56:28.588000-04:00,12.625958442687988,1.2479348182678223,-11.378023147583008
2026-08-04T04:56:28.592000-04:00,12.608421325683594,1.220810890197754,-11.38761043548584
2026-08-04T04:56:28.596000-04:00,12.585038185119629,1.1906472444534302,-11.394391059875488
2026-08-04T04:56:28.600000-04:00,12.553938865661621,1.123538851737976,-11.430399894714355
2026-08-04T04:56:28.604000-04:00,12.538623809814453,1.1022605895996094,-11.436363220214844
2026-08-04T04:56:28.608000-04:00,12.52120304107666,1.0592364072799683,-11.461966514587402
2026-08-04T04:56:28.612000-04:00,12.492559432983398,1.021941065788269,-11.47061824798584
2026-08-04T04:56:28.616000-04:00,12.481452941894531,0.996220052242279,-11.485233306884766
2026-08-04T04:56:28.620000-04:00,12.462045669555664,0.9704990983009338,-11.491546630859375
2026-08-04T04:56:28.624000-04:00,12.45503044128418,0.9508575797080994,-11.504173278808594
2026-08-04T04:56:28.628000-04:00,12.446145057678223,0.9250197410583496,-11.521125793457031
2026-08-04T04:56:28.632000-04:00,12.436792373657227,0.9037414789199829,-11.533050537109375
2026-08-04T04:56:28.636000-04:00,12.4221773147583,0.8939207196235657,-11.5282564163208
2026-08-04T04:56:28.640000-04:00,12.406277656555176,0.8817617297172546,-11.524516105651855
2026-08-04T04:56:28.644000-04:00,12.402887344360352,0.8768513798713684,-11.526036262512207
2026-08-04T04:56:28.648000-04:00,12.402770042419434,0.8525333404541016,-11.550236701965332
2026-08-04T04:56:28.652000-04:00,12.394001960754395,0.8560407757759094,-11.53796100616455
2026-08-04T04:56:28.656000-04:00,12.385817527770996,0.8511303663253784,-11.534687042236328
2026-08-04T04:56:28.660000-04:00,12.381024360656738,0.8356977701187134,-11.545326232910156
2026-08-04T04:56:28.664000-04:00,12.377634048461914,0.8345286846160889,-11.543105125427246
2026-08-04T04:56:28.668000-04:00,12.377634048461914,0.8325411081314087,-11.545092582702637
2026-08-04T04:56:28.672000-04:00,12.3806734085083,0.8362823724746704,-11.544390678405762
2026-08-04T04:56:28.676000-04:00,12.372255325317383,0.8236557245254517,-11.548599243164062
2026-08-04T04:56:28.680000-04:00,12.368280410766602,0.8340610265731812,-11.534219741821289
2026-08-04T04:56:28.684000-04:00,12.369800567626953,0.8356977701187134,-11.534102439880371
2026-08-04T04:56:28.688000-04:00,12.388389587402344,0.8458693027496338,-11.542520523071289
2026-08-04T04:56:28.692000-04:00,12.374711036682129,0.8537024855613708,-11.521008491516113
2026-08-04T04:56:28.696000-04:00,12.376113891601562,0.8796572685241699,-11.496456146240234
2026-08-04T04:56:28.700000-04:00,12.375646591186523,0.8670306205749512,-11.508615493774414
2026-08-04T04:56:28.704000-04:00,12.377750396728516,0.8842169046401978,-11.49353313446045
2026-08-04T04:56:28.708000-04:00,12.396807670593262,0.8962590098381042,-11.500548362731934
2026-08-04T04:56:28.712000-04:00,12.397976875305176,0.8984803557395935,-11.499496459960938
2026-08-04T04:56:28.716000-04:00,12.393533706665039,0.9003509879112244,-11.493183135986328
2026-08-04T04:56:28.720000-04:00,12.390494346618652,0.906196653842926,-11.484297752380371
2026-08-04T04:56:28.724000-04:00,12.392599105834961,0.8998833298683167,-11.492715835571289
2026-08-04T04:56:28.728000-04:00,12.40990161895752,0.9166019558906555,-11.49329948425293
2026-08-04T04:56:28.732000-04:00,12.412590980529785,0.9202262759208679,-11.492364883422852
2026-08-04T04:56:28.736000-04:00,12.399496078491211,0.9224476218223572,-11.477048873901367
2026-08-04T04:56:28.740000-04:00,12.402069091796875,0.925370454788208,-11.476698875427246
2026-08-04T04:56:28.744000-04:00,12.408849716186523,0.9355419278144836,-11.473307609558105
2026-08-04T04:56:28.748000-04:00,12.414227485656738,0.9458303451538086,-11.46839714050293
2026-08-04T04:56:28.752000-04:00,12.408265113830566,0.9501561522483826,-11.458108901977539
2026-08-04T04:56:28.756000-04:00,12.404874801635742,0.9468825459480286,-11.457992553710938
2026-08-04T04:56:28.760000-04:00,12.404991149902344,0.9522605538368225,-11.452730178833008
2026-08-04T04:56:28.764000-04:00,12.416683197021484,0.946765661239624,-11.469917297363281
2026-08-04T04:56:28.768000-04:00,12.422761917114258,0.9358927011489868,-11.486868858337402
2026-08-04T04:56:28.772000-04:00,12.418787002563477,0.9419721961021423,-11.476815223693848
2026-08-04T04:56:28.776000-04:00,12.407797813415527,0.9466487169265747,-11.461149215698242
2026-08-04T04:56:28.780000-04:00,12.400080680847168,0.9395170211791992,-11.460563659667969
2026-08-04T04:56:28.784000-04:00,12.416916847229004,0.9389324188232422,-11.477984428405762
2026-08-04T04:56:28.788000-04:00,12.418319702148438,0.9493377208709717,-11.468981742858887
2026-08-04T04:56:28.792000-04:00,12.415630340576172,0.9310992360115051,-11.48453140258789
2026-08-04T04:56:28.796000-04:00,12.406160354614258,0.9127438068389893,-11.493416786193848
2026-08-04T04:56:28.800000-04:00,12.398210525512695,0.9057289958000183,-11.492481231689453
2026-08-04T04:56:28.804000-04:00,12.400197982788086,0.9092363715171814,-11.490962028503418
2026-08-04T04:56:28.808000-04:00,12.414812088012695,0.9147313237190247,-11.500081062316895
2026-08-04T04:56:28.812000-04:00,12.403471946716309,0.9085349440574646,-11.4949369430542
2026-08-04T04:56:28.816000-04:00,12.393884658813477,0.9003509879112244,-11.493534088134766
2026-08-04T04:56:28.820000-04:00,12.389909744262695,0.8878412246704102,-11.502068519592285
2026-08-04T04:56:28.824000-04:00,12.39891242980957,0.8913486003875732,-11.507563591003418
2026-08-04T04:56:28.828000-04:00,12.402419090270996,0.8823462724685669,-11.520072937011719
2026-08-04T04:56:28.832000-04:00,12.391546249389648,0.8895949125289917,-11.501951217651367
2026-08-04T04:56:28.836000-04:00,12.396456718444824,0.8823462724685669,-11.514110565185547
2026-08-04T04:56:28.840000-04:00,12.391779899597168,0.8749807476997375,-11.516798973083496
2026-08-04T04:56:28.844000-04:00,12.394702911376953,0.8938038349151611,-11.500899314880371
2026-08-04T04:56:28.848000-04:00,12.41188907623291,0.8883088827133179,-11.523580551147461
2026-08-04T04:56:28.852000-04:00,12.394235610961914,0.8832815885543823,-11.510953903198242
2026-08-04T04:56:28.856000-04:00,12.381725311279297,0.8871397376060486,-11.494585990905762
2026-08-04T04:56:28.860000-04:00,12.385583877563477,0.8740454316139221,-11.5115385055542
2026-08-04T04:56:28.864000-04:00,12.38722038269043,0.8719409704208374,-11.515279769897461
2026-08-04T04:56:28.868000-04:00,12.390377044677734,0.8755652904510498,-11.514811515808105
2026-08-04T04:56:28.872000-04:00,12.392364501953125,0.8738116025924683,-11.518552780151367
2026-08-04T04:56:28.876000-04:00,12.38920783996582,0.874279260635376,-11.514928817749023
2026-08-04T04:56:28.880000-04:00,12.381608963012695,0.8674982786178589,-11.514110565185547
2026-08-04T04:56:28.884000-04:00,12.394820213317871,0.8749807476997375,-11.5198392868042
2026-08-04T04:56:28.888000-04:00,12.394586563110352,0.8713564276695251,-11.52323055267334
2026-08-04T04:56:28.892000-04:00,12.398561477661133,0.8811771273612976,-11.51738452911377
2026-08-04T04:56:28.896000-04:00,12.406862258911133,0.8954405784606934,-11.511421203613281
2026-08-04T04:56:28.900000-04:00,12.395872116088867,0.9333205819129944,-11.46255111694336
2026-08-04T04:56:28.904000-04:00,12.387337684631348,0.9477009177207947,-11.439637184143066
2026-08-04T04:56:28.908000-04:00,12.402185440063477,0.9496884942054749,-11.452496528625488
2026-08-04T04:56:28.912000-04:00,12.40113353729248,0.9295793771743774,-11.471553802490234
2026-08-04T04:56:28.916000-04:00,12.396807670593262,0.9367110729217529,-11.46009635925293
2026-08-04T04:56:28.920000-04:00,12.385466575622559,1.000779628753662,-11.384687423706055
2026-08-04T04:56:28.924000-04:00,12.377984046936035,1.0303587913513184,-11.347625732421875
2026-08-04T04:56:28.928000-04:00,12.382894515991211,1.0379581451416016,-11.34493637084961
2026-08-04T04:56:28.932000-04:00,12.385232925415039,1.0229932069778442,-11.362239837646484
2026-08-04T04:56:28.936000-04:00,12.376581192016602,1.0404133796691895,-11.33616828918457
2026-08-04T04:56:28.940000-04:00,12.372255325317383,1.029423475265503,-11.3428316116333
2026-08-04T04:56:28.944000-04:00,12.40382194519043,1.0322294235229492,-11.37159252166748
2026-08-04T04:56:28.948000-04:00,12.420658111572266,1.017498254776001,-11.403160095214844
2026-08-04T04:56:28.952000-04:00,12.413291931152344,0.9963369369506836,-11.41695499420166
2026-08-04T04:56:28.956000-04:00,12.391195297241211,0.9477009177207947,-11.44349479675293
2026-08-04T04:56:28.960000-04:00,12.392248153686523,0.9260719418525696,-11.46617603302002
2026-08-04T04:56:28.964000-04:00,12.390494346618652,0.9109901189804077,-11.479504585266113
2026-08-04T04:56:28.968000-04:00,12.389676094055176,0.8997663855552673,-11.489910125732422
2026-08-04T04:56:28.972000-04:00,12.386869430541992,0.8547546863555908,-11.53211498260498
2026-08-04T04:56:28.976000-04:00,12.361148834228516,0.820499062538147,-11.5406494140625
2026-08-04T04:56:28.980000-04:00,12.353666305541992,0.8125489354133606,-11.541117668151855
2026-08-04T04:56:28.984000-04:00,12.364890098571777,0.8160563111305237,-11.548833847045898
2026-08-04T04:56:28.988000-04:00,12.371203422546387,0.812899649143219,-11.558303833007812
2026-08-04T04:56:28.992000-04:00,12.372723579406738,0.8088076710700989,-11.563916206359863
2026-08-04T04:56:28.996000-04:00,12.360213279724121,0.7961810231208801,-11.564032554626465
2026-08-04T04:56:29-04:00,12.362785339355469,0.7868279218673706,-11.575957298278809
2026-08-04T04:56:29.004000-04:00,12.359395027160645,0.7892831563949585,-11.570112228393555
2026-08-04T04:56:29.008000-04:00,12.368280410766602,0.7832036018371582,-11.585077285766602
2026-08-04T04:56:29.012000-04:00,12.35822582244873,0.7750197052955627,-11.583206176757812
2026-08-04T04:56:29.016000-04:00,12.348639488220215,0.771278440952301,-11.577361106872559
2026-08-04T04:56:29.020000-04:00,12.351561546325684,0.7773579359054565,-11.574203491210938
2026-08-04T04:56:29.024000-04:00,12.351211547851562,0.7791116833686829,-11.572099685668945
2026-08-04T04:56:29.028000-04:00,12.355302810668945,0.7864772081375122,-11.568825721740723
2026-08-04T04:56:29.032000-04:00,12.352965354919434,0.7929074764251709,-11.560057640075684
2026-08-04T04:56:29.036000-04:00,12.314149856567383,0.8026112914085388,-11.5115385055542
2026-08-04T04:56:29.040000-04:00,12.291935920715332,0.8202652335166931,-11.471671104431152
2026-08-04T04:56:29.044000-04:00,12.331803321838379,0.8332425951957703,-11.498560905456543
2026-08-04T04:56:29.048000-04:00,12.41352653503418,0.8458693027496338,-11.567657470703125
2026-08-04T04:56:29.052000-04:00,12.498756408691406,0.9395170211791992,-11.559239387512207
2026-08-04T04:56:29.056000-04:00,12.675529479980469,1.227358102798462,-11.448171615600586
2026-08-04T04:56:29.060000-04:00,12.688389778137207,1.5555342435836792,-11.132855415344238
2026-08-04T04:56:29.064000-04:00,12.618124961853027,2.31138014793396,-10.306744575500488
2026-08-04T04:56:29.068000-04:00,12.573229789733887,2.8282546997070312,-9.744975090026855
2026-08-04T04:56:29.072000-04:00,12.482154846191406,3.231957197189331,-9.250197410583496
2026-08-04T04:56:29.076000-04:00,12.424399375915527,3.230787992477417,-9.193611145019531
2026-08-04T04:56:29.080000-04:00,12.37283992767334,2.8975844383239746,-9.475255966186523
2026-08-04T04:56:29.084000-04:00,12.348873138427734,2.2047550678253174,-10.144118309020996
2026-08-04T04:56:29.088000-04:00,12.368865013122559,1.8191742897033691,-10.549690246582031
2026-08-04T04:56:29.092000-04:00,12.418787002563477,1.254949688911438,-11.163837432861328
2026-08-04T04:56:29.096000-04:00,12.458538055419922,1.1691350936889648,-11.289402961730957
2026-08-04T04:56:29.100000-04:00,12.481452941894531,1.1216682195663452,-11.359785079956055
2026-08-04T04:56:29.104000-04:00,12.439949035644531,1.0633283853530884,-11.376620292663574
2026-08-04T04:56:29.108000-04:00,12.433051109313965,0.9803197979927063,-11.452731132507324
2026-08-04T04:56:29.112000-04:00,12.436441421508789,0.9531958699226379,-11.483245849609375
2026-08-04T04:56:29.116000-04:00,12.4220609664917,0.9377632737159729,-11.484297752380371
2026-08-04T04:56:29.120000-04:00,12.416214942932129,0.9047936797142029,-11.511421203613281
2026-08-04T04:56:29.124000-04:00,12.431530952453613,0.8974281549453735,-11.534102439880371
2026-08-04T04:56:29.128000-04:00,12.417033195495605,0.8879581093788147,-11.529074668884277
2026-08-04T04:56:29.132000-04:00,12.434687614440918,0.8969604969024658,-11.537727355957031
2026-08-04T04:56:29.136000-04:00,12.423931121826172,0.8948560357093811,-11.529074668884277
2026-08-04T04:56:29.140000-04:00,12.423346519470215,0.887022852897644,-11.536323547363281
2026-08-04T04:56:29.144000-04:00,12.437026023864746,0.8955575227737427,-11.541468620300293
2026-08-04T04:56:29.148000-04:00,12.437142372131348,0.9092363715171814,-11.52790641784668
2026-08-04T04:56:29.152000-04:00,12.440533638000488,0.9140298366546631,-11.526503562927246
2026-08-04T04:56:29.156000-04:00,12.445911407470703,0.9143806099891663,-11.531530380249023
2026-08-04T04:56:29.160000-04:00,12.445326805114746,0.9140298366546631,-11.531296730041504
2026-08-04T04:56:29.164000-04:00,12.455147743225098,0.9203431606292725,-11.534804344177246
2026-08-04T04:56:29.168000-04:00,12.462279319763184,0.9491038918495178,-11.513175010681152
2026-08-04T04:56:29.172000-04:00,12.471982955932617,0.9430243968963623,-11.528958320617676
2026-08-04T04:56:29.176000-04:00,12.453978538513184,0.9459472298622131,-11.508030891418457
2026-08-04T04:56:29.180000-04:00,12.455732345581055,0.9277087450027466,-11.528023719787598
2026-08-04T04:56:29.184000-04:00,12.461577415466309,0.974591076374054,-11.48698616027832
2026-08-04T04:56:29.188000-04:00,12.474087715148926,0.9755263328552246,-11.49856185913086
2026-08-04T04:56:29.192000-04:00,12.473503112792969,0.9849963784217834,-11.488506317138672
2026-08-04T04:56:29.196000-04:00,12.48157024383545,0.9928295612335205,-11.488740921020508
2026-08-04T04:56:29.200000-04:00,12.482037544250488,1.0072098970413208,-11.474827766418457
2026-08-04T04:56:29.204000-04:00,12.507057189941406,1.0315278768539429,-11.475529670715332
2026-08-04T04:56:29.208000-04:00,12.507057189941406,1.0315278768539429,-11.475529670715332
2026-08-04T04:56:29.212000-04:00,12.508342742919922,1.052221655845642,-11.456121444702148
2026-08-04T04:56:29.216000-04:00,12.508576393127441,1.0616916418075562,-11.446885108947754
2026-08-04T04:56:29.220000-04:00,12.524009704589844,1.0882309675216675,-11.435778617858887
2026-08-04T04:56:29.224000-04:00,12.540493965148926,1.1096261739730835,-11.430868148803711
2026-08-04T04:56:29.228000-04:00,12.555459022521973,1.1399067640304565,-11.415552139282227
2026-08-04T04:56:29.232000-04:00,12.566800117492676,1.1582621335983276,-11.408537864685059
2026-08-04T04:56:29.236000-04:00,12.575217247009277,1.185152292251587,-11.39006519317627
2026-08-04T04:56:29.240000-04:00,12.592287063598633,1.207365870475769,-11.384921073913574
2026-08-04T04:56:29.244000-04:00,12.6199951171875,1.2350744009017944,-11.384921073913574
2026-08-04T04:56:29.248000-04:00,12.634492874145508,1.2770463228225708,-11.357446670532227
2026-08-04T04:56:29.252000-04:00,12.642560005187988,1.2845287322998047,-11.358031272888184
2026-08-04T04:56:29.256000-04:00,12.644547462463379,1.3137571811676025,-11.330790519714355
2026-08-04T04:56:29.260000-04:00,12.656355857849121,1.3364384174346924,-11.319917678833008
2026-08-04T04:56:29.264000-04:00,12.673542022705078,1.3440377712249756,-11.329504013061523
2026-08-04T04:56:29.268000-04:00,12.68149185180664,1.3591196537017822,-11.322372436523438
2026-08-04T04:56:29.272000-04:00,12.67950439453125,1.3579504489898682,-11.321554183959961
2026-08-04T04:56:29.276000-04:00,12.675061225891113,1.3601717948913574,-11.314889907836914
2026-08-04T04:56:29.280000-04:00,12.679037094116211,1.369057297706604,-11.309979438781738
2026-08-04T04:56:29.284000-04:00,12.686051368713379,1.3607563972473145,-11.325294494628906
2026-08-04T04:56:29.288000-04:00,12.687104225158691,1.351754069328308,-11.335350036621094
2026-08-04T04:56:29.292000-04:00,12.66489028930664,1.3364384174346924,-11.328452110290527
2026-08-04T04:56:29.296000-04:00,12.654484748840332,1.3263838291168213,-11.32810115814209
2026-08-04T04:56:29.300000-04:00,12.625958442687988,1.2951679229736328,-11.330790519714355
2026-08-04T04:56:29.304000-04:00,12.621047973632812,1.2675763368606567,-11.353471755981445
2026-08-04T04:56:29.308000-04:00,12.593572616577148,1.2231491804122925,-11.370423316955566
2026-08-04T04:56:29.312000-04:00,12.577555656433105,1.18246328830719,-11.395092010498047
2026-08-04T04:56:29.316000-04:00,12.549029350280762,1.1517150402069092,-11.397314071655273
2026-08-04T04:56:29.320000-04:00,12.530089378356934,1.1009745597839355,-11.429115295410156
2026-08-04T04:56:29.324000-04:00,12.51266860961914,1.0673034191131592,-11.445364952087402
2026-08-04T04:56:29.328000-04:00,12.493027687072754,1.0349184274673462,-11.458108901977539
2026-08-04T04:56:29.332000-04:00,12.477945327758789,1.006742238998413,-11.471202850341797
2026-08-04T04:56:29.336000-04:00,12.45257568359375,0.9703821539878845,-11.482193946838379
2026-08-04T04:56:29.340000-04:00,12.441117286682129,0.9468825459480286,-11.494235038757324
2026-08-04T04:56:29.344000-04:00,12.43211555480957,0.9282932877540588,-11.503822326660156
2026-08-04T04:56:29.348000-04:00,12.423697471618652,0.9033907055854797,-11.520306587219238
2026-08-04T04:56:29.352000-04:00,12.410018920898438,0.880241870880127,-11.529777526855469
2026-08-04T04:56:29.356000-04:00,12.387337684631348,0.8670306205749512,-11.520307540893555
2026-08-04T04:56:29.360000-04:00,12.387922286987305,0.8579113483428955,-11.530011177062988
2026-08-04T04:56:29.364000-04:00,12.383129119873047,0.8395559191703796,-11.543573379516602
2026-08-04T04:56:29.368000-04:00,12.384648323059082,0.8317227363586426,-11.552925109863281
2026-08-04T04:56:29.372000-04:00,12.375178337097168,0.8228372931480408,-11.55234146118164
2026-08-04T04:56:29.376000-04:00,12.358810424804688,0.8165239691734314,-11.54228687286377
2026-08-04T04:56:29.380000-04:00,12.35647201538086,0.8121981620788574,-11.544273376464844
2026-08-04T04:56:29.384000-04:00,12.360330581665039,0.8132504224777222,-11.547080039978027
2026-08-04T04:56:29.388000-04:00,12.366643905639648,0.8175762295722961,-11.549067497253418
2026-08-04T04:56:29.392000-04:00,12.363369941711426,0.8277477025985718,-11.535622596740723
2026-08-04T04:56:29.396000-04:00,12.353666305541992,0.8195637464523315,-11.534102439880371
2026-08-04T04:56:29.400000-04:00,12.355420112609863,0.8100937604904175,-11.545326232910156
2026-08-04T04:56:29.404000-04:00,12.360681533813477,0.8143026232719421,-11.546379089355469
2026-08-04T04:56:29.408000-04:00,12.36208438873291,0.8236557245254517,-11.53842830657959
2026-08-04T04:56:29.412000-04:00,12.368982315063477,0.8450508713722229,-11.523931503295898
2026-08-04T04:56:29.416000-04:00,12.362435340881348,0.8395559191703796,-11.522879600524902
2026-08-04T04:56:29.420000-04:00,12.360797882080078,0.8499612212181091,-11.510836601257324
2026-08-04T04:56:29.424000-04:00,12.365007400512695,0.8438817262649536,-11.521125793457031
2026-08-04T04:56:29.428000-04:00,12.373541831970215,0.8513641953468323,-11.522177696228027
2026-08-04T04:56:29.432000-04:00,12.366877555847168,0.8601326942443848,-11.506744384765625
2026-08-04T04:56:29.436000-04:00,12.373190879821777,0.8805925846099854,-11.492598533630371
2026-08-04T04:56:29.440000-04:00,12.365942001342773,0.8808264136314392,-11.485116004943848
2026-08-04T04:56:29.444000-04:00,12.380790710449219,0.8873735666275024,-11.493416786193848
2026-08-04T04:56:29.448000-04:00,12.382660865783691,0.890764057636261,-11.491896629333496
2026-08-04T04:56:29.452000-04:00,12.386168479919434,0.9077165126800537,-11.4784517288208
2026-08-04T04:56:29.456000-04:00,12.379387855529785,0.9022215604782104,-11.477166175842285
2026-08-04T04:56:29.460000-04:00,12.374593734741211,0.9044429659843445,-11.4701509475708
2026-08-04T04:56:29.464000-04:00,12.393533706665039,0.9182387590408325,-11.475295066833496
2026-08-04T04:56:29.468000-04:00,12.393651008605957,0.919174075126648,-11.47447681427002
2026-08-04T04:56:29.472000-04:00,12.389558792114258,0.9184725880622864,-11.471086502075195
2026-08-04T04:56:29.476000-04:00,12.383245468139648,0.922681450843811,-11.460563659667969
2026-08-04T04:56:29.480000-04:00,12.388623237609863,0.9205769896507263,-11.468046188354492
2026-08-04T04:56:29.484000-04:00,12.39283275604248,0.9052613377571106,-11.487571716308594
2026-08-04T04:56:29.488000-04:00,12.404172897338867,0.9277087450027466,-11.47646427154541
2026-08-04T04:56:29.492000-04:00,12.393533706665039,0.9109901189804077,-11.4825439453125
2026-08-04T04:56:29.496000-04:00,12.378218650817871,0.907248854637146,-11.470970153808594
2026-08-04T04:56:29.500000-04:00,12.390260696411133,0.9036245346069336,-11.4866361618042
2026-08-04T04:56:29.504000-04:00,12.394235610961914,0.8987141847610474,-11.495521545410156
2026-08-04T04:56:29.508000-04:00,12.40113353729248,0.9026892185211182,-11.498444557189941
2026-08-04T04:56:29.512000-04:00,12.39084529876709,0.8997663855552673,-11.491079330444336
2026-08-04T04:56:29.516000-04:00,12.384648323059082,0.8971943259239197,-11.487454414367676
2026-08-04T04:56:29.520000-04:00,12.381959915161133,0.8928685188293457,-11.489091873168945
2026-08-04T04:56:29.524000-04:00,12.386635780334473,0.8873735666275024,-11.499261856079102
2026-08-04T04:56:29.528000-04:00,12.386635780334473,0.8815279006958008,-11.505107879638672
2026-08-04T04:56:29.532000-04:00,12.38453197479248,0.87860506772995,-11.505927085876465
2026-08-04T04:56:29.536000-04:00,12.3723726272583,0.8746299743652344,-11.497742652893066
2026-08-04T04:56:29.540000-04:00,12.369683265686035,0.8642246723175049,-11.50545883178711
2026-08-04T04:56:29.544000-04:00,12.380556106567383,0.8691350817680359,-11.511421203613281
2026-08-04T04:56:29.548000-04:00,12.380439758300781,0.8665629625320435,-11.513876914978027
2026-08-04T04:56:29.552000-04:00,12.384648323059082,0.8537024855613708,-11.530945777893066
2026-08-04T04:56:29.556000-04:00,12.368748664855957,0.8503119945526123,-11.518436431884766
2026-08-04T04:56:29.560000-04:00,12.372138977050781,0.852416455745697,-11.519722938537598
2026-08-04T04:56:29.564000-04:00,12.381959915161133,0.850195050239563,-11.53176498413086
2026-08-04T04:56:29.568000-04:00,12.377049446105957,0.8504288792610168,-11.526620864868164
2026-08-04T04:56:29.572000-04:00,12.381491661071777,0.8378022313117981,-11.543689727783203
2026-08-04T04:56:29.576000-04:00,12.373074531555176,0.8404912352561951,-11.532583236694336
2026-08-04T04:56:29.580000-04:00,12.371203422546387,0.8305535912513733,-11.5406494140625
2026-08-04T04:56:29.584000-04:00,12.380206108093262,0.8388544917106628,-11.541351318359375
2026-08-04T04:56:29.588000-04:00,12.375411987304688,0.836983859539032,-11.53842830657959
2026-08-04T04:56:29.592000-04:00,12.377049446105957,0.8179269433021545,-11.559122085571289
2026-08-04T04:56:29.596000-04:00,12.375295639038086,0.8230711221694946,-11.552224159240723
2026-08-04T04:56:29.600000-04:00,12.369683265686035,0.8230711221694946,-11.546611785888672
2026-08-04T04:56:29.604000-04:00,12.38114070892334,0.8261108994483948,-11.55502986907959
2026-08-04T04:56:29.608000-04:00,12.378334999084473,0.8197975754737854,-11.558537483215332
2026-08-04T04:56:29.612000-04:00,12.37669849395752,0.8183946013450623,-11.558303833007812
2026-08-04T04:56:29.616000-04:00,12.362200736999512,0.8165239691734314,-11.545677185058594
2026-08-04T04:56:29.620000-04:00,12.35179615020752,0.8136011362075806,-11.53819465637207
2026-08-04T04:56:29.624000-04:00,12.365474700927734,0.8235387802124023,-11.541935920715332
2026-08-04T04:56:29.628000-04:00,12.369449615478516,0.8314889073371887,-11.53796100616455
2026-08-04T04:56:29.632000-04:00,12.374126434326172,0.8228372931480408,-11.551289558410645
2026-08-04T04:56:29.636000-04:00,12.36652660369873,0.817225456237793,-11.549301147460938
2026-08-04T04:56:29.640000-04:00,12.362200736999512,0.8157055974006653,-11.54649543762207
2026-08-04T04:56:29.644000-04:00,12.36430549621582,0.8082231283187866,-11.556082725524902
2026-08-04T04:56:29.648000-04:00,12.367462158203125,0.8212005496025085,-11.54626178741455
2026-08-04T04:56:29.652000-04:00,12.37015151977539,0.8240064382553101,-11.54614543914795
2026-08-04T04:56:29.656000-04:00,12.367462158203125,0.832658052444458,-11.534804344177246
2026-08-04T04:56:29.660000-04:00,12.38722038269043,0.8454016447067261,-11.541818618774414
2026-08-04T04:56:29.664000-04:00,12.399847030639648,0.88374924659729,-11.516098022460938
2026-08-04T04:56:29.668000-04:00,12.384063720703125,0.8936868906021118,-11.490376472473145
2026-08-04T04:56:29.672000-04:00,12.377867698669434,0.8809432983398438,-11.49692440032959
2026-08-04T04:56:29.676000-04:00,12.377634048461914,0.8975450396537781,-11.48008918762207
2026-08-04T04:56:29.680000-04:00,12.383830070495605,0.8959082365036011,-11.487921714782715
2026-08-04T04:56:29.684000-04:00,12.3972749710083,0.9443104267120361,-11.452964782714844
2026-08-04T04:56:29.688000-04:00,12.388038635253906,0.9838272333145142,-11.404211044311523
2026-08-04T04:56:29.692000-04:00,12.353081703186035,0.9915435314178467,-11.36153793334961
2026-08-04T04:56:29.696000-04:00,12.354484558105469,0.9793844819068909,-11.375100135803223
2026-08-04T04:56:29.700000-04:00,12.367462158203125,0.9862824082374573,-11.381179809570312
2026-08-04T04:56:29.704000-04:00,12.366292953491211,0.992946445941925,-11.373346328735352
2026-08-04T04:56:29.708000-04:00,12.386869430541992,0.9996105432510376,-11.387258529663086
2026-08-04T04:56:29.712000-04:00,12.399730682373047,0.9766954779624939,-11.423035621643066
2026-08-04T04:56:29.716000-04:00,12.391663551330566,0.9453626871109009,-11.446300506591797
2026-08-04T04:56:29.720000-04:00,12.381959915161133,0.890764057636261,-11.491195678710938
2026-08-04T04:56:29.724000-04:00,12.378334999084473,0.8685504794120789,-11.509784698486328
2026-08-04T04:56:29.728000-04:00,12.379387855529785,0.8782542943954468,-11.501133918762207
2026-08-04T04:56:29.732000-04:00,12.371554374694824,0.8552223443984985,-11.516331672668457
2026-08-04T04:56:29.736000-04:00,12.36453914642334,0.8196806311607361,-11.544858932495117
2026-08-04T04:56:29.740000-04:00,12.348054885864258,0.7933751344680786,-11.554679870605469
2026-08-04T04:56:29.744000-04:00,12.350509643554688,0.7849573493003845,-11.565552711486816
2026-08-04T04:56:29.748000-04:00,12.349808692932129,0.7752535343170166,-11.574555397033691
2026-08-04T04:56:29.752000-04:00,12.340221405029297,0.7649651169776917,-11.57525634765625
2026-08-04T04:56:29.756000-04:00,12.33764934539795,0.756430447101593,-11.581218719482422
2026-08-04T04:56:29.760000-04:00,12.341741561889648,0.7587686777114868,-11.582972526550293
2026-08-04T04:56:29.764000-04:00,12.347002029418945,0.7512862682342529,-11.595715522766113
2026-08-04T04:56:29.768000-04:00,12.344780921936035,0.7346845269203186,-11.610095977783203
2026-08-04T04:56:29.772000-04:00,12.340923309326172,0.745323657989502,-11.595600128173828
2026-08-04T04:56:29.776000-04:00,12.331686973571777,0.7369058728218079,-11.594780921936035
2026-08-04T04:56:29.780000-04:00,12.322566986083984,0.7265005707740784,-11.59606647491455
2026-08-04T04:56:29.784000-04:00,12.332972526550293,0.7260329127311707,-11.606939315795898
2026-08-04T04:56:29.788000-04:00,12.339285850524902,0.7443883419036865,-11.594897270202637
2026-08-04T04:56:29.792000-04:00,12.332387924194336,0.7316447496414185,-11.600743293762207
2026-08-04T04:56:29.796000-04:00,12.325723648071289,0.7318785786628723,-11.59384536743164
2026-08-04T04:56:29.800000-04:00,12.295443534851074,0.7492986917495728,-11.546144485473633
2026-08-04T04:56:29.804000-04:00,12.278257369995117,0.7915045022964478,-11.4867525100708
2026-08-04T04:56:29.808000-04:00,12.299769401550293,0.8056510090827942,-11.494118690490723
2026-08-04T04:56:29.812000-04:00,12.363604545593262,0.7835543751716614,-11.580050468444824
2026-08-04T04:56:29.816000-04:00,12.43620777130127,0.8476229906082153,-11.588584899902344
2026-08-04T04:56:29.820000-04:00,12.616488456726074,1.0823853015899658,-11.534103393554688
2026-08-04T04:56:29.824000-04:00,12.67751693725586,1.3558460474014282,-11.321670532226562
2026-08-04T04:56:29.828000-04:00,12.602224349975586,2.0064697265625,-10.595754623413086
2026-08-04T04:56:29.832000-04:00,12.56387710571289,2.5411152839660645,-10.022762298583984
2026-08-04T04:56:29.836000-04:00,12.469293594360352,3.093414783477783,-9.375879287719727
2026-08-04T04:56:29.840000-04:00,12.409785270690918,3.131060838699341,-9.278724670410156
2026-08-04T04:56:29.844000-04:00,12.360564231872559,2.974045991897583,-9.386518478393555
2026-08-04T04:56:29.848000-04:00,12.33741569519043,2.289984941482544,-10.047430992126465
2026-08-04T04:56:29.852000-04:00,12.339052200317383,1.9000784158706665,-10.438973426818848
2026-08-04T04:56:29.856000-04:00,12.359979629516602,1.2818397283554077,-11.078140258789062
2026-08-04T04:56:29.860000-04:00,12.402302742004395,1.1330088376998901,-11.269293785095215
2026-08-04T04:56:29.864000-04:00,12.469761848449707,1.0643806457519531,-11.405381202697754
2026-08-04T04:56:29.868000-04:00,12.429543495178223,1.021941065788269,-11.407602310180664
2026-08-04T04:56:29.872000-04:00,12.404056549072266,0.9336712956428528,-11.470385551452637
2026-08-04T04:56:29.876000-04:00,12.399964332580566,0.9195247888565063,-11.480439186096191
2026-08-04T04:56:29.880000-04:00,12.402770042419434,0.8962590098381042,-11.506510734558105
2026-08-04T04:56:29.884000-04:00,12.417852401733398,0.8621202707290649,-11.555731773376465
2026-08-04T04:56:29.888000-04:00,12.419722557067871,0.8581451773643494,-11.561577796936035
2026-08-04T04:56:29.892000-04:00,12.406744956970215,0.8517149686813354,-11.55502986907959
2026-08-04T04:56:29.896000-04:00,12.412357330322266,0.8525333404541016,-11.559823989868164
2026-08-04T04:56:29.900000-04:00,12.408265113830566,0.8411927223205566,-11.567071914672852
2026-08-04T04:56:29.904000-04:00,12.417617797851562,0.8531178832054138,-11.564499855041504
2026-08-04T04:56:29.908000-04:00,12.425568580627441,0.8559238314628601,-11.569644927978516
2026-08-04T04:56:29.912000-04:00,12.424399375915527,0.8554561734199524,-11.56894302368164
2026-08-04T04:56:29.916000-04:00,12.418670654296875,0.8570929765701294,-11.561577796936035
2026-08-04T04:56:29.920000-04:00,12.428374290466309,0.862938642501831,-11.565435409545898
2026-08-04T04:56:29.924000-04:00,12.433518409729004,0.865627646446228,-11.567891120910645
2026-08-04T04:56:29.928000-04:00,12.438779830932617,0.8645754456520081,-11.574204444885254
2026-08-04T04:56:29.932000-04:00,12.440767288208008,0.8866720795631409,-11.554095268249512
2026-08-04T04:56:29.936000-04:00,12.442403793334961,0.8946222066879272,-11.547781944274902
2026-08-04T04:56:29.940000-04:00,12.444975852966309,0.8935700058937073,-11.551405906677246
2026-08-04T04:56:29.944000-04:00,12.458420753479004,0.9101716876029968,-11.548249244689941
2026-08-04T04:56:29.948000-04:00,12.460525512695312,0.9109901189804077,-11.549535751342773
2026-08-04T04:56:29.952000-04:00,12.46111011505127,0.9181218147277832,-11.542987823486328
2026-08-04T04:56:29.956000-04:00,12.461226463317871,0.9465318322181702,-11.514694213867188
2026-08-04T04:56:29.960000-04:00,12.468475341796875,0.9438427686691284,-11.524632453918457
2026-08-04T04:56:29.964000-04:00,12.476659774780273,0.9468825459480286,-11.529777526855469
2026-08-04T04:56:29.968000-04:00,12.480401039123535,0.9603276252746582,-11.520072937011719
2026-08-04T04:56:29.972000-04:00,12.486948013305664,0.9713174700737,-11.515630722045898
2026-08-04T04:56:29.976000-04:00,12.493962287902832,0.9916604161262512,-11.502302169799805
2026-08-04T04:56:29.980000-04:00,12.502029418945312,1.0109511613845825,-11.49107837677002
2026-08-04T04:56:29.984000-04:00,12.519332885742188,1.0379581451416016,-11.481374740600586
2026-08-04T04:56:29.988000-04:00,12.533011436462402,1.0470774173736572,-11.485934257507324
2026-08-04T04:56:29.992000-04:00,12.540143966674805,1.0779426097869873,-11.462201118469238
2026-08-04T04:56:29.996000-04:00,12.553120613098145,1.093258261680603,-11.45986270904541
2026-08-04T04:56:30-04:00,12.56025218963623,1.1247080564498901,-11.43554401397705
2026-08-04T04:56:30.004000-04:00,12.59485912322998,1.1461031436920166,-11.448756217956543
2026-08-04T04:56:30.008000-04:00,12.608771324157715,1.171122670173645,-11.43764877319336
2026-08-04T04:56:30.012000-04:00,12.622333526611328,1.1976619958877563,-11.424671173095703
2026-08-04T04:56:30.016000-04:00,12.626893043518066,1.2084181308746338,-11.418475151062012
2026-08-04T04:56:30.020000-04:00,12.637765884399414,1.2412707805633545,-11.39649486541748
2026-08-04T04:56:30.024000-04:00,12.65904426574707,1.2646534442901611,-11.394391059875488
2026-08-04T04:56:30.028000-04:00,12.67704963684082,1.2754095792770386,-11.401639938354492
2026-08-04T04:56:30.032000-04:00,12.671086311340332,1.2890883684158325,-11.381998062133789
2026-08-04T04:56:30.036000-04:00,12.684532165527344,1.3127049207687378,-11.371827125549316
2026-08-04T04:56:30.040000-04:00,12.684181213378906,1.3115358352661133,-11.372645378112793
2026-08-04T04:56:30.044000-04:00,12.690377235412598,1.3102498054504395,-11.380126953125
2026-08-04T04:56:30.048000-04:00,12.694469451904297,1.296804666519165,-11.397665023803711
2026-08-04T04:56:30.052000-04:00,12.681609153747559,1.2991429567337036,-11.382466316223145
2026-08-04T04:56:30.056000-04:00,12.660213470458984,1.2795014381408691,-11.380712509155273
2026-08-04T04:56:30.060000-04:00,12.65705680847168,1.2621983289718628,-11.394858360290527
2026-08-04T04:56:30.064000-04:00,12.650158882141113,1.2513253688812256,-11.398833274841309
2026-08-04T04:56:30.068000-04:00,12.649224281311035,1.2346067428588867,-11.414617538452148
2026-08-04T04:56:30.072000-04:00,12.61777400970459,1.1900626420974731,-11.427711486816406
2026-08-04T04:56:30.076000-04:00,12.585389137268066,1.1642247438430786,-11.421164512634277
2026-08-04T04:56:30.080000-04:00,12.563643455505371,1.1291507482528687,-11.434493064880371
2026-08-04T04:56:30.084000-04:00,12.545404434204102,1.0836713314056396,-11.461732864379883
2026-08-04T04:56:30.088000-04:00,12.532777786254883,1.0654329061508179,-11.467345237731934
2026-08-04T04:56:30.092000-04:00,12.50623893737793,1.012704849243164,-11.493534088134766
2026-08-04T04:56:30.096000-04:00,12.478062629699707,0.979150652885437,-11.49891185760498
2026-08-04T04:56:30.100000-04:00,12.465435981750488,0.9477009177207947,-11.517735481262207
2026-08-04T04:56:30.104000-04:00,12.444624900817871,0.9379971027374268,-11.506628036499023
2026-08-04T04:56:30.108000-04:00,12.434103012084961,0.9032738208770752,-11.530829429626465
2026-08-04T04:56:30.112000-04:00,12.418437004089355,0.8863213658332825,-11.532115936279297
2026-08-04T04:56:30.116000-04:00,12.400548934936523,0.8544039726257324,-11.546144485473633
2026-08-04T04:56:30.120000-04:00,12.396223068237305,0.8388544917106628,-11.557368278503418
2026-08-04T04:56:30.124000-04:00,12.397743225097656,0.8327749371528625,-11.56496810913086
2026-08-04T04:56:30.128000-04:00,12.396924018859863,0.8237726092338562,-11.573151588439941
2026-08-04T04:56:30.132000-04:00,12.385116577148438,0.8051833510398865,-11.579933166503906
2026-08-04T04:56:30.136000-04:00,12.361733436584473,0.7923228740692139,-11.56941032409668
2026-08-04T04:56:30.140000-04:00,12.366292953491211,0.7829698324203491,-11.58332347869873
2026-08-04T04:56:30.144000-04:00,12.357992172241211,0.7881140112876892,-11.569878578186035
2026-08-04T04:56:30.148000-04:00,12.35647201538086,0.7716292142868042,-11.584842681884766
2026-08-04T04:56:30.152000-04:00,12.35647201538086,0.7701092958450317,-11.586362838745117
2026-08-04T04:56:30.156000-04:00,12.3474702835083,0.7731490731239319,-11.574320793151855
2026-08-04T04:56:30.160000-04:00,12.348873138427734,0.7604054808616638,-11.588467597961426
2026-08-04T04:56:30.164000-04:00,12.353432655334473,0.7807484269142151,-11.572684288024902
2026-08-04T04:56:30.168000-04:00,12.358576774597168,0.7837882041931152,-11.574789047241211
2026-08-04T04:56:30.172000-04:00,12.348755836486816,0.7876463532447815,-11.56110954284668
2026-08-04T04:56:30.176000-04:00,12.343962669372559,0.7938427329063416,-11.55012035369873
2026-08-04T04:56:30.180000-04:00,12.352263450622559,0.8014421463012695,-11.550821304321289
2026-08-04T04:56:30.184000-04:00,12.364422798156738,0.8006237149238586,-11.563798904418945
2026-08-04T04:56:30.188000-04:00,12.369800567626953,0.8171085715293884,-11.552692413330078
2026-08-04T04:56:30.192000-04:00,12.357992172241211,0.8219019770622253,-11.536089897155762
2026-08-04T04:56:30.196000-04:00,12.351561546325684,0.8029620051383972,-11.548599243164062
2026-08-04T04:56:30.200000-04:00,12.361031532287598,0.8241233825683594,-11.536908149719238
2026-08-04T04:56:30.204000-04:00,12.364188194274902,0.8356977701187134,-11.52849006652832
2026-08-04T04:56:30.208000-04:00,12.379270553588867,0.8596650958061218,-11.51960563659668
2026-08-04T04:56:30.212000-04:00,12.364890098571777,0.859431266784668,-11.50545883178711
2026-08-04T04:56:30.216000-04:00,12.365241050720215,0.8591974377632141,-11.506043434143066
2026-08-04T04:56:30.220000-04:00,12.372489929199219,0.8497273921966553,-11.522762298583984
2026-08-04T04:56:30.224000-04:00,12.370034217834473,0.8637570142745972,-11.506277084350586
2026-08-04T04:56:30.228000-04:00,12.37623119354248,0.8750976324081421,-11.501133918762207
2026-08-04T04:56:30.232000-04:00,12.374242782592773,0.8791896104812622,-11.4950532913208
2026-08-04T04:56:30.236000-04:00,12.371320724487305,0.8693689107894897,-11.501952171325684
2026-08-04T04:56:30.240000-04:00,12.378101348876953,0.8706549406051636,-11.5074462890625
2026-08-04T04:56:30.244000-04:00,12.385116577148438,0.8692519664764404,-11.515864372253418
2026-08-04T04:56:30.248000-04:00,12.38920783996582,0.8914655447006226,-11.497742652893066
2026-08-04T04:56:30.252000-04:00,12.38675308227539,0.8936868906021118,-11.49306583404541
2026-08-04T04:56:30.256000-04:00,12.379855155944824,0.8946222066879272,-11.485233306884766
2026-08-04T04:56:30.260000-04:00,12.362902641296387,0.8731101155281067,-11.489792823791504
2026-08-04T04:56:30.264000-04:00,12.391546249389648,0.8774359226226807,-11.514110565185547
2026-08-04T04:56:30.268000-04:00,12.393182754516602,0.8775528073310852,-11.515629768371582
2026-08-04T04:56:30.272000-04:00,12.381491661071777,0.8705379962921143,-11.510953903198242
2026-08-04T04:56:30.276000-04:00,12.370501518249512,0.8634063005447388,-11.507095336914062
2026-08-04T04:56:30.280000-04:00,12.37283992767334,0.8705379962921143,-11.502302169799805
2026-08-04T04:56:30.284000-04:00,12.380439758300781,0.8533517122268677,-11.527088165283203
2026-08-04T04:56:30.288000-04:00,12.3806734085083,0.8393220901489258,-11.541351318359375
2026-08-04T04:56:30.292000-04:00,12.38114070892334,0.8452847003936768,-11.535856246948242
2026-08-04T04:56:30.296000-04:00,12.3723726272583,0.8348793983459473,-11.537492752075195
2026-08-04T04:56:30.300000-04:00,12.364422798156738,0.8348793983459473,-11.529542922973633
2026-08-04T04:56:30.304000-04:00,12.377049446105957,0.836983859539032,-11.54006576538086
2026-08-04T04:56:30.308000-04:00,12.384063720703125,0.8298521041870117,-11.554211616516113
2026-08-04T04:56:30.312000-04:00,12.373074531555176,0.8230711221694946,-11.550003051757812
2026-08-04T04:56:30.316000-04:00,12.367579460144043,0.8199144601821899,-11.547664642333984
2026-08-04T04:56:30.320000-04:00,12.36839771270752,0.8121981620788574,-11.55620002746582
2026-08-04T04:56:30.324000-04:00,12.373659133911133,0.8179269433021545,-11.555731773376465
2026-08-04T04:56:30.328000-04:00,12.374360084533691,0.8110290169715881,-11.56333065032959
2026-08-04T04:56:30.332000-04:00,12.369449615478516,0.8031958341598511,-11.566253662109375
2026-08-04T04:56:30.336000-04:00,12.364188194274902,0.7816837430000305,-11.582504272460938
2026-08-04T04:56:30.340000-04:00,12.36839771270752,0.7860095500946045,-11.582387924194336
2026-08-04T04:56:30.344000-04:00,12.37868595123291,0.7912706732749939,-11.58741569519043
2026-08-04T04:56:30.348000-04:00,12.37085247039795,0.7979347109794617,-11.572917938232422
2026-08-04T04:56:30.352000-04:00,12.371788024902344,0.7919721603393555,-11.579815864562988
2026-08-04T04:56:30.356000-04:00,12.366059303283691,0.7871786952018738,-11.578880310058594
2026-08-04T04:56:30.360000-04:00,12.349574089050293,0.7774748802185059,-11.572099685668945
2026-08-04T04:56:30.364000-04:00,12.373659133911133,0.7784101963043213,-11.59524917602539
2026-08-04T04:56:30.368000-04:00,12.37891960144043,0.7814499139785767,-11.597469329833984
2026-08-04T04:56:30.372000-04:00,12.369098663330078,0.7630944848060608,-11.606003761291504
2026-08-04T04:56:30.376000-04:00,12.358694076538086,0.7640298008918762,-11.594664573669434
2026-08-04T04:56:30.380000-04:00,12.369683265686035,0.7648482322692871,-11.604835510253906
2026-08-04T04:56:30.384000-04:00,12.369917869567871,0.7713953852653503,-11.598522186279297
2026-08-04T04:56:30.388000-04:00,12.363954544067383,0.7697585821151733,-11.594196319580078
2026-08-04T04:56:30.392000-04:00,12.359161376953125,0.7688232660293579,-11.590337753295898
2026-08-04T04:56:30.396000-04:00,12.352614402770996,0.7657834887504578,-11.586831092834473
2026-08-04T04:56:30.400000-04:00,12.359745979309082,0.761808454990387,-11.59793758392334
2026-08-04T04:56:30.404000-04:00,12.364422798156738,0.7550274729728699,-11.609395027160645
2026-08-04T04:56:30.408000-04:00,12.368631362915039,0.7716292142868042,-11.597002029418945
2026-08-04T04:56:30.412000-04:00,12.361031532287598,0.7494156360626221,-11.611616134643555
2026-08-04T04:56:30.416000-04:00,12.360564231872559,0.7540921568870544,-11.60647201538086
2026-08-04T04:56:30.420000-04:00,12.354835510253906,0.7517538666725159,-11.603081703186035
2026-08-04T04:56:30.424000-04:00,12.359745979309082,0.7449728846549988,-11.61477279663086
2026-08-04T04:56:30.428000-04:00,12.36652660369873,0.7385426759719849,-11.627984046936035
2026-08-04T04:56:30.432000-04:00,12.36009693145752,0.7428684830665588,-11.617228507995605
2026-08-04T04:56:30.436000-04:00,12.348288536071777,0.7431023120880127,-11.605186462402344
2026-08-04T04:56:30.440000-04:00,12.353199005126953,0.7336323261260986,-11.619566917419434
2026-08-04T04:56:30.444000-04:00,12.366292953491211,0.7329308390617371,-11.63336181640625
2026-08-04T04:56:30.448000-04:00,12.362902641296387,0.7408809661865234,-11.622021675109863
2026-08-04T04:56:30.452000-04:00,12.354368209838867,0.7331646680831909,-11.621203422546387
2026-08-04T04:56:30.456000-04:00,12.35354995727539,0.715861439704895,-11.637688636779785
2026-08-04T04:56:30.460000-04:00,12.35425090789795,0.7150430679321289,-11.63920783996582
2026-08-04T04:56:30.464000-04:00,12.364422798156738,0.7231100797653198,-11.641312599182129
2026-08-04T04:56:30.468000-04:00,12.365007400512695,0.7221747636795044,-11.64283275604248
2026-08-04T04:56:30.472000-04:00,12.361499786376953,0.7267343997955322,-11.634765625
2026-08-04T04:56:30.476000-04:00,12.372489929199219,0.7522215247154236,-11.620268821716309
2026-08-04T04:56:30.480000-04:00,12.374711036682129,0.7911537289619446,-11.58355712890625
2026-08-04T04:56:30.484000-04:00,12.375996589660645,0.7979347109794617,-11.578062057495117
2026-08-04T04:56:30.488000-04:00,12.371437072753906,0.8049495220184326,-11.566487312316895
2026-08-04T04:56:30.492000-04:00,12.37447738647461,0.8165239691734314,-11.557953834533691
2026-08-04T04:56:30.496000-04:00,12.36839771270752,0.8016759753227234,-11.56672191619873
2026-08-04T04:56:30.500000-04:00,12.393651008605957,0.839672863483429,-11.553977966308594
2026-08-04T04:56:30.504000-04:00,12.38745403289795,0.8881919384002686,-11.499261856079102
2026-08-04T04:56:30.508000-04:00,12.36255168914795,0.9070150256156921,-11.455536842346191
2026-08-04T04:56:30.512000-04:00,12.344079971313477,0.8890103697776794,-11.455069541931152
2026-08-04T04:56:30.516000-04:00,12.351912498474121,0.8856198787689209,-11.466292381286621
2026-08-04T04:56:30.520000-04:00,12.355302810668945,0.9075996279716492,-11.44770336151123
2026-08-04T04:56:30.524000-04:00,12.380322456359863,0.9114577770233154,-11.468864440917969
2026-08-04T04:56:30.528000-04:00,12.399964332580566,0.8913486003875732,-11.508615493774414
2026-08-04T04:56:30.532000-04:00,12.395171165466309,0.8741623163223267,-11.521008491516113
2026-08-04T04:56:30.536000-04:00,12.377984046936035,0.8190960884094238,-11.558887481689453
2026-08-04T04:56:30.540000-04:00,12.374593734741211,0.793725848197937,-11.580867767333984
2026-08-04T04:56:30.544000-04:00,12.382309913635254,0.8020266890525818,-11.580283164978027
2026-08-04T04:56:30.548000-04:00,12.377984046936035,0.7834374308586121,-11.5945463180542
2026-08-04T04:56:30.552000-04:00,12.365123748779297,0.7474281191825867,-11.617695808410645
2026-08-04T04:56:30.556000-04:00,12.339754104614258,0.7208887338638306,-11.618865013122559
2026-08-04T04:56:30.560000-04:00,12.336947441101074,0.716446042060852,-11.620501518249512
2026-08-04T04:56:30.564000-04:00,12.340923309326172,0.6894389986991882,-11.651484489440918
2026-08-04T04:56:30.568000-04:00,12.336362838745117,0.6803197264671326,-11.65604305267334
2026-08-04T04:56:30.572000-04:00,12.342208862304688,0.6730710864067078,-11.669137954711914
2026-08-04T04:56:30.576000-04:00,12.328997611999512,0.6793844103813171,-11.649613380432129
2026-08-04T04:56:30.580000-04:00,12.346652030944824,0.6834763884544373,-11.663175582885742
2026-08-04T04:56:30.584000-04:00,12.349224090576172,0.6777476668357849,-11.671476364135742
2026-08-04T04:56:30.588000-04:00,12.347002029418945,0.6782152652740479,-11.668787002563477
2026-08-04T04:56:30.592000-04:00,12.333206176757812,0.6700313687324524,-11.663174629211426
2026-08-04T04:56:30.596000-04:00,12.333206176757812,0.6761108636856079,-11.657094955444336
2026-08-04T04:56:30.600000-04:00,12.33133602142334,0.6535465717315674,-11.677789688110352
2026-08-04T04:56:30.604000-04:00,12.327127456665039,0.6550664305686951,-11.6720609664917
2026-08-04T04:56:30.608000-04:00,12.340923309326172,0.6586907505989075,-11.682232856750488
2026-08-04T04:56:30.612000-04:00,12.319761276245117,0.654481828212738,-11.665279388427734
2026-08-04T04:56:30.616000-04:00,12.296612739562988,0.6578723192214966,-11.638740539550781
2026-08-04T04:56:30.620000-04:00,12.274867057800293,0.7017149329185486,-11.573152542114258
2026-08-04T04:56:30.624000-04:00,12.295560836791992,0.7225255370140076,-11.57303524017334
2026-08-04T04:56:30.628000-04:00,12.36617660522461,0.6951677799224854,-11.671009063720703
2026-08-04T04:56:30.632000-04:00,12.43234920501709,0.7495325207710266,-11.682816505432129
2026-08-04T04:56:30.636000-04:00,12.592287063598633,0.934022068977356,-11.658265113830566
2026-08-04T04:56:30.640000-04:00,12.730010986328125,1.3578335046768188,-11.372177124023438
2026-08-04T04:56:30.644000-04:00,12.651328086853027,1.8430246114730835,-10.808303833007812
2026-08-04T04:56:30.648000-04:00,12.610057830810547,2.6386210918426514,-9.971436500549316
2026-08-04T04:56:30.652000-04:00,12.529153823852539,2.9945058822631836,-9.534647941589355
2026-08-04T04:56:30.656000-04:00,12.484726905822754,3.0249032974243164,-9.459823608398438
2026-08-04T04:56:30.660000-04:00,12.428607940673828,2.888582229614258,-9.54002571105957
2026-08-04T04:56:30.664000-04:00,12.369098663330078,2.251286506652832,-10.117812156677246
2026-08-04T04:56:30.668000-04:00,12.31894302368164,1.639127492904663,-10.679815292358398
2026-08-04T04:56:30.672000-04:00,12.33332347869873,1.2589247226715088,-11.0743989944458
2026-08-04T04:56:30.676000-04:00,12.416098594665527,1.0220578908920288,-11.394041061401367
2026-08-04T04:56:30.680000-04:00,12.467657089233398,0.9965707659721375,-11.471086502075195
2026-08-04T04:56:30.684000-04:00,12.449769020080566,0.9441935420036316,-11.505575180053711
2026-08-04T04:56:30.688000-04:00,12.398561477661133,0.8886595964431763,-11.509902000427246
2026-08-04T04:56:30.692000-04:00,12.4137601852417,0.8209667205810547,-11.592793464660645
2026-08-04T04:56:30.696000-04:00,12.405108451843262,0.8013252019882202,-11.60378360748291
2026-08-04T04:56:30.700000-04:00,12.393651008605957,0.7902184128761292,-11.603432655334473
2026-08-04T04:56:30.704000-04:00,12.411188125610352,0.7784101963043213,-11.63277816772461
2026-08-04T04:56:30.708000-04:00,12.422294616699219,0.7692909240722656,-11.653003692626953
2026-08-04T04:56:30.712000-04:00,12.408966064453125,0.7492986917495728,-11.659667015075684
2026-08-04T04:56:30.716000-04:00,12.406862258911133,0.758534848690033,-11.648327827453613
2026-08-04T04:56:30.720000-04:00,12.412824630737305,0.7597039937973022,-11.653120994567871
2026-08-04T04:56:30.724000-04:00,12.4220609664917,0.7559627890586853,-11.666098594665527
2026-08-04T04:56:30.728000-04:00,12.430829048156738,0.7581841349601746,-11.67264461517334
2026-08-04T04:56:30.732000-04:00,12.42849063873291,0.7608731389045715,-11.667617797851562
2026-08-04T04:56:30.736000-04:00,12.423697471618652,0.7775917649269104,-11.646105766296387
2026-08-04T04:56:30.740000-04:00,12.427438735961914,0.8009744882583618,-11.626463890075684
2026-08-04T04:56:30.744000-04:00,12.436908721923828,0.7988700270652771,-11.638038635253906
2026-08-04T04:56:30.748000-04:00,12.439364433288574,0.7952457070350647,-11.644118309020996
2026-08-04T04:56:30.752000-04:00,12.435739517211914,0.7948949933052063,-11.640844345092773
2026-08-04T04:56:30.756000-04:00,12.437610626220703,0.7927905321121216,-11.644820213317871
2026-08-04T04:56:30.760000-04:00,12.451171875,0.814536452293396,-11.636635780334473
2026-08-04T04:56:30.764000-04:00,12.459589958190918,0.81886225938797,-11.640727996826172
2026-08-04T04:56:30.768000-04:00,12.466371536254883,0.8373345732688904,-11.629036903381348
2026-08-04T04:56:30.772000-04:00,12.454913139343262,0.8243572115898132,-11.630556106567383
2026-08-04T04:56:30.776000-04:00,12.470813751220703,0.8503119945526123,-11.620501518249512
2026-08-04T04:56:30.780000-04:00,12.467657089233398,0.8541701436042786,-11.613487243652344
2026-08-04T04:56:30.784000-04:00,12.486948013305664,0.8707718253135681,-11.61617660522461
2026-08-04T04:56:30.788000-04:00,12.495716094970703,0.8833985328674316,-11.61231803894043
2026-08-04T04:56:30.792000-04:00,12.496417999267578,0.8971943259239197,-11.599224090576172
2026-08-04T04:56:30.796000-04:00,12.501562118530273,0.903507649898529,-11.598054885864258
2026-08-04T04:56:30.800000-04:00,12.515357971191406,0.9459472298622131,-11.56941032409668
2026-08-04T04:56:30.804000-04:00,12.531842231750488,0.9593923091888428,-11.572449684143066
2026-08-04T04:56:30.808000-04:00,12.538506507873535,0.9708498120307922,-11.567656517028809
2026-08-04T04:56:30.812000-04:00,12.549263000488281,1.0070929527282715,-11.542169570922852
2026-08-04T04:56:30.816000-04:00,12.554758071899414,1.0301250219345093,-11.524633407592773
2026-08-04T04:56:30.820000-04:00,12.584687232971191,1.037373661994934,-11.547313690185547
2026-08-04T04:56:30.824000-04:00,12.606082916259766,1.0699924230575562,-11.536090850830078
2026-08-04T04:56:30.828000-04:00,12.621047973632812,1.1083401441574097,-11.512707710266113
2026-08-04T04:56:30.832000-04:00,12.621164321899414,1.1418943405151367,-11.479269981384277
2026-08-04T04:56:30.836000-04:00,12.641039848327637,1.1566253900527954,-11.484414100646973
2026-08-04T04:56:30.840000-04:00,12.657875061035156,1.1788389682769775,-11.479036331176758
2026-08-04T04:56:30.844000-04:00,12.67564582824707,1.1934531927108765,-11.482192993164062
2026-08-04T04:56:30.848000-04:00,12.680673599243164,1.2166019678115845,-11.464071273803711
2026-08-04T04:56:30.852000-04:00,12.671320915222168,1.220810890197754,-11.450510025024414
2026-08-04T04:56:30.856000-04:00,12.674477577209473,1.2245521545410156,-11.449925422668457
2026-08-04T04:56:30.860000-04:00,12.68149185180664,1.228176474571228,-11.453315734863281
2026-08-04T04:56:30.864000-04:00,12.681140899658203,1.2355420589447021,-11.445598602294922
2026-08-04T04:56:30.868000-04:00,12.679855346679688,1.228176474571228,-11.451679229736328
2026-08-04T04:56:30.872000-04:00,12.66091537475586,1.2093534469604492,-11.45156192779541
2026-08-04T04:56:30.876000-04:00,12.651445388793945,1.1908810138702393,-11.460564613342285
2026-08-04T04:56:30.880000-04:00,12.641507148742676,1.1757992506027222,-11.465707778930664
2026-08-04T04:56:30.884000-04:00,12.630634307861328,1.1452847719192505,-11.485349655151367
2026-08-04T04:56:30.888000-04:00,12.616838455200195,1.1183947324752808,-11.498443603515625
2026-08-04T04:56:30.892000-04:00,12.587843894958496,1.081917643547058,-11.505926132202148
2026-08-04T04:56:30.896000-04:00,12.568903923034668,1.0566643476486206,-11.512239456176758
2026-08-04T04:56:30.900000-04:00,12.554758071899414,1.0001951456069946,-11.55456256866455
2026-08-04T04:56:30.904000-04:00,12.529504776000977,0.9654718041419983,-11.564032554626465
2026-08-04T04:56:30.908000-04:00,12.518046379089355,0.9370617866516113,-11.580984115600586
2026-08-04T04:56:30.912000-04:00,12.478763580322266,0.9071319699287415,-11.57163143157959
2026-08-04T04:56:30.916000-04:00,12.485076904296875,0.8830477595329285,-11.602028846740723
2026-08-04T04:56:30.920000-04:00,12.45479679107666,0.8395559191703796,-11.615241050720215
2026-08-04T04:56:30.924000-04:00,12.443923950195312,0.816173255443573,-11.627750396728516
2026-08-04T04:56:30.928000-04:00,12.433752059936523,0.7957133650779724,-11.638038635253906
2026-08-04T04:56:30.932000-04:00,12.425568580627441,0.7587686777114868,-11.666799545288086
2026-08-04T04:56:30.936000-04:00,12.406044006347656,0.740997850894928,-11.665045738220215
2026-08-04T04:56:30.940000-04:00,12.394469261169434,0.733983039855957,-11.660486221313477
2026-08-04T04:56:30.944000-04:00,12.39528751373291,0.7247468829154968,-11.670540809631348
2026-08-04T04:56:30.948000-04:00,12.391429901123047,0.7225255370140076,-11.668904304504395
2026-08-04T04:56:30.952000-04:00,12.38453197479248,0.7160952687263489,-11.668437004089355
2026-08-04T04:56:30.956000-04:00,12.369800567626953,0.6989089846611023,-11.670891761779785
2026-08-04T04:56:30.960000-04:00,12.36430549621582,0.6945831775665283,-11.669722557067871
2026-08-04T04:56:30.964000-04:00,12.369215965270996,0.6810212135314941,-11.688194274902344
2026-08-04T04:56:30.968000-04:00,12.365942001342773,0.6952846646308899,-11.67065715789795
2026-08-04T04:56:30.972000-04:00,12.363019943237305,0.6954016089439392,-11.667618751525879
2026-08-04T04:56:30.976000-04:00,12.345365524291992,0.687217652797699,-11.658147811889648
2026-08-04T04:56:30.980000-04:00,12.3640718460083,0.703117847442627,-11.660953521728516
2026-08-04T04:56:30.984000-04:00,12.362902641296387,0.689906656742096,-11.672995567321777
2026-08-04T04:56:30.988000-04:00,12.362668991088867,0.6907250285148621,-11.671943664550781
2026-08-04T04:56:30.992000-04:00,12.363604545593262,0.7008965015411377,-11.662708282470703
2026-08-04T04:56:30.996000-04:00,12.360213279724121,0.7103664875030518,-11.649847030639648
