created_at,lead_1,lead_2,lead_3
2026-07-28T10:38:43-04:00,-2.074162721633911,1.1894780397415161,3.263640880584717
2026-07-28T10:38:43.004000-04:00,-4.115706443786621,3.3123936653137207,7.428100109100342
2026-07-28T10:38:43.008000-04:00,0.8451678156852722,6.611927032470703,5.766759395599365
2026-07-28T10:38:43.012000-04:00,-1.0384258031845093,4.951520919799805,5.9899468421936035
2026-07-28T10:38:43.016000-04:00,-3.762160062789917,1.6791118383407593,5.441271781921387
2026-07-28T10:38:43.020000-04:00,-2.239361524581909,1.407404899597168,3.646766424179077
2026-07-28T10:38:43.024000-04:00,-4.295753479003906,3.551715612411499,7.847469329833984
2026-07-28T10:38:43.028000-04:00,1.0224087238311768,6.635660171508789,5.613251686096191
2026-07-28T10:38:43.032000-04:00,-1.4955576658248901,4.712082386016846,6.207640171051025
2026-07-28T10:38:43.036000-04:00,-3.431645393371582,1.4533518552780151,4.884997367858887
2026-07-28T10:38:43.040000-04:00,-1.7261111736297607,0.8327749371528625,2.5588860511779785
2026-07-28T10:38:43.044000-04:00,-4.484451770782471,3.8088085651397705,8.29326057434082
2026-07-28T10:38:43.048000-04:00,-0.6244350671768188,6.331919193267822,6.956354141235352
2026-07-28T10:38:43.052000-04:00,-1.9742015600204468,4.517538070678711,6.491739749908447
2026-07-28T10:38:43.056000-04:00,-3.069681167602539,1.134294867515564,4.203976154327393
2026-07-28T10:38:43.060000-04:00,-1.8253706693649292,0.9441935420036316,2.769564151763916
2026-07-28T10:38:43.064000-04:00,-4.5908427238464355,3.983711004257202,8.574553489685059
2026-07-28T10:38:43.068000-04:00,0.05892441049218178,6.502846717834473,6.443922519683838
2026-07-28T10:38:43.072000-04:00,-2.4226818084716797,4.19216775894165,6.61484956741333
2026-07-28T10:38:43.076000-04:00,-4.252963066101074,2.1481688022613525,6.401131629943848
2026-07-28T10:38:43.080000-04:00,-1.9512865543365479,1.0529230833053589,3.004209518432617
2026-07-28T10:38:43.084000-04:00,-4.638193130493164,4.121551990509033,8.759744644165039
2026-07-28T10:38:43.088000-04:00,0.406742125749588,6.510679721832275,6.10393762588501
2026-07-28T10:38:43.092000-04:00,-2.8917388916015625,3.9239683151245117,6.815707206726074
2026-07-28T10:38:43.096000-04:00,-4.006977081298828,1.8563528060913086,5.863329887390137
2026-07-28T10:38:43.100000-04:00,-2.0934534072875977,1.194037675857544,3.2874910831451416
2026-07-28T10:38:43.104000-04:00,-4.143882751464844,3.3305153846740723,7.474398136138916
2026-07-28T10:38:43.108000-04:00,0.7938427329063416,6.60046911239624,5.806626319885254
2026-07-28T10:38:43.112000-04:00,-1.2313331365585327,4.883243560791016,6.114576816558838
2026-07-28T10:38:43.116000-04:00,-3.7007803916931152,1.551793098449707,5.252573490142822
2026-07-28T10:38:43.120000-04:00,-2.302962303161621,1.407989501953125,3.710951805114746
2026-07-28T10:38:43.124000-04:00,-4.371747016906738,3.556626081466675,7.928373336791992
2026-07-28T10:38:43.128000-04:00,0.9624320268630981,6.565512180328369,5.6030802726745605
2026-07-28T10:38:43.132000-04:00,-1.671512484550476,4.626267910003662,6.297780513763428
2026-07-28T10:38:43.136000-04:00,-3.3250203132629395,1.2660564184188843,4.591076850891113
2026-07-28T10:38:43.140000-04:00,-1.7544041872024536,0.7428684830665588,2.4972727298736572
2026-07-28T10:38:43.144000-04:00,-4.530398845672607,3.726501226425171,8.2568998336792
2026-07-28T10:38:43.148000-04:00,-0.45982083678245544,6.279424667358398,6.739245414733887
2026-07-28T10:38:43.152000-04:00,-2.13834810256958,4.366368770599365,6.504716873168945
2026-07-28T10:38:43.156000-04:00,-2.9321908950805664,0.9646534323692322,3.8968443870544434
2026-07-28T10:38:43.160000-04:00,-1.8574049472808838,0.9182387590408325,2.775643825531006
2026-07-28T10:38:43.164000-04:00,-4.618434429168701,3.955418109893799,8.5738525390625
2026-07-28T10:38:43.168000-04:00,0.1710444688796997,6.485543251037598,6.3144989013671875
2026-07-28T10:38:43.172000-04:00,-2.58542537689209,4.1023783683776855,6.687803745269775
2026-07-28T10:38:43.176000-04:00,-4.184451580047607,2.0411930084228516,6.225644588470459
2026-07-28T10:38:43.180000-04:00,-1.991855502128601,1.0563136339187622,3.0481691360473633
2026-07-28T10:38:43.184000-04:00,-4.612822532653809,4.161653518676758,8.774476051330566
2026-07-28T10:38:43.188000-04:00,0.627474844455719,6.6651225090026855,6.037647724151611
2026-07-28T10:38:43.192000-04:00,-3.055417776107788,3.945831060409546,7.001248836517334
2026-07-28T10:38:43.196000-04:00,-3.9180057048797607,1.808885931968689,5.72689151763916
2026-07-28T10:38:43.200000-04:00,-2.1679272651672363,1.3269684314727783,3.4948956966400146
2026-07-28T10:38:43.204000-04:00,-4.241037845611572,3.4692916870117188,7.710329532623291
2026-07-28T10:38:43.208000-04:00,0.8544039726257324,6.665239334106445,5.810835361480713
2026-07-28T10:38:43.212000-04:00,-1.4202653169631958,4.838465690612793,6.258730888366699
2026-07-28T10:38:43.216000-04:00,-3.592167615890503,1.5264228582382202,5.118590354919434
2026-07-28T10:38:43.220000-04:00,-2.343414545059204,1.5148483514785767,3.8582630157470703
2026-07-28T10:38:43.224000-04:00,-4.415355682373047,3.6597437858581543,8.07509994506836
2026-07-28T10:38:43.228000-04:00,0.9545988440513611,6.6402201652526855,5.68562126159668
2026-07-28T10:38:43.232000-04:00,-1.8469996452331543,4.60615873336792,6.453158378601074
2026-07-28T10:38:43.236000-04:00,-3.2275145053863525,1.231099247932434,4.458613872528076
2026-07-28T10:38:43.240000-04:00,-1.7933363914489746,0.8498443365097046,2.6431808471679688
2026-07-28T10:38:43.244000-04:00,-4.581022262573242,3.8520665168762207,8.433088302612305
2026-07-28T10:38:43.248000-04:00,-0.2569758892059326,6.511965751647949,6.768941879272461
2026-07-28T10:38:43.252000-04:00,-2.3044822216033936,4.335386753082275,6.63986873626709
2026-07-28T10:38:43.256000-04:00,-2.840881586074829,0.9464148879051208,3.7872965335845947
2026-07-28T10:38:43.260000-04:00,-1.8998446464538574,1.0111849308013916,2.911029577255249
2026-07-28T10:38:43.264000-04:00,-4.641115665435791,4.043336868286133,8.684452056884766
2026-07-28T10:38:43.268000-04:00,0.2794232964515686,6.555457592010498,6.276034355163574
2026-07-28T10:38:43.272000-04:00,-2.731450319290161,4.08320426940918,6.814654350280762
2026-07-28T10:38:43.276000-04:00,-4.126462459564209,1.9897511005401611,6.116213798522949
2026-07-28T10:38:43.280000-04:00,-2.046220302581787,1.1376854181289673,3.183905601501465
2026-07-28T10:38:43.284000-04:00,-4.625683307647705,4.272136688232422,8.897819519042969
2026-07-28T10:38:43.288000-04:00,0.6275917291641235,6.625605583190918,5.998013973236084
2026-07-28T10:38:43.292000-04:00,-3.15175461769104,3.8468053340911865,6.998559951782227
2026-07-28T10:38:43.296000-04:00,-3.8532354831695557,1.7476232051849365,5.600858688354492
2026-07-28T10:38:43.300000-04:00,-2.201481580734253,1.3100159168243408,3.5114974975585938
2026-07-28T10:38:43.304000-04:00,-4.274007320404053,3.4581847190856934,7.732192039489746
2026-07-28T10:38:43.308000-04:00,0.8415434956550598,6.553821086883545,5.712277412414551
2026-07-28T10:38:43.312000-04:00,-1.5167189836502075,4.720616817474365,6.237335681915283
2026-07-28T10:38:43.316000-04:00,-3.502495050430298,1.3994547128677368,4.901949882507324
2026-07-28T10:38:43.320000-04:00,-2.3878417015075684,1.4894781112670898,3.877319812774658
2026-07-28T10:38:43.324000-04:00,-4.4465718269348145,3.6354258060455322,8.081997871398926
2026-07-28T10:38:43.328000-04:00,0.907248854637146,6.516174793243408,5.608925819396973
2026-07-28T10:38:43.332000-04:00,-1.9545601606369019,4.485503673553467,6.440063953399658
2026-07-28T10:38:43.336000-04:00,-3.1294240951538086,1.1223697662353516,4.25179386138916
2026-07-28T10:38:43.340000-04:00,-1.7938040494918823,0.8120812773704529,2.6058852672576904
2026-07-28T10:38:43.344000-04:00,-4.58336067199707,3.8313727378845215,8.41473388671875
2026-07-28T10:38:43.348000-04:00,-0.21325024962425232,6.408848285675049,6.622098445892334
2026-07-28T10:38:43.352000-04:00,-2.3883092403411865,4.2099385261535645,6.598247528076172
2026-07-28T10:38:43.356000-04:00,-2.782541513442993,0.8096261024475098,3.592167615890503
2026-07-28T10:38:43.360000-04:00,-1.9289560317993164,0.9459472298622131,2.8749032020568848
2026-07-28T10:38:43.364000-04:00,-4.652105808258057,4.028956413269043,8.681062698364258
2026-07-28T10:38:43.368000-04:00,0.32291513681411743,6.5041327476501465,6.181217670440674
2026-07-28T10:38:43.372000-04:00,-2.810600757598877,3.9895567893981934,6.80015754699707
2026-07-28T10:38:43.376000-04:00,-4.106236457824707,1.9213566780090332,6.02759313583374
2026-07-28T10:38:43.380000-04:00,-2.0762670040130615,1.135697841644287,3.2119648456573486
2026-07-28T10:38:43.384000-04:00,-4.611536502838135,4.263017654418945,8.874553680419922
2026-07-28T10:38:43.388000-04:00,0.6848793625831604,6.585504531860352,5.900625228881836
2026-07-28T10:38:43.392000-04:00,-3.164381265640259,3.787062644958496,6.951443672180176
2026-07-28T10:38:43.396000-04:00,-3.8154726028442383,1.6351524591445923,5.450624942779541
2026-07-28T10:38:43.400000-04:00,-2.2545602321624756,1.299259901046753,3.5538201332092285
2026-07-28T10:38:43.404000-04:00,-4.317966938018799,3.4588863849639893,7.776853561401367
2026-07-28T10:38:43.408000-04:00,0.8873735666275024,6.553937911987305,5.666564464569092
2026-07-28T10:38:43.412000-04:00,-1.583359718322754,4.612822532653809,6.1961822509765625
2026-07-28T10:38:43.416000-04:00,-3.4621598720550537,1.3480128049850464,4.8101725578308105
2026-07-28T10:38:43.420000-04:00,-2.4293458461761475,1.5313332080841064,3.960679054260254
2026-07-28T10:38:43.424000-04:00,-4.4815287590026855,3.6880366802215576,8.169565200805664
2026-07-28T10:38:43.428000-04:00,0.9736557602882385,6.520967960357666,5.547312259674072
2026-07-28T10:38:43.432000-04:00,-1.977007508277893,4.463641166687012,6.440648555755615
2026-07-28T10:38:43.436000-04:00,-3.0814895629882812,1.0732660293579102,4.154755592346191
2026-07-28T10:38:43.440000-04:00,-3.737725019454956,2.8775923252105713,6.615317344665527
2026-07-28T10:38:43.444000-04:00,-4.604171276092529,3.903508424758911,8.50767993927002
2026-07-28T10:38:43.448000-04:00,-0.09341389685869217,6.41504430770874,6.508458137512207
2026-07-28T10:38:43.452000-04:00,-2.45763897895813,4.207483768463135,6.665122985839844
2026-07-28T10:38:43.456000-04:00,-2.7139134407043457,0.8068201541900635,3.520733594894409
2026-07-28T10:38:43.460000-04:00,-1.9612241983413696,1.0210057497024536,2.9822299480438232
2026-07-28T10:38:43.464000-04:00,-4.650702476501465,4.0975847244262695,8.748287200927734
2026-07-28T10:38:43.468000-04:00,0.43141087889671326,6.553821086883545,6.122410297393799
2026-07-28T10:38:43.472000-04:00,-2.843804359436035,3.980905055999756,6.824709415435791
2026-07-28T10:38:43.476000-04:00,-4.037023544311523,1.8904914855957031,5.927515029907227
2026-07-28T10:38:43.480000-04:00,-2.0953240394592285,1.1199145317077637,3.215238571166992
2026-07-28T10:38:43.484000-04:00,-4.558107376098633,4.35269021987915,8.910797119140625
2026-07-28T10:38:43.488000-04:00,0.8076385259628296,6.644779682159424,5.837141036987305
2026-07-28T10:38:43.492000-04:00,-3.199922800064087,3.7809829711914062,6.980905532836914
2026-07-28T10:38:43.496000-04:00,-3.718200445175171,1.6194859743118286,5.337686538696289
2026-07-28T10:38:43.500000-04:00,-2.2730324268341064,1.3962980508804321,3.669330596923828
2026-07-28T10:38:43.504000-04:00,-4.345909118652344,3.575566053390503,7.921475410461426
2026-07-28T10:38:43.508000-04:00,0.9419721961021423,6.632737636566162,5.690765380859375
2026-07-28T10:38:43.512000-04:00,-1.6357369422912598,4.701910972595215,6.337647914886475
2026-07-28T10:38:43.516000-04:00,-3.3440773487091064,1.2527283430099487,4.596805572509766
2026-07-28T10:38:43.520000-04:00,-2.472486972808838,1.6212396621704102,4.093726634979248
2026-07-28T10:38:43.524000-04:00,-4.5065484046936035,3.770928382873535,8.277477264404297
2026-07-28T10:38:43.528000-04:00,0.924318253993988,6.5421295166015625,5.61781120300293
2026-07-28T10:38:43.532000-04:00,-2.1155500411987305,4.424357891082764,6.539907932281494
2026-07-28T10:38:43.536000-04:00,-2.991816759109497,1.00943124294281,4.001247882843018
2026-07-28T10:38:43.540000-04:00,-1.8431415557861328,0.8673813343048096,2.7105228900909424
2026-07-28T10:38:43.544000-04:00,-4.604053974151611,3.943492889404297,8.54754638671875
2026-07-28T10:38:43.548000-04:00,0.919174075126648,6.475488662719727,5.556314468383789
2026-07-28T10:38:43.552000-04:00,-2.4472336769104004,4.273656368255615,6.720890045166016
2026-07-28T10:38:43.556000-04:00,-2.6058852672576904,0.8705379962921143,3.4764232635498047
2026-07-28T10:38:43.560000-04:00,-1.939361333847046,1.105183482170105,3.0445446968078613
2026-07-28T10:38:43.564000-04:00,-4.590492248535156,4.241972923278809,8.832465171813965
2026-07-28T10:38:43.568000-04:00,0.6091194152832031,6.708146572113037,6.099027156829834
2026-07-28T10:38:43.572000-04:00,-2.823578357696533,4.0636796951293945,6.887258052825928
2026-07-28T10:38:43.576000-04:00,-3.948169469833374,1.9381922483444214,5.886361598968506
2026-07-28T10:38:43.580000-04:00,-2.130631923675537,1.2563526630401611,3.3869845867156982
2026-07-28T10:38:43.584000-04:00,-4.474630832672119,4.4797749519348145,8.954405784606934
2026-07-28T10:38:43.588000-04:00,0.9151989817619324,6.718902587890625,5.803703784942627
2026-07-28T10:38:43.592000-04:00,-3.287257194519043,3.768122434616089,7.055379867553711
2026-07-28T10:38:43.596000-04:00,-3.6065480709075928,1.5942326784133911,5.200780868530273
2026-07-28T10:38:43.600000-04:00,-2.289868116378784,1.4717073440551758,3.76157546043396
2026-07-28T10:38:43.604000-04:00,-4.364965915679932,3.6389331817626953,8.003898620605469
2026-07-28T10:38:43.608000-04:00,1.020771861076355,6.618941783905029,5.598169803619385
2026-07-28T10:38:43.612000-04:00,-1.6886987686157227,4.642986297607422,6.3316850662231445
2026-07-28T10:38:43.616000-04:00,-3.2684342861175537,1.260561466217041,4.528995513916016
2026-07-28T10:38:43.620000-04:00,-2.4834768772125244,1.6309435367584229,4.114420413970947
2026-07-28T10:38:43.624000-04:00,-4.512043476104736,3.7789955139160156,8.291038513183594
2026-07-28T10:38:43.628000-04:00,0.9773969650268555,6.5284504890441895,5.551053524017334
2026-07-28T10:38:43.632000-04:00,-2.164653778076172,4.362510681152344,6.527164459228516
2026-07-28T10:38:43.636000-04:00,-2.9160568714141846,0.9614967107772827,3.8775534629821777
2026-07-28T10:38:43.640000-04:00,-1.8681610822677612,0.9004678726196289,2.7686290740966797
2026-07-28T10:38:43.644000-04:00,-4.623344898223877,3.998091459274292,8.62143611907959
2026-07-28T10:38:43.648000-04:00,0.8775528073310852,6.403236389160156,5.525683403015137
2026-07-28T10:38:43.652000-04:00,-2.58542537689209,4.15311861038208,6.73854398727417
2026-07-28T10:38:43.656000-04:00,-2.552105188369751,0.7362043857574463,3.2883095741271973
2026-07-28T10:38:43.660000-04:00,-2.0127830505371094,1.0798132419586182,3.0925962924957275
2026-07-28T10:38:43.664000-04:00,-4.62053918838501,4.205379009246826,8.825918197631836
2026-07-28T10:38:43.668000-04:00,0.6295792460441589,6.642441272735596,6.012862205505371
2026-07-28T10:38:43.672000-04:00,-2.995908737182617,3.940920829772949,6.936829566955566
2026-07-28T10:38:43.676000-04:00,-3.9146151542663574,1.8074829578399658,5.722098350524902
2026-07-28T10:38:43.680000-04:00,-2.1742405891418457,1.236243486404419,3.4104840755462646
2026-07-28T10:38:43.684000-04:00,-4.496026039123535,4.4375691413879395,8.933595657348633
2026-07-28T10:38:43.688000-04:00,0.8809432983398438,6.650040626525879,5.769097328186035
2026-07-28T10:38:43.692000-04:00,-3.3987927436828613,3.6865170001983643,7.085309982299805
2026-07-28T10:38:43.696000-04:00,-3.579073429107666,1.4742794036865234,5.0533528327941895
2026-07-28T10:38:43.700000-04:00,-2.3507800102233887,1.4413098096847534,3.7920899391174316
2026-07-28T10:38:43.704000-04:00,-4.410328388214111,3.6065480709075928,8.016876220703125
2026-07-28T10:38:43.708000-04:00,0.9865162372589111,6.609120845794678,5.6226043701171875
2026-07-28T10:38:43.712000-04:00,-1.7978960275650024,4.586517333984375,6.384413242340088
2026-07-28T10:38:43.716000-04:00,-3.205768585205078,1.228761076927185,4.434529781341553
2026-07-28T10:38:43.720000-04:00,-2.538309335708618,1.6969996690750122,4.23530912399292
2026-07-28T10:38:43.724000-04:00,-4.538582801818848,3.8568599224090576,8.395442962646484
2026-07-28T10:38:43.728000-04:00,1.0214734077453613,6.531490325927734,5.510016918182373
2026-07-28T10:38:43.732000-04:00,-2.1944665908813477,4.348598003387451,6.543064594268799
2026-07-28T10:38:43.736000-04:00,-2.8454411029815674,0.9498053789138794,3.7952466011047363
2026-07-28T10:38:43.740000-04:00,-1.9033520221710205,1.0125879049301147,2.9159398078918457
2026-07-28T10:38:43.744000-04:00,-4.620305061340332,4.090336322784424,8.710641860961914
2026-07-28T10:38:43.748000-04:00,0.8998833298683167,6.426969528198242,5.52708625793457
2026-07-28T10:38:43.752000-04:00,-2.6230716705322266,4.154054164886475,6.777125835418701
2026-07-28T10:38:43.756000-04:00,-2.4910762310028076,0.7394779920578003,3.2305541038513184
2026-07-28T10:38:43.760000-04:00,-2.043180465698242,1.171356439590454,3.2145369052886963
2026-07-28T10:38:43.764000-04:00,-4.582425117492676,4.339011192321777,8.921436309814453
2026-07-28T10:38:43.768000-04:00,0.7666019201278687,6.71972131729126,5.953119277954102
2026-07-28T10:38:43.772000-04:00,-3.0422065258026123,3.936828851699829,6.979035377502441
2026-07-28T10:38:43.776000-04:00,-3.8360493183135986,1.812393307685852,5.64844274520874
2026-07-28T10:38:43.780000-04:00,-2.2015984058380127,1.3926737308502197,3.5942721366882324
2026-07-28T10:38:43.784000-04:00,-4.391505241394043,4.619954586029053,9.011459350585938
2026-07-28T10:38:43.788000-04:00,0.9768124222755432,6.740297794342041,5.763485431671143
2026-07-28T10:38:43.792000-04:00,-3.4628612995147705,3.7262675762176514,7.189128875732422
2026-07-28T10:38:43.796000-04:00,-3.489400625228882,1.4829310178756714,4.972331523895264
2026-07-28T10:38:43.800000-04:00,-2.4030404090881348,1.5549497604370117,3.9579901695251465
2026-07-28T10:38:43.804000-04:00,-4.447857856750488,3.7124717235565186,8.160329818725586
2026-07-28T10:38:43.808000-04:00,0.9721358418464661,6.599417209625244,5.627281188964844
2026-07-28T10:38:43.812000-04:00,-1.9809825420379639,3.434568405151367,5.41555118560791
2026-07-28T10:38:43.816000-04:00,-3.1180834770202637,1.1076385974884033,4.225722312927246
2026-07-28T10:38:43.820000-04:00,-2.614537000656128,1.7130167484283447,4.327553749084473
2026-07-28T10:38:43.824000-04:00,-4.576228618621826,3.872175693511963,8.448404312133789
2026-07-28T10:38:43.828000-04:00,0.9137960076332092,6.453976631164551,5.540180683135986
2026-07-28T10:38:43.832000-04:00,-2.3973116874694824,4.227943420410156,6.625255107879639
2026-07-28T10:38:43.836000-04:00,-2.7230327129364014,0.7751365900039673,3.498169422149658
2026-07-28T10:38:43.840000-04:00,-1.9103667736053467,0.8620033264160156,2.7723701000213623
2026-07-28T10:38:43.844000-04:00,-4.63714075088501,4.0726823806762695,8.709823608398438
2026-07-28T10:38:43.848000-04:00,0.7413485646247864,6.290999412536621,5.5496506690979
2026-07-28T10:38:43.852000-04:00,-2.838075637817383,3.995636224746704,6.833711624145508
2026-07-28T10:38:43.856000-04:00,-2.3878417015075684,0.6071318984031677,2.994973659515381
2026-07-28T10:38:43.860000-04:00,-2.077319383621216,1.131372094154358,3.2086915969848633
2026-07-28T10:38:43.864000-04:00,-4.566524982452393,4.2955193519592285,8.862044334411621
2026-07-28T10:38:43.868000-04:00,0.7659004330635071,6.610991477966309,5.845090866088867
2026-07-28T10:38:43.872000-04:00,-3.22599458694458,3.771746873855591,6.99774169921875
2026-07-28T10:38:43.876000-04:00,-3.750234842300415,1.618316888809204,5.368551731109619
2026-07-28T10:38:43.880000-04:00,-2.2583014965057373,1.3160954713821411,3.574397087097168
2026-07-28T10:38:43.884000-04:00,-4.376189708709717,4.540803909301758,8.916994094848633
2026-07-28T10:38:43.888000-04:00,0.9251366257667542,6.616720199584961,5.691583633422852
2026-07-28T10:38:43.892000-04:00,-3.589244842529297,3.5533523559570312,7.142597198486328
2026-07-28T10:38:43.896000-04:00,-3.404989242553711,1.3011305332183838,4.706119537353516
2026-07-28T10:38:43.900000-04:00,-2.4549498558044434,1.5257213115692139,3.9806711673736572
2026-07-28T10:38:43.904000-04:00,-4.491115570068359,3.6868677139282227,8.177983283996582
2026-07-28T10:38:43.908000-04:00,0.9789168238639832,6.534062385559082,5.555145740509033
2026-07-28T10:38:43.912000-04:00,-2.0310215950012207,3.36395263671875,5.394974231719971
2026-07-28T10:38:43.916000-04:00,-3.014497995376587,1.0433361530303955,4.057834148406982
2026-07-28T10:38:43.920000-04:00,-2.6539368629455566,1.7705382108688354,4.424475193023682
2026-07-28T10:38:43.924000-04:00,-4.601014614105225,3.916602611541748,8.517617225646973
2026-07-28T10:38:43.928000-04:00,0.8698365688323975,6.4232282638549805,5.553391456604004
2026-07-28T10:38:43.932000-04:00,-2.4970388412475586,4.211926460266113,6.708965301513672
2026-07-28T10:38:43.936000-04:00,-2.6652774810791016,0.7701092958450317,3.4353866577148438
2026-07-28T10:38:43.940000-04:00,-1.9725648164749146,0.9938817620277405,2.9664466381073
2026-07-28T10:38:43.944000-04:00,-4.642752647399902,4.022409439086914,8.665162086486816
2026-07-28T10:38:43.948000-04:00,0.7101326584815979,6.242363452911377,5.532230854034424
2026-07-28T10:38:43.952000-04:00,-2.8847241401672363,3.942089796066284,6.826813697814941
2026-07-28T10:38:43.956000-04:00,-2.34224534034729,0.5610679388046265,2.903313159942627
2026-07-28T10:38:43.960000-04:00,-2.131917953491211,1.1935700178146362,3.3254880905151367
2026-07-28T10:38:43.964000-04:00,-4.559978008270264,4.3544440269470215,8.914422035217285
2026-07-28T10:38:43.968000-04:00,0.8089246153831482,6.6348419189453125,5.8259172439575195
2026-07-28T10:38:43.972000-04:00,-3.303274393081665,3.760874032974243,7.064148426055908
2026-07-28T10:38:43.976000-04:00,-3.691310405731201,1.5749419927597046,5.266252517700195
2026-07-28T10:38:43.980000-04:00,-2.298753499984741,1.4089246988296509,3.7076783180236816
2026-07-28T10:38:43.984000-04:00,-4.29715633392334,4.634451866149902,8.931608200073242
2026-07-28T10:38:43.988000-04:00,0.9545988440513611,6.618474006652832,5.663875102996826
2026-07-28T10:38:43.992000-04:00,-3.657522439956665,3.5490267276763916,7.206549167633057
2026-07-28T10:38:43.996000-04:00,-3.323500394821167,1.2809044122695923,4.604404926300049
2026-07-28T10:38:44-04:00,-2.500429391860962,1.6205382347106934,4.120967864990234
2026-07-28T10:38:44.004000-04:00,-4.524202346801758,3.779930830001831,8.304133415222168
2026-07-28T10:38:44.008000-04:00,1.0435700416564941,6.56726598739624,5.523695945739746
2026-07-28T10:38:44.012000-04:00,-3.914264440536499,3.3873353004455566,7.301599502563477
2026-07-28T10:38:44.016000-04:00,-2.936516761779785,0.997272253036499,3.933789014816284
2026-07-28T10:38:44.020000-04:00,-2.6920504570007324,1.8473504781723022,4.539401054382324
2026-07-28T10:38:44.024000-04:00,-4.598793029785156,3.9681615829467773,8.566954612731934
2026-07-28T10:38:44.028000-04:00,0.912159264087677,6.401599407196045,5.489439964294434
2026-07-28T10:38:44.032000-04:00,-2.5018322467803955,4.158145904541016,6.659977912902832
2026-07-28T10:38:44.036000-04:00,-2.569992780685425,0.7649651169776917,3.3349578380584717
2026-07-28T10:38:44.040000-04:00,-1.9863605499267578,1.0666019916534424,3.0529625415802
2026-07-28T10:38:44.044000-04:00,-4.609198570251465,4.216953754425049,8.826152801513672
2026-07-28T10:38:44.048000-04:00,0.7229931950569153,6.214771747589111,5.491778373718262
2026-07-28T10:38:44.052000-04:00,-2.8863608837127686,4.0007805824279785,6.887141227722168
2026-07-28T10:38:44.056000-04:00,-2.2669529914855957,0.6578723192214966,2.9248251914978027
2026-07-28T10:38:44.060000-04:00,-2.1500394344329834,1.3397119045257568,3.4897513389587402
2026-07-28T10:38:44.064000-04:00,-4.494740009307861,4.516018390655518,9.010758399963379
2026-07-28T10:38:44.068000-04:00,0.917537271976471,6.7442731857299805,5.826735973358154
2026-07-28T10:38:44.072000-04:00,-3.297896385192871,3.812082052230835,7.109978675842285
2026-07-28T10:38:44.076000-04:00,-3.6240851879119873,1.5882700681686401,5.212355136871338
2026-07-28T10:38:44.080000-04:00,-2.335113525390625,1.5083012580871582,3.843414783477783
2026-07-28T10:38:44.084000-04:00,-4.227007865905762,4.749377727508545,8.976385116577148
2026-07-28T10:38:44.088000-04:00,0.9716682434082031,6.718785762786865,5.747117519378662
2026-07-28T10:38:44.092000-04:00,-3.714576244354248,3.6132121086120605,7.327788352966309
2026-07-28T10:38:44.096000-04:00,-3.250546455383301,1.278683066368103,4.529229640960693
2026-07-28T10:38:44.100000-04:00,-2.543102741241455,1.6984026432037354,4.2415056228637695
2026-07-28T10:38:44.104000-04:00,-4.553898334503174,3.8598997592926025,8.413798332214355
2026-07-28T10:38:44.108000-04:00,0.9369449019432068,6.573228359222412,5.6362833976745605
2026-07-28T10:38:44.112000-04:00,-4.026150703430176,3.345947742462158,7.372098445892334
2026-07-28T10:38:44.116000-04:00,-2.8844902515411377,0.9519098401069641,3.836400032043457
2026-07-28T10:38:44.120000-04:00,-2.764770746231079,1.8665242195129395,4.631295204162598
2026-07-28T10:38:44.124000-04:00,-4.641349792480469,4.014342308044434,8.655692100524902
2026-07-28T10:38:44.128000-04:00,0.8372176885604858,6.4125895500183105,5.575371742248535
2026-07-28T10:38:44.132000-04:00,-2.635815143585205,4.163407325744629,6.799222469329834
2026-07-28T10:38:44.136000-04:00,-2.5214736461639404,0.7300080060958862,3.251481533050537
2026-07-28T10:38:44.140000-04:00,-2.026111125946045,1.0929075479507446,3.1190185546875
2026-07-28T10:38:44.144000-04:00,-4.638894557952881,4.205262184143066,8.844156265258789
2026-07-28T10:38:44.148000-04:00,0.5883088111877441,6.165317058563232,5.577008247375488
2026-07-28T10:38:44.152000-04:00,-3.0796189308166504,3.810796022415161,6.890415191650391
2026-07-28T10:38:44.156000-04:00,-2.1819570064544678,0.42579901218414307,2.6077561378479004
2026-07-28T10:38:44.160000-04:00,-2.167459726333618,1.225487470626831,3.392947196960449
2026-07-28T10:38:44.164000-04:00,-4.472292423248291,4.425527095794678,8.897819519042969
2026-07-28T10:38:44.168000-04:00,0.854520857334137,6.589128494262695,5.734607696533203
2026-07-28T10:38:44.172000-04:00,-3.4330484867095947,3.6321520805358887,7.0652008056640625
2026-07-28T10:38:44.176000-04:00,-3.528449773788452,1.4331258535385132,4.961575508117676
2026-07-28T10:38:44.180000-04:00,-2.3657450675964355,1.4532350301742554,3.8189802169799805
2026-07-28T10:38:44.184000-04:00,-4.169369697570801,4.743181228637695,8.912550926208496
2026-07-28T10:38:44.188000-04:00,0.9319176077842712,6.568317890167236,5.63640022277832
2026-07-28T10:38:44.192000-04:00,-3.810796022415161,3.445441246032715,7.256237030029297
2026-07-28T10:38:44.196000-04:00,-3.178410768508911,1.1155887842178345,4.293999671936035
2026-07-28T10:38:44.200000-04:00,-2.5726819038391113,1.638309121131897,4.210990905761719
2026-07-28T10:38:44.204000-04:00,-4.569681644439697,3.7957141399383545,8.365395545959473
2026-07-28T10:38:44.208000-04:00,0.9284102320671082,6.456782817840576,5.528372764587402
2026-07-28T10:38:44.212000-04:00,-4.052806854248047,3.271824598312378,7.324631690979004
2026-07-28T10:38:44.216000-04:00,-2.802417039871216,0.8638739585876465,3.6662909984588623
2026-07-28T10:38:44.220000-04:00,-2.801832437515259,1.9160956144332886,4.717927932739258
2026-07-28T10:38:44.224000-04:00,-4.6324639320373535,4.02112340927124,8.653587341308594
2026-07-28T10:38:44.228000-04:00,0.8123151063919067,6.306899547576904,5.494584560394287
2026-07-28T10:38:44.232000-04:00,-2.7127442359924316,4.031762599945068,6.7445068359375
2026-07-28T10:38:44.236000-04:00,-2.452260971069336,0.6184725165367126,3.0707335472106934
2026-07-28T10:38:44.240000-04:00,-2.0755655765533447,1.0985193252563477,3.1740849018096924
2026-07-28T10:38:44.244000-04:00,-4.610133647918701,4.234958171844482,8.845091819763184
2026-07-28T10:38:44.248000-04:00,0.610405445098877,6.1539764404296875,5.5435709953308105
2026-07-28T10:38:44.252000-04:00,-3.1069767475128174,3.8491435050964355,6.956120491027832
2026-07-28T10:38:44.256000-04:00,-2.143843173980713,0.4788777530193329,2.622720956802368
2026-07-28T10:38:44.260000-04:00,-2.2152771949768066,1.297389268875122,3.5126664638519287
2026-07-28T10:38:44.264000-04:00,-4.38168478012085,4.5397515296936035,8.921436309814453
2026-07-28T10:38:44.268000-04:00,0.983476459980011,6.675060272216797,5.691583633422852
2026-07-28T10:38:44.272000-04:00,-3.4649658203125,3.657639265060425,7.122605323791504
2026-07-28T10:38:44.276000-04:00,-3.445207357406616,0.4118863046169281,3.857093572616577
2026-07-28T10:38:44.280000-04:00,-2.3955578804016113,1.554715871810913,3.9502737522125244
2026-07-28T10:38:44.284000-04:00,-4.005106449127197,4.876579761505127,8.881686210632324
2026-07-28T10:38:44.288000-04:00,1.035386085510254,6.650508403778076,5.615122318267822
2026-07-28T10:38:44.292000-04:00,-3.797818660736084,3.476891040802002,7.274709701538086
2026-07-28T10:38:44.296000-04:00,-3.063718557357788,1.131956696510315,4.195675373077393
2026-07-28T10:38:44.300000-04:00,-2.6065866947174072,1.79216730594635,4.398754119873047
2026-07-28T10:38:44.304000-04:00,-4.566641807556152,3.964771032333374,8.531413078308105
2026-07-28T10:38:44.308000-04:00,1.0049885511398315,6.517226696014404,5.512238025665283
2026-07-28T10:38:44.312000-04:00,-4.053157806396484,3.290180206298828,7.3433380126953125
2026-07-28T10:38:44.316000-04:00,-2.688075542449951,0.8818786144256592,3.5699541568756104
2026-07-28T10:38:44.320000-04:00,-2.836789608001709,2.027163505554199,4.863953113555908
2026-07-28T10:38:44.324000-04:00,-4.612588882446289,4.153820037841797,8.766408920288086
2026-07-28T10:38:44.328000-04:00,0.8137180805206299,6.342207431793213,5.528489112854004
2026-07-28T10:38:44.332000-04:00,-2.773071527481079,4.047896385192871,6.820967674255371
2026-07-28T10:38:44.336000-04:00,-2.3985977172851562,0.6432581543922424,3.041855812072754
2026-07-28T10:38:44.340000-04:00,-2.1314501762390137,1.24220609664917,3.3736562728881836
2026-07-28T10:38:44.344000-04:00,-4.528410911560059,4.3966498374938965,8.925060272216797
2026-07-28T10:38:44.348000-04:00,0.5717070698738098,6.170110702514648,5.598403453826904
2026-07-28T10:38:44.352000-04:00,-3.2061192989349365,3.832191228866577,7.038310527801514
2026-07-28T10:38:44.356000-04:00,-2.077319383621216,0.48507416248321533,2.5623936653137207
2026-07-28T10:38:44.360000-04:00,-2.2926740646362305,1.40085768699646,3.6935317516326904
2026-07-28T10:38:44.364000-04:00,-4.298792839050293,4.603586673736572,8.902379989624023
2026-07-28T10:38:44.368000-04:00,0.9766954779624939,6.574982166290283,5.5982866287231445
2026-07-28T10:38:44.372000-04:00,-3.6472339630126953,3.451871395111084,7.099105358123779
2026-07-28T10:38:44.376000-04:00,-3.329580068588257,0.2528839409351349,3.5824639797210693
2026-07-28T10:38:44.380000-04:00,-2.468745708465576,1.527708888053894,3.9964547157287598
2026-07-28T10:38:44.384000-04:00,-3.8396735191345215,4.8618483543396,8.701521873474121
2026-07-28T10:38:44.388000-04:00,0.9938817620277405,6.487530708312988,5.493649005889893
2026-07-28T10:38:44.392000-04:00,-3.9330875873565674,3.3095877170562744,7.242675304412842
2026-07-28T10:38:44.396000-04:00,-2.920032024383545,0.9676931500434875,3.8877251148223877
2026-07-28T10:38:44.400000-04:00,-2.66983699798584,1.7766177654266357,4.446455001831055
2026-07-28T10:38:44.404000-04:00,-4.586400032043457,3.9382317066192627,8.52463150024414
2026-07-28T10:38:44.408000-04:00,0.9050275087356567,6.399144172668457,5.49411678314209
2026-07-28T10:38:44.412000-04:00,-4.209120273590088,3.104755163192749,7.313875198364258
2026-07-28T10:38:44.416000-04:00,-2.550819158554077,0.688269853591919,3.239089012145996
2026-07-28T10:38:44.420000-04:00,-2.8923234939575195,2.013601541519165,4.9059247970581055
2026-07-28T10:38:44.424000-04:00,-4.6034698486328125,4.1517157554626465,8.755186080932617
2026-07-28T10:38:44.428000-04:00,0.6803197264671326,6.203664779663086,5.523344993591309
2026-07-28T10:38:44.432000-04:00,-2.987257242202759,3.8742799758911133,6.861536979675293
2026-07-28T10:38:44.436000-04:00,-2.231645107269287,0.5223695635795593,2.754014730453491
2026-07-28T10:38:44.440000-04:00,-2.1333208084106445,1.2045599222183228,3.3378806114196777
2026-07-28T10:38:44.444000-04:00,-4.478956699371338,4.397818565368652,8.876775741577148
2026-07-28T10:38:44.448000-04:00,0.41176939010620117,5.9947404861450195,5.582971096038818
2026-07-28T10:38:44.452000-04:00,-3.396688222885132,3.6357765197753906,7.032464981079102
2026-07-28T10:38:44.456000-04:00,-1.985659122467041,0.36348411440849304,2.3491432666778564
2026-07-28T10:38:44.460000-04:00,-2.3295018672943115,1.4042482376098633,3.733750104904175
2026-07-28T10:38:44.464000-04:00,-4.20654821395874,4.657834529876709,8.86438274383545
2026-07-28T10:38:44.468000-04:00,0.9679269790649414,6.58164644241333,5.613719463348389
2026-07-28T10:38:44.472000-04:00,-3.7796969413757324,3.4576003551483154,7.237297058105469
2026-07-28T10:38:44.476000-04:00,-3.2423624992370605,0.26118478178977966,3.503547191619873
2026-07-28T10:38:44.480000-04:00,-2.515160322189331,1.5106395483016968,4.025799751281738
2026-07-28T10:38:44.484000-04:00,-3.8136019706726074,4.928956985473633,8.742559432983398
2026-07-28T10:38:44.488000-04:00,0.9122761487960815,6.447663307189941,5.53538703918457
2026-07-28T10:38:44.492000-04:00,-4.062160015106201,3.2174599170684814,7.279620170593262
2026-07-28T10:38:44.496000-04:00,-2.8876469135284424,0.8553392887115479,3.7429862022399902
2026-07-28T10:38:44.500000-04:00,-2.7575221061706543,1.7790729999542236,4.536595344543457
2026-07-28T10:38:44.504000-04:00,-4.646026134490967,3.908418655395508,8.554445266723633
2026-07-28T10:38:44.508000-04:00,0.8262277841567993,6.304327487945557,5.478099822998047
2026-07-28T10:38:44.512000-04:00,-4.275176525115967,3.020928382873535,7.296104907989502
2026-07-28T10:38:44.516000-04:00,-2.537841558456421,0.6043259501457214,3.142167568206787
2026-07-28T10:38:44.520000-04:00,-2.987257242202759,2.007171154022217,4.994428634643555
2026-07-28T10:38:44.524000-04:00,-4.630359649658203,4.165628433227539,8.795988082885742
2026-07-28T10:38:44.528000-04:00,0.6058458089828491,6.146844863891602,5.540998935699463
2026-07-28T10:38:44.532000-04:00,-3.074474573135376,3.828683853149414,6.903158187866211
2026-07-28T10:38:44.536000-04:00,-2.228137731552124,0.46262678503990173,2.6907644271850586
2026-07-28T10:38:44.540000-04:00,-2.1957526206970215,1.2230322360992432,3.4187848567962646
2026-07-28T10:38:44.544000-04:00,-4.470772743225098,4.461069107055664,8.931841850280762
2026-07-28T10:38:44.548000-04:00,0.4031178057193756,6.008653163909912,5.605535507202148
2026-07-28T10:38:44.552000-04:00,-3.3723702430725098,3.6662909984588623,7.038661003112793
2026-07-28T10:38:44.556000-04:00,-1.9724478721618652,0.3937647044658661,2.3662126064300537
2026-07-28T10:38:44.560000-04:00,-2.3590807914733887,1.4361655712127686,3.7952463626861572
2026-07-28T10:38:44.564000-04:00,-4.134178638458252,4.7680840492248535,8.902262687683105
2026-07-28T10:38:44.568000-04:00,1.0331647396087646,6.629814624786377,5.596650123596191
2026-07-28T10:38:44.572000-04:00,-3.756314277648926,3.4736173152923584,7.229931831359863
2026-07-28T10:38:44.576000-04:00,-1.8010526895523071,0.33098214864730835,2.1320347785949707
2026-07-28T10:38:44.580000-04:00,-2.5694081783294678,1.6335155963897705,4.202923774719238
2026-07-28T10:38:44.584000-04:00,-3.7011311054229736,4.956782341003418,8.657913208007812
2026-07-28T10:38:44.588000-04:00,0.9582231640815735,6.500157356262207,5.541934013366699
2026-07-28T10:38:44.592000-04:00,-4.065316677093506,3.257093667984009,7.322410583496094
2026-07-28T10:38:44.596000-04:00,-2.8257997035980225,0.8542870283126831,3.680086612701416
2026-07-28T10:38:44.600000-04:00,-2.8151605129241943,1.8696808815002441,4.684841156005859
2026-07-28T10:38:44.604000-04:00,-4.663563251495361,4.0470781326293945,8.710641860961914
2026-07-28T10:38:44.608000-04:00,0.756430447101593,6.414342880249023,5.657912254333496
2026-07-28T10:38:44.612000-04:00,-4.318083763122559,3.123227596282959,7.441311359405518
2026-07-28T10:38:44.616000-04:00,-2.4440770149230957,0.6777476668357849,3.1218247413635254
2026-07-28T10:38:44.620000-04:00,-3.000819206237793,2.16102933883667,5.161848545074463
2026-07-28T10:38:44.624000-04:00,-4.600430011749268,4.366135120391846,8.966565132141113
2026-07-28T10:38:44.628000-04:00,0.599064826965332,6.296961784362793,5.697896957397461
2026-07-28T10:38:44.632000-04:00,-3.108379602432251,3.9459481239318848,7.054327964782715
2026-07-28T10:38:44.636000-04:00,-2.144895315170288,0.5272799730300903,2.672175407409668
2026-07-28T10:38:44.640000-04:00,-2.1869843006134033,1.3314111232757568,3.51839542388916
2026-07-28T10:38:44.644000-04:00,-4.381333827972412,4.628605842590332,9.009939193725586
2026-07-28T10:38:44.648000-04:00,0.3672253489494324,6.106276035308838,5.73905086517334
2026-07-28T10:38:44.652000-04:00,-3.451169967651367,3.752573013305664,7.203742980957031
2026-07-28T10:38:44.656000-04:00,-1.9063917398452759,0.3825410306453705,2.2889328002929688
2026-07-28T10:38:44.660000-04:00,-2.3782546520233154,1.523616909980774,3.901871681213379
2026-07-28T10:38:44.664000-04:00,-4.037023544311523,4.866875648498535,8.903899192810059
2026-07-28T10:38:44.668000-04:00,1.091153860092163,6.726736068725586,5.635581970214844
2026-07-28T10:38:44.672000-04:00,-3.778294086456299,3.532658815383911,7.310953140258789
2026-07-28T10:38:44.676000-04:00,-1.7409591674804688,0.31461426615715027,2.0555734634399414
2026-07-28T10:38:44.680000-04:00,-2.5689406394958496,1.6994547843933105,4.26839542388916
2026-07-28T10:38:44.684000-04:00,-3.54937744140625,5.179502487182617,8.728879928588867
2026-07-28T10:38:44.688000-04:00,1.0372567176818848,6.598715782165527,5.561459064483643
2026-07-28T10:38:44.692000-04:00,-4.028138160705566,3.301053047180176,7.329191207885742
2026-07-28T10:38:44.696000-04:00,-2.755300760269165,0.832658052444458,3.587958812713623
2026-07-28T10:38:44.700000-04:00,-2.798792600631714,1.9111852645874023,4.709978103637695
2026-07-28T10:38:44.704000-04:00,-4.622175693511963,4.1272807121276855,8.749456405639648
2026-07-28T10:38:44.708000-04:00,0.8898287415504456,6.503080368041992,5.613251686096191
2026-07-28T10:38:44.712000-04:00,-4.265706539154053,3.155378818511963,7.421085357666016
2026-07-28T10:38:44.716000-04:00,-2.377903938293457,0.6056119799613953,2.983515977859497
2026-07-28T10:38:44.720000-04:00,-3.0190577507019043,2.1500394344329834,5.169096946716309
2026-07-28T10:38:44.724000-04:00,-4.5302815437316895,4.382619857788086,8.912900924682617
2026-07-28T10:38:44.728000-04:00,0.7041701078414917,6.310406684875488,5.606236457824707
2026-07-28T10:38:44.732000-04:00,-3.0681612491607666,3.9163689613342285,6.984530448913574
2026-07-28T10:38:44.736000-04:00,-2.058145523071289,0.3620811402797699,2.420226573944092
2026-07-28T10:38:44.740000-04:00,-2.1779818534851074,1.141075849533081,3.3190577030181885
2026-07-28T10:38:44.744000-04:00,-4.302885055541992,4.564069747924805,8.866954803466797
2026-07-28T10:38:44.748000-04:00,0.44824641942977905,6.099611759185791,5.651365280151367
2026-07-28T10:38:44.752000-04:00,-3.4409985542297363,3.7011311054229736,7.142129898071289
2026-07-28T10:38:44.756000-04:00,-1.822564721107483,0.21804369986057281,2.0406084060668945
2026-07-28T10:38:44.760000-04:00,-2.333242893218994,1.4145365953445435,3.747779369354248
2026-07-28T10:38:44.764000-04:00,-3.962900400161743,4.891310691833496,8.85421085357666
2026-07-28T10:38:44.768000-04:00,1.207365870475769,6.810679912567139,5.60331392288208
2026-07-28T10:38:44.772000-04:00,-3.732347011566162,3.5551061630249023,7.2874531745910645
2026-07-28T10:38:44.776000-04:00,-1.6615748405456543,0.16835546493530273,1.829930305480957
2026-07-28T10:38:44.780000-04:00,-2.5738511085510254,1.6227595806121826,4.196610450744629
2026-07-28T10:38:44.784000-04:00,-3.367460012435913,5.251404285430908,8.618864059448242
2026-07-28T10:38:44.788000-04:00,1.2229154109954834,6.761927127838135,5.5390119552612305
2026-07-28T10:38:44.792000-04:00,-3.972019672393799,3.4283719062805176,7.400391578674316
2026-07-28T10:38:44.796000-04:00,-2.6451683044433594,0.7711615562438965,3.416329860687256
2026-07-28T10:38:44.800000-04:00,-2.761964797973633,1.8408032655715942,4.6027679443359375
2026-07-28T10:38:44.804000-04:00,-4.601365089416504,4.086595058441162,8.687959671020508
2026-07-28T10:38:44.808000-04:00,1.081099271774292,6.648988246917725,5.567889213562012
2026-07-28T10:38:44.812000-04:00,-4.16960334777832,3.24458384513855,7.414187431335449
2026-07-28T10:38:44.816000-04:00,-2.289283514022827,0.5404911637306213,2.8297746181488037
2026-07-28T10:38:44.820000-04:00,-2.9956748485565186,2.1177713871002197,5.113446235656738
2026-07-28T10:38:44.824000-04:00,-4.479424476623535,4.409860610961914,8.88928508758545
2026-07-28T10:38:44.828000-04:00,0.9067811965942383,6.484257221221924,5.5774760246276855
2026-07-28T10:38:44.832000-04:00,-2.933009386062622,4.075955867767334,7.008965492248535
2026-07-28T10:38:44.836000-04:00,-1.9847238063812256,0.3492206633090973,2.33394455909729
2026-07-28T10:38:44.840000-04:00,-2.157521963119507,2.383866548538208,4.541388511657715
2026-07-28T10:38:44.844000-04:00,-4.2076005935668945,4.726579666137695,8.93418025970459
2026-07-28T10:38:44.848000-04:00,0.6063134670257568,6.298715591430664,5.692401885986328
2026-07-28T10:38:44.852000-04:00,-3.3455970287323,3.845986843109131,7.191583633422852
2026-07-28T10:38:44.856000-04:00,-1.7549887895584106,0.20307877659797668,1.958067536354065
2026-07-28T10:38:44.860000-04:00,-2.3520660400390625,1.4245911836624146,3.7766571044921875
2026-07-28T10:38:44.864000-04:00,-3.737257480621338,5.048676490783691,8.785934448242188
2026-07-28T10:38:44.868000-04:00,1.3964149951934814,6.954015731811523,5.557600975036621
2026-07-28T10:38:44.872000-04:00,-3.729307174682617,3.570889472961426,7.300196647644043
2026-07-28T10:38:44.876000-04:00,-1.5900237560272217,0.07622761279344559,1.6662514209747314
2026-07-28T10:38:44.880000-04:00,-2.549532890319824,1.6118866205215454,4.16141939163208
2026-07-28T10:38:44.884000-04:00,-3.1794629096984863,5.340492248535156,8.519954681396484
2026-07-28T10:38:44.888000-04:00,1.2197587490081787,6.704054832458496,5.484295845031738
2026-07-28T10:38:44.892000-04:00,-4.033282279968262,3.287958860397339,7.32124137878418
2026-07-28T10:38:44.896000-04:00,-2.498441696166992,0.6000001430511475,3.0984418392181396
2026-07-28T10:38:44.900000-04:00,-2.7687458992004395,1.8114579916000366,4.580204010009766
2026-07-28T10:38:44.904000-04:00,-4.559743881225586,4.093960285186768,8.653703689575195
2026-07-28T10:38:44.908000-04:00,1.0552613735198975,6.4862446784973145,5.430983543395996
2026-07-28T10:38:44.912000-04:00,-4.217655181884766,3.101130962371826,7.318786144256592
2026-07-28T10:38:44.916000-04:00,-2.178800344467163,0.3714342415332794,2.55023455619812
2026-07-28T10:38:44.920000-04:00,-3.034022569656372,2.0561580657958984,5.090180397033691
2026-07-28T10:38:44.924000-04:00,-4.470071315765381,4.372682571411133,8.842754364013672
2026-07-28T10:38:44.928000-04:00,0.7813330292701721,6.347702503204346,5.566369533538818
2026-07-28T10:38:44.932000-04:00,-3.088621139526367,3.925137519836426,7.013758659362793
2026-07-28T10:38:44.936000-04:00,-1.904871940612793,0.22424012422561646,2.1291120052337646
2026-07-28T10:38:44.940000-04:00,-2.188270330429077,2.3581454753875732,4.54641580581665
2026-07-28T10:38:44.944000-04:00,-4.187841892242432,4.706002712249756,8.893844604492188
2026-07-28T10:38:44.948000-04:00,0.4828528165817261,6.124748229980469,5.641895294189453
2026-07-28T10:38:44.952000-04:00,-3.4754879474639893,3.6846463680267334,7.160134315490723
2026-07-28T10:38:44.956000-04:00,-1.7017930746078491,0.10568981617689133,1.8074828386306763
2026-07-28T10:38:44.960000-04:00,-2.3881924152374268,1.4334765672683716,3.821669101715088
2026-07-28T10:38:44.964000-04:00,-3.6536641120910645,5.059666156768799,8.713330268859863
2026-07-28T10:38:44.968000-04:00,1.350935697555542,6.8113813400268555,5.460445404052734
2026-07-28T10:38:44.972000-04:00,-3.8041319847106934,3.446025848388672,7.250157833099365
2026-07-28T10:38:44.976000-04:00,-1.5783324241638184,0.06009354442358017,1.6384259462356567
2026-07-28T10:38:44.980000-04:00,-2.6124324798583984,1.6837884187698364,4.296220779418945
2026-07-28T10:38:44.984000-04:00,-2.9266960620880127,5.422331809997559,8.349027633666992
2026-07-28T10:38:44.988000-04:00,1.2412707805633545,6.6764631271362305,5.435192108154297
2026-07-28T10:38:44.992000-04:00,-4.085542678833008,3.25276780128479,7.338310241699219
2026-07-28T10:38:44.996000-04:00,-2.439634323120117,0.5862043499946594,3.025838613510132
2026-07-28T10:38:45-04:00,-2.8565478324890137,1.9466099739074707,4.803157806396484
2026-07-28T10:38:45.004000-04:00,-4.558341026306152,4.233672142028809,8.792013168334961
2026-07-28T10:38:45.008000-04:00,1.0818006992340088,6.527515411376953,5.445714950561523
2026-07-28T10:38:45.012000-04:00,-4.24583101272583,3.0059633255004883,7.251794338226318
2026-07-28T10:38:45.016000-04:00,-2.1144979000091553,0.3624318838119507,2.4769296646118164
2026-07-28T10:38:45.020000-04:00,-3.0950515270233154,2.2101330757141113,5.305184364318848
2026-07-28T10:38:45.024000-04:00,-4.364030838012695,4.5189409255981445,8.88297176361084
2026-07-28T10:38:45.028000-04:00,0.7932581901550293,6.32841157913208,5.535153388977051
2026-07-28T10:38:45.032000-04:00,-3.116212844848633,3.8894786834716797,7.0056915283203125
2026-07-28T10:38:45.036000-04:00,-1.8514424562454224,0.24996109306812286,2.1014034748077393
2026-07-28T10:38:45.040000-04:00,-3.316485643386841,2.481956958770752,5.798442840576172
2026-07-28T10:38:45.044000-04:00,-4.020071029663086,4.829931259155273,8.85000228881836
2026-07-28T10:38:45.048000-04:00,0.4870617091655731,6.113290786743164,5.626229286193848
2026-07-28T10:38:45.052000-04:00,-3.4528067111968994,3.709899663925171,7.16270637512207
2026-07-28T10:38:45.056000-04:00,-1.6913877725601196,0.210795059800148,1.9021828174591064
2026-07-28T10:38:45.060000-04:00,-2.4454798698425293,1.5724867582321167,4.0179667472839355
2026-07-28T10:38:45.064000-04:00,-3.444856643676758,5.19318151473999,8.638038635253906
2026-07-28T10:38:45.068000-04:00,1.3739676475524902,6.8410773277282715,5.467109680175781
2026-07-28T10:38:45.072000-04:00,-3.8121988773345947,3.4770078659057617,7.289206504821777
2026-07-28T10:38:45.076000-04:00,-1.5902576446533203,0.23429468274116516,1.824552297592163
2026-07-28T10:38:45.080000-04:00,-2.672058343887329,1.8265398740768433,4.498598098754883
2026-07-28T10:38:45.084000-04:00,-2.8494162559509277,5.50838041305542,8.357796669006348
2026-07-28T10:38:45.088000-04:00,1.118862271308899,6.643259525299072,5.524397373199463
2026-07-28T10:38:45.092000-04:00,-4.129151344299316,3.220148801803589,7.349300384521484
2026-07-28T10:38:45.096000-04:00,-2.3884260654449463,0.6230320930480957,3.011458158493042
2026-07-28T10:38:45.100000-04:00,-2.912198781967163,2.0470387935638428,4.959237575531006
2026-07-28T10:38:45.104000-04:00,-4.539634704589844,4.299611568450928,8.83924674987793
2026-07-28T10:38:45.108000-04:00,0.9057289958000183,6.455847263336182,5.550118446350098
2026-07-28T10:38:45.112000-04:00,-4.267577171325684,3.0908424854278564,7.358419418334961
2026-07-28T10:38:45.116000-04:00,-2.0512475967407227,0.4125877916812897,2.4638354778289795
2026-07-28T10:38:45.120000-04:00,-3.118434190750122,2.3586132526397705,5.477047443389893
2026-07-28T10:38:45.124000-04:00,-4.345792293548584,4.630009174346924,8.975801467895508
2026-07-28T10:38:45.128000-04:00,0.6350741982460022,6.312979221343994,5.677905082702637
2026-07-28T10:38:45.132000-04:00,-3.230905055999756,3.904794454574585,7.135699272155762
2026-07-28T10:38:45.136000-04:00,-1.842673897743225,0.32572105526924133,2.1683950424194336
2026-07-28T10:38:45.140000-04:00,-3.3796188831329346,2.5846071243286133,5.964225769042969
2026-07-28T10:38:45.144000-04:00,-4.002417087554932,4.90919828414917,8.911615371704102
2026-07-28T10:38:45.148000-04:00,0.2970772385597229,6.0369462966918945,5.739869117736816
2026-07-28T10:38:45.152000-04:00,-3.5973119735717773,3.6584577560424805,7.255769729614258
2026-07-28T10:38:45.156000-04:00,-1.6846067905426025,0.2532346844673157,1.9378414154052734
2026-07-28T10:38:45.160000-04:00,-2.516446590423584,1.6611071825027466,4.177553653717041
2026-07-28T10:38:45.164000-04:00,-3.43398380279541,5.2310614585876465,8.665044784545898
2026-07-28T10:38:45.168000-04:00,1.2337883710861206,6.759705543518066,5.525917053222656
2026-07-28T10:38:45.172000-04:00,-3.9028069972991943,3.433516025543213,7.336322784423828
2026-07-28T10:38:45.176000-04:00,-1.5743573904037476,0.26632899045944214,1.840686321258545
2026-07-28T10:38:45.180000-04:00,-2.7294628620147705,1.933398723602295,4.6628618240356445
2026-07-28T10:38:45.184000-04:00,-2.6741628646850586,5.633126735687256,8.307289123535156
2026-07-28T10:38:45.188000-04:00,1.1023775339126587,6.655769348144531,5.553391933441162
2026-07-28T10:38:45.192000-04:00,-4.132191181182861,3.277202606201172,7.409393787384033
2026-07-28T10:38:45.196000-04:00,-2.3028454780578613,0.6350741982460022,2.9379196166992188
2026-07-28T10:38:45.200000-04:00,-2.968667984008789,2.176461935043335,5.145130157470703
2026-07-28T10:38:45.204000-04:00,-4.490063667297363,4.41488790512085,8.904951095581055
2026-07-28T10:38:45.208000-04:00,0.8206159472465515,6.422760963439941,5.602145195007324
2026-07-28T10:38:45.212000-04:00,-4.302183628082275,2.9947397708892822,7.296923637390137
2026-07-28T10:38:45.216000-04:00,-2.0027284622192383,0.38441163301467896,2.3871400356292725
2026-07-28T10:38:45.220000-04:00,-3.180866003036499,2.3296186923980713,5.51048469543457
2026-07-28T10:38:45.224000-04:00,-4.2735395431518555,4.570032119750977,8.843571662902832
2026-07-28T10:38:45.228000-04:00,0.5222526788711548,6.105457305908203,5.583204746246338
2026-07-28T10:38:45.232000-04:00,-3.3534302711486816,3.7242798805236816,7.077710151672363
2026-07-28T10:38:45.236000-04:00,-1.7945054769515991,0.249727264046669,2.0442328453063965
2026-07-28T10:38:45.240000-04:00,-3.4485979080200195,2.600156545639038,6.048754692077637
2026-07-28T10:38:45.244000-04:00,-3.8532354831695557,4.951638221740723,8.8048734664917
2026-07-28T10:38:45.248000-04:00,0.1565471887588501,5.882620334625244,5.726073265075684
2026-07-28T10:38:45.252000-04:00,-3.717499017715454,3.5140695571899414,7.231568336486816
2026-07-28T10:38:45.256000-04:00,-1.6395951509475708,0.1677708923816681,1.8073660135269165
2026-07-28T10:38:45.260000-04:00,-2.5684731006622314,1.6511695384979248,4.219642639160156
2026-07-28T10:38:45.264000-04:00,-3.3203437328338623,5.245207786560059,8.5655517578125
2026-07-28T10:38:45.268000-04:00,1.140257477760315,6.624202728271484,5.483945369720459
2026-07-28T10:38:45.272000-04:00,-4.038894176483154,3.268901824951172,7.307796001434326
2026-07-28T10:38:45.276000-04:00,-1.5744743347167969,0.1867108792066574,1.7611851692199707
2026-07-28T10:38:45.280000-04:00,-2.801832437515259,1.8976233005523682,4.699455738067627
2026-07-28T10:38:45.284000-04:00,-2.508730173110962,5.644233703613281,8.152963638305664
2026-07-28T10:38:45.288000-04:00,0.9771631360054016,6.501209735870361,5.524046421051025
2026-07-28T10:38:45.292000-04:00,-4.205495834350586,3.1023001670837402,7.307796001434326
2026-07-28T10:38:45.296000-04:00,-2.262510299682617,0.5121980905532837,2.7747082710266113
2026-07-28T10:38:45.300000-04:00,-3.0611464977264404,2.1730713844299316,5.234217643737793
2026-07-28T10:38:45.304000-04:00,-4.467148303985596,5.974982261657715,10.442131042480469
2026-07-28T10:38:45.308000-04:00,0.7447390556335449,6.303976535797119,5.559237480163574
2026-07-28T10:38:45.312000-04:00,-4.328722953796387,2.906236171722412,7.234959125518799
2026-07-28T10:38:45.316000-04:00,-1.9867113828659058,0.35342955589294434,2.3401408195495605
2026-07-28T10:38:45.320000-04:00,-3.2905309200286865,2.4405696392059326,5.731100559234619
2026-07-28T10:38:45.324000-04:00,-4.200702667236328,4.6954803466796875,8.896183013916016
2026-07-28T10:38:45.328000-04:00,0.41118481755256653,6.060913562774658,5.649728775024414
2026-07-28T10:38:45.332000-04:00,-3.468473196029663,3.661029815673828,7.12950325012207
2026-07-28T10:38:45.336000-04:00,-1.7749810218811035,0.23932196199893951,2.014302968978882
2026-07-28T10:38:45.340000-04:00,-3.5302035808563232,2.674981117248535,6.2051849365234375
2026-07-28T10:38:45.344000-04:00,-3.746025800704956,5.010679244995117,8.756705284118652
2026-07-28T10:38:45.348000-04:00,0.03764615207910538,5.809783458709717,5.77213716506958
2026-07-28T10:38:45.352000-04:00,-3.8015599250793457,3.4561972618103027,7.257757186889648
2026-07-28T10:38:45.356000-04:00,-1.6538585424423218,0.23663295805454254,1.8904914855957031
2026-07-28T10:38:45.360000-04:00,-2.6559243202209473,1.760132908821106,4.416057109832764
2026-07-28T10:38:45.364000-04:00,-3.1371402740478516,5.353236198425293,8.490376472473145
2026-07-28T10:38:45.368000-04:00,1.097116470336914,6.597195625305176,5.500079154968262
2026-07-28T10:38:45.372000-04:00,-4.071863651275635,3.2567429542541504,7.328606605529785
2026-07-28T10:38:45.376000-04:00,-1.5957525968551636,0.2797740399837494,1.8755266666412354
2026-07-28T10:38:45.380000-04:00,-2.8994550704956055,2.002962350845337,4.902417182922363
2026-07-28T10:38:45.384000-04:00,-2.4157838821411133,5.670071601867676,8.085855484008789
2026-07-28T10:38:45.388000-04:00,0.835347056388855,6.356353759765625,5.5210065841674805
2026-07-28T10:38:45.392000-04:00,-4.299026966094971,3.0059633255004883,7.304990291595459
2026-07-28T10:38:45.396000-04:00,-2.1810216903686523,0.4318785071372986,2.6129002571105957
2026-07-28T10:38:45.400000-04:00,-3.1068596839904785,2.1422064304351807,5.249066352844238
2026-07-28T10:38:45.404000-04:00,-4.465979099273682,5.893960952758789,10.359939575195312
2026-07-28T10:38:45.408000-04:00,0.5348793268203735,6.080438137054443,5.545558929443359
2026-07-28T10:38:45.412000-04:00,-4.415589809417725,2.7159008979797363,7.131490707397461
2026-07-28T10:38:45.416000-04:00,-1.9243963956832886,0.23955579102039337,2.163952112197876
2026-07-28T10:38:45.420000-04:00,-3.351442813873291,2.4156670570373535,5.7671098709106445
2026-07-28T10:38:45.424000-04:00,-4.173929214477539,4.680749416351318,8.854679107666016
2026-07-28T10:38:45.428000-04:00,0.23020270466804504,5.88963508605957,5.659432411193848
2026-07-28T10:38:45.432000-04:00,-3.6015207767486572,3.5556907653808594,7.1572113037109375
2026-07-28T10:38:45.436000-04:00,-1.7465709447860718,0.21137963235378265,1.9579505920410156
2026-07-28T10:38:45.440000-04:00,-3.6298139095306396,5.0574445724487305,8.68725872039795
2026-07-28T10:38:45.444000-04:00,-3.6298139095306396,5.0574445724487305,8.68725872039795
2026-07-28T10:38:45.448000-04:00,-0.1392439901828766,5.686439514160156,5.82568359375
2026-07-28T10:38:45.452000-04:00,-3.8782551288604736,3.365121603012085,7.243376731872559
2026-07-28T10:38:45.456000-04:00,-1.624279499053955,0.22272025048732758,1.8469997644424438
2026-07-28T10:38:45.460000-04:00,-2.6956748962402344,1.802338719367981,4.498013496398926
2026-07-28T10:38:45.464000-04:00,-2.968200206756592,5.373228073120117,8.341428756713867
2026-07-28T10:38:45.468000-04:00,1.0000782012939453,6.469175338745117,5.469097137451172
2026-07-28T10:38:45.472000-04:00,-4.124007225036621,3.1538589000701904,7.277866363525391
2026-07-28T10:38:45.476000-04:00,-1.5929466485977173,0.2560406029224396,1.8489872217178345
2026-07-28T10:38:45.480000-04:00,-2.933009386062622,2.0263450145721436,4.959354400634766
2026-07-28T10:38:45.484000-04:00,-2.247077703475952,5.718239784240723,7.965317726135254
2026-07-28T10:38:45.488000-04:00,0.782619059085846,6.298598766326904,5.515979766845703
2026-07-28T10:38:45.492000-04:00,-4.30522346496582,2.962822198867798,7.268045425415039
2026-07-28T10:38:45.496000-04:00,-2.1333208084106445,0.4311770498752594,2.564497947692871
2026-07-28T10:38:45.500000-04:00,-3.1568987369537354,2.317342758178711,5.474241256713867
2026-07-28T10:38:45.504000-04:00,-1.459080696105957,6.062901020050049,7.521981716156006
2026-07-28T10:38:45.508000-04:00,0.5151209235191345,6.160289764404297,5.645168781280518
2026-07-28T10:38:45.512000-04:00,-4.391388416290283,2.8013646602630615,7.192752838134766
2026-07-28T10:38:45.516000-04:00,-1.895635724067688,0.34185510873794556,2.2374908924102783
2026-07-28T10:38:45.520000-04:00,-3.3963375091552734,2.5476624965667725,5.944000244140625
2026-07-28T10:38:45.524000-04:00,-4.069759368896484,4.797545909881592,8.867305755615234
2026-07-28T10:38:45.528000-04:00,0.1954793930053711,5.857717990875244,5.662238597869873
2026-07-28T10:38:45.532000-04:00,-3.6274755001068115,3.532775640487671,7.160251140594482
2026-07-28T10:38:45.536000-04:00,-1.725058913230896,0.2825799584388733,2.007638931274414
2026-07-28T10:38:45.540000-04:00,-3.6187071800231934,2.803936719894409,6.422643661499023
2026-07-28T10:38:45.544000-04:00,-3.5330095291137695,5.058263301849365,8.591272354125977
2026-07-28T10:38:45.548000-04:00,-0.13784103095531464,5.659549236297607,5.797390460968018
2026-07-28T10:38:45.552000-04:00,-3.88515305519104,3.382308006286621,7.267460823059082
2026-07-28T10:38:45.556000-04:00,-1.6273192167282104,0.3063133955001831,1.9336326122283936
2026-07-28T10:38:45.560000-04:00,-2.752962589263916,1.8856980800628662,4.638660430908203
2026-07-28T10:38:45.564000-04:00,-2.8452072143554688,5.463953018188477,8.309160232543945
2026-07-28T10:38:45.568000-04:00,0.9761109352111816,6.455964088439941,5.47985315322876
2026-07-28T10:38:45.572000-04:00,-4.160835266113281,3.1365556716918945,7.297390937805176
2026-07-28T10:38:45.576000-04:00,-1.5915436744689941,0.3347233831882477,1.9262670278549194
2026-07-28T10:38:45.580000-04:00,-2.98714017868042,2.1202266216278076,5.107366561889648
2026-07-28T10:38:45.584000-04:00,-2.0845680236816406,5.80323600769043,7.88780403137207
2026-07-28T10:38:45.588000-04:00,0.6984413266181946,6.2581467628479,5.5597052574157715
2026-07-28T10:38:45.592000-04:00,-4.35269021987915,2.8470778465270996,7.19976806640625
2026-07-28T10:38:45.596000-04:00,-2.056391716003418,0.3556509017944336,2.4120426177978516
2026-07-28T10:38:45.600000-04:00,-3.2304372787475586,2.331021547317505,5.561458587646484
2026-07-28T10:38:45.604000-04:00,-1.2447781562805176,6.146143436431885,7.390921592712402
2026-07-28T10:38:45.608000-04:00,0.37996891140937805,6.05027437210083,5.670305252075195
2026-07-28T10:38:45.612000-04:00,-4.4126667976379395,2.7343733310699463,7.147040367126465
2026-07-28T10:38:45.616000-04:00,-1.8181220293045044,0.2480904757976532,2.0662124156951904
2026-07-28T10:38:45.620000-04:00,-3.4567818641662598,2.64294695854187,6.099728584289551
2026-07-28T10:38:45.624000-04:00,-3.9607961177825928,4.930359840393066,8.891156196594238
2026-07-28T10:38:45.628000-04:00,-0.020693691447377205,5.882269859313965,5.902963638305664
2026-07-28T10:38:45.632000-04:00,-3.8210842609405518,3.540959596633911,7.362043857574463
2026-07-28T10:38:45.636000-04:00,-1.6808656454086304,0.342790424823761,2.023656129837036
2026-07-28T10:38:45.640000-04:00,-3.6772806644439697,2.9320740699768066,6.6093549728393555
2026-07-28T10:38:45.644000-04:00,-3.425098419189453,5.2815680503845215,8.706666946411133
2026-07-28T10:38:45.648000-04:00,-0.32572105526924133,5.61757755279541,5.943298816680908
2026-07-28T10:38:45.652000-04:00,-4.017849922180176,3.3462986946105957,7.3641486167907715
2026-07-28T10:38:45.656000-04:00,-1.601481318473816,0.33098214864730835,1.9324634075164795
2026-07-28T10:38:45.660000-04:00,-2.7965712547302246,1.979462742805481,4.776033878326416
2026-07-28T10:38:45.664000-04:00,-2.7258386611938477,5.545792579650879,8.271631240844727
2026-07-28T10:38:45.668000-04:00,0.8712394833564758,6.4334001541137695,5.562160491943359
2026-07-28T10:38:45.672000-04:00,-4.246766567230225,3.1307101249694824,7.377476692199707
2026-07-28T10:38:45.676000-04:00,-1.5890884399414062,0.38990655541419983,1.9789949655532837
2026-07-28T10:38:45.680000-04:00,-3.035191774368286,2.1923623085021973,5.2275543212890625
2026-07-28T10:38:45.684000-04:00,-1.8963371515274048,5.892207145690918,7.788544178009033
2026-07-28T10:38:45.688000-04:00,0.6557679176330566,6.2425971031188965,5.58682918548584
2026-07-28T10:38:45.692000-04:00,-4.350118160247803,2.9221363067626953,7.272254467010498
2026-07-28T10:38:45.696000-04:00,-2.017810344696045,0.41001570224761963,2.427825927734375
2026-07-28T10:38:45.700000-04:00,-3.265861988067627,2.4360098838806152,5.701871871948242
2026-07-28T10:38:45.704000-04:00,-1.0973502397537231,6.181100368499756,7.2784504890441895
2026-07-28T10:38:45.708000-04:00,0.38406088948249817,6.025371551513672,5.641310691833496
2026-07-28T10:38:45.712000-04:00,-4.390570163726807,2.710639715194702,7.10120964050293
2026-07-28T10:38:45.716000-04:00,-1.8111072778701782,0.3455963432788849,2.1567037105560303
2026-07-28T10:38:45.720000-04:00,-3.4826197624206543,2.701169729232788,6.183789253234863
2026-07-28T10:38:45.724000-04:00,-3.8338279724121094,4.975488185882568,8.809316635131836
2026-07-28T10:38:45.728000-04:00,0.01742011308670044,5.806626796722412,5.789206504821777
2026-07-28T10:38:45.732000-04:00,-3.806704044342041,3.4746696949005127,7.281373977661133
2026-07-28T10:38:45.736000-04:00,-1.682619333267212,0.2660951614379883,1.9487144947052002
2026-07-28T10:38:45.740000-04:00,-3.7421677112579346,2.8613412380218506,6.603508949279785
2026-07-28T10:38:45.744000-04:00,-3.297311782836914,5.2310614585876465,8.528373718261719
2026-07-28T10:38:45.748000-04:00,-0.4307093918323517,5.4878034591674805,5.91851282119751
2026-07-28T10:38:45.752000-04:00,-4.131021976470947,3.218979835510254,7.350001811981201
2026-07-28T10:38:45.756000-04:00,-1.6173815727233887,0.28561970591545105,1.903001308441162
2026-07-28T10:38:45.760000-04:00,-2.8770077228546143,1.9192522764205933,4.796259880065918
2026-07-28T10:38:45.764000-04:00,-2.6143031120300293,5.571396827697754,8.185699462890625
2026-07-28T10:38:45.768000-04:00,0.7644974589347839,6.180633068084717,5.416135787963867
2026-07-28T10:38:45.772000-04:00,-4.329892158508301,3.0314505100250244,7.361342430114746
2026-07-28T10:38:45.776000-04:00,-1.596103310585022,0.36547163128852844,1.961574912071228
2026-07-28T10:38:45.780000-04:00,-3.1020662784576416,2.1874518394470215,5.289518356323242
2026-07-28T10:38:45.784000-04:00,-1.847467303276062,5.909393787384033,7.756861209869385
2026-07-28T10:38:45.788000-04:00,0.5286828875541687,6.161809921264648,5.633127212524414
2026-07-28T10:38:45.792000-04:00,-4.419330596923828,2.865316390991211,7.284646987915039
2026-07-28T10:38:45.796000-04:00,-2.007521867752075,0.42018717527389526,2.4277091026306152
2026-07-28T10:38:45.800000-04:00,-3.3648879528045654,2.498441696166992,5.863329887390137
2026-07-28T10:38:45.804000-04:00,-0.9385817050933838,6.244701385498047,7.183282852172852
2026-07-28T10:38:45.808000-04:00,0.2901793420314789,5.975332736968994,5.685153484344482
2026-07-28T10:38:45.812000-04:00,-4.415823459625244,2.650195598602295,7.066019058227539
2026-07-28T10:38:45.816000-04:00,-1.800234317779541,0.34267351031303406,2.1429078578948975
2026-07-28T10:38:45.820000-04:00,-3.5741629600524902,2.759509563446045,6.333672523498535
2026-07-28T10:38:45.824000-04:00,-3.715745210647583,5.06352424621582,8.779269218444824
2026-07-28T10:38:45.828000-04:00,-0.07061576098203659,5.761497974395752,5.832113742828369
2026-07-28T10:38:45.832000-04:00,-3.858964443206787,3.472565174102783,7.33152961730957
2026-07-28T10:38:45.836000-04:00,-1.6640300750732422,0.3287608027458191,1.992790937423706
2026-07-28T10:38:45.840000-04:00,-3.7863609790802,2.9956748485565186,6.782035827636719
2026-07-28T10:38:45.844000-04:00,-3.0890889167785645,5.384568691253662,8.473657608032227
2026-07-28T10:38:45.848000-04:00,-0.46098998188972473,5.4681620597839355,5.929152011871338
2026-07-28T10:38:45.852000-04:00,-4.132424831390381,3.216992139816284,7.349416732788086
2026-07-28T10:38:45.856000-04:00,-1.6062747240066528,0.3444271981716156,1.9507019519805908
2026-07-28T10:38:45.860000-04:00,-2.9189796447753906,2.076734781265259,4.99571418762207
2026-07-28T10:38:45.864000-04:00,-2.32985258102417,5.705964088439941,8.035816192626953
2026-07-28T10:38:45.868000-04:00,0.7952457070350647,5.185582160949707,4.390336513519287
2026-07-28T10:38:45.872000-04:00,-4.304054260253906,3.0113413333892822,7.315395355224609
2026-07-28T10:38:45.876000-04:00,-1.5984416007995605,0.44053012132644653,2.0389716625213623
2026-07-28T10:38:45.880000-04:00,-3.1414661407470703,2.330320119857788,5.4717864990234375
2026-07-28T10:38:45.884000-04:00,-1.5408031940460205,6.0360107421875,7.576813697814941
2026-07-28T10:38:45.888000-04:00,0.5373345017433167,6.157835006713867,5.620500564575195
2026-07-28T10:38:45.892000-04:00,-4.378411293029785,2.8238120079040527,7.202223300933838
2026-07-28T10:38:45.896000-04:00,-1.909899115562439,0.36348411440849304,2.273383140563965
2026-07-28T10:38:45.900000-04:00,-3.35787296295166,2.4288783073425293,5.7867512702941895
2026-07-28T10:38:45.904000-04:00,-0.8280984163284302,6.260017395019531,7.088115692138672
2026-07-28T10:38:45.908000-04:00,0.16391274333000183,5.8509368896484375,5.687024116516113
2026-07-28T10:38:45.912000-04:00,-4.387413501739502,2.523695230484009,6.91110897064209
2026-07-28T10:38:45.916000-04:00,-1.7228375673294067,0.21406865119934082,1.9369062185287476
2026-07-28T10:38:45.920000-04:00,-3.608769416809082,2.732736587524414,6.341506004333496
2026-07-28T10:38:45.924000-04:00,-3.647935390472412,5.064108848571777,8.712043762207031
2026-07-28T10:38:45.928000-04:00,-0.2023772895336151,5.6268134117126465,5.829190731048584
2026-07-28T10:38:45.932000-04:00,-3.9901413917541504,3.315667152404785,7.3058085441589355
2026-07-28T10:38:45.936000-04:00,-1.6378414630889893,0.28035861253738403,1.9182000160217285
2026-07-28T10:38:45.940000-04:00,-3.8341786861419678,3.020343780517578,6.854522705078125
2026-07-28T10:38:45.944000-04:00,-2.9830482006073,5.442440986633301,8.42548942565918
2026-07-28T10:38:45.948000-04:00,-0.626890242099762,5.3837504386901855,6.010640621185303
2026-07-28T10:38:45.952000-04:00,-4.236595153808594,3.147078037261963,7.383673191070557
2026-07-28T10:38:45.956000-04:00,-1.6063916683197021,0.34068599343299866,1.9470776319503784
2026-07-28T10:38:45.960000-04:00,-2.987724781036377,2.116485357284546,5.104209899902344
2026-07-28T10:38:45.964000-04:00,-2.2446224689483643,5.769681930541992,8.014304161071777
2026-07-28T10:38:45.968000-04:00,0.7402963638305664,5.146533012390137,4.40623664855957
2026-07-28T10:38:45.972000-04:00,-4.403664588928223,2.9614193439483643,7.365083694458008
2026-07-28T10:38:45.976000-04:00,-1.6219412088394165,0.40405309200286865,2.025994300842285
2026-07-28T10:38:45.980000-04:00,-3.22611141204834,2.3971946239471436,5.6233062744140625
2026-07-28T10:38:45.984000-04:00,-1.3554953336715698,6.1421685218811035,7.497663974761963
2026-07-28T10:38:45.988000-04:00,0.33939993381500244,6.069097518920898,5.7296977043151855
2026-07-28T10:38:45.992000-04:00,-4.4429473876953125,2.740920305252075,7.183867454528809
2026-07-28T10:38:45.996000-04:00,-1.8520269393920898,0.34220585227012634,2.194232702255249
2026-07-28T10:38:46-04:00,-3.4160959720611572,2.605534553527832,6.02163028717041
2026-07-28T10:38:46.004000-04:00,-0.6267733573913574,6.376813888549805,7.003587245941162
2026-07-28T10:38:46.008000-04:00,0.13199535012245178,5.88963508605957,5.7576398849487305
2026-07-28T10:38:46.012000-04:00,-4.3544440269470215,2.5571324825286865,6.911576271057129
2026-07-28T10:38:46.016000-04:00,-1.6930246353149414,0.3227982223033905,2.0158228874206543
2026-07-28T10:38:46.020000-04:00,-3.653898000717163,2.865784168243408,6.519681930541992
2026-07-28T10:38:46.024000-04:00,-3.455963373184204,5.19551944732666,8.651482582092285
2026-07-28T10:38:46.028000-04:00,-0.23955579102039337,5.608341217041016,5.847897052764893
2026-07-28T10:38:46.032000-04:00,-3.98628306388855,3.315667152404785,7.301950454711914
2026-07-28T10:38:46.036000-04:00,-1.6056902408599854,0.29766181111335754,1.9033520221710205
2026-07-28T10:38:46.040000-04:00,-3.8781380653381348,3.108847141265869,6.986985206604004
2026-07-28T10:38:46.044000-04:00,-2.719758987426758,5.573150157928467,8.292909622192383
2026-07-28T10:38:46.048000-04:00,-0.6600937247276306,5.369019508361816,6.029113292694092
2026-07-28T10:38:46.052000-04:00,-4.220227241516113,3.1335160732269287,7.353743553161621
2026-07-28T10:38:46.056000-04:00,-1.5875686407089233,0.3786828815937042,1.9662514925003052
2026-07-28T10:38:46.060000-04:00,-3.0206944942474365,2.21036696434021,5.2310614585876465
2026-07-28T10:38:46.064000-04:00,-1.9595874547958374,5.885893821716309,7.8454813957214355
2026-07-28T10:38:46.068000-04:00,-1.0941935777664185,5.120344161987305,6.214537620544434
2026-07-28T10:38:46.072000-04:00,-4.3639140129089355,2.9292681217193604,7.293182373046875
2026-07-28T10:38:46.076000-04:00,-1.6143418550491333,0.4704599678516388,2.0848019123077393
2026-07-28T10:38:46.080000-04:00,-3.256392002105713,2.3658618927001953,5.622253894805908
2026-07-28T10:38:46.084000-04:00,-1.2299301624298096,6.148130893707275,7.378061294555664
2026-07-28T10:38:46.088000-04:00,0.3033905625343323,6.010056018829346,5.706665515899658
2026-07-28T10:38:46.092000-04:00,-4.4435319900512695,2.644700527191162,7.088232517242432
2026-07-28T10:38:46.096000-04:00,-1.8279428482055664,0.29719415307044983,2.1251370906829834
2026-07-28T10:38:46.100000-04:00,-3.4961817264556885,2.590686559677124,6.0868682861328125
2026-07-28T10:38:46.104000-04:00,-0.5251755118370056,6.368863582611084,6.894039154052734
2026-07-28T10:38:46.108000-04:00,-0.005144194699823856,5.762199401855469,5.767343521118164
2026-07-28T10:38:46.112000-04:00,-4.366368770599365,2.4399850368499756,6.806353569030762
2026-07-28T10:38:46.116000-04:00,-1.6842560768127441,0.2870226800441742,1.9712787866592407
2026-07-28T10:38:46.120000-04:00,-3.7286057472229004,2.9072883129119873,6.635893821716309
2026-07-28T10:38:46.124000-04:00,-3.309353828430176,5.289050579071045,8.598403930664062
2026-07-28T10:38:46.128000-04:00,-0.39236176013946533,5.6060028076171875,5.998364448547363
2026-07-28T10:38:46.132000-04:00,-4.096298694610596,3.3167195320129395,7.413018226623535
2026-07-28T10:38:46.136000-04:00,-1.6042872667312622,0.36278262734413147,1.9670698642730713
2026-07-28T10:38:46.140000-04:00,-3.9461817741394043,3.2043654918670654,7.150547027587891
2026-07-28T10:38:46.144000-04:00,-2.609158992767334,5.676151275634766,8.285310745239258
2026-07-28T10:38:46.148000-04:00,-0.781566858291626,5.321318626403809,6.1028852462768555
2026-07-28T10:38:46.152000-04:00,-4.290258407592773,3.104872226715088,7.395130634307861
2026-07-28T10:38:46.156000-04:00,-1.6065086126327515,0.43339839577674866,2.0399069786071777
2026-07-28T10:38:46.160000-04:00,-3.101130962371826,2.276773691177368,5.377904891967773
2026-07-28T10:38:46.164000-04:00,-1.8119256496429443,5.971474647521973,7.783400535583496
2026-07-28T10:38:46.168000-04:00,-1.2031569480895996,5.044584274291992,6.247741222381592
2026-07-28T10:38:46.172000-04:00,-4.397468090057373,2.8727989196777344,7.270267009735107
2026-07-28T10:38:46.176000-04:00,-1.6349185705184937,0.5164070129394531,2.1513257026672363
2026-07-28T10:38:46.180000-04:00,-3.3305153846740723,2.505105972290039,5.835621356964111
2026-07-28T10:38:46.184000-04:00,-1.05678129196167,6.196883678436279,7.253664970397949
2026-07-28T10:38:46.188000-04:00,0.2770850360393524,5.983633518218994,5.706548690795898
2026-07-28T10:38:46.192000-04:00,-4.433477401733398,2.6428298950195312,7.07630729675293
2026-07-28T10:38:46.196000-04:00,-1.8030402660369873,0.33226820826530457,2.1353085041046143
2026-07-28T10:38:46.200000-04:00,-3.5526509284973145,2.7640693187713623,6.316720008850098
2026-07-28T10:38:46.204000-04:00,-0.3151988387107849,6.502378940582275,6.817577838897705
2026-07-28T10:38:46.208000-04:00,-0.046180836856365204,5.781840801239014,5.82802152633667
2026-07-28T10:38:46.212000-04:00,-4.33012580871582,2.4430248737335205,6.773150444030762
2026-07-28T10:38:46.216000-04:00,-1.6648484468460083,0.3320343792438507,1.9968827962875366
2026-07-28T10:38:46.220000-04:00,-3.769174814224243,3.018589973449707,6.787764549255371
2026-07-28T10:38:46.224000-04:00,-3.1298916339874268,5.393570899963379,8.523462295532227
2026-07-28T10:38:46.228000-04:00,-0.38967275619506836,5.556314945220947,5.945987701416016
2026-07-28T10:38:46.232000-04:00,-4.07478666305542,3.2493772506713867,7.324163913726807
2026-07-28T10:38:46.236000-04:00,-1.5994937419891357,0.3477008044719696,1.9471945762634277
2026-07-28T10:38:46.240000-04:00,-3.999143600463867,3.2062361240386963,7.205379486083984
2026-07-28T10:38:46.244000-04:00,-2.389829158782959,5.684101104736328,8.073930740356445
2026-07-28T10:38:46.248000-04:00,-0.88374924659729,5.208613872528076,6.092363357543945
2026-07-28T10:38:46.252000-04:00,-4.315277576446533,3.0028066635131836,7.318084239959717
2026-07-28T10:38:46.256000-04:00,-1.6038196086883545,0.3873344659805298,1.9911540746688843
2026-07-28T10:38:46.260000-04:00,-3.1349189281463623,2.3040146827697754,5.438933372497559
2026-07-28T10:38:46.264000-04:00,-1.586867094039917,6.016720294952393,7.6035871505737305
2026-07-28T10:38:46.268000-04:00,-1.3212395906448364,4.966369152069092,6.287608623504639
2026-07-28T10:38:46.272000-04:00,-4.427397727966309,2.813523769378662,7.240921497344971
2026-07-28T10:38:46.276000-04:00,-1.6461422443389893,0.529852032661438,2.175994396209717
2026-07-28T10:38:46.280000-04:00,-3.377514600753784,2.549649953842163,5.927164554595947
2026-07-28T10:38:46.284000-04:00,-0.8455185294151306,6.300118446350098,7.145637035369873
2026-07-28T10:38:46.288000-04:00,0.21628999710083008,5.937335968017578,5.721045970916748
2026-07-28T10:38:46.292000-04:00,-4.402144432067871,2.5697591304779053,6.9719038009643555
2026-07-28T10:38:46.296000-04:00,-1.7554564476013184,0.24095875024795532,1.996415138244629
2026-07-28T10:38:46.300000-04:00,-3.587491273880005,2.7644200325012207,6.351911544799805
2026-07-28T10:38:46.304000-04:00,-0.13632115721702576,6.536985397338867,6.673306465148926
2026-07-28T10:38:46.308000-04:00,-0.12755264341831207,5.709237575531006,5.836790084838867
2026-07-28T10:38:46.312000-04:00,-4.296688556671143,2.3394393920898438,6.636127948760986
2026-07-28T10:38:46.316000-04:00,-1.6390105485916138,0.2843336760997772,1.9233442544937134
2026-07-28T10:38:46.320000-04:00,-3.8261115550994873,3.022214412689209,6.848325729370117
2026-07-28T10:38:46.324000-04:00,-3.01800537109375,5.428177356719971,8.446182250976562
2026-07-28T10:38:46.328000-04:00,-0.5379191040992737,5.461614608764648,5.999533653259277
2026-07-28T10:38:46.332000-04:00,-4.162121295928955,2.0810606479644775,6.243182182312012
2026-07-28T10:38:46.336000-04:00,-1.5924789905548096,0.34033524990081787,1.9328142404556274
2026-07-28T10:38:46.340000-04:00,-4.045207500457764,3.2644591331481934,7.309666633605957
2026-07-28T10:38:46.344000-04:00,-2.1958696842193604,5.767343521118164,7.963212966918945
2026-07-28T10:38:46.348000-04:00,-0.9550665020942688,5.163719177246094,6.118785858154297
2026-07-28T10:38:46.352000-04:00,-4.332113265991211,2.9749813079833984,7.307094573974609
2026-07-28T10:38:46.356000-04:00,-1.6045210361480713,0.39528459310531616,1.9998056888580322
2026-07-28T10:38:46.360000-04:00,-3.192089557647705,2.345285177230835,5.537374496459961
2026-07-28T10:38:46.364000-04:00,-1.4416605234146118,6.052145004272461,7.493805408477783
2026-07-28T10:38:46.368000-04:00,-1.426344871520996,4.881256103515625,6.307600975036621
2026-07-28T10:38:46.372000-04:00,-4.425410270690918,2.720226764678955,7.145637035369873
2026-07-28T10:38:46.376000-04:00,-1.6551445722579956,0.519329845905304,2.1744744777679443
2026-07-28T10:38:46.380000-04:00,-3.4272027015686035,2.584840774536133,6.012043476104736
2026-07-28T10:38:46.384000-04:00,-0.6803197264671326,6.350157737731934,7.030477523803711
2026-07-28T10:38:46.388000-04:00,0.15303978323936462,5.896533012390137,5.74349308013916
2026-07-28T10:38:46.392000-04:00,-4.373266696929932,2.515160322189331,6.888426780700684
2026-07-28T10:38:46.396000-04:00,-1.7076387405395508,0.2485581338405609,1.956196904182434
2026-07-28T10:38:46.400000-04:00,-3.6376471519470215,2.7991433143615723,6.436790466308594
2026-07-28T10:38:46.404000-04:00,0.03963368013501167,6.529853343963623,6.490219593048096
2026-07-28T10:38:46.408000-04:00,-0.20015592873096466,5.608692169189453,5.808847904205322
2026-07-28T10:38:46.412000-04:00,-4.234841346740723,2.252572774887085,6.487414360046387
2026-07-28T10:38:46.416000-04:00,-1.5921282768249512,0.20015592873096466,1.7922842502593994
2026-07-28T10:38:46.420000-04:00,-3.849377393722534,3.0076000690460205,6.856977462768555
2026-07-28T10:38:46.424000-04:00,-2.8160958290100098,5.459627151489258,8.27572250366211
2026-07-28T10:38:46.428000-04:00,-0.6061965823173523,5.37053918838501,5.976735591888428
2026-07-28T10:38:46.432000-04:00,-4.203040599822998,1.9482468366622925,6.15128755569458
2026-07-28T10:38:46.436000-04:00,-1.5671087503433228,0.3083009421825409,1.875409722328186
2026-07-28T10:38:46.440000-04:00,-4.073734283447266,3.282580614089966,7.356314659118652
2026-07-28T10:38:46.444000-04:00,-1.9938430786132812,5.854911804199219,7.8487548828125
2026-07-28T10:38:46.448000-04:00,-1.0908030271530151,5.082230567932129,6.173033714294434
2026-07-28T10:38:46.452000-04:00,-4.373266696929932,2.913952350616455,7.287219047546387
2026-07-28T10:38:46.456000-04:00,-1.6027673482894897,0.4125877916812897,2.015355110168457
2026-07-28T10:38:46.460000-04:00,-3.2429471015930176,2.3805930614471436,5.623539924621582
2026-07-28T10:38:46.464000-04:00,-1.2520267963409424,6.167304992675781,7.4193315505981445
2026-07-28T10:38:46.468000-04:00,-1.5468827486038208,4.856704235076904,6.4035868644714355
2026-07-28T10:38:46.472000-04:00,-4.4310221672058105,2.6936874389648438,7.124709606170654
2026-07-28T10:38:46.476000-04:00,-1.6646145582199097,0.560132622718811,2.2247471809387207
2026-07-28T10:38:46.480000-04:00,-3.4777092933654785,2.6396732330322266,6.117382526397705
2026-07-28T10:38:46.484000-04:00,-0.5055340528488159,6.420422554016113,6.925956726074219
2026-07-28T10:38:46.488000-04:00,0.057755276560783386,5.8505859375,5.792830467224121
2026-07-28T10:38:46.492000-04:00,-4.372916221618652,2.4660568237304688,6.838973045349121
2026-07-28T10:38:46.496000-04:00,-1.6778258085250854,0.2500779926776886,1.9279037714004517
2026-07-28T10:38:46.500000-04:00,-3.697974443435669,2.8829703330993652,6.580945014953613
2026-07-28T10:38:46.504000-04:00,0.088737353682518,6.587491989135742,6.498754501342773
2026-07-28T10:38:46.508000-04:00,-0.32501956820487976,5.594428539276123,5.919447898864746
2026-07-28T10:38:46.512000-04:00,-4.221396446228027,2.1397511959075928,6.361147880554199
2026-07-28T10:38:46.516000-04:00,-1.5924789905548096,0.21254876255989075,1.805027723312378
2026-07-28T10:38:46.520000-04:00,-3.910640239715576,3.1091980934143066,7.019838333129883
2026-07-28T10:38:46.524000-04:00,-2.682346820831299,5.596883773803711,8.279230117797852
2026-07-28T10:38:46.528000-04:00,-0.6903743147850037,5.3962602615356445,6.086634635925293
2026-07-28T10:38:46.532000-04:00,-3.971435070037842,1.9510526657104492,5.922487735748291
2026-07-28T10:38:46.536000-04:00,-1.5744743347167969,0.3537802994251251,1.9282546043395996
2026-07-28T10:38:46.540000-04:00,-4.1201491355896,3.3238511085510254,7.444000244140625
2026-07-28T10:38:46.544000-04:00,-1.9664852619171143,5.8925580978393555,7.859043121337891
2026-07-28T10:38:46.548000-04:00,-1.1126658916473389,5.120344161987305,6.233010292053223
2026-07-28T10:38:46.552000-04:00,-4.382970809936523,2.9130170345306396,7.295988082885742
2026-07-28T10:38:46.556000-04:00,-1.6135233640670776,0.45233839750289917,2.065861701965332
2026-07-28T10:38:46.560000-04:00,-3.2685511112213135,2.4091198444366455,5.677670955657959
2026-07-28T10:38:46.564000-04:00,-1.1420111656188965,6.191622734069824,7.333633899688721
2026-07-28T10:38:46.568000-04:00,-1.5198756456375122,4.8506245613098145,6.370500087738037
2026-07-28T10:38:46.572000-04:00,-4.402845859527588,2.6842174530029297,7.087063312530518
2026-07-28T10:38:46.576000-04:00,-1.6794626712799072,0.5749806761741638,2.254443407058716
2026-07-28T10:38:46.580000-04:00,-3.492908239364624,2.660717725753784,6.153625965118408
2026-07-28T10:38:46.584000-04:00,-0.3059626519680023,6.464031219482422,6.769993782043457
2026-07-28T10:38:46.588000-04:00,-0.009119254536926746,5.772955417633057,5.782074451446533
2026-07-28T10:38:46.592000-04:00,-4.3300089836120605,2.3756825923919678,6.705691337585449
2026-07-28T10:38:46.596000-04:00,-1.6490651369094849,0.20693692564964294,1.8560020923614502
2026-07-28T10:38:46.600000-04:00,-3.7362051010131836,2.8727989196777344,6.609004020690918
2026-07-28T10:38:46.604000-04:00,0.2461029440164566,6.603158473968506,6.3570556640625
2026-07-28T10:38:46.608000-04:00,-0.3954015076160431,5.500079154968262,5.895480632781982
2026-07-28T10:38:46.612000-04:00,-4.145636081695557,2.1078336238861084,6.253469467163086
2026-07-28T10:38:46.616000-04:00,-1.569563865661621,0.22739678621292114,1.7969605922698975
2026-07-28T10:38:46.620000-04:00,-3.92443585395813,3.0664076805114746,6.990843772888184
2026-07-28T10:38:46.624000-04:00,-2.493765354156494,5.6269307136535645,8.120696067810059
2026-07-28T10:38:46.628000-04:00,-0.7477788329124451,5.298988342285156,6.046767234802246
2026-07-28T10:38:46.632000-04:00,-3.8927524089813232,1.8719022274017334,5.764654636383057
2026-07-28T10:38:46.636000-04:00,-1.572603702545166,0.3397506773471832,1.9123543500900269
2026-07-28T10:38:46.640000-04:00,-4.139322757720947,3.3982081413269043,7.537530899047852
2026-07-28T10:38:46.644000-04:00,-1.6745522022247314,6.045480728149414,7.720032691955566
2026-07-28T10:38:46.648000-04:00,-1.1959083080291748,5.084919452667236,6.280827522277832
2026-07-28T10:38:46.652000-04:00,-4.359237194061279,2.946220636367798,7.305458068847656
2026-07-28T10:38:46.656000-04:00,-1.6211228370666504,0.5119642615318298,2.133087158203125
2026-07-28T10:38:46.660000-04:00,-3.308067798614502,2.499143362045288,5.807210922241211
2026-07-28T10:38:46.664000-04:00,-0.8106783032417297,6.340219974517822,7.150898456573486
2026-07-28T10:38:46.668000-04:00,-1.649298906326294,4.783048629760742,6.432347297668457
2026-07-28T10:38:46.672000-04:00,-4.376306533813477,2.6289172172546387,7.005223751068115
2026-07-28T10:38:46.676000-04:00,-1.688815712928772,0.6436088681221008,2.3324246406555176
2026-07-28T10:38:46.680000-04:00,-3.5295021533966064,2.7609126567840576,6.290414810180664
2026-07-28T10:38:46.684000-04:00,-0.08967266231775284,6.580009460449219,6.669682025909424
2026-07-28T10:38:46.688000-04:00,-0.044660963118076324,5.7618489265441895,5.806509971618652
2026-07-28T10:38:46.692000-04:00,-4.284295558929443,2.3728766441345215,6.657172203063965
2026-07-28T10:38:46.696000-04:00,-1.6164462566375732,0.2461029440164566,1.8625491857528687
2026-07-28T10:38:46.700000-04:00,-3.750819444656372,2.9856204986572266,6.7364397048950195
2026-07-28T10:38:46.704000-04:00,0.44146543741226196,6.6901421546936035,6.248676776885986
2026-07-28T10:38:46.708000-04:00,-0.36149659752845764,5.554561138153076,5.916057586669922
2026-07-28T10:38:46.712000-04:00,-4.1054182052612305,2.126422882080078,6.231841087341309
2026-07-28T10:38:46.716000-04:00,-1.5682778358459473,0.27872180938720703,1.8469996452331543
2026-07-28T10:38:46.720000-04:00,-3.990842819213867,3.165900945663452,7.156744003295898
2026-07-28T10:38:46.724000-04:00,-2.3676154613494873,5.653119087219238,8.020734786987305
2026-07-28T10:38:46.728000-04:00,-0.8314889073371887,5.202417373657227,6.03390645980835
2026-07-28T10:38:46.732000-04:00,-3.8622379302978516,1.7705382108688354,5.632776260375977
2026-07-28T10:38:46.736000-04:00,-1.5918943881988525,0.31858932971954346,1.910483717918396
2026-07-28T10:38:46.740000-04:00,-4.209237098693848,3.330047607421875,7.539284706115723
2026-07-28T10:38:46.744000-04:00,-1.5216293334960938,5.98842716217041,7.510056495666504
2026-07-28T10:38:46.748000-04:00,-1.2704991102218628,4.957951545715332,6.228450775146484
2026-07-28T10:38:46.752000-04:00,-4.3960652351379395,2.796337366104126,7.1924028396606445
2026-07-28T10:38:46.756000-04:00,-1.6401796340942383,0.4391271471977234,2.0793068408966064
2026-07-28T10:38:46.760000-04:00,-3.384061574935913,2.463016986846924,5.847078323364258
2026-07-28T10:38:46.764000-04:00,-0.6869838237762451,6.313563346862793,7.000547409057617
2026-07-28T10:38:46.768000-04:00,-1.7061189413070679,4.720032215118408,6.426151275634766
2026-07-28T10:38:46.772000-04:00,-4.376189708709717,2.5529234409332275,6.929113388061523
2026-07-28T10:38:46.776000-04:00,-1.744700312614441,0.6693298816680908,2.414030075073242
2026-07-28T10:38:46.780000-04:00,-3.6356594562530518,2.7507412433624268,6.3864006996154785
2026-07-28T10:38:46.784000-04:00,0.22833208739757538,6.661498069763184,6.433166027069092
2026-07-28T10:38:46.788000-04:00,-0.18484026193618774,5.628567218780518,5.8134074211120605
2026-07-28T10:38:46.792000-04:00,-4.260679244995117,2.237607717514038,6.498287200927734
2026-07-28T10:38:46.796000-04:00,-1.6129388809204102,0.7695247530937195,2.3824636936187744
2026-07-28T10:38:46.800000-04:00,-3.849961996078491,2.9589641094207764,6.808926105499268
2026-07-28T10:38:46.804000-04:00,0.6717850565910339,6.750118732452393,6.078333854675293
2026-07-28T10:38:46.808000-04:00,-0.6536634564399719,5.333828449249268,5.987492084503174
2026-07-28T10:38:46.812000-04:00,-4.026033878326416,1.9563138484954834,5.98234748840332
2026-07-28T10:38:46.816000-04:00,-1.5688624382019043,0.2784879803657532,1.8473503589630127
2026-07-28T10:38:46.820000-04:00,-4.068239688873291,3.2487926483154297,7.317032337188721
2026-07-28T10:38:46.824000-04:00,-2.0746302604675293,5.811770915985107,7.886401176452637
2026-07-28T10:38:46.828000-04:00,-0.905144453048706,5.205574035644531,6.110718727111816
2026-07-28T10:38:46.832000-04:00,-3.755028247833252,1.6602888107299805,5.415317058563232
2026-07-28T10:38:46.836000-04:00,-1.5944664478302002,0.3561185598373413,1.9505850076675415
2026-07-28T10:38:46.840000-04:00,-4.275644302368164,3.4683563709259033,7.744000434875488
2026-07-28T10:38:46.844000-04:00,-1.2256044149398804,6.163914203643799,7.389518737792969
2026-07-28T10:38:46.848000-04:00,-1.355729103088379,4.931061267852783,6.286790370941162
2026-07-28T10:38:46.852000-04:00,-4.377125263214111,2.771902561187744,7.1490278244018555
2026-07-28T10:38:46.856000-04:00,-1.661808729171753,0.5351131558418274,2.1969218254089355
2026-07-28T10:38:46.860000-04:00,-3.454911231994629,2.622253179550171,6.077164649963379
2026-07-28T10:38:46.864000-04:00,-0.43211233615875244,6.461692810058594,6.893805027008057
2026-07-28T10:38:46.868000-04:00,-1.8141469955444336,4.664966106414795,6.4791131019592285
2026-07-28T10:38:46.872000-04:00,-4.349182605743408,2.5286054611206055,6.877788066864014
2026-07-28T10:38:46.876000-04:00,-1.7501952648162842,0.7083789706230164,2.4585742950439453
2026-07-28T10:38:46.880000-04:00,-3.6897904872894287,2.8704605102539062,6.560251235961914
2026-07-28T10:38:46.884000-04:00,0.20962592959403992,6.648637771606445,6.439012050628662
2026-07-28T10:38:46.888000-04:00,-0.19010137021541595,5.6482086181640625,5.8383097648620605
2026-07-28T10:38:46.892000-04:00,-4.228060245513916,2.2409982681274414,6.469058513641357
2026-07-28T10:38:46.896000-04:00,-1.6058070659637451,0.8680828213691711,2.4738898277282715
2026-07-28T10:38:46.900000-04:00,-3.9068989753723145,3.0675768852233887,6.974475860595703
2026-07-28T10:38:46.904000-04:00,0.6777476668357849,6.725099086761475,6.047351360321045
2026-07-28T10:38:46.908000-04:00,-0.6462979316711426,5.281451225280762,5.927749156951904
2026-07-28T10:38:46.912000-04:00,-3.989673614501953,1.84781813621521,5.837491989135742
2026-07-28T10:38:46.916000-04:00,-1.5744743347167969,0.2312549352645874,1.8057292699813843
2026-07-28T10:38:46.920000-04:00,-4.104599475860596,3.249260425567627,7.353859901428223
2026-07-28T10:38:46.924000-04:00,-1.842089295387268,5.870344638824463,7.712433815002441
2026-07-28T10:38:46.928000-04:00,-1.0532737970352173,5.048676490783691,6.101950168609619
2026-07-28T10:38:46.932000-04:00,-3.6577560901641846,1.566641092300415,5.2243971824646
2026-07-28T10:38:46.936000-04:00,-1.5775140523910522,0.35705387592315674,1.934567928314209
2026-07-28T10:38:46.940000-04:00,-4.276930332183838,3.406742811203003,7.683672904968262
2026-07-28T10:38:46.944000-04:00,-1.0799301862716675,6.148832321166992,7.228762626647949
2026-07-28T10:38:46.948000-04:00,-1.4878413677215576,4.816603183746338,6.304444313049316
2026-07-28T10:38:46.952000-04:00,-4.391388416290283,2.6586132049560547,7.050001621246338
2026-07-28T10:38:46.956000-04:00,-1.6630947589874268,0.5024942755699158,2.1655890941619873
2026-07-28T10:38:46.960000-04:00,-3.493025064468384,2.6303203105926514,6.123345375061035
2026-07-28T10:38:46.964000-04:00,-0.3074825406074524,6.462745189666748,6.770227909088135
2026-07-28T10:38:46.968000-04:00,-1.965433120727539,4.569798469543457,6.535231590270996
2026-07-28T10:38:46.972000-04:00,-4.345090866088867,2.4139132499694824,6.75900411605835
2026-07-28T10:38:46.976000-04:00,-1.7618865966796875,0.6755262613296509,2.437412738800049
2026-07-28T10:38:46.980000-04:00,-3.715277671813965,2.8601722717285156,6.5754499435424805
2026-07-28T10:38:46.984000-04:00,0.27965712547302246,6.652379035949707,6.3727216720581055
2026-07-28T10:38:46.988000-04:00,-0.32303205132484436,5.558185577392578,5.8812174797058105
2026-07-28T10:38:46.992000-04:00,-4.186322212219238,2.098480701446533,6.2848029136657715
2026-07-28T10:38:46.996000-04:00,-1.4307875633239746,0.8421280384063721,2.2729156017303467
2026-07-28T10:38:47-04:00,-3.9598608016967773,3.0925962924957275,7.052456855773926
2026-07-28T10:38:47.004000-04:00,0.8371007442474365,6.8154730796813965,5.978372573852539
2026-07-28T10:38:47.008000-04:00,-0.6811381578445435,5.296182155609131,5.977320194244385
2026-07-28T10:38:47.012000-04:00,-3.9146151542663574,1.829696536064148,5.744311809539795
2026-07-28T10:38:47.016000-04:00,-1.569914698600769,0.259664922952652,1.8295795917510986
2026-07-28T10:38:47.020000-04:00,-4.158145904541016,3.2942721843719482,7.452418327331543
2026-07-28T10:38:47.024000-04:00,-1.6829700469970703,5.975566387176514,7.658536434173584
2026-07-28T10:38:47.028000-04:00,-1.1463370323181152,5.037452697753906,6.1837897300720215
2026-07-28T10:38:47.032000-04:00,-3.600468635559082,1.5177712440490723,5.118239879608154
2026-07-28T10:38:47.036000-04:00,-1.6000783443450928,0.3757600486278534,1.9758384227752686
2026-07-28T10:38:47.040000-04:00,-4.358418941497803,3.517927646636963,7.876346588134766
2026-07-28T10:38:47.044000-04:00,-0.9216292500495911,6.227164268493652,7.148793697357178
2026-07-28T10:38:47.048000-04:00,-1.5668748617172241,4.764108657836914,6.330983638763428
2026-07-28T10:38:47.052000-04:00,-4.397701740264893,2.6374518871307373,7.035153388977051
2026-07-28T10:38:47.056000-04:00,-1.6872957944869995,0.5624709129333496,2.2497668266296387
2026-07-28T10:38:47.060000-04:00,-3.5472729206085205,2.702455759048462,6.249728679656982
2026-07-28T10:38:47.064000-04:00,-0.2051832228899002,6.5140700340271,6.719253063201904
2026-07-28T10:38:47.068000-04:00,-1.9989873170852661,4.570032119750977,6.569019317626953
2026-07-28T10:38:47.072000-04:00,-4.321357250213623,2.370187759399414,6.691545009613037
2026-07-28T10:38:47.076000-04:00,-1.8046770095825195,0.7235777378082275,2.528254747390747
2026-07-28T10:38:47.080000-04:00,-3.7826197147369385,2.9125494956970215,6.695169448852539
2026-07-28T10:38:47.084000-04:00,0.4204210042953491,6.7013654708862305,6.280944347381592
2026-07-28T10:38:47.088000-04:00,-0.44906482100486755,5.5020670890808105,5.951131820678711
2026-07-28T10:38:47.092000-04:00,-4.150312900543213,2.026228189468384,6.176541328430176
2026-07-28T10:38:47.096000-04:00,-1.935152530670166,0.8559238314628601,2.791076421737671
2026-07-28T10:38:47.100000-04:00,-4.000897407531738,3.107795000076294,7.108692169189453
2026-07-28T10:38:47.104000-04:00,0.797467052936554,6.764148235321045,5.966681003570557
2026-07-28T10:38:47.108000-04:00,-0.869953453540802,5.194233417510986,6.064187049865723
2026-07-28T10:38:47.112000-04:00,-3.8545217514038086,1.675370693206787,5.529892444610596
2026-07-28T10:38:47.116000-04:00,-1.557755708694458,0.2328917235136032,1.7906473875045776
2026-07-28T10:38:47.120000-04:00,-4.193687915802002,3.301520824432373,7.495208740234375
2026-07-28T10:38:47.124000-04:00,-1.5994937419891357,5.983166217803955,7.582659721374512
2026-07-28T10:38:47.128000-04:00,-1.3090806007385254,4.9284892082214355,6.237569808959961
2026-07-28T10:38:47.132000-04:00,-3.493609666824341,1.380865454673767,4.874475002288818
2026-07-28T10:38:47.136000-04:00,-1.5862826108932495,0.342790424823761,1.9290730953216553
2026-07-28T10:38:47.140000-04:00,-4.368005752563477,3.541661024093628,7.909667015075684
2026-07-28T10:38:47.144000-04:00,-0.7697585821151733,6.324319839477539,7.094078540802002
2026-07-28T10:38:47.148000-04:00,-1.7067034244537354,4.745402812957764,6.452106475830078
2026-07-28T10:38:47.152000-04:00,-4.380632400512695,2.524630308151245,6.9052629470825195
2026-07-28T10:38:47.156000-04:00,-1.6505849361419678,0.5636400580406189,2.2142250537872314
2026-07-28T10:38:47.160000-04:00,-3.5478575229644775,2.7398681640625,6.287725448608398
2026-07-28T10:38:47.164000-04:00,0.009119254536926746,6.646065711975098,6.636946678161621
2026-07-28T10:38:47.168000-04:00,-2.061185359954834,4.576930046081543,6.638115406036377
2026-07-28T10:38:47.172000-04:00,-4.2569379806518555,2.3913490772247314,6.648286819458008
2026-07-28T10:38:47.176000-04:00,-1.7757993936538696,0.7539752721786499,2.5297746658325195
2026-07-28T10:38:47.180000-04:00,-3.784724235534668,2.9928691387176514,6.777593612670898
2026-07-28T10:38:47.184000-04:00,0.5919331312179565,6.78156852722168,6.189635276794434
2026-07-28T10:38:47.188000-04:00,-0.3736555874347687,5.551053524017334,5.924709320068359
2026-07-28T10:38:47.192000-04:00,-4.0720977783203125,2.030787706375122,6.1028852462768555
2026-07-28T10:38:47.196000-04:00,-1.913991093635559,0.9060797095298767,2.820070743560791
2026-07-28T10:38:47.200000-04:00,-4.009198188781738,3.1602892875671387,7.169487476348877
2026-07-28T10:38:47.204000-04:00,1.0111849308013916,6.857211589813232,5.846026420593262
2026-07-28T10:38:47.208000-04:00,-0.8053002953529358,5.233399391174316,6.038699626922607
2026-07-28T10:38:47.212000-04:00,-3.760990858078003,1.6794626712799072,5.44045352935791
2026-07-28T10:38:47.216000-04:00,-1.5323854684829712,0.24657060205936432,1.7789560556411743
2026-07-28T10:38:47.220000-04:00,-4.216369152069092,3.3886213302612305,7.604990482330322
2026-07-28T10:38:47.224000-04:00,-1.2305147647857666,6.161225318908691,7.391739845275879
2026-07-28T10:38:47.228000-04:00,-1.2183557748794556,4.982503414154053,6.200859069824219
2026-07-28T10:38:47.232000-04:00,-3.396571397781372,1.3467267751693726,4.743298053741455
2026-07-28T10:38:47.236000-04:00,-1.5962202548980713,0.37961816787719727,1.9758384227752686
2026-07-28T10:38:47.240000-04:00,-4.400390625,3.6038589477539062,8.004249572753906
2026-07-28T10:38:47.244000-04:00,-0.45701491832733154,6.444156169891357,6.9011712074279785
2026-07-28T10:38:47.248000-04:00,-1.6899847984313965,4.695246696472168,6.3852314949035645
2026-07-28T10:38:47.252000-04:00,-4.33854341506958,2.503819704055786,6.842363357543945
2026-07-28T10:38:47.256000-04:00,-1.6786441802978516,0.49805158376693726,2.1766958236694336
2026-07-28T10:38:47.260000-04:00,-3.616018056869507,2.703742027282715,6.319760322570801
2026-07-28T10:38:47.264000-04:00,0.4243960678577423,6.713057041168213,6.288661003112793
2026-07-28T10:38:47.268000-04:00,-2.2324635982513428,4.333399295806885,6.565862655639648
2026-07-28T10:38:47.272000-04:00,-4.2016377449035645,2.140686511993408,6.342324256896973
2026-07-28T10:38:47.276000-04:00,-1.791582703590393,0.728020429611206,2.5196032524108887
2026-07-28T10:38:47.280000-04:00,-3.828800678253174,3.000819206237793,6.829619884490967
2026-07-28T10:38:47.284000-04:00,0.7118864059448242,6.809277057647705,6.097390651702881
2026-07-28T10:38:47.288000-04:00,-0.47946232557296753,5.445013046264648,5.924475193023682
2026-07-28T10:38:47.292000-04:00,-3.9959869384765625,1.9397121667861938,5.935698986053467
2026-07-28T10:38:47.296000-04:00,-1.9490652084350586,0.9645364880561829,2.9136016368865967
2026-07-28T10:38:47.300000-04:00,-4.079346179962158,3.2227210998535156,7.302067279815674
2026-07-28T10:38:47.304000-04:00,1.1176931858062744,6.858497619628906,5.740804672241211
2026-07-28T10:38:47.308000-04:00,-0.8974281549453735,5.1293463706970215,6.0267744064331055
2026-07-28T10:38:47.312000-04:00,-3.6846463680267334,1.539634108543396,5.22428035736084
2026-07-28T10:38:47.316000-04:00,-1.5578725337982178,0.24318011105060577,1.8010526895523071
2026-07-28T10:38:47.320000-04:00,-4.267109394073486,3.3958699703216553,7.6629791259765625
2026-07-28T10:38:47.324000-04:00,-0.9776307940483093,6.127086639404297,7.104717254638672
2026-07-28T10:38:47.328000-04:00,-1.2990260124206543,4.83297061920166,6.1319966316223145
2026-07-28T10:38:47.332000-04:00,-3.3279430866241455,1.2044429779052734,4.53238582611084
2026-07-28T10:38:47.336000-04:00,-1.6408811807632446,0.40978187322616577,2.0506629943847656
2026-07-28T10:38:47.340000-04:00,-4.453586578369141,3.6095879077911377,8.0631742477417
2026-07-28T10:38:47.344000-04:00,-0.227630615234375,6.4160966873168945,6.6437273025512695
2026-07-28T10:38:47.348000-04:00,-1.7988313436508179,4.544661998748779,6.343493461608887
2026-07-28T10:38:47.352000-04:00,-4.311419486999512,2.372642755508423,6.6840620040893555
2026-07-28T10:38:47.356000-04:00,-1.7323075532913208,0.5553392171859741,2.287646770477295
2026-07-28T10:38:47.360000-04:00,-3.687803030014038,3.8337111473083496,7.521513938903809
2026-07-28T10:38:47.364000-04:00,0.36675769090652466,6.684179306030273,6.3174214363098145
2026-07-28T10:38:47.368000-04:00,-2.2200706005096436,4.42307186126709,6.6431427001953125
2026-07-28T10:38:47.372000-04:00,-4.1808271408081055,2.2413489818573,6.422176361083984
2026-07-28T10:38:47.376000-04:00,-1.8862826824188232,0.8960251808166504,2.7823078632354736
2026-07-28T10:38:47.380000-04:00,-3.937997817993164,3.149416208267212,7.087413787841797
2026-07-28T10:38:47.384000-04:00,0.8717071413993835,6.858731269836426,5.987024307250977
2026-07-28T10:38:47.388000-04:00,-0.5689011812210083,5.400819778442383,5.969720840454102
2026-07-28T10:38:47.392000-04:00,-3.9437265396118164,1.911068320274353,5.854794979095459
2026-07-28T10:38:47.396000-04:00,-2.0375688076019287,1.1074048280715942,3.1449737548828125
2026-07-28T10:38:47.400000-04:00,-4.151832580566406,3.3688628673553467,7.520695686340332
2026-07-28T10:38:47.404000-04:00,1.1180438995361328,6.903509140014648,5.785465240478516
2026-07-28T10:38:47.408000-04:00,-1.0262668132781982,5.135893821716309,6.162160873413086
2026-07-28T10:38:47.412000-04:00,-3.6309831142425537,1.5723698139190674,5.203352928161621
2026-07-28T10:38:47.416000-04:00,-1.5989092588424683,0.38113805651664734,1.980047345161438
2026-07-28T10:38:47.420000-04:00,-4.335386753082275,3.5270469188690186,7.862433433532715
2026-07-28T10:38:47.424000-04:00,-0.8911148309707642,6.257211208343506,7.1483259201049805
2026-07-28T10:38:47.428000-04:00,-1.5383479595184326,4.738855361938477,6.277203559875488
2026-07-28T10:38:47.432000-04:00,-3.2407257556915283,1.142946481704712,4.38367223739624
2026-07-28T10:38:47.436000-04:00,-1.6697587966918945,0.4489479064941406,2.118706703186035
2026-07-28T10:38:47.440000-04:00,-4.501988887786865,3.6430251598358154,8.145013809204102
2026-07-28T10:38:47.444000-04:00,1.1816449165344238,6.656470775604248,5.474825859069824
2026-07-28T10:38:47.448000-04:00,-2.0109124183654785,4.4595489501953125,6.470461368560791
2026-07-28T10:38:47.452000-04:00,-4.348247528076172,2.2702267169952393,6.618474006652832
2026-07-28T10:38:47.456000-04:00,-1.785035490989685,0.6108731031417847,2.3959085941314697
2026-07-28T10:38:47.460000-04:00,-3.757249593734741,3.861419439315796,7.618669033050537
2026-07-28T10:38:47.464000-04:00,0.3821902871131897,6.603743076324463,6.221552848815918
2026-07-28T10:38:47.468000-04:00,-2.436126947402954,4.166797637939453,6.602924346923828
2026-07-28T10:38:47.472000-04:00,-4.139673709869385,1.9977011680603027,6.1373748779296875
2026-07-28T10:38:47.476000-04:00,-1.913172721862793,0.8904133439064026,2.803586006164551
2026-07-28T10:38:47.480000-04:00,-3.977748394012451,3.1289563179016113,7.1067047119140625
2026-07-28T10:38:47.484000-04:00,0.8352301716804504,6.77759313583374,5.9423627853393555
2026-07-28T10:38:47.488000-04:00,-0.7397118210792542,5.267304420471191,6.007016181945801
2026-07-28T10:38:47.492000-04:00,-3.879775047302246,1.7878414392471313,5.667616367340088
2026-07-28T10:38:47.496000-04:00,-2.080125331878662,1.104014277458191,3.1841397285461426
2026-07-28T10:38:47.500000-04:00,-4.189595699310303,3.3724873065948486,7.5620832443237305
2026-07-28T10:38:47.504000-04:00,1.1006238460540771,6.825995445251465,5.725371360778809
2026-07-28T10:38:47.508000-04:00,-1.1855030059814453,5.00191068649292,6.187413692474365
2026-07-28T10:38:47.512000-04:00,-3.5532355308532715,1.4573270082473755,5.010562419891357
2026-07-28T10:38:47.516000-04:00,-1.622291922569275,0.4339829683303833,2.056274890899658
2026-07-28T10:38:47.520000-04:00,-4.387881278991699,3.571824789047241,7.9597063064575195
2026-07-28T10:38:47.524000-04:00,-0.7516369819641113,6.292285442352295,7.043922424316406
2026-07-28T10:38:47.528000-04:00,-1.6294236183166504,4.703313827514648,6.332737445831299
2026-07-28T10:38:47.532000-04:00,-3.174318790435791,1.1411927938461304,4.315511703491211
2026-07-28T10:38:47.536000-04:00,-1.7050666809082031,0.5803586840629578,2.2854254245758057
2026-07-28T10:38:47.540000-04:00,-4.524552822113037,3.7666027545928955,8.291155815124512
2026-07-28T10:38:47.544000-04:00,-0.0710834190249443,6.496767044067383,6.567850589752197
2026-07-28T10:38:47.548000-04:00,-2.060483694076538,4.465277671813965,6.525761604309082
2026-07-28T10:38:47.552000-04:00,-4.303469657897949,2.3140692710876465,6.617538928985596
2026-07-28T10:38:47.556000-04:00,-1.8265398740768433,0.7698754668235779,2.5964152812957764
2026-07-28T10:38:47.560000-04:00,-4.594233512878418,4.00685977935791,8.601093292236328
2026-07-28T10:38:47.564000-04:00,0.49606403708457947,6.677515506744385,6.181451320648193
2026-07-28T10:38:47.568000-04:00,-2.531294584274292,4.194973945617676,6.726268768310547
2026-07-28T10:38:47.572000-04:00,-4.104365825653076,2.0174596309661865,6.121825218200684
2026-07-28T10:38:47.576000-04:00,-1.9760721921920776,0.9162511825561523,2.8923234939575195
2026-07-28T10:38:47.580000-04:00,-4.054560661315918,3.1937265396118164,7.248287200927734
2026-07-28T10:38:47.584000-04:00,0.8797742128372192,6.742519378662109,5.86274528503418
2026-07-28T10:38:47.588000-04:00,-0.8846845626831055,5.090999126434326,5.975683689117432
2026-07-28T10:38:47.592000-04:00,-3.80483341217041,1.5721360445022583,5.376969337463379
2026-07-28T10:38:47.596000-04:00,-2.1513254642486572,1.1473891735076904,3.2987146377563477
2026-07-28T10:38:47.600000-04:00,-4.272253513336182,3.4027678966522217,7.675021171569824
2026-07-28T10:38:47.604000-04:00,1.0461421012878418,6.73842716217041,5.692285060882568
2026-07-28T10:38:47.608000-04:00,-1.4057680368423462,4.850741863250732,6.256509780883789
2026-07-28T10:38:47.612000-04:00,-3.4806323051452637,1.3450900316238403,4.8257222175598145
2026-07-28T10:38:47.616000-04:00,-1.6607564687728882,0.476071834564209,2.1368284225463867
2026-07-28T10:38:47.620000-04:00,-4.440492153167725,3.581996202468872,8.022488594055176
2026-07-28T10:38:47.624000-04:00,-0.6626657843589783,6.2830491065979,6.945714950561523
2026-07-28T10:38:47.628000-04:00,-1.819875717163086,4.578683853149414,6.3985595703125
2026-07-28T10:38:47.632000-04:00,-3.115394353866577,1.0551444292068481,4.170538902282715
2026-07-28T10:38:47.636000-04:00,-1.743765115737915,0.6489869356155396,2.392752170562744
2026-07-28T10:38:47.640000-04:00,-4.567811012268066,3.8118481636047363,8.379659652709961
2026-07-28T10:38:47.644000-04:00,0.011925178579986095,6.522371292114258,6.510446071624756
2026-07-28T10:38:47.648000-04:00,-2.2336325645446777,4.3745527267456055,6.608185291290283
2026-07-28T10:38:47.652000-04:00,-4.288504600524902,2.2517542839050293,6.540258884429932
2026-07-28T10:38:47.656000-04:00,-1.85191011428833,0.8830477595329285,2.7349579334259033
2026-07-28T10:38:47.660000-04:00,-4.593765735626221,4.128917694091797,8.72268295288086
2026-07-28T10:38:47.664000-04:00,0.5849183201789856,6.751872539520264,6.166954040527344
2026-07-28T10:38:47.668000-04:00,-2.586009979248047,4.2313337326049805,6.817343711853027
2026-07-28T10:38:47.672000-04:00,-4.052690029144287,2.057093381881714,6.109783172607422
2026-07-28T10:38:47.676000-04:00,-1.9992210865020752,1.1204991340637207,3.119720220565796
2026-07-28T10:38:47.680000-04:00,-4.073968410491943,3.312159776687622,7.3861284255981445
2026-07-28T10:38:47.684000-04:00,0.9646534323692322,6.8487935066223145,5.8841400146484375
2026-07-28T10:38:47.688000-04:00,-0.9365941882133484,5.189089298248291,6.125683307647705
2026-07-28T10:38:47.692000-04:00,-3.753859043121338,1.7570931911468506,5.510951995849609
2026-07-28T10:38:47.696000-04:00,-2.1665244102478027,1.3302419185638428,3.4967663288116455
2026-07-28T10:38:47.700000-04:00,-4.261848449707031,3.573110818862915,7.834959030151367
2026-07-28T10:38:47.704000-04:00,1.159548282623291,6.858964920043945,5.699416637420654
2026-07-28T10:38:47.708000-04:00,-1.3421671390533447,4.960289478302002,6.302456855773926
2026-07-28T10:38:47.712000-04:00,-3.397272825241089,1.4427127838134766,4.8399858474731445
2026-07-28T10:38:47.716000-04:00,-1.6778258085250854,0.6355418562889099,2.3133676052093506
2026-07-28T10:38:47.720000-04:00,-4.451481819152832,3.763913631439209,8.215394973754883
2026-07-28T10:38:47.724000-04:00,-0.4653157889842987,6.44392204284668,6.909237861633301
2026-07-28T10:38:47.728000-04:00,-1.8521438837051392,4.648247718811035,6.500391483306885
2026-07-28T10:38:47.732000-04:00,-3.0278260707855225,1.0923229455947876,4.1201491355896
2026-07-28T10:38:47.736000-04:00,-1.7679661512374878,0.7609900832176208,2.528956174850464
2026-07-28T10:38:47.740000-04:00,-4.5867509841918945,3.944661855697632,8.531413078308105
2026-07-28T10:38:47.744000-04:00,0.16239286959171295,6.624787330627441,6.4623942375183105
2026-07-28T10:38:47.748000-04:00,-2.332658529281616,4.359237194061279,6.691895484924316
2026-07-28T10:38:47.752000-04:00,-4.234841346740723,2.2386598587036133,6.473501205444336
2026-07-28T10:38:47.756000-04:00,-1.892362117767334,0.9201093316078186,2.812471389770508
2026-07-28T10:38:47.760000-04:00,-4.599143981933594,4.168551445007324,8.767695426940918
2026-07-28T10:38:47.764000-04:00,0.6771630644798279,6.780048370361328,6.1028852462768555
2026-07-28T10:38:47.768000-04:00,-2.741621971130371,4.127514839172363,6.869136810302734
2026-07-28T10:38:47.772000-04:00,-3.9906089305877686,1.931294322013855,5.921903133392334
2026-07-28T10:38:47.776000-04:00,-2.03745174407959,1.0877633094787598,3.1252150535583496
2026-07-28T10:38:47.780000-04:00,-4.11173152923584,3.296844244003296,7.408576011657715
2026-07-28T10:38:47.784000-04:00,0.9558848738670349,6.751755237579346,5.795870304107666
2026-07-28T10:38:47.788000-04:00,-1.0828529596328735,5.03277587890625,6.115628719329834
2026-07-28T10:38:47.792000-04:00,-3.6625497341156006,1.5575218200683594,5.220071792602539
2026-07-28T10:38:47.796000-04:00,-2.21855092048645,1.2907252311706543,3.5092761516571045
2026-07-28T10:38:47.800000-04:00,-4.31983757019043,3.5235395431518555,7.843377113342285
2026-07-28T10:38:47.804000-04:00,1.1409590244293213,6.79197359085083,5.65101432800293
2026-07-28T10:38:47.808000-04:00,-1.4934532642364502,4.809237480163574,6.302690505981445
2026-07-28T10:38:47.812000-04:00,-3.3160181045532227,1.2654718160629272,4.5814900398254395
2026-07-28T10:38:47.816000-04:00,-1.6808656454086304,0.5406081080436707,2.2214736938476562
2026-07-28T10:38:47.820000-04:00,-4.484334945678711,3.6464154720306396,8.13075065612793
2026-07-28T10:38:47.824000-04:00,-0.36512091755867004,2.8102500438690186,3.175370931625366
2026-07-28T10:38:47.828000-04:00,-1.9912710189819336,4.438387870788574,6.429658889770508
2026-07-28T10:38:47.832000-04:00,-2.959197998046875,0.8731101155281067,3.832308053970337
2026-07-28T10:38:47.836000-04:00,-1.8104057312011719,0.643375039100647,2.4537806510925293
2026-07-28T10:38:47.840000-04:00,-4.606509208679199,3.923266887664795,8.529775619506836
2026-07-28T10:38:47.844000-04:00,0.30409204959869385,6.603976726531982,6.299884796142578
2026-07-28T10:38:47.848000-04:00,-2.356041193008423,4.31983757019043,6.675878524780273
2026-07-28T10:38:47.852000-04:00,-4.204677581787109,2.162081718444824,6.366759300231934
2026-07-28T10:38:47.856000-04:00,-1.9604058265686035,0.9351912140846252,2.895596981048584
2026-07-28T10:38:47.860000-04:00,-4.623344898223877,4.1482086181640625,8.771553039550781
2026-07-28T10:38:47.864000-04:00,0.7599378228187561,6.714343070983887,5.954405307769775
2026-07-28T10:38:47.868000-04:00,-2.879696846008301,3.974825620651245,6.854522705078125
2026-07-28T10:38:47.872000-04:00,-3.9527289867401123,1.7748640775680542,5.727592945098877
2026-07-28T10:38:47.876000-04:00,-2.1190574169158936,1.0937259197235107,3.2127833366394043
2026-07-28T10:38:47.880000-04:00,-4.2070159912109375,3.3071324825286865,7.514148712158203
2026-07-28T10:38:47.884000-04:00,0.9800859689712524,6.721007347106934,5.740921497344971
2026-07-28T10:38:47.888000-04:00,-1.2178881168365479,4.935971736907959,6.153860092163086
2026-07-28T10:38:47.892000-04:00,-3.621279239654541,1.4512474536895752,5.072526931762695
2026-07-28T10:38:47.896000-04:00,-2.304248332977295,1.2494547367095947,3.5537030696868896
2026-07-28T10:38:47.900000-04:00,-4.3882317543029785,3.4646151065826416,7.852847099304199
2026-07-28T10:38:47.904000-04:00,1.0584180355072021,6.636127948760986,5.577710151672363
2026-07-28T10:38:47.908000-04:00,-1.698051929473877,4.625098705291748,6.323150634765625
2026-07-28T10:38:47.912000-04:00,-3.243297815322876,1.1057679653167725,4.349065780639648
2026-07-28T10:38:47.916000-04:00,-1.73043692111969,0.5838660597801208,2.314302921295166
2026-07-28T10:38:47.920000-04:00,-4.539985656738281,3.721824884414673,8.261810302734375
2026-07-28T10:38:47.924000-04:00,-0.20459865033626556,6.569253444671631,6.7738518714904785
2026-07-28T10:38:47.928000-04:00,-2.111691951751709,4.377125263214111,6.48881721496582
2026-07-28T10:38:47.932000-04:00,-2.853274345397949,0.829384446144104,3.6826586723327637
2026-07-28T10:38:47.936000-04:00,-1.8434922695159912,0.7139908075332642,2.557483196258545
2026-07-28T10:38:47.940000-04:00,-4.6081461906433105,3.888075828552246,8.496221542358398
2026-07-28T10:38:47.944000-04:00,0.38031965494155884,6.493961334228516,6.113641738891602
2026-07-28T10:38:47.948000-04:00,-2.5457918643951416,4.073968410491943,6.619760513305664
2026-07-28T10:38:47.952000-04:00,-4.138154029846191,1.9507019519805908,6.088855743408203
2026-07-28T10:38:47.956000-04:00,-1.9833208322525024,0.8898287415504456,2.8731496334075928
2026-07-28T10:38:47.960000-04:00,-4.596922397613525,4.151832580566406,8.748754501342773
2026-07-28T10:38:47.964000-04:00,0.7774748802185059,6.644428730010986,5.8669538497924805
2026-07-28T10:38:47.968000-04:00,-2.9731106758117676,3.898364305496216,6.8714752197265625
2026-07-28T10:38:47.972000-04:00,-3.8683173656463623,1.7136013507843018,5.581918716430664
2026-07-28T10:38:47.976000-04:00,-2.159743309020996,1.1587297916412354,3.3184731006622314
2026-07-28T10:38:47.980000-04:00,-4.250391006469727,3.3790342807769775,7.629425048828125
2026-07-28T10:38:47.984000-04:00,1.0402964353561401,6.7109527587890625,5.670656204223633
2026-07-28T10:38:47.988000-04:00,-1.3475451469421387,4.847935676574707,6.195480823516846
2026-07-28T10:38:47.992000-04:00,-3.5210843086242676,1.430319905281067,4.951404094696045
2026-07-28T10:38:47.996000-04:00,-2.3293848037719727,1.4202653169631958,3.749650001525879
2026-07-28T10:38:48-04:00,-4.416641712188721,3.618239402770996,8.034881591796875
2026-07-28T10:38:48.004000-04:00,1.1415435075759888,6.609588623046875,5.468045234680176
2026-07-28T10:38:48.008000-04:00,-1.7383869886398315,4.568161964416504,6.306549072265625
2026-07-28T10:38:48.012000-04:00,-3.1615753173828125,1.1338272094726562,4.295402526855469
2026-07-28T10:38:48.016000-04:00,-1.7587299346923828,0.7013641595840454,2.4600939750671387
2026-07-28T10:38:48.020000-04:00,-4.5570549964904785,3.838738203048706,8.395792961120605
2026-07-28T10:38:48.024000-04:00,0.14017930626869202,6.555574417114258,6.415395259857178
2026-07-28T10:38:48.028000-04:00,-2.193180561065674,4.349767208099365,6.542947769165039
2026-07-28T10:38:48.032000-04:00,-2.7752931118011475,0.8658614754676819,3.6411545276641846
2026-07-28T10:38:48.036000-04:00,-1.8645367622375488,0.906196653842926,2.77073335647583
2026-07-28T10:38:48.040000-04:00,-4.613758087158203,4.097818851470947,8.711576461791992
2026-07-28T10:38:48.044000-04:00,0.5030788779258728,6.652144908905029,6.149065971374512
2026-07-28T10:38:48.048000-04:00,-2.654989004135132,4.077008247375488,6.731997489929199
2026-07-28T10:38:48.052000-04:00,-4.0756049156188965,1.964848518371582,6.0404534339904785
2026-07-28T10:38:48.056000-04:00,-2.01056170463562,1.0814499855041504,3.0920116901397705
2026-07-28T10:38:48.060000-04:00,-4.541622161865234,4.239751815795898,8.781373977661133
2026-07-28T10:38:48.064000-04:00,0.9211615920066833,6.700664043426514,5.7795023918151855
2026-07-28T10:38:48.068000-04:00,-3.085113763809204,3.8258779048919678,6.910991668701172
2026-07-28T10:38:48.072000-04:00,-3.7926743030548096,1.6800471544265747,5.472721576690674
2026-07-28T10:38:48.076000-04:00,-2.181723117828369,1.2583401203155518,3.440063238143921
2026-07-28T10:38:48.080000-04:00,-4.275644302368164,3.4616923332214355,7.7373366355896
2026-07-28T10:38:48.084000-04:00,1.0416994094848633,6.688271522521973,5.646572113037109
2026-07-28T10:38:48.088000-04:00,-1.4960253238677979,4.768200874328613,6.264225959777832
2026-07-28T10:38:48.092000-04:00,-3.4436874389648438,1.3337494134902954,4.77743673324585
2026-07-28T10:38:48.096000-04:00,-2.3670310974121094,1.459080696105957,3.8261117935180664
2026-07-28T10:38:48.100000-04:00,-4.448559284210205,3.6466493606567383,8.095209121704102
2026-07-28T10:38:48.104000-04:00,1.0969995260238647,6.602690696716309,5.505691051483154
2026-07-28T10:38:48.108000-04:00,-1.8883870840072632,4.497779846191406,6.386167049407959
2026-07-28T10:38:48.112000-04:00,-3.0480523109436035,0.9810212850570679,4.029073715209961
2026-07-28T10:38:48.116000-04:00,-1.773461103439331,0.7367889881134033,2.5102500915527344
2026-07-28T10:38:48.120000-04:00,-4.570850849151611,3.883282423019409,8.454133033752441
2026-07-28T10:38:48.124000-04:00,1.0607563257217407,6.513368606567383,5.452612400054932
2026-07-28T10:38:48.128000-04:00,-2.293024778366089,4.284061908721924,6.577086448669434
2026-07-28T10:38:48.132000-04:00,-2.683515787124634,0.8083400130271912,3.4918558597564697
2026-07-28T10:38:48.136000-04:00,-1.9022997617721558,0.946765661239624,2.8490653038024902
2026-07-28T10:38:48.140000-04:00,-4.598442554473877,4.13651704788208,8.734959602355957
2026-07-28T10:38:48.144000-04:00,0.6273579001426697,6.660913467407227,6.033555507659912
2026-07-28T10:38:48.148000-04:00,-2.7360100746154785,4.038426399230957,6.7744364738464355
2026-07-28T10:38:48.152000-04:00,-4.014342308044434,1.9046380519866943,5.918980598449707
2026-07-28T10:38:48.156000-04:00,-2.0620036125183105,1.1180438995361328,3.1800475120544434
2026-07-28T10:38:48.160000-04:00,-4.530632495880127,4.342986106872559,8.873619079589844
2026-07-28T10:38:48.164000-04:00,0.9198755025863647,6.7233452796936035,5.803469657897949
2026-07-28T10:38:48.168000-04:00,-3.224240779876709,3.8035473823547363,7.027788162231445
2026-07-28T10:38:48.172000-04:00,-3.6786837577819824,1.6011306047439575,5.27981424331665
2026-07-28T10:38:48.176000-04:00,-2.2076778411865234,1.3456745147705078,3.5533523559570312
2026-07-28T10:38:48.180000-04:00,-4.309899806976318,3.540492057800293,7.850391864776611
2026-07-28T10:38:48.184000-04:00,1.0405303239822388,6.726034641265869,5.68550443649292
2026-07-28T10:38:48.188000-04:00,-1.5771633386611938,4.743999481201172,6.321162700653076
2026-07-28T10:38:48.192000-04:00,-3.3279430866241455,1.30814528465271,4.6360883712768555
2026-07-28T10:38:48.196000-04:00,-2.407599925994873,1.5872178077697754,3.9948177337646484
2026-07-28T10:38:48.200000-04:00,-4.473111152648926,3.799689292907715,8.27280044555664
2026-07-28T10:38:48.204000-04:00,1.0791116952896118,6.667109966278076,5.587998390197754
2026-07-28T10:38:48.208000-04:00,-2.0381531715393066,4.517772197723389,6.555925369262695
2026-07-28T10:38:48.212000-04:00,-2.9511308670043945,1.018667459487915,3.9697983264923096
2026-07-28T10:38:48.216000-04:00,-1.7916996479034424,0.7905691862106323,2.582268714904785
2026-07-28T10:38:48.220000-04:00,-4.593181133270264,3.985581636428833,8.578763008117676
2026-07-28T10:38:48.224000-04:00,0.9596261382102966,6.549495220184326,5.589869022369385
2026-07-28T10:38:48.228000-04:00,-2.4910762310028076,4.248754024505615,6.739830017089844
2026-07-28T10:38:48.232000-04:00,-2.5713958740234375,0.7462589740753174,3.317654848098755
2026-07-28T10:38:48.236000-04:00,-1.937490701675415,1.0013642311096191,2.938854932785034
2026-07-28T10:38:48.240000-04:00,-4.611536502838135,4.221396446228027,8.83293342590332
2026-07-28T10:38:48.244000-04:00,0.6971552968025208,6.744039058685303,6.046883583068848
2026-07-28T10:38:48.248000-04:00,-2.9154722690582275,3.9679276943206787,6.883399963378906
2026-07-28T10:38:48.252000-04:00,-3.950975179672241,1.7918164730072021,5.742791652679443
2026-07-28T10:38:48.256000-04:00,-2.1106395721435547,1.1386207342147827,3.249260425567627
2026-07-28T10:38:48.260000-04:00,-4.5011701583862305,4.4256439208984375,8.926814079284668
2026-07-28T10:38:48.264000-04:00,0.9627828001976013,6.721357822418213,5.758574962615967
2026-07-28T10:38:48.268000-04:00,-3.3355424404144287,3.713407039642334,7.048949241638184
2026-07-28T10:38:48.272000-04:00,-3.6108739376068115,1.4553394317626953,5.066213607788086
2026-07-28T10:38:48.276000-04:00,-2.28051495552063,1.3240455389022827,3.604560375213623
2026-07-28T10:38:48.280000-04:00,-4.385426044464111,3.5494942665100098,7.934920310974121
2026-07-28T10:38:48.284000-04:00,1.1207329034805298,6.691311359405518,5.570578575134277
2026-07-28T10:38:48.288000-04:00,-1.6692911386489868,5.4087700843811035,7.078061103820801
2026-07-28T10:38:48.292000-04:00,-3.2276313304901123,1.1485583782196045,4.376189708709717
2026-07-28T10:38:48.296000-04:00,-2.458223581314087,1.534256100654602,3.9924798011779785
2026-07-28T10:38:48.300000-04:00,-4.528995513916016,3.7641475200653076,8.293143272399902
2026-07-28T10:38:48.304000-04:00,1.095362663269043,6.620227813720703,5.52486515045166
2026-07-28T10:38:48.308000-04:00,-2.128176689147949,4.418629169464111,6.5468058586120605
2026-07-28T10:38:48.312000-04:00,-2.846376419067383,0.9279425740242004,3.7743189334869385
2026-07-28T10:38:48.316000-04:00,-1.832034707069397,0.8199144601821899,2.651949167251587
2026-07-28T10:38:48.320000-04:00,-4.608029365539551,4.0345683097839355,8.642597198486328
2026-07-28T10:38:48.324000-04:00,0.979150652885437,6.463212966918945,5.484062194824219
2026-07-28T10:38:48.328000-04:00,-2.5923233032226562,4.122370719909668,6.714694023132324
2026-07-28T10:38:48.332000-04:00,-2.4785664081573486,0.6354249715805054,3.1139912605285645
2026-07-28T10:38:48.336000-04:00,-1.9655499458312988,1.0143415927886963,2.979891538619995
2026-07-28T10:38:48.340000-04:00,-4.608730792999268,4.257054805755615,8.865785598754883
2026-07-28T10:38:48.344000-04:00,0.8461030721664429,6.743454456329346,5.897351264953613
2026-07-28T10:38:48.348000-04:00,-2.93967342376709,3.9578731060028076,6.897546768188477
2026-07-28T10:38:48.352000-04:00,-3.8824639320373535,1.7790729999542236,5.661537170410156
2026-07-28T10:38:48.356000-04:00,-2.147233486175537,1.2465318441390991,3.393765449523926
2026-07-28T10:38:48.360000-04:00,-4.421669006347656,4.528294086456299,8.949962615966797
2026-07-28T10:38:48.364000-04:00,1.0518709421157837,6.745325088500977,5.693454265594482
2026-07-28T10:38:48.368000-04:00,-3.365706205368042,3.71212100982666,7.077827453613281
2026-07-28T10:38:48.372000-04:00,-3.5389721393585205,1.4348795413970947,4.973851680755615
2026-07-28T10:38:48.376000-04:00,-2.3276312351226807,1.446570873260498,3.7742021083831787
2026-07-28T10:38:48.380000-04:00,-4.4179277420043945,3.672253370285034,8.090181350708008
2026-07-28T10:38:48.384000-04:00,1.1042481660842896,6.676814079284668,5.572566032409668
2026-07-28T10:38:48.388000-04:00,-1.7743964195251465,3.469876289367676,5.244272708892822
2026-07-28T10:38:48.392000-04:00,-3.130944013595581,1.1271631717681885,4.2581071853637695
2026-07-28T10:38:48.396000-04:00,-2.515861988067627,1.6449731588363647,4.160835266113281
2026-07-28T10:38:48.400000-04:00,-4.5443115234375,3.849961996078491,8.39427375793457
2026-07-28T10:38:48.404000-04:00,1.0681219100952148,6.5795416831970215,5.511419773101807
2026-07-28T10:38:48.408000-04:00,-2.2021830081939697,4.375956058502197,6.578139305114746
2026-07-28T10:38:48.412000-04:00,-2.7686288356781006,0.8851522207260132,3.653780937194824
2026-07-28T10:38:48.416000-04:00,-1.8543652296066284,0.9042091369628906,2.7585744857788086
2026-07-28T10:38:48.420000-04:00,-4.609315395355225,4.092206954956055,8.701522827148438
2026-07-28T10:38:48.424000-04:00,0.9182387590408325,6.433049201965332,5.514810562133789
2026-07-28T10:38:48.428000-04:00,-2.666095733642578,4.107522487640381,6.773618221282959
2026-07-28T10:38:48.432000-04:00,-2.4292290210723877,0.6294623613357544,3.0586915016174316
2026-07-28T10:38:48.436000-04:00,-2.0139522552490234,1.0586519241333008,3.072604179382324
2026-07-28T10:38:48.440000-04:00,-4.594583988189697,4.285698890686035,8.88028335571289
2026-07-28T10:38:48.444000-04:00,0.8050664663314819,6.6990275382995605,5.893960952758789
2026-07-28T10:38:48.448000-04:00,-3.0921285152435303,3.8653945922851562,6.957523345947266
2026-07-28T10:38:48.452000-04:00,-3.80904221534729,1.6992210149765015,5.508263111114502
2026-07-28T10:38:48.456000-04:00,-2.2065086364746094,1.3275529146194458,3.5340614318847656
2026-07-28T10:38:48.460000-04:00,-4.393726825714111,4.598559379577637,8.992286682128906
2026-07-28T10:38:48.464000-04:00,0.9976230263710022,6.698208808898926,5.700585842132568
2026-07-28T10:38:48.468000-04:00,-3.501209020614624,3.6356594562530518,7.136868476867676
2026-07-28T10:38:48.472000-04:00,-3.4657843112945557,1.370577096939087,4.836361408233643
2026-07-28T10:38:48.476000-04:00,-2.398247003555298,1.502806305885315,3.9010534286499023
2026-07-28T10:38:48.480000-04:00,-4.47638463973999,3.6983251571655273,8.17470932006836
2026-07-28T10:38:48.484000-04:00,1.0365551710128784,6.6003522872924805,5.5637969970703125
2026-07-28T10:38:48.488000-04:00,-1.932112693786621,3.395986795425415,5.328099250793457
2026-07-28T10:38:48.492000-04:00,-3.0961036682128906,1.0447391271591187,4.140842914581299
2026-07-28T10:38:48.496000-04:00,-2.6176936626434326,1.7317229509353638,4.349416732788086
2026-07-28T10:38:48.500000-04:00,-4.606626510620117,3.884451389312744,8.491077423095703
2026-07-28T10:38:48.504000-04:00,0.9672254920005798,6.426969528198242,5.459743976593018
2026-07-28T10:38:48.508000-04:00,-2.395090341567993,4.172994136810303,6.568084716796875
2026-07-28T10:38:48.512000-04:00,-2.7195253372192383,0.7325800657272339,3.4521055221557617
2026-07-28T10:38:48.516000-04:00,-1.9342172145843506,0.9000002145767212,2.8342175483703613
2026-07-28T10:38:48.520000-04:00,-4.664264678955078,4.075488090515137,8.739752769470215
2026-07-28T10:38:48.524000-04:00,0.8002730011940002,6.293220520019531,5.492947578430176
2026-07-28T10:38:48.528000-04:00,-2.814692735671997,3.9834773540496826,6.79817008972168
2026-07-28T10:38:48.532000-04:00,-2.356508731842041,0.5676150918006897,2.924123764038086
2026-07-28T10:38:48.536000-04:00,-2.0680830478668213,1.1393221616744995,3.2074050903320312
2026-07-28T10:38:48.540000-04:00,-4.582776069641113,4.332464218139648,8.915240287780762
2026-07-28T10:38:48.544000-04:00,0.8222527503967285,6.644428730010986,5.822175979614258
2026-07-28T10:38:48.548000-04:00,-3.2383873462677,3.729307174682617,6.967694282531738
2026-07-28T10:38:48.552000-04:00,-3.727787494659424,1.541738510131836,5.26952600479126
2026-07-28T10:38:48.556000-04:00,-2.2440381050109863,1.31223726272583,3.5562753677368164
2026-07-28T10:38:48.560000-04:00,-4.3330488204956055,4.598793029785156,8.931841850280762
2026-07-28T10:38:48.564000-04:00,1.0322294235229492,6.642909049987793,5.610679626464844
2026-07-28T10:38:48.568000-04:00,-3.5828146934509277,3.532074213027954,7.114889144897461
2026-07-28T10:38:48.572000-04:00,-3.3630173206329346,1.2657057046890259,4.62872314453125
2026-07-28T10:38:48.576000-04:00,-2.4639523029327393,1.574708104133606,4.038660526275635
2026-07-28T10:38:48.580000-04:00,-4.515316963195801,3.763796806335449,8.27911376953125
2026-07-28T10:38:48.584000-04:00,1.0633283853530884,6.555340766906738,5.4920125007629395
2026-07-28T10:38:48.588000-04:00,-3.9282941818237305,3.301637649536133,7.229931831359863
2026-07-28T10:38:48.592000-04:00,-2.93955659866333,0.9142636656761169,3.853820323944092
2026-07-28T10:38:48.596000-04:00,-2.6636404991149902,1.7394392490386963,4.403079986572266
2026-07-28T10:38:48.600000-04:00,-4.628021240234375,3.9104063510894775,8.538427352905273
2026-07-28T10:38:48.604000-04:00,0.8731101155281067,6.319759845733643,5.446649551391602
2026-07-28T10:38:48.608000-04:00,-2.5433366298675537,4.107990264892578,6.651327133178711
2026-07-28T10:38:48.612000-04:00,-2.5884652137756348,0.6665239334106445,3.2549891471862793
2026-07-28T10:38:48.616000-04:00,-1.9391275644302368,0.9395170211791992,2.8786444664001465
2026-07-28T10:38:48.620000-04:00,-4.63690710067749,4.140491962432861,8.777399063110352
2026-07-28T10:38:48.624000-04:00,0.7405301928520203,6.250664234161377,5.510134220123291
2026-07-28T10:38:48.628000-04:00,-2.9124324321746826,3.915433645248413,6.827866077423096
2026-07-28T10:38:48.632000-04:00,-2.27221417427063,0.5033127069473267,2.775527000427246
2026-07-28T10:38:48.636000-04:00,-2.1052615642547607,1.1515980958938599,3.25685977935791
2026-07-28T10:38:48.640000-04:00,-4.533087730407715,4.398403167724609,8.931490898132324
2026-07-28T10:38:48.644000-04:00,0.8877243399620056,6.65191125869751,5.764186859130859
2026-07-28T10:38:48.648000-04:00,-3.3153164386749268,3.7048723697662354,7.020188808441162
2026-07-28T10:38:48.652000-04:00,-3.6564700603485107,1.514965295791626,5.171435356140137
2026-07-28T10:38:48.656000-04:00,-2.2670700550079346,1.3311772346496582,3.5982472896575928
2026-07-28T10:38:48.660000-04:00,-4.2569379806518555,4.684139728546143,8.941078186035156
2026-07-28T10:38:48.664000-04:00,1.0452067852020264,6.65997838973999,5.614771842956543
2026-07-28T10:38:48.668000-04:00,-3.6519105434417725,3.542128801345825,7.194039344787598
2026-07-28T10:38:48.672000-04:00,-3.3136796951293945,1.2408031225204468,4.554482936859131
2026-07-28T10:38:48.676000-04:00,-2.509899377822876,1.6194859743118286,4.129385471343994
2026-07-28T10:38:48.680000-04:00,-4.550157070159912,3.805534839630127,8.355691909790039
2026-07-28T10:38:48.684000-04:00,1.0620423555374146,6.566330432891846,5.504288196563721
2026-07-28T10:38:48.688000-04:00,-3.9430251121520996,3.347935438156128,7.290960311889648
2026-07-28T10:38:48.692000-04:00,-2.918044328689575,0.9602106809616089,3.8782548904418945
2026-07-28T10:38:48.696000-04:00,-2.716602325439453,1.8576388359069824,4.5742411613464355
2026-07-28T10:38:48.700000-04:00,-4.618317604064941,4.032814979553223,8.651132583618164
2026-07-28T10:38:48.704000-04:00,0.9575216770172119,6.409666538238525,5.452144622802734
2026-07-28T10:38:48.708000-04:00,-2.5144588947296143,4.140141487121582,6.654600143432617
2026-07-28T10:38:48.712000-04:00,-2.5439212322235107,0.7110679745674133,3.2549891471862793
2026-07-28T10:38:48.716000-04:00,-1.9902187585830688,1.0680049657821655,3.0582237243652344
2026-07-28T10:38:48.720000-04:00,-4.610133647918701,4.23764705657959,8.847780227661133
2026-07-28T10:38:48.724000-04:00,0.7401794791221619,6.220266819000244,5.4800872802734375
2026-07-28T10:38:48.728000-04:00,-2.9735782146453857,3.8766183853149414,6.850196838378906
2026-07-28T10:38:48.732000-04:00,-2.225799560546875,0.48799699544906616,2.713796615600586
2026-07-28T10:38:48.736000-04:00,-2.1577558517456055,1.2175372838974,3.375293254852295
2026-07-28T10:38:48.740000-04:00,-4.4786057472229,4.442479610443115,8.921085357666016
2026-07-28T10:38:48.744000-04:00,0.9551833868026733,6.625839710235596,5.670656204223633
2026-07-28T10:38:48.748000-04:00,-3.4139914512634277,3.626072645187378,7.040063858032227
2026-07-28T10:38:48.752000-04:00,-3.590881586074829,1.4354641437530518,5.026345729827881
2026-07-28T10:38:48.756000-04:00,-2.3394393920898438,1.4369839429855347,3.776423454284668
2026-07-28T10:38:48.760000-04:00,-4.1523003578186035,4.677008152008057,8.82930850982666
2026-07-28T10:38:48.764000-04:00,1.0768903493881226,6.596961975097656,5.520071506500244
2026-07-28T10:38:48.768000-04:00,-3.71223783493042,3.4386603832244873,7.150897979736328
2026-07-28T10:38:48.772000-04:00,-3.199922800064087,1.1423619985580444,4.342284679412842
2026-07-28T10:38:48.776000-04:00,-2.5394785404205322,1.6482467651367188,4.187725067138672
2026-07-28T10:38:48.780000-04:00,-4.553313732147217,3.8266961574554443,8.380009651184082
2026-07-28T10:38:48.784000-04:00,1.0622762441635132,6.5124335289001465,5.450157165527344
2026-07-28T10:38:48.788000-04:00,-3.9935317039489746,3.2743968963623047,7.267928600311279
2026-07-28T10:38:48.792000-04:00,-2.802299976348877,0.8766175508499146,3.678917407989502
2026-07-28T10:38:48.796000-04:00,-2.7543654441833496,1.9019490480422974,4.656314373016357
2026-07-28T10:38:48.800000-04:00,-4.610367298126221,4.014576435089111,8.624943733215332
2026-07-28T10:38:48.804000-04:00,0.9093533158302307,6.310056209564209,5.400702953338623
2026-07-28T10:38:48.808000-04:00,-2.621551752090454,4.0886993408203125,6.7102508544921875
2026-07-28T10:38:48.812000-04:00,-2.447935104370117,0.6381139755249023,3.0860490798950195
2026-07-28T10:38:48.816000-04:00,-2.0085742473602295,1.0616916418075562,3.070265769958496
2026-07-28T10:38:48.820000-04:00,-4.593181133270264,4.246181964874268,8.839363098144531
2026-07-28T10:38:48.824000-04:00,0.6730710864067078,6.1915059089660645,5.518435001373291
2026-07-28T10:38:48.828000-04:00,-3.048403024673462,3.9016377925872803,6.950040817260742
2026-07-28T10:38:48.832000-04:00,-2.150974750518799,0.5002729296684265,2.65124773979187
2026-07-28T10:38:48.836000-04:00,-2.1779818534851074,1.3353861570358276,3.5133681297302246
2026-07-28T10:38:48.840000-04:00,-4.404482841491699,4.584412574768066,8.988895416259766
2026-07-28T10:38:48.844000-04:00,1.0048716068267822,6.728372573852539,5.723501205444336
2026-07-28T10:38:48.848000-04:00,-3.442986011505127,3.6662909984588623,7.10927677154541
2026-07-28T10:38:48.852000-04:00,-3.4915051460266113,0.38312557339668274,3.8746306896209717
2026-07-28T10:38:48.856000-04:00,-2.356041193008423,1.4978959560394287,3.8539371490478516
2026-07-28T10:38:48.860000-04:00,-4.071396350860596,4.855067729949951,8.926464080810547
2026-07-28T10:38:48.864000-04:00,1.0553783178329468,6.646650314331055,5.591271877288818
2026-07-28T10:38:48.868000-04:00,-3.810211420059204,3.4409985542297363,7.2512102127075195
2026-07-28T10:38:48.872000-04:00,-3.110250234603882,1.107287883758545,4.217537879943848
2026-07-28T10:38:48.876000-04:00,-2.5718634128570557,1.6978180408477783,4.269681453704834
2026-07-28T10:38:48.880000-04:00,-4.589323043823242,3.8817625045776367,8.471085548400879
2026-07-28T10:38:48.884000-04:00,1.010015845298767,6.538739204406738,5.528723239898682
2026-07-28T10:38:48.888000-04:00,-4.069174766540527,3.2466883659362793,7.315863132476807
2026-07-28T10:38:48.892000-04:00,-2.723149538040161,0.8060017824172974,3.529151439666748
2026-07-28T10:38:48.896000-04:00,-2.78312611579895,1.9095484018325806,4.69267463684082
2026-07-28T10:38:48.900000-04:00,-4.6200714111328125,4.101910591125488,8.7219820022583
2026-07-28T10:38:48.904000-04:00,0.9295793771743774,6.413758277893066,5.4841790199279785
2026-07-28T10:38:48.908000-04:00,-2.670304775238037,4.109744071960449,6.780048847198486
2026-07-28T10:38:48.912000-04:00,-2.350078582763672,0.581527829170227,2.9316062927246094
2026-07-28T10:38:48.916000-04:00,-2.0127830505371094,1.092673659324646,3.105456829071045
2026-07-28T10:38:48.920000-04:00,-4.549689292907715,4.368824005126953,8.918513298034668
2026-07-28T10:38:48.924000-04:00,0.6929463744163513,6.280360221862793,5.587413787841797
2026-07-28T10:38:48.928000-04:00,-3.0890889167785645,3.8973119258880615,6.986400604248047
2026-07-28T10:38:48.932000-04:00,-2.0363996028900146,0.37564313411712646,2.4120426177978516
2026-07-28T10:38:48.936000-04:00,-2.1672258377075195,1.2680439949035645,3.435269832611084
2026-07-28T10:38:48.940000-04:00,-4.3127055168151855,4.648013591766357,8.960719108581543
2026-07-28T10:38:48.944000-04:00,1.1480907201766968,6.818863868713379,5.670773029327393
2026-07-28T10:38:48.948000-04:00,-3.4574832916259766,3.6917779445648193,7.149261474609375
2026-07-28T10:38:48.952000-04:00,-3.348520040512085,0.24189406633377075,3.590414047241211
2026-07-28T10:38:48.956000-04:00,-2.3402578830718994,1.4696028232574463,3.8098607063293457
2026-07-28T10:38:48.960000-04:00,-3.9021053314208984,4.941700458526611,8.843805313110352
2026-07-28T10:38:48.964000-04:00,1.2049106359481812,6.749066352844238,5.544155597686768
2026-07-28T10:38:48.968000-04:00,-3.78834867477417,3.466251850128174,7.254600524902344
2026-07-28T10:38:48.972000-04:00,-2.945986747741699,0.9866331219673157,3.93261981010437
2026-07-28T10:38:48.976000-04:00,-2.530008554458618,1.6798133850097656,4.209821701049805
2026-07-28T10:38:48.980000-04:00,-4.55050802230835,3.9316844940185547,8.482192993164062
2026-07-28T10:38:48.984000-04:00,1.1263447999954224,6.656120300292969,5.529775619506836
2026-07-28T10:38:48.988000-04:00,-4.04368782043457,3.311692237854004,7.355380058288574
2026-07-28T10:38:48.992000-04:00,-2.5673038959503174,0.784255862236023,3.351559638977051
2026-07-28T10:38:48.996000-04:00,-2.7496888637542725,2.0043652057647705,4.754054069519043
2026-07-28T10:38:49-04:00,-4.562783718109131,4.227943420410156,8.790727615356445
2026-07-28T10:38:49.004000-04:00,1.0987532138824463,6.592987060546875,5.494234085083008
2026-07-28T10:38:49.008000-04:00,-2.5792291164398193,4.209353923797607,6.788582801818848
2026-07-28T10:38:49.012000-04:00,-2.2229936122894287,0.48916614055633545,2.7121596336364746
2026-07-28T10:38:49.016000-04:00,-1.9747861623764038,1.0601717233657837,3.0349578857421875
2026-07-28T10:38:49.020000-04:00,-4.443765640258789,4.449027061462402,8.892792701721191
2026-07-28T10:38:49.024000-04:00,0.8754484057426453,6.35120964050293,5.475761413574219
2026-07-28T10:38:49.028000-04:00,-2.991349220275879,3.9692137241363525,6.960562705993652
2026-07-28T10:38:49.032000-04:00,-1.929189920425415,0.32735782861709595,2.256547689437866
2026-07-28T10:38:49.036000-04:00,-2.1339054107666016,1.2729543447494507,3.406859874725342
2026-07-28T10:38:49.040000-04:00,-4.1773200035095215,4.741193771362305,8.918514251708984
2026-07-28T10:38:49.044000-04:00,1.4028452634811401,6.986401081085205,5.583555698394775
2026-07-28T10:38:49.048000-04:00,-3.375877618789673,3.772097587585449,7.147974967956543
2026-07-28T10:38:49.052000-04:00,-1.7113800048828125,0.21336716413497925,1.9247472286224365
2026-07-28T10:38:49.056000-04:00,-2.325643539428711,1.4905303716659546,3.816174030303955
2026-07-28T10:38:49.060000-04:00,-3.714576244354248,5.054054260253906,8.768630981445312
2026-07-28T10:38:49.064000-04:00,1.4375685453414917,6.884335517883301,5.4467668533325195
2026-07-28T10:38:49.068000-04:00,-3.6821911334991455,3.5390889644622803,7.221280097961426
2026-07-28T10:38:49.072000-04:00,-2.8594706058502197,0.9640688300132751,3.8235394954681396
2026-07-28T10:38:49.076000-04:00,-2.553975820541382,1.6952459812164307,4.2492218017578125
2026-07-28T10:38:49.080000-04:00,-4.557405471801758,3.94700026512146,8.504405975341797
2026-07-28T10:38:49.084000-04:00,1.2657057046890259,6.68885612487793,5.423150539398193
2026-07-28T10:38:49.088000-04:00,-4.040647983551025,3.2798917293548584,7.320539474487305
2026-07-28T10:38:49.092000-04:00,-2.483827590942383,0.6581061482429504,3.1419336795806885
2026-07-28T10:38:49.096000-04:00,-2.7722532749176025,1.9385429620742798,4.710796356201172
2026-07-28T10:38:49.100000-04:00,-4.541154861450195,4.139907360076904,8.681062698364258
2026-07-28T10:38:49.104000-04:00,1.0746690034866333,6.477593421936035,5.402924537658691
2026-07-28T10:38:49.108000-04:00,-2.69661021232605,4.093025207519531,6.78963565826416
2026-07-28T10:38:49.112000-04:00,-2.1488704681396484,0.36757609248161316,2.516446590423584
2026-07-28T10:38:49.116000-04:00,-1.9988703727722168,0.994583249092102,2.9934535026550293
2026-07-28T10:38:49.120000-04:00,-4.437920093536377,4.375956058502197,8.813876152038574
2026-07-28T10:38:49.124000-04:00,0.7398287057876587,6.217811584472656,5.477982997894287
2026-07-28T10:38:49.128000-04:00,-3.173617362976074,3.7856595516204834,6.959277153015137
2026-07-28T10:38:49.132000-04:00,-1.8878024816513062,0.16426348686218262,2.052065849304199
2026-07-28T10:38:49.136000-04:00,-2.194817304611206,1.2166019678115845,3.41141939163208
2026-07-28T10:38:49.140000-04:00,-4.179073333740234,4.660055637359619,8.839128494262695
2026-07-28T10:38:49.144000-04:00,1.2469995021820068,6.778762340545654,5.531763076782227
2026-07-28T10:38:49.148000-04:00,-3.5604841709136963,3.5722923278808594,7.132776260375977
2026-07-28T10:38:49.152000-04:00,-1.716407299041748,0.12731881439685822,1.8437261581420898
2026-07-28T10:38:49.156000-04:00,-2.4346070289611816,1.5315669775009155,3.9661741256713867
2026-07-28T10:38:49.160000-04:00,-3.570889472961426,5.130398750305176,8.701288223266602
2026-07-28T10:38:49.164000-04:00,1.3243962526321411,6.800391674041748,5.4759955406188965
2026-07-28T10:38:49.168000-04:00,-3.851832628250122,3.3856985569000244,7.2375311851501465
2026-07-28T10:38:49.172000-04:00,-2.7991433143615723,0.832658052444458,3.6318013668060303
2026-07-28T10:38:49.176000-04:00,-2.6503124237060547,1.7410759925842285,4.391388416290283
2026-07-28T10:38:49.180000-04:00,-4.584529399871826,4.01083517074585,8.595364570617676
2026-07-28T10:38:49.184000-04:00,1.14949369430542,6.601989269256592,5.452495574951172
2026-07-28T10:38:49.188000-04:00,-4.12225341796875,3.180866003036499,7.303119659423828
2026-07-28T10:38:49.192000-04:00,-2.4184730052948,0.5092752575874329,2.927748203277588
2026-07-28T10:38:49.196000-04:00,-2.903196334838867,1.9960644245147705,4.899260520935059
2026-07-28T10:38:49.200000-04:00,-4.563485145568848,4.251442909240723,8.81492805480957
2026-07-28T10:38:49.204000-04:00,0.9094702005386353,6.416798114776611,5.507328033447266
2026-07-28T10:38:49.208000-04:00,-2.860405921936035,4.016447067260742,6.876852989196777
2026-07-28T10:38:49.212000-04:00,-2.1058461666107178,0.4021824896335602,2.508028745651245
2026-07-28T10:38:49.216000-04:00,-2.0880753993988037,1.1192131042480469,3.2072885036468506
2026-07-28T10:38:49.220000-04:00,-4.367537975311279,4.528528213500977,8.896066665649414
2026-07-28T10:38:49.224000-04:00,0.6602106094360352,6.203664779663086,5.543454170227051
2026-07-28T10:38:49.228000-04:00,-3.2530016899108887,3.7605230808258057,7.013525009155273
2026-07-28T10:38:49.232000-04:00,-1.8583402633666992,0.24540147185325623,2.1037416458129883
2026-07-28T10:38:49.236000-04:00,-2.280982732772827,1.3656667470932007,3.6466493606567383
2026-07-28T10:38:49.240000-04:00,-3.999143600463867,4.816018581390381,8.815162658691406
2026-07-28T10:38:49.244000-04:00,1.3392442464828491,6.793961048126221,5.454716682434082
2026-07-28T10:38:49.248000-04:00,-3.569603443145752,3.550546407699585,7.120149612426758
2026-07-28T10:38:49.252000-04:00,-1.6735000610351562,0.14789558947086334,1.8213956356048584
2026-07-28T10:38:49.256000-04:00,-2.484996795654297,1.5545990467071533,4.039595603942871
2026-07-28T10:38:49.260000-04:00,-3.4122378826141357,5.126657485961914,8.538895606994629
2026-07-28T10:38:49.264000-04:00,1.2874516248703003,6.674241542816162,5.386789798736572
2026-07-28T10:38:49.268000-04:00,-3.903040647506714,3.3291122913360596,7.232152938842773
2026-07-28T10:38:49.272000-04:00,-2.684100389480591,0.7798131108283997,3.4639134407043457
2026-07-28T10:38:49.276000-04:00,-2.7169530391693115,1.8368282318115234,4.553781509399414
2026-07-28T10:38:49.280000-04:00,-4.5772809982299805,4.075371265411377,8.652652740478516
2026-07-28T10:38:49.284000-04:00,1.0909199714660645,6.52202033996582,5.431100368499756
2026-07-28T10:38:49.288000-04:00,-4.206197261810303,3.123812198638916,7.330009460449219
2026-07-28T10:38:49.292000-04:00,-2.3193302154541016,0.5231879949569702,2.8425183296203613
2026-07-28T10:38:49.296000-04:00,-2.929502010345459,2.014069080352783,4.943571090698242
2026-07-28T10:38:49.300000-04:00,-4.52782678604126,4.292830467224121,8.820657730102539
2026-07-28T10:38:49.304000-04:00,0.8240064382553101,6.338115215301514,5.514108657836914
2026-07-28T10:38:49.308000-04:00,-3.0205774307250977,3.8862051963806152,6.906782627105713
2026-07-28T10:38:49.312000-04:00,-2.0245912075042725,0.31742018461227417,2.3420114517211914
2026-07-28T10:38:49.316000-04:00,-2.14851975440979,2.3354642391204834,4.483983993530273
2026-07-28T10:38:49.320000-04:00,-4.332581043243408,4.619837284088135,8.952418327331543
2026-07-28T10:38:49.324000-04:00,0.5401404500007629,6.135036468505859,5.594895839691162
2026-07-28T10:38:49.328000-04:00,-3.3838279247283936,3.706976890563965,7.0908050537109375
2026-07-28T10:38:49.332000-04:00,-1.8032740354537964,0.2669135630130768,2.070187568664551
2026-07-28T10:38:49.336000-04:00,-2.343531370162964,1.4711227416992188,3.8146541118621826
2026-07-28T10:38:49.340000-04:00,-3.901871681213379,4.942635536193848,8.844507217407227
2026-07-28T10:38:49.344000-04:00,1.2737727165222168,6.81465482711792,5.540882110595703
2026-07-28T10:38:49.348000-04:00,-3.722292423248291,3.555924415588379,7.27821683883667
2026-07-28T10:38:49.352000-04:00,-1.646376132965088,0.263873815536499,1.910249948501587
2026-07-28T10:38:49.356000-04:00,-2.555612564086914,1.7630558013916016,4.318668365478516
2026-07-28T10:38:49.360000-04:00,-3.335425615310669,5.330087184906006,8.665513038635254
2026-07-28T10:38:49.364000-04:00,1.149727463722229,6.714226245880127,5.5644989013671875
2026-07-28T10:38:49.368000-04:00,-4.048598289489746,3.3423235416412354,7.390921592712402
2026-07-28T10:38:49.372000-04:00,-2.6154723167419434,0.8010913729667664,3.4165637493133545
2026-07-28T10:38:49.376000-04:00,-2.77903413772583,1.9974673986434937,4.776501655578613
2026-07-28T10:38:49.380000-04:00,-4.604171276092529,4.206197261810303,8.810368537902832
2026-07-28T10:38:49.384000-04:00,0.926422655582428,6.512316703796387,5.5858941078186035
2026-07-28T10:38:49.388000-04:00,-4.272838115692139,3.1379587650299072,7.410797119140625
2026-07-28T10:38:49.392000-04:00,-2.278761386871338,0.5950897932052612,2.8738512992858887
2026-07-28T10:38:49.396000-04:00,-3.0326197147369385,2.2434535026550293,5.276073455810547
2026-07-28T10:38:49.400000-04:00,-4.51555061340332,4.444116592407227,8.959667205810547
2026-07-28T10:38:49.404000-04:00,0.6464148163795471,6.2645769119262695,5.618162155151367
2026-07-28T10:38:49.408000-04:00,-3.148714780807495,3.8724093437194824,7.021123886108398
2026-07-28T10:38:49.412000-04:00,-1.999688744544983,0.3970382809638977,2.3967270851135254
2026-07-28T10:38:49.416000-04:00,-2.2095484733581543,2.4899070262908936,4.699455261230469
2026-07-28T10:38:49.420000-04:00,-4.253430366516113,4.704716682434082,8.958147048950195
2026-07-28T10:38:49.424000-04:00,0.3713173270225525,6.055184841156006,5.683867454528809
2026-07-28T10:38:49.428000-04:00,-3.5063531398773193,3.663601875305176,7.169955253601074
2026-07-28T10:38:49.432000-04:00,-1.7858539819717407,0.3300468623638153,2.115900754928589
2026-07-28T10:38:49.436000-04:00,-2.4198758602142334,1.6094313859939575,4.0293073654174805
2026-07-28T10:38:49.440000-04:00,-3.817460060119629,5.041193962097168,8.858654022216797
2026-07-28T10:38:49.444000-04:00,-0.01332814060151577,4.547935485839844,4.561263561248779
2026-07-28T10:38:49.448000-04:00,-3.8390891551971436,3.46087384223938,7.299962997436523
2026-07-28T10:38:49.452000-04:00,-1.6515202522277832,0.2893609404563904,1.9408812522888184
2026-07-28T10:38:49.456000-04:00,-2.638270378112793,1.8039754629135132,4.442245960235596
2026-07-28T10:38:49.460000-04:00,-3.2365167140960693,5.344701290130615,8.581217765808105
2026-07-28T10:38:49.464000-04:00,1.0101327896118164,6.5421295166015625,5.531996726989746
2026-07-28T10:38:49.468000-04:00,-4.138387680053711,3.215472459793091,7.353859901428223
2026-07-28T10:38:49.472000-04:00,-2.5439212322235107,0.7266175150871277,3.270538806915283
2026-07-28T10:38:49.476000-04:00,-2.8733835220336914,2.048675537109375,4.922059059143066
2026-07-28T10:38:49.480000-04:00,-4.609549045562744,4.257288932800293,8.866838455200195
2026-07-28T10:38:49.484000-04:00,0.7850742340087891,6.408497333526611,5.623423099517822
2026-07-28T10:38:49.488000-04:00,-4.335269927978516,3.048285961151123,7.383555889129639
2026-07-28T10:38:49.492000-04:00,-2.217381715774536,0.5222526788711548,2.7396345138549805
2026-07-28T10:38:49.496000-04:00,-3.104755163192749,2.2920894622802734,5.396844863891602
2026-07-28T10:38:49.500000-04:00,-4.473461627960205,4.485386848449707,8.95884895324707
2026-07-28T10:38:49.504000-04:00,0.5637569427490234,6.1587700843811035,5.59501314163208
2026-07-28T10:38:49.508000-04:00,-3.259315013885498,3.771512985229492,7.03082799911499
2026-07-28T10:38:49.512000-04:00,-1.9445055723190308,0.29497280716896057,2.239478349685669
2026-07-28T10:38:49.516000-04:00,-2.269057512283325,2.46582293510437,4.734880447387695
2026-07-28T10:38:49.520000-04:00,-4.1933369636535645,4.7264628410339355,8.9197998046875
2026-07-28T10:38:49.524000-04:00,0.27088862657546997,5.953352928161621,5.682464122772217
2026-07-28T10:38:49.528000-04:00,-3.581996202468872,3.598598003387451,7.180594444274902
2026-07-28T10:38:49.532000-04:00,-1.7713567018508911,0.294271320104599,2.0656280517578125
2026-07-28T10:38:49.536000-04:00,-2.487334966659546,1.6449731588363647,4.132308006286621
2026-07-28T10:38:49.540000-04:00,-3.690725803375244,5.083984375,8.774709701538086
2026-07-28T10:38:49.544000-04:00,1.1667969226837158,6.678216934204102,5.511420249938965
2026-07-28T10:38:49.548000-04:00,-3.876150608062744,3.3991434574127197,7.275294303894043
2026-07-28T10:38:49.552000-04:00,-1.6537415981292725,0.2801247835159302,1.9338663816452026
2026-07-28T10:38:49.556000-04:00,-2.702338933944702,1.8455967903137207,4.547935485839844
2026-07-28T10:38:49.560000-04:00,-3.0630171298980713,5.3837504386901855,8.446767807006836
2026-07-28T10:38:49.564000-04:00,1.0076775550842285,6.493025779724121,5.485348224639893
2026-07-28T10:38:49.568000-04:00,-4.170071125030518,3.149883985519409,7.319954872131348
2026-07-28T10:38:49.572000-04:00,-2.4851136207580566,0.6586907505989075,3.1438043117523193
2026-07-28T10:38:49.576000-04:00,-2.926462173461914,2.0957915782928467,5.02225399017334
2026-07-28T10:38:49.580000-04:00,-4.578099250793457,4.278683662414551,8.856782913208008
2026-07-28T10:38:49.584000-04:00,0.7793455123901367,6.318941593170166,5.539596080780029
2026-07-28T10:38:49.588000-04:00,-4.339478969573975,2.9649267196655273,7.304405689239502
2026-07-28T10:38:49.592000-04:00,-2.144310712814331,0.4761887490749359,2.6204993724823
2026-07-28T10:38:49.596000-04:00,-3.1490654945373535,2.3667972087860107,5.515862464904785
2026-07-28T10:38:49.600000-04:00,-4.400975227355957,4.5689802169799805,8.969955444335938
2026-07-28T10:38:49.604000-04:00,0.4770071506500244,6.106509685516357,5.629502296447754
2026-07-28T10:38:49.608000-04:00,-3.351442813873291,3.7304763793945312,7.081919193267822
2026-07-28T10:38:49.612000-04:00,-1.8788001537322998,0.3236165940761566,2.2024166584014893
2026-07-28T10:38:49.616000-04:00,-3.385932207107544,2.5709280967712402,5.956860542297363
2026-07-28T10:38:49.620000-04:00,-4.112432956695557,4.76901912689209,8.881452560424805
2026-07-28T10:38:49.624000-04:00,0.10323463380336761,5.788037300109863,5.684802532196045
2026-07-28T10:38:49.628000-04:00,-3.724163055419922,3.428138017654419,7.152300834655762
2026-07-28T10:38:49.632000-04:00,-1.692323088645935,0.08768513798713684,1.7800081968307495
2026-07-28T10:38:49.636000-04:00,-2.5061581134796143,1.5383479595184326,4.044506072998047
2026-07-28T10:38:49.640000-04:00,-3.6115753650665283,5.011030197143555,8.622605323791504
2026-07-28T10:38:49.644000-04:00,1.059704065322876,6.514771938323975,5.4550676345825195
2026-07-28T10:38:49.648000-04:00,-4.004638671875,3.2238900661468506,7.22852897644043
2026-07-28T10:38:49.652000-04:00,-1.613640308380127,0.19056902825832367,1.8042093515396118
2026-07-28T10:38:49.656000-04:00,-2.737997531890869,1.82314932346344,4.5611467361450195
2026-07-28T10:38:49.660000-04:00,-2.9659788608551025,5.38480281829834,8.350781440734863
2026-07-28T10:38:49.664000-04:00,0.9220969080924988,6.409549713134766,5.487452983856201
2026-07-28T10:38:49.668000-04:00,-4.219291687011719,3.0707335472106934,7.290025234222412
2026-07-28T10:38:49.672000-04:00,-2.3918166160583496,0.5608341097831726,2.952650785446167
2026-07-28T10:38:49.676000-04:00,-2.9743967056274414,2.113445520401001,5.087841987609863
2026-07-28T10:38:49.680000-04:00,-4.560328483581543,4.298208236694336,8.858536720275879
2026-07-28T10:38:49.684000-04:00,0.7102496027946472,6.268435001373291,5.558185577392578
2026-07-28T10:38:49.688000-04:00,-4.382503032684326,2.8977015018463135,7.280204772949219
2026-07-28T10:38:49.692000-04:00,-2.0928688049316406,0.40568989515304565,2.498558759689331
2026-07-28T10:38:49.696000-04:00,-3.2127833366394043,2.3817620277404785,5.594545364379883
2026-07-28T10:38:49.700000-04:00,-4.389050006866455,4.5814900398254395,8.970540046691895
2026-07-28T10:38:49.704000-04:00,0.3930632472038269,6.058926105499268,5.665863037109375
2026-07-28T10:38:49.708000-04:00,-3.4379587173461914,3.6880366802215576,7.125995635986328
2026-07-28T10:38:49.712000-04:00,-1.8492209911346436,0.3488699197769165,2.1980910301208496
2026-07-28T10:38:49.716000-04:00,-3.446610450744629,2.661419153213501,6.108029365539551
2026-07-28T10:38:49.720000-04:00,-3.9917781352996826,4.935737609863281,8.927515983581543
2026-07-28T10:38:49.724000-04:00,0.09166019409894943,5.860991477966309,5.769331455230713
2026-07-28T10:38:49.728000-04:00,-3.7422847747802734,3.4712791442871094,7.213563919067383
2026-07-28T10:38:49.732000-04:00,-1.6791118383407593,0.2408418357372284,1.91995370388031
2026-07-28T10:38:49.736000-04:00,-2.5701098442077637,1.775565505027771,4.345675468444824
2026-07-28T10:38:49.740000-04:00,-3.397156000137329,5.252105712890625,8.649261474609375
2026-07-28T10:38:49.744000-04:00,1.0913876295089722,6.625839710235596,5.534451961517334
2026-07-28T10:38:49.748000-04:00,-4.026852130889893,3.2720584869384766,7.298910617828369
2026-07-28T10:38:49.752000-04:00,-1.596337080001831,0.28000786900520325,1.876344919204712
2026-07-28T10:38:49.756000-04:00,-2.796921968460083,1.9687066078186035,4.765628814697266
2026-07-28T10:38:49.760000-04:00,-2.637101173400879,5.565784931182861,8.202886581420898
2026-07-28T10:38:49.764000-04:00,0.9289947748184204,6.4108357429504395,5.481841087341309
2026-07-28T10:38:49.768000-04:00,-4.259042263031006,3.0392837524414062,7.298326015472412
2026-07-28T10:38:49.772000-04:00,-2.282736301422119,0.5305535197257996,2.8132898807525635
2026-07-28T10:38:49.776000-04:00,-3.0205774307250977,2.190842390060425,5.211420059204102
2026-07-28T10:38:49.780000-04:00,-4.511575698852539,4.351637840270996,8.863213539123535
2026-07-28T10:38:49.784000-04:00,0.6515589952468872,6.201092720031738,5.549533843994141
2026-07-28T10:38:49.788000-04:00,-4.394896030426025,2.835620403289795,7.23051643371582
2026-07-28T10:38:49.792000-04:00,-2.0020270347595215,0.3444271981716156,2.34645414352417
2026-07-28T10:38:49.796000-04:00,-3.2644591331481934,2.43495774269104,5.6994171142578125
2026-07-28T10:38:49.800000-04:00,-4.253664493560791,4.673266887664795,8.926931381225586
2026-07-28T10:38:49.804000-04:00,0.33413881063461304,5.989830017089844,5.655691146850586
2026-07-28T10:38:49.808000-04:00,-3.5302035808563232,3.61531662940979,7.145520210266113
2026-07-28T10:38:49.812000-04:00,-1.7789560556411743,0.24294628202915192,2.021902322769165
2026-07-28T10:38:49.816000-04:00,-3.4998059272766113,2.600741147994995,6.100546836853027
2026-07-28T10:38:49.820000-04:00,-3.8427133560180664,4.943220138549805,8.785933494567871
2026-07-28T10:38:49.824000-04:00,0.007833205163478851,5.721162796020508,5.713329792022705
2026-07-28T10:38:49.828000-04:00,-3.836516857147217,3.350273609161377,7.186790466308594
2026-07-28T10:38:49.832000-04:00,-1.6355031728744507,0.16975842416286469,1.8052616119384766
2026-07-28T10:38:49.836000-04:00,-2.594778537750244,1.6625101566314697,4.257288932800293
2026-07-28T10:38:49.840000-04:00,-3.228332757949829,5.260406494140625,8.488739013671875
2026-07-28T10:38:49.844000-04:00,1.0711616277694702,6.515239238739014,5.444077491760254
2026-07-28T10:38:49.848000-04:00,-4.075955867767334,3.202261209487915,7.278217315673828
2026-07-28T10:38:49.852000-04:00,-1.582658290863037,0.2890101969242096,1.8716684579849243
2026-07-28T10:38:49.856000-04:00,-2.830826997756958,1.9504681825637817,4.781295299530029
2026-07-28T10:38:49.860000-04:00,-2.5358541011810303,5.645402908325195,8.181257247924805
2026-07-28T10:38:49.864000-04:00,0.8780204653739929,6.4108357429504395,5.532815456390381
2026-07-28T10:38:49.868000-04:00,-4.279151439666748,3.0658230781555176,7.344974517822266
2026-07-28T10:38:49.872000-04:00,-2.221122980117798,0.5102105736732483,2.7313334941864014
2026-07-28T10:38:49.876000-04:00,-3.0586912631988525,2.2196030616760254,5.278294563293457
2026-07-28T10:38:49.880000-04:00,-4.478372097015381,5.928216457366943,10.406588554382324
2026-07-28T10:38:49.884000-04:00,0.6524943113327026,6.234997749328613,5.582503318786621
2026-07-28T10:38:49.888000-04:00,-4.3752546310424805,2.9185121059417725,7.293766975402832
2026-07-28T10:38:49.892000-04:00,-1.974318504333496,0.4366719722747803,2.4109904766082764
2026-07-28T10:38:49.896000-04:00,-3.329346179962158,2.568706750869751,5.898053169250488
2026-07-28T10:38:49.900000-04:00,-4.1900634765625,4.796494007110596,8.986557006835938
2026-07-28T10:38:49.904000-04:00,0.3686283230781555,6.056938648223877,5.688310146331787
2026-07-28T10:38:49.908000-04:00,-3.5254101753234863,3.6703827381134033,7.195793151855469
2026-07-28T10:38:49.912000-04:00,-1.7676154375076294,0.33858153223991394,2.106196880340576
2026-07-28T10:38:49.916000-04:00,-3.559548854827881,2.832113027572632,6.391661643981934
2026-07-28T10:38:49.920000-04:00,-3.735503673553467,5.101871967315674,8.83737564086914
2026-07-28T10:38:49.924000-04:00,-0.04442713409662247,5.804989814758301,5.849416732788086
2026-07-28T10:38:49.928000-04:00,-3.861887216567993,3.4799306392669678,7.341817855834961
2026-07-28T10:38:49.932000-04:00,-1.6309435367584229,0.3122760057449341,1.943219542503357
2026-07-28T10:38:49.936000-04:00,-2.6641082763671875,1.8737728595733643,4.537880897521973
2026-07-28T10:38:49.940000-04:00,-3.1117701530456543,5.383282661437988,8.495052337646484
2026-07-28T10:38:49.944000-04:00,1.0181998014450073,6.522838592529297,5.504638671875
2026-07-28T10:38:49.948000-04:00,-4.155807971954346,3.1882314682006836,7.344039440155029
2026-07-28T10:38:49.952000-04:00,-1.582658290863037,0.27965712547302246,1.8623154163360596
2026-07-28T10:38:49.956000-04:00,-2.9035470485687256,2.0520660877227783,4.955613136291504
2026-07-28T10:38:49.960000-04:00,-2.3376858234405518,5.714615821838379,8.052301406860352
2026-07-28T10:38:49.964000-04:00,0.7905691862106323,6.326774597167969,5.536205291748047
2026-07-28T10:38:49.968000-04:00,-4.342401504516602,2.9620039463043213,7.304405212402344
2026-07-28T10:38:49.972000-04:00,-2.1766958236694336,0.4531567692756653,2.629852533340454
2026-07-28T10:38:49.976000-04:00,-3.147078037261963,2.2897510528564453,5.436829090118408
2026-07-28T10:38:49.980000-04:00,-4.453001976013184,6.023735046386719,10.476737022399902
2026-07-28T10:38:49.984000-04:00,0.4965316951274872,6.133633613586426,5.637102127075195
2026-07-28T10:38:49.988000-04:00,-4.4292683601379395,2.7704994678497314,7.19976806640625
2026-07-28T10:38:49.992000-04:00,-1.9162124395370483,0.32817623019218445,2.2443885803222656
2026-07-28T10:38:49.996000-04:00,-3.370967388153076,2.5433366298675537,5.914303779602051
2026-07-28T10:38:50-04:00,-4.106236457824707,4.787959098815918,8.894195556640625
2026-07-28T10:38:50.004000-04:00,0.23476234078407288,5.88156795501709,5.646805763244629
2026-07-28T10:38:50.008000-04:00,-3.5907647609710693,3.540374994277954,7.131139755249023
2026-07-28T10:38:50.012000-04:00,-1.7251758575439453,0.2608340382575989,1.9860098361968994
2026-07-28T10:38:50.016000-04:00,-3.594388961791992,2.7972726821899414,6.391661643981934
2026-07-28T10:38:50.020000-04:00,-3.5110297203063965,5.128294467926025,8.639324188232422
2026-07-28T10:38:50.024000-04:00,-0.03764615207910538,5.717071056365967,5.7547173500061035
2026-07-28T10:38:50.028000-04:00,-3.842947244644165,3.4027678966522217,7.245715141296387
2026-07-28T10:38:50.032000-04:00,-1.5916606187820435,0.2717069983482361,1.8633675575256348
2026-07-28T10:38:50.036000-04:00,-2.6888937950134277,1.8892054557800293,4.578099250793457
2026-07-28T10:38:50.040000-04:00,-2.852339029312134,5.49399995803833,8.346339225769043
2026-07-28T10:38:50.044000-04:00,1.0692909955978394,6.5469231605529785,5.47763204574585
2026-07-28T10:38:50.048000-04:00,-4.1226043701171875,3.15584659576416,7.278450965881348
2026-07-28T10:38:50.052000-04:00,-1.5585740804672241,0.2890101969242096,1.8475842475891113
2026-07-28T10:38:50.056000-04:00,-2.9406087398529053,2.1173038482666016,5.057912826538086
2026-07-28T10:38:50.060000-04:00,-2.064809560775757,5.816564083099365,7.881373405456543
2026-07-28T10:38:50.064000-04:00,0.8303197622299194,6.329931259155273,5.4996113777160645
2026-07-28T10:38:50.068000-04:00,-4.299962043762207,2.9494941234588623,7.249456405639648
2026-07-28T10:38:50.072000-04:00,-2.078371524810791,0.44380369782447815,2.5221753120422363
2026-07-28T10:38:50.076000-04:00,-3.1805152893066406,2.4120426177978516,5.592557907104492
2026-07-28T10:38:50.080000-04:00,-1.2823073863983154,6.138310432434082,7.420618057250977
2026-07-28T10:38:50.084000-04:00,0.4828528165817261,6.1332831382751465,5.650430202484131
2026-07-28T10:38:50.088000-04:00,-4.440959930419922,2.7169530391693115,7.1579132080078125
2026-07-28T10:38:50.092000-04:00,-1.846648931503296,0.30491045117378235,2.151559352874756
2026-07-28T10:38:50.096000-04:00,-3.416797399520874,2.607872724533081,6.024670124053955
2026-07-28T10:38:50.100000-04:00,-4.009782791137695,4.8814897537231445,8.89127254486084
2026-07-28T10:38:50.104000-04:00,0.13141079246997833,5.876540660858154,5.7451300621032715
2026-07-28T10:38:50.108000-04:00,-3.7142255306243896,3.5188629627227783,7.233088493347168
2026-07-28T10:38:50.112000-04:00,-1.6854251623153687,0.27112242579460144,1.9565476179122925
2026-07-28T10:38:50.116000-04:00,-3.647467851638794,2.893141746520996,6.540609359741211
2026-07-28T10:38:50.120000-04:00,-3.430593252182007,5.229892253875732,8.66048526763916
2026-07-28T10:38:50.124000-04:00,-0.22342172265052795,5.628684043884277,5.852105617523193
2026-07-28T10:38:50.128000-04:00,-3.995636224746704,3.3257217407226562,7.321357727050781
2026-07-28T10:38:50.132000-04:00,-1.5917774438858032,0.25276702642440796,1.8445444107055664
2026-07-28T10:38:50.136000-04:00,-2.760678768157959,1.8613801002502441,4.622058868408203
2026-07-28T10:38:50.140000-04:00,-2.7834768295288086,5.49388313293457,8.277359962463379
2026-07-28T10:38:50.144000-04:00,0.9466487169265747,6.416330337524414,5.469681739807129
2026-07-28T10:38:50.148000-04:00,-4.2116923332214355,3.061964988708496,7.273657321929932
2026-07-28T10:38:50.152000-04:00,-1.553663730621338,0.30374130606651306,1.8574050664901733
2026-07-28T10:38:50.156000-04:00,-2.9886600971221924,2.1644198894500732,5.153079986572266
2026-07-28T10:38:50.160000-04:00,-2.028917074203491,5.797507286071777,7.826424598693848
2026-07-28T10:38:50.164000-04:00,0.7385426759719849,6.293571472167969,5.555028915405273
2026-07-28T10:38:50.168000-04:00,-4.343453884124756,2.900974988937378,7.244428634643555
2026-07-28T10:38:50.172000-04:00,-2.0234222412109375,0.4139907658100128,2.437412977218628
2026-07-28T10:38:50.176000-04:00,-3.2262284755706787,2.4353084564208984,5.661537170410156
2026-07-28T10:38:50.180000-04:00,-1.0862435102462769,6.192908763885498,7.2791523933410645
2026-07-28T10:38:50.184000-04:00,0.4694077670574188,6.073657035827637,5.604249477386475
2026-07-28T10:38:50.188000-04:00,-4.3918561935424805,2.6722922325134277,7.064148426055908
2026-07-28T10:38:50.192000-04:00,-1.7816450595855713,0.2681995928287506,2.049844741821289
2026-07-28T10:38:50.196000-04:00,-3.4740850925445557,2.6728768348693848,6.1469621658325195
2026-07-28T10:38:50.200000-04:00,-3.833477258682251,4.9653167724609375,8.79879379272461
2026-07-28T10:38:50.204000-04:00,0.07552613317966461,5.810250759124756,5.734724521636963
2026-07-28T10:38:50.208000-04:00,-3.791271448135376,3.4176158905029297,7.208887100219727
2026-07-28T10:38:50.212000-04:00,-1.6178492307662964,0.18367113173007965,1.8015203475952148
2026-07-28T10:38:50.216000-04:00,-3.6964545249938965,2.8993382453918457,6.595792770385742
2026-07-28T10:38:50.220000-04:00,-3.193258762359619,5.289167404174805,8.482425689697266
2026-07-28T10:38:50.224000-04:00,-0.29368674755096436,5.5252156257629395,5.818902492523193
2026-07-28T10:38:50.228000-04:00,-4.0595879554748535,3.190452814102173,7.2500410079956055
2026-07-28T10:38:50.232000-04:00,-1.5409201383590698,0.155378058552742,1.6962982416152954
2026-07-28T10:38:50.236000-04:00,-2.7977404594421387,1.8766957521438599,4.674436092376709
2026-07-28T10:38:50.240000-04:00,-2.495051383972168,5.560406684875488,8.055458068847656
2026-07-28T10:38:50.244000-04:00,0.9105224609375,6.347001075744629,5.436478614807129
2026-07-28T10:38:50.248000-04:00,-4.2955193519592285,2.9576780796051025,7.25319766998291
2026-07-28T10:38:50.252000-04:00,-1.5275919437408447,0.2179267853498459,1.745518684387207
2026-07-28T10:38:50.256000-04:00,-3.0378806591033936,2.176461935043335,5.2143425941467285
2026-07-28T10:38:50.260000-04:00,-1.6692911386489868,5.953469753265381,7.622760772705078
2026-07-28T10:38:50.264000-04:00,0.6873345375061035,6.1456756591796875,5.458341121673584
2026-07-28T10:38:50.268000-04:00,-4.373149871826172,2.78511381149292,7.158263683319092
2026-07-28T10:38:50.272000-04:00,-1.9109513759613037,0.25510528683662415,2.1660566329956055
2026-07-28T10:38:50.276000-04:00,-3.279423952102661,2.4245524406433105,5.703976631164551
2026-07-28T10:38:50.280000-04:00,-0.8429464101791382,6.271123886108398,7.114070415496826
2026-07-28T10:38:50.284000-04:00,0.42369458079338074,6.0274763107299805,5.603781700134277
2026-07-28T10:38:50.288000-04:00,-4.381217002868652,2.586477756500244,6.9676947593688965
2026-07-28T10:38:50.292000-04:00,-1.704832911491394,0.18215125799179077,1.88698410987854
2026-07-28T10:38:50.296000-04:00,-3.5069377422332764,2.713796377182007,6.220734119415283
2026-07-28T10:38:50.300000-04:00,-3.693882465362549,5.071240425109863,8.76512336730957
2026-07-28T10:38:50.304000-04:00,0.05553391948342323,5.827320098876953,5.771786212921143
2026-07-28T10:38:50.308000-04:00,-3.8297359943389893,3.4522223472595215,7.28195858001709
2026-07-28T10:38:50.312000-04:00,-1.5778647661209106,0.1662510186433792,1.7441158294677734
2026-07-28T10:38:50.316000-04:00,-3.741816997528076,2.9601333141326904,6.7019500732421875
2026-07-28T10:38:50.320000-04:00,-3.0036251544952393,5.392518997192383,8.396143913269043
2026-07-28T10:38:50.324000-04:00,-0.3159003257751465,5.544155597686768,5.860055923461914
2026-07-28T10:38:50.328000-04:00,-4.081801414489746,3.271941661834717,7.353743076324463
2026-07-28T10:38:50.332000-04:00,-1.5016372203826904,0.1959470510482788,1.6975842714309692
2026-07-28T10:38:50.336000-04:00,-2.8174986839294434,2.03745174407959,4.854950428009033
2026-07-28T10:38:50.340000-04:00,-2.2766568660736084,5.791310787200928,8.067967414855957
2026-07-28T10:38:50.344000-04:00,0.9640688300132751,5.349494934082031,4.385426044464111
2026-07-28T10:38:50.348000-04:00,-4.2704997062683105,3.0841784477233887,7.354678153991699
2026-07-28T10:38:50.352000-04:00,-1.4928686618804932,0.2978956401348114,1.790764331817627
2026-07-28T10:38:50.356000-04:00,-3.04887056350708,2.3044822216033936,5.3533525466918945
2026-07-28T10:38:50.360000-04:00,-1.4746301174163818,6.141349792480469,7.61598014831543
2026-07-28T10:38:50.364000-04:00,0.7259160280227661,6.341038227081299,5.615122318267822
2026-07-28T10:38:50.368000-04:00,-4.359821796417236,2.8238120079040527,7.183633804321289
2026-07-28T10:38:50.372000-04:00,-1.814497709274292,0.28328144550323486,2.0977792739868164
2026-07-28T10:38:50.376000-04:00,-3.286088228225708,2.578878402709961,5.86496639251709
2026-07-28T10:38:50.380000-04:00,-0.6061965823173523,6.487764835357666,7.093961238861084
2026-07-28T10:38:50.384000-04:00,0.41247087717056274,6.122643947601318,5.7101731300354
2026-07-28T10:38:50.388000-04:00,-4.347195148468018,2.669018507003784,7.016213417053223
2026-07-28T10:38:50.392000-04:00,-1.6372568607330322,0.22330480813980103,1.8605616092681885
2026-07-28T10:38:50.396000-04:00,-3.522487163543701,2.811068534851074,6.333555698394775
2026-07-28T10:38:50.400000-04:00,-3.523305654525757,5.224981784820557,8.748287200927734
2026-07-28T10:38:50.404000-04:00,0.030046772211790085,5.878879070281982,5.848832130432129
2026-07-28T10:38:50.408000-04:00,-3.8556907176971436,3.4883484840393066,7.344038963317871
2026-07-28T10:38:50.412000-04:00,-1.5507408380508423,0.21547161042690277,1.7662124633789062
2026-07-28T10:38:50.416000-04:00,-3.777592658996582,3.0653555393218994,6.842947959899902
2026-07-28T10:38:50.420000-04:00,-2.797974109649658,5.600040435791016,8.398014068603516
2026-07-28T10:38:50.424000-04:00,-0.36383485794067383,5.618629455566406,5.98246431350708
2026-07-28T10:38:50.428000-04:00,-4.094428062438965,3.2726430892944336,7.367071151733398
2026-07-28T10:38:50.432000-04:00,-1.5126270055770874,0.25709280371665955,1.7697198390960693
2026-07-28T10:38:50.436000-04:00,-2.8803982734680176,2.0992989540100098,4.979697227478027
2026-07-28T10:38:50.440000-04:00,-2.0586130619049072,5.890687465667725,7.949300765991211
2026-07-28T10:38:50.444000-04:00,0.9171864986419678,5.29209041595459,4.374903678894043
2026-07-28T10:38:50.448000-04:00,-4.311887264251709,3.026890993118286,7.338778495788574
2026-07-28T10:38:50.452000-04:00,-1.5219801664352417,0.3198753595352173,1.841855525970459
2026-07-28T10:38:50.456000-04:00,-3.1544435024261475,2.342712879180908,5.497156143188477
2026-07-28T10:38:50.460000-04:00,-1.287100911140442,6.203898906707764,7.490999698638916
2026-07-28T10:38:50.464000-04:00,0.5826969742774963,6.244584560394287,5.6618876457214355
2026-07-28T10:38:50.468000-04:00,-4.417226314544678,2.7908425331115723,7.20806884765625
2026-07-28T10:38:50.472000-04:00,-1.810990333557129,0.22950123250484467,2.0404915809631348
2026-07-28T10:38:50.476000-04:00,-3.3862829208374023,2.5587692260742188,5.945052146911621
2026-07-28T10:38:50.480000-04:00,-0.5421279668807983,6.456665515899658,6.998793601989746
2026-07-28T10:38:50.484000-04:00,0.24844121932983398,5.99672794342041,5.748286724090576
2026-07-28T10:38:50.488000-04:00,-4.387998104095459,2.531177520751953,6.919175624847412
2026-07-28T10:38:50.492000-04:00,-1.6488312482833862,0.1722135990858078,1.8210448026657104
2026-07-28T10:38:50.496000-04:00,-3.6227991580963135,2.8108346462249756,6.433633804321289
2026-07-28T10:38:50.500000-04:00,-3.412003993988037,5.226501941680908,8.638505935668945
2026-07-28T10:38:50.504000-04:00,-0.09879191964864731,5.718357086181641,5.8171491622924805
2026-07-28T10:38:50.508000-04:00,-3.938114881515503,3.358691453933716,7.296806335449219
2026-07-28T10:38:50.512000-04:00,-1.5555342435836792,0.16952459514141083,1.7250587940216064
2026-07-28T10:38:50.516000-04:00,-3.8514819145202637,3.031099796295166,6.88258171081543
2026-07-28T10:38:50.520000-04:00,-2.71309494972229,5.562861919403076,8.275957107543945
2026-07-28T10:38:50.524000-04:00,-0.47864392399787903,5.463485240936279,5.942129135131836
2026-07-28T10:38:50.528000-04:00,-4.152183532714844,3.1551449298858643,7.307328224182129
2026-07-28T10:38:50.532000-04:00,-1.5216293334960938,0.2251754254102707,1.7468047142028809
2026-07-28T10:38:50.536000-04:00,-2.958028793334961,2.137295961380005,5.095324516296387
2026-07-28T10:38:50.540000-04:00,-1.9267346858978271,5.902378559112549,7.829113006591797
2026-07-28T10:38:50.544000-04:00,0.9606783390045166,5.196221351623535,4.235543251037598
2026-07-28T10:38:50.548000-04:00,-4.331060886383057,2.944350004196167,7.2754106521606445
2026-07-28T10:38:50.552000-04:00,-1.5830090045928955,0.37599384784698486,1.9590028524398804
2026-07-28T10:38:50.556000-04:00,-3.2441160678863525,2.3837497234344482,5.627865791320801
2026-07-28T10:38:50.560000-04:00,-1.0604056119918823,6.225176811218262,7.285582542419434
2026-07-28T10:38:50.564000-04:00,0.6087686419487,6.191622734069824,5.582854270935059
2026-07-28T10:38:50.568000-04:00,-4.368122577667236,2.749922752380371,7.118045330047607
2026-07-28T10:38:50.572000-04:00,-1.805027723312378,0.2657444179058075,2.070772171020508
2026-07-28T10:38:50.576000-04:00,-3.4716298580169678,2.6511309146881104,6.122760772705078
2026-07-28T10:38:50.580000-04:00,-0.2625877559185028,6.510446071624756,6.773033618927002
2026-07-28T10:38:50.584000-04:00,0.23347628116607666,5.919915676116943,5.686439514160156
2026-07-28T10:38:50.588000-04:00,-4.319486618041992,2.475526809692383,6.795013427734375
2026-07-28T10:38:50.592000-04:00,-1.641231894493103,0.2259938269853592,1.8672257661819458
2026-07-28T10:38:50.596000-04:00,-3.6881537437438965,2.899805784225464,6.587959289550781
2026-07-28T10:38:50.600000-04:00,-3.1709282398223877,5.335114479064941,8.50604248046875
2026-07-28T10:38:50.604000-04:00,-0.2552222013473511,5.615472793579102,5.870695114135742
2026-07-28T10:38:50.608000-04:00,-4.034802436828613,3.300936222076416,7.335738658905029
2026-07-28T10:38:50.612000-04:00,-1.5481687784194946,0.24107566475868225,1.7892444133758545
2026-07-28T10:38:50.616000-04:00,-3.927358865737915,3.1545603275299072,7.081919193267822
2026-07-28T10:38:50.620000-04:00,-2.46593976020813,5.667031764984131,8.13297176361084
2026-07-28T10:38:50.624000-04:00,-0.6780983805656433,5.360016822814941,6.03811502456665
2026-07-28T10:38:50.628000-04:00,-4.253430366516113,3.0687458515167236,7.322175979614258
2026-07-28T10:38:50.632000-04:00,-1.5395171642303467,0.2822292149066925,1.8217463493347168
2026-07-28T10:38:50.636000-04:00,-3.0339057445526123,2.2077949047088623,5.241700649261475
2026-07-28T10:38:50.640000-04:00,-1.7000393867492676,5.925059795379639,7.625099182128906
2026-07-28T10:38:50.644000-04:00,-1.0839052200317383,5.041661262512207,6.125566482543945
2026-07-28T10:38:50.648000-04:00,-4.346961498260498,2.8042874336242676,7.151248931884766
2026-07-28T10:38:50.652000-04:00,-1.5680440664291382,0.36909595131874084,1.9371399879455566
2026-07-28T10:38:50.656000-04:00,-3.268317222595215,2.4495718479156494,5.717888832092285
2026-07-28T10:38:50.660000-04:00,-0.9070150256156921,6.2046003341674805,7.111615180969238
2026-07-28T10:38:50.664000-04:00,0.3874513804912567,5.97182559967041,5.58437442779541
2026-07-28T10:38:50.668000-04:00,-4.398754119873047,2.5886991024017334,6.987453460693359
2026-07-28T10:38:50.672000-04:00,-1.7354642152786255,0.20331260561943054,1.9387768507003784
2026-07-28T10:38:50.676000-04:00,-3.5050671100616455,2.69240140914917,6.1974687576293945
2026-07-28T10:38:50.680000-04:00,-0.1926734745502472,6.51395320892334,6.706626892089844
2026-07-28T10:38:50.684000-04:00,0.0702650249004364,5.7879204750061035,5.717655658721924
2026-07-28T10:38:50.688000-04:00,-4.322643280029297,2.3804759979248047,6.703119277954102
2026-07-28T10:38:50.692000-04:00,-1.614224910736084,0.1184333860874176,1.7326582670211792
2026-07-28T10:38:50.696000-04:00,-3.759120225906372,2.937218189239502,6.696338653564453
2026-07-28T10:38:50.700000-04:00,-3.1146929264068604,5.3748650550842285,8.489558219909668
2026-07-28T10:38:50.704000-04:00,-0.33542487025260925,5.562394142150879,5.8978190422058105
2026-07-28T10:38:50.708000-04:00,-4.0637969970703125,3.2660958766937256,7.329893112182617
2026-07-28T10:38:50.712000-04:00,-1.5704991817474365,0.26188626885414124,1.8323854207992554
2026-07-28T10:38:50.716000-04:00,-3.9792683124542236,3.1836719512939453,7.16294002532959
2026-07-28T10:38:50.720000-04:00,-2.390881299972534,5.697663307189941,8.088544845581055
2026-07-28T10:38:50.724000-04:00,-0.736672043800354,5.290804386138916,6.0274763107299805
2026-07-28T10:38:50.728000-04:00,-4.262549877166748,3.047233819961548,7.309783935546875
2026-07-28T10:38:50.732000-04:00,-1.5707330703735352,0.3312159776687622,1.9019490480422974
2026-07-28T10:38:50.736000-04:00,-3.1044044494628906,2.2611074447631836,5.365511894226074
2026-07-28T10:38:50.740000-04:00,-1.5454797744750977,6.024085521697998,7.569565296173096
2026-07-28T10:38:50.744000-04:00,-1.1458693742752075,5.029853343963623,6.175722599029541
2026-07-28T10:38:50.748000-04:00,-4.3632121086120605,2.8179664611816406,7.181178569793701
2026-07-28T10:38:50.752000-04:00,-1.6086130142211914,0.4547935724258423,2.063406467437744
2026-07-28T10:38:50.756000-04:00,-3.3440773487091064,2.524045944213867,5.8681230545043945
2026-07-28T10:38:50.760000-04:00,-0.7446221709251404,6.325722694396973,7.070344924926758
2026-07-28T10:38:50.764000-04:00,0.35062363743782043,5.991700649261475,5.641077041625977
2026-07-28T10:38:50.768000-04:00,-4.378411293029785,2.5516374111175537,6.930048942565918
2026-07-28T10:38:50.772000-04:00,-1.7234220504760742,0.22213567793369293,1.945557713508606
2026-07-28T10:38:50.776000-04:00,-3.5787227153778076,2.746882915496826,6.325605392456055
2026-07-28T10:38:50.780000-04:00,-0.03308652341365814,6.515356540679932,6.548442840576172
2026-07-28T10:38:50.784000-04:00,-0.015549497678875923,5.712978839874268,5.7285284996032715
2026-07-28T10:38:50.788000-04:00,-4.275877952575684,2.310912609100342,6.586790561676025
2026-07-28T10:38:50.792000-04:00,-1.6090806722640991,0.2063523530960083,1.8154330253601074
2026-07-28T10:38:50.796000-04:00,-3.7875301837921143,2.9131340980529785,6.700664520263672
2026-07-28T10:38:50.800000-04:00,-2.9380366802215576,5.401872158050537,8.339908599853516
2026-07-28T10:38:50.804000-04:00,-0.45151999592781067,5.4621992111206055,5.913719177246094
2026-07-28T10:38:50.808000-04:00,-4.132892608642578,3.112471580505371,7.245364189147949
2026-07-28T10:38:50.812000-04:00,-1.5589247941970825,0.2489088773727417,1.8078336715698242
2026-07-28T10:38:50.816000-04:00,-4.005106449127197,3.2133679389953613,7.218474388122559
2026-07-28T10:38:50.820000-04:00,-2.134373188018799,5.776112079620361,7.91048526763916
2026-07-28T10:38:50.824000-04:00,-0.8410758376121521,5.212706089019775,6.053781986236572
2026-07-28T10:38:50.828000-04:00,-4.275877952575684,2.9480912685394287,7.223969459533691
2026-07-28T10:38:50.832000-04:00,-1.5662903785705566,0.3745909035205841,1.9408812522888184
2026-07-28T10:38:50.836000-04:00,-3.1483640670776367,2.343999147415161,5.492362976074219
2026-07-28T10:38:50.840000-04:00,-1.3134064674377441,6.116213798522949,7.429620265960693
2026-07-28T10:38:50.844000-04:00,-1.2936480045318604,4.959588050842285,6.253235816955566
2026-07-28T10:38:50.848000-04:00,-4.373500823974609,2.7846460342407227,7.158146858215332
2026-07-28T10:38:50.852000-04:00,-1.626383900642395,0.5016759037971497,2.1280598640441895
2026-07-28T10:38:50.856000-04:00,-3.3938825130462646,2.581684112548828,5.975566864013672
2026-07-28T10:38:50.860000-04:00,-0.5757990479469299,6.386634349822998,6.962433338165283
2026-07-28T10:38:50.864000-04:00,0.2548714578151703,5.93511438369751,5.680243015289307
2026-07-28T10:38:50.868000-04:00,-4.365901470184326,2.55023455619812,6.916135787963867
2026-07-28T10:38:50.872000-04:00,-1.689634084701538,0.24224479496479034,1.931878924369812
2026-07-28T10:38:50.876000-04:00,-3.621746778488159,2.8274364471435547,6.449183464050293
2026-07-28T10:38:50.880000-04:00,0.09329698234796524,6.641973495483398,6.548676490783691
2026-07-28T10:38:50.884000-04:00,-0.07424008101224899,5.759042739868164,5.833282947540283
2026-07-28T10:38:50.888000-04:00,-4.246883392333984,2.386321783065796,6.633205413818359
2026-07-28T10:38:50.892000-04:00,-1.6000783443450928,0.3336711823940277,1.9337495565414429
2026-07-28T10:38:50.896000-04:00,-3.8492605686187744,3.126150369644165,6.9754109382629395
2026-07-28T10:38:50.900000-04:00,-2.7783327102661133,5.54754638671875,8.325879096984863
2026-07-28T10:38:50.904000-04:00,-0.5053002238273621,5.467694282531738,5.972994327545166
2026-07-28T10:38:50.908000-04:00,-4.13663387298584,2.043297529220581,6.179931640625
2026-07-28T10:38:50.912000-04:00,-1.5575218200683594,0.3545987010002136,1.9121205806732178
2026-07-28T10:38:50.916000-04:00,-4.068005561828613,3.3302814960479736,7.398286819458008
2026-07-28T10:38:50.920000-04:00,-1.950000524520874,5.923656940460205,7.8736572265625
2026-07-28T10:38:50.924000-04:00,-0.9367110729217529,5.209198474884033,6.145909309387207
2026-07-28T10:38:50.928000-04:00,-4.314927101135254,2.9962594509124756,7.311186790466309
2026-07-28T10:38:50.932000-04:00,-1.5887377262115479,0.43971171975135803,2.028449535369873
2026-07-28T10:38:50.936000-04:00,-3.2209672927856445,2.40818452835083,5.629151821136475
2026-07-28T10:38:50.940000-04:00,-1.185152292251587,6.184724807739258,7.369876861572266
2026-07-28T10:38:50.944000-04:00,-1.394895076751709,4.884997367858887,6.279892444610596
2026-07-28T10:38:50.948000-04:00,-4.381918430328369,2.7360100746154785,7.117928504943848
2026-07-28T10:38:50.952000-04:00,-1.6528064012527466,0.5768512487411499,2.2296576499938965
2026-07-28T10:38:50.956000-04:00,-3.4350359439849854,2.639439582824707,6.074475288391113
2026-07-28T10:38:50.960000-04:00,-0.45947012305259705,6.446845054626465,6.906315326690674
2026-07-28T10:38:50.964000-04:00,0.13912707567214966,5.894662380218506,5.755535125732422
2026-07-28T10:38:50.968000-04:00,-4.368941307067871,2.5012476444244385,6.8701887130737305
2026-07-28T10:38:50.972000-04:00,-1.6814501285552979,0.262237012386322,1.9436872005462646
2026-07-28T10:38:50.976000-04:00,-3.686166286468506,2.855027914047241,6.541193962097168
2026-07-28T10:38:50.980000-04:00,0.11235388368368149,6.582231044769287,6.469877243041992
2026-07-28T10:38:50.984000-04:00,-0.271823912858963,5.590804100036621,5.862627983093262
2026-07-28T10:38:50.988000-04:00,-4.238114833831787,2.200896978378296,6.439011573791504
2026-07-28T10:38:50.992000-04:00,-1.6044042110443115,0.23195640742778778,1.8363605737686157
2026-07-28T10:38:50.996000-04:00,-3.920928478240967,3.053781032562256,6.974709510803223
2026-07-28T10:38:51-04:00,-2.7307488918304443,5.519136428833008,8.249885559082031
2026-07-28T10:38:51.004000-04:00,-0.6617304682731628,5.328333377838135,5.990063667297363
2026-07-28T10:38:51.008000-04:00,-4.227709770202637,1.9249809980392456,6.152690887451172
2026-07-28T10:38:51.012000-04:00,-1.5775140523910522,0.30245524644851685,1.8799693584442139
2026-07-28T10:38:51.016000-04:00,-4.140024662017822,3.292050838470459,7.432075500488281
2026-07-28T10:38:51.020000-04:00,-1.85191011428833,5.894428730010986,7.746338844299316
2026-07-28T10:38:51.024000-04:00,-1.1090415716171265,5.052183628082275,6.161225318908691
2026-07-28T10:38:51.028000-04:00,-4.3888163566589355,2.856898546218872,7.245715141296387
2026-07-28T10:38:51.032000-04:00,-1.6297743320465088,0.4503508508205414,2.080125093460083
2026-07-28T10:38:51.036000-04:00,-3.3126275539398193,2.4418556690216064,5.754483222961426
2026-07-28T10:38:51.040000-04:00,-1.04240083694458,6.227982997894287,7.270383834838867
2026-07-28T10:38:51.044000-04:00,-1.6364384889602661,4.734412670135498,6.370851039886475
2026-07-28T10:38:51.048000-04:00,-4.44563627243042,2.629852533340454,7.075489044189453
2026-07-28T10:38:51.052000-04:00,-1.70366370677948,0.5983633399009705,2.3020269870758057
2026-07-28T10:38:51.056000-04:00,-3.545168399810791,2.6657450199127197,6.21091365814209
2026-07-28T10:38:51.060000-04:00,-0.26925182342529297,6.500274658203125,6.769526481628418
2026-07-28T10:38:51.064000-04:00,-0.06827749311923981,5.737297058105469,5.805574417114258
2026-07-28T10:38:51.068000-04:00,-4.3543267250061035,2.384334087371826,6.73866081237793
2026-07-28T10:38:51.072000-04:00,-1.6553784608840942,0.2548714578151703,1.910249948501587
2026-07-28T10:38:51.076000-04:00,-3.7397124767303467,2.954287528991699,6.694000244140625
2026-07-28T10:38:51.080000-04:00,0.22669529914855957,6.641038417816162,6.414342880249023
2026-07-28T10:38:51.084000-04:00,-0.4374903738498688,5.516096591949463,5.953587055206299
2026-07-28T10:38:51.088000-04:00,-4.180125713348389,2.122330904006958,6.302456855773926
2026-07-28T10:38:51.092000-04:00,-1.5791507959365845,0.29204994440078735,1.8712007999420166
2026-07-28T10:38:51.096000-04:00,-3.953430414199829,3.1787614822387695,7.1321916580200195
2026-07-28T10:38:51.100000-04:00,-2.5345680713653564,5.690180778503418,8.224748611450195
2026-07-28T10:38:51.104000-04:00,-0.8418942093849182,5.28390645980835,6.125800609588623
2026-07-28T10:38:51.108000-04:00,-3.9127445220947266,1.8604447841644287,5.773189544677734
2026-07-28T10:38:51.112000-04:00,-1.5800861120224,0.3866329789161682,1.966719150543213
2026-07-28T10:38:51.116000-04:00,-4.1642255783081055,3.4142253398895264,7.578451156616211
2026-07-28T10:38:51.120000-04:00,-1.7047159671783447,6.002223014831543,7.706938743591309
2026-07-28T10:38:51.124000-04:00,-1.265939474105835,4.969993591308594,6.235933303833008
2026-07-28T10:38:51.128000-04:00,-4.401209354400635,2.803469181060791,7.204678535461426
2026-07-28T10:38:51.132000-04:00,-1.6229933500289917,0.506352424621582,2.1293458938598633
2026-07-28T10:38:51.136000-04:00,-3.3322689533233643,2.529423952102661,5.861692905426025
2026-07-28T10:38:51.140000-04:00,-0.902923047542572,6.298014163970947,7.200937271118164
2026-07-28T10:38:51.144000-04:00,-1.6810994148254395,4.738972187042236,6.420071601867676
2026-07-28T10:38:51.148000-04:00,-4.397584915161133,2.602494716644287,7.00007963180542
2026-07-28T10:38:51.152000-04:00,-1.695596694946289,0.6180048584938049,2.313601493835449
2026-07-28T10:38:51.156000-04:00,-3.56188702583313,2.7513256072998047,6.3132123947143555
2026-07-28T10:38:51.160000-04:00,-0.15350744128227234,6.496182441711426,6.649689674377441
2026-07-28T10:38:51.164000-04:00,-0.04910367727279663,5.711459159851074,5.760562896728516
2026-07-28T10:38:51.168000-04:00,-4.284295558929443,2.3165242671966553,6.6008195877075195
2026-07-28T10:38:51.172000-04:00,-1.6211228370666504,0.21851135790348053,1.8396341800689697
2026-07-28T10:38:51.176000-04:00,-3.774669647216797,2.989010810852051,6.763680458068848
2026-07-28T10:38:51.180000-04:00,0.44988319277763367,6.673540115356445,6.223657131195068
2026-07-28T10:38:51.184000-04:00,-0.4211224913597107,5.4795026779174805,5.900625228881836
2026-07-28T10:38:51.188000-04:00,-4.093025207519531,2.059431552886963,6.152456760406494
2026-07-28T10:38:51.192000-04:00,-1.5582233667373657,0.28608736395835876,1.8443107604980469
2026-07-28T10:38:51.196000-04:00,-4.00452184677124,3.233827829360962,7.238349914550781
2026-07-28T10:38:51.200000-04:00,-2.256781578063965,5.762082576751709,8.018863677978516
2026-07-28T10:38:51.204000-04:00,-0.8666799068450928,5.211536884307861,6.078216552734375
2026-07-28T10:38:51.208000-04:00,-3.822019577026367,1.7538195848464966,5.575839042663574
2026-07-28T10:38:51.212000-04:00,-1.5766956806182861,0.3537802994251251,1.9304759502410889
2026-07-28T10:38:51.216000-04:00,-4.221863746643066,3.420304775238037,7.6421685218811035
2026-07-28T10:38:51.220000-04:00,-1.4559240341186523,6.036712169647217,7.492636203765869
2026-07-28T10:38:51.224000-04:00,-1.3304758071899414,4.90896463394165,6.239440441131592
2026-07-28T10:38:51.228000-04:00,-4.410562515258789,2.7382314205169678,7.148794174194336
2026-07-28T10:38:51.232000-04:00,-1.6276699304580688,0.4055729806423187,2.03324294090271
2026-07-28T10:38:51.236000-04:00,-3.3968052864074707,2.5635626316070557,5.9603681564331055
2026-07-28T10:38:51.240000-04:00,-0.6491038203239441,6.347468376159668,6.996572017669678
2026-07-28T10:38:51.244000-04:00,-1.7742794752120972,4.621240615844727,6.395520210266113
2026-07-28T10:38:51.248000-04:00,-4.3799309730529785,2.5273194313049316,6.90725040435791
2026-07-28T10:38:51.252000-04:00,-1.7297354936599731,0.6811381578445435,2.4108736515045166
2026-07-28T10:38:51.256000-04:00,-3.6389331817626953,2.8217077255249023,6.460640907287598
2026-07-28T10:38:51.260000-04:00,-0.0021044432651251554,6.571007251739502,6.573111534118652
2026-07-28T10:38:51.264000-04:00,-0.16999225318431854,5.621201515197754,5.791193962097168
2026-07-28T10:38:51.268000-04:00,-4.272954940795898,2.2545602321624756,6.527515411376953
2026-07-28T10:38:51.272000-04:00,-1.6116527318954468,0.22903357446193695,1.840686321258545
2026-07-28T10:38:51.276000-04:00,-3.857327461242676,3.0379977226257324,6.895325183868408
2026-07-28T10:38:51.280000-04:00,0.5342947840690613,6.695052146911621,6.160757541656494
2026-07-28T10:38:51.284000-04:00,-0.5486751198768616,5.413329601287842,5.962004661560059
2026-07-28T10:38:51.288000-04:00,-4.052923679351807,1.9810994863510132,6.034023284912109
2026-07-28T10:38:51.292000-04:00,-1.5751757621765137,0.3271239995956421,1.9022997617721558
2026-07-28T10:38:51.296000-04:00,-4.077826499938965,3.2912323474884033,7.369058609008789
2026-07-28T10:38:51.300000-04:00,-2.1353085041046143,5.841115951538086,7.976424217224121
2026-07-28T10:38:51.304000-04:00,-1.0089635848999023,5.143960952758789,6.152924537658691
2026-07-28T10:38:51.308000-04:00,-3.7703440189361572,1.6583012342453003,5.428645133972168
2026-07-28T10:38:51.312000-04:00,-1.6027673482894897,0.4072097837924957,2.009977102279663
2026-07-28T10:38:51.316000-04:00,-4.289673805236816,3.48343825340271,7.7731122970581055
2026-07-28T10:38:51.320000-04:00,-1.3158615827560425,6.126267910003662,7.442129611968994
2026-07-28T10:38:51.324000-04:00,-1.4789559841156006,4.823266983032227,6.302223205566406
2026-07-28T10:38:51.328000-04:00,-4.438972473144531,2.67392897605896,7.11290168762207
2026-07-28T10:38:51.332000-04:00,-1.6602888107299805,0.4906860291957855,2.150974750518799
2026-07-28T10:38:51.336000-04:00,-3.449533224105835,2.538543224334717,5.988076210021973
2026-07-28T10:38:51.340000-04:00,-0.5676150918006897,6.295207977294922,6.862823009490967
2026-07-28T10:38:51.344000-04:00,-1.9100160598754883,4.568395614624023,6.478411674499512
2026-07-28T10:38:51.348000-04:00,-4.379463195800781,2.4768128395080566,6.856276035308838
2026-07-28T10:38:51.352000-04:00,-1.7473894357681274,0.7187842726707458,2.4661736488342285
2026-07-28T10:38:51.356000-04:00,-3.6868677139282227,2.8757216930389404,6.562589645385742
2026-07-28T10:38:51.360000-04:00,0.12696807086467743,6.590765476226807,6.463797569274902
2026-07-28T10:38:51.364000-04:00,-0.27872180938720703,5.554561138153076,5.833282947540283
2026-07-28T10:38:51.368000-04:00,-4.234373569488525,2.1916606426239014,6.426033973693848
2026-07-28T10:38:51.372000-04:00,-1.6039365530014038,0.8761498928070068,2.480086326599121
2026-07-28T10:38:51.376000-04:00,-3.913095235824585,3.0841784477233887,6.9972734451293945
2026-07-28T10:38:51.380000-04:00,0.6432581543922424,6.729541778564453,6.0862836837768555
2026-07-28T10:38:51.384000-04:00,-0.6616135835647583,5.298286437988281,5.95989990234375
2026-07-28T10:38:51.388000-04:00,-3.990959644317627,1.8865164518356323,5.877476215362549
2026-07-28T10:38:51.392000-04:00,-1.5679271221160889,0.3404521644115448,1.908379316329956
2026-07-28T10:38:51.396000-04:00,-4.104249000549316,3.35787296295166,7.462121963500977
2026-07-28T10:38:51.400000-04:00,-1.9129389524459839,5.935815811157227,7.8487548828125
2026-07-28T10:38:51.404000-04:00,-1.091153860092163,5.107016086578369,6.198169708251953
2026-07-28T10:38:51.408000-04:00,-3.6680445671081543,1.5917774438858032,5.259821891784668
2026-07-28T10:38:51.412000-04:00,-1.5897899866104126,0.4145753085613251,2.0043652057647705
2026-07-28T10:38:51.416000-04:00,-4.308145999908447,3.5247085094451904,7.832854270935059
2026-07-28T10:38:51.420000-04:00,-1.1526503562927246,6.178645610809326,7.331295967102051
2026-07-28T10:38:51.424000-04:00,-1.562549114227295,4.7929863929748535,6.355535507202148
2026-07-28T10:38:51.428000-04:00,-4.432425022125244,2.631606340408325,7.064031600952148
2026-07-28T10:38:51.432000-04:00,-1.6623932123184204,0.5263446569442749,2.1887378692626953
2026-07-28T10:38:51.436000-04:00,-3.506002426147461,2.64715576171875,6.153158187866211
2026-07-28T10:38:51.440000-04:00,-0.3244349956512451,6.46648645401001,6.790921211242676
2026-07-28T10:38:51.444000-04:00,-3.8360493183135986,3.3701488971710205,7.206198215484619
2026-07-28T10:38:51.448000-04:00,-4.337023735046387,2.3353474140167236,6.672370910644531
2026-07-28T10:38:51.452000-04:00,-1.7272802591323853,0.6437258124351501,2.3710060119628906
2026-07-28T10:38:51.456000-04:00,-3.718083620071411,2.8702268600463867,6.588310241699219
2026-07-28T10:38:51.460000-04:00,0.31017154455184937,6.667577743530273,6.357406139373779
2026-07-28T10:38:51.464000-04:00,-0.32455191016197205,5.538193225860596,5.86274528503418
2026-07-28T10:38:51.468000-04:00,-4.166797637939453,2.1000006198883057,6.26679801940918
2026-07-28T10:38:51.472000-04:00,-1.5302809476852417,0.852416455745697,2.382697343826294
2026-07-28T10:38:51.476000-04:00,-3.9383485317230225,3.1228768825531006,7.061225414276123
2026-07-28T10:38:51.480000-04:00,0.7628606557846069,6.812316417694092,6.049455642700195
2026-07-28T10:38:51.484000-04:00,-0.7427515387535095,5.307522773742676,6.05027437210083
2026-07-28T10:38:51.488000-04:00,-3.903508424758911,1.8146146535873413,5.718122959136963
2026-07-28T10:38:51.492000-04:00,-1.5212786197662354,0.24060800671577454,1.7618865966796875
2026-07-28T10:38:51.496000-04:00,-4.137452125549316,3.362783432006836,7.500235557556152
2026-07-28T10:38:51.500000-04:00,-1.6514034271240234,6.03367280960083,7.6850762367248535
2026-07-28T10:38:51.504000-04:00,-1.1130166053771973,5.102222442626953,6.21523904800415
2026-07-28T10:38:51.508000-04:00,-3.5715909004211426,1.5191742181777954,5.090764999389648
2026-07-28T10:38:51.512000-04:00,-1.5780986547470093,0.37669533491134644,1.954793930053711
2026-07-28T10:38:51.516000-04:00,-4.3371405601501465,3.5740461349487305,7.911186695098877
2026-07-28T10:38:51.520000-04:00,-0.7552613019943237,6.374826431274414,7.130087852478027
2026-07-28T10:38:51.524000-04:00,-1.5989092588424683,4.801403999328613,6.400313377380371
2026-07-28T10:38:51.528000-04:00,-4.384607315063477,2.6345291137695312,7.019136428833008
2026-07-28T10:38:51.532000-04:00,-1.6353862285614014,0.5276306867599487,2.1630167961120605
2026-07-28T10:38:51.536000-04:00,-3.514303207397461,2.729228973388672,6.243532180786133
2026-07-28T10:38:51.540000-04:00,-0.054130956530570984,6.611459255218506,6.665590286254883
2026-07-28T10:38:51.544000-04:00,-2.0401408672332764,4.562082290649414,6.6022233963012695
2026-07-28T10:38:51.548000-04:00,-4.301949501037598,2.375448703765869,6.677398204803467
2026-07-28T10:38:51.552000-04:00,-1.755924105644226,0.6743571758270264,2.430281162261963
2026-07-28T10:38:51.556000-04:00,-3.7457921504974365,2.902027130126953,6.647819519042969
2026-07-28T10:38:51.560000-04:00,0.5000391006469727,6.762511253356934,6.262472152709961
2026-07-28T10:38:51.564000-04:00,-0.32817623019218445,5.558887004852295,5.887063026428223
2026-07-28T10:38:51.568000-04:00,-4.120967388153076,2.033827543258667,6.154794692993164
2026-07-28T10:38:51.572000-04:00,-1.5614968538284302,0.8841000199317932,2.445596933364868
2026-07-28T10:38:51.576000-04:00,-4.042752265930176,3.1705775260925293,7.213329792022705
2026-07-28T10:38:51.580000-04:00,1.0049885511398315,6.877437591552734,5.872448921203613
2026-07-28T10:38:51.584000-04:00,-0.7716292142868042,5.26332950592041,6.034958839416504
2026-07-28T10:38:51.588000-04:00,-3.8330094814300537,1.7264618873596191,5.559471130371094
2026-07-28T10:38:51.592000-04:00,-1.5609123706817627,0.28515204787254333,1.8460644483566284
2026-07-28T10:38:51.596000-04:00,-4.237062454223633,3.409081220626831,7.646143913269043
2026-07-28T10:38:51.600000-04:00,-1.1213175058364868,6.210679531097412,7.331996917724609
2026-07-28T10:38:51.604000-04:00,-1.3522217273712158,4.883944988250732,6.236166954040527
2026-07-28T10:38:51.608000-04:00,-3.4427523612976074,1.3307095766067505,4.773461818695068
2026-07-28T10:38:51.612000-04:00,-1.5918943881988525,0.38031965494155884,1.9722139835357666
2026-07-28T10:38:51.616000-04:00,-4.4007415771484375,3.640920639038086,8.041662216186523
2026-07-28T10:38:51.620000-04:00,-0.5387374758720398,6.456431865692139,6.995169162750244
2026-07-28T10:38:51.624000-04:00,-1.7522997856140137,4.711614608764648,6.463914394378662
2026-07-28T10:38:51.628000-04:00,-4.376189708709717,2.55853533744812,6.934724807739258
2026-07-28T10:38:51.632000-04:00,-1.6703433990478516,0.5953236222267151,2.265666961669922
2026-07-28T10:38:51.636000-04:00,-3.593921422958374,2.8134067058563232,6.407328128814697
2026-07-28T10:38:51.640000-04:00,0.1481294184923172,6.675995349884033,6.527865886688232
2026-07-28T10:38:51.644000-04:00,-2.178215742111206,4.457912445068359,6.6361284255981445
2026-07-28T10:38:51.648000-04:00,-4.260796070098877,2.2758383750915527,6.53663444519043
2026-07-28T10:38:51.652000-04:00,-1.790764331817627,0.7961810231208801,2.5869452953338623
2026-07-28T10:38:51.656000-04:00,-3.824474811553955,3.081138849258423,6.905613899230957
2026-07-28T10:38:51.660000-04:00,0.6461809873580933,6.828217029571533,6.18203592300415
2026-07-28T10:38:51.664000-04:00,-0.4319954216480255,5.486867904663086,5.918863296508789
2026-07-28T10:38:51.668000-04:00,-4.04403829574585,2.0068204402923584,6.050858497619629
2026-07-28T10:38:51.672000-04:00,-1.9412319660186768,1.006508469581604,2.9477405548095703
2026-07-28T10:38:51.676000-04:00,-4.0339837074279785,3.269953966140747,7.303937911987305
2026-07-28T10:38:51.680000-04:00,1.0162122249603271,6.872410297393799,5.856198310852051
2026-07-28T10:38:51.684000-04:00,-0.8597819805145264,5.200897693634033,6.0606794357299805
2026-07-28T10:38:51.688000-04:00,-3.7459089756011963,1.731255292892456,5.477164268493652
2026-07-28T10:38:51.692000-04:00,-1.5537805557250977,0.38838669657707214,1.9421672821044922
2026-07-28T10:38:51.696000-04:00,-4.253196716308594,3.504248857498169,7.757445335388184
2026-07-28T10:38:51.700000-04:00,-1.206196665763855,6.191038131713867,7.397234916687012
2026-07-28T10:38:51.704000-04:00,-1.333047866821289,4.939478874206543,6.272526741027832
2026-07-28T10:38:51.708000-04:00,-3.397857427597046,1.396064281463623,4.79392147064209
2026-07-28T10:38:51.712000-04:00,-1.6238118410110474,0.5307873487472534,2.154599189758301
2026-07-28T10:38:51.716000-04:00,-4.425527095794678,3.7281382083892822,8.153665542602539
2026-07-28T10:38:51.720000-04:00,-0.4459081292152405,6.469876766204834,6.91578483581543
2026-07-28T10:38:51.724000-04:00,-1.7759162187576294,4.678761959075928,6.454678058624268
2026-07-28T10:38:51.728000-04:00,-4.346493721008301,2.5310606956481934,6.877554416656494
2026-07-28T10:38:51.732000-04:00,-1.713718295097351,0.7076774835586548,2.421395778656006
2026-07-28T10:38:51.736000-04:00,-3.655885696411133,2.902027130126953,6.557912826538086
2026-07-28T10:38:51.740000-04:00,0.22856591641902924,6.675528049468994,6.446962356567383
2026-07-28T10:38:51.744000-04:00,-2.2694082260131836,4.407171726226807,6.67657995223999
2026-07-28T10:38:51.748000-04:00,-4.2149658203125,2.2522218227386475,6.467187881469727
2026-07-28T10:38:51.752000-04:00,-1.8468828201293945,0.8982465267181396,2.745129346847534
2026-07-28T10:38:51.756000-04:00,-3.892401695251465,3.1235783100128174,7.015979766845703
2026-07-28T10:38:51.760000-04:00,0.6789167523384094,6.779581069946289,6.100664138793945
2026-07-28T10:38:51.764000-04:00,-0.6194077730178833,5.366797924041748,5.986205577850342
2026-07-28T10:38:51.768000-04:00,-3.992830276489258,1.9032350778579712,5.8960652351379395
2026-07-28T10:38:51.772000-04:00,-2.01056170463562,1.0193688869476318,3.029930591583252
2026-07-28T10:38:51.776000-04:00,-4.130788326263428,3.3209283351898193,7.451716423034668
2026-07-28T10:38:51.780000-04:00,1.0068591833114624,6.80647087097168,5.799611568450928
2026-07-28T10:38:51.784000-04:00,-1.10214364528656,5.062471866607666,6.164615631103516
2026-07-28T10:38:51.788000-04:00,-3.6731886863708496,1.5776309967041016,5.250819683074951
2026-07-28T10:38:51.792000-04:00,-1.5927127599716187,0.4026501476764679,1.9953628778457642
2026-07-28T10:38:51.796000-04:00,-4.318668365478516,3.5181615352630615,7.836830139160156
2026-07-28T10:38:51.800000-04:00,-1.0720969438552856,6.179814338684082,7.251911163330078
2026-07-28T10:38:51.804000-04:00,-1.5429075956344604,4.763991832733154,6.306899547576904
2026-07-28T10:38:51.808000-04:00,-3.302806854248047,1.2729543447494507,4.575761318206787
2026-07-28T10:38:51.812000-04:00,-1.6752537488937378,0.5722916722297668,2.2475454807281494
2026-07-28T10:38:51.816000-04:00,-4.4845685958862305,3.746610403060913,8.231179237365723
2026-07-28T10:38:51.820000-04:00,-0.35261115431785583,6.446260452270508,6.7988715171813965
2026-07-28T10:38:51.824000-04:00,-2.0061190128326416,4.524670124053955,6.530789375305176
2026-07-28T10:38:51.828000-04:00,-4.349767208099365,2.4144978523254395,6.764265060424805
2026-07-28T10:38:51.832000-04:00,-1.7802420854568481,0.7846065759658813,2.5648486614227295
2026-07-28T10:38:51.836000-04:00,-3.740647792816162,3.049571990966797,6.790219783782959
2026-07-28T10:38:51.840000-04:00,0.28643810749053955,6.612277507781982,6.325839519500732
2026-07-28T10:38:51.844000-04:00,-2.4371790885925293,4.259393215179443,6.696572303771973
2026-07-28T10:38:51.848000-04:00,-4.1611857414245605,2.161497116088867,6.322682857513428
2026-07-28T10:38:51.852000-04:00,-1.9127050638198853,0.987802267074585,2.9005074501037598
2026-07-28T10:38:51.856000-04:00,-3.962900400161743,3.2074053287506104,7.1703057289123535
2026-07-28T10:38:51.860000-04:00,0.7338661551475525,6.766720294952393,6.032854080200195
2026-07-28T10:38:51.864000-04:00,-0.7903353571891785,5.261692523956299,6.052027702331543
2026-07-28T10:38:51.868000-04:00,-3.9164857864379883,1.8537806272506714,5.770266532897949
2026-07-28T10:38:51.872000-04:00,-2.0768516063690186,1.1876075267791748,3.2644591331481934
2026-07-28T10:38:51.876000-04:00,-4.165628433227539,3.361497402191162,7.527125835418701
2026-07-28T10:38:51.880000-04:00,1.0404133796691895,6.77537202835083,5.734958648681641
2026-07-28T10:38:51.884000-04:00,-1.165160059928894,5.014654636383057,6.17981481552124
2026-07-28T10:38:51.888000-04:00,-3.5763843059539795,1.5572880506515503,5.13367223739624
2026-07-28T10:38:51.892000-04:00,-1.6276699304580688,0.542595624923706,2.1702656745910645
2026-07-28T10:38:51.896000-04:00,-4.366719722747803,3.6508584022521973,8.017578125
2026-07-28T10:38:51.900000-04:00,-0.8458693027496338,6.317070960998535,7.16294002532959
2026-07-28T10:38:51.904000-04:00,-1.6283714771270752,4.781762599945068,6.410134315490723
2026-07-28T10:38:51.908000-04:00,-3.2264621257781982,1.3051055669784546,4.531567573547363
2026-07-28T10:38:51.912000-04:00,-1.7206162214279175,0.7706938982009888,2.4913101196289062
2026-07-28T10:38:51.916000-04:00,-4.529463291168213,3.8966104984283447,8.426074028015137
2026-07-28T10:38:51.920000-04:00,-0.133281409740448,6.549144268035889,6.682425498962402
2026-07-28T10:38:51.924000-04:00,-2.09088134765625,4.469603538513184,6.560484886169434
2026-07-28T10:38:51.928000-04:00,-4.3055739402771,2.415900945663452,6.721474647521973
2026-07-28T10:38:51.932000-04:00,-1.8280596733093262,0.9240844249725342,2.7521440982818604
2026-07-28T10:38:51.936000-04:00,-3.810912847518921,4.102962970733643,7.913875579833984
2026-07-28T10:38:51.940000-04:00,0.37681224942207336,6.6633687019348145,6.286556243896484
2026-07-28T10:38:51.944000-04:00,-2.553741931915283,4.207132816314697,6.7608747482299805
2026-07-28T10:38:51.948000-04:00,-4.1356987953186035,2.0441157817840576,6.179814338684082
2026-07-28T10:38:51.952000-04:00,-1.9772413969039917,1.0485973358154297,3.025838851928711
2026-07-28T10:38:51.956000-04:00,-4.043103218078613,3.243882417678833,7.286985397338867
2026-07-28T10:38:51.960000-04:00,0.7578334212303162,6.696338653564453,5.938505172729492
2026-07-28T10:38:51.964000-04:00,-0.9181218147277832,5.136244297027588,6.054366111755371
2026-07-28T10:38:51.968000-04:00,-3.865628480911255,1.7367502450942993,5.602378845214844
2026-07-28T10:38:51.972000-04:00,-2.149688720703125,1.254949688911438,3.4046382904052734
2026-07-28T10:38:51.976000-04:00,-4.246298789978027,3.488699197769165,7.734997749328613
2026-07-28T10:38:51.980000-04:00,1.0257991552352905,6.731529235839844,5.705729961395264
2026-07-28T10:38:51.984000-04:00,-1.3488311767578125,4.841856479644775,6.190687656402588
2026-07-28T10:38:51.988000-04:00,-3.5138356685638428,1.4057680368423462,4.9196038246154785
2026-07-28T10:38:51.992000-04:00,-1.6648484468460083,0.5860874652862549,2.2509360313415527
2026-07-28T10:38:51.996000-04:00,-4.422604560852051,3.706976890563965,8.129581451416016
2026-07-28T10:38:52-04:00,-0.7330477237701416,6.3275933265686035,7.060641288757324
2026-07-28T10:38:52.004000-04:00,-1.7535858154296875,4.660757064819336,6.414342880249023
2026-07-28T10:38:52.008000-04:00,-3.1253321170806885,1.2071319818496704,4.332464218139648
2026-07-28T10:38:52.012000-04:00,-1.7473894357681274,0.8092753291130066,2.5566647052764893
2026-07-28T10:38:52.016000-04:00,-4.543142318725586,3.947467803955078,8.490610122680664
2026-07-28T10:38:52.020000-04:00,0.022096654400229454,6.571124076843262,6.549027442932129
2026-07-28T10:38:52.024000-04:00,-2.193063735961914,4.418980121612549,6.612043857574463
2026-07-28T10:38:52.028000-04:00,-4.268746376037598,2.3171088695526123,6.585855484008789
2026-07-28T10:38:52.032000-04:00,-1.8717854022979736,0.9469994902610779,2.8187849521636963
2026-07-28T10:38:52.036000-04:00,-3.884451389312744,4.124942779541016,8.009393692016602
2026-07-28T10:38:52.040000-04:00,0.49641478061676025,6.6633687019348145,6.166954040527344
2026-07-28T10:38:52.044000-04:00,-2.6939210891723633,4.103781223297119,6.797702312469482
2026-07-28T10:38:52.048000-04:00,-4.089634895324707,1.9705772399902344,6.060212135314941
2026-07-28T10:38:52.052000-04:00,-2.023656129837036,1.072447657585144,3.0961036682128906
2026-07-28T10:38:52.056000-04:00,-4.097701549530029,3.2660958766937256,7.363797187805176
2026-07-28T10:38:52.060000-04:00,0.7961810231208801,6.7019500732421875,5.905768871307373
2026-07-28T10:38:52.064000-04:00,-1.0445053577423096,5.060601234436035,6.105106353759766
2026-07-28T10:38:52.068000-04:00,-3.7766573429107666,1.682853102684021,5.459510326385498
2026-07-28T10:38:52.072000-04:00,-2.1920113563537598,1.353273868560791,3.545285224914551
2026-07-28T10:38:52.076000-04:00,-4.293415069580078,3.5549890995025635,7.8484039306640625
2026-07-28T10:38:52.080000-04:00,1.0673034191131592,6.750352382659912,5.683049201965332
2026-07-28T10:38:52.084000-04:00,-1.4770853519439697,4.814966201782227,6.292051315307617
2026-07-28T10:38:52.088000-04:00,-3.4011309146881104,1.4137182235717773,4.814848899841309
2026-07-28T10:38:52.092000-04:00,-1.6616917848587036,0.6397507190704346,2.3014426231384277
2026-07-28T10:38:52.096000-04:00,-4.450897693634033,3.7565481662750244,8.207446098327637
2026-07-28T10:38:52.100000-04:00,-0.5793064832687378,6.421708583831787,7.0010151863098145
2026-07-28T10:38:52.104000-04:00,-1.9041703939437866,4.631295204162598,6.535465717315674
2026-07-28T10:38:52.108000-04:00,-3.012627363204956,1.148909091949463,4.16153621673584
2026-07-28T10:38:52.112000-04:00,-1.7596652507781982,0.875916063785553,2.6355812549591064
2026-07-28T10:38:52.116000-04:00,-4.573773384094238,4.031528472900391,8.605301856994629
2026-07-28T10:38:52.120000-04:00,0.12065474689006805,6.623384475708008,6.502729892730713
2026-07-28T10:38:52.124000-04:00,-2.35463809967041,4.340297222137451,6.694935321807861
2026-07-28T10:38:52.128000-04:00,-4.231100082397461,2.2487144470214844,6.479814529418945
2026-07-28T10:38:52.132000-04:00,-1.8982077836990356,0.9948170781135559,2.8930249214172363
2026-07-28T10:38:52.136000-04:00,-4.63117790222168,4.171123504638672,8.802301406860352
2026-07-28T10:38:52.140000-04:00,0.52120041847229,6.651209831237793,6.130009651184082
2026-07-28T10:38:52.144000-04:00,-2.870109796524048,3.9846463203430176,6.8547563552856445
2026-07-28T10:38:52.148000-04:00,-4.012939453125,1.8458305597305298,5.85876989364624
2026-07-28T10:38:52.152000-04:00,-2.0531182289123535,1.1195638179779053,3.172682046890259
2026-07-28T10:38:52.156000-04:00,-4.1262288093566895,3.3091201782226562,7.435348987579346
2026-07-28T10:38:52.160000-04:00,0.7737336158752441,6.6942338943481445,5.9205002784729
2026-07-28T10:38:52.164000-04:00,-1.2499223947525024,4.974553108215332,6.224475383758545
2026-07-28T10:38:52.168000-04:00,-3.6798529624938965,1.589906930923462,5.2697601318359375
2026-07-28T10:38:52.172000-04:00,-2.215043544769287,1.3750197887420654,3.5900633335113525
2026-07-28T10:38:52.176000-04:00,-4.327787399291992,3.5848021507263184,7.9125895500183105
2026-07-28T10:38:52.180000-04:00,0.9963369369506836,6.703703880310059,5.707366943359375
2026-07-28T10:38:52.184000-04:00,-1.6401796340942383,4.734412670135498,6.374592304229736
2026-07-28T10:38:52.188000-04:00,-3.3101723194122314,1.2889715433120728,4.599143981933594
2026-07-28T10:38:52.192000-04:00,-1.6984026432037354,0.6555340886116028,2.3539366722106934
2026-07-28T10:38:52.196000-04:00,-4.518590450286865,3.757366418838501,8.275957107543945
2026-07-28T10:38:52.200000-04:00,-0.4607561528682709,6.340453624725342,6.801209926605225
2026-07-28T10:38:52.204000-04:00,-2.0874907970428467,4.423890590667725,6.511381149291992
2026-07-28T10:38:52.208000-04:00,-2.93137264251709,0.9432582259178162,3.874630928039551
2026-07-28T10:38:52.212000-04:00,-1.803157091140747,0.7731490731239319,2.576306104660034
2026-07-28T10:38:52.216000-04:00,-4.62276029586792,3.9180057048797607,8.540765762329102
2026-07-28T10:38:52.220000-04:00,0.1898675411939621,6.50775671005249,6.317889213562012
2026-07-28T10:38:52.224000-04:00,-2.525448799133301,4.125293254852295,6.650742053985596
2026-07-28T10:38:52.228000-04:00,-4.196376800537109,2.048558473587036,6.244935035705566
2026-07-28T10:38:52.232000-04:00,-1.9497666358947754,0.9536635279655457,2.903430223464966
2026-07-28T10:38:52.236000-04:00,-4.612822532653809,4.162939548492432,8.775762557983398
2026-07-28T10:38:52.240000-04:00,0.6909588575363159,6.630983829498291,5.9400248527526855
2026-07-28T10:38:52.244000-04:00,-2.987607955932617,3.8935706615448,6.881178855895996
2026-07-28T10:38:52.248000-04:00,-3.917187213897705,1.7544041872024536,5.671591281890869
2026-07-28T10:38:52.252000-04:00,-2.0960254669189453,1.1650431156158447,3.26106858253479
2026-07-28T10:38:52.256000-04:00,-4.188076019287109,3.3588082790374756,7.546884536743164
2026-07-28T10:38:52.260000-04:00,0.9083011150360107,6.675878524780273,5.767577171325684
2026-07-28T10:38:52.264000-04:00,-1.3083791732788086,4.884997367858887,6.193376541137695
2026-07-28T10:38:52.268000-04:00,-3.593921422958374,1.5032739639282227,5.097195625305176
2026-07-28T10:38:52.272000-04:00,-2.293024778366089,1.4237728118896484,3.7167975902557373
2026-07-28T10:38:52.276000-04:00,-4.394077301025391,3.622331380844116,8.016408920288086
2026-07-28T10:38:52.280000-04:00,1.0015981197357178,6.628645420074463,5.627047538757324
2026-07-28T10:38:52.284000-04:00,-1.766913890838623,4.619603633880615,6.386517524719238
2026-07-28T10:38:52.288000-04:00,-3.2193305492401123,1.1885427236557007,4.407873153686523
2026-07-28T10:38:52.292000-04:00,-1.7353472709655762,0.7184335589408875,2.4537808895111084
2026-07-28T10:38:52.296000-04:00,-4.535776615142822,3.860133409500122,8.395910263061523
2026-07-28T10:38:52.300000-04:00,-0.21512086689472198,6.471162796020508,6.686283588409424
2026-07-28T10:38:52.304000-04:00,-2.1405694484710693,4.421435356140137,6.562005043029785
2026-07-28T10:38:52.308000-04:00,-2.8199539184570312,0.9377632737159729,3.7577171325683594
2026-07-28T10:38:52.312000-04:00,-1.8402186632156372,0.8815279006958008,2.7217464447021484
2026-07-28T10:38:52.316000-04:00,-4.618434429168701,4.073149681091309,8.691583633422852
2026-07-28T10:38:52.320000-04:00,0.37552621960639954,6.675644874572754,6.300118446350098
2026-07-28T10:38:52.324000-04:00,-2.6214349269866943,4.1850361824035645,6.80647087097168
2026-07-28T10:38:52.328000-04:00,-4.108457565307617,2.083749532699585,6.192207336425781
2026-07-28T10:38:52.332000-04:00,-1.9650822877883911,1.1109122037887573,3.0759944915771484
2026-07-28T10:38:52.336000-04:00,-4.570032119750977,4.378995895385742,8.949028015136719
2026-07-28T10:38:52.340000-04:00,0.8406081795692444,6.780749797821045,5.940141677856445
2026-07-28T10:38:52.344000-04:00,-2.9703047275543213,3.9681615829467773,6.9384660720825195
2026-07-28T10:38:52.348000-04:00,-3.844116449356079,1.7733441591262817,5.61746072769165
2026-07-28T10:38:52.352000-04:00,-2.1613800525665283,1.2667579650878906,3.428138017654419
2026-07-28T10:38:52.356000-04:00,-4.253079891204834,3.458535671234131,7.711615562438965
2026-07-28T10:38:52.360000-04:00,1.0312941074371338,6.709783554077148,5.678489685058594
2026-07-28T10:38:52.364000-04:00,-1.3749029636383057,4.830048084259033,6.204951286315918
2026-07-28T10:38:52.368000-04:00,-3.509509801864624,1.4067033529281616,4.916213035583496
2026-07-28T10:38:52.372000-04:00,-2.345168113708496,1.5014033317565918,3.846571445465088
2026-07-28T10:38:52.376000-04:00,-4.429969787597656,3.719252586364746,8.149222373962402
2026-07-28T10:38:52.380000-04:00,1.0702263116836548,6.662784099578857,5.592557907104492
2026-07-28T10:38:52.384000-04:00,-1.8494548797607422,4.5659403800964355,6.415395259857178
2026-07-28T10:38:52.388000-04:00,-3.123110771179199,1.1323074102401733,4.255418300628662
2026-07-28T10:38:52.392000-04:00,-1.751481294631958,0.7302418351173401,2.4817230701446533
2026-07-28T10:38:52.396000-04:00,-4.557171821594238,3.8546385765075684,8.411809921264648
2026-07-28T10:38:52.400000-04:00,-0.09575216472148895,6.49138879776001,6.587141036987305
2026-07-28T10:38:52.404000-04:00,-2.312549352645874,4.29095983505249,6.603508949279785
2026-07-28T10:38:52.408000-04:00,-2.7545993328094482,0.834294855594635,3.5888941287994385
2026-07-28T10:38:52.412000-04:00,-1.8798524141311646,0.9031568765640259,2.7830092906951904
2026-07-28T10:38:52.416000-04:00,-4.627904415130615,4.086244106292725,8.71414852142334
2026-07-28T10:38:52.420000-04:00,0.4295402467250824,6.527164459228516,6.0976243019104
2026-07-28T10:38:52.424000-04:00,-2.7556514739990234,4.032347202301025,6.787998676300049
2026-07-28T10:38:52.428000-04:00,-4.0934929847717285,1.9364385604858398,6.029931545257568
2026-07-28T10:38:52.432000-04:00,-2.0455188751220703,1.1061187982559204,3.151637554168701
2026-07-28T10:38:52.436000-04:00,-4.571435451507568,4.322877407073975,8.894312858581543
2026-07-28T10:38:52.440000-04:00,0.8263447284698486,6.678801536560059,5.852457046508789
2026-07-28T10:38:52.444000-04:00,-3.171278953552246,3.8146541118621826,6.985933303833008
2026-07-28T10:38:52.448000-04:00,-3.7785279750823975,1.6556122303009033,5.434140205383301
2026-07-28T10:38:52.452000-04:00,-2.212003707885742,1.306274652481079,3.5182783603668213
2026-07-28T10:38:52.456000-04:00,-4.309432029724121,3.476891040802002,7.786323070526123
2026-07-28T10:38:52.460000-04:00,0.9522605538368225,6.641272068023682,5.689011573791504
2026-07-28T10:38:52.464000-04:00,-1.5743573904037476,4.71558952331543,6.289947032928467
2026-07-28T10:38:52.468000-04:00,-3.4350359439849854,1.3020658493041992,4.7371015548706055
2026-07-28T10:38:52.472000-04:00,-2.401754379272461,1.4954407215118408,3.8971951007843018
2026-07-28T10:38:52.476000-04:00,-4.478839874267578,3.6713180541992188,8.150157928466797
2026-07-28T10:38:52.480000-04:00,1.0114188194274902,6.537686824798584,5.526268005371094
2026-07-28T10:38:52.484000-04:00,-1.9843730926513672,4.433360576629639,6.417733669281006
2026-07-28T10:38:52.488000-04:00,-3.0493383407592773,0.9935310482978821,4.042869567871094
2026-07-28T10:38:52.492000-04:00,-1.7918164730072021,0.7535076141357422,2.5453240871429443
2026-07-28T10:38:52.496000-04:00,-4.599494457244873,3.9032745361328125,8.502769470214844
2026-07-28T10:38:52.500000-04:00,0.06804366409778595,6.424280643463135,6.356236934661865
2026-07-28T10:38:52.504000-04:00,-2.425487756729126,4.1814117431640625,6.606899261474609
2026-07-28T10:38:52.508000-04:00,-2.6746304035186768,0.7419331669807434,3.4165635108947754
2026-07-28T10:38:52.512000-04:00,-1.925916314125061,0.9450119137763977,2.8709282875061035
2026-07-28T10:38:52.516000-04:00,-4.635386943817139,4.106236457824707,8.741622924804688
2026-07-28T10:38:52.520000-04:00,0.5324241518974304,6.5837507247924805,6.051326751708984
2026-07-28T10:38:52.524000-04:00,-2.866485595703125,3.8687851428985596,6.7352705001831055
2026-07-28T10:38:52.528000-04:00,-4.033866882324219,1.805846095085144,5.839713096618652
2026-07-28T10:38:52.532000-04:00,-2.0969607830047607,1.1566253900527954,3.2535862922668457
2026-07-28T10:38:52.536000-04:00,-4.543610095977783,4.365784645080566,8.909395217895508
2026-07-28T10:38:52.540000-04:00,0.8490259647369385,6.627242565155029,5.778216361999512
2026-07-28T10:38:52.544000-04:00,-3.268784999847412,3.7018325328826904,6.970617294311523
2026-07-28T10:38:52.548000-04:00,-3.7024171352386475,1.5503901243209839,5.252807140350342
2026-07-28T10:38:52.552000-04:00,-2.260756731033325,1.3753706216812134,3.636127471923828
2026-07-28T10:38:52.556000-04:00,-4.356080532073975,3.5491435527801514,7.905223846435547
2026-07-28T10:38:52.560000-04:00,0.9657056331634521,6.607834815979004,5.642128944396973
2026-07-28T10:38:52.564000-04:00,-1.689400315284729,4.631412029266357,6.320812225341797
2026-07-28T10:38:52.568000-04:00,-3.325137138366699,1.2137961387634277,4.538933277130127
2026-07-28T10:38:52.572000-04:00,-2.456352949142456,1.5799691677093506,4.036322116851807
2026-07-28T10:38:52.576000-04:00,-4.5136799812316895,3.7595877647399902,8.27326774597168
2026-07-28T10:38:52.580000-04:00,0.9579893350601196,6.519214630126953,5.561225414276123
2026-07-28T10:38:52.584000-04:00,-2.1534299850463867,4.359938621520996,6.513368606567383
2026-07-28T10:38:52.588000-04:00,-2.955106019973755,0.9392831921577454,3.8943891525268555
2026-07-28T10:38:52.592000-04:00,-1.8336715698242188,0.839672863483429,2.673344373703003
2026-07-28T10:38:52.596000-04:00,-4.624630928039551,3.9917781352996826,8.616409301757812
2026-07-28T10:38:52.600000-04:00,-0.05880749598145485,6.4619269371032715,6.5207343101501465
2026-07-28T10:38:52.604000-04:00,-2.562744140625,4.211575508117676,6.774319648742676
2026-07-28T10:38:52.608000-04:00,-2.553274154663086,0.7909198999404907,3.344193935394287
2026-07-28T10:38:52.612000-04:00,-1.9592366218566895,1.1355810165405273,3.094817638397217
2026-07-28T10:38:52.616000-04:00,-4.597156047821045,4.31153678894043,8.908693313598633
2026-07-28T10:38:52.620000-04:00,0.6787998676300049,6.714576721191406,6.0357770919799805
2026-07-28T10:38:52.624000-04:00,-2.965745210647583,3.963718891143799,6.929464340209961
2026-07-28T10:38:52.628000-04:00,-3.911341667175293,1.8162513971328735,5.727592945098877
2026-07-28T10:38:52.632000-04:00,-2.121161937713623,1.2444274425506592,3.3655893802642822
2026-07-28T10:38:52.636000-04:00,-4.476150989532471,4.4970784187316895,8.97322940826416
2026-07-28T10:38:52.640000-04:00,0.9250197410583496,6.6907267570495605,5.765707015991211
2026-07-28T10:38:52.644000-04:00,-3.354950189590454,3.7024171352386475,7.057367324829102
2026-07-28T10:38:52.648000-04:00,-3.5715909004211426,1.5079505443572998,5.079541206359863
2026-07-28T10:38:52.652000-04:00,-2.3306708335876465,1.4970775842666626,3.8277482986450195
2026-07-28T10:38:52.656000-04:00,-4.415355682373047,3.6547164916992188,8.070072174072266
2026-07-28T10:38:52.660000-04:00,0.9887375831604004,6.628879547119141,5.64014196395874
2026-07-28T10:38:52.664000-04:00,-1.8422062397003174,4.5772809982299805,6.419486999511719
2026-07-28T10:38:52.668000-04:00,-3.186711549758911,1.1782543659210205,4.364965915679932
2026-07-28T10:38:52.672000-04:00,-2.522993564605713,1.7141859531402588,4.237179756164551
2026-07-28T10:38:52.676000-04:00,-4.559276103973389,3.8713572025299072,8.430633544921875
2026-07-28T10:38:52.680000-04:00,0.8966097235679626,6.500976085662842,5.604366302490234
2026-07-28T10:38:52.684000-04:00,-2.333827495574951,4.303703308105469,6.63753080368042
2026-07-28T10:38:52.688000-04:00,-2.80159854888916,0.9127438068389893,3.7143423557281494
2026-07-28T10:38:52.692000-04:00,-1.8547159433364868,0.9168357849121094,2.7715516090393066
2026-07-28T10:38:52.696000-04:00,-4.62883996963501,4.062160015106201,8.690999984741211
2026-07-28T10:38:52.700000-04:00,0.7946611642837524,6.370500564575195,5.575839519500732
2026-07-28T10:38:52.704000-04:00,-2.730398178100586,4.071863651275635,6.802261829376221
2026-07-28T10:38:52.708000-04:00,-2.4401018619537354,0.6909588575363159,3.1310606002807617
2026-07-28T10:38:52.712000-04:00,-1.9912710189819336,1.1422450542449951,3.1335160732269287
2026-07-28T10:38:52.716000-04:00,-4.607795238494873,4.31972074508667,8.927515983581543
2026-07-28T10:38:52.720000-04:00,0.6865161657333374,6.678333759307861,5.991817474365234
2026-07-28T10:38:52.724000-04:00,-3.108262777328491,3.8866729736328125,6.994935989379883
2026-07-28T10:38:52.728000-04:00,-3.810328245162964,1.7747471332550049,5.585075378417969
2026-07-28T10:38:52.732000-04:00,-2.1612632274627686,1.359002709388733,3.520266056060791
2026-07-28T10:38:52.736000-04:00,-4.398754119873047,4.575059413909912,8.973814010620117
2026-07-28T10:38:52.740000-04:00,0.9724866151809692,6.6776323318481445,5.705145835876465
2026-07-28T10:38:52.744000-04:00,-3.445324420928955,3.6614973545074463,7.1068220138549805
2026-07-28T10:38:52.748000-04:00,-3.4646151065826416,1.4631726741790771,4.927787780761719
2026-07-28T10:38:52.752000-04:00,-2.356508731842041,1.5570541620254517,3.913562774658203
2026-07-28T10:38:52.756000-04:00,-4.433243751525879,3.751520872116089,8.184764862060547
2026-07-28T10:38:52.760000-04:00,1.0231101512908936,6.645013332366943,5.621903419494629
2026-07-28T10:38:52.764000-04:00,-1.9157447814941406,4.56102991104126,6.4767746925354
2026-07-28T10:38:52.768000-04:00,-3.091660976409912,1.1656277179718018,4.257288932800293
2026-07-28T10:38:52.772000-04:00,-2.5785274505615234,1.7982467412948608,4.376774311065674
2026-07-28T10:38:52.776000-04:00,-4.573890686035156,3.970149040222168,8.544039726257324
2026-07-28T10:38:52.780000-04:00,0.9519098401069641,6.494896411895752,5.5429863929748535
2026-07-28T10:38:52.784000-04:00,-2.3361659049987793,4.294466972351074,6.6306328773498535
2026-07-28T10:38:52.788000-04:00,-2.722564935684204,0.8884257674217224,3.6109907627105713
2026-07-28T10:38:52.792000-04:00,-1.897740125656128,1.012471079826355,2.9102110862731934
2026-07-28T10:38:52.796000-04:00,-4.628489017486572,4.150078773498535,8.778568267822266
2026-07-28T10:38:52.800000-04:00,0.7982854843139648,6.309354782104492,5.511069297790527
2026-07-28T10:38:52.804000-04:00,-2.7840614318847656,4.028021335601807,6.812082767486572
2026-07-28T10:38:52.808000-04:00,-2.3680832386016846,0.6372955441474915,3.0053787231445312
2026-07-28T10:38:52.812000-04:00,-2.042712926864624,1.198129653930664,3.240842580795288
2026-07-28T10:38:52.816000-04:00,-4.561380863189697,4.379463195800781,8.94084358215332
2026-07-28T10:38:52.820000-04:00,0.8302028775215149,6.68254280090332,5.852339744567871
2026-07-28T10:38:52.824000-04:00,-3.1836719512939453,3.8016767501831055,6.985348701477051
2026-07-28T10:38:52.828000-04:00,-3.7387771606445312,1.6857759952545166,5.424552917480469
2026-07-28T10:38:52.832000-04:00,-2.2094316482543945,1.4306706190109253,3.6401023864746094
2026-07-28T10:38:52.836000-04:00,-4.289790630340576,4.672097682952881,8.961888313293457
2026-07-28T10:38:52.840000-04:00,1.0568981170654297,6.66827917098999,5.6113810539245605
2026-07-28T10:38:52.844000-04:00,-3.5306711196899414,3.574280023574829,7.104950904846191
2026-07-28T10:38:52.848000-04:00,-3.3731887340545654,1.3170307874679565,4.690219402313232
2026-07-28T10:38:52.852000-04:00,-2.4139132499694824,1.5751757621765137,3.989089012145996
2026-07-28T10:38:52.856000-04:00,-4.48258113861084,3.7518715858459473,8.234453201293945
2026-07-28T10:38:52.860000-04:00,1.044856071472168,6.514537811279297,5.469681739807129
2026-07-28T10:38:52.864000-04:00,-2.0216684341430664,3.325137138366699,5.346805572509766
2026-07-28T10:38:52.868000-04:00,-2.992401361465454,1.0062745809555054,3.99867582321167
2026-07-28T10:38:52.872000-04:00,-2.6148877143859863,1.7551056146621704,4.369993209838867
2026-07-28T10:38:52.876000-04:00,-4.584763526916504,3.923851251602173,8.508614540100098
2026-07-28T10:38:52.880000-04:00,0.9433751702308655,6.378333568572998,5.434958457946777
2026-07-28T10:38:52.884000-04:00,-2.4257216453552246,4.124358177185059,6.550079822540283
2026-07-28T10:38:52.888000-04:00,-2.6195642948150635,0.7123540639877319,3.331918239593506
2026-07-28T10:38:52.892000-04:00,-1.921824336051941,0.9607952833175659,2.882619619369507
2026-07-28T10:38:52.896000-04:00,-4.609081268310547,4.113251209259033,8.722332000732422
2026-07-28T10:38:52.900000-04:00,0.8063524961471558,6.190687656402588,5.384335041046143
2026-07-28T10:38:52.904000-04:00,-2.810133218765259,3.9182395935058594,6.728372573852539
2026-07-28T10:38:52.908000-04:00,-2.2836716175079346,0.5492596626281738,2.8329312801361084
2026-07-28T10:38:52.912000-04:00,-2.077202320098877,1.1869059801101685,3.264108180999756
2026-07-28T10:38:52.916000-04:00,-4.49064826965332,4.397233963012695,8.887882232666016
2026-07-28T10:38:52.920000-04:00,0.9299300909042358,6.632971286773682,5.703041076660156
2026-07-28T10:38:52.924000-04:00,-3.2496111392974854,3.6714351177215576,6.921046257019043
2026-07-28T10:38:52.928000-04:00,-3.650975227355957,1.5252536535263062,5.176229000091553
2026-07-28T10:38:52.932000-04:00,-2.2528064250946045,1.39255690574646,3.6453633308410645
2026-07-28T10:38:52.936000-04:00,-4.234256744384766,4.655496120452881,8.889753341674805
2026-07-28T10:38:52.940000-04:00,1.0336323976516724,6.600586414337158,5.566954135894775
2026-07-28T10:38:52.944000-04:00,-3.617187261581421,3.4967663288116455,7.113953590393066
2026-07-28T10:38:52.948000-04:00,-3.2745137214660645,1.263601303100586,4.53811502456665
2026-07-28T10:38:52.952000-04:00,-2.448519706726074,1.670927882194519,4.119447708129883
2026-07-28T10:38:52.956000-04:00,-4.4809441566467285,3.8152387142181396,8.296182632446289
2026-07-28T10:38:52.960000-04:00,1.0432193279266357,6.549377918243408,5.506158828735352
2026-07-28T10:38:52.964000-04:00,-2.0990653038024902,3.362666368484497,5.461731910705566
2026-07-28T10:38:52.968000-04:00,-2.8780598640441895,1.0255653858184814,3.903625249862671
2026-07-28T10:38:52.972000-04:00,-2.6784884929656982,1.9225257635116577,4.601014137268066
2026-07-28T10:38:52.976000-04:00,-4.5909600257873535,4.087997913360596,8.67895793914795
2026-07-28T10:38:52.980000-04:00,0.915900468826294,6.42124080657959,5.505340576171875
2026-07-28T10:38:52.984000-04:00,-2.5576000213623047,4.142012119293213,6.699612140655518
2026-07-28T10:38:52.988000-04:00,-2.5196032524108887,0.7731490731239319,3.292752265930176
2026-07-28T10:38:52.992000-04:00,-1.9543262720108032,1.131605863571167,3.0859322547912598
2026-07-28T10:38:52.996000-04:00,-4.5897908210754395,4.288387775421143,8.878178596496582
