created_at,lead_1,lead_2,lead_3
2026-08-04T04:52:08-04:00,13.530985832214355,0.9070150256156921,-12.623970985412598
2026-08-04T04:52:08.004000-04:00,13.52385425567627,0.8938038349151611,-12.630050659179688
2026-08-04T04:52:08.008000-04:00,13.516254425048828,0.8729932308197021,-12.643260955810547
2026-08-04T04:52:08.012000-04:00,13.51777458190918,0.8451678156852722,-12.672606468200684
2026-08-04T04:52:08.016000-04:00,13.503043174743652,0.8176931142807007,-12.68535041809082
2026-08-04T04:52:08.020000-04:00,13.488311767578125,0.8215512633323669,-12.666760444641113
2026-08-04T04:52:08.024000-04:00,13.482583045959473,0.809158444404602,-12.67342472076416
2026-08-04T04:52:08.028000-04:00,13.481063842773438,0.7981685400009155,-12.68289566040039
2026-08-04T04:52:08.032000-04:00,13.484570503234863,0.8017928600311279,-12.682777404785156
2026-08-04T04:52:08.036000-04:00,13.49146842956543,0.8045988082885742,-12.686869621276855
2026-08-04T04:52:08.040000-04:00,13.486675262451172,0.7875294089317322,-12.699146270751953
2026-08-04T04:52:08.044000-04:00,13.482466697692871,0.778293251991272,-12.70417308807373
2026-08-04T04:52:08.048000-04:00,13.484454154968262,0.7760719060897827,-12.708382606506348
2026-08-04T04:52:08.052000-04:00,13.491819381713867,0.7816837430000305,-12.710135459899902
2026-08-04T04:52:08.056000-04:00,13.490299224853516,0.7818006873130798,-12.70849895477295
2026-08-04T04:52:08.060000-04:00,13.4849214553833,0.7837882041931152,-12.701133728027344
2026-08-04T04:52:08.064000-04:00,13.466917037963867,0.7740843892097473,-12.692832946777344
2026-08-04T04:52:08.068000-04:00,13.465396881103516,0.7725644707679749,-12.692831993103027
2026-08-04T04:52:08.072000-04:00,13.476153373718262,0.7784101963043213,-12.69774341583252
2026-08-04T04:52:08.076000-04:00,13.472528457641602,0.779930055141449,-12.692598342895508
2026-08-04T04:52:08.080000-04:00,13.452536582946777,0.7941935062408447,-12.658343315124512
2026-08-04T04:52:08.084000-04:00,13.433947563171387,0.8116136193275452,-12.622333526611328
2026-08-04T04:52:08.088000-04:00,13.442131042480469,0.8472722172737122,-12.59485912322998
2026-08-04T04:52:08.092000-04:00,13.470541000366211,0.8437648415565491,-12.626775741577148
2026-08-04T04:52:08.096000-04:00,13.552848815917969,0.875916063785553,-12.676932334899902
2026-08-04T04:52:08.100000-04:00,13.724360466003418,1.089166283607483,-12.635193824768066
2026-08-04T04:52:08.104000-04:00,13.866643905639648,1.3148093223571777,-12.551834106445312
2026-08-04T04:52:08.108000-04:00,13.874360084533691,1.9304759502410889,-11.943883895874023
2026-08-04T04:52:08.112000-04:00,13.827361106872559,2.4913101196289062,-11.336050987243652
2026-08-04T04:52:08.116000-04:00,13.719216346740723,3.1989874839782715,-10.52022933959961
2026-08-04T04:52:08.120000-04:00,13.666254043579102,3.2909984588623047,-10.375255584716797
2026-08-04T04:52:08.124000-04:00,13.628024101257324,3.072019577026367,-10.556004524230957
2026-08-04T04:52:08.128000-04:00,13.55319881439209,2.4654722213745117,-11.087726593017578
2026-08-04T04:52:08.132000-04:00,13.519644737243652,1.9443886280059814,-11.57525634765625
2026-08-04T04:52:08.136000-04:00,13.456160545349121,1.4165241718292236,-12.039636611938477
2026-08-04T04:52:08.140000-04:00,13.486441612243652,1.1915825605392456,-12.294858932495117
2026-08-04T04:52:08.144000-04:00,13.57786750793457,1.0435700416564941,-12.534297943115234
2026-08-04T04:52:08.148000-04:00,13.630361557006836,1.0289558172225952,-12.60140609741211
2026-08-04T04:52:08.152000-04:00,13.623580932617188,1.0149261951446533,-12.608654975891113
2026-08-04T04:52:08.156000-04:00,13.564773559570312,1.005690097808838,-12.559083938598633
2026-08-04T04:52:08.160000-04:00,13.568865776062012,0.9741234183311462,-12.594742774963379
2026-08-04T04:52:08.164000-04:00,13.557173728942871,0.931333065032959,-12.62584114074707
2026-08-04T04:52:08.168000-04:00,13.557524681091309,0.9199924468994141,-12.637532234191895
2026-08-04T04:52:08.172000-04:00,13.555654525756836,0.9087687730789185,-12.646885871887207
2026-08-04T04:52:08.176000-04:00,13.561383247375488,0.9049106240272522,-12.656472206115723
2026-08-04T04:52:08.180000-04:00,13.561149597167969,0.8815279006958008,-12.679621696472168
2026-08-04T04:52:08.184000-04:00,13.556706428527832,0.8765006065368652,-12.680206298828125
2026-08-04T04:52:08.188000-04:00,13.55097770690918,0.8775528073310852,-12.67342472076416
2026-08-04T04:52:08.192000-04:00,13.559395790100098,0.8895949125289917,-12.669800758361816
2026-08-04T04:52:08.196000-04:00,13.562668800354004,0.9084179997444153,-12.654251098632812
2026-08-04T04:52:08.200000-04:00,13.568514823913574,0.913211464881897,-12.655303001403809
2026-08-04T04:52:08.204000-04:00,13.56921672821045,0.9168357849121094,-12.65238094329834
2026-08-04T04:52:08.208000-04:00,13.576231002807617,0.9176541566848755,-12.658576965332031
2026-08-04T04:52:08.212000-04:00,13.580674171447754,0.9225645661354065,-12.658109664916992
2026-08-04T04:52:08.216000-04:00,13.589559555053711,0.9383478760719299,-12.651211738586426
2026-08-04T04:52:08.220000-04:00,13.59026050567627,0.949454665184021,-12.640806198120117
2026-08-04T04:52:08.224000-04:00,13.588390350341797,0.9474670886993408,-12.640923500061035
2026-08-04T04:52:08.228000-04:00,13.594937324523926,0.9651210308074951,-12.629816055297852
2026-08-04T04:52:08.232000-04:00,13.597042083740234,0.9719020128250122,-12.625140190124512
2026-08-04T04:52:08.236000-04:00,13.609551429748535,0.9805536270141602,-12.628997802734375
2026-08-04T04:52:08.240000-04:00,13.607446670532227,0.9925957322120667,-12.614850997924805
2026-08-04T04:52:08.244000-04:00,13.619372367858887,1.006508469581604,-12.612863540649414
2026-08-04T04:52:08.248000-04:00,13.617033958435059,1.0081452131271362,-12.608888626098633
2026-08-04T04:52:08.252000-04:00,13.619138717651367,1.0164461135864258,-12.602692604064941
2026-08-04T04:52:08.256000-04:00,13.625802040100098,1.0370228290557861,-12.58877944946289
2026-08-04T04:52:08.260000-04:00,13.637025833129883,1.0431023836135864,-12.593923568725586
2026-08-04T04:52:08.264000-04:00,13.643572807312012,1.060522437095642,-12.583050727844238
2026-08-04T04:52:08.268000-04:00,13.654095649719238,1.0809823274612427,-12.573113441467285
2026-08-04T04:52:08.272000-04:00,13.666722297668457,1.1118475198745728,-12.554874420166016
2026-08-04T04:52:08.276000-04:00,13.677477836608887,1.125994086265564,-12.551484107971191
2026-08-04T04:52:08.280000-04:00,13.677010536193848,1.1422450542449951,-12.534765243530273
2026-08-04T04:52:08.284000-04:00,13.690104484558105,1.1606004238128662,-12.52950382232666
2026-08-04T04:52:08.288000-04:00,13.694781303405762,1.1942715644836426,-12.500509262084961
2026-08-04T04:52:08.292000-04:00,13.71980094909668,1.2099379301071167,-12.509862899780273
2026-08-04T04:52:08.296000-04:00,13.723893165588379,1.2460641860961914,-12.477828979492188
2026-08-04T04:52:08.300000-04:00,13.743300437927246,1.2961032390594482,-12.447196960449219
2026-08-04T04:52:08.304000-04:00,13.749847412109375,1.3243962526321411,-12.425451278686523
2026-08-04T04:52:08.308000-04:00,13.770892143249512,1.352455496788025,-12.418437004089355
2026-08-04T04:52:08.312000-04:00,13.787142753601074,1.3792287111282349,-12.407914161682129
2026-08-04T04:52:08.316000-04:00,13.793573379516602,1.4224867820739746,-12.371086120605469
2026-08-04T04:52:08.320000-04:00,13.801640510559082,1.4541702270507812,-12.3474702835083
2026-08-04T04:52:08.324000-04:00,13.809239387512207,1.4794236421585083,-12.329815864562988
2026-08-04T04:52:08.328000-04:00,13.818826675415039,1.5099380016326904,-12.30888843536377
2026-08-04T04:52:08.332000-04:00,13.827478408813477,1.5413877964019775,-12.286090850830078
2026-08-04T04:52:08.336000-04:00,13.823503494262695,1.553897500038147,-12.26960563659668
2026-08-04T04:52:08.340000-04:00,13.822918891906738,1.5514423847198486,-12.271476745605469
2026-08-04T04:52:08.344000-04:00,13.807135581970215,1.5668748617172241,-12.24026107788086
2026-08-04T04:52:08.348000-04:00,13.813682556152344,1.5742404460906982,-12.239441871643066
2026-08-04T04:52:08.352000-04:00,13.801640510559082,1.568511724472046,-12.233128547668457
2026-08-04T04:52:08.356000-04:00,13.798015594482422,1.5583401918411255,-12.239675521850586
2026-08-04T04:52:08.360000-04:00,13.777322769165039,1.5231492519378662,-12.254173278808594
2026-08-04T04:52:08.364000-04:00,13.756978988647461,1.478722095489502,-12.278257369995117
2026-08-04T04:52:08.368000-04:00,13.747275352478027,1.4478569030761719,-12.299418449401855
2026-08-04T04:52:08.372000-04:00,13.727049827575684,1.3958303928375244,-12.331219673156738
2026-08-04T04:52:08.376000-04:00,13.713370323181152,1.3559629917144775,-12.357407569885254
2026-08-04T04:52:08.380000-04:00,13.680634498596191,1.2747080326080322,-12.405926704406738
2026-08-04T04:52:08.384000-04:00,13.668943405151367,1.2237337827682495,-12.445209503173828
2026-08-04T04:52:08.388000-04:00,13.641000747680664,1.1710057258605957,-12.469995498657227
2026-08-04T04:52:08.392000-04:00,13.63129711151123,1.1278647184371948,-12.503432273864746
2026-08-04T04:52:08.396000-04:00,13.610837936401367,1.093258261680603,-12.517580032348633
2026-08-04T04:52:08.400000-04:00,13.590377807617188,1.0344507694244385,-12.555927276611328
2026-08-04T04:52:08.404000-04:00,13.576815605163574,0.9837102890014648,-12.59310531616211
2026-08-04T04:52:08.408000-04:00,13.562318801879883,0.9371787309646606,-12.625140190124512
2026-08-04T04:52:08.412000-04:00,13.564306259155273,0.9057289958000183,-12.658576965332031
2026-08-04T04:52:08.416000-04:00,13.547821044921875,0.8763837218284607,-12.67143726348877
2026-08-04T04:52:08.420000-04:00,13.5429105758667,0.8570929765701294,-12.68581771850586
2026-08-04T04:52:08.424000-04:00,13.526776313781738,0.82505863904953,-12.701717376708984
2026-08-04T04:52:08.428000-04:00,13.529348373413086,0.8114966750144958,-12.717851638793945
2026-08-04T04:52:08.432000-04:00,13.53390884399414,0.7986361980438232,-12.735272407531738
2026-08-04T04:52:08.436000-04:00,13.519177436828613,0.7903353571891785,-12.728841781616211
2026-08-04T04:52:08.440000-04:00,13.523152351379395,0.7747858762741089,-12.748366355895996
2026-08-04T04:52:08.444000-04:00,13.517306327819824,0.7697585821151733,-12.74754810333252
2026-08-04T04:52:08.448000-04:00,13.512045860290527,0.7673034071922302,-12.744742393493652
2026-08-04T04:52:08.452000-04:00,13.510876655578613,0.757482647895813,-12.75339412689209
2026-08-04T04:52:08.456000-04:00,13.515787124633789,0.7763057351112366,-12.739480972290039
2026-08-04T04:52:08.460000-04:00,13.510292053222656,0.7620422840118408,-12.748250007629395
2026-08-04T04:52:08.464000-04:00,13.50362777709961,0.7539752721786499,-12.749652862548828
2026-08-04T04:52:08.468000-04:00,13.517189979553223,0.756430447101593,-12.760759353637695
2026-08-04T04:52:08.472000-04:00,13.513799667358398,0.7495325207710266,-12.764266967773438
2026-08-04T04:52:08.476000-04:00,13.52198314666748,0.7501171231269836,-12.771865844726562
2026-08-04T04:52:08.480000-04:00,13.50947380065918,0.7325800657272339,-12.776893615722656
2026-08-04T04:52:08.484000-04:00,13.510993003845215,0.7276697158813477,-12.783323287963867
2026-08-04T04:52:08.488000-04:00,13.510525703430176,0.7405301928520203,-12.76999568939209
2026-08-04T04:52:08.492000-04:00,13.521515846252441,0.7378411889076233,-12.783674240112305
2026-08-04T04:52:08.496000-04:00,13.523736953735352,0.7517538666725159,-12.77198314666748
2026-08-04T04:52:08.500000-04:00,13.516254425048828,0.7484803199768066,-12.76777458190918
2026-08-04T04:52:08.504000-04:00,13.52806282043457,0.7528061270713806,-12.775257110595703
2026-08-04T04:52:08.508000-04:00,13.52022933959961,0.7510524392127991,-12.769176483154297
2026-08-04T04:52:08.512000-04:00,13.526776313781738,0.7449728846549988,-12.781803131103516
2026-08-04T04:52:08.516000-04:00,13.526542663574219,0.7567811608314514,-12.769761085510254
2026-08-04T04:52:08.520000-04:00,13.525490760803223,0.7502340078353882,-12.775257110595703
2026-08-04T04:52:08.524000-04:00,13.527594566345215,0.7590025067329407,-12.76859188079834
2026-08-04T04:52:08.528000-04:00,13.537065505981445,0.7694078087806702,-12.767657279968262
2026-08-04T04:52:08.532000-04:00,13.545482635498047,0.763445258140564,-12.782037734985352
2026-08-04T04:52:08.536000-04:00,13.538702011108398,0.7510524392127991,-12.787649154663086
2026-08-04T04:52:08.540000-04:00,13.529465675354004,0.7367889881134033,-12.79267692565918
2026-08-04T04:52:08.544000-04:00,13.532622337341309,0.7536244988441467,-12.778997421264648
2026-08-04T04:52:08.548000-04:00,13.538935661315918,0.7530399560928345,-12.785895347595215
2026-08-04T04:52:08.552000-04:00,13.544197082519531,0.7619253993034363,-12.782271385192871
2026-08-04T04:52:08.556000-04:00,13.542794227600098,0.7507016658782959,-12.792092323303223
2026-08-04T04:52:08.560000-04:00,13.529699325561523,0.7254483699798584,-12.804250717163086
2026-08-04T04:52:08.564000-04:00,13.538935661315918,0.7179659008979797,-12.820969581604004
2026-08-04T04:52:08.568000-04:00,13.539871215820312,0.7283712029457092,-12.81149959564209
2026-08-04T04:52:08.572000-04:00,13.54244327545166,0.7395948767662048,-12.802848815917969
2026-08-04T04:52:08.576000-04:00,13.539286613464355,0.733983039855957,-12.805303573608398
2026-08-04T04:52:08.580000-04:00,13.533557891845703,0.7288388609886169,-12.804718971252441
2026-08-04T04:52:08.584000-04:00,13.5346097946167,0.7176151275634766,-12.816994667053223
2026-08-04T04:52:08.588000-04:00,13.531920433044434,0.6941155195236206,-12.837804794311523
2026-08-04T04:52:08.592000-04:00,13.533089637756348,0.6975060105323792,-12.835583686828613
2026-08-04T04:52:08.596000-04:00,13.530401229858398,0.6994935274124146,-12.830907821655273
2026-08-04T04:52:08.600000-04:00,13.52420425415039,0.6916603446006775,-12.832544326782227
2026-08-04T04:52:08.604000-04:00,13.527478218078613,0.6863992214202881,-12.841078758239746
2026-08-04T04:52:08.608000-04:00,13.533440589904785,0.6813719868659973,-12.852068901062012
2026-08-04T04:52:08.612000-04:00,13.526893615722656,0.680202841758728,-12.846691131591797
2026-08-04T04:52:08.616000-04:00,13.52443790435791,0.6852300763130188,-12.839207649230957
2026-08-04T04:52:08.620000-04:00,13.523619651794434,0.6807873845100403,-12.842832565307617
2026-08-04T04:52:08.624000-04:00,13.513565063476562,0.6736556887626648,-12.839909553527832
2026-08-04T04:52:08.628000-04:00,13.522801399230957,0.6766954064369202,-12.846105575561523
2026-08-04T04:52:08.632000-04:00,13.53250503540039,0.6780983805656433,-12.854406356811523
2026-08-04T04:52:08.636000-04:00,13.521865844726562,0.6672254204750061,-12.854640007019043
2026-08-04T04:52:08.640000-04:00,13.52420425415039,0.6744740605354309,-12.849730491638184
2026-08-04T04:52:08.644000-04:00,13.516020774841309,0.6586907505989075,-12.857330322265625
2026-08-04T04:52:08.648000-04:00,13.52245044708252,0.6605613827705383,-12.861888885498047
2026-08-04T04:52:08.652000-04:00,13.519644737243652,0.6534296274185181,-12.866214752197266
2026-08-04T04:52:08.656000-04:00,13.52443790435791,0.6550664305686951,-12.86937141418457
2026-08-04T04:52:08.660000-04:00,13.519411087036133,0.6445441842079163,-12.874866485595703
2026-08-04T04:52:08.664000-04:00,13.510759353637695,0.6355418562889099,-12.87521743774414
2026-08-04T04:52:08.668000-04:00,13.516721725463867,0.6335543394088745,-12.883167266845703
2026-08-04T04:52:08.672000-04:00,13.514617919921875,0.6494545936584473,-12.865163803100586
2026-08-04T04:52:08.676000-04:00,13.511343955993652,0.6445441842079163,-12.866799354553223
2026-08-04T04:52:08.680000-04:00,13.504329681396484,0.6378801465034485,-12.866449356079102
2026-08-04T04:52:08.684000-04:00,13.510759353637695,0.6475839614868164,-12.863175392150879
2026-08-04T04:52:08.688000-04:00,13.501289367675781,0.6326190233230591,-12.868670463562012
2026-08-04T04:52:08.692000-04:00,13.515085220336914,0.6300469040870667,-12.885038375854492
2026-08-04T04:52:08.696000-04:00,13.51414966583252,0.6280593872070312,-12.886090278625488
2026-08-04T04:52:08.700000-04:00,13.501289367675781,0.6313329935073853,-12.869956016540527
2026-08-04T04:52:08.704000-04:00,13.502692222595215,0.6236166954040527,-12.87907600402832
2026-08-04T04:52:08.708000-04:00,13.505147933959961,0.6229152083396912,-12.882232666015625
2026-08-04T04:52:08.712000-04:00,13.505732536315918,0.626890242099762,-12.8788423538208
2026-08-04T04:52:08.716000-04:00,13.509356498718262,0.6256042122840881,-12.88375186920166
2026-08-04T04:52:08.720000-04:00,13.497314453125,0.6329697370529175,-12.864344596862793
2026-08-04T04:52:08.724000-04:00,13.501640319824219,0.613679051399231,-12.887961387634277
2026-08-04T04:52:08.728000-04:00,13.500003814697266,0.6185894012451172,-12.881414413452148
2026-08-04T04:52:08.732000-04:00,13.507953643798828,0.6115745902061462,-12.896379470825195
2026-08-04T04:52:08.736000-04:00,13.503043174743652,0.6075995564460754,-12.8954439163208
2026-08-04T04:52:08.740000-04:00,13.495444297790527,0.6008185744285583,-12.894625663757324
2026-08-04T04:52:08.744000-04:00,13.492637634277344,0.6097039580345154,-12.882933616638184
2026-08-04T04:52:08.748000-04:00,13.498132705688477,0.6028060913085938,-12.895326614379883
2026-08-04T04:52:08.752000-04:00,13.503978729248047,0.6212784051895142,-12.882699966430664
2026-08-04T04:52:08.756000-04:00,13.5015230178833,0.6199923753738403,-12.88153076171875
2026-08-04T04:52:08.760000-04:00,13.492871284484863,0.6087686419487,-12.884102821350098
2026-08-04T04:52:08.764000-04:00,13.485857009887695,0.6068980693817139,-12.878958702087402
2026-08-04T04:52:08.768000-04:00,13.495911598205566,0.6081840991973877,-12.887727737426758
2026-08-04T04:52:08.772000-04:00,13.502224922180176,0.6168357133865356,-12.88538932800293
2026-08-04T04:52:08.776000-04:00,13.496729850769043,0.6272410154342651,-12.869488716125488
2026-08-04T04:52:08.780000-04:00,13.492754936218262,0.6123929619789124,-12.880361557006836
2026-08-04T04:52:08.784000-04:00,13.49345588684082,0.6121591329574585,-12.88129711151123
2026-08-04T04:52:08.788000-04:00,13.50538158416748,0.6108731031417847,-12.894508361816406
2026-08-04T04:52:08.792000-04:00,13.521632194519043,0.629111647605896,-12.892520904541016
2026-08-04T04:52:08.796000-04:00,13.526426315307617,0.6562355756759644,-12.870190620422363
2026-08-04T04:52:08.800000-04:00,13.521632194519043,0.6805535554885864,-12.841078758239746
2026-08-04T04:52:08.804000-04:00,13.516020774841309,0.6876853108406067,-12.828335762023926
2026-08-04T04:52:08.808000-04:00,13.524906158447266,0.7219409346580505,-12.80296516418457
2026-08-04T04:52:08.812000-04:00,13.538000106811523,0.7326970100402832,-12.805303573608398
2026-08-04T04:52:08.816000-04:00,13.559980392456055,0.7675372362136841,-12.79244327545166
2026-08-04T04:52:08.820000-04:00,13.547353744506836,0.7779425382614136,-12.769411087036133
2026-08-04T04:52:08.824000-04:00,13.508070945739746,0.7785270810127258,-12.729543685913086
2026-08-04T04:52:08.828000-04:00,13.50117301940918,0.781566858291626,-12.719606399536133
2026-08-04T04:52:08.832000-04:00,13.510292053222656,0.7834374308586121,-12.72685432434082
2026-08-04T04:52:08.836000-04:00,13.506082534790039,0.7915045022964478,-12.714577674865723
2026-08-04T04:52:08.840000-04:00,13.505147933959961,0.7781763672828674,-12.726971626281738
2026-08-04T04:52:08.844000-04:00,13.515318870544434,0.758534848690033,-12.756784439086914
2026-08-04T04:52:08.848000-04:00,13.5263090133667,0.7471942901611328,-12.779114723205566
2026-08-04T04:52:08.852000-04:00,13.529699325561523,0.7470773458480835,-12.782622337341309
2026-08-04T04:52:08.856000-04:00,13.517189979553223,0.7065083384513855,-12.810681343078613
2026-08-04T04:52:08.860000-04:00,13.51368236541748,0.7006626725196838,-12.813019752502441
2026-08-04T04:52:08.864000-04:00,13.510174751281738,0.6623150706291199,-12.847859382629395
2026-08-04T04:52:08.868000-04:00,13.505966186523438,0.6436088681221008,-12.862357139587402
2026-08-04T04:52:08.872000-04:00,13.492170333862305,0.6068980693817139,-12.885272026062012
2026-08-04T04:52:08.876000-04:00,13.478257179260254,0.6058458089828491,-12.872411727905273
2026-08-04T04:52:08.880000-04:00,13.471710205078125,0.6011692881584167,-12.870540618896484
2026-08-04T04:52:08.884000-04:00,13.471359252929688,0.5941544771194458,-12.877204895019531
2026-08-04T04:52:08.888000-04:00,13.480128288269043,0.6001170873641968,-12.880011558532715
2026-08-04T04:52:08.892000-04:00,13.478257179260254,0.585853636264801,-12.892403602600098
2026-08-04T04:52:08.896000-04:00,13.483284950256348,0.5765005350112915,-12.906784057617188
2026-08-04T04:52:08.900000-04:00,13.4766206741333,0.5725255012512207,-12.904094696044922
2026-08-04T04:52:08.904000-04:00,13.472412109375,0.5683165788650513,-12.904095649719238
2026-08-04T04:52:08.908000-04:00,13.471827507019043,0.5664459466934204,-12.905381202697754
2026-08-04T04:52:08.912000-04:00,13.473697662353516,0.5646922588348389,-12.909005165100098
2026-08-04T04:52:08.916000-04:00,13.470541000366211,0.563406229019165,-12.907135009765625
2026-08-04T04:52:08.920000-04:00,13.471125602722168,0.555573046207428,-12.915552139282227
2026-08-04T04:52:08.924000-04:00,13.457914352416992,0.5503119230270386,-12.907602310180664
2026-08-04T04:52:08.928000-04:00,13.464111328125,0.5572097897529602,-12.906901359558105
2026-08-04T04:52:08.932000-04:00,13.465865135192871,0.5637569427490234,-12.902108192443848
2026-08-04T04:52:08.936000-04:00,13.46072006225586,0.5665628910064697,-12.894157409667969
2026-08-04T04:52:08.940000-04:00,13.443066596984863,0.5641077160835266,-12.878958702087402
2026-08-04T04:52:08.944000-04:00,13.429621696472168,0.587958037853241,-12.841663360595703
2026-08-04T04:52:08.948000-04:00,13.444235801696777,0.6074826121330261,-12.836752891540527
2026-08-04T04:52:08.952000-04:00,13.490299224853516,0.5826969742774963,-12.907602310180664
2026-08-04T04:52:08.956000-04:00,13.552614212036133,0.6989089846611023,-12.853705406188965
2026-08-04T04:52:08.960000-04:00,13.725412368774414,0.8761498928070068,-12.849262237548828
2026-08-04T04:52:08.964000-04:00,13.916449546813965,1.2807875871658325,-12.635662078857422
2026-08-04T04:52:08.968000-04:00,13.87061882019043,1.7752147912979126,-12.095403671264648
2026-08-04T04:52:08.972000-04:00,13.817306518554688,2.5844900608062744,-11.232816696166992
2026-08-04T04:52:08.976000-04:00,13.728919982910156,2.9866726398468018,-10.742247581481934
2026-08-04T04:52:08.980000-04:00,13.669761657714844,2.9697201251983643,-10.700041770935059
2026-08-04T04:52:08.984000-04:00,13.648366928100586,2.754833221435547,-10.893533706665039
2026-08-04T04:52:08.988000-04:00,13.567228317260742,2.146765947341919,-11.420462608337402
2026-08-04T04:52:08.992000-04:00,13.487493515014648,1.4740456342697144,-12.013447761535645
2026-08-04T04:52:08.996000-04:00,13.420502662658691,1.1520657539367676,-12.268436431884766
2026-08-04T04:52:09-04:00,13.501757621765137,0.8872566819190979,-12.614500999450684
2026-08-04T04:52:09.004000-04:00,13.551562309265137,0.8262277841567993,-12.725334167480469
2026-08-04T04:52:09.008000-04:00,13.619372367858887,0.8005068302154541,-12.818865776062012
2026-08-04T04:52:09.012000-04:00,13.60464096069336,0.778293251991272,-12.826347351074219
2026-08-04T04:52:09.016000-04:00,13.552264213562012,0.7542091012001038,-12.798054695129395
2026-08-04T04:52:09.020000-04:00,13.554952621459961,0.7462589740753174,-12.808693885803223
2026-08-04T04:52:09.024000-04:00,13.544781684875488,0.7160952687263489,-12.828686714172363
2026-08-04T04:52:09.028000-04:00,13.546300888061523,0.7089635729789734,-12.837337493896484
2026-08-04T04:52:09.032000-04:00,13.549808502197266,0.704754650592804,-12.845053672790527
2026-08-04T04:52:09.036000-04:00,13.54688549041748,0.7055730819702148,-12.841312408447266
2026-08-04T04:52:09.040000-04:00,13.541625022888184,0.7069759964942932,-12.834649085998535
2026-08-04T04:52:09.044000-04:00,13.545015335083008,0.6998443007469177,-12.845170974731445
2026-08-04T04:52:09.048000-04:00,13.553082466125488,0.7089635729789734,-12.84411907196045
2026-08-04T04:52:09.052000-04:00,13.54852294921875,0.7084959149360657,-12.84002685546875
2026-08-04T04:52:09.056000-04:00,13.554952621459961,0.7208887338638306,-12.834063529968262
2026-08-04T04:52:09.060000-04:00,13.554718971252441,0.7134062647819519,-12.841312408447266
2026-08-04T04:52:09.064000-04:00,13.556940078735352,0.7253314256668091,-12.831608772277832
2026-08-04T04:52:09.068000-04:00,13.5595121383667,0.7358536720275879,-12.823657989501953
2026-08-04T04:52:09.072000-04:00,13.578569412231445,0.7512862682342529,-12.827282905578613
2026-08-04T04:52:09.076000-04:00,13.574126243591309,0.7522215247154236,-12.821905136108398
2026-08-04T04:52:09.080000-04:00,13.566176414489746,0.7462589740753174,-12.819917678833008
2026-08-04T04:52:09.084000-04:00,13.570619583129883,0.7491818070411682,-12.82143783569336
2026-08-04T04:52:09.088000-04:00,13.58172607421875,0.772915244102478,-12.80881118774414
2026-08-04T04:52:09.092000-04:00,13.594001770019531,0.7958303093910217,-12.798171043395996
2026-08-04T04:52:09.096000-04:00,13.590377807617188,0.804248034954071,-12.78612995147705
2026-08-04T04:52:09.100000-04:00,13.585583686828613,0.7994546294212341,-12.786128997802734
2026-08-04T04:52:09.104000-04:00,13.588273048400879,0.8076385259628296,-12.780634880065918
2026-08-04T04:52:09.108000-04:00,13.607213020324707,0.8185114860534668,-12.788702011108398
2026-08-04T04:52:09.112000-04:00,13.605810165405273,0.8313720226287842,-12.77443790435791
2026-08-04T04:52:09.116000-04:00,13.611187934875488,0.8569760322570801,-12.75421142578125
2026-08-04T04:52:09.120000-04:00,13.613759994506836,0.8700703978538513,-12.74368953704834
2026-08-04T04:52:09.124000-04:00,13.624165534973145,0.8887765407562256,-12.73538875579834
2026-08-04T04:52:09.128000-04:00,13.635506629943848,0.9071319699287415,-12.728374481201172
2026-08-04T04:52:09.132000-04:00,13.654680252075195,0.9254873991012573,-12.729192733764648
2026-08-04T04:52:09.136000-04:00,13.661578178405762,0.9558848738670349,-12.705693244934082
2026-08-04T04:52:09.140000-04:00,13.663681983947754,0.9722527861595154,-12.691429138183594
2026-08-04T04:52:09.144000-04:00,13.669410705566406,1.0008965730667114,-12.668514251708984
2026-08-04T04:52:09.148000-04:00,13.680985450744629,1.0184335708618164,-12.662551879882812
2026-08-04T04:52:09.152000-04:00,13.702381134033203,1.0621592998504639,-12.64022159576416
2026-08-04T04:52:09.156000-04:00,13.708928108215332,1.1162902116775513,-12.59263801574707
2026-08-04T04:52:09.160000-04:00,13.714773178100586,1.1365162134170532,-12.578256607055664
2026-08-04T04:52:09.164000-04:00,13.729037284851074,1.1714733839035034,-12.557563781738281
2026-08-04T04:52:09.168000-04:00,13.746223449707031,1.203273892402649,-12.542949676513672
2026-08-04T04:52:09.172000-04:00,13.763994216918945,1.2548327445983887,-12.509160995483398
2026-08-04T04:52:09.176000-04:00,13.772412300109863,1.2849963903427124,-12.48741626739502
2026-08-04T04:52:09.180000-04:00,13.766683578491211,1.3107174634933472,-12.455965995788574
2026-08-04T04:52:09.184000-04:00,13.77346420288086,1.327436089515686,-12.446027755737305
2026-08-04T04:52:09.188000-04:00,13.769255638122559,1.3533908128738403,-12.415864944458008
2026-08-04T04:52:09.192000-04:00,13.777322769165039,1.3834376335144043,-12.393884658813477
2026-08-04T04:52:09.196000-04:00,13.785857200622559,1.406235694885254,-12.379621505737305
2026-08-04T04:52:09.200000-04:00,13.79006576538086,1.4060019254684448,-12.384063720703125
2026-08-04T04:52:09.204000-04:00,13.788195610046387,1.4169918298721313,-12.371203422546387
2026-08-04T04:52:09.208000-04:00,13.785272598266602,1.4137182235717773,-12.371554374694824
2026-08-04T04:52:09.212000-04:00,13.773931503295898,1.4139519929885864,-12.359979629516602
2026-08-04T04:52:09.216000-04:00,13.765397071838379,1.4040143489837646,-12.361382484436035
2026-08-04T04:52:09.220000-04:00,13.744118690490723,1.3782933950424194,-12.365825653076172
2026-08-04T04:52:09.224000-04:00,13.732427597045898,1.339595079421997,-12.39283275604248
2026-08-04T04:52:09.228000-04:00,13.708810806274414,1.284645676612854,-12.424164772033691
2026-08-04T04:52:09.232000-04:00,13.69127368927002,1.240920066833496,-12.450353622436523
2026-08-04T04:52:09.236000-04:00,13.664383888244629,1.1768513917922974,-12.487532615661621
2026-08-04T04:52:09.240000-04:00,13.646964073181152,1.1290338039398193,-12.517930030822754
2026-08-04T04:52:09.244000-04:00,13.628491401672363,1.06087327003479,-12.567618370056152
2026-08-04T04:52:09.248000-04:00,13.611071586608887,1.0152769088745117,-12.595794677734375
2026-08-04T04:52:09.252000-04:00,13.588390350341797,0.9631335139274597,-12.625256538391113
2026-08-04T04:52:09.256000-04:00,13.562201499938965,0.8984803557395935,-12.663721084594727
2026-08-04T04:52:09.260000-04:00,13.549223899841309,0.8635231852531433,-12.685700416564941
2026-08-04T04:52:09.264000-04:00,13.541741371154785,0.8067032694816589,-12.735037803649902
2026-08-04T04:52:09.268000-04:00,13.541741371154785,0.7837882041931152,-12.757953643798828
2026-08-04T04:52:09.272000-04:00,13.53250503540039,0.7519876956939697,-12.780517578125
2026-08-04T04:52:09.276000-04:00,13.526776313781738,0.735035240650177,-12.791741371154785
2026-08-04T04:52:09.280000-04:00,13.507251739501953,0.7084959149360657,-12.798755645751953
2026-08-04T04:52:09.284000-04:00,13.514967918395996,0.6949339509010315,-12.82003402709961
2026-08-04T04:52:09.288000-04:00,13.49976921081543,0.6849963068962097,-12.814772605895996
2026-08-04T04:52:09.292000-04:00,13.503861427307129,0.6740064024925232,-12.829854965209961
2026-08-04T04:52:09.296000-04:00,13.498717308044434,0.665822446346283,-12.832895278930664
2026-08-04T04:52:09.300000-04:00,13.491585731506348,0.6418551802635193,-12.849730491638184
2026-08-04T04:52:09.304000-04:00,13.485272407531738,0.624785840511322,-12.86048698425293
2026-08-04T04:52:09.308000-04:00,13.486557960510254,0.6357756853103638,-12.85078239440918
2026-08-04T04:52:09.312000-04:00,13.488078117370605,0.6460641026496887,-12.84201431274414
2026-08-04T04:52:09.316000-04:00,13.481648445129395,0.6492207646369934,-12.832427978515625
2026-08-04T04:52:09.320000-04:00,13.485038757324219,0.6534296274185181,-12.831608772277832
2026-08-04T04:52:09.324000-04:00,13.468904495239258,0.6416213512420654,-12.827282905578613
2026-08-04T04:52:09.328000-04:00,13.486557960510254,0.6472331881523132,-12.839324951171875
2026-08-04T04:52:09.332000-04:00,13.483518600463867,0.6502729654312134,-12.833245277404785
2026-08-04T04:52:09.336000-04:00,13.477556228637695,0.6403353214263916,-12.837221145629883
2026-08-04T04:52:09.340000-04:00,13.477205276489258,0.6325021386146545,-12.84470272064209
2026-08-04T04:52:09.344000-04:00,13.477672576904297,0.6313329935073853,-12.846339225769043
2026-08-04T04:52:09.348000-04:00,13.471242904663086,0.6394000053405762,-12.831842422485352
2026-08-04T04:52:09.352000-04:00,13.475685119628906,0.6478177905082703,-12.82786750793457
2026-08-04T04:52:09.356000-04:00,13.487377166748047,0.6446611285209656,-12.842716217041016
2026-08-04T04:52:09.360000-04:00,13.487259864807129,0.6427904963493347,-12.84446907043457
2026-08-04T04:52:09.364000-04:00,13.491118431091309,0.6451287865638733,-12.845989227294922
2026-08-04T04:52:09.368000-04:00,13.486441612243652,0.6420890092849731,-12.844352722167969
2026-08-04T04:52:09.372000-04:00,13.49754810333252,0.6464148163795471,-12.851133346557617
2026-08-04T04:52:09.376000-04:00,13.49930191040039,0.652611255645752,-12.846691131591797
2026-08-04T04:52:09.380000-04:00,13.494157791137695,0.6545987725257874,-12.839558601379395
2026-08-04T04:52:09.384000-04:00,13.490065574645996,0.6611459255218506,-12.828919410705566
2026-08-04T04:52:09.388000-04:00,13.502224922180176,0.6761108636856079,-12.8261137008667
2026-08-04T04:52:09.392000-04:00,13.514851570129395,0.6748247742652893,-12.84002685546875
2026-08-04T04:52:09.396000-04:00,13.511811256408691,0.6696805953979492,-12.842130661010742
2026-08-04T04:52:09.400000-04:00,13.497899055480957,0.6783322095870972,-12.81956672668457
2026-08-04T04:52:09.404000-04:00,13.497665405273438,0.6719019412994385,-12.825763702392578
2026-08-04T04:52:09.408000-04:00,13.508654594421387,0.682307243347168,-12.826347351074219
2026-08-04T04:52:09.412000-04:00,13.512513160705566,0.695050835609436,-12.817461967468262
2026-08-04T04:52:09.416000-04:00,13.510058403015137,0.6939986348152161,-12.816060066223145
2026-08-04T04:52:09.420000-04:00,13.506433486938477,0.6896728277206421,-12.816761016845703
2026-08-04T04:52:09.424000-04:00,13.497899055480957,0.6737725734710693,-12.824126243591309
2026-08-04T04:52:09.428000-04:00,13.504446029663086,0.6807873845100403,-12.82365894317627
2026-08-04T04:52:09.432000-04:00,13.506784439086914,0.6847624778747559,-12.822021484375
2026-08-04T04:52:09.436000-04:00,13.502692222595215,0.6851131916046143,-12.81757926940918
2026-08-04T04:52:09.440000-04:00,13.500471115112305,0.6748247742652893,-12.82564640045166
2026-08-04T04:52:09.444000-04:00,13.505732536315918,0.6696805953979492,-12.836051940917969
2026-08-04T04:52:09.448000-04:00,13.49976921081543,0.6784490942955017,-12.821320533752441
2026-08-04T04:52:09.452000-04:00,13.512864112854004,0.675292432308197,-12.83757209777832
2026-08-04T04:52:09.456000-04:00,13.509941101074219,0.675877034664154,-12.834064483642578
2026-08-04T04:52:09.460000-04:00,13.506550788879395,0.6640687584877014,-12.84248161315918
2026-08-04T04:52:09.464000-04:00,13.503978729248047,0.6667577624320984,-12.837221145629883
2026-08-04T04:52:09.468000-04:00,13.502809524536133,0.6535465717315674,-12.849263191223145
2026-08-04T04:52:09.472000-04:00,13.502925872802734,0.6564694046974182,-12.846456527709961
2026-08-04T04:52:09.476000-04:00,13.507719993591309,0.6516759395599365,-12.856043815612793
2026-08-04T04:52:09.480000-04:00,13.500938415527344,0.6427904963493347,-12.858147621154785
2026-08-04T04:52:09.484000-04:00,13.505264282226562,0.6322683095932007,-12.87299633026123
2026-08-04T04:52:09.488000-04:00,13.510993003845215,0.6513251662254333,-12.859667778015137
2026-08-04T04:52:09.492000-04:00,13.510174751281738,0.6549494862556458,-12.855225563049316
2026-08-04T04:52:09.496000-04:00,13.501055717468262,0.6492207646369934,-12.851835250854492
2026-08-04T04:52:09.500000-04:00,13.496963500976562,0.6369448304176331,-12.860018730163574
2026-08-04T04:52:09.504000-04:00,13.490650177001953,0.6335543394088745,-12.857095718383789
2026-08-04T04:52:09.508000-04:00,13.496963500976562,0.6382308602333069,-12.858732223510742
2026-08-04T04:52:09.512000-04:00,13.498016357421875,0.6446611285209656,-12.853355407714844
2026-08-04T04:52:09.516000-04:00,13.488429069519043,0.6378801465034485,-12.85054874420166
2026-08-04T04:52:09.520000-04:00,13.484454154968262,0.6169525980949402,-12.867501258850098
2026-08-04T04:52:09.524000-04:00,13.493924140930176,0.6130944490432739,-12.880829811096191
2026-08-04T04:52:09.528000-04:00,13.50760269165039,0.6244350671768188,-12.883167266845703
2026-08-04T04:52:09.532000-04:00,13.502575874328613,0.6260718703269958,-12.876503944396973
2026-08-04T04:52:09.536000-04:00,13.509356498718262,0.6298130750656128,-12.87954330444336
2026-08-04T04:52:09.540000-04:00,13.503978729248047,0.624201238155365,-12.879777908325195
2026-08-04T04:52:09.544000-04:00,13.4931058883667,0.6286439895629883,-12.864461898803711
2026-08-04T04:52:09.548000-04:00,13.495677947998047,0.6306315064430237,-12.865046501159668
2026-08-04T04:52:09.552000-04:00,13.498950958251953,0.6232659220695496,-12.87568473815918
2026-08-04T04:52:09.556000-04:00,13.490883827209473,0.630163848400116,-12.860719680786133
2026-08-04T04:52:09.560000-04:00,13.498834609985352,0.6286439895629883,-12.870190620422363
2026-08-04T04:52:09.564000-04:00,13.48702621459961,0.6197585463523865,-12.867267608642578
2026-08-04T04:52:09.568000-04:00,13.492637634277344,0.6230320930480957,-12.869606018066406
2026-08-04T04:52:09.572000-04:00,13.502458572387695,0.6303976774215698,-12.872060775756836
2026-08-04T04:52:09.576000-04:00,13.510993003845215,0.6316837072372437,-12.87930965423584
2026-08-04T04:52:09.580000-04:00,13.522685050964355,0.6369448304176331,-12.885740280151367
2026-08-04T04:52:09.584000-04:00,13.528647422790527,0.6669915914535522,-12.861656188964844
2026-08-04T04:52:09.588000-04:00,13.521047592163086,0.6866330504417419,-12.8344144821167
2026-08-04T04:52:09.592000-04:00,13.50362777709961,0.70042884349823,-12.80319881439209
2026-08-04T04:52:09.596000-04:00,13.512864112854004,0.7270851135253906,-12.785778999328613
2026-08-04T04:52:09.600000-04:00,13.53636360168457,0.7326970100402832,-12.803667068481445
2026-08-04T04:52:09.604000-04:00,13.559980392456055,0.7515200972557068,-12.808460235595703
2026-08-04T04:52:09.608000-04:00,13.543144226074219,0.7973501682281494,-12.745794296264648
2026-08-04T04:52:09.612000-04:00,13.512045860290527,0.7836712598800659,-12.728374481201172
2026-08-04T04:52:09.616000-04:00,13.500003814697266,0.7662511467933655,-12.733752250671387
2026-08-04T04:52:09.620000-04:00,13.496378898620605,0.7587686777114868,-12.73760986328125
2026-08-04T04:52:09.624000-04:00,13.499652862548828,0.7613407969474792,-12.738311767578125
2026-08-04T04:52:09.628000-04:00,13.506082534790039,0.7655496597290039,-12.740532875061035
2026-08-04T04:52:09.632000-04:00,13.517423629760742,0.7716292142868042,-12.745794296264648
2026-08-04T04:52:09.636000-04:00,13.510174751281738,0.7505847811698914,-12.759590148925781
2026-08-04T04:52:09.640000-04:00,13.518475532531738,0.7321124076843262,-12.78636360168457
2026-08-04T04:52:09.644000-04:00,13.507719993591309,0.6854639053344727,-12.822256088256836
2026-08-04T04:52:09.648000-04:00,13.509005546569824,0.6610289812088013,-12.847976684570312
2026-08-04T04:52:09.652000-04:00,13.518943786621094,0.6621981263160706,-12.856745719909668
2026-08-04T04:52:09.656000-04:00,13.50783634185791,0.6402183771133423,-12.8676176071167
2026-08-04T04:52:09.660000-04:00,13.497431755065918,0.6205769181251526,-12.87685489654541
2026-08-04T04:52:09.664000-04:00,13.47510051727295,0.5770850777626038,-12.898015022277832
2026-08-04T04:52:09.668000-04:00,13.456628799438477,0.5676150918006897,-12.889013290405273
2026-08-04T04:52:09.672000-04:00,13.464812278747559,0.5651599168777466,-12.899652481079102
2026-08-04T04:52:09.676000-04:00,13.477672576904297,0.5665628910064697,-12.911109924316406
2026-08-04T04:52:09.680000-04:00,13.481413841247559,0.5542869567871094,-12.92712688446045
2026-08-04T04:52:09.684000-04:00,13.478608131408691,0.5531178116798401,-12.925490379333496
2026-08-04T04:52:09.688000-04:00,13.47510051727295,0.542011022567749,-12.933089256286621
2026-08-04T04:52:09.692000-04:00,13.479894638061523,0.5361653566360474,-12.943729400634766
2026-08-04T04:52:09.696000-04:00,13.476971626281738,0.5379191040992737,-12.93905258178711
2026-08-04T04:52:09.700000-04:00,13.459434509277344,0.5250585675239563,-12.934375762939453
2026-08-04T04:52:09.704000-04:00,13.459901809692383,0.517693042755127,-12.942209243774414
2026-08-04T04:52:09.708000-04:00,13.465981483459473,0.5299689769744873,-12.936012268066406
2026-08-04T04:52:09.712000-04:00,13.457329750061035,0.5326579809188843,-12.92467212677002
2026-08-04T04:52:09.716000-04:00,13.454991340637207,0.5340609550476074,-12.920930862426758
2026-08-04T04:52:09.720000-04:00,13.457447052001953,0.527163028717041,-12.93028450012207
2026-08-04T04:52:09.724000-04:00,13.452887535095215,0.5292674899101257,-12.923620223999023
2026-08-04T04:52:09.728000-04:00,13.437104225158691,0.5518317818641663,-12.885272026062012
2026-08-04T04:52:09.732000-04:00,13.422021865844727,0.5843337178230286,-12.837688446044922
2026-08-04T04:52:09.736000-04:00,13.424477577209473,0.6349573135375977,-12.789520263671875
2026-08-04T04:52:09.740000-04:00,13.456160545349121,0.6224475502967834,-12.833712577819824
2026-08-04T04:52:09.744000-04:00,13.553549766540527,0.6791505813598633,-12.874399185180664
2026-08-04T04:52:09.748000-04:00,13.670930862426758,0.8487921357154846,-12.822138786315918
2026-08-04T04:52:09.752000-04:00,13.871087074279785,1.2092365026474,-12.661850929260254
2026-08-04T04:52:09.756000-04:00,13.811344146728516,1.875409722328186,-11.935934066772461
2026-08-04T04:52:09.760000-04:00,13.780128479003906,2.4350745677948,-11.345053672790527
2026-08-04T04:52:09.764000-04:00,13.665435791015625,3.0784497261047363,-10.586986541748047
2026-08-04T04:52:09.768000-04:00,13.651639938354492,3.0925962924957275,-10.559043884277344
2026-08-04T04:52:09.772000-04:00,13.609785079956055,2.8592369556427,-10.750548362731934
2026-08-04T04:52:09.776000-04:00,13.545366287231445,2.4155499935150146,-11.129816055297852
2026-08-04T04:52:09.780000-04:00,13.507369041442871,1.6051056385040283,-11.902263641357422
2026-08-04T04:52:09.784000-04:00,13.457680702209473,1.2704991102218628,-12.18718147277832
2026-08-04T04:52:09.788000-04:00,13.519060134887695,0.9047936797142029,-12.614266395568848
2026-08-04T04:52:09.792000-04:00,13.615046501159668,0.8192129731178284,-12.795833587646484
2026-08-04T04:52:09.796000-04:00,13.633284568786621,0.8037804365158081,-12.829504013061523
2026-08-04T04:52:09.800000-04:00,13.572373390197754,0.772915244102478,-12.799458503723145
2026-08-04T04:52:09.804000-04:00,13.541507720947266,0.7508186101913452,-12.790689468383789
2026-08-04T04:52:09.808000-04:00,13.55051040649414,0.7340999245643616,-12.816410064697266
2026-08-04T04:52:09.812000-04:00,13.549107551574707,0.722876250743866,-12.826231002807617
2026-08-04T04:52:09.816000-04:00,13.54513168334961,0.6992596983909607,-12.845871925354004
2026-08-04T04:52:09.820000-04:00,13.545950889587402,0.6853470206260681,-12.860604286193848
2026-08-04T04:52:09.824000-04:00,13.534492492675781,0.6735387444496155,-12.860953330993652
2026-08-04T04:52:09.828000-04:00,13.545716285705566,0.6809043288230896,-12.864811897277832
2026-08-04T04:52:09.832000-04:00,13.541040420532227,0.6832425594329834,-12.857797622680664
2026-08-04T04:52:09.836000-04:00,13.545599937438965,0.6943493485450745,-12.851250648498535
2026-08-04T04:52:09.840000-04:00,13.545716285705566,0.7008965015411377,-12.844820022583008
2026-08-04T04:52:09.844000-04:00,13.546769142150879,0.7079113125801086,-12.838857650756836
2026-08-04T04:52:09.848000-04:00,13.549808502197266,0.7163290977478027,-12.833478927612305
2026-08-04T04:52:09.852000-04:00,13.565591812133789,0.7269682288169861,-12.838624000549316
2026-08-04T04:52:09.856000-04:00,13.55682373046875,0.7289557456970215,-12.82786750793457
2026-08-04T04:52:09.860000-04:00,13.562084197998047,0.7247468829154968,-12.837337493896484
2026-08-04T04:52:09.864000-04:00,13.568982124328613,0.7346845269203186,-12.834297180175781
2026-08-04T04:52:09.868000-04:00,13.568047523498535,0.7497663497924805,-12.818281173706055
2026-08-04T04:52:09.872000-04:00,13.579972267150879,0.7550274729728699,-12.824944496154785
2026-08-04T04:52:09.876000-04:00,13.577282905578613,0.7615746259689331,-12.81570816040039
2026-08-04T04:52:09.880000-04:00,13.580205917358398,0.7659004330635071,-12.814305305480957
2026-08-04T04:52:09.884000-04:00,13.568865776062012,0.7798131108283997,-12.789052963256836
2026-08-04T04:52:09.888000-04:00,13.589559555053711,0.7951288223266602,-12.79443073272705
2026-08-04T04:52:09.892000-04:00,13.599029541015625,0.8158224821090698,-12.783206939697266
2026-08-04T04:52:09.896000-04:00,13.599964141845703,0.8278645873069763,-12.772099494934082
2026-08-04T04:52:09.900000-04:00,13.597275733947754,0.8522995114326477,-12.744976043701172
2026-08-04T04:52:09.904000-04:00,13.611071586608887,0.865627646446228,-12.745444297790527
2026-08-04T04:52:09.908000-04:00,13.627204895019531,0.8772020936012268,-12.75000286102295
2026-08-04T04:52:09.912000-04:00,13.634220123291016,0.8947391510009766,-12.739480972290039
2026-08-04T04:52:09.916000-04:00,13.63351821899414,0.9106393456459045,-12.722878456115723
2026-08-04T04:52:09.920000-04:00,13.646613121032715,0.9321514368057251,-12.714461326599121
2026-08-04T04:52:09.924000-04:00,13.649886131286621,0.946181058883667,-12.703704833984375
2026-08-04T04:52:09.928000-04:00,13.668709754943848,0.9833595752716064,-12.68535041809082
2026-08-04T04:52:09.932000-04:00,13.675958633422852,1.0060408115386963,-12.669918060302734
2026-08-04T04:52:09.936000-04:00,13.700743675231934,1.0446223020553589,-12.656121253967285
2026-08-04T04:52:09.940000-04:00,13.699224472045898,1.0558459758758545,-12.643378257751465
2026-08-04T04:52:09.944000-04:00,13.711149215698242,1.0923229455947876,-12.618825912475586
2026-08-04T04:52:09.948000-04:00,13.719683647155762,1.1283323764801025,-12.591351509094238
2026-08-04T04:52:09.952000-04:00,13.747275352478027,1.1821125745773315,-12.565162658691406
2026-08-04T04:52:09.956000-04:00,13.75300407409668,1.228761076927185,-12.524243354797363
2026-08-04T04:52:09.960000-04:00,13.755927085876465,1.261730670928955,-12.494195938110352
2026-08-04T04:52:09.964000-04:00,13.780479431152344,1.314926266670227,-12.465553283691406
2026-08-04T04:52:09.968000-04:00,13.788195610046387,1.338192105293274,-12.450003623962402
2026-08-04T04:52:09.972000-04:00,13.811344146728516,1.3675373792648315,-12.443806648254395
2026-08-04T04:52:09.976000-04:00,13.811928749084473,1.3926737308502197,-12.419255256652832
2026-08-04T04:52:09.980000-04:00,13.797548294067383,1.4091585874557495,-12.388389587402344
2026-08-04T04:52:09.984000-04:00,13.80234146118164,1.4271632432937622,-12.375178337097168
2026-08-04T04:52:09.988000-04:00,13.802692413330078,1.4450510740280151,-12.357641220092773
2026-08-04T04:52:09.992000-04:00,13.803394317626953,1.4588468074798584,-12.344547271728516
2026-08-04T04:52:09.996000-04:00,13.79228687286377,1.4593144655227661,-12.332972526550293
2026-08-04T04:52:10-04:00,13.77743911743164,1.4421281814575195,-12.335310935974121
2026-08-04T04:52:10.004000-04:00,13.76516342163086,1.430319905281067,-12.334843635559082
2026-08-04T04:52:10.008000-04:00,13.753705978393555,1.3918553590774536,-12.36185073852539
2026-08-04T04:52:10.012000-04:00,13.74201488494873,1.356547474861145,-12.385467529296875
2026-08-04T04:52:10.016000-04:00,13.712552070617676,1.2961032390594482,-12.416448593139648
2026-08-04T04:52:10.020000-04:00,13.68250560760498,1.2190572023391724,-12.463448524475098
2026-08-04T04:52:10.024000-04:00,13.671982765197754,1.178605079650879,-12.493377685546875
2026-08-04T04:52:10.028000-04:00,13.646729469299316,1.1157056093215942,-12.531023979187012
2026-08-04T04:52:10.032000-04:00,13.63129711151123,1.083788275718689,-12.54750919342041
2026-08-04T04:52:10.036000-04:00,13.604758262634277,1.0200704336166382,-12.584688186645508
2026-08-04T04:52:10.040000-04:00,13.583596229553223,0.9722527861595154,-12.611343383789062
2026-08-04T04:52:10.044000-04:00,13.565709114074707,0.913211464881897,-12.652497291564941
2026-08-04T04:52:10.048000-04:00,13.558460235595703,0.8775528073310852,-12.680907249450684
2026-08-04T04:52:10.052000-04:00,13.548054695129395,0.8286829590797424,-12.719371795654297
2026-08-04T04:52:10.056000-04:00,13.533440589904785,0.7832036018371582,-12.750236511230469
2026-08-04T04:52:10.060000-04:00,13.51590347290039,0.752104640007019,-12.763798713684082
2026-08-04T04:52:10.064000-04:00,13.506901741027832,0.7362043857574463,-12.770697593688965
2026-08-04T04:52:10.068000-04:00,13.507135391235352,0.7156276106834412,-12.791507720947266
2026-08-04T04:52:10.072000-04:00,13.5014066696167,0.69832444190979,-12.803082466125488
2026-08-04T04:52:10.076000-04:00,13.496496200561523,0.6885036826133728,-12.807992935180664
2026-08-04T04:52:10.080000-04:00,13.485038757324219,0.6693298816680908,-12.815709114074707
2026-08-04T04:52:10.084000-04:00,13.480829238891602,0.6489869356155396,-12.831842422485352
2026-08-04T04:52:10.088000-04:00,13.487377166748047,0.6533127427101135,-12.834064483642578
2026-08-04T04:52:10.092000-04:00,13.493339538574219,0.6535465717315674,-12.83979320526123
2026-08-04T04:52:10.096000-04:00,13.480829238891602,0.6502729654312134,-12.83055591583252
2026-08-04T04:52:10.100000-04:00,13.471827507019043,0.646648645401001,-12.825179100036621
2026-08-04T04:52:10.104000-04:00,13.472996711730957,0.6491038203239441,-12.823892593383789
2026-08-04T04:52:10.108000-04:00,13.477789878845215,0.649922251701355,-12.82786750793457
2026-08-04T04:52:10.112000-04:00,13.47486686706543,0.6516759395599365,-12.823190689086914
2026-08-04T04:52:10.116000-04:00,13.479543685913086,0.6531957983970642,-12.826348304748535
2026-08-04T04:52:10.120000-04:00,13.46025276184082,0.6434919834136963,-12.816761016845703
2026-08-04T04:52:10.124000-04:00,13.462240219116211,0.6385816335678101,-12.82365894317627
2026-08-04T04:52:10.128000-04:00,13.47486686706543,0.6467655301094055,-12.82810115814209
2026-08-04T04:52:10.132000-04:00,13.480010986328125,0.6563524603843689,-12.82365894317627
2026-08-04T04:52:10.136000-04:00,13.474984169006348,0.6669915914535522,-12.807992935180664
2026-08-04T04:52:10.140000-04:00,13.47708797454834,0.6733049154281616,-12.803783416748047
2026-08-04T04:52:10.144000-04:00,13.47264575958252,0.6646533012390137,-12.807992935180664
2026-08-04T04:52:10.148000-04:00,13.479660034179688,0.6750586032867432,-12.804601669311523
2026-08-04T04:52:10.152000-04:00,13.486675262451172,0.6759939193725586,-12.810681343078613
2026-08-04T04:52:10.156000-04:00,13.480128288269043,0.6958692073822021,-12.784258842468262
2026-08-04T04:52:10.160000-04:00,13.47872543334961,0.69937664270401,-12.779348373413086
2026-08-04T04:52:10.164000-04:00,13.492287635803223,0.6896728277206421,-12.80261516571045
2026-08-04T04:52:10.168000-04:00,13.487961769104004,0.6852300763130188,-12.80273151397705
2026-08-04T04:52:10.172000-04:00,13.503510475158691,0.6930633187294006,-12.810446739196777
2026-08-04T04:52:10.176000-04:00,13.496027946472168,0.7030009627342224,-12.7930269241333
2026-08-04T04:52:10.180000-04:00,13.501873970031738,0.6994935274124146,-12.802380561828613
2026-08-04T04:52:10.184000-04:00,13.497314453125,0.7084959149360657,-12.788818359375
2026-08-04T04:52:10.188000-04:00,13.501055717468262,0.7003119587898254,-12.80074405670166
2026-08-04T04:52:10.192000-04:00,13.510876655578613,0.6973891258239746,-12.813488006591797
2026-08-04T04:52:10.196000-04:00,13.504679679870605,0.6938816905021667,-12.810797691345215
2026-08-04T04:52:10.200000-04:00,13.501289367675781,0.7065083384513855,-12.794780731201172
2026-08-04T04:52:10.204000-04:00,13.502458572387695,0.7070929408073425,-12.795365333557129
2026-08-04T04:52:10.208000-04:00,13.515318870544434,0.7153937816619873,-12.799924850463867
2026-08-04T04:52:10.212000-04:00,13.50947380065918,0.7073267698287964,-12.802146911621094
2026-08-04T04:52:10.216000-04:00,13.499886512756348,0.703702449798584,-12.796184539794922
2026-08-04T04:52:10.220000-04:00,13.491585731506348,0.6865161657333374,-12.805069923400879
2026-08-04T04:52:10.224000-04:00,13.499068260192871,0.680202841758728,-12.818865776062012
2026-08-04T04:52:10.228000-04:00,13.508187294006348,0.6900235414505005,-12.818163871765137
2026-08-04T04:52:10.232000-04:00,13.510993003845215,0.6885036826133728,-12.822489738464355
2026-08-04T04:52:10.236000-04:00,13.50783634185791,0.6858146786689758,-12.822021484375
2026-08-04T04:52:10.240000-04:00,13.49754810333252,0.6798520684242249,-12.817695617675781
2026-08-04T04:52:10.244000-04:00,13.488429069519043,0.6687452793121338,-12.819684028625488
2026-08-04T04:52:10.248000-04:00,13.498950958251953,0.6720188856124878,-12.826931953430176
2026-08-04T04:52:10.252000-04:00,13.506901741027832,0.6582230925559998,-12.848678588867188
2026-08-04T04:52:10.256000-04:00,13.498600959777832,0.6498053073883057,-12.848795890808105
2026-08-04T04:52:10.260000-04:00,13.492521286010742,0.6436088681221008,-12.848912239074707
2026-08-04T04:52:10.264000-04:00,13.494742393493652,0.6515589952468872,-12.843183517456055
2026-08-04T04:52:10.268000-04:00,13.499184608459473,0.6576384902000427,-12.841546058654785
2026-08-04T04:52:10.272000-04:00,13.49953556060791,0.66745924949646,-12.832076072692871
2026-08-04T04:52:10.276000-04:00,13.496378898620605,0.6680437922477722,-12.82833480834961
2026-08-04T04:52:10.280000-04:00,13.48878002166748,0.6610289812088013,-12.827751159667969
2026-08-04T04:52:10.284000-04:00,13.486675262451172,0.6350741982460022,-12.851600646972656
2026-08-04T04:52:10.288000-04:00,13.500003814697266,0.6438426971435547,-12.856161117553711
2026-08-04T04:52:10.292000-04:00,13.492754936218262,0.6409198641777039,-12.851835250854492
2026-08-04T04:52:10.296000-04:00,13.489364624023438,0.6462979316711426,-12.843067169189453
2026-08-04T04:52:10.300000-04:00,13.492754936218262,0.6404522061347961,-12.852302551269531
2026-08-04T04:52:10.304000-04:00,13.481063842773438,0.6329697370529175,-12.84809398651123
2026-08-04T04:52:10.308000-04:00,13.490182876586914,0.6422059535980225,-12.847976684570312
2026-08-04T04:52:10.312000-04:00,13.494625091552734,0.6427904963493347,-12.851834297180176
2026-08-04T04:52:10.316000-04:00,13.482349395751953,0.6335543394088745,-12.848794937133789
2026-08-04T04:52:10.320000-04:00,13.483869552612305,0.6398676633834839,-12.844001770019531
2026-08-04T04:52:10.324000-04:00,13.475919723510742,0.6275917291641235,-12.84832763671875
2026-08-04T04:52:10.328000-04:00,13.495209693908691,0.6390492916107178,-12.856160163879395
2026-08-04T04:52:10.332000-04:00,13.49485969543457,0.6502729654312134,-12.844586372375488
2026-08-04T04:52:10.336000-04:00,13.510408401489258,0.645596444606781,-12.864811897277832
2026-08-04T04:52:10.340000-04:00,13.506667137145996,0.662081241607666,-12.844585418701172
2026-08-04T04:52:10.344000-04:00,13.519878387451172,0.7123540639877319,-12.807524681091309
2026-08-04T04:52:10.348000-04:00,13.510292053222656,0.7109510898590088,-12.799341201782227
2026-08-04T04:52:10.352000-04:00,13.526659965515137,0.7295403480529785,-12.797119140625
2026-08-04T04:52:10.356000-04:00,13.531219482421875,0.739945650100708,-12.791274070739746
2026-08-04T04:52:10.360000-04:00,13.553667068481445,0.7459082007408142,-12.807759284973145
2026-08-04T04:52:10.364000-04:00,13.548872947692871,0.7861264944076538,-12.762746810913086
2026-08-04T04:52:10.368000-04:00,13.522216796875,0.7986361980438232,-12.723580360412598
2026-08-04T04:52:10.372000-04:00,13.491819381713867,0.798051655292511,-12.693767547607422
2026-08-04T04:52:10.376000-04:00,13.487377166748047,0.7930243611335754,-12.694353103637695
2026-08-04T04:52:10.380000-04:00,13.492521286010742,0.7843727469444275,-12.708148956298828
2026-08-04T04:52:10.384000-04:00,13.486090660095215,0.7800469398498535,-12.706043243408203
2026-08-04T04:52:10.388000-04:00,13.492988586425781,0.7794623970985413,-12.713525772094727
2026-08-04T04:52:10.392000-04:00,13.516488075256348,0.7839050889015198,-12.732583045959473
2026-08-04T04:52:10.396000-04:00,13.510408401489258,0.7664849758148193,-12.74392318725586
2026-08-04T04:52:10.400000-04:00,13.495911598205566,0.7254483699798584,-12.770462989807129
2026-08-04T04:52:10.404000-04:00,13.500237464904785,0.709898829460144,-12.790338516235352
2026-08-04T04:52:10.408000-04:00,13.498366355895996,0.6844117045402527,-12.81395435333252
2026-08-04T04:52:10.412000-04:00,13.490416526794434,0.6826580166816711,-12.807758331298828
2026-08-04T04:52:10.416000-04:00,13.4932222366333,0.6524943113327026,-12.840727806091309
2026-08-04T04:52:10.420000-04:00,13.469606399536133,0.6054950952529907,-12.864110946655273
2026-08-04T04:52:10.424000-04:00,13.462240219116211,0.5964927673339844,-12.865747451782227
2026-08-04T04:52:10.428000-04:00,13.453238487243652,0.5893610119819641,-12.863877296447754
2026-08-04T04:52:10.432000-04:00,13.4600191116333,0.592868447303772,-12.86715030670166
2026-08-04T04:52:10.436000-04:00,13.460370063781738,0.5876073241233826,-12.872762680053711
2026-08-04T04:52:10.440000-04:00,13.45779800415039,0.5850352048873901,-12.872762680053711
2026-08-04T04:52:10.444000-04:00,13.458382606506348,0.5596649646759033,-12.898717880249023
2026-08-04T04:52:10.448000-04:00,13.458967208862305,0.5624709129333496,-12.896495819091797
2026-08-04T04:52:10.452000-04:00,13.461889266967773,0.561769425868988,-12.90011978149414
2026-08-04T04:52:10.456000-04:00,13.447859764099121,0.5590804219245911,-12.888779640197754
2026-08-04T04:52:10.460000-04:00,13.455810546875,0.5534685850143433,-12.902341842651367
2026-08-04T04:52:10.464000-04:00,13.452887535095215,0.5545207858085632,-12.898366928100586
2026-08-04T04:52:10.468000-04:00,13.450081825256348,0.5589635372161865,-12.891118049621582
2026-08-04T04:52:10.472000-04:00,13.440143585205078,0.5643415451049805,-12.875802040100098
2026-08-04T04:52:10.476000-04:00,13.451601028442383,0.5586127638816833,-12.892988204956055
2026-08-04T04:52:10.480000-04:00,13.441546440124512,0.5521825551986694,-12.889364242553711
2026-08-04T04:52:10.484000-04:00,13.430206298828125,0.5569759607315063,-12.87322998046875
2026-08-04T04:52:10.488000-04:00,13.42342472076416,0.5802417993545532,-12.843182563781738
2026-08-04T04:52:10.492000-04:00,13.401679039001465,0.6183555722236633,-12.783323287963867
2026-08-04T04:52:10.496000-04:00,13.422723770141602,0.6308653354644775,-12.791858673095703
2026-08-04T04:52:10.500000-04:00,13.487142562866211,0.619875431060791,-12.867267608642578
2026-08-04T04:52:10.504000-04:00,13.565942764282227,0.6963368654251099,-12.869606018066406
2026-08-04T04:52:10.508000-04:00,13.776854515075684,0.9733049869537354,-12.803549766540527
2026-08-04T04:52:10.512000-04:00,13.916916847229004,1.2683947086334229,-12.64852237701416
2026-08-04T04:52:10.516000-04:00,13.819411277770996,1.9886988401412964,-11.83071231842041
2026-08-04T04:52:10.520000-04:00,13.751133918762207,2.7883872985839844,-10.962746620178223
2026-08-04T04:52:10.524000-04:00,13.655381202697754,3.1176156997680664,-10.537765502929688
2026-08-04T04:52:10.528000-04:00,13.624399185180664,3.0581068992614746,-10.566291809082031
2026-08-04T04:52:10.532000-04:00,13.597509384155273,2.801013946533203,-10.79649543762207
2026-08-04T04:52:10.536000-04:00,13.518475532531738,2.056391716003418,-11.46208381652832
2026-08-04T04:52:10.540000-04:00,13.481297492980957,1.5593924522399902,-11.921905517578125
2026-08-04T04:52:10.544000-04:00,13.42482852935791,1.0814499855041504,-12.343378067016602
2026-08-04T04:52:10.548000-04:00,13.513215065002441,0.8483244776725769,-12.66489028930664
2026-08-04T04:52:10.552000-04:00,13.603705406188965,0.8234218955039978,-12.78028392791748
2026-08-04T04:52:10.556000-04:00,13.606979370117188,0.81886225938797,-12.788117408752441
2026-08-04T04:52:10.560000-04:00,13.546067237854004,0.8028451204299927,-12.7432222366333
2026-08-04T04:52:10.564000-04:00,13.533089637756348,0.7667188048362732,-12.76637077331543
2026-08-04T04:52:10.568000-04:00,13.542794227600098,0.7532737851142883,-12.789520263671875
2026-08-04T04:52:10.572000-04:00,13.542794227600098,0.7318785786628723,-12.81091594696045
2026-08-04T04:52:10.576000-04:00,13.531102180480957,0.7150430679321289,-12.816059112548828
2026-08-04T04:52:10.580000-04:00,13.531804084777832,0.7095481157302856,-12.822256088256836
2026-08-04T04:52:10.584000-04:00,13.537415504455566,0.705339252948761,-12.832076072692871
2026-08-04T04:52:10.588000-04:00,13.535428047180176,0.7087297439575195,-12.826698303222656
2026-08-04T04:52:10.592000-04:00,13.542794227600098,0.7121202349662781,-12.830674171447754
2026-08-04T04:52:10.596000-04:00,13.537065505981445,0.716446042060852,-12.820619583129883
2026-08-04T04:52:10.600000-04:00,13.536948204040527,0.7087297439575195,-12.828218460083008
2026-08-04T04:52:10.604000-04:00,13.541040420532227,0.7143415808677673,-12.826699256896973
2026-08-04T04:52:10.608000-04:00,13.539169311523438,0.7165629267692566,-12.822606086730957
2026-08-04T04:52:10.612000-04:00,13.558927536010742,0.7319955229759216,-12.826931953430176
2026-08-04T04:52:10.616000-04:00,13.552146911621094,0.7464928030967712,-12.805654525756836
2026-08-04T04:52:10.620000-04:00,13.555537223815918,0.7529230117797852,-12.802614212036133
2026-08-04T04:52:10.624000-04:00,13.56126594543457,0.757482647895813,-12.803783416748047
2026-08-04T04:52:10.628000-04:00,13.569450378417969,0.7690570950508118,-12.800393104553223
2026-08-04T04:52:10.632000-04:00,13.570502281188965,0.7789947390556335,-12.791507720947266
2026-08-04T04:52:10.636000-04:00,13.581258773803711,0.7924398183822632,-12.788819313049316
2026-08-04T04:52:10.640000-04:00,13.58418083190918,0.8038973212242126,-12.78028392791748
2026-08-04T04:52:10.644000-04:00,13.586987495422363,0.8234218955039978,-12.763566017150879
2026-08-04T04:52:10.648000-04:00,13.589675903320312,0.8356977701187134,-12.75397777557373
2026-08-04T04:52:10.652000-04:00,13.59201431274414,0.8434140682220459,-12.748600006103516
2026-08-04T04:52:10.656000-04:00,13.594937324523926,0.8644585013389587,-12.73047924041748
2026-08-04T04:52:10.660000-04:00,13.604056358337402,0.8763837218284607,-12.727672576904297
2026-08-04T04:52:10.664000-04:00,13.599145889282227,0.9004678726196289,-12.698678016662598
2026-08-04T04:52:10.668000-04:00,13.61691665649414,0.9111070036888123,-12.705809593200684
2026-08-04T04:52:10.672000-04:00,13.631999015808105,0.9377632737159729,-12.694235801696777
2026-08-04T04:52:10.676000-04:00,13.633869171142578,0.953780472278595,-12.680088996887207
2026-08-04T04:52:10.680000-04:00,13.630127906799316,0.9658225178718567,-12.664305686950684
2026-08-04T04:52:10.684000-04:00,13.641351699829102,0.9957523941993713,-12.645599365234375
2026-08-04T04:52:10.688000-04:00,13.66005802154541,1.0185505151748657,-12.641507148742676
2026-08-04T04:52:10.692000-04:00,13.66882610321045,1.055495262145996,-12.613330841064453
2026-08-04T04:52:10.696000-04:00,13.672684669494629,1.0809823274612427,-12.591702461242676
2026-08-04T04:52:10.700000-04:00,13.695833206176758,1.12061607837677,-12.575217247009277
2026-08-04T04:52:10.704000-04:00,13.711851119995117,1.1580283641815186,-12.55382251739502
2026-08-04T04:52:10.708000-04:00,13.722139358520508,1.1781374216079712,-12.544001579284668
2026-08-04T04:52:10.712000-04:00,13.737922668457031,1.219291090965271,-12.518631935119629
2026-08-04T04:52:10.716000-04:00,13.743767738342285,1.275994062423706,-12.4677734375
2026-08-04T04:52:10.720000-04:00,13.75522518157959,1.3243962526321411,-12.430829048156738
2026-08-04T04:52:10.724000-04:00,13.774516105651855,1.3531570434570312,-12.421359062194824
2026-08-04T04:52:10.728000-04:00,13.793689727783203,1.3910369873046875,-12.402652740478516
2026-08-04T04:52:10.732000-04:00,13.78351879119873,1.402026891708374,-12.381491661071777
2026-08-04T04:52:10.736000-04:00,13.788780212402344,1.4337104558944702,-12.355070114135742
2026-08-04T04:52:10.740000-04:00,13.785857200622559,1.4548717737197876,-12.330985069274902
2026-08-04T04:52:10.744000-04:00,13.785506248474121,1.4681998491287231,-12.317306518554688
2026-08-04T04:52:10.748000-04:00,13.78176498413086,1.4849185943603516,-12.296846389770508
2026-08-04T04:52:10.752000-04:00,13.776503562927246,1.488192081451416,-12.288311004638672
2026-08-04T04:52:10.756000-04:00,13.77790641784668,1.4850354194641113,-12.292871475219727
2026-08-04T04:52:10.760000-04:00,13.756278038024902,1.4639910459518433,-12.29228687286377
2026-08-04T04:52:10.764000-04:00,13.749613761901855,1.4393222332000732,-12.310291290283203
2026-08-04T04:52:10.768000-04:00,13.73616886138916,1.4054173231124878,-12.330751419067383
2026-08-04T04:52:10.772000-04:00,13.711031913757324,1.3519878387451172,-12.359044075012207
2026-08-04T04:52:10.776000-04:00,13.689637184143066,1.315510869026184,-12.374126434326172
2026-08-04T04:52:10.780000-04:00,13.670814514160156,1.243609070777893,-12.427205085754395
2026-08-04T04:52:10.784000-04:00,13.6412353515625,1.1725256443023682,-12.468709945678711
2026-08-04T04:52:10.788000-04:00,13.635506629943848,1.12272047996521,-12.512785911560059
2026-08-04T04:52:10.792000-04:00,13.616449356079102,1.0528061389923096,-12.563643455505371
2026-08-04T04:52:10.796000-04:00,13.601366996765137,1.0146924257278442,-12.586674690246582
2026-08-04T04:52:10.800000-04:00,13.57365894317627,0.9523774981498718,-12.621281623840332
2026-08-04T04:52:10.804000-04:00,13.565942764282227,0.9136791229248047,-12.652263641357422
2026-08-04T04:52:10.808000-04:00,13.55705738067627,0.8678489923477173,-12.689208030700684
2026-08-04T04:52:10.812000-04:00,13.546184539794922,0.8416603803634644,-12.704524040222168
2026-08-04T04:52:10.816000-04:00,13.52245044708252,0.8098599314689636,-12.712590217590332
2026-08-04T04:52:10.820000-04:00,13.516020774841309,0.7770072221755981,-12.739013671875
2026-08-04T04:52:10.824000-04:00,13.510292053222656,0.7518708109855652,-12.758420944213867
2026-08-04T04:52:10.828000-04:00,13.508070945739746,0.7213563919067383,-12.786714553833008
2026-08-04T04:52:10.832000-04:00,13.498250007629395,0.704754650592804,-12.793495178222656
2026-08-04T04:52:10.836000-04:00,13.488662719726562,0.6948170065879822,-12.793846130371094
2026-08-04T04:52:10.840000-04:00,13.48293399810791,0.6909588575363159,-12.791975021362305
2026-08-04T04:52:10.844000-04:00,13.482583045959473,0.6792675256729126,-12.803315162658691
2026-08-04T04:52:10.848000-04:00,13.478023529052734,0.6722527146339417,-12.805770874023438
2026-08-04T04:52:10.852000-04:00,13.47872543334961,0.6676930785179138,-12.81103229522705
2026-08-04T04:52:10.856000-04:00,13.479543685913086,0.6682776212692261,-12.81126594543457
2026-08-04T04:52:10.860000-04:00,13.478959083557129,0.6735387444496155,-12.805419921875
2026-08-04T04:52:10.864000-04:00,13.469489097595215,0.6733049154281616,-12.796184539794922
2026-08-04T04:52:10.868000-04:00,13.472528457641602,0.6778645515441895,-12.79466438293457
2026-08-04T04:52:10.872000-04:00,13.471242904663086,0.6931802034378052,-12.77806282043457
2026-08-04T04:52:10.876000-04:00,13.470541000366211,0.6858146786689758,-12.7847261428833
2026-08-04T04:52:10.880000-04:00,13.475451469421387,0.6654717326164246,-12.809979438781738
2026-08-04T04:52:10.884000-04:00,13.470190048217773,0.6595091223716736,-12.810681343078613
2026-08-04T04:52:10.888000-04:00,13.470190048217773,0.6771630644798279,-12.7930269241333
2026-08-04T04:52:10.892000-04:00,13.479426383972168,0.6955184936523438,-12.783907890319824
2026-08-04T04:52:10.896000-04:00,13.475919723510742,0.6909588575363159,-12.784960746765137
2026-08-04T04:52:10.900000-04:00,13.471943855285645,0.6763446927070618,-12.795598983764648
2026-08-04T04:52:10.904000-04:00,13.475685119628906,0.6763446927070618,-12.79934024810791
2026-08-04T04:52:10.908000-04:00,13.476269721984863,0.6798520684242249,-12.796417236328125
2026-08-04T04:52:10.912000-04:00,13.48316764831543,0.6959861516952515,-12.787181854248047
2026-08-04T04:52:10.916000-04:00,13.483635902404785,0.705339252948761,-12.77829647064209
2026-08-04T04:52:10.920000-04:00,13.47463321685791,0.6985582709312439,-12.77607536315918
2026-08-04T04:52:10.924000-04:00,13.47685432434082,0.6929463744163513,-12.783907890319824
2026-08-04T04:52:10.928000-04:00,13.48515510559082,0.7012472748756409,-12.783907890319824
2026-08-04T04:52:10.932000-04:00,13.48702621459961,0.7081451416015625,-12.778881072998047
2026-08-04T04:52:10.936000-04:00,13.489831924438477,0.7090804576873779,-12.78075122833252
2026-08-04T04:52:10.940000-04:00,13.487377166748047,0.7045208215713501,-12.782855987548828
2026-08-04T04:52:10.944000-04:00,13.493339538574219,0.6888543963432312,-12.804485321044922
2026-08-04T04:52:10.948000-04:00,13.494976043701172,0.6927125453948975,-12.802263259887695
2026-08-04T04:52:10.952000-04:00,13.495560646057129,0.7044039368629456,-12.791156768798828
2026-08-04T04:52:10.956000-04:00,13.49953556060791,0.7083789706230164,-12.791156768798828
2026-08-04T04:52:10.960000-04:00,13.496612548828125,0.7235777378082275,-12.773035049438477
2026-08-04T04:52:10.964000-04:00,13.485389709472656,0.7146922945976257,-12.770697593688965
2026-08-04T04:52:10.968000-04:00,13.490182876586914,0.7162122130393982,-12.773970603942871
2026-08-04T04:52:10.972000-04:00,13.499652862548828,0.69937664270401,-12.800275802612305
2026-08-04T04:52:10.976000-04:00,13.496378898620605,0.6922448873519897,-12.804134368896484
2026-08-04T04:52:10.980000-04:00,13.487493515014648,0.6849963068962097,-12.802496910095215
2026-08-04T04:52:10.984000-04:00,13.487727165222168,0.6916603446006775,-12.796067237854004
2026-08-04T04:52:10.988000-04:00,13.494625091552734,0.6866330504417419,-12.807991981506348
2026-08-04T04:52:10.992000-04:00,13.497314453125,0.6860485076904297,-12.81126594543457
2026-08-04T04:52:10.996000-04:00,13.490767478942871,0.6918941736221313,-12.798872947692871
2026-08-04T04:52:11-04:00,13.490533828735352,0.6883867979049683,-12.802146911621094
2026-08-04T04:52:11.004000-04:00,13.490767478942871,0.6813719868659973,-12.809395790100098
2026-08-04T04:52:11.008000-04:00,13.485623359680176,0.6892051696777344,-12.796418190002441
2026-08-04T04:52:11.012000-04:00,13.491118431091309,0.6827749013900757,-12.808343887329102
2026-08-04T04:52:11.016000-04:00,13.495444297790527,0.6873345375061035,-12.808109283447266
2026-08-04T04:52:11.020000-04:00,13.51146125793457,0.6937648057937622,-12.817696571350098
2026-08-04T04:52:11.024000-04:00,13.530167579650879,0.7068591117858887,-12.823308944702148
2026-08-04T04:52:11.028000-04:00,13.530050277709961,0.7241622805595398,-12.805888175964355
2026-08-04T04:52:11.032000-04:00,13.526191711425781,0.7301248908042908,-12.796067237854004
2026-08-04T04:52:11.036000-04:00,13.52607536315918,0.7554951310157776,-12.770580291748047
2026-08-04T04:52:11.040000-04:00,13.535545349121094,0.768589437007904,-12.766956329345703
2026-08-04T04:52:11.044000-04:00,13.558342933654785,0.7813330292701721,-12.777009963989258
2026-08-04T04:52:11.048000-04:00,13.561616897583008,0.8181607723236084,-12.74345588684082
2026-08-04T04:52:11.052000-04:00,13.546651840209961,0.8348793983459473,-12.711772918701172
2026-08-04T04:52:11.056000-04:00,13.4931058883667,0.8223696351051331,-12.670736312866211
2026-08-04T04:52:11.060000-04:00,13.487142562866211,0.8114966750144958,-12.67564582824707
2026-08-04T04:52:11.064000-04:00,13.485389709472656,0.7930243611335754,-12.692365646362305
2026-08-04T04:52:11.068000-04:00,13.496496200561523,0.8160563111305237,-12.680439949035645
2026-08-04T04:52:11.072000-04:00,13.502809524536133,0.8116136193275452,-12.691195487976074
2026-08-04T04:52:11.076000-04:00,13.515436172485352,0.8074047565460205,-12.70803165435791
2026-08-04T04:52:11.080000-04:00,13.521047592163086,0.7853080630302429,-12.735739707946777
2026-08-04T04:52:11.084000-04:00,13.502458572387695,0.7450898289680481,-12.757369041442871
2026-08-04T04:52:11.088000-04:00,13.505147933959961,0.7199534177780151,-12.785194396972656
2026-08-04T04:52:11.092000-04:00,13.500471115112305,0.7108341455459595,-12.789636611938477
2026-08-04T04:52:11.096000-04:00,13.492637634277344,0.6984413266181946,-12.794196128845215
2026-08-04T04:52:11.100000-04:00,13.486675262451172,0.654481828212738,-12.832193374633789
2026-08-04T04:52:11.104000-04:00,13.479426383972168,0.6284101605415344,-12.8510160446167
2026-08-04T04:52:11.108000-04:00,13.465865135192871,0.6139128804206848,-12.85195255279541
2026-08-04T04:52:11.112000-04:00,13.462824821472168,0.6141467094421387,-12.848678588867188
2026-08-04T04:52:11.116000-04:00,13.454641342163086,0.5946221351623535,-12.86001968383789
2026-08-04T04:52:11.120000-04:00,13.451834678649902,0.5933361053466797,-12.858498573303223
2026-08-04T04:52:11.124000-04:00,13.454524040222168,0.5886595249176025,-12.865864753723145
2026-08-04T04:52:11.128000-04:00,13.452770233154297,0.5801248550415039,-12.872645378112793
2026-08-04T04:52:11.132000-04:00,13.459083557128906,0.5725255012512207,-12.886558532714844
2026-08-04T04:52:11.136000-04:00,13.446690559387207,0.5655106902122498,-12.881179809570312
2026-08-04T04:52:11.140000-04:00,13.44610595703125,0.5786049962043762,-12.867501258850098
2026-08-04T04:52:11.144000-04:00,13.446925163269043,0.5761498212814331,-12.87077522277832
2026-08-04T04:52:11.148000-04:00,13.442481994628906,0.5627047419548035,-12.879776954650879
2026-08-04T04:52:11.152000-04:00,13.446340560913086,0.545284628868103,-12.901056289672852
2026-08-04T04:52:11.156000-04:00,13.437688827514648,0.5531178116798401,-12.884571075439453
2026-08-04T04:52:11.160000-04:00,13.440377235412598,0.560132622718811,-12.880244255065918
2026-08-04T04:52:11.164000-04:00,13.438740730285645,0.5586127638816833,-12.880127906799316
2026-08-04T04:52:11.168000-04:00,13.438156127929688,0.5678489208221436,-12.870306968688965
2026-08-04T04:52:11.172000-04:00,13.428686141967773,0.586905837059021,-12.841780662536621
2026-08-04T04:52:11.176000-04:00,13.411967277526855,0.6042090654373169,-12.807758331298828
2026-08-04T04:52:11.180000-04:00,13.411617279052734,0.6575216054916382,-12.754096031188965
2026-08-04T04:52:11.184000-04:00,13.46072006225586,0.6451287865638733,-12.815590858459473
2026-08-04T04:52:11.188000-04:00,13.531219482421875,0.6838271617889404,-12.847392082214355
2026-08-04T04:52:11.192000-04:00,13.706940650939941,0.896726667881012,-12.810214042663574
2026-08-04T04:52:11.196000-04:00,13.850393295288086,1.1320735216140747,-12.7183198928833
2026-08-04T04:52:11.200000-04:00,13.863838195800781,1.7316060066223145,-12.132232666015625
2026-08-04T04:52:11.204000-04:00,13.818242073059082,2.2694082260131836,-11.548833847045898
2026-08-04T04:52:11.208000-04:00,13.732661247253418,2.9879586696624756,-10.744702339172363
2026-08-04T04:52:11.212000-04:00,13.674087524414062,3.0452463626861572,-10.628841400146484
2026-08-04T04:52:11.216000-04:00,13.65199089050293,2.8536250591278076,-10.798365592956543
2026-08-04T04:52:11.220000-04:00,13.549457550048828,2.2449731826782227,-11.304484367370605
2026-08-04T04:52:11.224000-04:00,13.521398544311523,1.7341781854629517,-11.787220001220703
2026-08-04T04:52:11.228000-04:00,13.423659324645996,1.2196418046951294,-12.204017639160156
2026-08-04T04:52:11.232000-04:00,13.457096099853516,1.0114188194274902,-12.445676803588867
2026-08-04T04:52:11.236000-04:00,13.557992935180664,0.8493766784667969,-12.708616256713867
2026-08-04T04:52:11.240000-04:00,13.601835250854492,0.8272800445556641,-12.774555206298828
2026-08-04T04:52:11.244000-04:00,13.581375122070312,0.798051655292511,-12.783323287963867
2026-08-04T04:52:11.248000-04:00,13.53215503692627,0.7821514010429382,-12.750003814697266
2026-08-04T04:52:11.252000-04:00,13.539402961730957,0.7692909240722656,-12.770112037658691
2026-08-04T04:52:11.256000-04:00,13.530167579650879,0.7401794791221619,-12.78998851776123
2026-08-04T04:52:11.260000-04:00,13.528998374938965,0.7289557456970215,-12.800043106079102
2026-08-04T04:52:11.264000-04:00,13.522334098815918,0.7062745094299316,-12.816059112548828
2026-08-04T04:52:11.268000-04:00,13.525490760803223,0.7102496027946472,-12.815240859985352
2026-08-04T04:52:11.272000-04:00,13.528179168701172,0.7059237957000732,-12.82225513458252
2026-08-04T04:52:11.276000-04:00,13.530752182006836,0.7193688750267029,-12.811383247375488
2026-08-04T04:52:11.280000-04:00,13.531570434570312,0.7176151275634766,-12.813955307006836
2026-08-04T04:52:11.284000-04:00,13.535661697387695,0.722876250743866,-12.812785148620605
2026-08-04T04:52:11.288000-04:00,13.533324241638184,0.7287219166755676,-12.80460262298584
2026-08-04T04:52:11.292000-04:00,13.545716285705566,0.7388933897018433,-12.806822776794434
2026-08-04T04:52:11.296000-04:00,13.53612995147705,0.7305925488471985,-12.805537223815918
2026-08-04T04:52:11.300000-04:00,13.548405647277832,0.7343337535858154,-12.814071655273438
2026-08-04T04:52:11.304000-04:00,13.547119140625,0.7459082007408142,-12.8012113571167
2026-08-04T04:52:11.308000-04:00,13.557524681091309,0.7606393098831177,-12.79688549041748
2026-08-04T04:52:11.312000-04:00,13.556355476379395,0.7759550213813782,-12.780400276184082
2026-08-04T04:52:11.316000-04:00,13.561149597167969,0.7812160849571228,-12.77993392944336
2026-08-04T04:52:11.320000-04:00,13.565007209777832,0.798051655292511,-12.766955375671387
2026-08-04T04:52:11.324000-04:00,13.573307991027832,0.7975839972496033,-12.775724411010742
2026-08-04T04:52:11.328000-04:00,13.575530052185059,0.8110290169715881,-12.764500617980957
2026-08-04T04:52:11.332000-04:00,13.573074340820312,0.809158444404602,-12.763916015625
2026-08-04T04:52:11.336000-04:00,13.58616828918457,0.82505863904953,-12.761109352111816
2026-08-04T04:52:11.340000-04:00,13.586285591125488,0.8603665232658386,-12.725918769836426
2026-08-04T04:52:11.344000-04:00,13.596457481384277,0.8717071413993835,-12.724750518798828
2026-08-04T04:52:11.348000-04:00,13.600081443786621,0.8922839164733887,-12.70779800415039
2026-08-04T04:52:11.352000-04:00,13.610603332519531,0.9066643118858337,-12.703939437866211
2026-08-04T04:52:11.356000-04:00,13.611656188964844,0.9109901189804077,-12.700666427612305
2026-08-04T04:52:11.360000-04:00,13.62907600402832,0.9272410869598389,-12.701834678649902
2026-08-04T04:52:11.364000-04:00,13.642053604125977,0.9547157287597656,-12.687337875366211
2026-08-04T04:52:11.368000-04:00,13.652926445007324,0.9833595752716064,-12.669567108154297
2026-08-04T04:52:11.372000-04:00,13.665435791015625,1.0144585371017456,-12.65097713470459
2026-08-04T04:52:11.376000-04:00,13.669528007507324,1.0360875129699707,-12.633440017700195
2026-08-04T04:52:11.380000-04:00,13.681570053100586,1.0539753437042236,-12.627594947814941
2026-08-04T04:52:11.384000-04:00,13.695833206176758,1.0865942239761353,-12.609238624572754
2026-08-04T04:52:11.388000-04:00,13.712785720825195,1.1153548955917358,-12.597431182861328
2026-08-04T04:52:11.392000-04:00,13.732778549194336,1.1767345666885376,-12.55604362487793
2026-08-04T04:52:11.396000-04:00,13.735466957092285,1.2042092084884644,-12.531257629394531
2026-08-04T04:52:11.400000-04:00,13.751601219177246,1.239517092704773,-12.512084007263184
2026-08-04T04:52:11.404000-04:00,13.76083755493164,1.2627828121185303,-12.498054504394531
2026-08-04T04:52:11.408000-04:00,13.771125793457031,1.3151601552963257,-12.455965995788574
2026-08-04T04:52:11.412000-04:00,13.789481163024902,1.3621593713760376,-12.427321434020996
2026-08-04T04:52:11.416000-04:00,13.792755126953125,1.3782933950424194,-12.414462089538574
2026-08-04T04:52:11.420000-04:00,13.796963691711426,1.396064281463623,-12.400899887084961
2026-08-04T04:52:11.424000-04:00,13.802576065063477,1.4126659631729126,-12.389909744262695
2026-08-04T04:52:11.428000-04:00,13.804563522338867,1.4401406049728394,-12.364422798156738
2026-08-04T04:52:11.432000-04:00,13.804797172546387,1.4512474536895752,-12.35354995727539
2026-08-04T04:52:11.436000-04:00,13.791001319885254,1.4389715194702148,-12.352029800415039
2026-08-04T04:52:11.440000-04:00,13.786441802978516,1.4272801876068115,-12.359161376953125
2026-08-04T04:52:11.444000-04:00,13.772528648376465,1.4140689373016357,-12.35845947265625
2026-08-04T04:52:11.448000-04:00,13.763760566711426,1.360405683517456,-12.40335464477539
2026-08-04T04:52:11.452000-04:00,13.750665664672852,1.3440377712249756,-12.406627655029297
2026-08-04T04:52:11.456000-04:00,13.721905708312988,1.2872177362442017,-12.434687614440918
2026-08-04T04:52:11.460000-04:00,13.711031913757324,1.2404524087905884,-12.470579147338867
2026-08-04T04:52:11.464000-04:00,13.691741943359375,1.1761499643325806,-12.515591621398926
2026-08-04T04:52:11.468000-04:00,13.673853874206543,1.12482488155365,-12.549029350280762
2026-08-04T04:52:11.472000-04:00,13.649886131286621,1.0704600811004639,-12.579425811767578
2026-08-04T04:52:11.476000-04:00,13.632232666015625,1.006508469581604,-12.625723838806152
2026-08-04T04:52:11.480000-04:00,13.616683006286621,0.9625489711761475,-12.654133796691895
2026-08-04T04:52:11.484000-04:00,13.589324951171875,0.8983634114265442,-12.690961837768555
2026-08-04T04:52:11.488000-04:00,13.580790519714355,0.8644585013389587,-12.71633243560791
2026-08-04T04:52:11.492000-04:00,13.555888175964355,0.8008575439453125,-12.755030632019043
2026-08-04T04:52:11.496000-04:00,13.550860404968262,0.7743182182312012,-12.776542663574219
2026-08-04T04:52:11.500000-04:00,13.539753913879395,0.750467836856842,-12.789285659790039
2026-08-04T04:52:11.504000-04:00,13.533674240112305,0.7369058728218079,-12.796768188476562
2026-08-04T04:52:11.508000-04:00,13.527244567871094,0.7144584655761719,-12.812786102294922
2026-08-04T04:52:11.512000-04:00,13.51999568939209,0.6783322095870972,-12.841663360595703
2026-08-04T04:52:11.516000-04:00,13.51414966583252,0.66745924949646,-12.84669017791748
2026-08-04T04:52:11.520000-04:00,13.500471115112305,0.6445441842079163,-12.855926513671875
2026-08-04T04:52:11.524000-04:00,13.494040489196777,0.6344896554946899,-12.859550476074219
2026-08-04T04:52:11.528000-04:00,13.500471115112305,0.6371786594390869,-12.863292694091797
2026-08-04T04:52:11.532000-04:00,13.493339538574219,0.6308653354644775,-12.86247444152832
2026-08-04T04:52:11.536000-04:00,13.490650177001953,0.6357756853103638,-12.854874610900879
2026-08-04T04:52:11.540000-04:00,13.489013671875,0.636360228061676,-12.852653503417969
2026-08-04T04:52:11.544000-04:00,13.488078117370605,0.6289947032928467,-12.85908317565918
2026-08-04T04:52:11.548000-04:00,13.482816696166992,0.6189401149749756,-12.863876342773438
2026-08-04T04:52:11.552000-04:00,13.483284950256348,0.6226813793182373,-12.860603332519531
2026-08-04T04:52:11.556000-04:00,13.480010986328125,0.6239674091339111,-12.856043815612793
2026-08-04T04:52:11.560000-04:00,13.489598274230957,0.6211615204811096,-12.868436813354492
2026-08-04T04:52:11.564000-04:00,13.484687805175781,0.6202262043952942,-12.864461898803711
2026-08-04T04:52:11.568000-04:00,13.48340129852295,0.617186427116394,-12.866214752197266
2026-08-04T04:52:11.572000-04:00,13.489831924438477,0.6134452223777771,-12.876386642456055
2026-08-04T04:52:11.576000-04:00,13.487142562866211,0.6267733573913574,-12.860368728637695
2026-08-04T04:52:11.580000-04:00,13.485739707946777,0.6395169496536255,-12.846222877502441
2026-08-04T04:52:11.584000-04:00,13.487727165222168,0.6305145621299744,-12.857213020324707
2026-08-04T04:52:11.588000-04:00,13.486324310302734,0.6245520114898682,-12.861772537231445
2026-08-04T04:52:11.592000-04:00,13.490065574645996,0.6261887550354004,-12.863876342773438
2026-08-04T04:52:11.596000-04:00,13.495794296264648,0.6339050531387329,-12.861888885498047
2026-08-04T04:52:11.600000-04:00,13.490650177001953,0.633671224117279,-12.856979370117188
2026-08-04T04:52:11.604000-04:00,13.495677947998047,0.635308027267456,-12.860369682312012
2026-08-04T04:52:11.608000-04:00,13.494508743286133,0.6376463174819946,-12.85686206817627
2026-08-04T04:52:11.612000-04:00,13.501289367675781,0.6472331881523132,-12.854056358337402
2026-08-04T04:52:11.616000-04:00,13.505264282226562,0.657170832157135,-12.848093032836914
2026-08-04T04:52:11.620000-04:00,13.49930191040039,0.6644194722175598,-12.834882736206055
2026-08-04T04:52:11.624000-04:00,13.504446029663086,0.6689791083335876,-12.835467338562012
2026-08-04T04:52:11.628000-04:00,13.50584888458252,0.6724865436553955,-12.833362579345703
2026-08-04T04:52:11.632000-04:00,13.505264282226562,0.6731880307197571,-12.832076072692871
2026-08-04T04:52:11.636000-04:00,13.505966186523438,0.6686283946037292,-12.837337493896484
2026-08-04T04:52:11.640000-04:00,13.508889198303223,0.6640687584877014,-12.844820022583008
2026-08-04T04:52:11.644000-04:00,13.514266967773438,0.6638349294662476,-12.850432395935059
2026-08-04T04:52:11.648000-04:00,13.520580291748047,0.6592752933502197,-12.861305236816406
2026-08-04T04:52:11.652000-04:00,13.514266967773438,0.6556509733200073,-12.85861587524414
2026-08-04T04:52:11.656000-04:00,13.51754093170166,0.6550664305686951,-12.86247444152832
2026-08-04T04:52:11.660000-04:00,13.525490760803223,0.6756432056427002,-12.849847793579102
2026-08-04T04:52:11.664000-04:00,13.538818359375,0.7074436545372009,-12.831375122070312
2026-08-04T04:52:11.668000-04:00,13.545366287231445,0.7139908075332642,-12.831375122070312
2026-08-04T04:52:11.672000-04:00,13.54220962524414,0.7160952687263489,-12.826114654541016
2026-08-04T04:52:11.676000-04:00,13.545599937438965,0.7349183559417725,-12.810681343078613
2026-08-04T04:52:11.680000-04:00,13.544547080993652,0.739945650100708,-12.804601669311523
2026-08-04T04:52:11.684000-04:00,13.566293716430664,0.7689402103424072,-12.797353744506836
2026-08-04T04:52:11.688000-04:00,13.568748474121094,0.7876463532447815,-12.781102180480957
2026-08-04T04:52:11.692000-04:00,13.553667068481445,0.8243572115898132,-12.729310035705566
2026-08-04T04:52:11.696000-04:00,13.512746810913086,0.8194468021392822,-12.693300247192383
2026-08-04T04:52:11.700000-04:00,13.496847152709961,0.8152379393577576,-12.681609153747559
2026-08-04T04:52:11.704000-04:00,13.508420944213867,0.8065863251686096,-12.701834678649902
2026-08-04T04:52:11.708000-04:00,13.496496200561523,0.7870617508888245,-12.709434509277344
2026-08-04T04:52:11.712000-04:00,13.514500617980957,0.8044818639755249,-12.7100191116333
2026-08-04T04:52:11.716000-04:00,13.527010917663574,0.805884838104248,-12.721126556396484
2026-08-04T04:52:11.720000-04:00,13.529932975769043,0.8029620051383972,-12.726970672607422
2026-08-04T04:52:11.724000-04:00,13.518943786621094,0.7654327750205994,-12.753511428833008
2026-08-04T04:52:11.728000-04:00,13.512980461120605,0.7073267698287964,-12.80565357208252
2026-08-04T04:52:11.732000-04:00,13.510993003845215,0.6975060105323792,-12.81348705291748
2026-08-04T04:52:11.736000-04:00,13.49485969543457,0.6869838237762451,-12.807875633239746
2026-08-04T04:52:11.740000-04:00,13.495209693908691,0.6602106094360352,-12.834999084472656
2026-08-04T04:52:11.744000-04:00,13.476153373718262,0.6203430891036987,-12.855810165405273
2026-08-04T04:52:11.748000-04:00,13.476387023925781,0.6095870733261108,-12.866800308227539
2026-08-04T04:52:11.752000-04:00,13.465396881103516,0.5872565507888794,-12.878140449523926
2026-08-04T04:52:11.756000-04:00,13.471943855285645,0.5769681930541992,-12.894975662231445
2026-08-04T04:52:11.760000-04:00,13.46048641204834,0.5562744736671448,-12.90421199798584
2026-08-04T04:52:11.764000-04:00,13.459083557128906,0.5525332689285278,-12.906550407409668
2026-08-04T04:52:11.768000-04:00,13.459083557128906,0.5462199449539185,-12.912863731384277
2026-08-04T04:52:11.772000-04:00,13.460136413574219,0.5367499589920044,-12.923386573791504
2026-08-04T04:52:11.776000-04:00,13.460954666137695,0.5439985990524292,-12.916955947875977
2026-08-04T04:52:11.780000-04:00,13.456979751586914,0.5399066209793091,-12.917073249816895
2026-08-04T04:52:11.784000-04:00,13.45241928100586,0.5342947840690613,-12.918124198913574
2026-08-04T04:52:11.788000-04:00,13.447626113891602,0.535814642906189,-12.911811828613281
2026-08-04T04:52:11.792000-04:00,13.451250076293945,0.5416603088378906,-12.909589767456055
2026-08-04T04:52:11.796000-04:00,13.446925163269043,0.5387374758720398,-12.908187866210938
2026-08-04T04:52:11.800000-04:00,13.445638656616211,0.5328918099403381,-12.91274642944336
2026-08-04T04:52:11.804000-04:00,13.444002151489258,0.5296182036399841,-12.914383888244629
2026-08-04T04:52:11.808000-04:00,13.448444366455078,0.5302028059959412,-12.918241500854492
2026-08-04T04:52:11.812000-04:00,13.439909934997559,0.5328918099403381,-12.907017707824707
2026-08-04T04:52:11.816000-04:00,13.41921615600586,0.5441154837608337,-12.875101089477539
2026-08-04T04:52:11.820000-04:00,13.410330772399902,0.5933361053466797,-12.816994667053223
2026-08-04T04:52:11.824000-04:00,13.427634239196777,0.5988309979438782,-12.828803062438965
2026-08-04T04:52:11.828000-04:00,13.497197151184082,0.5892441272735596,-12.907953262329102
2026-08-04T04:52:11.832000-04:00,13.58149242401123,0.695050835609436,-12.886441230773926
2026-08-04T04:52:11.836000-04:00,13.785272598266602,0.9823073148727417,-12.80296516418457
2026-08-04T04:52:11.840000-04:00,13.904056549072266,1.2842949628829956,-12.61976146697998
2026-08-04T04:52:11.844000-04:00,13.824555397033691,2.0554563999176025,-11.769099235534668
2026-08-04T04:52:11.848000-04:00,13.776387214660645,2.838075637817383,-10.938311576843262
2026-08-04T04:52:11.852000-04:00,13.683090209960938,3.0776312351226807,-10.605459213256836
2026-08-04T04:52:11.856000-04:00,13.640650749206543,2.9227209091186523,-10.71792984008789
2026-08-04T04:52:11.860000-04:00,13.611187934875488,2.5982859134674072,-11.01290225982666
2026-08-04T04:52:11.864000-04:00,13.531686782836914,1.856937289237976,-11.674749374389648
2026-08-04T04:52:11.868000-04:00,13.474984169006348,1.4077556133270264,-12.067228317260742
2026-08-04T04:52:11.872000-04:00,13.440377235412598,1.0090805292129517,-12.431296348571777
2026-08-04T04:52:11.876000-04:00,13.53659725189209,0.8057679533958435,-12.730829238891602
2026-08-04T04:52:11.880000-04:00,13.57950496673584,0.7749027609825134,-12.80460262298584
2026-08-04T04:52:11.884000-04:00,13.587103843688965,0.7616915702819824,-12.82541275024414
2026-08-04T04:52:11.888000-04:00,13.538233757019043,0.7515200972557068,-12.786713600158691
2026-08-04T04:52:11.892000-04:00,13.524555206298828,0.7252145409584045,-12.79934024810791
2026-08-04T04:52:11.896000-04:00,13.516956329345703,0.7116525769233704,-12.805303573608398
2026-08-04T04:52:11.900000-04:00,13.518241882324219,0.6897897124290466,-12.828452110290527
2026-08-04T04:52:11.904000-04:00,13.5180082321167,0.6800858974456787,-12.837922096252441
2026-08-04T04:52:11.908000-04:00,13.51613712310791,0.670732855796814,-12.845404624938965
2026-08-04T04:52:11.912000-04:00,13.512279510498047,0.66745924949646,-12.844820022583008
2026-08-04T04:52:11.916000-04:00,13.510174751281738,0.6655886173248291,-12.844586372375488
2026-08-04T04:52:11.920000-04:00,13.513565063476562,0.6714342832565308,-12.842130661010742
2026-08-04T04:52:11.924000-04:00,13.512864112854004,0.6879191398620605,-12.824945449829102
2026-08-04T04:52:11.928000-04:00,13.511577606201172,0.6790336966514587,-12.832544326782227
2026-08-04T04:52:11.932000-04:00,13.520462989807129,0.6892051696777344,-12.831257820129395
2026-08-04T04:52:11.936000-04:00,13.522567749023438,0.6893220543861389,-12.833245277404785
2026-08-04T04:52:11.940000-04:00,13.528179168701172,0.7011303305625916,-12.827049255371094
2026-08-04T04:52:11.944000-04:00,13.529932975769043,0.7111849188804626,-12.818748474121094
2026-08-04T04:52:11.948000-04:00,13.535311698913574,0.7196027040481567,-12.815709114074707
2026-08-04T04:52:11.952000-04:00,13.533791542053223,0.7235777378082275,-12.810214042663574
2026-08-04T04:52:11.956000-04:00,13.537766456604004,0.7373735308647156,-12.800393104553223
2026-08-04T04:52:11.960000-04:00,13.54443073272705,0.7536244988441467,-12.79080581665039
2026-08-04T04:52:11.964000-04:00,13.545716285705566,0.7600547671318054,-12.785661697387695
2026-08-04T04:52:11.968000-04:00,13.54875659942627,0.7629776000976562,-12.785778999328613
2026-08-04T04:52:11.972000-04:00,13.557524681091309,0.7806315422058105,-12.776893615722656
2026-08-04T04:52:11.976000-04:00,13.557758331298828,0.7902184128761292,-12.767539978027344
2026-08-04T04:52:11.980000-04:00,13.562902450561523,0.8069370985031128,-12.755965232849121
2026-08-04T04:52:11.984000-04:00,13.572373390197754,0.8235387802124023,-12.748834609985352
2026-08-04T04:52:11.988000-04:00,13.579387664794922,0.8307874202728271,-12.748600006103516
2026-08-04T04:52:11.992000-04:00,13.58581829071045,0.857794463634491,-12.728023529052734
2026-08-04T04:52:11.996000-04:00,13.588740348815918,0.8725255727767944,-12.716215133666992
2026-08-04T04:52:12-04:00,13.603004455566406,0.900234043598175,-12.702770233154297
2026-08-04T04:52:12.004000-04:00,13.602653503417969,0.9106393456459045,-12.69201374053955
2026-08-04T04:52:12.008000-04:00,13.620657920837402,0.9343727827072144,-12.686285018920898
2026-08-04T04:52:12.012000-04:00,13.632699966430664,0.9602106809616089,-12.672489166259766
2026-08-04T04:52:12.016000-04:00,13.646495819091797,0.9821904301643372,-12.664305686950684
2026-08-04T04:52:12.020000-04:00,13.653160095214844,1.0198365449905396,-12.633323669433594
2026-08-04T04:52:12.024000-04:00,13.665553092956543,1.0425177812576294,-12.623035430908203
2026-08-04T04:52:12.028000-04:00,13.675374031066895,1.0842559337615967,-12.591117858886719
2026-08-04T04:52:12.032000-04:00,13.685895919799805,1.1164071559906006,-12.569488525390625
2026-08-04T04:52:12.036000-04:00,13.702497482299805,1.1644586324691772,-12.538039207458496
2026-08-04T04:52:12.040000-04:00,13.710097312927246,1.2016371488571167,-12.50846004486084
2026-08-04T04:52:12.044000-04:00,13.726581573486328,1.224902868270874,-12.501678466796875
2026-08-04T04:52:12.048000-04:00,13.739792823791504,1.2631336450576782,-12.476658821105957
2026-08-04T04:52:12.052000-04:00,13.743534088134766,1.294700264930725,-12.448833465576172
2026-08-04T04:52:12.056000-04:00,13.750432014465332,1.33281409740448,-12.417617797851562
2026-08-04T04:52:12.060000-04:00,13.758499145507812,1.3512864112854004,-12.40721321105957
2026-08-04T04:52:12.064000-04:00,13.752303123474121,1.3614578247070312,-12.39084529876709
2026-08-04T04:52:12.068000-04:00,13.754056930541992,1.3676543235778809,-12.386402130126953
2026-08-04T04:52:12.072000-04:00,13.752419471740723,1.3846067190170288,-12.367813110351562
2026-08-04T04:52:12.076000-04:00,13.746574401855469,1.3846067190170288,-12.361968040466309
2026-08-04T04:52:12.080000-04:00,13.743417739868164,1.3872957229614258,-12.356122016906738
2026-08-04T04:52:12.084000-04:00,13.724594116210938,1.356313705444336,-12.368280410766602
2026-08-04T04:52:12.088000-04:00,13.72178840637207,1.339595079421997,-12.382193565368652
2026-08-04T04:52:12.092000-04:00,13.700977325439453,1.2962201833724976,-12.404757499694824
2026-08-04T04:52:12.096000-04:00,13.682037353515625,1.2563526630401611,-12.425684928894043
2026-08-04T04:52:12.100000-04:00,13.658655166625977,1.1899456977844238,-12.468709945678711
2026-08-04T04:52:12.104000-04:00,13.642754554748535,1.1418943405151367,-12.500860214233398
2026-08-04T04:52:12.108000-04:00,13.619488716125488,1.0713953971862793,-12.548093795776367
2026-08-04T04:52:12.112000-04:00,13.597509384155273,1.012120246887207,-12.585389137268066
2026-08-04T04:52:12.116000-04:00,13.587221145629883,0.967576265335083,-12.619645118713379
2026-08-04T04:52:12.120000-04:00,13.562318801879883,0.9118084907531738,-12.650510787963867
2026-08-04T04:52:12.124000-04:00,13.546300888061523,0.871590256690979,-12.674710273742676
2026-08-04T04:52:12.128000-04:00,13.532271385192871,0.8157055974006653,-12.71656608581543
2026-08-04T04:52:12.132000-04:00,13.522334098815918,0.7938427329063416,-12.72849178314209
2026-08-04T04:52:12.136000-04:00,13.511811256408691,0.7470773458480835,-12.764734268188477
2026-08-04T04:52:12.140000-04:00,13.496963500976562,0.7128217220306396,-12.784141540527344
2026-08-04T04:52:12.144000-04:00,13.489364624023438,0.6902573704719543,-12.799107551574707
2026-08-04T04:52:12.148000-04:00,13.490416526794434,0.6675761938095093,-12.822840690612793
2026-08-04T04:52:12.152000-04:00,13.487727165222168,0.6537803411483765,-12.83394718170166
2026-08-04T04:52:12.156000-04:00,13.477438926696777,0.6395169496536255,-12.837922096252441
2026-08-04T04:52:12.160000-04:00,13.47439956665039,0.6277086734771729,-12.846691131591797
2026-08-04T04:52:12.164000-04:00,13.473346710205078,0.6244350671768188,-12.84891128540039
2026-08-04T04:52:12.168000-04:00,13.465396881103516,0.6230320930480957,-12.842365264892578
2026-08-04T04:52:12.172000-04:00,13.464461326599121,0.6161342263221741,-12.848326683044434
2026-08-04T04:52:12.176000-04:00,13.463058471679688,0.6113407611846924,-12.851717948913574
2026-08-04T04:52:12.180000-04:00,13.458849906921387,0.6078333854675293,-12.851016998291016
2026-08-04T04:52:12.184000-04:00,13.453354835510254,0.6029229760169983,-12.850431442260742
2026-08-04T04:52:12.188000-04:00,13.454524040222168,0.6026891469955444,-12.851835250854492
2026-08-04T04:52:12.192000-04:00,13.45826530456543,0.6035075783729553,-12.854757308959961
2026-08-04T04:52:12.196000-04:00,13.453588485717773,0.6024553179740906,-12.851133346557617
2026-08-04T04:52:12.200000-04:00,13.459083557128906,0.6148481965065002,-12.84423542022705
2026-08-04T04:52:12.204000-04:00,13.459083557128906,0.6148481965065002,-12.84423542022705
2026-08-04T04:52:12.208000-04:00,13.464111328125,0.60771644115448,-12.85639476776123
2026-08-04T04:52:12.212000-04:00,13.461188316345215,0.6149650812149048,-12.846222877502441
2026-08-04T04:52:12.216000-04:00,13.471943855285645,0.6170695424079895,-12.854874610900879
2026-08-04T04:52:12.220000-04:00,13.469021797180176,0.619875431060791,-12.849145889282227
2026-08-04T04:52:12.224000-04:00,13.46609878540039,0.6216291785240173,-12.844470024108887
2026-08-04T04:52:12.228000-04:00,13.47439956665039,0.6313329935073853,-12.843066215515137
2026-08-04T04:52:12.232000-04:00,13.467384338378906,0.6267733573913574,-12.84061050415039
2026-08-04T04:52:12.236000-04:00,13.470307350158691,0.631800651550293,-12.838506698608398
2026-08-04T04:52:12.240000-04:00,13.46609878540039,0.6328528523445129,-12.833246231079102
2026-08-04T04:52:12.244000-04:00,13.467501640319824,0.6321513652801514,-12.835350036621094
2026-08-04T04:52:12.248000-04:00,13.471359252929688,0.6362433433532715,-12.835115432739258
2026-08-04T04:52:12.252000-04:00,13.474515914916992,0.6478177905082703,-12.826698303222656
2026-08-04T04:52:12.256000-04:00,13.47264575958252,0.6451287865638733,-12.827516555786133
2026-08-04T04:52:12.260000-04:00,13.478374481201172,0.6524943113327026,-12.82588005065918
2026-08-04T04:52:12.264000-04:00,13.478257179260254,0.6485192775726318,-12.829737663269043
2026-08-04T04:52:12.268000-04:00,13.478023529052734,0.6460641026496887,-12.83195972442627
2026-08-04T04:52:12.272000-04:00,13.47872543334961,0.6461809873580933,-12.832544326782227
2026-08-04T04:52:12.276000-04:00,13.47510051727295,0.6438426971435547,-12.831257820129395
2026-08-04T04:52:12.280000-04:00,13.478140830993652,0.6401014924049377,-12.83803939819336
2026-08-04T04:52:12.284000-04:00,13.484687805175781,0.6432581543922424,-12.841429710388184
2026-08-04T04:52:12.288000-04:00,13.487259864807129,0.6424397826194763,-12.844820022583008
2026-08-04T04:52:12.292000-04:00,13.484220504760742,0.6451287865638733,-12.839091300964355
2026-08-04T04:52:12.296000-04:00,13.486908912658691,0.6436088681221008,-12.843299865722656
2026-08-04T04:52:12.300000-04:00,13.49345588684082,0.6420890092849731,-12.851366996765137
2026-08-04T04:52:12.304000-04:00,13.499068260192871,0.6613797545433044,-12.837688446044922
2026-08-04T04:52:12.308000-04:00,13.525490760803223,0.6935309767723083,-12.83195972442627
2026-08-04T04:52:12.312000-04:00,13.530050277709961,0.7065083384513855,-12.823541641235352
2026-08-04T04:52:12.316000-04:00,13.519878387451172,0.7155107259750366,-12.804368019104004
2026-08-04T04:52:12.320000-04:00,13.525607109069824,0.7364382147789001,-12.789169311523438
2026-08-04T04:52:12.324000-04:00,13.529932975769043,0.7395948767662048,-12.790338516235352
2026-08-04T04:52:12.328000-04:00,13.54489803314209,0.7681217789649963,-12.776776313781738
2026-08-04T04:52:12.332000-04:00,13.554017066955566,0.7895169854164124,-12.76449966430664
2026-08-04T04:52:12.336000-04:00,13.540338516235352,0.8130165934562683,-12.72732162475586
2026-08-04T04:52:12.340000-04:00,13.474048614501953,0.8082231283187866,-12.665825843811035
2026-08-04T04:52:12.344000-04:00,13.47685432434082,0.8144195675849915,-12.662434577941895
2026-08-04T04:52:12.348000-04:00,13.4849214553833,0.7954795360565186,-12.689441680908203
2026-08-04T04:52:12.352000-04:00,13.49146842956543,0.8044818639755249,-12.686986923217773
2026-08-04T04:52:12.356000-04:00,13.509590148925781,0.8166409134864807,-12.692949295043945
2026-08-04T04:52:12.360000-04:00,13.529699325561523,0.8212005496025085,-12.70849895477295
2026-08-04T04:52:12.364000-04:00,13.52420425415039,0.7994546294212341,-12.724749565124512
2026-08-04T04:52:12.368000-04:00,13.518359184265137,0.7633283138275146,-12.755030632019043
2026-08-04T04:52:12.372000-04:00,13.51590347290039,0.7221747636795044,-12.793728828430176
2026-08-04T04:52:12.376000-04:00,13.495560646057129,0.6913096308708191,-12.804250717163086
2026-08-04T04:52:12.380000-04:00,13.485038757324219,0.6688622236251831,-12.816176414489746
2026-08-04T04:52:12.384000-04:00,13.489130020141602,0.6434919834136963,-12.845638275146484
2026-08-04T04:52:12.388000-04:00,13.481882095336914,0.6237335801124573,-12.858148574829102
2026-08-04T04:52:12.392000-04:00,13.462591171264648,0.5898286700248718,-12.872762680053711
2026-08-04T04:52:12.396000-04:00,13.456395149230957,0.5883088111877441,-12.868085861206055
2026-08-04T04:52:12.400000-04:00,13.458148002624512,0.5797741413116455,-12.878374099731445
2026-08-04T04:52:12.404000-04:00,13.456862449645996,0.5681996941566467,-12.888662338256836
2026-08-04T04:52:12.408000-04:00,13.450431823730469,0.555573046207428,-12.894858360290527
2026-08-04T04:52:12.412000-04:00,13.456628799438477,0.5517148971557617,-12.904913902282715
2026-08-04T04:52:12.416000-04:00,13.447859764099121,0.5475059747695923,-12.90035343170166
2026-08-04T04:52:12.420000-04:00,13.455108642578125,0.542595624923706,-12.91251277923584
2026-08-04T04:52:12.424000-04:00,13.448795318603516,0.5410757660865784,-12.907719612121582
2026-08-04T04:52:12.428000-04:00,13.445287704467773,0.5430632829666138,-12.90222454071045
2026-08-04T04:52:12.432000-04:00,13.442715644836426,0.5360484719276428,-12.90666675567627
2026-08-04T04:52:12.436000-04:00,13.440494537353516,0.531488835811615,-12.909006118774414
2026-08-04T04:52:12.440000-04:00,13.437922477722168,0.5351131558418274,-12.902809143066406
2026-08-04T04:52:12.444000-04:00,13.434765815734863,0.5286828875541687,-12.906083106994629
2026-08-04T04:52:12.448000-04:00,13.436168670654297,0.5291505455970764,-12.907017707824707
2026-08-04T04:52:12.452000-04:00,13.434765815734863,0.5324241518974304,-12.902341842651367
2026-08-04T04:52:12.456000-04:00,13.429621696472168,0.5372176170349121,-12.892404556274414
2026-08-04T04:52:12.460000-04:00,13.41699504852295,0.5613017678260803,-12.855692863464355
2026-08-04T04:52:12.464000-04:00,13.383674621582031,0.6147312521934509,-12.768943786621094
2026-08-04T04:52:12.468000-04:00,13.404484748840332,0.6440765261650085,-12.760408401489258
2026-08-04T04:52:12.472000-04:00,13.472996711730957,0.6436088681221008,-12.829387664794922
2026-08-04T04:52:12.476000-04:00,13.607563972473145,0.7798131108283997,-12.827751159667969
2026-08-04T04:52:12.480000-04:00,13.750081062316895,0.9816058874130249,-12.768475532531738
2026-08-04T04:52:12.484000-04:00,13.853199005126953,1.449026107788086,-12.404172897338867
2026-08-04T04:52:12.488000-04:00,13.793106079101562,1.9685897827148438,-11.824516296386719
2026-08-04T04:52:12.492000-04:00,13.743767738342285,2.7923624515533447,-10.95140552520752
2026-08-04T04:52:12.496000-04:00,13.667774200439453,3.128021001815796,-10.539752960205078
2026-08-04T04:52:12.500000-04:00,13.631414413452148,3.056002378463745,-10.575411796569824
2026-08-04T04:52:12.504000-04:00,13.581843376159668,2.5600552558898926,-11.021787643432617
2026-08-04T04:52:12.508000-04:00,13.529348373413086,2.0061190128326416,-11.523229598999023
2026-08-04T04:52:12.512000-04:00,13.478959083557129,1.359002709388733,-12.119956016540527
2026-08-04T04:52:12.516000-04:00,13.477205276489258,1.0867111682891846,-12.390494346618652
2026-08-04T04:52:12.520000-04:00,13.55296516418457,0.8634063005447388,-12.689558982849121
2026-08-04T04:52:12.524000-04:00,13.610018730163574,0.8236557245254517,-12.786362648010254
2026-08-04T04:52:12.528000-04:00,13.596573829650879,0.7936089038848877,-12.80296516418457
2026-08-04T04:52:12.532000-04:00,13.535545349121094,0.7731490731239319,-12.762395858764648
2026-08-04T04:52:12.536000-04:00,13.526542663574219,0.7428684830665588,-12.783674240112305
2026-08-04T04:52:12.540000-04:00,13.515318870544434,0.7238115668296814,-12.791507720947266
2026-08-04T04:52:12.544000-04:00,13.518592834472656,0.7172644138336182,-12.801328659057617
2026-08-04T04:52:12.548000-04:00,13.523152351379395,0.7033516764640808,-12.81980037689209
2026-08-04T04:52:12.552000-04:00,13.517189979553223,0.6851131916046143,-12.832077026367188
2026-08-04T04:52:12.556000-04:00,13.512980461120605,0.6875683665275574,-12.825411796569824
2026-08-04T04:52:12.560000-04:00,13.510993003845215,0.6751755475997925,-12.835817337036133
2026-08-04T04:52:12.564000-04:00,13.510174751281738,0.659392237663269,-12.85078239440918
2026-08-04T04:52:12.568000-04:00,13.516721725463867,0.658807635307312,-12.857913970947266
2026-08-04T04:52:12.572000-04:00,13.518475532531738,0.6803197264671326,-12.838155746459961
2026-08-04T04:52:12.576000-04:00,13.518359184265137,0.6866330504417419,-12.83172607421875
2026-08-04T04:52:12.580000-04:00,13.52420425415039,0.7075605988502502,-12.816643714904785
2026-08-04T04:52:12.584000-04:00,13.525724411010742,0.6985582709312439,-12.827166557312012
2026-08-04T04:52:12.588000-04:00,13.52584171295166,0.6958692073822021,-12.829972267150879
2026-08-04T04:52:12.592000-04:00,13.536012649536133,0.7187842726707458,-12.817228317260742
2026-08-04T04:52:12.596000-04:00,13.53414249420166,0.708028256893158,-12.826114654541016
2026-08-04T04:52:12.600000-04:00,13.531920433044434,0.720187246799469,-12.81173324584961
2026-08-04T04:52:12.604000-04:00,13.538935661315918,0.739361047744751,-12.799574851989746
2026-08-04T04:52:12.608000-04:00,13.53612995147705,0.7413485646247864,-12.794781684875488
2026-08-04T04:52:12.612000-04:00,13.548405647277832,0.7680048942565918,-12.780401229858398
2026-08-04T04:52:12.616000-04:00,13.553783416748047,0.7708107829093933,-12.78297233581543
2026-08-04T04:52:12.620000-04:00,13.559162139892578,0.7802807688713074,-12.778881072998047
2026-08-04T04:52:12.624000-04:00,13.563721656799316,0.7841389179229736,-12.779582977294922
2026-08-04T04:52:12.628000-04:00,13.566761016845703,0.7918552160263062,-12.774906158447266
2026-08-04T04:52:12.632000-04:00,13.574360847473145,0.8049495220184326,-12.769411087036133
2026-08-04T04:52:12.636000-04:00,13.580790519714355,0.8447001576423645,-12.736090660095215
2026-08-04T04:52:12.640000-04:00,13.587103843688965,0.869953453540802,-12.717150688171387
2026-08-04T04:52:12.644000-04:00,13.601016998291016,0.8826970458030701,-12.7183198928833
2026-08-04T04:52:12.648000-04:00,13.60417366027832,0.885386049747467,-12.71878719329834
2026-08-04T04:52:12.652000-04:00,13.615046501159668,0.907248854637146,-12.70779800415039
2026-08-04T04:52:12.656000-04:00,13.625919342041016,0.9404522776603699,-12.685466766357422
2026-08-04T04:52:12.660000-04:00,13.630712509155273,0.9524943828582764,-12.678217887878418
2026-08-04T04:52:12.664000-04:00,13.648834228515625,0.9839441180229187,-12.66489028930664
2026-08-04T04:52:12.668000-04:00,13.658888816833496,1.002650260925293,-12.656238555908203
2026-08-04T04:52:12.672000-04:00,13.683323860168457,1.0503510236740112,-12.632972717285156
2026-08-04T04:52:12.676000-04:00,13.686363220214844,1.0945442914962769,-12.591818809509277
2026-08-04T04:52:12.680000-04:00,13.698756217956543,1.134294867515564,-12.564461708068848
2026-08-04T04:52:12.684000-04:00,13.71126651763916,1.1600159406661987,-12.551250457763672
2026-08-04T04:52:12.688000-04:00,13.729738235473633,1.177319049835205,-12.552419662475586
2026-08-04T04:52:12.692000-04:00,13.737338066101074,1.2093534469604492,-12.527984619140625
2026-08-04T04:52:12.696000-04:00,13.738858222961426,1.2374125719070435,-12.501445770263672
2026-08-04T04:52:12.700000-04:00,13.743534088134766,1.272720456123352,-12.470813751220703
2026-08-04T04:52:12.704000-04:00,13.743767738342285,1.2785662412643433,-12.465201377868652
2026-08-04T04:52:12.708000-04:00,13.758148193359375,1.291192889213562,-12.466955184936523
2026-08-04T04:52:12.712000-04:00,13.749029159545898,1.3068592548370361,-12.442170143127441
2026-08-04T04:52:12.716000-04:00,13.752303123474121,1.3118865489959717,-12.44041633605957
2026-08-04T04:52:12.720000-04:00,13.74026107788086,1.3196028470993042,-12.420658111572266
2026-08-04T04:52:12.724000-04:00,13.7366361618042,1.3065085411071777,-12.43012809753418
2026-08-04T04:52:12.728000-04:00,13.727399826049805,1.2833596467971802,-12.444040298461914
2026-08-04T04:52:12.732000-04:00,13.708343505859375,1.254949688911438,-12.453393936157227
2026-08-04T04:52:12.736000-04:00,13.69302749633789,1.2184725999832153,-12.474555015563965
2026-08-04T04:52:12.740000-04:00,13.665085792541504,1.1609511375427246,-12.504135131835938
2026-08-04T04:52:12.744000-04:00,13.655965805053711,1.1160564422607422,-12.539909362792969
2026-08-04T04:52:12.748000-04:00,13.634337425231934,1.0553783178329468,-12.578959465026855
2026-08-04T04:52:12.752000-04:00,13.609551429748535,1.0082621574401855,-12.601289749145508
2026-08-04T04:52:12.756000-04:00,13.587922096252441,0.9480516910552979,-12.639870643615723
2026-08-04T04:52:12.760000-04:00,13.574710845947266,0.9146144390106201,-12.660096168518066
2026-08-04T04:52:12.764000-04:00,13.557408332824707,0.8444663286209106,-12.712942123413086
2026-08-04T04:52:12.768000-04:00,13.539520263671875,0.800740659236908,-12.73878002166748
2026-08-04T04:52:12.772000-04:00,13.526659965515137,0.7514031529426575,-12.775257110595703
2026-08-04T04:52:12.776000-04:00,13.513448715209961,0.7149261236190796,-12.79852294921875
2026-08-04T04:52:12.780000-04:00,13.4932222366333,0.6852300763130188,-12.807991981506348
2026-08-04T04:52:12.784000-04:00,13.495911598205566,0.6506236791610718,-12.845288276672363
2026-08-04T04:52:12.788000-04:00,13.492521286010742,0.630163848400116,-12.862357139587402
2026-08-04T04:52:12.792000-04:00,13.48702621459961,0.6233828663825989,-12.863643646240234
2026-08-04T04:52:12.796000-04:00,13.470658302307129,0.6143805384635925,-12.856277465820312
2026-08-04T04:52:12.800000-04:00,13.473931312561035,0.60666424036026,-12.867266654968262
2026-08-04T04:52:12.804000-04:00,13.470541000366211,0.6028060913085938,-12.867734909057617
2026-08-04T04:52:12.808000-04:00,13.467150688171387,0.6037414073944092,-12.863409042358398
2026-08-04T04:52:12.812000-04:00,13.470541000366211,0.6042090654373169,-12.866332054138184
2026-08-04T04:52:12.816000-04:00,13.458849906921387,0.5961419939994812,-12.86270809173584
2026-08-04T04:52:12.820000-04:00,13.45803165435791,0.5949728488922119,-12.863059043884277
2026-08-04T04:52:12.824000-04:00,13.453939437866211,0.590179443359375,-12.863759994506836
2026-08-04T04:52:12.828000-04:00,13.448328018188477,0.5765005350112915,-12.871827125549316
2026-08-04T04:52:12.832000-04:00,13.453472137451172,0.5580282211303711,-12.8954439163208
2026-08-04T04:52:12.836000-04:00,13.458148002624512,0.5547546148300171,-12.903393745422363
2026-08-04T04:52:12.840000-04:00,13.453121185302734,0.5513641238212585,-12.90175724029541
2026-08-04T04:52:12.844000-04:00,13.453705787658691,0.5408419370651245,-12.912863731384277
2026-08-04T04:52:12.848000-04:00,13.45849895477295,0.5589635372161865,-12.899535179138184
2026-08-04T04:52:12.852000-04:00,13.455693244934082,0.5732269883155823,-12.882466316223145
2026-08-04T04:52:12.856000-04:00,13.45440673828125,0.5756821632385254,-12.878725051879883
2026-08-04T04:52:12.860000-04:00,13.451250076293945,0.5836322903633118,-12.8676176071167
2026-08-04T04:52:12.864000-04:00,13.4517183303833,0.5717070698738098,-12.880011558532715
2026-08-04T04:52:12.868000-04:00,13.456628799438477,0.5768512487411499,-12.879777908325195
2026-08-04T04:52:12.872000-04:00,13.461539268493652,0.5814108848571777,-12.880128860473633
2026-08-04T04:52:12.876000-04:00,13.453939437866211,0.584216833114624,-12.869722366333008
2026-08-04T04:52:12.880000-04:00,13.453472137451172,0.5881918668746948,-12.865280151367188
2026-08-04T04:52:12.884000-04:00,13.462942123413086,0.5962589383125305,-12.866683006286621
2026-08-04T04:52:12.888000-04:00,13.454757690429688,0.587958037853241,-12.866799354553223
2026-08-04T04:52:12.892000-04:00,13.463643074035645,0.5886595249176025,-12.874983787536621
2026-08-04T04:52:12.896000-04:00,13.464461326599121,0.5967265963554382,-12.867734909057617
2026-08-04T04:52:12.900000-04:00,13.463876724243164,0.5927515029907227,-12.871125221252441
2026-08-04T04:52:12.904000-04:00,13.467501640319824,0.5814108848571777,-12.886091232299805
2026-08-04T04:52:12.908000-04:00,13.465981483459473,0.5802417993545532,-12.88573932647705
2026-08-04T04:52:12.912000-04:00,13.47217845916748,0.5939206480979919,-12.878257751464844
2026-08-04T04:52:12.916000-04:00,13.468202590942383,0.5963758230209351,-12.871827125549316
2026-08-04T04:52:12.920000-04:00,13.469021797180176,0.6073657274246216,-12.861656188964844
2026-08-04T04:52:12.924000-04:00,13.463994026184082,0.5998832583427429,-12.864110946655273
2026-08-04T04:52:12.928000-04:00,13.471943855285645,0.5805925130844116,-12.891351699829102
2026-08-04T04:52:12.932000-04:00,13.47217845916748,0.5876073241233826,-12.884571075439453
2026-08-04T04:52:12.936000-04:00,13.475568771362305,0.5797741413116455,-12.895794868469238
2026-08-04T04:52:12.940000-04:00,13.469138145446777,0.5699533820152283,-12.899185180664062
2026-08-04T04:52:12.944000-04:00,13.475685119628906,0.5699533820152283,-12.905732154846191
2026-08-04T04:52:12.948000-04:00,13.502224922180176,0.600701630115509,-12.90152359008789
2026-08-04T04:52:12.952000-04:00,13.514967918395996,0.6319175362586975,-12.883049964904785
2026-08-04T04:52:12.956000-04:00,13.495209693908691,0.6415044665336609,-12.853705406188965
2026-08-04T04:52:12.960000-04:00,13.501991271972656,0.6360095143318176,-12.865982055664062
2026-08-04T04:52:12.964000-04:00,13.515318870544434,0.654481828212738,-12.86083698272705
2026-08-04T04:52:12.968000-04:00,13.523386001586914,0.663133442401886,-12.860252380371094
2026-08-04T04:52:12.972000-04:00,13.534258842468262,0.6949339509010315,-12.839324951171875
2026-08-04T04:52:12.976000-04:00,13.538117408752441,0.7204210758209229,-12.817696571350098
2026-08-04T04:52:12.980000-04:00,13.510993003845215,0.733983039855957,-12.777009963989258
2026-08-04T04:52:12.984000-04:00,13.463058471679688,0.733983039855957,-12.72907543182373
2026-08-04T04:52:12.988000-04:00,13.467501640319824,0.7270851135253906,-12.740416526794434
2026-08-04T04:52:12.992000-04:00,13.475919723510742,0.7254483699798584,-12.750471115112305
2026-08-04T04:52:12.996000-04:00,13.469722747802734,0.7117694616317749,-12.757953643798828
2026-08-04T04:52:13-04:00,13.489831924438477,0.7225255370140076,-12.767306327819824
2026-08-04T04:52:13.004000-04:00,13.500471115112305,0.709898829460144,-12.790572166442871
2026-08-04T04:52:13.008000-04:00,13.501055717468262,0.6878021955490112,-12.813253402709961
2026-08-04T04:52:13.012000-04:00,13.490650177001953,0.645011842250824,-12.845638275146484
2026-08-04T04:52:13.016000-04:00,13.492871284484863,0.6316837072372437,-12.861187934875488
2026-08-04T04:52:13.020000-04:00,13.475217819213867,0.6032737493515015,-12.871944427490234
2026-08-04T04:52:13.024000-04:00,13.471593856811523,0.5828138589859009,-12.888779640197754
2026-08-04T04:52:13.028000-04:00,13.467033386230469,0.5310211777687073,-12.936012268066406
2026-08-04T04:52:13.032000-04:00,13.447977066040039,0.5161731839179993,-12.931803703308105
2026-08-04T04:52:13.036000-04:00,13.442715644836426,0.5099767446517944,-12.9327392578125
2026-08-04T04:52:13.040000-04:00,13.435701370239258,0.48039764165878296,-12.955304145812988
2026-08-04T04:52:13.044000-04:00,13.434765815734863,0.4720967710018158,-12.962669372558594
2026-08-04T04:52:13.048000-04:00,13.450782775878906,0.4772409498691559,-12.973542213439941
2026-08-04T04:52:13.052000-04:00,13.444469451904297,0.473382830619812,-12.971086502075195
2026-08-04T04:52:13.056000-04:00,13.436986923217773,0.44941553473472595,-12.987571716308594
2026-08-04T04:52:13.060000-04:00,13.437922477722168,0.4383087754249573,-12.999613761901855
2026-08-04T04:52:13.064000-04:00,13.43535041809082,0.4291895031929016,-13.006160736083984
2026-08-04T04:52:13.068000-04:00,13.431960105895996,0.43409988284111023,-12.997859954833984
2026-08-04T04:52:13.072000-04:00,13.433713912963867,0.4235776662826538,-13.010136604309082
2026-08-04T04:52:13.076000-04:00,13.4268159866333,0.420654833316803,-13.006160736083984
2026-08-04T04:52:13.080000-04:00,13.423775672912598,0.4183165431022644,-13.00545883178711
2026-08-04T04:52:13.084000-04:00,13.422490119934082,0.40884655714035034,-13.013643264770508
2026-08-04T04:52:13.088000-04:00,13.427867889404297,0.4013640880584717,-13.026503562927246
2026-08-04T04:52:13.092000-04:00,13.43114185333252,0.4070928692817688,-13.024048805236816
2026-08-04T04:52:13.096000-04:00,13.4268159866333,0.40568989515304565,-13.021125793457031
2026-08-04T04:52:13.100000-04:00,13.413253784179688,0.41364002227783203,-12.999613761901855
2026-08-04T04:52:13.104000-04:00,13.396417617797852,0.4380749464035034,-12.958342552185059
2026-08-04T04:52:13.108000-04:00,13.382739067077637,0.46098998188972473,-12.921749114990234
2026-08-04T04:52:13.112000-04:00,13.421087265014648,0.45982083678245544,-12.96126651763916
2026-08-04T04:52:13.116000-04:00,13.467968940734863,0.45830097794532776,-13.009668350219727
2026-08-04T04:52:13.120000-04:00,13.607446670532227,0.6302807331085205,-12.977166175842285
2026-08-04T04:52:13.124000-04:00,13.7449369430542,0.8278645873069763,-12.917072296142578
2026-08-04T04:52:13.128000-04:00,13.876113891601562,1.326851487159729,-12.549262046813965
2026-08-04T04:52:13.132000-04:00,13.801640510559082,1.8646535873413086,-11.936986923217773
2026-08-04T04:52:13.136000-04:00,13.756394386291504,2.6378026008605957,-11.11859130859375
2026-08-04T04:52:13.140000-04:00,13.640650749206543,2.883087158203125,-10.757563591003418
2026-08-04T04:52:13.144000-04:00,13.60639476776123,2.7798526287078857,-10.826541900634766
2026-08-04T04:52:13.148000-04:00,13.557875633239746,2.269174337387085,-11.288701057434082
2026-08-04T04:52:13.152000-04:00,13.508420944213867,1.7725257873535156,-11.735895156860352
2026-08-04T04:52:13.156000-04:00,13.417462348937988,1.15358567237854,-12.263876914978027
2026-08-04T04:52:13.160000-04:00,13.397586822509766,0.875916063785553,-12.5216703414917
2026-08-04T04:52:13.164000-04:00,13.479426383972168,0.6479346752166748,-12.831491470336914
2026-08-04T04:52:13.168000-04:00,13.53636360168457,0.6068980693817139,-12.929465293884277
2026-08-04T04:52:13.172000-04:00,13.56103229522705,0.605027437210083,-12.956005096435547
2026-08-04T04:52:13.176000-04:00,13.492403984069824,0.5941544771194458,-12.898249626159668
2026-08-04T04:52:13.180000-04:00,13.496729850769043,0.5845675468444824,-12.912162780761719
2026-08-04T04:52:13.184000-04:00,13.498250007629395,0.5607172250747681,-12.937532424926758
2026-08-04T04:52:13.188000-04:00,13.5014066696167,0.5373345017433167,-12.964072227478027
2026-08-04T04:52:13.192000-04:00,13.498132705688477,0.5216680765151978,-12.97646427154541
2026-08-04T04:52:13.196000-04:00,13.4931058883667,0.4998052716255188,-12.993300437927246
2026-08-04T04:52:13.200000-04:00,13.490065574645996,0.48998454213142395,-13.000081062316895
2026-08-04T04:52:13.204000-04:00,13.494508743286133,0.5120812058448792,-12.982427597045898
2026-08-04T04:52:13.208000-04:00,13.496729850769043,0.5187452435493469,-12.977984428405762
2026-08-04T04:52:13.212000-04:00,13.501757621765137,0.49594712257385254,-13.005810737609863
2026-08-04T04:52:13.216000-04:00,13.490883827209473,0.49676552414894104,-12.994118690490723
2026-08-04T04:52:13.220000-04:00,13.50339412689209,0.5083399415016174,-12.995054244995117
2026-08-04T04:52:13.224000-04:00,13.503745079040527,0.5240063667297363,-12.979738235473633
2026-08-04T04:52:13.228000-04:00,13.520462989807129,0.5416603088378906,-12.978802680969238
2026-08-04T04:52:13.232000-04:00,13.518709182739258,0.5447000861167908,-12.97400951385498
2026-08-04T04:52:13.236000-04:00,13.514967918395996,0.5527670979499817,-12.962201118469238
2026-08-04T04:52:13.240000-04:00,13.514384269714355,0.5715901851654053,-12.942793846130371
2026-08-04T04:52:13.244000-04:00,13.518826484680176,0.5715901851654053,-12.947236061096191
2026-08-04T04:52:13.248000-04:00,13.52584171295166,0.5844506621360779,-12.941390991210938
2026-08-04T04:52:13.252000-04:00,13.527711868286133,0.5916993021965027,-12.936012268066406
2026-08-04T04:52:13.256000-04:00,13.538818359375,0.6054950952529907,-12.93332290649414
2026-08-04T04:52:13.260000-04:00,13.54443073272705,0.6029229760169983,-12.941507339477539
2026-08-04T04:52:13.264000-04:00,13.54045581817627,0.6029229760169983,-12.937532424926758
2026-08-04T04:52:13.268000-04:00,13.554017066955566,0.6361264586448669,-12.917890548706055
2026-08-04T04:52:13.272000-04:00,13.556940078735352,0.646648645401001,-12.91029167175293
2026-08-04T04:52:13.276000-04:00,13.566761016845703,0.6717850565910339,-12.894975662231445
2026-08-04T04:52:13.280000-04:00,13.56980037689209,0.6715512275695801,-12.898248672485352
2026-08-04T04:52:13.284000-04:00,13.580323219299316,0.6678099632263184,-12.912513732910156
2026-08-04T04:52:13.288000-04:00,13.582777976989746,0.6973891258239746,-12.88538932800293
2026-08-04T04:52:13.292000-04:00,13.586987495422363,0.7411147356033325,-12.84587287902832
2026-08-04T04:52:13.296000-04:00,13.594820022583008,0.7701092958450317,-12.824710845947266
2026-08-04T04:52:13.300000-04:00,13.605576515197754,0.7860095500946045,-12.81956672668457
2026-08-04T04:52:13.304000-04:00,13.624750137329102,0.8053002953529358,-12.819449424743652
2026-08-04T04:52:13.308000-04:00,13.631648063659668,0.8171085715293884,-12.814539909362793
2026-08-04T04:52:13.312000-04:00,13.643105506896973,0.8704211115837097,-12.772684097290039
2026-08-04T04:52:13.316000-04:00,13.645794868469238,0.8997663855552673,-12.746028900146484
2026-08-04T04:52:13.320000-04:00,13.664851188659668,0.9369449019432068,-12.727906227111816
2026-08-04T04:52:13.324000-04:00,13.672100067138672,0.9623151421546936,-12.709784507751465
2026-08-04T04:52:13.328000-04:00,13.692793846130371,0.998909056186676,-12.69388484954834
2026-08-04T04:52:13.332000-04:00,13.700860977172852,1.0277867317199707,-12.673074722290039
2026-08-04T04:52:13.336000-04:00,13.703550338745117,1.0688233375549316,-12.634727478027344
2026-08-04T04:52:13.340000-04:00,13.718514442443848,1.1002731323242188,-12.618241310119629
2026-08-04T04:52:13.344000-04:00,13.72178840637207,1.1100938320159912,-12.6116943359375
2026-08-04T04:52:13.348000-04:00,13.733245849609375,1.147623062133789,-12.585622787475586
2026-08-04T04:52:13.352000-04:00,13.729621887207031,1.165160059928894,-12.564461708068848
2026-08-04T04:52:13.356000-04:00,13.726465225219727,1.189244270324707,-12.53722095489502
2026-08-04T04:52:13.360000-04:00,13.724594116210938,1.1741623878479004,-12.550432205200195
2026-08-04T04:52:13.364000-04:00,13.72178840637207,1.173811674118042,-12.54797649383545
2026-08-04T04:52:13.368000-04:00,13.705771446228027,1.144349455833435,-12.561422348022461
2026-08-04T04:52:13.372000-04:00,13.704368591308594,1.1407251358032227,-12.563643455505371
2026-08-04T04:52:13.376000-04:00,13.684610366821289,1.0892832279205322,-12.595327377319336
2026-08-04T04:52:13.380000-04:00,13.673386573791504,1.06087327003479,-12.612513542175293
2026-08-04T04:52:13.384000-04:00,13.654095649719238,1.0070929527282715,-12.647003173828125
2026-08-04T04:52:13.388000-04:00,13.641936302185059,0.9704990983009338,-12.67143726348877
2026-08-04T04:52:13.392000-04:00,13.615631103515625,0.8989480137825012,-12.716683387756348
2026-08-04T04:52:13.396000-04:00,13.597275733947754,0.848090648651123,-12.749185562133789
2026-08-04T04:52:13.400000-04:00,13.5678129196167,0.795362651348114,-12.77245044708252
2026-08-04T04:52:13.404000-04:00,13.556706428527832,0.7494156360626221,-12.807291030883789
2026-08-04T04:52:13.408000-04:00,13.545833587646484,0.7109510898590088,-12.834882736206055
2026-08-04T04:52:13.412000-04:00,13.524555206298828,0.665822446346283,-12.858733177185059
2026-08-04T04:52:13.416000-04:00,13.520112991333008,0.624785840511322,-12.8953275680542
2026-08-04T04:52:13.420000-04:00,13.500003814697266,0.5837491750717163,-12.916254997253418
2026-08-04T04:52:13.424000-04:00,13.488429069519043,0.5504288077354431,-12.938000679016113
2026-08-04T04:52:13.428000-04:00,13.483869552612305,0.5352300405502319,-12.948639869689941
2026-08-04T04:52:13.432000-04:00,13.482115745544434,0.5210835337638855,-12.961031913757324
2026-08-04T04:52:13.436000-04:00,13.469489097595215,0.4854249060153961,-12.984064102172852
2026-08-04T04:52:13.440000-04:00,13.46609878540039,0.4720967710018158,-12.994002342224121
2026-08-04T04:52:13.444000-04:00,13.45382308959961,0.4644973874092102,-12.989325523376465
2026-08-04T04:52:13.448000-04:00,13.456628799438477,0.44064703583717346,-13.015981674194336
2026-08-04T04:52:13.452000-04:00,13.453238487243652,0.4404132068157196,-13.012825012207031
2026-08-04T04:52:13.456000-04:00,13.448210716247559,0.4262666702270508,-13.021944046020508
2026-08-04T04:52:13.460000-04:00,13.450900077819824,0.4194856882095337,-13.031414031982422
2026-08-04T04:52:13.464000-04:00,13.452069282531738,0.4176150858402252,-13.034454345703125
2026-08-04T04:52:13.468000-04:00,13.446223258972168,0.4270850718021393,-13.01913833618164
2026-08-04T04:52:13.472000-04:00,13.453354835510254,0.43211233615875244,-13.021242141723633
2026-08-04T04:52:13.476000-04:00,13.444820404052734,0.43374913930892944,-13.01107120513916
2026-08-04T04:52:13.480000-04:00,13.438858032226562,0.43421679735183716,-13.00464153289795
2026-08-04T04:52:13.484000-04:00,13.438389778137207,0.4392440617084503,-12.9991455078125
2026-08-04T04:52:13.488000-04:00,13.436402320861816,0.43620431423187256,-13.000198364257812
2026-08-04T04:52:13.492000-04:00,13.442248344421387,0.435502827167511,-13.006745338439941
2026-08-04T04:52:13.496000-04:00,13.4434175491333,0.4384256899356842,-13.00499153137207
2026-08-04T04:52:13.500000-04:00,13.44587230682373,0.44614195823669434,-12.999730110168457
2026-08-04T04:52:13.504000-04:00,13.447275161743164,0.4408808648586273,-13.006394386291504
2026-08-04T04:52:13.508000-04:00,13.44610595703125,0.4391271471977234,-13.006978988647461
2026-08-04T04:52:13.512000-04:00,13.447158813476562,0.46391281485557556,-12.983245849609375
2026-08-04T04:52:13.516000-04:00,13.446223258972168,0.4521045684814453,-12.994118690490723
2026-08-04T04:52:13.520000-04:00,13.447977066040039,0.45432591438293457,-12.993651390075684
2026-08-04T04:52:13.524000-04:00,13.45019817352295,0.4564303457736969,-12.993767738342285
2026-08-04T04:52:13.528000-04:00,13.455342292785645,0.4620422124862671,-12.993300437927246
2026-08-04T04:52:13.532000-04:00,13.462006568908691,0.4696415960788727,-12.992364883422852
2026-08-04T04:52:13.536000-04:00,13.458967208862305,0.47396737337112427,-12.984999656677246
2026-08-04T04:52:13.540000-04:00,13.460603713989258,0.4668356478214264,-12.993767738342285
2026-08-04T04:52:13.544000-04:00,13.45779800415039,0.4716291129589081,-12.98616886138916
2026-08-04T04:52:13.548000-04:00,13.455693244934082,0.4765394926071167,-12.979153633117676
2026-08-04T04:52:13.552000-04:00,13.450665473937988,0.47349974513053894,-12.977166175842285
2026-08-04T04:52:13.556000-04:00,13.454991340637207,0.47829318046569824,-12.97669792175293
2026-08-04T04:52:13.560000-04:00,13.46072006225586,0.4808652698993683,-12.979854583740234
2026-08-04T04:52:13.564000-04:00,13.455342292785645,0.47630566358566284,-12.979036331176758
2026-08-04T04:52:13.568000-04:00,13.466917037963867,0.4820344150066376,-12.984882354736328
2026-08-04T04:52:13.572000-04:00,13.461304664611816,0.47069379687309265,-12.99061107635498
2026-08-04T04:52:13.576000-04:00,13.459083557128906,0.4761887490749359,-12.982894897460938
2026-08-04T04:52:13.580000-04:00,13.456862449645996,0.4694077670574188,-12.987454414367676
2026-08-04T04:52:13.584000-04:00,13.459317207336426,0.4788777530193329,-12.980439186096191
2026-08-04T04:52:13.588000-04:00,13.471009254455566,0.4772409498691559,-12.993768692016602
2026-08-04T04:52:13.592000-04:00,13.484687805175781,0.4884646534919739,-12.996223449707031
2026-08-04T04:52:13.596000-04:00,13.487610816955566,0.5230710506439209,-12.964539527893066
2026-08-04T04:52:13.600000-04:00,13.491585731506348,0.528215229511261,-12.963370323181152
2026-08-04T04:52:13.604000-04:00,13.486441612243652,0.5318395495414734,-12.954602241516113
2026-08-04T04:52:13.608000-04:00,13.489949226379395,0.542011022567749,-12.947937965393066
2026-08-04T04:52:13.612000-04:00,13.50117301940918,0.5534685850143433,-12.947704315185547
2026-08-04T04:52:13.616000-04:00,13.513916015625,0.568784236907959,-12.945131301879883
2026-08-04T04:52:13.620000-04:00,13.514266967773438,0.6105223894119263,-12.9037446975708
2026-08-04T04:52:13.624000-04:00,13.490767478942871,0.633671224117279,-12.857096672058105
2026-08-04T04:52:13.628000-04:00,13.45382308959961,0.6411536931991577,-12.81266975402832
2026-08-04T04:52:13.632000-04:00,13.46048641204834,0.619875431060791,-12.84061050415039
2026-08-04T04:52:13.636000-04:00,13.461071014404297,0.6108731031417847,-12.850197792053223
2026-08-04T04:52:13.640000-04:00,13.453588485717773,0.6154327392578125,-12.838155746459961
2026-08-04T04:52:13.644000-04:00,13.47439956665039,0.6295792460441589,-12.844820022583008
2026-08-04T04:52:13.648000-04:00,13.488429069519043,0.6361264586448669,-12.852302551269531
2026-08-04T04:52:13.652000-04:00,13.489949226379395,0.6222137212753296,-12.867735862731934
2026-08-04T04:52:13.656000-04:00,13.482233047485352,0.5703040957450867,-12.9119291305542
2026-08-04T04:52:13.660000-04:00,13.47463321685791,0.5319564938545227,-12.942676544189453
2026-08-04T04:52:13.664000-04:00,13.461188316345215,0.5093922019004822,-12.951796531677246
2026-08-04T04:52:13.668000-04:00,13.461539268493652,0.476071834564209,-12.985467910766602
2026-08-04T04:52:13.672000-04:00,13.462824821472168,0.4689401090145111,-12.993885040283203
2026-08-04T04:52:13.676000-04:00,13.436285972595215,0.4358535706996918,-13.000432014465332
2026-08-04T04:52:13.680000-04:00,13.434298515319824,0.42462989687919617,-13.009668350219727
2026-08-04T04:52:13.684000-04:00,13.425880432128906,0.4151598811149597,-13.010720252990723
2026-08-04T04:52:13.688000-04:00,13.427750587463379,0.4042869210243225,-13.023463249206543
2026-08-04T04:52:13.692000-04:00,13.435466766357422,0.4034685492515564,-13.031998634338379
2026-08-04T04:52:13.696000-04:00,13.426932334899902,0.39072495698928833,-13.03620719909668
2026-08-04T04:52:13.700000-04:00,13.43114185333252,0.3873344659805298,-13.043807029724121
2026-08-04T04:52:13.704000-04:00,13.427750587463379,0.3761107623577118,-13.051639556884766
2026-08-04T04:52:13.708000-04:00,13.4268159866333,0.3765784204006195,-13.050237655639648
2026-08-04T04:52:13.712000-04:00,13.417462348937988,0.36991435289382935,-13.047548294067383
2026-08-04T04:52:13.716000-04:00,13.414305686950684,0.36196422576904297,-13.05234146118164
2026-08-04T04:52:13.720000-04:00,13.417813301086426,0.3640686869621277,-13.053744316101074
2026-08-04T04:52:13.724000-04:00,13.414305686950684,0.36874523758888245,-13.045560836791992
2026-08-04T04:52:13.728000-04:00,13.419449806213379,0.3750585615634918,-13.044391632080078
2026-08-04T04:52:13.732000-04:00,13.414189338684082,0.3733048439025879,-13.040884017944336
2026-08-04T04:52:13.736000-04:00,13.40904426574707,0.3669915199279785,-13.04205322265625
2026-08-04T04:52:13.740000-04:00,13.411382675170898,0.370498925447464,-13.040884017944336
2026-08-04T04:52:13.744000-04:00,13.399691581726074,0.372135728597641,-13.027555465698242
2026-08-04T04:52:13.748000-04:00,13.381102561950684,0.40405309200286865,-12.977049827575684
2026-08-04T04:52:13.752000-04:00,13.37163257598877,0.4394778907299042,-12.932154655456543
2026-08-04T04:52:13.756000-04:00,13.412785530090332,0.44707727432250977,-12.965707778930664
2026-08-04T04:52:13.760000-04:00,13.459200859069824,0.4599377512931824,-12.999262809753418
2026-08-04T04:52:13.764000-04:00,13.595288276672363,0.6382308602333069,-12.957056999206543
2026-08-04T04:52:13.768000-04:00,13.792988777160645,0.9803197979927063,-12.812668800354004
2026-08-04T04:52:13.772000-04:00,13.815903663635254,1.363328456878662,-12.45257568359375
2026-08-04T04:52:13.776000-04:00,13.737922668457031,2.172369956970215,-11.565552711486816
2026-08-04T04:52:13.780000-04:00,13.701679229736328,2.679306983947754,-11.022372245788574
2026-08-04T04:52:13.784000-04:00,13.617734909057617,2.887296199798584,-10.730438232421875
2026-08-04T04:52:13.788000-04:00,13.579154014587402,2.7961037158966064,-10.783050537109375
2026-08-04T04:52:13.792000-04:00,13.515436172485352,2.2432196140289307,-11.272216796875
2026-08-04T04:52:13.796000-04:00,13.497314453125,1.6930246353149414,-11.804289817810059
2026-08-04T04:52:13.800000-04:00,13.438858032226562,1.0967656373977661,-12.342092514038086
2026-08-04T04:52:13.804000-04:00,13.475802421569824,0.7641467452049255,-12.711655616760254
2026-08-04T04:52:13.808000-04:00,13.506199836730957,0.6685114502906799,-12.837688446044922
2026-08-04T04:52:13.812000-04:00,13.559395790100098,0.6306315064430237,-12.928764343261719
2026-08-04T04:52:13.816000-04:00,13.541507720947266,0.6074826121330261,-12.934024810791016
2026-08-04T04:52:13.820000-04:00,13.479543685913086,0.5696026682853699,-12.909940719604492
2026-08-04T04:52:13.824000-04:00,13.487493515014648,0.5444662570953369,-12.94302749633789
2026-08-04T04:52:13.828000-04:00,13.485038757324219,0.524474024772644,-12.960564613342285
2026-08-04T04:52:13.832000-04:00,13.489714622497559,0.500389814376831,-12.989324569702148
2026-08-04T04:52:13.836000-04:00,13.478841781616211,0.4937257766723633,-12.985116004943848
2026-08-04T04:52:13.840000-04:00,13.477907180786133,0.49045220017433167,-12.987455368041992
2026-08-04T04:52:13.844000-04:00,13.477205276489258,0.4962978661060333,-12.980907440185547
2026-08-04T04:52:13.848000-04:00,13.478841781616211,0.489867627620697,-12.988974571228027
2026-08-04T04:52:13.852000-04:00,13.484103202819824,0.4969993531703949,-12.987103462219238
2026-08-04T04:52:13.856000-04:00,13.48679256439209,0.4954794645309448,-12.991312980651855
2026-08-04T04:52:13.860000-04:00,13.48340129852295,0.4950118064880371,-12.98838996887207
2026-08-04T04:52:13.864000-04:00,13.486557960510254,0.5020266175270081,-12.98453140258789
2026-08-04T04:52:13.868000-04:00,13.494508743286133,0.5136010646820068,-12.980907440185547
2026-08-04T04:52:13.872000-04:00,13.499419212341309,0.5276306867599487,-12.97178840637207
2026-08-04T04:52:13.876000-04:00,13.494508743286133,0.5442324280738831,-12.950276374816895
2026-08-04T04:52:13.880000-04:00,13.496378898620605,0.5558068156242371,-12.940571784973145
2026-08-04T04:52:13.884000-04:00,13.504329681396484,0.5697195529937744,-12.934610366821289
2026-08-04T04:52:13.888000-04:00,13.514851570129395,0.5742791891098022,-12.940572738647461
2026-08-04T04:52:13.892000-04:00,13.512045860290527,0.5894779562950134,-12.922568321228027
2026-08-04T04:52:13.896000-04:00,13.521515846252441,0.5904132723808289,-12.931102752685547
2026-08-04T04:52:13.900000-04:00,13.517657279968262,0.5960251092910767,-12.921631813049316
2026-08-04T04:52:13.904000-04:00,13.522918701171875,0.613679051399231,-12.909239768981934
2026-08-04T04:52:13.908000-04:00,13.53250503540039,0.6178879141807556,-12.914617538452148
2026-08-04T04:52:13.912000-04:00,13.540104866027832,0.6479346752166748,-12.892169952392578
2026-08-04T04:52:13.916000-04:00,13.538117408752441,0.6599767804145813,-12.878140449523926
2026-08-04T04:52:13.920000-04:00,13.550860404968262,0.6869838237762451,-12.863876342773438
2026-08-04T04:52:13.924000-04:00,13.551795959472656,0.7014811038970947,-12.85031509399414
2026-08-04T04:52:13.928000-04:00,13.568865776062012,0.7210056185722351,-12.847860336303711
2026-08-04T04:52:13.932000-04:00,13.573776245117188,0.7498832941055298,-12.823892593383789
2026-08-04T04:52:13.936000-04:00,13.57950496673584,0.7682387232780457,-12.81126594543457
2026-08-04T04:52:13.940000-04:00,13.592365264892578,0.7899845838546753,-12.802380561828613
2026-08-04T04:52:13.944000-04:00,13.59411907196045,0.8028451204299927,-12.791274070739746
2026-08-04T04:52:13.948000-04:00,13.613292694091797,0.8461030721664429,-12.767189979553223
2026-08-04T04:52:13.952000-04:00,13.62930965423584,0.8762667775154114,-12.753043174743652
2026-08-04T04:52:13.956000-04:00,13.63316822052002,0.9079503417015076,-12.725217819213867
2026-08-04T04:52:13.960000-04:00,13.641819953918457,0.9263057708740234,-12.715514183044434
2026-08-04T04:52:13.964000-04:00,13.661227226257324,0.9742403030395508,-12.686986923217773
2026-08-04T04:52:13.968000-04:00,13.672801971435547,1.0149261951446533,-12.657876014709473
2026-08-04T04:52:13.972000-04:00,13.685077667236328,1.0425177812576294,-12.642560005187988
2026-08-04T04:52:13.976000-04:00,13.692326545715332,1.087295651435852,-12.60503101348877
2026-08-04T04:52:13.980000-04:00,13.698055267333984,1.1089246273040771,-12.589130401611328
2026-08-04T04:52:13.984000-04:00,13.700159072875977,1.1425957679748535,-12.557563781738281
2026-08-04T04:52:13.988000-04:00,13.709161758422852,1.163055658340454,-12.546106338500977
2026-08-04T04:52:13.992000-04:00,13.718749046325684,1.1795403957366943,-12.53920841217041
2026-08-04T04:52:13.996000-04:00,13.710915565490723,1.1983635425567627,-12.512552261352539
2026-08-04T04:52:14-04:00,13.717111587524414,1.2043261528015137,-12.512784957885742
2026-08-04T04:52:14.004000-04:00,13.709044456481934,1.2044429779052734,-12.50460147857666
2026-08-04T04:52:14.008000-04:00,13.707056999206543,1.2047938108444214,-12.502263069152832
2026-08-04T04:52:14.012000-04:00,13.6910400390625,1.1846846342086792,-12.506355285644531
2026-08-04T04:52:14.016000-04:00,13.68659782409668,1.1580283641815186,-12.528569221496582
2026-08-04T04:52:14.020000-04:00,13.669995307922363,1.1178101301193237,-12.55218505859375
2026-08-04T04:52:14.024000-04:00,13.653511047363281,1.081333041191101,-12.57217788696289
2026-08-04T04:52:14.028000-04:00,13.633986473083496,1.0328140258789062,-12.60117244720459
2026-08-04T04:52:14.032000-04:00,13.61691665649414,0.9704990983009338,-12.646417617797852
2026-08-04T04:52:14.036000-04:00,13.59388542175293,0.9229152798652649,-12.67096996307373
2026-08-04T04:52:14.040000-04:00,13.56980037689209,0.85077965259552,-12.71902084350586
2026-08-04T04:52:14.044000-04:00,13.565240859985352,0.808573842048645,-12.756667137145996
2026-08-04T04:52:14.048000-04:00,13.547470092773438,0.7518708109855652,-12.795598983764648
2026-08-04T04:52:14.052000-04:00,13.532037734985352,0.7151599526405334,-12.816877365112305
2026-08-04T04:52:14.056000-04:00,13.508304595947266,0.6735387444496155,-12.834765434265137
2026-08-04T04:52:14.060000-04:00,13.49976921081543,0.6411536931991577,-12.85861587524414
2026-08-04T04:52:14.064000-04:00,13.484336853027344,0.5936868190765381,-12.890649795532227
2026-08-04T04:52:14.068000-04:00,13.477556228637695,0.5583789348602295,-12.919177055358887
2026-08-04T04:52:14.072000-04:00,13.475568771362305,0.54902583360672,-12.926543235778809
2026-08-04T04:52:14.076000-04:00,13.464929580688477,0.5175760984420776,-12.94735336303711
2026-08-04T04:52:14.080000-04:00,13.458382606506348,0.5051832795143127,-12.95319938659668
2026-08-04T04:52:14.084000-04:00,13.453238487243652,0.49758392572402954,-12.95565414428711
2026-08-04T04:52:14.088000-04:00,13.454290390014648,0.4948948919773102,-12.959395408630371
2026-08-04T04:52:14.092000-04:00,13.453705787658691,0.46788787841796875,-12.985817909240723
2026-08-04T04:52:14.096000-04:00,13.446456909179688,0.44099777936935425,-13.00545883178711
2026-08-04T04:52:14.100000-04:00,13.438740730285645,0.44614195823669434,-12.992598533630371
2026-08-04T04:52:14.104000-04:00,13.439909934997559,0.460522323846817,-12.979387283325195
2026-08-04T04:52:14.108000-04:00,13.44143009185791,0.4671863913536072,-12.974244117736816
2026-08-04T04:52:14.112000-04:00,13.438858032226562,0.4557288885116577,-12.983129501342773
2026-08-04T04:52:14.116000-04:00,13.432310104370117,0.4584178924560547,-12.973892211914062
2026-08-04T04:52:14.120000-04:00,13.437455177307129,0.46274369955062866,-12.974711418151855
2026-08-04T04:52:14.124000-04:00,13.442481994628906,0.45900246500968933,-12.983479499816895
2026-08-04T04:52:14.128000-04:00,13.434532165527344,0.45058467984199524,-12.98394775390625
2026-08-04T04:52:14.132000-04:00,13.431258201599121,0.4495324492454529,-12.981725692749023
2026-08-04T04:52:14.136000-04:00,13.426581382751465,0.453624427318573,-12.972956657409668
2026-08-04T04:52:14.140000-04:00,13.434999465942383,0.46636801958084106,-12.968631744384766
2026-08-04T04:52:14.144000-04:00,13.43581771850586,0.4644973874092102,-12.971320152282715
2026-08-04T04:52:14.148000-04:00,13.447977066040039,0.4676540493965149,-12.98032283782959
2026-08-04T04:52:14.152000-04:00,13.44411849975586,0.4643804728984833,-12.979738235473633
2026-08-04T04:52:14.156000-04:00,13.44143009185791,0.4668356478214264,-12.974594116210938
2026-08-04T04:52:14.160000-04:00,13.442481994628906,0.4770071506500244,-12.965475082397461
2026-08-04T04:52:14.164000-04:00,13.44388484954834,0.4808652698993683,-12.963019371032715
2026-08-04T04:52:14.168000-04:00,13.444469451904297,0.4716291129589081,-12.972840309143066
2026-08-04T04:52:14.172000-04:00,13.45382308959961,0.48273590207099915,-12.971087455749512
2026-08-04T04:52:14.176000-04:00,13.452770233154297,0.4820344150066376,-12.970735549926758
2026-08-04T04:52:14.180000-04:00,13.45241928100586,0.4793454110622406,-12.973073959350586
2026-08-04T04:52:14.184000-04:00,13.457563400268555,0.4673033058643341,-12.990260124206543
2026-08-04T04:52:14.188000-04:00,13.45241928100586,0.4722136855125427,-12.980205535888672
2026-08-04T04:52:14.192000-04:00,13.45826530456543,0.47279825806617737,-12.985466957092285
2026-08-04T04:52:14.196000-04:00,13.459434509277344,0.4765394926071167,-12.982894897460938
2026-08-04T04:52:14.200000-04:00,13.453354835510254,0.48273590207099915,-12.970619201660156
2026-08-04T04:52:14.204000-04:00,13.454290390014648,0.4801638126373291,-12.974126815795898
2026-08-04T04:52:14.208000-04:00,13.454641342163086,0.47314900159835815,-12.981492042541504
2026-08-04T04:52:14.212000-04:00,13.461188316345215,0.49477797746658325,-12.966410636901855
2026-08-04T04:52:14.216000-04:00,13.464695930480957,0.4945441782474518,-12.970151901245117
2026-08-04T04:52:14.220000-04:00,13.469371795654297,0.4757210910320282,-12.993650436401367
2026-08-04T04:52:14.224000-04:00,13.463526725769043,0.4732659161090851,-12.99026107788086
2026-08-04T04:52:14.228000-04:00,13.461539268493652,0.4680047929286957,-12.993534088134766
2026-08-04T04:52:14.232000-04:00,13.456745147705078,0.4607561528682709,-12.995988845825195
2026-08-04T04:52:14.236000-04:00,13.458849906921387,0.4348013699054718,-13.024048805236816
2026-08-04T04:52:14.240000-04:00,13.464578628540039,0.4537413418292999,-13.01083755493164
2026-08-04T04:52:14.244000-04:00,13.459434509277344,0.46426355838775635,-12.995170593261719
2026-08-04T04:52:14.248000-04:00,13.465981483459473,0.4749026894569397,-12.99107837677002
2026-08-04T04:52:14.252000-04:00,13.466449737548828,0.4556119740009308,-13.01083755493164
2026-08-04T04:52:14.256000-04:00,13.458382606506348,0.42696815729141235,-13.031414031982422
2026-08-04T04:52:14.260000-04:00,13.459317207336426,0.4240453243255615,-13.035271644592285
2026-08-04T04:52:14.264000-04:00,13.459785461425781,0.4153937101364136,-13.044391632080078
2026-08-04T04:52:14.268000-04:00,13.462708473205566,0.4304755628108978,-13.032233238220215
2026-08-04T04:52:14.272000-04:00,13.463175773620605,0.4295402467250824,-13.033635139465332
2026-08-04T04:52:14.276000-04:00,13.481413841247559,0.4445051848888397,-13.036909103393555
2026-08-04T04:52:14.280000-04:00,13.476153373718262,0.46110689640045166,-13.015046119689941
2026-08-04T04:52:14.284000-04:00,13.485272407531738,0.4821513295173645,-13.003121376037598
2026-08-04T04:52:14.288000-04:00,13.489714622497559,0.48554182052612305,-13.004173278808594
2026-08-04T04:52:14.292000-04:00,13.4931058883667,0.4978177547454834,-12.995287895202637
2026-08-04T04:52:14.296000-04:00,13.501757621765137,0.5130165219306946,-12.988740921020508
2026-08-04T04:52:14.300000-04:00,13.506901741027832,0.5283321738243103,-12.978569984436035
2026-08-04T04:52:14.304000-04:00,13.512045860290527,0.5652768611907959,-12.946768760681152
2026-08-04T04:52:14.308000-04:00,13.485623359680176,0.5863212943077087,-12.89930248260498
2026-08-04T04:52:14.312000-04:00,13.449847221374512,0.5849183201789856,-12.86492919921875
2026-08-04T04:52:14.316000-04:00,13.452069282531738,0.5757990479469299,-12.876270294189453
2026-08-04T04:52:14.320000-04:00,13.460136413574219,0.545284628868103,-12.914852142333984
2026-08-04T04:52:14.324000-04:00,13.455108642578125,0.5537024140357971,-12.901406288146973
2026-08-04T04:52:14.328000-04:00,13.482349395751953,0.5652768611907959,-12.917072296142578
2026-08-04T04:52:14.332000-04:00,13.493339538574219,0.5622370839118958,-12.931102752685547
2026-08-04T04:52:14.336000-04:00,13.487142562866211,0.5383867025375366,-12.948756217956543
2026-08-04T04:52:14.340000-04:00,13.480829238891602,0.49758392572402954,-12.983244895935059
2026-08-04T04:52:14.344000-04:00,13.468904495239258,0.46262678503990173,-13.006278038024902
2026-08-04T04:52:14.348000-04:00,13.466215133666992,0.4616914689540863,-13.004523277282715
2026-08-04T04:52:14.352000-04:00,13.473113059997559,0.44859716296195984,-13.024516105651855
2026-08-04T04:52:14.356000-04:00,13.45604419708252,0.409431129693985,-13.046612739562988
2026-08-04T04:52:14.360000-04:00,13.444586753845215,0.370498925447464,-13.074088096618652
2026-08-04T04:52:14.364000-04:00,13.434414863586426,0.3556509017944336,-13.078763961791992
2026-08-04T04:52:14.368000-04:00,13.437455177307129,0.34302425384521484,-13.094430923461914
2026-08-04T04:52:14.372000-04:00,13.432427406311035,0.3320343792438507,-13.100393295288086
2026-08-04T04:52:14.376000-04:00,13.434882164001465,0.32946228981018066,-13.105420112609863
2026-08-04T04:52:14.380000-04:00,13.43149185180664,0.31005463004112244,-13.121437072753906
2026-08-04T04:52:14.384000-04:00,13.438156127929688,0.31052228808403015,-13.127634048461914
2026-08-04T04:52:14.388000-04:00,13.43336296081543,0.2939205765724182,-13.139442443847656
2026-08-04T04:52:14.392000-04:00,13.430439949035645,0.2858535349369049,-13.144586563110352
2026-08-04T04:52:14.396000-04:00,13.427867889404297,0.28515204787254333,-13.142715454101562
2026-08-04T04:52:14.400000-04:00,13.426581382751465,0.27521440386772156,-13.1513671875
2026-08-04T04:52:14.404000-04:00,13.421087265014648,0.2865550220012665,-13.13453197479248
2026-08-04T04:52:14.408000-04:00,13.417695999145508,0.2829307019710541,-13.134765625
2026-08-04T04:52:14.412000-04:00,13.42482852935791,0.27205774188041687,-13.15277099609375
2026-08-04T04:52:14.416000-04:00,13.419098854064941,0.27603280544281006,-13.14306640625
2026-08-04T04:52:14.420000-04:00,13.420736312866211,0.26551058888435364,-13.15522575378418
2026-08-04T04:52:14.424000-04:00,13.419683456420898,0.27194082736968994,-13.14774227142334
2026-08-04T04:52:14.428000-04:00,13.41290283203125,0.2997662425041199,-13.113136291503906
2026-08-04T04:52:14.432000-04:00,13.394196510314941,0.33425572514533997,-13.059940338134766
2026-08-04T04:52:14.436000-04:00,13.385194778442383,0.35752153396606445,-13.027673721313477
2026-08-04T04:52:14.440000-04:00,13.421905517578125,0.3472331464290619,-13.07467269897461
2026-08-04T04:52:14.444000-04:00,13.471359252929688,0.3685114085674286,-13.102848052978516
2026-08-04T04:52:14.448000-04:00,13.615631103515625,0.5596649646759033,-13.0559663772583
2026-08-04T04:52:14.452000-04:00,13.749847412109375,0.7770072221755981,-12.972840309143066
2026-08-04T04:52:14.456000-04:00,13.819644927978516,1.3222918510437012,-12.497352600097656
2026-08-04T04:52:14.460000-04:00,13.771827697753906,2.126422882080078,-11.645404815673828
2026-08-04T04:52:14.464000-04:00,13.723424911499023,2.6063530445098877,-11.117072105407715
2026-08-04T04:52:14.468000-04:00,13.623698234558105,2.7520272731781006,-10.871670722961426
2026-08-04T04:52:14.472000-04:00,13.59610652923584,2.6498448848724365,-10.946261405944824
2026-08-04T04:52:14.476000-04:00,13.532739639282227,2.0714735984802246,-11.461265563964844
2026-08-04T04:52:14.480000-04:00,13.500704765319824,1.5367112159729004,-11.963993072509766
2026-08-04T04:52:14.484000-04:00,13.418397903442383,0.9726034998893738,-12.445794105529785
2026-08-04T04:52:14.488000-04:00,13.427985191345215,0.7391272187232971,-12.688858032226562
2026-08-04T04:52:14.492000-04:00,13.50783634185791,0.5528839826583862,-12.954952239990234
2026-08-04T04:52:14.496000-04:00,13.54875659942627,0.5157055258750916,-13.033051490783691
2026-08-04T04:52:14.500000-04:00,13.544313430786133,0.4974670112133026,-13.046846389770508
2026-08-04T04:52:14.504000-04:00,13.490767478942871,0.46870627999305725,-13.022061347961426
2026-08-04T04:52:14.508000-04:00,13.495911598205566,0.4575994908809662,-13.038311958312988
2026-08-04T04:52:14.512000-04:00,13.495911598205566,0.4432191252708435,-13.052692413330078
2026-08-04T04:52:14.516000-04:00,13.498717308044434,0.4214732050895691,-13.07724380493164
2026-08-04T04:52:14.520000-04:00,13.48316764831543,0.41001570224761963,-13.073151588439941
2026-08-04T04:52:14.524000-04:00,13.486675262451172,0.40767741203308105,-13.078997611999512
2026-08-04T04:52:14.528000-04:00,13.48924732208252,0.40522223711013794,-13.084025382995605
2026-08-04T04:52:14.532000-04:00,13.498250007629395,0.41527679562568665,-13.08297348022461
2026-08-04T04:52:14.536000-04:00,13.491936683654785,0.41200321912765503,-13.079933166503906
2026-08-04T04:52:14.540000-04:00,13.488896369934082,0.42942333221435547,-13.059473037719727
2026-08-04T04:52:14.544000-04:00,13.495560646057129,0.4411146938800812,-13.05444622039795
2026-08-04T04:52:14.548000-04:00,13.500003814697266,0.44579121470451355,-13.05421257019043
2026-08-04T04:52:14.552000-04:00,13.49930191040039,0.44064703583717346,-13.05865478515625
2026-08-04T04:52:14.556000-04:00,13.500704765319824,0.4468434453010559,-13.053861618041992
2026-08-04T04:52:14.560000-04:00,13.51169490814209,0.460522323846817,-13.051172256469727
2026-08-04T04:52:14.564000-04:00,13.507251739501953,0.4495324492454529,-13.057719230651855
2026-08-04T04:52:14.568000-04:00,13.520346641540527,0.4592362940311432,-13.061110496520996
2026-08-04T04:52:14.572000-04:00,13.516488075256348,0.47560417652130127,-13.040884017944336
2026-08-04T04:52:14.576000-04:00,13.523736953735352,0.5021435618400574,-13.02159309387207
2026-08-04T04:52:14.580000-04:00,13.520931243896484,0.5017927885055542,-13.01913833618164
2026-08-04T04:52:14.584000-04:00,13.534492492675781,0.5188621878623962,-13.015630722045898
2026-08-04T04:52:14.588000-04:00,13.53683090209961,0.5346454977989197,-13.002185821533203
2026-08-04T04:52:14.592000-04:00,13.54466438293457,0.5498442649841309,-12.994819641113281
2026-08-04T04:52:14.596000-04:00,13.5429105758667,0.5579112768173218,-12.984999656677246
2026-08-04T04:52:14.600000-04:00,13.552614212036133,0.5822293162345886,-12.97038459777832
2026-08-04T04:52:14.604000-04:00,13.562786102294922,0.5977787971496582,-12.965007781982422
2026-08-04T04:52:14.608000-04:00,13.555888175964355,0.6112238764762878,-12.944664001464844
2026-08-04T04:52:14.612000-04:00,13.572022438049316,0.6420890092849731,-12.929933547973633
2026-08-04T04:52:14.616000-04:00,13.579154014587402,0.6603275537490845,-12.91882610321045
2026-08-04T04:52:14.620000-04:00,13.583362579345703,0.6810212135314941,-12.902341842651367
2026-08-04T04:52:14.624000-04:00,13.586636543273926,0.6999611854553223,-12.886674880981445
2026-08-04T04:52:14.628000-04:00,13.606979370117188,0.7315278649330139,-12.87545108795166
2026-08-04T04:52:14.632000-04:00,13.619723320007324,0.7571319341659546,-12.862591743469238
2026-08-04T04:52:14.636000-04:00,13.629660606384277,0.7861264944076538,-12.843534469604492
2026-08-04T04:52:14.640000-04:00,13.638896942138672,0.8280984163284302,-12.810798645019531
2026-08-04T04:52:14.644000-04:00,13.652575492858887,0.8623540997505188,-12.790221214294434
2026-08-04T04:52:14.648000-04:00,13.66637134552002,0.9012863039970398,-12.765085220336914
2026-08-04T04:52:14.652000-04:00,13.673151969909668,0.9240844249725342,-12.749067306518555
2026-08-04T04:52:14.656000-04:00,13.679816246032715,0.9644196033477783,-12.715396881103516
2026-08-04T04:52:14.660000-04:00,13.681570053100586,1.0039362907409668,-12.677633285522461
2026-08-04T04:52:14.664000-04:00,13.698756217956543,1.0311771631240845,-12.66757869720459
2026-08-04T04:52:14.668000-04:00,13.713136672973633,1.0655497312545776,-12.647586822509766
2026-08-04T04:52:14.672000-04:00,13.718865394592285,1.0836713314056396,-12.635193824768066
2026-08-04T04:52:14.676000-04:00,13.720736503601074,1.1077555418014526,-12.612980842590332
2026-08-04T04:52:14.680000-04:00,13.714072227478027,1.1162902116775513,-12.597782135009766
2026-08-04T04:52:14.684000-04:00,13.716644287109375,1.1340610980987549,-12.5825834274292
2026-08-04T04:52:14.688000-04:00,13.70565414428711,1.1368670463562012,-12.56878662109375
2026-08-04T04:52:14.692000-04:00,13.70495319366455,1.1297352313995361,-12.575218200683594
2026-08-04T04:52:14.696000-04:00,13.695599555969238,1.1252925395965576,-12.570306777954102
2026-08-04T04:52:14.700000-04:00,13.689519882202148,1.1079894304275513,-12.581530570983887
2026-08-04T04:52:14.704000-04:00,13.672333717346191,1.0626269578933716,-12.60970687866211
2026-08-04T04:52:14.708000-04:00,13.661578178405762,1.028137445449829,-12.633440971374512
2026-08-04T04:52:14.712000-04:00,13.640182495117188,0.9699144959449768,-12.670268058776855
2026-08-04T04:52:14.716000-04:00,13.627555847167969,0.9412707090377808,-12.686285018920898
2026-08-04T04:52:14.720000-04:00,13.599847793579102,0.8624709844589233,-12.737377166748047
2026-08-04T04:52:14.724000-04:00,13.586051940917969,0.8119643330574036,-12.774087905883789
2026-08-04T04:52:14.728000-04:00,13.563370704650879,0.7505847811698914,-12.812786102294922
2026-08-04T04:52:14.732000-04:00,13.54653549194336,0.687217652797699,-12.859317779541016
2026-08-04T04:52:14.736000-04:00,13.531570434570312,0.6555340886116028,-12.876036643981934
2026-08-04T04:52:14.740000-04:00,13.513448715209961,0.603975236415863,-12.909473419189453
2026-08-04T04:52:14.744000-04:00,13.506433486938477,0.5717070698738098,-12.93472671508789
2026-08-04T04:52:14.748000-04:00,13.49485969543457,0.5362823009490967,-12.958577156066895
2026-08-04T04:52:14.752000-04:00,13.488429069519043,0.5172253847122192,-12.971203804016113
2026-08-04T04:52:14.756000-04:00,13.476737976074219,0.47841009497642517,-12.99832820892334
2026-08-04T04:52:14.760000-04:00,13.459434509277344,0.4592362940311432,-13.000198364257812
2026-08-04T04:52:14.764000-04:00,13.465396881103516,0.4567810893058777,-13.008615493774414
2026-08-04T04:52:14.768000-04:00,13.458732604980469,0.4407639503479004,-13.017969131469727
2026-08-04T04:52:14.772000-04:00,13.461772918701172,0.444037526845932,-13.017735481262207
2026-08-04T04:52:14.776000-04:00,13.450782775878906,0.43211233615875244,-13.018670082092285
2026-08-04T04:52:14.780000-04:00,13.443066596984863,0.43129396438598633,-13.011772155761719
2026-08-04T04:52:14.784000-04:00,13.44365119934082,0.4227592647075653,-13.020892143249512
2026-08-04T04:52:14.788000-04:00,13.438740730285645,0.41492605209350586,-13.023815155029297
2026-08-04T04:52:14.792000-04:00,13.440961837768555,0.40171483159065247,-13.039246559143066
2026-08-04T04:52:14.796000-04:00,13.441079139709473,0.39890891313552856,-13.042170524597168
2026-08-04T04:52:14.800000-04:00,13.430206298828125,0.39481693506240845,-13.035388946533203
2026-08-04T04:52:14.804000-04:00,13.436402320861816,0.39809051156044006,-13.038311958312988
2026-08-04T04:52:14.808000-04:00,13.43149185180664,0.39119261503219604,-13.040299415588379
2026-08-04T04:52:14.812000-04:00,13.437337875366211,0.40452075004577637,-13.032816886901855
2026-08-04T04:52:14.816000-04:00,13.444586753845215,0.4070928692817688,-13.037493705749512
2026-08-04T04:52:14.820000-04:00,13.432778358459473,0.4131723642349243,-13.01960563659668
2026-08-04T04:52:14.824000-04:00,13.431960105895996,0.4082619845867157,-13.023697853088379
2026-08-04T04:52:14.828000-04:00,13.436986923217773,0.4300079047679901,-13.006978988647461
2026-08-04T04:52:14.832000-04:00,13.435233116149902,0.435502827167511,-12.999730110168457
2026-08-04T04:52:14.836000-04:00,13.439091682434082,0.4380749464035034,-13.001016616821289
2026-08-04T04:52:14.840000-04:00,13.441312789916992,0.4463757872581482,-12.9949369430542
2026-08-04T04:52:14.844000-04:00,13.43312931060791,0.4436867833137512,-12.989442825317383
2026-08-04T04:52:14.848000-04:00,13.442364692687988,0.45584580302238464,-12.986518859863281
2026-08-04T04:52:14.852000-04:00,13.441546440124512,0.4592362940311432,-12.98231029510498
2026-08-04T04:52:14.856000-04:00,13.443768501281738,0.45631343126296997,-12.987455368041992
2026-08-04T04:52:14.860000-04:00,13.44365119934082,0.4460250437259674,-12.997626304626465
2026-08-04T04:52:14.864000-04:00,13.446925163269043,0.44380369782447815,-13.003121376037598
2026-08-04T04:52:14.868000-04:00,13.451484680175781,0.44216692447662354,-13.009317398071289
2026-08-04T04:52:14.872000-04:00,13.454524040222168,0.44976627826690674,-13.00475788116455
2026-08-04T04:52:14.876000-04:00,13.446690559387207,0.44777876138687134,-12.99891185760498
2026-08-04T04:52:14.880000-04:00,13.451133728027344,0.44859716296195984,-13.00253677368164
2026-08-04T04:52:14.884000-04:00,13.44809341430664,0.46227604150772095,-12.985816955566406
2026-08-04T04:52:14.888000-04:00,13.455810546875,0.4668356478214264,-12.988974571228027
2026-08-04T04:52:14.892000-04:00,13.464227676391602,0.4669525623321533,-12.997275352478027
2026-08-04T04:52:14.896000-04:00,13.458849906921387,0.4572487473487854,-13.001601219177246
2026-08-04T04:52:14.900000-04:00,13.456511497497559,0.4567810893058777,-12.999730110168457
2026-08-04T04:52:14.904000-04:00,13.45803165435791,0.45268911123275757,-13.005342483520508
2026-08-04T04:52:14.908000-04:00,13.463994026184082,0.44789567589759827,-13.016098022460938
2026-08-04T04:52:14.912000-04:00,13.465630531311035,0.4584178924560547,-13.00721263885498
2026-08-04T04:52:14.916000-04:00,13.46247386932373,0.4531567692756653,-13.009317398071289
2026-08-04T04:52:14.920000-04:00,13.45440673828125,0.44859716296195984,-13.005809783935547
2026-08-04T04:52:14.924000-04:00,13.4600191116333,0.4447390139102936,-13.015279769897461
2026-08-04T04:52:14.928000-04:00,13.469138145446777,0.4432191252708435,-13.025918960571289
2026-08-04T04:52:14.932000-04:00,13.458849906921387,0.4399455487728119,-13.018904685974121
2026-08-04T04:52:14.936000-04:00,13.45417308807373,0.43176159262657166,-13.022411346435547
2026-08-04T04:52:14.940000-04:00,13.458732604980469,0.43211233615875244,-13.026619911193848
2026-08-04T04:52:14.944000-04:00,13.456862449645996,0.42650049924850464,-13.030362129211426
2026-08-04T04:52:14.948000-04:00,13.463643074035645,0.42451298236846924,-13.039130210876465
2026-08-04T04:52:14.952000-04:00,13.457213401794434,0.4263835847377777,-13.030829429626465
2026-08-04T04:52:14.956000-04:00,13.445989608764648,0.4181996285915375,-13.027790069580078
2026-08-04T04:52:14.960000-04:00,13.454991340637207,0.4203040897846222,-13.034687042236328
2026-08-04T04:52:14.964000-04:00,13.456160545349121,0.4243960678577423,-13.031764030456543
2026-08-04T04:52:14.968000-04:00,13.456628799438477,0.42731890082359314,-13.02931022644043
2026-08-04T04:52:14.972000-04:00,13.449847221374512,0.42778655886650085,-13.02206039428711
2026-08-04T04:52:14.976000-04:00,13.445171356201172,0.42299309372901917,-13.022178649902344
2026-08-04T04:52:14.980000-04:00,13.441079139709473,0.41328927874565125,-13.027790069580078
2026-08-04T04:52:14.984000-04:00,13.447158813476562,0.416329026222229,-13.030829429626465
2026-08-04T04:52:14.988000-04:00,13.447158813476562,0.41527679562568665,-13.031882286071777
2026-08-04T04:52:14.992000-04:00,13.447508811950684,0.42018717527389526,-13.027321815490723
2026-08-04T04:52:14.996000-04:00,13.46025276184082,0.4412316083908081,-13.019021034240723
2026-08-04T04:52:15-04:00,13.47849178314209,0.47151219844818115,-13.006979942321777
2026-08-04T04:52:15.004000-04:00,13.458382606506348,0.49641478061676025,-12.961967468261719
2026-08-04T04:52:15.008000-04:00,13.454641342163086,0.4828528165817261,-12.97178840637207
2026-08-04T04:52:15.012000-04:00,13.465280532836914,0.5051832795143127,-12.960097312927246
2026-08-04T04:52:15.016000-04:00,13.472061157226562,0.519329845905304,-12.952731132507324
2026-08-04T04:52:15.020000-04:00,13.480829238891602,0.5340609550476074,-12.946767807006836
2026-08-04T04:52:15.024000-04:00,13.496378898620605,0.5750975608825684,-12.921281814575195
2026-08-04T04:52:15.028000-04:00,13.459901809692383,0.5943883061408997,-12.865513801574707
2026-08-04T04:52:15.032000-04:00,13.442715644836426,0.5947390198707581,-12.847976684570312
2026-08-04T04:52:15.036000-04:00,13.448210716247559,0.5859705209732056,-12.862239837646484
2026-08-04T04:52:15.040000-04:00,13.447392463684082,0.5743960738182068,-12.87299633026123
2026-08-04T04:52:15.044000-04:00,13.442715644836426,0.5750975608825684,-12.867618560791016
2026-08-04T04:52:15.048000-04:00,13.449146270751953,0.5894779562950134,-12.859668731689453
2026-08-04T04:52:15.052000-04:00,13.461889266967773,0.5788388252258301,-12.883050918579102
2026-08-04T04:52:15.056000-04:00,13.475919723510742,0.5616525411605835,-12.914267539978027
2026-08-04T04:52:15.060000-04:00,13.4600191116333,0.5102105736732483,-12.949808120727539
2026-08-04T04:52:15.064000-04:00,13.453472137451172,0.4861263930797577,-12.96734619140625
2026-08-04T04:52:15.068000-04:00,13.450900077819824,0.4677709639072418,-12.983129501342773
2026-08-04T04:52:15.072000-04:00,13.44610595703125,0.46508195996284485,-12.981023788452148
2026-08-04T04:52:15.076000-04:00,13.42529582977295,0.43982863426208496,-12.985466957092285
2026-08-04T04:52:15.080000-04:00,13.438623428344727,0.4366719722747803,-13.001951217651367
2026-08-04T04:52:15.084000-04:00,13.437688827514648,0.38195645809173584,-13.055732727050781
2026-08-04T04:52:15.088000-04:00,13.420502662658691,0.3729541003704071,-13.047548294067383
2026-08-04T04:52:15.092000-04:00,13.435466766357422,0.3805534839630127,-13.054913520812988
2026-08-04T04:52:15.096000-04:00,13.417813301086426,0.36640694737434387,-13.051405906677246
2026-08-04T04:52:15.100000-04:00,13.425880432128906,0.3676930069923401,-13.058187484741211
2026-08-04T04:52:15.104000-04:00,13.421671867370605,0.3585737347602844,-13.063097953796387
2026-08-04T04:52:15.108000-04:00,13.425529479980469,0.35471561551094055,-13.07081413269043
2026-08-04T04:52:15.112000-04:00,13.421905517578125,0.3528449833393097,-13.069060325622559
2026-08-04T04:52:15.116000-04:00,13.430790901184082,0.36383485794067383,-13.06695556640625
2026-08-04T04:52:15.120000-04:00,13.410330772399902,0.3333204388618469,-13.077010154724121
2026-08-04T04:52:15.124000-04:00,13.416877746582031,0.3312159776687622,-13.085661888122559
2026-08-04T04:52:15.128000-04:00,13.413954734802246,0.3274747431278229,-13.086480140686035
2026-08-04T04:52:15.132000-04:00,13.409628868103027,0.32338276505470276,-13.086246490478516
2026-08-04T04:52:15.136000-04:00,13.406004905700684,0.3198753595352173,-13.086129188537598
2026-08-04T04:52:15.140000-04:00,13.403783798217773,0.3274747431278229,-13.076309204101562
2026-08-04T04:52:15.144000-04:00,13.407174110412598,0.3287608027458191,-13.078413009643555
2026-08-04T04:52:15.148000-04:00,13.386363983154297,0.3641856014728546,-13.022178649902344
2026-08-04T04:52:15.152000-04:00,13.35725212097168,0.40802815556526184,-12.949223518371582
2026-08-04T04:52:15.156000-04:00,13.367657661437988,0.45350751280784607,-12.91415023803711
2026-08-04T04:52:15.160000-04:00,13.420385360717773,0.46192529797554016,-12.958459854125977
2026-08-04T04:52:15.164000-04:00,13.500938415527344,0.5352300405502319,-12.96570873260498
2026-08-04T04:52:15.168000-04:00,13.671399116516113,0.8296182751655579,-12.841780662536621
2026-08-04T04:52:15.172000-04:00,13.72202205657959,1.114653468132019,-12.607368469238281
2026-08-04T04:52:15.176000-04:00,13.692793846130371,1.7866723537445068,-11.906121253967285
2026-08-04T04:52:15.180000-04:00,13.68250560760498,2.3501954078674316,-11.33230972290039
2026-08-04T04:52:15.184000-04:00,13.634102821350098,2.9797747135162354,-10.654328346252441
2026-08-04T04:52:15.188000-04:00,13.610603332519531,3.006080389022827,-10.604522705078125
2026-08-04T04:52:15.192000-04:00,13.541975021362305,2.729112148284912,-10.812862396240234
2026-08-04T04:52:15.196000-04:00,13.55296516418457,1.919369101524353,-11.633596420288086
2026-08-04T04:52:15.200000-04:00,13.557875633239746,1.423071265220642,-12.134804725646973
2026-08-04T04:52:15.204000-04:00,13.541741371154785,0.9320345520973206,-12.60970687866211
2026-08-04T04:52:15.208000-04:00,13.55074405670166,0.7688232660293579,-12.781920433044434
2026-08-04T04:52:15.212000-04:00,13.594820022583008,0.7186673879623413,-12.876152992248535
2026-08-04T04:52:15.216000-04:00,13.577400207519531,0.6880360245704651,-12.889364242553711
2026-08-04T04:52:15.220000-04:00,13.486090660095215,0.6263056993484497,-12.859785079956055
2026-08-04T04:52:15.224000-04:00,13.487259864807129,0.5874903798103333,-12.89976978302002
2026-08-04T04:52:15.228000-04:00,13.49509334564209,0.5795403122901917,-12.915553092956543
2026-08-04T04:52:15.232000-04:00,13.485857009887695,0.5499611496925354,-12.935895919799805
2026-08-04T04:52:15.236000-04:00,13.476387023925781,0.5333594679832458,-12.94302749633789
2026-08-04T04:52:15.240000-04:00,13.477322578430176,0.5186283588409424,-12.958694458007812
2026-08-04T04:52:15.244000-04:00,13.482583045959473,0.5302028059959412,-12.952380180358887
2026-08-04T04:52:15.248000-04:00,13.482115745544434,0.5086907148361206,-12.973424911499023
2026-08-04T04:52:15.252000-04:00,13.480128288269043,0.5097429156303406,-12.970385551452637
2026-08-04T04:52:15.256000-04:00,13.477438926696777,0.517693042755127,-12.959745407104492
2026-08-04T04:52:15.260000-04:00,13.482816696166992,0.5192129015922546,-12.963603973388672
2026-08-04T04:52:15.264000-04:00,13.482466697692871,0.5251755118370056,-12.957291603088379
2026-08-04T04:52:15.268000-04:00,13.494040489196777,0.5352300405502319,-12.958810806274414
2026-08-04T04:52:15.272000-04:00,13.499652862548828,0.5386205315589905,-12.961031913757324
2026-08-04T04:52:15.276000-04:00,13.495444297790527,0.5394389629364014,-12.956005096435547
2026-08-04T04:52:15.280000-04:00,13.496963500976562,0.5444662570953369,-12.952497482299805
2026-08-04T04:52:15.284000-04:00,13.50760269165039,0.5524163246154785,-12.95518684387207
2026-08-04T04:52:15.288000-04:00,13.509239196777344,0.5559237599372864,-12.953315734863281
2026-08-04T04:52:15.292000-04:00,13.514500617980957,0.5694857239723206,-12.945014953613281
2026-08-04T04:52:15.296000-04:00,13.51590347290039,0.5899456143379211,-12.925957679748535
2026-08-04T04:52:15.300000-04:00,13.514033317565918,0.5947390198707581,-12.919294357299805
2026-08-04T04:52:15.304000-04:00,13.52584171295166,0.6067811250686646,-12.919060707092285
2026-08-04T04:52:15.308000-04:00,13.529582977294922,0.6134452223777771,-12.9161376953125
2026-08-04T04:52:15.312000-04:00,13.53683090209961,0.6340219974517822,-12.902809143066406
2026-08-04T04:52:15.316000-04:00,13.537766456604004,0.6325021386146545,-12.905263900756836
2026-08-04T04:52:15.320000-04:00,13.555420875549316,0.6655886173248291,-12.889832496643066
2026-08-04T04:52:15.324000-04:00,13.55518627166748,0.6908419728279114,-12.864344596862793
2026-08-04T04:52:15.328000-04:00,13.55051040649414,0.7035855054855347,-12.846924781799316
2026-08-04T04:52:15.332000-04:00,13.557875633239746,0.7284880876541138,-12.829387664794922
2026-08-04T04:52:15.336000-04:00,13.576698303222656,0.7462589740753174,-12.830439567565918
2026-08-04T04:52:15.340000-04:00,13.57751750946045,0.7566642761230469,-12.820853233337402
2026-08-04T04:52:15.344000-04:00,13.58593463897705,0.7764226198196411,-12.8095121383667
2026-08-04T04:52:15.348000-04:00,13.616449356079102,0.8144195675849915,-12.802029609680176
2026-08-04T04:52:15.352000-04:00,13.624282836914062,0.8324242234230042,-12.791858673095703
2026-08-04T04:52:15.356000-04:00,13.635038375854492,0.8625879287719727,-12.77245044708252
2026-08-04T04:52:15.360000-04:00,13.6454439163208,0.8973112106323242,-12.748132705688477
2026-08-04T04:52:15.364000-04:00,13.658304214477539,0.9268903136253357,-12.731413841247559
2026-08-04T04:52:15.368000-04:00,13.67888069152832,0.965939462184906,-12.71294116973877
2026-08-04T04:52:15.372000-04:00,13.688935279846191,0.9969215393066406,-12.69201374053955
2026-08-04T04:52:15.376000-04:00,13.697237014770508,1.0371397733688354,-12.660097122192383
2026-08-04T04:52:15.380000-04:00,13.69688606262207,1.0558459758758545,-12.641039848327637
2026-08-04T04:52:15.384000-04:00,13.70319938659668,1.0944273471832275,-12.608772277832031
2026-08-04T04:52:15.388000-04:00,13.72178840637207,1.1224865913391113,-12.599302291870117
2026-08-04T04:52:15.392000-04:00,13.718865394592285,1.156859278678894,-12.562005996704102
2026-08-04T04:52:15.396000-04:00,13.741195678710938,1.1719410419464111,-12.569254875183105
2026-08-04T04:52:15.400000-04:00,13.7366361618042,1.1807096004486084,-12.555926322937012
2026-08-04T04:52:15.404000-04:00,13.731258392333984,1.1950899362564087,-12.536168098449707
2026-08-04T04:52:15.408000-04:00,13.7283353805542,1.199415683746338,-12.528919219970703
2026-08-04T04:52:15.412000-04:00,13.717813491821289,1.1977789402008057,-12.520034790039062
2026-08-04T04:52:15.416000-04:00,13.70740795135498,1.1887766122817993,-12.518630981445312
2026-08-04T04:52:15.420000-04:00,13.693495750427246,1.1665630340576172,-12.526932716369629
2026-08-04T04:52:15.424000-04:00,13.666604995727539,1.1207329034805298,-12.54587173461914
2026-08-04T04:52:15.428000-04:00,13.663681983947754,1.0920891761779785,-12.571592330932617
2026-08-04T04:52:15.432000-04:00,13.640182495117188,1.0194858312606812,-12.620697021484375
2026-08-04T04:52:15.436000-04:00,13.623113632202148,0.9880360960960388,-12.635077476501465
2026-08-04T04:52:15.440000-04:00,13.607096672058105,0.91157466173172,-12.69552230834961
2026-08-04T04:52:15.444000-04:00,13.582310676574707,0.8631724715232849,-12.719138145446777
2026-08-04T04:52:15.448000-04:00,13.566293716430664,0.811847448348999,-12.754446029663086
2026-08-04T04:52:15.452000-04:00,13.55319881439209,0.7681217789649963,-12.785077095031738
2026-08-04T04:52:15.456000-04:00,13.52385425567627,0.7022994756698608,-12.821555137634277
2026-08-04T04:52:15.460000-04:00,13.504679679870605,0.6491038203239441,-12.855575561523438
2026-08-04T04:52:15.464000-04:00,13.500822067260742,0.623149037361145,-12.877673149108887
2026-08-04T04:52:15.468000-04:00,13.489598274230957,0.5846844911575317,-12.904913902282715
2026-08-04T04:52:15.472000-04:00,13.484103202819824,0.5607172250747681,-12.923385620117188
2026-08-04T04:52:15.476000-04:00,13.471125602722168,0.5275138020515442,-12.943612098693848
2026-08-04T04:52:15.480000-04:00,13.46048641204834,0.5112627744674683,-12.949223518371582
2026-08-04T04:52:15.484000-04:00,13.457914352416992,0.4954794645309448,-12.962434768676758
2026-08-04T04:52:15.488000-04:00,13.448795318603516,0.49243971705436707,-12.956356048583984
2026-08-04T04:52:15.492000-04:00,13.454991340637207,0.4781762659549713,-12.976815223693848
2026-08-04T04:52:15.496000-04:00,13.450665473937988,0.4725644290447235,-12.978100776672363
2026-08-04T04:52:15.500000-04:00,13.438974380493164,0.4651988744735718,-12.973775863647461
2026-08-04T04:52:15.504000-04:00,13.441546440124512,0.4580671489238739,-12.983479499816895
2026-08-04T04:52:15.508000-04:00,13.437922477722168,0.46110689640045166,-12.976815223693848
2026-08-04T04:52:15.512000-04:00,13.436051368713379,0.46554961800575256,-12.970501899719238
2026-08-04T04:52:15.516000-04:00,13.438623428344727,0.45268911123275757,-12.985934257507324
2026-08-04T04:52:15.520000-04:00,13.421671867370605,0.4572487473487854,-12.964423179626465
2026-08-04T04:52:15.524000-04:00,13.43944263458252,0.47186294198036194,-12.96757984161377
2026-08-04T04:52:15.528000-04:00,13.430088996887207,0.4580671489238739,-12.97202205657959
2026-08-04T04:52:15.532000-04:00,13.427400588989258,0.46706947684288025,-12.960330963134766
2026-08-04T04:52:15.536000-04:00,13.43535041809082,0.47349974513053894,-12.961851119995117
2026-08-04T04:52:15.540000-04:00,13.42529582977295,0.4772409498691559,-12.948055267333984
2026-08-04T04:52:15.544000-04:00,13.43172550201416,0.4752534329891205,-12.956472396850586
2026-08-04T04:52:15.548000-04:00,13.429621696472168,0.48799699544906616,-12.941624641418457
2026-08-04T04:52:15.552000-04:00,13.43581771850586,0.4834373891353607,-12.952380180358887
2026-08-04T04:52:15.556000-04:00,13.430088996887207,0.4742012023925781,-12.955887794494629
2026-08-04T04:52:15.560000-04:00,13.43172550201416,0.48144984245300293,-12.950275421142578
2026-08-04T04:52:15.564000-04:00,13.436753273010254,0.49407652020454407,-12.942676544189453
2026-08-04T04:52:15.568000-04:00,13.432778358459473,0.48998454213142395,-12.942793846130371
2026-08-04T04:52:15.572000-04:00,13.438507080078125,0.499454528093338,-12.93905258178711
2026-08-04T04:52:15.576000-04:00,13.443300247192383,0.49641478061676025,-12.946885108947754
2026-08-04T04:52:15.580000-04:00,13.43780517578125,0.4962978661060333,-12.941507339477539
2026-08-04T04:52:15.584000-04:00,13.441195487976074,0.5031957626342773,-12.937999725341797
2026-08-04T04:52:15.588000-04:00,13.44774341583252,0.5023773908615112,-12.945365905761719
2026-08-04T04:52:15.592000-04:00,13.444002151489258,0.5061185956001282,-12.937883377075195
2026-08-04T04:52:15.596000-04:00,13.447508811950684,0.4973500967025757,-12.950159072875977
2026-08-04T04:52:15.600000-04:00,13.452770233154297,0.5105612874031067,-12.942209243774414
2026-08-04T04:52:15.604000-04:00,13.443300247192383,0.48823082447052,-12.955069541931152
2026-08-04T04:52:15.608000-04:00,13.454290390014648,0.4922058880329132,-12.962084770202637
2026-08-04T04:52:15.612000-04:00,13.44996452331543,0.5005067586898804,-12.949458122253418
2026-08-04T04:52:15.616000-04:00,13.44365119934082,0.4979346692562103,-12.945716857910156
2026-08-04T04:52:15.620000-04:00,13.448444366455078,0.5001559853553772,-12.948287963867188
2026-08-04T04:52:15.624000-04:00,13.450782775878906,0.5062355399131775,-12.944547653198242
2026-08-04T04:52:15.628000-04:00,13.455108642578125,0.5055340528488159,-12.94957447052002
2026-08-04T04:52:15.632000-04:00,13.453588485717773,0.5089245438575745,-12.944664001464844
2026-08-04T04:52:15.636000-04:00,13.452069282531738,0.5027281045913696,-12.9493408203125
2026-08-04T04:52:15.640000-04:00,13.448795318603516,0.49442726373672485,-12.954367637634277
2026-08-04T04:52:15.644000-04:00,13.442832946777344,0.49442726373672485,-12.948405265808105
2026-08-04T04:52:15.648000-04:00,13.450431823730469,0.49968835711479187,-12.950743675231934
2026-08-04T04:52:15.652000-04:00,13.459317207336426,0.49360886216163635,-12.96570873260498
2026-08-04T04:52:15.656000-04:00,13.45440673828125,0.4957132935523987,-12.958693504333496
2026-08-04T04:52:15.660000-04:00,13.442949295043945,0.49559637904167175,-12.94735336303711
2026-08-04T04:52:15.664000-04:00,13.454056739807129,0.5037803053855896,-12.950276374816895
2026-08-04T04:52:15.668000-04:00,13.439909934997559,0.49407652020454407,-12.945833206176758
2026-08-04T04:52:15.672000-04:00,13.437922477722168,0.4962978661060333,-12.941624641418457
2026-08-04T04:52:15.676000-04:00,13.450431823730469,0.49770084023475647,-12.952731132507324
2026-08-04T04:52:15.680000-04:00,13.44610595703125,0.4954794645309448,-12.950626373291016
2026-08-04T04:52:15.684000-04:00,13.447392463684082,0.4966486096382141,-12.950743675231934
2026-08-04T04:52:15.688000-04:00,13.439091682434082,0.49033528566360474,-12.948756217956543
2026-08-04T04:52:15.692000-04:00,13.44587230682373,0.48507416248321533,-12.960798263549805
2026-08-04T04:52:15.696000-04:00,13.449028968811035,0.47642257809638977,-12.972606658935547
2026-08-04T04:52:15.700000-04:00,13.441546440124512,0.4812160134315491,-12.96033000946045
2026-08-04T04:52:15.704000-04:00,13.451016426086426,0.47314900159835815,-12.977867126464844
2026-08-04T04:52:15.708000-04:00,13.44973087310791,0.47794243693351746,-12.97178840637207
2026-08-04T04:52:15.712000-04:00,13.447158813476562,0.46426355838775635,-12.982894897460938
2026-08-04T04:52:15.716000-04:00,13.440377235412598,0.462159126996994,-12.978218078613281
2026-08-04T04:52:15.720000-04:00,13.434648513793945,0.45701491832733154,-12.977633476257324
2026-08-04T04:52:15.724000-04:00,13.438273429870605,0.462159126996994,-12.976114273071289
2026-08-04T04:52:15.728000-04:00,13.44587230682373,0.47548726201057434,-12.97038459777832
2026-08-04T04:52:15.732000-04:00,13.441079139709473,0.46063923835754395,-12.980440139770508
2026-08-04T04:52:15.736000-04:00,13.43780517578125,0.4580671489238739,-12.979738235473633
2026-08-04T04:52:15.740000-04:00,13.435701370239258,0.4592362940311432,-12.976465225219727
2026-08-04T04:52:15.744000-04:00,13.448444366455078,0.45666417479515076,-12.991780281066895
2026-08-04T04:52:15.748000-04:00,13.445755958557129,0.4660172760486603,-12.979738235473633
2026-08-04T04:52:15.752000-04:00,13.438156127929688,0.4612238109111786,-12.976932525634766
2026-08-04T04:52:15.756000-04:00,13.434063911437988,0.4580671489238739,-12.975996971130371
2026-08-04T04:52:15.760000-04:00,13.438974380493164,0.44625887274742126,-12.992715835571289
2026-08-04T04:52:15.764000-04:00,13.439676284790039,0.4501170217990875,-12.989559173583984
2026-08-04T04:52:15.768000-04:00,13.434298515319824,0.4521045684814453,-12.982193946838379
2026-08-04T04:52:15.772000-04:00,13.45440673828125,0.47197985649108887,-12.982426643371582
2026-08-04T04:52:15.776000-04:00,13.464578628540039,0.49770084023475647,-12.966877937316895
2026-08-04T04:52:15.780000-04:00,13.467033386230469,0.526110827922821,-12.940922737121582
2026-08-04T04:52:15.784000-04:00,13.458967208862305,0.5371006727218628,-12.921866416931152
2026-08-04T04:52:15.788000-04:00,13.459551811218262,0.5552222728729248,-12.904329299926758
2026-08-04T04:52:15.792000-04:00,13.465747833251953,0.542595624923706,-12.923151969909668
2026-08-04T04:52:15.796000-04:00,13.487259864807129,0.560132622718811,-12.92712688446045
2026-08-04T04:52:15.800000-04:00,13.491936683654785,0.5804755687713623,-12.911460876464844
2026-08-04T04:52:15.804000-04:00,13.472528457641602,0.6086517572402954,-12.863876342773438
2026-08-04T04:52:15.808000-04:00,13.436753273010254,0.6075995564460754,-12.829154014587402
2026-08-04T04:52:15.812000-04:00,13.43581771850586,0.6095870733261108,-12.826231002807617
2026-08-04T04:52:15.816000-04:00,13.44411849975586,0.6000001430511475,-12.844118118286133
2026-08-04T04:52:15.820000-04:00,13.442599296569824,0.6111069321632385,-12.83149242401123
2026-08-04T04:52:15.824000-04:00,13.455342292785645,0.6142635941505432,-12.841078758239746
2026-08-04T04:52:15.828000-04:00,13.46878719329834,0.6068980693817139,-12.861888885498047
2026-08-04T04:52:15.832000-04:00,13.472996711730957,0.597194254398346,-12.875802040100098
2026-08-04T04:52:15.836000-04:00,13.464111328125,0.5653937458992004,-12.898717880249023
2026-08-04T04:52:15.840000-04:00,13.461421966552734,0.5266953706741333,-12.93472671508789
2026-08-04T04:52:15.844000-04:00,13.450782775878906,0.5249416828155518,-12.925841331481934
2026-08-04T04:52:15.848000-04:00,13.449146270751953,0.5099767446517944,-12.939169883728027
2026-08-04T04:52:15.852000-04:00,13.445989608764648,0.49840229749679565,-12.947587013244629
2026-08-04T04:52:15.856000-04:00,13.447508811950684,0.4724475145339966,-12.975061416625977
2026-08-04T04:52:15.860000-04:00,13.427750587463379,0.4307093918323517,-12.997040748596191
2026-08-04T04:52:15.864000-04:00,13.427165985107422,0.43901023268699646,-12.988155364990234
2026-08-04T04:52:15.868000-04:00,13.414773941040039,0.4239284098148346,-12.990845680236816
2026-08-04T04:52:15.872000-04:00,13.41676139831543,0.41691359877586365,-12.999847412109375
2026-08-04T04:52:15.876000-04:00,13.425178527832031,0.41118481755256653,-13.013993263244629
2026-08-04T04:52:15.880000-04:00,13.428218841552734,0.40522223711013794,-13.02299690246582
2026-08-04T04:52:15.884000-04:00,13.42751693725586,0.3969213664531708,-13.030595779418945
2026-08-04T04:52:15.888000-04:00,13.41921615600586,0.3901403844356537,-13.029075622558594
2026-08-04T04:52:15.892000-04:00,13.414189338684082,0.38639914989471436,-13.027790069580078
2026-08-04T04:52:15.896000-04:00,13.409746170043945,0.38125497102737427,-13.028491020202637
2026-08-04T04:52:15.900000-04:00,13.407641410827637,0.3762276768684387,-13.031414031982422
2026-08-04T04:52:15.904000-04:00,13.411032676696777,0.3821902871131897,-13.028841972351074
2026-08-04T04:52:15.908000-04:00,13.409161567687988,0.3805534839630127,-13.028608322143555
2026-08-04T04:52:15.912000-04:00,13.408226013183594,0.3901403844356537,-13.018085479736328
2026-08-04T04:52:15.916000-04:00,13.41290283203125,0.39481693506240845,-13.018085479736328
2026-08-04T04:52:15.920000-04:00,13.396885871887207,0.40452075004577637,-12.992364883422852
2026-08-04T04:52:15.924000-04:00,13.389169692993164,0.423226922750473,-12.9659423828125
2026-08-04T04:52:15.928000-04:00,13.364150047302246,0.4567810893058777,-12.907368659973145
2026-08-04T04:52:15.932000-04:00,13.370229721069336,0.5068200826644897,-12.863409996032715
2026-08-04T04:52:15.936000-04:00,13.40881061553955,0.49922069907188416,-12.909589767456055
2026-08-04T04:52:15.940000-04:00,13.532739639282227,0.5667967200279236,-12.965943336486816
2026-08-04T04:52:15.944000-04:00,13.648015975952148,0.7316447496414185,-12.91637134552002
2026-08-04T04:52:15.948000-04:00,13.80643367767334,1.1098599433898926,-12.696573257446289
2026-08-04T04:52:15.952000-04:00,13.76130485534668,1.5258382558822632,-12.235466957092285
2026-08-04T04:52:15.956000-04:00,13.710447311401367,2.367147922515869,-11.343299865722656
2026-08-04T04:52:15.960000-04:00,13.623113632202148,2.9476234912872314,-10.675490379333496
2026-08-04T04:52:15.964000-04:00,13.614461898803711,2.9284496307373047,-10.686012268066406
2026-08-04T04:52:15.968000-04:00,13.551562309265137,2.625293016433716,-10.92626953125
2026-08-04T04:52:15.972000-04:00,13.516839027404785,2.1334378719329834,-11.383400917053223
2026-08-04T04:52:15.976000-04:00,13.476503372192383,1.37408447265625,-12.102418899536133
2026-08-04T04:52:15.980000-04:00,13.442248344421387,1.0614577531814575,-12.380790710449219
2026-08-04T04:52:15.984000-04:00,13.50783634185791,0.7484803199768066,-12.759355545043945
2026-08-04T04:52:15.988000-04:00,13.581843376159668,0.6879191398620605,-12.893924713134766
2026-08-04T04:52:15.992000-04:00,13.580205917358398,0.6834763884544373,-12.896729469299316
2026-08-04T04:52:15.996000-04:00,13.496027946472168,0.6298130750656128,-12.866214752197266
2026-08-04T04:52:16-04:00,13.506550788879395,0.6106392741203308,-12.89591121673584
2026-08-04T04:52:16.004000-04:00,13.496612548828125,0.5817616581916809,-12.914851188659668
2026-08-04T04:52:16.008000-04:00,13.487961769104004,0.5696026682853699,-12.91835880279541
2026-08-04T04:52:16.012000-04:00,13.485739707946777,0.5447000861167908,-12.9410400390625
2026-08-04T04:52:16.016000-04:00,13.488078117370605,0.537451446056366,-12.950626373291016
2026-08-04T04:52:16.020000-04:00,13.487377166748047,0.5360484719276428,-12.95132827758789
2026-08-04T04:52:16.024000-04:00,13.48515510559082,0.524474024772644,-12.960680961608887
2026-08-04T04:52:16.028000-04:00,13.486441612243652,0.5296182036399841,-12.956823348999023
2026-08-04T04:52:16.032000-04:00,13.496729850769043,0.5266953706741333,-12.9700345993042
2026-08-04T04:52:16.036000-04:00,13.494742393493652,0.5362823009490967,-12.958459854125977
2026-08-04T04:52:16.040000-04:00,13.5015230178833,0.5302028059959412,-12.971320152282715
2026-08-04T04:52:16.044000-04:00,13.503510475158691,0.5256431698799133,-12.977867126464844
2026-08-04T04:52:16.048000-04:00,13.505147933959961,0.5413095951080322,-12.963838577270508
2026-08-04T04:52:16.052000-04:00,13.499419212341309,0.5542869567871094,-12.9451322555542
2026-08-04T04:52:16.056000-04:00,13.515085220336914,0.5765005350112915,-12.938584327697754
2026-08-04T04:52:16.060000-04:00,13.52022933959961,0.6008185744285583,-12.919410705566406
2026-08-04T04:52:16.064000-04:00,13.519293785095215,0.6026891469955444,-12.916604995727539
2026-08-04T04:52:16.068000-04:00,13.521865844726562,0.6101716160774231,-12.911694526672363
2026-08-04T04:52:16.072000-04:00,13.520931243896484,0.6175372004508972,-12.903393745422363
2026-08-04T04:52:16.076000-04:00,13.527010917663574,0.6227982640266418,-12.904212951660156
2026-08-04T04:52:16.080000-04:00,13.531804084777832,0.6245520114898682,-12.907252311706543
2026-08-04T04:52:16.084000-04:00,13.53683090209961,0.6480516195297241,-12.888779640197754
2026-08-04T04:52:16.088000-04:00,13.540104866027832,0.6666408777236938,-12.87346363067627
2026-08-04T04:52:16.092000-04:00,13.54489803314209,0.675292432308197,-12.869606018066406
2026-08-04T04:52:16.096000-04:00,13.561850547790527,0.69937664270401,-12.862473487854004
2026-08-04T04:52:16.100000-04:00,13.563838005065918,0.7122371196746826,-12.851600646972656
2026-08-04T04:52:16.104000-04:00,13.578569412231445,0.7289557456970215,-12.849613189697266
2026-08-04T04:52:16.108000-04:00,13.583011627197266,0.7381919026374817,-12.844820022583008
2026-08-04T04:52:16.112000-04:00,13.591196060180664,0.7450898289680481,-12.84610652923584
2026-08-04T04:52:16.116000-04:00,13.600899696350098,0.766952633857727,-12.83394718170166
2026-08-04T04:52:16.120000-04:00,13.617852210998535,0.7913875579833984,-12.826464653015137
2026-08-04T04:52:16.124000-04:00,13.629660606384277,0.8237726092338562,-12.805888175964355
2026-08-04T04:52:16.128000-04:00,13.644976615905762,0.8575606346130371,-12.787416458129883
2026-08-04T04:52:16.132000-04:00,13.650470733642578,0.8878412246704102,-12.762629508972168
2026-08-04T04:52:16.136000-04:00,13.660993576049805,0.9063135385513306,-12.754679679870605
2026-08-04T04:52:16.140000-04:00,13.682271957397461,0.9266564846038818,-12.755615234375
2026-08-04T04:52:16.144000-04:00,13.693495750427246,0.9692130088806152,-12.724283218383789
2026-08-04T04:52:16.148000-04:00,13.707056999206543,1.0179659128189087,-12.689090728759766
2026-08-04T04:52:16.152000-04:00,13.716059684753418,1.0659005641937256,-12.650158882141113
2026-08-04T04:52:16.156000-04:00,13.732894897460938,1.0830868482589722,-12.649807929992676
2026-08-04T04:52:16.160000-04:00,13.747275352478027,1.0869449377059937,-12.660330772399902
2026-08-04T04:52:16.164000-04:00,13.745521545410156,1.099805474281311,-12.645715713500977
2026-08-04T04:52:16.168000-04:00,13.752068519592285,1.1575607061386108,-12.594508171081543
2026-08-04T04:52:16.172000-04:00,13.753705978393555,1.1725256443023682,-12.581180572509766
2026-08-04T04:52:16.176000-04:00,13.755927085876465,1.1924009323120117,-12.563526153564453
2026-08-04T04:52:16.180000-04:00,13.75475788116455,1.1991819143295288,-12.55557632446289
2026-08-04T04:52:16.184000-04:00,13.749964714050293,1.195206880569458,-12.554758071899414
2026-08-04T04:52:16.188000-04:00,13.744820594787598,1.1924009323120117,-12.552419662475586
2026-08-04T04:52:16.192000-04:00,13.73394775390625,1.189828872680664,-12.544118881225586
2026-08-04T04:52:16.196000-04:00,13.713603973388672,1.1811772584915161,-12.532426834106445
2026-08-04T04:52:16.200000-04:00,13.711967468261719,1.1691350936889648,-12.542832374572754
2026-08-04T04:52:16.204000-04:00,13.695833206176758,1.1341780424118042,-12.561655044555664
2026-08-04T04:52:16.208000-04:00,13.679699897766113,1.0934921503067017,-12.586207389831543
2026-08-04T04:52:16.212000-04:00,13.655264854431152,1.03000807762146,-12.625256538391113
2026-08-04T04:52:16.216000-04:00,13.642988204956055,0.983476459980011,-12.65951156616211
2026-08-04T04:52:16.220000-04:00,13.61072063446045,0.912159264087677,-12.698561668395996
2026-08-04T04:52:16.224000-04:00,13.590377807617188,0.8424787521362305,-12.747899055480957
2026-08-04T04:52:16.228000-04:00,13.5761137008667,0.7959471940994263,-12.780166625976562
2026-08-04T04:52:16.232000-04:00,13.550626754760742,0.7431023120880127,-12.807524681091309
2026-08-04T04:52:16.236000-04:00,13.53437614440918,0.7121202349662781,-12.822256088256836
2026-08-04T04:52:16.240000-04:00,13.527945518493652,0.6696805953979492,-12.858264923095703
2026-08-04T04:52:16.244000-04:00,13.523152351379395,0.633671224117279,-12.889481544494629
2026-08-04T04:52:16.248000-04:00,13.496262550354004,0.6019876599311829,-12.894274711608887
2026-08-04T04:52:16.252000-04:00,13.4848051071167,0.5703040957450867,-12.914501190185547
2026-08-04T04:52:16.256000-04:00,13.476503372192383,0.561769425868988,-12.91473388671875
2026-08-04T04:52:16.260000-04:00,13.468086242675781,0.5291505455970764,-12.938935279846191
2026-08-04T04:52:16.264000-04:00,13.464227676391602,0.5210835337638855,-12.943143844604492
2026-08-04T04:52:16.268000-04:00,13.46048641204834,0.500389814376831,-12.96009635925293
2026-08-04T04:52:16.272000-04:00,13.464111328125,0.49559637904167175,-12.968515396118164
2026-08-04T04:52:16.276000-04:00,13.448328018188477,0.4753703474998474,-12.972957611083984
2026-08-04T04:52:16.280000-04:00,13.45195198059082,0.4720967710018158,-12.97985553741455
2026-08-04T04:52:16.284000-04:00,13.448678016662598,0.45911937952041626,-12.989558219909668
2026-08-04T04:52:16.288000-04:00,13.439909934997559,0.45631343126296997,-12.983596801757812
2026-08-04T04:52:16.292000-04:00,13.436870574951172,0.460522323846817,-12.976347923278809
2026-08-04T04:52:16.296000-04:00,13.442364692687988,0.47712406516075134,-12.965240478515625
2026-08-04T04:52:16.300000-04:00,13.447275161743164,0.47069379687309265,-12.976581573486328
2026-08-04T04:52:16.304000-04:00,13.437688827514648,0.4484802484512329,-12.989208221435547
2026-08-04T04:52:16.308000-04:00,13.441546440124512,0.44134852290153503,-13.000198364257812
2026-08-04T04:52:16.312000-04:00,13.438740730285645,0.44988319277763367,-12.98885726928711
2026-08-04T04:52:16.316000-04:00,13.440143585205078,0.4620422124862671,-12.97810173034668
2026-08-04T04:52:16.320000-04:00,13.448444366455078,0.4777086079120636,-12.970735549926758
2026-08-04T04:52:16.324000-04:00,13.450665473937988,0.4669525623321533,-12.983713150024414
2026-08-04T04:52:16.328000-04:00,13.452069282531738,0.4616914689540863,-12.990377426147461
2026-08-04T04:52:16.332000-04:00,13.455108642578125,0.4688231945037842,-12.986285209655762
2026-08-04T04:52:16.336000-04:00,13.458967208862305,0.4777086079120636,-12.981258392333984
2026-08-04T04:52:16.340000-04:00,13.452770233154297,0.4800468981266022,-12.972723007202148
2026-08-04T04:52:16.344000-04:00,13.455108642578125,0.4772409498691559,-12.97786808013916
2026-08-04T04:52:16.348000-04:00,13.456862449645996,0.47630566358566284,-12.98055648803711
2026-08-04T04:52:16.352000-04:00,13.45803165435791,0.4749026894569397,-12.983128547668457
2026-08-04T04:52:16.356000-04:00,13.462240219116211,0.47642257809638977,-12.985817909240723
2026-08-04T04:52:16.360000-04:00,13.467150688171387,0.4897507131099701,-12.977399826049805
2026-08-04T04:52:16.364000-04:00,13.473581314086914,0.4854249060153961,-12.98815631866455
2026-08-04T04:52:16.368000-04:00,13.462824821472168,0.48717862367630005,-12.975646018981934
2026-08-04T04:52:16.372000-04:00,13.464812278747559,0.489867627620697,-12.974945068359375
2026-08-04T04:52:16.376000-04:00,13.467033386230469,0.49197205901145935,-12.975061416625977
2026-08-04T04:52:16.380000-04:00,13.462824821472168,0.48682788014411926,-12.975996971130371
2026-08-04T04:52:16.384000-04:00,13.469255447387695,0.4950118064880371,-12.9742431640625
2026-08-04T04:52:16.388000-04:00,13.463526725769043,0.5048325657844543,-12.958694458007812
2026-08-04T04:52:16.392000-04:00,13.464929580688477,0.5014420747756958,-12.96348762512207
2026-08-04T04:52:16.396000-04:00,13.469138145446777,0.5035464763641357,-12.965591430664062
2026-08-04T04:52:16.400000-04:00,13.468437194824219,0.4922058880329132,-12.976231575012207
2026-08-04T04:52:16.404000-04:00,13.483051300048828,0.4953625500202179,-12.987689018249512
2026-08-04T04:52:16.408000-04:00,13.471710205078125,0.4801638126373291,-12.991546630859375
2026-08-04T04:52:16.412000-04:00,13.47463321685791,0.4828528165817261,-12.991780281066895
2026-08-04T04:52:16.416000-04:00,13.473581314086914,0.48144984245300293,-12.992131233215332
2026-08-04T04:52:16.420000-04:00,13.47486686706543,0.4854249060153961,-12.989441871643066
2026-08-04T04:52:16.424000-04:00,13.47510051727295,0.4796961545944214,-12.995404243469238
2026-08-04T04:52:16.428000-04:00,13.477322578430176,0.4796961545944214,-12.997626304626465
2026-08-04T04:52:16.432000-04:00,13.468086242675781,0.4913874864578247,-12.976698875427246
2026-08-04T04:52:16.436000-04:00,13.466215133666992,0.47946232557296753,-12.9867525100708
2026-08-04T04:52:16.440000-04:00,13.460136413574219,0.4885815680027008,-12.97155475616455
2026-08-04T04:52:16.444000-04:00,13.465630531311035,0.4833204746246338,-12.98231029510498
2026-08-04T04:52:16.448000-04:00,13.462708473205566,0.4793454110622406,-12.983363151550293
2026-08-04T04:52:16.452000-04:00,13.466449737548828,0.47349974513053894,-12.992950439453125
2026-08-04T04:52:16.456000-04:00,13.462006568908691,0.47466886043548584,-12.987338066101074
2026-08-04T04:52:16.460000-04:00,13.464111328125,0.47630566358566284,-12.987805366516113
2026-08-04T04:52:16.464000-04:00,13.461421966552734,0.4713952839374542,-12.990026473999023
2026-08-04T04:52:16.468000-04:00,13.459785461425781,0.47314900159835815,-12.9866361618042
2026-08-04T04:52:16.472000-04:00,13.455926895141602,0.47864392399787903,-12.977282524108887
2026-08-04T04:52:16.476000-04:00,13.462006568908691,0.47841009497642517,-12.983596801757812
2026-08-04T04:52:16.480000-04:00,13.453121185302734,0.47630566358566284,-12.976815223693848
2026-08-04T04:52:16.484000-04:00,13.457447052001953,0.46917393803596497,-12.988272666931152
2026-08-04T04:52:16.488000-04:00,13.458849906921387,0.47186294198036194,-12.986987113952637
2026-08-04T04:52:16.492000-04:00,13.455810546875,0.4696415960788727,-12.98616886138916
2026-08-04T04:52:16.496000-04:00,13.450665473937988,0.4758380055427551,-12.974827766418457
2026-08-04T04:52:16.500000-04:00,13.446807861328125,0.4745519459247589,-12.97225570678711
2026-08-04T04:52:16.504000-04:00,13.4600191116333,0.4853079915046692,-12.974711418151855
2026-08-04T04:52:16.508000-04:00,13.472294807434082,0.5050663948059082,-12.967227935791016
2026-08-04T04:52:16.512000-04:00,13.479310035705566,0.5320733785629272,-12.947237014770508
2026-08-04T04:52:16.516000-04:00,13.484687805175781,0.5482074618339539,-12.936480522155762
2026-08-04T04:52:16.520000-04:00,13.460837364196777,0.5507795810699463,-12.91005802154541
2026-08-04T04:52:16.524000-04:00,13.465045928955078,0.5587297081947327,-12.906315803527832
2026-08-04T04:52:16.528000-04:00,13.489831924438477,0.5659783482551575,-12.923853874206543
2026-08-04T04:52:16.532000-04:00,13.490767478942871,0.5804755687713623,-12.91029167175293
2026-08-04T04:52:16.536000-04:00,13.509356498718262,0.6108731031417847,-12.898483276367188
2026-08-04T04:52:16.540000-04:00,13.475335121154785,0.6299300193786621,-12.845405578613281
2026-08-04T04:52:16.544000-04:00,13.459200859069824,0.6411536931991577,-12.818047523498535
2026-08-04T04:52:16.548000-04:00,13.457096099853516,0.6261887550354004,-12.830907821655273
2026-08-04T04:52:16.552000-04:00,13.466215133666992,0.6376463174819946,-12.828568458557129
2026-08-04T04:52:16.556000-04:00,13.459083557128906,0.646648645401001,-12.812435150146484
2026-08-04T04:52:16.560000-04:00,13.480128288269043,0.6644194722175598,-12.815709114074707
2026-08-04T04:52:16.564000-04:00,13.481764793395996,0.6494545936584473,-12.83230972290039
2026-08-04T04:52:16.568000-04:00,13.489480972290039,0.643375039100647,-12.846105575561523
2026-08-04T04:52:16.572000-04:00,13.488546371459961,0.6105223894119263,-12.878024101257324
2026-08-04T04:52:16.576000-04:00,13.46855354309082,0.5528839826583862,-12.915669441223145
2026-08-04T04:52:16.580000-04:00,13.463175773620605,0.5312550067901611,-12.931921005249023
2026-08-04T04:52:16.584000-04:00,13.465981483459473,0.5210835337638855,-12.944897651672363
2026-08-04T04:52:16.588000-04:00,13.445287704467773,0.4778255224227905,-12.967462539672852
2026-08-04T04:52:16.592000-04:00,13.428101539611816,0.45654726028442383,-12.971553802490234
2026-08-04T04:52:16.596000-04:00,13.432544708251953,0.46788787841796875,-12.964656829833984
2026-08-04T04:52:16.600000-04:00,13.427985191345215,0.46017158031463623,-12.967813491821289
2026-08-04T04:52:16.604000-04:00,13.426465034484863,0.44544050097465515,-12.981024742126465
2026-08-04T04:52:16.608000-04:00,13.424593925476074,0.437139630317688,-12.987454414367676
2026-08-04T04:52:16.612000-04:00,13.42973804473877,0.4400624632835388,-12.989675521850586
2026-08-04T04:52:16.616000-04:00,13.4351167678833,0.4308263063430786,-13.004290580749512
2026-08-04T04:52:16.620000-04:00,13.427165985107422,0.4280203878879547,-12.9991455078125
2026-08-04T04:52:16.624000-04:00,13.423775672912598,0.4291895031929016,-12.994585990905762
2026-08-04T04:52:16.628000-04:00,13.406122207641602,0.4162121117115021,-12.989910125732422
2026-08-04T04:52:16.632000-04:00,13.416526794433594,0.4174981713294983,-12.999028205871582
2026-08-04T04:52:16.636000-04:00,13.41044807434082,0.4102495312690735,-13.000198364257812
2026-08-04T04:52:16.640000-04:00,13.415825843811035,0.39551842212677,-13.020307540893555
2026-08-04T04:52:16.644000-04:00,13.416410446166992,0.40124717354774475,-13.01516342163086
2026-08-04T04:52:16.648000-04:00,13.422723770141602,0.3994934856891632,-13.02323055267334
2026-08-04T04:52:16.652000-04:00,13.417813301086426,0.38955584168434143,-13.028257369995117
2026-08-04T04:52:16.656000-04:00,13.413838386535645,0.4003118574619293,-13.013526916503906
2026-08-04T04:52:16.660000-04:00,13.389754295349121,0.4250975251197815,-12.964656829833984
2026-08-04T04:52:16.664000-04:00,13.377594947814941,0.4519876539707184,-12.925607681274414
2026-08-04T04:52:16.668000-04:00,13.41044807434082,0.45584580302238464,-12.954602241516113
2026-08-04T04:52:16.672000-04:00,13.446690559387207,0.4407639503479004,-13.005926132202148
2026-08-04T04:52:16.676000-04:00,13.579972267150879,0.5685504078865051,-13.011422157287598
2026-08-04T04:52:16.680000-04:00,13.704484939575195,0.7514031529426575,-12.953082084655762
2026-08-04T04:52:16.684000-04:00,13.87845230102539,1.191348671913147,-12.687103271484375
2026-08-04T04:52:16.688000-04:00,13.784804344177246,1.961574912071228,-11.823229789733887
2026-08-04T04:52:16.692000-04:00,13.741897583007812,2.499026298522949,-11.242871284484863
2026-08-04T04:52:16.696000-04:00,13.630478858947754,2.914069414138794,-10.716409683227539
2026-08-04T04:52:16.700000-04:00,13.603004455566406,2.843921184539795,-10.759082794189453
2026-08-04T04:52:16.704000-04:00,13.556940078735352,2.429112195968628,-11.127827644348145
2026-08-04T04:52:16.708000-04:00,13.50760269165039,1.9211229085922241,-11.586480140686035
2026-08-04T04:52:16.712000-04:00,13.439676284790039,1.260327696800232,-12.179348945617676
2026-08-04T04:52:16.716000-04:00,13.411266326904297,0.8711225986480713,-12.540143966674805
2026-08-04T04:52:16.720000-04:00,13.504679679870605,0.7093142867088318,-12.795365333557129
2026-08-04T04:52:16.724000-04:00,13.587454795837402,0.66640704870224,-12.921048164367676
2026-08-04T04:52:16.728000-04:00,13.588857650756836,0.6643025875091553,-12.924554824829102
2026-08-04T04:52:16.732000-04:00,13.512513160705566,0.6443103551864624,-12.868203163146973
2026-08-04T04:52:16.736000-04:00,13.498016357421875,0.6135621070861816,-12.884454727172852
2026-08-04T04:52:16.740000-04:00,13.504212379455566,0.5968434810638428,-12.907368659973145
2026-08-04T04:52:16.744000-04:00,13.505732536315918,0.5793064832687378,-12.92642593383789
2026-08-04T04:52:16.748000-04:00,13.497899055480957,0.5620032548904419,-12.935895919799805
2026-08-04T04:52:16.752000-04:00,13.497899055480957,0.5616525411605835,-12.936246871948242
2026-08-04T04:52:16.756000-04:00,13.499184608459473,0.5554561018943787,-12.94372844696045
2026-08-04T04:52:16.760000-04:00,13.49930191040039,0.555573046207428,-12.94372844696045
2026-08-04T04:52:16.764000-04:00,13.499068260192871,0.5565083026885986,-12.942560195922852
2026-08-04T04:52:16.768000-04:00,13.505030632019043,0.5729931592941284,-12.932037353515625
2026-08-04T04:52:16.772000-04:00,13.504796981811523,0.5738115310668945,-12.930985450744629
2026-08-04T04:52:16.776000-04:00,13.504914283752441,0.5818785429000854,-12.923035621643066
2026-08-04T04:52:16.780000-04:00,13.5014066696167,0.5783711671829224,-12.923035621643066
2026-08-04T04:52:16.784000-04:00,13.507486343383789,0.5846844911575317,-12.922801971435547
2026-08-04T04:52:16.788000-04:00,13.521164894104004,0.5946221351623535,-12.926542282104492
2026-08-04T04:52:16.792000-04:00,13.526893615722656,0.5939206480979919,-12.93297290802002
2026-08-04T04:52:16.796000-04:00,13.523619651794434,0.6005847454071045,-12.92303466796875
2026-08-04T04:52:16.800000-04:00,13.528413772583008,0.6028060913085938,-12.925607681274414
2026-08-04T04:52:16.804000-04:00,13.532973289489746,0.6119253039360046,-12.921048164367676
2026-08-04T04:52:16.808000-04:00,13.535896301269531,0.6286439895629883,-12.907252311706543
2026-08-04T04:52:16.812000-04:00,13.532388687133789,0.6516759395599365,-12.880712509155273
2026-08-04T04:52:16.816000-04:00,13.541507720947266,0.6607951521873474,-12.880712509155273
2026-08-04T04:52:16.820000-04:00,13.529465675354004,0.6704990267753601,-12.858966827392578
2026-08-04T04:52:16.824000-04:00,13.55051040649414,0.6826580166816711,-12.867852210998535
2026-08-04T04:52:16.828000-04:00,13.568047523498535,0.6990259289741516,-12.86902141571045
2026-08-04T04:52:16.832000-04:00,13.56126594543457,0.7157445549964905,-12.845520973205566
2026-08-04T04:52:16.836000-04:00,13.567228317260742,0.7322293519973755,-12.834999084472656
2026-08-04T04:52:16.840000-04:00,13.563721656799316,0.7515200972557068,-12.812201499938965
2026-08-04T04:52:16.844000-04:00,13.58172607421875,0.7723307013511658,-12.809395790100098
2026-08-04T04:52:16.848000-04:00,13.583246231079102,0.7763057351112366,-12.806940078735352
2026-08-04T04:52:16.852000-04:00,13.596222877502441,0.8100937604904175,-12.786128997802734
2026-08-04T04:52:16.856000-04:00,13.60686206817627,0.8264616131782532,-12.780400276184082
2026-08-04T04:52:16.860000-04:00,13.62486743927002,0.8568591475486755,-12.7680082321167
2026-08-04T04:52:16.864000-04:00,13.628374099731445,0.8832815885543823,-12.745092391967773
2026-08-04T04:52:16.868000-04:00,13.63351821899414,0.905612051486969,-12.727906227111816
2026-08-04T04:52:16.872000-04:00,13.659356117248535,0.9459472298622131,-12.713408470153809
2026-08-04T04:52:16.876000-04:00,13.665202140808105,0.9837102890014648,-12.68149185180664
2026-08-04T04:52:16.880000-04:00,13.677712440490723,1.0238116979599,-12.653901100158691
2026-08-04T04:52:16.884000-04:00,13.700159072875977,1.0701093673706055,-12.630049705505371
2026-08-04T04:52:16.888000-04:00,13.706238746643066,1.1112629175186157,-12.594975471496582
2026-08-04T04:52:16.892000-04:00,13.715826034545898,1.1339441537857056,-12.581881523132324
2026-08-04T04:52:16.896000-04:00,13.724945068359375,1.1760330200195312,-12.548912048339844
2026-08-04T04:52:16.900000-04:00,13.72985553741455,1.2004679441452026,-12.529387474060059
2026-08-04T04:52:16.904000-04:00,13.71933364868164,1.2315669059753418,-12.48776626586914
2026-08-04T04:52:16.908000-04:00,13.72763442993164,1.243024468421936,-12.484609603881836
2026-08-04T04:52:16.912000-04:00,13.733596801757812,1.2443104982376099,-12.489286422729492
2026-08-04T04:52:16.916000-04:00,13.71757984161377,1.2374125719070435,-12.480167388916016
2026-08-04T04:52:16.920000-04:00,13.726815223693848,1.257054090499878,-12.46976089477539
2026-08-04T04:52:16.924000-04:00,13.717696189880371,1.2488701343536377,-12.468826293945312
2026-08-04T04:52:16.928000-04:00,13.716410636901855,1.2388155460357666,-12.477595329284668
2026-08-04T04:52:16.932000-04:00,13.698405265808105,1.2042092084884644,-12.494195938110352
2026-08-04T04:52:16.936000-04:00,13.68472671508789,1.1790727376937866,-12.505654335021973
2026-08-04T04:52:16.940000-04:00,13.659473419189453,1.1255264282226562,-12.533946990966797
2026-08-04T04:52:16.944000-04:00,13.647080421447754,1.0877633094787598,-12.559316635131836
2026-08-04T04:52:16.948000-04:00,13.626503944396973,1.0311771631240845,-12.59532642364502
2026-08-04T04:52:16.952000-04:00,13.604874610900879,0.9605614542961121,-12.644312858581543
2026-08-04T04:52:16.956000-04:00,13.587922096252441,0.9174203276634216,-12.670501708984375
2026-08-04T04:52:16.960000-04:00,13.557408332824707,0.8548716306686401,-12.702536582946777
2026-08-04T04:52:16.964000-04:00,13.548171997070312,0.8206159472465515,-12.727556228637695
2026-08-04T04:52:16.968000-04:00,13.534492492675781,0.7643805742263794,-12.770112037658691
2026-08-04T04:52:16.972000-04:00,13.523970603942871,0.7294234037399292,-12.794547080993652
2026-08-04T04:52:16.976000-04:00,13.507135391235352,0.6863992214202881,-12.820735931396484
2026-08-04T04:52:16.980000-04:00,13.49976921081543,0.6632503867149353,-12.836519241333008
2026-08-04T04:52:16.984000-04:00,13.484103202819824,0.6217460632324219,-12.862357139587402
2026-08-04T04:52:16.988000-04:00,13.47077465057373,0.5920500159263611,-12.878725051879883
2026-08-04T04:52:16.992000-04:00,13.469956398010254,0.5863212943077087,-12.883635520935059
2026-08-04T04:52:16.996000-04:00,13.461304664611816,0.5580282211303711,-12.903276443481445
2026-08-04T04:52:17-04:00,13.452770233154297,0.54692143201828,-12.905848503112793
2026-08-04T04:52:17.004000-04:00,13.45241928100586,0.5417772531509399,-12.91064167022705
2026-08-04T04:52:17.008000-04:00,13.450665473937988,0.5397896766662598,-12.91087532043457
2026-08-04T04:52:17.012000-04:00,13.44189739227295,0.5283321738243103,-12.913565635681152
2026-08-04T04:52:17.016000-04:00,13.435233116149902,0.5231879949569702,-12.9120454788208
2026-08-04T04:52:17.020000-04:00,13.43114185333252,0.5209665894508362,-12.910175323486328
2026-08-04T04:52:17.024000-04:00,13.436285972595215,0.5289167165756226,-12.907369613647461
2026-08-04T04:52:17.028000-04:00,13.44166374206543,0.5311381220817566,-12.91052532196045
2026-08-04T04:52:17.032000-04:00,13.43312931060791,0.5265784859657288,-12.906550407409668
2026-08-04T04:52:17.036000-04:00,13.42728328704834,0.5258769989013672,-12.901406288146973
2026-08-04T04:52:17.040000-04:00,13.428803443908691,0.5254093408584595,-12.903393745422363
2026-08-04T04:52:17.044000-04:00,13.43312931060791,0.5223695635795593,-12.910759925842285
2026-08-04T04:52:17.048000-04:00,13.440260887145996,0.5178099274635315,-12.92245101928711
2026-08-04T04:52:17.052000-04:00,13.437688827514648,0.5240063667297363,-12.91368293762207
2026-08-04T04:52:17.056000-04:00,13.431960105895996,0.5285660028457642,-12.903393745422363
2026-08-04T04:52:17.060000-04:00,13.431258201599121,0.5203820466995239,-12.910876274108887
2026-08-04T04:52:17.064000-04:00,13.43757152557373,0.5240063667297363,-12.913564682006836
2026-08-04T04:52:17.068000-04:00,13.445521354675293,0.5326579809188843,-12.912863731384277
2026-08-04T04:52:17.072000-04:00,13.453354835510254,0.5401404500007629,-12.913214683532715
2026-08-04T04:52:17.076000-04:00,13.448912620544434,0.534762442111969,-12.91415023803711
2026-08-04T04:52:17.080000-04:00,13.43757152557373,0.5408419370651245,-12.896729469299316
2026-08-04T04:52:17.084000-04:00,13.453705787658691,0.5559237599372864,-12.897782325744629
2026-08-04T04:52:17.088000-04:00,13.459551811218262,0.565043032169342,-12.894508361816406
2026-08-04T04:52:17.092000-04:00,13.458616256713867,0.5655106902122498,-12.893105506896973
2026-08-04T04:52:17.096000-04:00,13.451250076293945,0.57989102602005,-12.871358871459961
2026-08-04T04:52:17.100000-04:00,13.457914352416992,0.5734607577323914,-12.884453773498535
2026-08-04T04:52:17.104000-04:00,13.462006568908691,0.5659783482551575,-12.896028518676758
2026-08-04T04:52:17.108000-04:00,13.4600191116333,0.567147433757782,-12.892871856689453
2026-08-04T04:52:17.112000-04:00,13.459668159484863,0.5703040957450867,-12.889364242553711
2026-08-04T04:52:17.116000-04:00,13.459083557128906,0.5701872110366821,-12.888895988464355
2026-08-04T04:52:17.120000-04:00,13.459200859069824,0.5774358510971069,-12.881765365600586
2026-08-04T04:52:17.124000-04:00,13.46878719329834,0.5780203938484192,-12.890767097473145
2026-08-04T04:52:17.128000-04:00,13.468437194824219,0.5776696801185608,-12.890767097473145
2026-08-04T04:52:17.132000-04:00,13.477205276489258,0.5742791891098022,-12.902926445007324
2026-08-04T04:52:17.136000-04:00,13.468437194824219,0.5800079703330994,-12.888429641723633
2026-08-04T04:52:17.140000-04:00,13.46878719329834,0.5724085569381714,-12.896378517150879
2026-08-04T04:52:17.144000-04:00,13.469722747802734,0.5694857239723206,-12.900237083435059
2026-08-04T04:52:17.148000-04:00,13.469722747802734,0.5740453600883484,-12.89567756652832
2026-08-04T04:52:17.152000-04:00,13.471593856811523,0.5802417993545532,-12.891351699829102
2026-08-04T04:52:17.156000-04:00,13.465981483459473,0.5786049962043762,-12.88737678527832
2026-08-04T04:52:17.160000-04:00,13.467267990112305,0.5625878572463989,-12.904680252075195
2026-08-04T04:52:17.164000-04:00,13.462708473205566,0.5602495670318604,-12.902459144592285
2026-08-04T04:52:17.168000-04:00,13.465045928955078,0.5565083026885986,-12.908537864685059
2026-08-04T04:52:17.172000-04:00,13.463058471679688,0.5586127638816833,-12.90444564819336
2026-08-04T04:52:17.176000-04:00,13.461421966552734,0.5417772531509399,-12.919644355773926
2026-08-04T04:52:17.180000-04:00,13.460837364196777,0.539322018623352,-12.921515464782715
2026-08-04T04:52:17.184000-04:00,13.454290390014648,0.5362823009490967,-12.918007850646973
2026-08-04T04:52:17.188000-04:00,13.461071014404297,0.5399066209793091,-12.921164512634277
2026-08-04T04:52:17.192000-04:00,13.455342292785645,0.5280983448028564,-12.927244186401367
2026-08-04T04:52:17.196000-04:00,13.449379920959473,0.5235387086868286,-12.925841331481934
2026-08-04T04:52:17.200000-04:00,13.453003883361816,0.5285660028457642,-12.924437522888184
2026-08-04T04:52:17.204000-04:00,13.458616256713867,0.5351131558418274,-12.923502922058105
2026-08-04T04:52:17.208000-04:00,13.462824821472168,0.5381529331207275,-12.92467212677002
2026-08-04T04:52:17.212000-04:00,13.450315475463867,0.535814642906189,-12.914501190185547
2026-08-04T04:52:17.216000-04:00,13.448444366455078,0.5346454977989197,-12.913799285888672
2026-08-04T04:52:17.220000-04:00,13.45019817352295,0.5242401957511902,-12.925957679748535
2026-08-04T04:52:17.224000-04:00,13.4517183303833,0.5118473768234253,-12.939870834350586
2026-08-04T04:52:17.228000-04:00,13.456979751586914,0.5175760984420776,-12.939403533935547
2026-08-04T04:52:17.232000-04:00,13.454524040222168,0.516640841960907,-12.937883377075195
2026-08-04T04:52:17.236000-04:00,13.45218563079834,0.5214342474937439,-12.93075180053711
2026-08-04T04:52:17.240000-04:00,13.460136413574219,0.5410757660865784,-12.919060707092285
2026-08-04T04:52:17.244000-04:00,13.469606399536133,0.5597819089889526,-12.90982437133789
2026-08-04T04:52:17.248000-04:00,13.487961769104004,0.6091194152832031,-12.8788423538208
2026-08-04T04:52:17.252000-04:00,13.468086242675781,0.6091194152832031,-12.858966827392578
2026-08-04T04:52:17.256000-04:00,13.467501640319824,0.6194077730178833,-12.84809398651123
2026-08-04T04:52:17.260000-04:00,13.477789878845215,0.6226813793182373,-12.855108261108398
2026-08-04T04:52:17.264000-04:00,13.486557960510254,0.6216291785240173,-12.86492919921875
2026-08-04T04:52:17.268000-04:00,13.510292053222656,0.6591584086418152,-12.851133346557617
2026-08-04T04:52:17.272000-04:00,13.496963500976562,0.693414032459259,-12.803549766540527
2026-08-04T04:52:17.276000-04:00,13.453705787658691,0.7079113125801086,-12.745794296264648
2026-08-04T04:52:17.280000-04:00,13.445054054260254,0.7094312310218811,-12.73562240600586
2026-08-04T04:52:17.284000-04:00,13.460370063781738,0.7019487619400024,-12.758420944213867
2026-08-04T04:52:17.288000-04:00,13.45440673828125,0.716913640499115,-12.737493515014648
2026-08-04T04:52:17.292000-04:00,13.453121185302734,0.7214732766151428,-12.731647491455078
2026-08-04T04:52:17.296000-04:00,13.473230361938477,0.7300080060958862,-12.7432222366333
2026-08-04T04:52:17.300000-04:00,13.482115745544434,0.7157445549964905,-12.76637077331543
2026-08-04T04:52:17.304000-04:00,13.481180191040039,0.6709666848182678,-12.810213088989258
2026-08-04T04:52:17.308000-04:00,13.46212387084961,0.6340219974517822,-12.828102111816406
2026-08-04T04:52:17.312000-04:00,13.465163230895996,0.599064826965332,-12.866098403930664
2026-08-04T04:52:17.316000-04:00,13.460136413574219,0.5865551233291626,-12.873580932617188
2026-08-04T04:52:17.320000-04:00,13.460370063781738,0.5752145051956177,-12.88515567779541
2026-08-04T04:52:17.324000-04:00,13.44996452331543,0.5479736328125,-12.90199089050293
2026-08-04T04:52:17.328000-04:00,13.44411849975586,0.5104444026947021,-12.933673858642578
2026-08-04T04:52:17.332000-04:00,13.430907249450684,0.4989868700504303,-12.931920051574707
2026-08-04T04:52:17.336000-04:00,13.430206298828125,0.4945441782474518,-12.935662269592285
2026-08-04T04:52:17.340000-04:00,13.418631553649902,0.47864392399787903,-12.939987182617188
2026-08-04T04:52:17.344000-04:00,13.426114082336426,0.4826189875602722,-12.94349479675293
2026-08-04T04:52:17.348000-04:00,13.42950439453125,0.4798130691051483,-12.949691772460938
2026-08-04T04:52:17.352000-04:00,13.423775672912598,0.4730320870876312,-12.950743675231934
2026-08-04T04:52:17.356000-04:00,13.41489028930664,0.46999233961105347,-12.944897651672363
2026-08-04T04:52:17.360000-04:00,13.423308372497559,0.46309444308280945,-12.960213661193848
2026-08-04T04:52:17.364000-04:00,13.423892974853516,0.4600546658039093,-12.963838577270508
2026-08-04T04:52:17.368000-04:00,13.415825843811035,0.4688231945037842,-12.947002410888672
2026-08-04T04:52:17.372000-04:00,13.418164253234863,0.47630566358566284,-12.941858291625977
2026-08-04T04:52:17.376000-04:00,13.412318229675293,0.4668356478214264,-12.94548225402832
2026-08-04T04:52:17.380000-04:00,13.410097122192383,0.471746027469635,-12.938350677490234
2026-08-04T04:52:17.384000-04:00,13.41711139678955,0.47186294198036194,-12.9452486038208
2026-08-04T04:52:17.388000-04:00,13.41290283203125,0.47116145491600037,-12.941740989685059
2026-08-04T04:52:17.392000-04:00,13.394781112670898,0.47759169340133667,-12.917189598083496
2026-08-04T04:52:17.396000-04:00,13.361928939819336,0.5182775855064392,-12.84365177154541
2026-08-04T04:52:17.400000-04:00,13.371281623840332,0.5470383167266846,-12.824243545532227
2026-08-04T04:52:17.404000-04:00,13.418631553649902,0.5379191040992737,-12.880712509155273
2026-08-04T04:52:17.408000-04:00,13.483051300048828,0.5830476880073547,-12.900003433227539
2026-08-04T04:52:17.412000-04:00,13.655264854431152,0.7857757210731506,-12.869488716125488
2026-08-04T04:52:17.416000-04:00,13.844313621520996,1.1588467359542847,-12.685466766357422
2026-08-04T04:52:17.420000-04:00,13.805264472961426,1.588036298751831,-12.217227935791016
2026-08-04T04:52:17.424000-04:00,13.73815631866455,2.4120426177978516,-11.3261137008667
2026-08-04T04:52:17.428000-04:00,13.662630081176758,2.8839056491851807,-10.778724670410156
2026-08-04T04:52:17.432000-04:00,13.610954284667969,2.9905307292938232,-10.620423316955566
2026-08-04T04:52:17.436000-04:00,13.580674171447754,2.8476624488830566,-10.733011245727539
2026-08-04T04:52:17.440000-04:00,13.508420944213867,2.2011306285858154,-11.307290077209473
2026-08-04T04:52:17.444000-04:00,13.485623359680176,1.643336296081543,-11.842287063598633
2026-08-04T04:52:17.448000-04:00,13.41676139831543,1.116173267364502,-12.300588607788086
2026-08-04T04:52:17.452000-04:00,13.498366355895996,0.8044818639755249,-12.69388484954834
2026-08-04T04:52:17.456000-04:00,13.550393104553223,0.7463758587837219,-12.804017066955566
2026-08-04T04:52:17.460000-04:00,13.58780574798584,0.7500001788139343,-12.83780574798584
2026-08-04T04:52:17.464000-04:00,13.544197082519531,0.7344506978988647,-12.809746742248535
2026-08-04T04:52:17.468000-04:00,13.49953556060791,0.6820734143257141,-12.817461967468262
2026-08-04T04:52:17.472000-04:00,13.50362777709961,0.6528450846672058,-12.85078239440918
2026-08-04T04:52:17.476000-04:00,13.499068260192871,0.6355418562889099,-12.863526344299316
2026-08-04T04:52:17.480000-04:00,13.499419212341309,0.6195247173309326,-12.879894256591797
2026-08-04T04:52:17.484000-04:00,13.498132705688477,0.620460033416748,-12.87767219543457
2026-08-04T04:52:17.488000-04:00,13.499886512756348,0.6153157949447632,-12.884571075439453
2026-08-04T04:52:17.492000-04:00,13.494625091552734,0.6157834529876709,-12.878841400146484
2026-08-04T04:52:17.496000-04:00,13.504796981811523,0.6141467094421387,-12.890649795532227
2026-08-04T04:52:17.500000-04:00,13.504212379455566,0.6156665682792664,-12.888545989990234
2026-08-04T04:52:17.504000-04:00,13.503510475158691,0.6236166954040527,-12.879894256591797
2026-08-04T04:52:17.508000-04:00,13.506433486938477,0.6280593872070312,-12.878374099731445
2026-08-04T04:52:17.512000-04:00,13.508304595947266,0.6267733573913574,-12.88153076171875
2026-08-04T04:52:17.516000-04:00,13.512162208557129,0.6458302736282349,-12.866332054138184
2026-08-04T04:52:17.520000-04:00,13.515669822692871,0.6413875222206116,-12.874281883239746
2026-08-04T04:52:17.524000-04:00,13.516721725463867,0.6492207646369934,-12.867501258850098
2026-08-04T04:52:17.528000-04:00,13.523386001586914,0.6603275537490845,-12.863058090209961
2026-08-04T04:52:17.532000-04:00,13.522918701171875,0.6639518737792969,-12.858966827392578
2026-08-04T04:52:17.536000-04:00,13.529932975769043,0.6706159114837646,-12.8593168258667
2026-08-04T04:52:17.540000-04:00,13.52806282043457,0.6837102174758911,-12.844352722167969
2026-08-04T04:52:17.544000-04:00,13.53414249420166,0.7074436545372009,-12.826699256896973
2026-08-04T04:52:17.548000-04:00,13.549457550048828,0.7219409346580505,-12.827516555786133
2026-08-04T04:52:17.552000-04:00,13.55483627319336,0.7429853677749634,-12.811850547790527
2026-08-04T04:52:17.556000-04:00,13.55682373046875,0.7549105882644653,-12.801913261413574
2026-08-04T04:52:17.560000-04:00,13.562786102294922,0.7619253993034363,-12.800860404968262
2026-08-04T04:52:17.564000-04:00,13.566761016845703,0.7850742340087891,-12.781686782836914
2026-08-04T04:52:17.568000-04:00,13.572022438049316,0.8038973212242126,-12.768125534057617
2026-08-04T04:52:17.572000-04:00,13.581258773803711,0.8116136193275452,-12.769644737243652
2026-08-04T04:52:17.576000-04:00,13.585350036621094,0.8255262970924377,-12.7598237991333
2026-08-04T04:52:17.580000-04:00,13.60417366027832,0.8443493843078613,-12.759824752807617
2026-08-04T04:52:17.584000-04:00,13.60464096069336,0.8591974377632141,-12.745443344116211
2026-08-04T04:52:17.588000-04:00,13.619839668273926,0.8843338489532471,-12.735506057739258
2026-08-04T04:52:17.592000-04:00,13.621476173400879,0.8945053219795227,-12.726970672607422
2026-08-04T04:52:17.596000-04:00,13.64392375946045,0.9326190948486328,-12.711304664611816
2026-08-04T04:52:17.600000-04:00,13.654913902282715,0.9584569931030273,-12.696456909179688
2026-08-04T04:52:17.604000-04:00,13.671982765197754,0.9930633902549744,-12.678919792175293
2026-08-04T04:52:17.608000-04:00,13.681336402893066,1.0185505151748657,-12.662785530090332
2026-08-04T04:52:17.612000-04:00,13.695014953613281,1.054326057434082,-12.6406888961792
2026-08-04T04:52:17.616000-04:00,13.708694458007812,1.0946612358093262,-12.614032745361328
2026-08-04T04:52:17.620000-04:00,13.718047142028809,1.1150041818618774,-12.603042602539062
2026-08-04T04:52:17.624000-04:00,13.731375694274902,1.1692520380020142,-12.56212329864502
2026-08-04T04:52:17.628000-04:00,13.741430282592773,1.1873736381530762,-12.554056167602539
2026-08-04T04:52:17.632000-04:00,13.74856185913086,1.2136791944503784,-12.534882545471191
2026-08-04T04:52:17.636000-04:00,13.755927085876465,1.24629807472229,-12.509629249572754
2026-08-04T04:52:17.640000-04:00,13.753355026245117,1.2660564184188843,-12.487298965454102
2026-08-04T04:52:17.644000-04:00,13.760135650634766,1.2869839668273926,-12.473152160644531
2026-08-04T04:52:17.648000-04:00,13.759785652160645,1.2971553802490234,-12.462630271911621
2026-08-04T04:52:17.652000-04:00,13.757447242736816,1.2915436029434204,-12.465903282165527
2026-08-04T04:52:17.656000-04:00,13.751484870910645,1.290608286857605,-12.46087646484375
2026-08-04T04:52:17.660000-04:00,13.736987113952637,1.2814890146255493,-12.455497741699219
2026-08-04T04:52:17.664000-04:00,13.726815223693848,1.2788000106811523,-12.448015213012695
2026-08-04T04:52:17.668000-04:00,13.715826034545898,1.2385817766189575,-12.47724437713623
2026-08-04T04:52:17.672000-04:00,13.700510025024414,1.2095872163772583,-12.490922927856445
2026-08-04T04:52:17.676000-04:00,13.673620223999023,1.1513643264770508,-12.522255897521973
2026-08-04T04:52:17.680000-04:00,13.657485961914062,1.095362663269043,-12.56212329864502
2026-08-04T04:52:17.684000-04:00,13.636441230773926,1.0524554252624512,-12.583986282348633
2026-08-04T04:52:17.688000-04:00,13.614578247070312,1.0093144178390503,-12.605263710021973
2026-08-04T04:52:17.692000-04:00,13.599029541015625,0.9720189571380615,-12.627010345458984
2026-08-04T04:52:17.696000-04:00,13.578569412231445,0.8987141847610474,-12.679855346679688
2026-08-04T04:52:17.700000-04:00,13.56313705444336,0.8552223443984985,-12.707914352416992
2026-08-04T04:52:17.704000-04:00,13.541040420532227,0.7966486811637878,-12.744391441345215
2026-08-04T04:52:17.708000-04:00,13.533440589904785,0.7670695781707764,-12.76637077331543
2026-08-04T04:52:17.712000-04:00,13.516020774841309,0.7262667417526245,-12.789753913879395
2026-08-04T04:52:17.716000-04:00,13.496729850769043,0.675877034664154,-12.820853233337402
2026-08-04T04:52:17.720000-04:00,13.492053031921387,0.6549494862556458,-12.837103843688965
2026-08-04T04:52:17.724000-04:00,13.488195419311523,0.6358926296234131,-12.852302551269531
2026-08-04T04:52:17.728000-04:00,13.481297492980957,0.6195247173309326,-12.861772537231445
2026-08-04T04:52:17.732000-04:00,13.474984169006348,0.5975449681282043,-12.877439498901367
2026-08-04T04:52:17.736000-04:00,13.470541000366211,0.5838660597801208,-12.886674880981445
2026-08-04T04:52:17.740000-04:00,13.467968940734863,0.5666797757148743,-12.901288986206055
2026-08-04T04:52:17.744000-04:00,13.460954666137695,0.5572097897529602,-12.9037446975708
2026-08-04T04:52:17.748000-04:00,13.464812278747559,0.5528839826583862,-12.911928176879883
2026-08-04T04:52:17.752000-04:00,13.44996452331543,0.5423617959022522,-12.907602310180664
2026-08-04T04:52:17.756000-04:00,13.44973087310791,0.5414264798164368,-12.908304214477539
2026-08-04T04:52:17.760000-04:00,13.450549125671387,0.5448169708251953,-12.905732154846191
2026-08-04T04:52:17.764000-04:00,13.45019817352295,0.5387374758720398,-12.911460876464844
2026-08-04T04:52:17.768000-04:00,13.451016426086426,0.5311381220817566,-12.919878005981445
2026-08-04T04:52:17.772000-04:00,13.448678016662598,0.527163028717041,-12.921514511108398
2026-08-04T04:52:17.776000-04:00,13.442014694213867,0.5222526788711548,-12.919761657714844
2026-08-04T04:52:17.780000-04:00,13.446223258972168,0.5196805596351624,-12.926542282104492
2026-08-04T04:52:17.784000-04:00,13.45826530456543,0.533125638961792,-12.925139427185059
2026-08-04T04:52:17.788000-04:00,13.44809341430664,0.5445831418037415,-12.903510093688965
2026-08-04T04:52:17.792000-04:00,13.458382606506348,0.5328918099403381,-12.925490379333496
2026-08-04T04:52:17.796000-04:00,13.456862449645996,0.5369837880134583,-12.919878959655762
2026-08-04T04:52:17.800000-04:00,13.453472137451172,0.535814642906189,-12.917657852172852
2026-08-04T04:52:17.804000-04:00,13.464461326599121,0.537451446056366,-12.927009582519531
2026-08-04T04:52:17.808000-04:00,13.465280532836914,0.551247239112854,-12.914032936096191
2026-08-04T04:52:17.812000-04:00,13.464227676391602,0.5527670979499817,-12.911460876464844
2026-08-04T04:52:17.816000-04:00,13.468086242675781,0.54692143201828,-12.921164512634277
2026-08-04T04:52:17.820000-04:00,13.46679973602295,0.5568590760231018,-12.909940719604492
2026-08-04T04:52:17.824000-04:00,13.464929580688477,0.5455184578895569,-12.919410705566406
2026-08-04T04:52:17.828000-04:00,13.474984169006348,0.5479736328125,-12.927010536193848
2026-08-04T04:52:17.832000-04:00,13.469840049743652,0.5307873487472534,-12.93905258178711
2026-08-04T04:52:17.836000-04:00,13.47217845916748,0.5445831418037415,-12.927595138549805
2026-08-04T04:52:17.840000-04:00,13.467501640319824,0.560132622718811,-12.907368659973145
2026-08-04T04:52:17.844000-04:00,13.474048614501953,0.565043032169342,-12.909005165100098
2026-08-04T04:52:17.848000-04:00,13.481531143188477,0.5572097897529602,-12.924321174621582
2026-08-04T04:52:17.852000-04:00,13.482466697692871,0.546336829662323,-12.936129570007324
2026-08-04T04:52:17.856000-04:00,13.478374481201172,0.5471552610397339,-12.931219100952148
2026-08-04T04:52:17.860000-04:00,13.478608131408691,0.5480905771255493,-12.930517196655273
2026-08-04T04:52:17.864000-04:00,13.484570503234863,0.5609510540962219,-12.923619270324707
2026-08-04T04:52:17.868000-04:00,13.481063842773438,0.5531178116798401,-12.927946090698242
2026-08-04T04:52:17.872000-04:00,13.48316764831543,0.5540531277656555,-12.92911434173584
2026-08-04T04:52:17.876000-04:00,13.480712890625,0.554988443851471,-12.925724029541016
2026-08-04T04:52:17.880000-04:00,13.480244636535645,0.5584958791732788,-12.921749114990234
2026-08-04T04:52:17.884000-04:00,13.480829238891602,0.5552222728729248,-12.925606727600098
2026-08-04T04:52:17.888000-04:00,13.486324310302734,0.5431801676750183,-12.943143844604492
2026-08-04T04:52:17.892000-04:00,13.479777336120605,0.5411926507949829,-12.938584327697754
2026-08-04T04:52:17.896000-04:00,13.478023529052734,0.528215229511261,-12.949808120727539
2026-08-04T04:52:17.900000-04:00,13.480829238891602,0.532541036605835,-12.948287963867188
2026-08-04T04:52:17.904000-04:00,13.476153373718262,0.5204989910125732,-12.95565414428711
2026-08-04T04:52:17.908000-04:00,13.473581314086914,0.526110827922821,-12.947470664978027
2026-08-04T04:52:17.912000-04:00,13.485389709472656,0.5236556529998779,-12.9617338180542
2026-08-04T04:52:17.916000-04:00,13.47217845916748,0.5201482176780701,-12.952030181884766
2026-08-04T04:52:17.920000-04:00,13.473113059997559,0.5092752575874329,-12.963837623596191
2026-08-04T04:52:17.924000-04:00,13.475568771362305,0.5014420747756958,-12.974126815795898
2026-08-04T04:52:17.928000-04:00,13.481531143188477,0.5181607007980347,-12.963370323181152
2026-08-04T04:52:17.932000-04:00,13.474515914916992,0.5069369673728943,-12.967578887939453
2026-08-04T04:52:17.936000-04:00,13.473230361938477,0.5119642615318298,-12.96126651763916
2026-08-04T04:52:17.940000-04:00,13.466449737548828,0.5064693689346313,-12.959980010986328
2026-08-04T04:52:17.944000-04:00,13.471827507019043,0.5091583728790283,-12.962669372558594
2026-08-04T04:52:17.948000-04:00,13.482115745544434,0.5049494504928589,-12.977166175842285
2026-08-04T04:52:17.952000-04:00,13.498950958251953,0.5201482176780701,-12.978802680969238
2026-08-04T04:52:17.956000-04:00,13.503510475158691,0.5606002807617188,-12.942910194396973
2026-08-04T04:52:17.960000-04:00,13.482466697692871,0.5588465929031372,-12.923620223999023
2026-08-04T04:52:17.964000-04:00,13.48270034790039,0.5614187121391296,-12.921281814575195
2026-08-04T04:52:17.968000-04:00,13.491118431091309,0.5967265963554382,-12.894392013549805
2026-08-04T04:52:17.972000-04:00,13.5097074508667,0.597194254398346,-12.91251277923584
2026-08-04T04:52:17.976000-04:00,13.520931243896484,0.6073657274246216,-12.913565635681152
2026-08-04T04:52:17.980000-04:00,13.514617919921875,0.6472331881523132,-12.867384910583496
2026-08-04T04:52:17.984000-04:00,13.47872543334961,0.6558848023414612,-12.822840690612793
2026-08-04T04:52:17.988000-04:00,13.466449737548828,0.6741233468055725,-12.792325973510742
2026-08-04T04:52:17.992000-04:00,13.475919723510742,0.6545987725257874,-12.821320533752441
2026-08-04T04:52:17.996000-04:00,13.477789878845215,0.660444438457489,-12.81734561920166
